trimestre;inflacion_mensual
feb-89;9.591537177
mar-89;17.00535747
abr-89;33.37017447
may-89;78.46868711
jun-89;114.4723549
jul-89;196.6342407
ago-89;37.86133797
sep-89;9.355382259
oct-89;5.59527828
nov-89;6.519001666
dic-89;40.07294864
ene-90;79.20492034
feb-90;61.57039697
mar-90;95.52566377
abr-90;11.37261027
may-90;13.60743108
jun-90;13.89788715
