"anio","ipc","ipi"
"2018","34.27722371","42.58019361"
"2019","53.54830435","47.35617454"
"2020","42.01509474","39.6027406"
"2021","48.40937863","54.37301569"
"2022","72.43075753","69.89728899"
