anio,uci
2016,64.45833333
2017,65.325
2018,63.01666667
2019,59.4
2020,55.69166667
2021,63.2
2022,66.525
