"rama_etq","emp","prop"
"Gastronomía","871409","44.5475105488683"
"Transporte de pasajeros","505671","25.8505296671905"
"Arte, recreación y cultura","332083","16.9764954752589"
"Alojamiento","97524","4.98554802482856"
"Resto de actividades","89489","4.57478884370907"
"Agencias de viaje","59958","3.06512744014469"
