"iso3c","pais","anio","va_agro_sobre_pbi"
"MIC","Ingreso mediano",2021,8.8909542903063
"WLD","Media mundial",2021,4.30409342076629
"ARG","Argentina",2021,7.13154104672929
"BOL","Bolivia",2021,12.922252719533
"BRA","Brasil",2021,7.48692132808022
"CHL","Chile",2021,3.64534920125264
"COL","Colombia",2021,7.63534034442799
"ECU","Ecuador",2021,9.41428763930584
"PRY","Paraguay",2021,11.6183103301846
"URY","Uruguay",2021,8.12892994528831
