"geocodigoFundar","geonombreFundar","anio","rindes","rindes_maiz_ma5"
"AFG","Afganistán","1961","1.40000",""
"AFG","Afganistán","1962","1.40000",""
"AFG","Afganistán","1963","1.42600",""
"AFG","Afganistán","1964","1.42570",""
"AFG","Afganistán","1965","1.44000","1.41834"
"AFG","Afganistán","1966","1.44000","1.42634"
"AFG","Afganistán","1967","1.41440","1.42922"
"AFG","Afganistán","1968","1.70640","1.48530"
"AFG","Afganistán","1969","1.71770","1.54370"
"AFG","Afganistán","1970","1.47570","1.55084"
"AFG","Afganistán","1971","1.34000","1.53084"
"AFG","Afganistán","1972","1.56520","1.56100"
"AFG","Afganistán","1973","1.61700","1.54312"
"AFG","Afganistán","1974","1.61700","1.52298"
"AFG","Afganistán","1975","1.61160","1.55016"
"AFG","Afganistán","1976","1.65980","1.61412"
"AFG","Afganistán","1977","1.58330","1.61774"
"AFG","Afganistán","1978","1.61830","1.61800"
"AFG","Afganistán","1979","1.61020","1.61664"
"AFG","Afganistán","1980","1.67110","1.62854"
"AFG","Afganistán","1981","1.66900","1.63038"
"AFG","Afganistán","1982","1.66580","1.64688"
"AFG","Afganistán","1983","1.66410","1.65604"
"AFG","Afganistán","1984","1.66120","1.66624"
"AFG","Afganistán","1985","1.66520","1.66506"
"AFG","Afganistán","1986","1.68750","1.66876"
"AFG","Afganistán","1987","1.70200","1.67600"
"AFG","Afganistán","1988","1.70340","1.68386"
"AFG","Afganistán","1989","1.69630","1.69088"
"AFG","Afganistán","1990","1.75820","1.70948"
"AFG","Afganistán","1991","1.68000","1.70798"
"AFG","Afganistán","1992","1.50000","1.66758"
"AFG","Afganistán","1993","1.67860","1.66262"
"AFG","Afganistán","1994","1.66670","1.65670"
"AFG","Afganistán","1995","1.65630","1.63632"
"AFG","Afganistán","1996","1.63640","1.62760"
"AFG","Afganistán","1997","1.50000","1.62760"
"AFG","Afganistán","1998","1.65000","1.62188"
"AFG","Afganistán","1999","1.50000","1.58854"
"AFG","Afganistán","2000","1.19790","1.49686"
"AFG","Afganistán","2001","2.00000","1.56958"
"AFG","Afganistán","2002","2.98000","1.86558"
"AFG","Afganistán","2003","0.84000","1.70358"
"AFG","Afganistán","2004","1.60000","1.72358"
"AFG","Afganistán","2005","1.20690","1.72538"
"AFG","Afganistán","2006","2.62040","1.84946"
"AFG","Afganistán","2007","2.62770","1.77900"
"AFG","Afganistán","2008","2.62770","2.13654"
"AFG","Afganistán","2009","2.14290","2.24512"
"AFG","Afganistán","2010","1.64480","2.33270"
"AFG","Afganistán","2011","1.64000","2.13662"
"AFG","Afganistán","2012","2.19860","2.05080"
"AFG","Afganistán","2013","2.19720","1.96470"
"AFG","Afganistán","2014","2.48820","2.03376"
"AFG","Afganistán","2015","2.14570","2.13394"
"AFG","Afganistán","2016","2.05170","2.21628"
"AFG","Afganistán","2017","1.29570","2.03570"
"AFG","Afganistán","2018","1.47270","1.89080"
"AFG","Afganistán","2019","1.94570","1.78230"
"AFG","Afganistán","2020","1.93440","1.74004"
"AFG","Afganistán","2021","1.90040","1.70978"
"AFG","Afganistán","2022","2.23740","1.89812"
"AFG","Afganistán","2023","2.85830","2.17524"
"AFG","Afganistán","2024","1.92590","2.17128"
"AGO","Angola","1961","0.81130",""
"AGO","Angola","1962","0.81130",""
"AGO","Angola","1963","0.76920",""
"AGO","Angola","1964","0.86540",""
"AGO","Angola","1965","0.93750","0.83894"
"AGO","Angola","1966","0.79170","0.83502"
"AGO","Angola","1967","0.76000","0.82476"
"AGO","Angola","1968","0.78270","0.82746"
"AGO","Angola","1969","0.90000","0.83438"
"AGO","Angola","1970","0.91200","0.82928"
"AGO","Angola","1971","0.77760","0.82646"
"AGO","Angola","1972","0.75470","0.82540"
"AGO","Angola","1973","0.72880","0.81462"
"AGO","Angola","1974","0.66670","0.76796"
"AGO","Angola","1975","0.75000","0.73556"
"AGO","Angola","1976","0.75000","0.73004"
"AGO","Angola","1977","0.58330","0.69576"
"AGO","Angola","1978","0.66670","0.68334"
"AGO","Angola","1979","0.50000","0.65000"
"AGO","Angola","1980","0.60000","0.62000"
"AGO","Angola","1981","0.41670","0.55334"
"AGO","Angola","1982","0.41670","0.52002"
"AGO","Angola","1983","0.45830","0.47834"
"AGO","Angola","1984","0.43330","0.46500"
"AGO","Angola","1985","0.41670","0.42834"
"AGO","Angola","1986","0.35000","0.41500"
"AGO","Angola","1987","0.35290","0.40224"
"AGO","Angola","1988","0.30000","0.37058"
"AGO","Angola","1989","0.23580","0.33108"
"AGO","Angola","1990","0.27360","0.30246"
"AGO","Angola","1991","0.40130","0.31272"
"AGO","Angola","1992","0.37780","0.31770"
"AGO","Angola","1993","0.26270","0.31024"
"AGO","Angola","1994","0.24630","0.31234"
"AGO","Angola","1995","0.35170","0.32796"
"AGO","Angola","1996","0.69930","0.38756"
"AGO","Angola","1997","0.59590","0.43118"
"AGO","Angola","1998","0.73960","0.52656"
"AGO","Angola","1999","0.63610","0.60452"
"AGO","Angola","2000","0.57450","0.64908"
"AGO","Angola","2001","0.57540","0.62430"
"AGO","Angola","2002","0.67060","0.63924"
"AGO","Angola","2003","0.75590","0.64250"
"AGO","Angola","2004","0.54040","0.62336"
"AGO","Angola","2005","0.67360","0.64318"
"AGO","Angola","2006","0.46870","0.62184"
"AGO","Angola","2007","0.50910","0.58954"
"AGO","Angola","2008","0.79460","0.59728"
"AGO","Angola","2009","0.66140","0.62148"
"AGO","Angola","2010","0.72000","0.63076"
"AGO","Angola","2011","0.73760","0.68454"
"AGO","Angola","2012","0.77700","0.73812"
"AGO","Angola","2013","0.94670","0.76854"
"AGO","Angola","2014","1.03860","0.84398"
"AGO","Angola","2015","1.12340","0.92466"
"AGO","Angola","2016","0.97850","0.97284"
"AGO","Angola","2017","0.89350","0.99614"
"AGO","Angola","2018","1.04770","1.01634"
"AGO","Angola","2019","1.06660","1.02194"
"AGO","Angola","2020","1.09930","1.01712"
"AGO","Angola","2021","1.08360","1.03814"
"AGO","Angola","2022","1.12030","1.08350"
"AGO","Angola","2023","1.15510","1.10498"
"AGO","Angola","2024","1.18900","1.12946"
"ALB","Albania","1961","0.95410",""
"ALB","Albania","1962","0.90790",""
"ALB","Albania","1963","1.19240",""
"ALB","Albania","1964","1.16340",""
"ALB","Albania","1965","1.05090","1.05374"
"ALB","Albania","1966","1.50510","1.16394"
"ALB","Albania","1967","1.72410","1.32718"
"ALB","Albania","1968","1.87820","1.46434"
"ALB","Albania","1969","1.94850","1.62136"
"ALB","Albania","1970","2.07180","1.82554"
"ALB","Albania","1971","1.94430","1.91338"
"ALB","Albania","1972","1.96670","1.96190"
"ALB","Albania","1973","2.00000","1.98626"
"ALB","Albania","1974","2.19810","2.03618"
"ALB","Albania","1975","2.70000","2.16182"
"ALB","Albania","1976","3.11110","2.39518"
"ALB","Albania","1977","3.76470","2.75478"
"ALB","Albania","1978","3.95350","3.14548"
"ALB","Albania","1979","3.75000","3.45586"
"ALB","Albania","1980","2.65040","3.44594"
"ALB","Albania","1981","3.15850","3.45542"
"ALB","Albania","1982","3.72520","3.44752"
"ALB","Albania","1983","4.22630","3.50208"
"ALB","Albania","1984","3.72090","3.49626"
"ALB","Albania","1985","3.51280","3.66874"
"ALB","Albania","1986","4.50650","3.93834"
"ALB","Albania","1987","3.81480","3.95626"
"ALB","Albania","1988","3.28710","3.76842"
"ALB","Albania","1989","4.79690","3.98362"
"ALB","Albania","1990","3.66130","4.01332"
"ALB","Albania","1991","2.90680","3.69338"
"ALB","Albania","1992","2.48760","3.42794"
"ALB","Albania","1993","2.41850","3.25422"
"ALB","Albania","1994","2.58480","2.81180"
"ALB","Albania","1995","3.13000","2.70554"
"ALB","Albania","1996","3.26040","2.77626"
"ALB","Albania","1997","3.18620","2.91598"
"ALB","Albania","1998","3.34160","3.10060"
"ALB","Albania","1999","3.74550","3.33274"
"ALB","Albania","2000","3.88110","3.48296"
"ALB","Albania","2001","3.81350","3.59358"
"ALB","Albania","2002","3.94600","3.74554"
"ALB","Albania","2003","4.28050","3.93332"
"ALB","Albania","2004","4.61970","4.10816"
"ALB","Albania","2005","4.54420","4.24078"
"ALB","Albania","2006","5.01110","4.48030"
"ALB","Albania","2007","4.67320","4.62574"
"ALB","Albania","2008","5.00000","4.76964"
"ALB","Albania","2009","5.56930","4.95956"
"ALB","Albania","2010","6.67900","5.38652"
"ALB","Albania","2011","5.98690","5.58168"
"ALB","Albania","2012","6.72900","5.99284"
"ALB","Albania","2013","6.95330","6.38350"
"ALB","Albania","2014","6.90910","6.65146"
"ALB","Albania","2015","6.95970","6.70760"
"ALB","Albania","2016","6.48770","6.80776"
"ALB","Albania","2017","6.56320","6.77460"
"ALB","Albania","2018","7.22730","6.82940"
"ALB","Albania","2019","7.05290","6.85816"
"ALB","Albania","2020","7.03590","6.87340"
"ALB","Albania","2021","7.10730","6.99732"
"ALB","Albania","2022","7.09010","7.10270"
"ALB","Albania","2023","7.36220","7.12968"
"ALB","Albania","2024","7.12420","7.14394"
"ARE","Emiratos Árabes Unidos","1990","20.18150",""
"ARE","Emiratos Árabes Unidos","1991","20.37920",""
"ARE","Emiratos Árabes Unidos","1992","20.11570",""
"ARE","Emiratos Árabes Unidos","1993","19.85770",""
"ARE","Emiratos Árabes Unidos","1994","19.02440","19.91170"
"ARE","Emiratos Árabes Unidos","1995","19.04760","19.68492"
"ARE","Emiratos Árabes Unidos","1996","18.63640","19.33636"
"ARE","Emiratos Árabes Unidos","1997","18.66670","19.04656"
"ARE","Emiratos Árabes Unidos","1998","20.48150","19.17132"
"ARE","Emiratos Árabes Unidos","1999","20.75690","19.51782"
"ARE","Emiratos Árabes Unidos","2000","21.03350","19.91500"
"ARE","Emiratos Árabes Unidos","2001","21.31600","20.45092"
"ARE","Emiratos Árabes Unidos","2002","21.63630","21.04484"
"ARE","Emiratos Árabes Unidos","2003","21.95760","21.34006"
"ARE","Emiratos Árabes Unidos","2004","22.23910","21.63650"
"ARE","Emiratos Árabes Unidos","2005","22.52340","21.93448"
"ARE","Emiratos Árabes Unidos","2006","22.80610","22.23250"
"ARE","Emiratos Árabes Unidos","2007","26.82660","23.27056"
"ARE","Emiratos Árabes Unidos","2008","26.83010","24.24506"
"ARE","Emiratos Árabes Unidos","2009","26.82490","25.16222"
"ARE","Emiratos Árabes Unidos","2010","18.55820","24.36918"
"ARE","Emiratos Árabes Unidos","2011","24.06430","24.62082"
"ARE","Emiratos Árabes Unidos","2012","12.11220","21.67794"
"ARE","Emiratos Árabes Unidos","2013","36.76190","23.66430"
"ARE","Emiratos Árabes Unidos","2014","14.23840","21.14700"
"ARE","Emiratos Árabes Unidos","2015","35.29130","24.49362"
"ARE","Emiratos Árabes Unidos","2016","33.39650","26.36006"
"ARE","Emiratos Árabes Unidos","2017","30.80180","30.09798"
"ARE","Emiratos Árabes Unidos","2018","20.85330","26.91626"
"ARE","Emiratos Árabes Unidos","2019","23.84230","28.83704"
"ARE","Emiratos Árabes Unidos","2020","18.98270","25.57532"
"ARE","Emiratos Árabes Unidos","2021","19.80920","22.85786"
"ARE","Emiratos Árabes Unidos","2022","20.36980","20.77146"
"ARE","Emiratos Árabes Unidos","2023","20.37590","20.67598"
"ARE","Emiratos Árabes Unidos","2024","22.47430","20.40238"
"ARG","Argentina","1961","1.76720",""
"ARG","Argentina","1962","1.89360",""
"ARG","Argentina","1963","1.64810",""
"ARG","Argentina","1964","1.80100",""
"ARG","Argentina","1965","1.67850","1.75768"
"ARG","Argentina","1966","2.14990","1.83422"
"ARG","Argentina","1967","2.46630","1.94876"
"ARG","Argentina","1968","1.94210","2.00756"
"ARG","Argentina","1969","1.92910","2.03318"
"ARG","Argentina","1970","2.32990","2.16346"
"ARG","Argentina","1971","2.44220","2.22192"
"ARG","Argentina","1972","1.86200","2.10106"
"ARG","Argentina","1973","2.72060","2.25676"
"ARG","Argentina","1974","2.83990","2.43892"
"ARG","Argentina","1975","2.50810","2.47456"
"ARG","Argentina","1976","2.11690","2.40950"
"ARG","Argentina","1977","3.27800","2.69270"
"ARG","Argentina","1978","3.64660","2.87790"
"ARG","Argentina","1979","3.10710","2.93134"
"ARG","Argentina","1980","2.57030","2.94378"
"ARG","Argentina","1981","3.80080","3.28056"
"ARG","Argentina","1982","3.02840","3.23064"
"ARG","Argentina","1983","3.03030","3.10738"
"ARG","Argentina","1984","3.14070","3.11410"
"ARG","Argentina","1985","3.56290","3.31262"
"ARG","Argentina","1986","3.74500","3.30146"
"ARG","Argentina","1987","3.18970","3.33372"
"ARG","Argentina","1988","3.77440","3.48254"
"ARG","Argentina","1989","2.91030","3.43646"
"ARG","Argentina","1990","3.46080","3.41604"
"ARG","Argentina","1991","4.04440","3.47592"
"ARG","Argentina","1992","4.52370","3.74272"
"ARG","Argentina","1993","4.35520","3.85888"
"ARG","Argentina","1994","4.23710","4.12424"
"ARG","Argentina","1995","4.52230","4.33654"
"ARG","Argentina","1996","4.03970","4.33560"
"ARG","Argentina","1997","4.55570","4.34200"
"ARG","Argentina","1998","6.07800","4.68656"
"ARG","Argentina","1999","5.37020","4.91318"
"ARG","Argentina","2000","5.43290","5.09530"
"ARG","Argentina","2001","5.45530","5.37842"
"ARG","Argentina","2002","6.07910","5.68310"
"ARG","Argentina","2003","6.47670","5.76284"
"ARG","Argentina","2004","6.39310","5.96742"
"ARG","Argentina","2005","7.35870","6.35258"
"ARG","Argentina","2006","5.90300","6.44212"
"ARG","Argentina","2007","7.66550","6.75940"
"ARG","Argentina","2008","6.45250","6.75456"
"ARG","Argentina","2009","5.57600","6.59114"
"ARG","Argentina","2010","7.80400","6.68020"
"ARG","Argentina","2011","6.35030","6.76966"
"ARG","Argentina","2012","5.73460","6.38348"
"ARG","Argentina","2013","6.60370","6.41372"
"ARG","Argentina","2014","6.84090","6.66670"
"ARG","Argentina","2015","7.30900","6.56770"
"ARG","Argentina","2016","7.44270","6.78618"
"ARG","Argentina","2017","7.57590","7.15444"
"ARG","Argentina","2018","6.08830","7.05136"
"ARG","Argentina","2019","7.86150","7.25548"
"ARG","Argentina","2020","7.55390","7.30446"
"ARG","Argentina","2021","7.42960","7.30184"
"ARG","Argentina","2022","6.73290","7.13324"
"ARG","Argentina","2023","5.10940","6.93746"
"ARG","Argentina","2024","6.58080","6.68132"
"ARM","Armenia","1992","3.23440",""
"ARM","Armenia","1993","3.22610",""
"ARM","Armenia","1994","3.26670",""
"ARM","Armenia","1995","1.82610",""
"ARM","Armenia","1996","2.22390","2.75544"
"ARM","Armenia","1997","4.55480","3.01952"
"ARM","Armenia","1998","2.60820","2.89594"
"ARM","Armenia","1999","4.03030","3.04866"
"ARM","Armenia","2000","2.31780","3.14700"
"ARM","Armenia","2001","3.79130","3.46048"
"ARM","Armenia","2002","3.73800","3.29712"
"ARM","Armenia","2003","4.60590","3.69666"
"ARM","Armenia","2004","6.17910","4.12642"
"ARM","Armenia","2005","4.46920","4.55670"
"ARM","Armenia","2006","3.32710","4.46386"
"ARM","Armenia","2007","5.32620","4.78150"
"ARM","Armenia","2008","5.34240","4.92880"
"ARM","Armenia","2009","5.77630","4.84824"
"ARM","Armenia","2010","4.67240","4.88888"
"ARM","Armenia","2011","5.42570","5.30860"
"ARM","Armenia","2012","6.22150","5.48766"
"ARM","Armenia","2013","6.71140","5.76146"
"ARM","Armenia","2014","7.08290","6.02278"
"ARM","Armenia","2015","6.88210","6.46472"
"ARM","Armenia","2016","6.39090","6.65776"
"ARM","Armenia","2017","4.90020","6.39350"
"ARM","Armenia","2018","5.50610","6.15244"
"ARM","Armenia","2019","4.18470","5.57280"
"ARM","Armenia","2020","5.20680","5.23774"
"ARM","Armenia","2021","5.37770","5.03510"
"ARM","Armenia","2022","5.16440","5.08794"
"ARM","Armenia","2023","7.74890","5.53650"
"ARM","Armenia","2024","5.18810","5.73718"
"ATG","Antigua y Barbuda","1966","2.50000",""
"ATG","Antigua y Barbuda","1967","2.25000",""
"ATG","Antigua y Barbuda","1968","2.50000",""
"ATG","Antigua y Barbuda","1969","2.25000",""
"ATG","Antigua y Barbuda","1970","2.40000","2.38000"
"ATG","Antigua y Barbuda","1971","2.28570","2.33714"
"ATG","Antigua y Barbuda","1972","2.30000","2.34714"
"ATG","Antigua y Barbuda","1973","2.00000","2.24714"
"ATG","Antigua y Barbuda","1974","2.05560","2.20826"
"ATG","Antigua y Barbuda","1975","1.87500","2.10326"
"ATG","Antigua y Barbuda","1976","1.82140","2.01040"
"ATG","Antigua y Barbuda","1977","1.66670","1.88374"
"ATG","Antigua y Barbuda","1978","1.75000","1.83374"
"ATG","Antigua y Barbuda","1979","1.92000","1.80662"
"ATG","Antigua y Barbuda","1980","1.70590","1.77280"
"ATG","Antigua y Barbuda","1981","1.80000","1.76852"
"ATG","Antigua y Barbuda","1982","1.78790","1.79276"
"ATG","Antigua y Barbuda","1983","1.78950","1.80066"
"ATG","Antigua y Barbuda","1984","1.70590","1.75784"
"ATG","Antigua y Barbuda","1985","1.90000","1.79666"
"ATG","Antigua y Barbuda","1986","1.90480","1.81762"
"ATG","Antigua y Barbuda","1987","1.92000","1.84404"
"ATG","Antigua y Barbuda","1988","2.03570","1.89328"
"ATG","Antigua y Barbuda","1989","2.14290","1.98068"
"ATG","Antigua y Barbuda","1990","2.38100","2.07688"
"ATG","Antigua y Barbuda","1991","1.83330","2.06258"
"ATG","Antigua y Barbuda","1992","1.71360","2.02130"
"ATG","Antigua y Barbuda","1993","1.69010","1.95218"
"ATG","Antigua y Barbuda","1994","1.66840","1.85728"
"ATG","Antigua y Barbuda","1995","1.60710","1.70250"
"ATG","Antigua y Barbuda","1996","1.63900","1.66364"
"ATG","Antigua y Barbuda","1997","1.63420","1.64776"
"ATG","Antigua y Barbuda","1998","1.63180","1.63610"
"ATG","Antigua y Barbuda","1999","1.63170","1.62876"
"ATG","Antigua y Barbuda","2000","1.60000","1.62734"
"ATG","Antigua y Barbuda","2001","1.61490","1.62252"
"ATG","Antigua y Barbuda","2002","1.56250","1.60818"
"ATG","Antigua y Barbuda","2003","1.57140","1.59610"
"ATG","Antigua y Barbuda","2004","1.57890","1.58554"
"ATG","Antigua y Barbuda","2005","1.59740","1.58502"
"ATG","Antigua y Barbuda","2006","1.62500","1.58704"
"ATG","Antigua y Barbuda","2007","1.60140","1.59482"
"ATG","Antigua y Barbuda","2008","1.61900","1.60434"
"ATG","Antigua y Barbuda","2009","1.59020","1.60660"
"ATG","Antigua y Barbuda","2010","1.58590","1.60430"
"ATG","Antigua y Barbuda","2011","1.59740","1.59878"
"ATG","Antigua y Barbuda","2012","1.59530","1.59756"
"ATG","Antigua y Barbuda","2013","1.59310","1.59238"
"ATG","Antigua y Barbuda","2014","1.58300","1.59094"
"ATG","Antigua y Barbuda","2015","1.57960","1.58968"
"ATG","Antigua y Barbuda","2016","1.84320","1.63884"
"ATG","Antigua y Barbuda","2017","2.03070","1.72592"
"ATG","Antigua y Barbuda","2018","2.23390","1.85408"
"ATG","Antigua y Barbuda","2019","1.98880","1.93524"
"ATG","Antigua y Barbuda","2020","1.88110","1.99554"
"ATG","Antigua y Barbuda","2021","2.00090","2.02708"
"ATG","Antigua y Barbuda","2022","1.95220","2.01138"
"ATG","Antigua y Barbuda","2023","1.94050","1.95270"
"ATG","Antigua y Barbuda","2024","1.96330","1.94760"
"AUS","Australia","1961","2.12130",""
"AUS","Australia","1962","2.17850",""
"AUS","Australia","1963","2.23430",""
"AUS","Australia","1964","1.96460",""
"AUS","Australia","1965","2.03360","2.10646"
"AUS","Australia","1966","1.56940","1.99608"
"AUS","Australia","1967","2.33470","2.02732"
"AUS","Australia","1968","2.23380","2.02722"
"AUS","Australia","1969","2.24010","2.08232"
"AUS","Australia","1970","2.40690","2.15698"
"AUS","Australia","1971","2.47560","2.33822"
"AUS","Australia","1972","2.73590","2.41846"
"AUS","Australia","1973","2.34230","2.44016"
"AUS","Australia","1974","2.31990","2.45612"
"AUS","Australia","1975","2.59360","2.49346"
"AUS","Australia","1976","2.81130","2.56060"
"AUS","Australia","1977","2.71920","2.55726"
"AUS","Australia","1978","2.86830","2.66246"
"AUS","Australia","1979","3.37600","2.87368"
"AUS","Australia","1980","2.79120","2.91320"
"AUS","Australia","1981","3.05840","2.96262"
"AUS","Australia","1982","3.48190","3.11516"
"AUS","Australia","1983","2.16530","2.97456"
"AUS","Australia","1984","3.48060","2.99548"
"AUS","Australia","1985","2.83290","3.00382"
"AUS","Australia","1986","3.29760","3.05166"
"AUS","Australia","1987","3.57980","3.07124"
"AUS","Australia","1988","3.74820","3.38782"
"AUS","Australia","1989","4.19090","3.52988"
"AUS","Australia","1990","4.18210","3.79972"
"AUS","Australia","1991","3.99380","3.93896"
"AUS","Australia","1992","5.17210","4.25742"
"AUS","Australia","1993","4.42610","4.39300"
"AUS","Australia","1994","4.66200","4.48722"
"AUS","Australia","1995","4.82630","4.61606"
"AUS","Australia","1996","5.76890","4.97108"
"AUS","Australia","1997","5.94030","5.12472"
"AUS","Australia","1998","4.75440","5.19038"
"AUS","Australia","1999","5.12120","5.28222"
"AUS","Australia","2000","4.93600","5.30416"
"AUS","Australia","2001","4.64710","5.07980"
"AUS","Australia","2002","5.49290","4.99032"
"AUS","Australia","2003","6.25700","5.29084"
"AUS","Australia","2004","5.63260","5.39312"
"AUS","Australia","2005","5.79830","5.56558"
"AUS","Australia","2006","5.38560","5.71328"
"AUS","Australia","2007","4.91030","5.59676"
"AUS","Australia","2008","5.69120","5.48360"
"AUS","Australia","2009","5.81710","5.52050"
"AUS","Australia","2010","5.55930","5.47270"
"AUS","Australia","2011","5.73900","5.54338"
"AUS","Australia","2012","6.46540","5.85440"
"AUS","Australia","2013","6.44410","6.00498"
"AUS","Australia","2014","7.45540","6.33264"
"AUS","Australia","2015","8.30010","6.88080"
"AUS","Australia","2016","7.50800","7.23460"
"AUS","Australia","2017","6.43630","7.22878"
"AUS","Australia","2018","7.33650","7.40726"
"AUS","Australia","2019","5.55070","7.02632"
"AUS","Australia","2020","7.09120","6.78454"
"AUS","Australia","2021","6.68220","6.61938"
"AUS","Australia","2022","8.17490","6.96710"
"AUS","Australia","2023","4.97190","6.49418"
"AUS","Australia","2024","5.94990","6.57402"
"AUT","Austria","1961","3.86050",""
"AUT","Austria","1962","3.56200",""
"AUT","Austria","1963","3.90330",""
"AUT","Austria","1964","4.23590",""
"AUT","Austria","1965","3.73150","3.85864"
"AUT","Austria","1966","4.96440","4.07942"
"AUT","Austria","1967","5.24900","4.41682"
"AUT","Austria","1968","5.41180","4.71852"
"AUT","Austria","1969","5.95780","5.06290"
"AUT","Austria","1970","4.93490","5.30358"
"AUT","Austria","1971","5.77000","5.46470"
"AUT","Austria","1972","5.48000","5.51090"
"AUT","Austria","1973","6.57000","5.74254"
"AUT","Austria","1974","5.76010","5.70300"
"AUT","Austria","1975","6.82000","6.08002"
"AUT","Austria","1976","5.86000","6.09802"
"AUT","Austria","1977","6.98000","6.39802"
"AUT","Austria","1978","6.56000","6.39602"
"AUT","Austria","1979","7.17000","6.67800"
"AUT","Austria","1980","6.70000","6.65400"
"AUT","Austria","1981","7.27000","6.93600"
"AUT","Austria","1982","7.85000","7.11000"
"AUT","Austria","1983","6.99000","7.19600"
"AUT","Austria","1984","7.46000","7.25400"
"AUT","Austria","1985","8.31000","7.57600"
"AUT","Austria","1986","8.03000","7.72800"
"AUT","Austria","1987","8.13000","7.78400"
"AUT","Austria","1988","8.48000","8.08200"
"AUT","Austria","1989","7.68000","8.12600"
"AUT","Austria","1990","8.18000","8.10000"
"AUT","Austria","1991","8.48000","8.19000"
"AUT","Austria","1992","6.48000","7.86000"
"AUT","Austria","1993","8.97100","7.95820"
"AUT","Austria","1994","7.91600","8.00540"
"AUT","Austria","1995","8.50000","8.06940"
"AUT","Austria","1996","8.62000","8.09740"
"AUT","Austria","1997","9.78000","8.75740"
"AUT","Austria","1998","9.61000","8.88520"
"AUT","Austria","1999","9.60000","9.22200"
"AUT","Austria","2000","9.86000","9.49400"
"AUT","Austria","2001","9.08690","9.58738"
"AUT","Austria","2002","9.98150","9.62768"
"AUT","Austria","2003","8.69500","9.44468"
"AUT","Austria","2004","9.65440","9.45556"
"AUT","Austria","2005","10.65700","9.61496"
"AUT","Austria","2006","9.63700","9.72498"
"AUT","Austria","2007","10.31280","9.79124"
"AUT","Austria","2008","11.31730","10.31570"
"AUT","Austria","2009","10.82930","10.55068"
"AUT","Austria","2010","9.72470","10.36422"
"AUT","Austria","2011","11.29960","10.69674"
"AUT","Austria","2012","10.70250","10.77468"
"AUT","Austria","2013","8.11730","10.13468"
"AUT","Austria","2014","10.79150","10.12712"
"AUT","Austria","2015","8.67870","9.91792"
"AUT","Austria","2016","11.16290","9.89058"
"AUT","Austria","2017","9.91040","9.73216"
"AUT","Austria","2018","10.14930","10.13856"
"AUT","Austria","2019","10.41680","10.06362"
"AUT","Austria","2020","11.34490","10.59686"
"AUT","Austria","2021","11.15900","10.59608"
"AUT","Austria","2022","9.81730","10.57746"
"AUT","Austria","2023","9.92950","10.53350"
"AUT","Austria","2024","9.89980","10.43010"
"AZE","Azerbaiyán","1992","1.87400",""
"AZE","Azerbaiyán","1993","1.39180",""
"AZE","Azerbaiyán","1994","1.46190",""
"AZE","Azerbaiyán","1995","1.18100",""
"AZE","Azerbaiyán","1996","1.73690","1.52912"
"AZE","Azerbaiyán","1997","2.43400","1.64112"
"AZE","Azerbaiyán","1998","2.95410","1.95358"
"AZE","Azerbaiyán","1999","3.53430","2.36806"
"AZE","Azerbaiyán","2000","3.24840","2.78154"
"AZE","Azerbaiyán","2001","3.78230","3.19062"
"AZE","Azerbaiyán","2002","4.34630","3.57308"
"AZE","Azerbaiyán","2003","4.44510","3.87128"
"AZE","Azerbaiyán","2004","4.60710","4.08584"
"AZE","Azerbaiyán","2005","4.77030","4.39022"
"AZE","Azerbaiyán","2006","4.57770","4.54930"
"AZE","Azerbaiyán","2007","4.61750","4.60354"
"AZE","Azerbaiyán","2008","4.77840","4.67020"
"AZE","Azerbaiyán","2009","4.79900","4.70858"
"AZE","Azerbaiyán","2010","4.55510","4.66554"
"AZE","Azerbaiyán","2011","4.54600","4.65920"
"AZE","Azerbaiyán","2012","5.10290","4.75628"
"AZE","Azerbaiyán","2013","5.39030","4.87866"
"AZE","Azerbaiyán","2014","5.41800","5.00246"
"AZE","Azerbaiyán","2015","5.97000","5.28544"
"AZE","Azerbaiyán","2016","6.24850","5.62594"
"AZE","Azerbaiyán","2017","6.60770","5.92690"
"AZE","Azerbaiyán","2018","7.81770","6.41238"
"AZE","Azerbaiyán","2019","8.65600","7.05998"
"AZE","Azerbaiyán","2020","9.33800","7.73358"
"AZE","Azerbaiyán","2021","8.71030","8.22594"
"AZE","Azerbaiyán","2022","8.84270","8.67294"
"AZE","Azerbaiyán","2023","10.02970","9.11534"
"AZE","Azerbaiyán","2024","10.81370","9.54688"
"BDI","Burundi","1961","0.95960",""
"BDI","Burundi","1962","1.03220",""
"BDI","Burundi","1963","0.90810",""
"BDI","Burundi","1964","1.01580",""
"BDI","Burundi","1965","1.00840","0.98482"
"BDI","Burundi","1966","0.99860","0.99262"
"BDI","Burundi","1967","1.03680","0.99354"
"BDI","Burundi","1968","1.07140","1.02620"
"BDI","Burundi","1969","1.11610","1.04626"
"BDI","Burundi","1970","1.16070","1.07672"
"BDI","Burundi","1971","1.18630","1.11426"
"BDI","Burundi","1972","1.06760","1.12042"
"BDI","Burundi","1973","1.15070","1.13628"
"BDI","Burundi","1974","0.98750","1.11056"
"BDI","Burundi","1975","1.14280","1.10698"
"BDI","Burundi","1976","1.13280","1.09628"
"BDI","Burundi","1977","1.14750","1.11226"
"BDI","Burundi","1978","1.33330","1.14878"
"BDI","Burundi","1979","1.12830","1.17694"
"BDI","Burundi","1980","1.07690","1.16376"
"BDI","Burundi","1981","1.12310","1.16182"
"BDI","Burundi","1982","1.10770","1.15386"
"BDI","Burundi","1983","1.13850","1.11490"
"BDI","Burundi","1984","1.08590","1.10642"
"BDI","Burundi","1985","1.20770","1.13258"
"BDI","Burundi","1986","1.24240","1.15644"
"BDI","Burundi","1987","1.26540","1.18798"
"BDI","Burundi","1988","1.28360","1.21700"
"BDI","Burundi","1989","1.36450","1.27272"
"BDI","Burundi","1990","1.35400","1.30198"
"BDI","Burundi","1991","1.38870","1.33124"
"BDI","Burundi","1992","1.42180","1.36252"
"BDI","Burundi","1993","1.43420","1.39264"
"BDI","Burundi","1994","1.22760","1.36526"
"BDI","Burundi","1995","1.27520","1.34950"
"BDI","Burundi","1996","1.31330","1.33442"
"BDI","Burundi","1997","1.26080","1.30222"
"BDI","Burundi","1998","1.14630","1.24464"
"BDI","Burundi","1999","1.11920","1.22296"
"BDI","Burundi","2000","1.05210","1.17834"
"BDI","Burundi","2001","1.08170","1.13202"
"BDI","Burundi","2002","1.09310","1.09848"
"BDI","Burundi","2003","1.06700","1.08262"
"BDI","Burundi","2004","1.08070","1.07492"
"BDI","Burundi","2005","1.08330","1.08116"
"BDI","Burundi","2006","1.01590","1.06800"
"BDI","Burundi","2007","1.02040","1.05346"
"BDI","Burundi","2008","1.00410","1.04088"
"BDI","Burundi","2009","1.00320","1.02538"
"BDI","Burundi","2010","1.05950","1.02062"
"BDI","Burundi","2011","1.10870","1.03918"
"BDI","Burundi","2012","1.17630","1.07036"
"BDI","Burundi","2013","1.32180","1.13390"
"BDI","Burundi","2014","1.31450","1.19616"
"BDI","Burundi","2015","1.32620","1.24950"
"BDI","Burundi","2016","1.48350","1.32446"
"BDI","Burundi","2017","1.29770","1.34874"
"BDI","Burundi","2018","1.52890","1.39016"
"BDI","Burundi","2019","1.00020","1.32730"
"BDI","Burundi","2020","1.16720","1.29550"
"BDI","Burundi","2021","1.21990","1.24278"
"BDI","Burundi","2022","1.23580","1.23040"
"BDI","Burundi","2023","1.20810","1.16624"
"BDI","Burundi","2024","1.22650","1.21150"
"BEL","Bélgica","2000","11.10060",""
"BEL","Bélgica","2001","11.35220",""
"BEL","Bélgica","2002","11.19620",""
"BEL","Bélgica","2003","10.52160",""
"BEL","Bélgica","2004","12.22460","11.27904"
"BEL","Bélgica","2005","11.68720","11.39636"
"BEL","Bélgica","2006","10.19290","11.16450"
"BEL","Bélgica","2007","13.12780","11.55082"
"BEL","Bélgica","2008","11.92580","11.83166"
"BEL","Bélgica","2009","12.11740","11.81022"
"BEL","Bélgica","2010","11.92830","11.85844"
"BEL","Bélgica","2011","11.93600","12.20706"
"BEL","Bélgica","2012","10.24380","11.63026"
"BEL","Bélgica","2013","11.15000","11.47510"
"BEL","Bélgica","2014","10.50240","11.15210"
"BEL","Bélgica","2015","10.22830","10.81210"
"BEL","Bélgica","2016","9.22680","10.27026"
"BEL","Bélgica","2017","12.42060","10.70562"
"BEL","Bélgica","2018","6.97440","9.87050"
"BEL","Bélgica","2019","8.82440","9.53490"
"BEL","Bélgica","2020","8.11510","9.11226"
"BEL","Bélgica","2021","9.32990","9.13288"
"BEL","Bélgica","2022","7.95910","8.24058"
"BEL","Bélgica","2023","9.82890","8.81148"
"BEL","Bélgica","2024","8.32850","8.71230"
"BEN","Benin","1961","0.58460",""
"BEN","Benin","1962","0.49440",""
"BEN","Benin","1963","0.49560",""
"BEN","Benin","1964","0.54470",""
"BEN","Benin","1965","0.57020","0.53790"
"BEN","Benin","1966","0.55170","0.53132"
"BEN","Benin","1967","0.60490","0.55342"
"BEN","Benin","1968","0.59270","0.57284"
"BEN","Benin","1969","0.56990","0.57788"
"BEN","Benin","1970","0.60890","0.58562"
"BEN","Benin","1971","0.50100","0.57548"
"BEN","Benin","1972","0.54760","0.56402"
"BEN","Benin","1973","0.72120","0.58972"
"BEN","Benin","1974","0.75690","0.62712"
"BEN","Benin","1975","0.70870","0.64708"
"BEN","Benin","1976","0.69470","0.68582"
"BEN","Benin","1977","0.73110","0.72252"
"BEN","Benin","1978","0.77790","0.73386"
"BEN","Benin","1979","0.72400","0.72728"
"BEN","Benin","1980","0.74370","0.73428"
"BEN","Benin","1981","0.66460","0.72826"
"BEN","Benin","1982","0.64840","0.71172"
"BEN","Benin","1983","0.62220","0.68058"
"BEN","Benin","1984","0.80770","0.69732"
"BEN","Benin","1985","0.88900","0.72638"
"BEN","Benin","1986","0.85430","0.76432"
"BEN","Benin","1987","0.70750","0.77614"
"BEN","Benin","1988","0.87120","0.82594"
"BEN","Benin","1989","0.88530","0.84146"
"BEN","Benin","1990","0.89540","0.84274"
"BEN","Benin","1991","0.92810","0.85750"
"BEN","Benin","1992","0.97710","0.91142"
"BEN","Benin","1993","0.97780","0.93274"
"BEN","Benin","1994","1.02280","0.96024"
"BEN","Benin","1995","1.17370","1.01590"
"BEN","Benin","1996","1.08180","1.04664"
"BEN","Benin","1997","1.20200","1.09162"
"BEN","Benin","1998","1.11430","1.11892"
"BEN","Benin","1999","1.25180","1.16472"
"BEN","Benin","2000","1.14810","1.15960"
"BEN","Benin","2001","1.10020","1.16328"
"BEN","Benin","2002","1.16440","1.15576"
"BEN","Benin","2003","1.18990","1.17088"
"BEN","Benin","2004","1.17900","1.15632"
"BEN","Benin","2005","1.14470","1.15564"
"BEN","Benin","2006","1.22730","1.18106"
"BEN","Benin","2007","1.33440","1.21506"
"BEN","Benin","2008","1.12790","1.20266"
"BEN","Benin","2009","1.39770","1.24640"
"BEN","Benin","2010","1.10280","1.23802"
"BEN","Benin","2011","1.42160","1.27688"
"BEN","Benin","2012","1.26220","1.26244"
"BEN","Benin","2013","1.30840","1.29854"
"BEN","Benin","2014","1.39910","1.29882"
"BEN","Benin","2015","1.28130","1.33452"
"BEN","Benin","2016","1.37620","1.32544"
"BEN","Benin","2017","1.32150","1.33730"
"BEN","Benin","2018","1.30400","1.33642"
"BEN","Benin","2019","1.07520","1.27164"
"BEN","Benin","2020","1.27180","1.26974"
"BEN","Benin","2021","1.20640","1.23578"
"BEN","Benin","2022","1.16430","1.20434"
"BEN","Benin","2023","0.99190","1.14192"
"BEN","Benin","2024","1.19050","1.16498"
"BFA","Burkina Faso","1961","0.50180",""
"BFA","Burkina Faso","1962","0.48660",""
"BFA","Burkina Faso","1963","0.68850",""
"BFA","Burkina Faso","1964","0.76140",""
"BFA","Burkina Faso","1965","0.72470","0.63260"
"BFA","Burkina Faso","1966","0.73330","0.67890"
"BFA","Burkina Faso","1967","0.55000","0.69158"
"BFA","Burkina Faso","1968","0.60000","0.67388"
"BFA","Burkina Faso","1969","0.60000","0.64160"
"BFA","Burkina Faso","1970","0.64470","0.62560"
"BFA","Burkina Faso","1971","0.73940","0.62682"
"BFA","Burkina Faso","1972","0.72490","0.66180"
"BFA","Burkina Faso","1973","0.65780","0.67336"
"BFA","Burkina Faso","1974","0.56260","0.66588"
"BFA","Burkina Faso","1975","0.58730","0.65440"
"BFA","Burkina Faso","1976","0.84560","0.67564"
"BFA","Burkina Faso","1977","0.81940","0.69454"
"BFA","Burkina Faso","1978","0.93130","0.74924"
"BFA","Burkina Faso","1979","0.90670","0.81806"
"BFA","Burkina Faso","1980","0.90290","0.88118"
"BFA","Burkina Faso","1981","0.82970","0.87800"
"BFA","Burkina Faso","1982","0.82350","0.87882"
"BFA","Burkina Faso","1983","0.56470","0.80550"
"BFA","Burkina Faso","1984","0.64080","0.75232"
"BFA","Burkina Faso","1985","0.99100","0.76994"
"BFA","Burkina Faso","1986","0.93880","0.79176"
"BFA","Burkina Faso","1987","0.74080","0.77522"
"BFA","Burkina Faso","1988","0.81940","0.82616"
"BFA","Burkina Faso","1989","1.16230","0.93046"
"BFA","Burkina Faso","1990","1.46120","1.02450"
"BFA","Burkina Faso","1991","1.68680","1.17410"
"BFA","Burkina Faso","1992","1.52380","1.33070"
"BFA","Burkina Faso","1993","1.37220","1.44126"
"BFA","Burkina Faso","1994","1.60420","1.52964"
"BFA","Burkina Faso","1995","1.14410","1.46622"
"BFA","Burkina Faso","1996","1.55210","1.43928"
"BFA","Burkina Faso","1997","1.51850","1.43822"
"BFA","Burkina Faso","1998","1.39190","1.44216"
"BFA","Burkina Faso","1999","1.62410","1.44614"
"BFA","Burkina Faso","2000","1.75430","1.56818"
"BFA","Burkina Faso","2001","1.81150","1.62006"
"BFA","Burkina Faso","2002","1.73810","1.66398"
"BFA","Burkina Faso","2003","1.52840","1.69128"
"BFA","Burkina Faso","2004","1.26660","1.61978"
"BFA","Burkina Faso","2005","1.80580","1.63008"
"BFA","Burkina Faso","2006","1.94440","1.65666"
"BFA","Burkina Faso","2007","1.17360","1.54376"
"BFA","Burkina Faso","2008","1.66620","1.57132"
"BFA","Burkina Faso","2009","1.52860","1.62372"
"BFA","Burkina Faso","2010","1.43420","1.54940"
"BFA","Burkina Faso","2011","1.53560","1.46764"
"BFA","Burkina Faso","2012","1.83860","1.60064"
"BFA","Burkina Faso","2013","1.73530","1.61446"
"BFA","Burkina Faso","2014","1.91090","1.69092"
"BFA","Burkina Faso","2015","1.79200","1.76248"
"BFA","Burkina Faso","2016","1.75770","1.80690"
"BFA","Burkina Faso","2017","1.60340","1.75986"
"BFA","Burkina Faso","2018","1.66810","1.74642"
"BFA","Burkina Faso","2019","1.68580","1.70140"
"BFA","Burkina Faso","2020","1.76250","1.69550"
"BFA","Burkina Faso","2021","1.52080","1.64812"
"BFA","Burkina Faso","2022","1.66020","1.65948"
"BFA","Burkina Faso","2023","1.63670","1.65320"
"BFA","Burkina Faso","2024","1.68180","1.65240"
"BGD","Bangladesh","1961","0.79880",""
"BGD","Bangladesh","1962","0.73840",""
"BGD","Bangladesh","1963","0.77250",""
"BGD","Bangladesh","1964","0.75320",""
"BGD","Bangladesh","1965","0.75320","0.76322"
"BGD","Bangladesh","1966","0.83330","0.77012"
"BGD","Bangladesh","1967","0.93750","0.80994"
"BGD","Bangladesh","1968","0.93750","0.84294"
"BGD","Bangladesh","1969","0.93750","0.87980"
"BGD","Bangladesh","1970","0.93750","0.91666"
"BGD","Bangladesh","1971","0.71430","0.89286"
"BGD","Bangladesh","1972","0.71430","0.84822"
"BGD","Bangladesh","1973","0.87440","0.83560"
"BGD","Bangladesh","1974","0.88780","0.82566"
"BGD","Bangladesh","1975","0.90250","0.81866"
"BGD","Bangladesh","1976","0.89740","0.85528"
"BGD","Bangladesh","1977","0.84050","0.88052"
"BGD","Bangladesh","1978","0.79910","0.86546"
"BGD","Bangladesh","1979","0.72650","0.83320"
"BGD","Bangladesh","1980","0.71460","0.79562"
"BGD","Bangladesh","1981","0.73000","0.76214"
"BGD","Bangladesh","1982","0.73870","0.74178"
"BGD","Bangladesh","1983","0.78290","0.73854"
"BGD","Bangladesh","1984","0.81790","0.75682"
"BGD","Bangladesh","1985","0.86690","0.78728"
"BGD","Bangladesh","1986","0.92460","0.82620"
"BGD","Bangladesh","1987","0.94580","0.86762"
"BGD","Bangladesh","1988","0.91180","0.89340"
"BGD","Bangladesh","1989","0.94170","0.91816"
"BGD","Bangladesh","1990","1.00150","0.94508"
"BGD","Bangladesh","1991","0.97810","0.95578"
"BGD","Bangladesh","1992","0.93190","0.95300"
"BGD","Bangladesh","1993","0.93510","0.95766"
"BGD","Bangladesh","1994","0.90420","0.95016"
"BGD","Bangladesh","1995","1.07000","0.96386"
"BGD","Bangladesh","1996","1.01660","0.97156"
"BGD","Bangladesh","1997","1.09140","1.00346"
"BGD","Bangladesh","1998","0.73390","0.96322"
"BGD","Bangladesh","1999","1.23460","1.02930"
"BGD","Bangladesh","2000","2.05970","1.22724"
"BGD","Bangladesh","2001","3.22160","1.66824"
"BGD","Bangladesh","2002","4.03490","2.25694"
"BGD","Bangladesh","2003","4.03340","2.91684"
"BGD","Bangladesh","2004","4.82430","3.63478"
"BGD","Bangladesh","2005","5.33110","4.28906"
"BGD","Bangladesh","2006","5.29980","4.70470"
"BGD","Bangladesh","2007","5.98120","5.09396"
"BGD","Bangladesh","2008","6.01720","5.49072"
"BGD","Bangladesh","2009","5.68310","5.66248"
"BGD","Bangladesh","2010","5.83780","5.76382"
"BGD","Bangladesh","2011","6.15120","5.93410"
"BGD","Bangladesh","2012","6.58380","6.05462"
"BGD","Bangladesh","2013","6.59530","6.17024"
"BGD","Bangladesh","2014","6.91510","6.41664"
"BGD","Bangladesh","2015","6.98410","6.64590"
"BGD","Bangladesh","2016","7.30080","6.87582"
"BGD","Bangladesh","2017","7.75980","7.11102"
"BGD","Bangladesh","2018","8.21040","7.43404"
"BGD","Bangladesh","2019","8.01920","7.65486"
"BGD","Bangladesh","2020","8.51230","7.96050"
"BGD","Bangladesh","2021","8.57900","8.21614"
"BGD","Bangladesh","2022","8.91180","8.44654"
"BGD","Bangladesh","2023","9.24270","8.65300"
"BGD","Bangladesh","2024","9.24640","8.89844"
"BGR","Bulgaria","1961","2.24480",""
"BGR","Bulgaria","1962","2.39030",""
"BGR","Bulgaria","1963","2.62440",""
"BGR","Bulgaria","1964","3.12640",""
"BGR","Bulgaria","1965","2.23150","2.52348"
"BGR","Bulgaria","1966","3.84310","2.84314"
"BGR","Bulgaria","1967","3.47370","3.05982"
"BGR","Bulgaria","1968","3.17360","3.16966"
"BGR","Bulgaria","1969","4.18090","3.38056"
"BGR","Bulgaria","1970","3.73870","3.68200"
"BGR","Bulgaria","1971","3.84540","3.68246"
"BGR","Bulgaria","1972","4.31760","3.85124"
"BGR","Bulgaria","1973","4.11460","4.03944"
"BGR","Bulgaria","1974","3.10780","3.82482"
"BGR","Bulgaria","1975","4.32860","3.94280"
"BGR","Bulgaria","1976","4.14590","4.00290"
"BGR","Bulgaria","1977","3.58020","3.85542"
"BGR","Bulgaria","1978","3.72150","3.77680"
"BGR","Bulgaria","1979","4.84030","4.12330"
"BGR","Bulgaria","1980","3.85860","4.02930"
"BGR","Bulgaria","1981","4.26160","4.05244"
"BGR","Bulgaria","1982","5.50470","4.43734"
"BGR","Bulgaria","1983","5.22910","4.73886"
"BGR","Bulgaria","1984","5.52880","4.87656"
"BGR","Bulgaria","1985","3.10270","4.72538"
"BGR","Bulgaria","1986","4.95990","4.86504"
"BGR","Bulgaria","1987","3.73700","4.51150"
"BGR","Bulgaria","1988","3.18020","4.10172"
"BGR","Bulgaria","1989","4.02210","3.80038"
"BGR","Bulgaria","1990","2.87710","3.75526"
"BGR","Bulgaria","1991","4.95510","3.75430"
"BGR","Bulgaria","1992","2.81280","3.56946"
"BGR","Bulgaria","1993","1.86090","3.30560"
"BGR","Bulgaria","1994","2.80560","3.06230"
"BGR","Bulgaria","1995","3.82370","3.25162"
"BGR","Bulgaria","1996","2.18100","2.69680"
"BGR","Bulgaria","1997","3.57820","2.84988"
"BGR","Bulgaria","1998","2.73180","3.02406"
"BGR","Bulgaria","1999","3.82390","3.22772"
"BGR","Bulgaria","2000","1.72390","2.80776"
"BGR","Bulgaria","2001","2.47130","2.86582"
"BGR","Bulgaria","2002","4.23640","2.99746"
"BGR","Bulgaria","2003","2.80000","3.01110"
"BGR","Bulgaria","2004","5.54000","3.35432"
"BGR","Bulgaria","2005","5.30850","4.07124"
"BGR","Bulgaria","2006","4.53280","4.48354"
"BGR","Bulgaria","2007","4.57190","4.55064"
"BGR","Bulgaria","2008","4.15480","4.82160"
"BGR","Bulgaria","2009","4.70710","4.65502"
"BGR","Bulgaria","2010","6.25120","4.84356"
"BGR","Bulgaria","2011","5.53100","5.04320"
"BGR","Bulgaria","2012","3.68000","4.86482"
"BGR","Bulgaria","2013","6.39430","5.31272"
"BGR","Bulgaria","2014","7.68230","5.90776"
"BGR","Bulgaria","2015","5.40850","5.73922"
"BGR","Bulgaria","2016","5.47030","5.72708"
"BGR","Bulgaria","2017","6.43620","6.27832"
"BGR","Bulgaria","2018","7.92250","6.58396"
"BGR","Bulgaria","2019","7.23790","6.49508"
"BGR","Bulgaria","2020","5.18300","6.44998"
"BGR","Bulgaria","2021","5.98110","6.55214"
"BGR","Bulgaria","2022","4.90790","6.24648"
"BGR","Bulgaria","2023","4.58020","5.57802"
"BGR","Bulgaria","2024","3.25050","4.78054"
"BHS","Bahamas","1961","0.66670",""
"BHS","Bahamas","1962","0.83330",""
"BHS","Bahamas","1963","0.83330",""
"BHS","Bahamas","1964","0.89290",""
"BHS","Bahamas","1965","0.90910","0.82706"
"BHS","Bahamas","1966","0.91490","0.87670"
"BHS","Bahamas","1967","0.93750","0.89754"
"BHS","Bahamas","1968","0.94000","0.91888"
"BHS","Bahamas","1969","0.98000","0.93630"
"BHS","Bahamas","1970","0.98080","0.95064"
"BHS","Bahamas","1971","0.99070","0.96580"
"BHS","Bahamas","1972","0.99100","0.97650"
"BHS","Bahamas","1973","1.00000","0.98850"
"BHS","Bahamas","1974","1.00000","0.99250"
"BHS","Bahamas","1975","1.00990","0.99832"
"BHS","Bahamas","1976","1.02120","1.00442"
"BHS","Bahamas","1977","1.03060","1.01234"
"BHS","Bahamas","1978","1.15870","1.04408"
"BHS","Bahamas","1979","1.14290","1.07266"
"BHS","Bahamas","1980","1.14130","1.09894"
"BHS","Bahamas","1981","1.14290","1.12328"
"BHS","Bahamas","1982","1.16540","1.15024"
"BHS","Bahamas","1983","1.25000","1.16850"
"BHS","Bahamas","1984","1.33330","1.20658"
"BHS","Bahamas","1985","1.34430","1.24718"
"BHS","Bahamas","1986","1.34430","1.28746"
"BHS","Bahamas","1987","1.36360","1.32710"
"BHS","Bahamas","1988","1.40000","1.35710"
"BHS","Bahamas","1989","1.40000","1.37044"
"BHS","Bahamas","1990","1.50000","1.40158"
"BHS","Bahamas","1991","1.66670","1.46606"
"BHS","Bahamas","1992","1.66670","1.52668"
"BHS","Bahamas","1993","1.60000","1.56668"
"BHS","Bahamas","1994","1.79310","1.64530"
"BHS","Bahamas","1995","1.79310","1.70392"
"BHS","Bahamas","1996","1.79310","1.72920"
"BHS","Bahamas","1997","1.74000","1.74386"
"BHS","Bahamas","1998","1.98420","1.82070"
"BHS","Bahamas","1999","2.16570","1.89522"
"BHS","Bahamas","2000","2.47620","2.03184"
"BHS","Bahamas","2001","3.00000","2.27322"
"BHS","Bahamas","2002","3.05000","2.53522"
"BHS","Bahamas","2003","3.40000","2.81838"
"BHS","Bahamas","2004","3.55000","3.09524"
"BHS","Bahamas","2005","3.60000","3.32000"
"BHS","Bahamas","2006","3.80000","3.48000"
"BHS","Bahamas","2007","4.00000","3.67000"
"BHS","Bahamas","2008","4.76190","3.94238"
"BHS","Bahamas","2009","6.00000","4.43238"
"BHS","Bahamas","2010","7.53330","5.21904"
"BHS","Bahamas","2011","7.30850","5.92074"
"BHS","Bahamas","2012","7.34040","6.58882"
"BHS","Bahamas","2013","7.41320","7.11908"
"BHS","Bahamas","2014","7.51620","7.42232"
"BHS","Bahamas","2015","8.34230","7.58412"
"BHS","Bahamas","2016","7.70950","7.66432"
"BHS","Bahamas","2017","7.82070","7.76038"
"BHS","Bahamas","2018","7.86280","7.85030"
"BHS","Bahamas","2019","7.41580","7.83022"
"BHS","Bahamas","2020","7.20660","7.60308"
"BHS","Bahamas","2021","7.84000","7.62918"
"BHS","Bahamas","2022","7.77630","7.62030"
"BHS","Bahamas","2023","7.59800","7.56734"
"BHS","Bahamas","2024","7.73700","7.63158"
"BIH","Bosnia y Herzegovina","1992","3.98730",""
"BIH","Bosnia y Herzegovina","1993","4.00000",""
"BIH","Bosnia y Herzegovina","1994","4.00000",""
"BIH","Bosnia y Herzegovina","1995","4.00000",""
"BIH","Bosnia y Herzegovina","1996","4.00000","3.99746"
"BIH","Bosnia y Herzegovina","1997","4.01360","4.00272"
"BIH","Bosnia y Herzegovina","1998","3.86410","3.97554"
"BIH","Bosnia y Herzegovina","1999","4.60680","4.09690"
"BIH","Bosnia y Herzegovina","2000","2.27020","3.75094"
"BIH","Bosnia y Herzegovina","2001","3.85230","3.72140"
"BIH","Bosnia y Herzegovina","2002","4.54440","3.82756"
"BIH","Bosnia y Herzegovina","2003","2.79010","3.61276"
"BIH","Bosnia y Herzegovina","2004","5.13170","3.71774"
"BIH","Bosnia y Herzegovina","2005","5.11320","4.28634"
"BIH","Bosnia y Herzegovina","2006","5.06440","4.52876"
"BIH","Bosnia y Herzegovina","2007","3.21810","4.26350"
"BIH","Bosnia y Herzegovina","2008","4.91690","4.68886"
"BIH","Bosnia y Herzegovina","2009","5.10320","4.68316"
"BIH","Bosnia y Herzegovina","2010","4.52110","4.56474"
"BIH","Bosnia y Herzegovina","2011","3.89920","4.33170"
"BIH","Bosnia y Herzegovina","2012","2.74510","4.23710"
"BIH","Bosnia y Herzegovina","2013","4.21250","4.09622"
"BIH","Bosnia y Herzegovina","2014","4.70430","4.01644"
"BIH","Bosnia y Herzegovina","2015","4.07820","3.92786"
"BIH","Bosnia y Herzegovina","2016","6.14660","4.37734"
"BIH","Bosnia y Herzegovina","2017","3.65270","4.55886"
"BIH","Bosnia y Herzegovina","2018","6.64000","5.04436"
"BIH","Bosnia y Herzegovina","2019","6.44080","5.39166"
"BIH","Bosnia y Herzegovina","2020","7.11240","5.99850"
"BIH","Bosnia y Herzegovina","2021","4.45720","5.66062"
"BIH","Bosnia y Herzegovina","2022","8.54000","6.63808"
"BIH","Bosnia y Herzegovina","2023","6.97000","6.70408"
"BIH","Bosnia y Herzegovina","2024","6.25000","6.66592"
"BLR","Belarús","1992","3.00000",""
"BLR","Belarús","1993","1.20000",""
"BLR","Belarús","1994","0.50000",""
"BLR","Belarús","1995","2.45450",""
"BLR","Belarús","1996","2.30000","1.89090"
"BLR","Belarús","1997","2.03330","1.69756"
"BLR","Belarús","1998","2.65220","1.98800"
"BLR","Belarús","1999","2.60530","2.40906"
"BLR","Belarús","2000","2.30770","2.37970"
"BLR","Belarús","2001","2.59170","2.43804"
"BLR","Belarús","2002","3.28890","2.68916"
"BLR","Belarús","2003","4.33880","3.02648"
"BLR","Belarús","2004","3.52970","3.21136"
"BLR","Belarús","2005","3.99650","3.54912"
"BLR","Belarús","2006","3.93900","3.81858"
"BLR","Belarús","2007","5.06530","4.17386"
"BLR","Belarús","2008","4.38900","4.18390"
"BLR","Belarús","2009","4.68180","4.41432"
"BLR","Belarús","2010","4.93060","4.60114"
"BLR","Belarús","2011","6.59500","5.13234"
"BLR","Belarús","2012","5.04070","5.12742"
"BLR","Belarús","2013","5.56560","5.36274"
"BLR","Belarús","2014","5.35550","5.49748"
"BLR","Belarús","2015","4.36490","5.38434"
"BLR","Belarús","2016","5.96190","5.25772"
"BLR","Belarús","2017","5.32440","5.31446"
"BLR","Belarús","2018","6.51910","5.50516"
"BLR","Belarús","2019","5.74910","5.58388"
"BLR","Belarús","2020","5.03780","5.71846"
"BLR","Belarús","2021","5.17120","5.56032"
"BLR","Belarús","2022","4.20260","5.33596"
"BLR","Belarús","2023","5.55560","5.14326"
"BLR","Belarús","2024","5.66670","5.12678"
"BLZ","Belice","1961","0.57460",""
"BLZ","Belice","1962","0.58250",""
"BLZ","Belice","1963","0.61430",""
"BLZ","Belice","1964","0.54690",""
"BLZ","Belice","1965","0.65520","0.59470"
"BLZ","Belice","1966","0.48730","0.57724"
"BLZ","Belice","1967","1.11400","0.68354"
"BLZ","Belice","1968","1.06000","0.77268"
"BLZ","Belice","1969","1.08580","0.88046"
"BLZ","Belice","1970","1.56920","1.06326"
"BLZ","Belice","1971","1.54930","1.27566"
"BLZ","Belice","1972","1.32160","1.31718"
"BLZ","Belice","1973","1.64020","1.43322"
"BLZ","Belice","1974","1.12080","1.44022"
"BLZ","Belice","1975","1.04080","1.33454"
"BLZ","Belice","1976","1.44380","1.31344"
"BLZ","Belice","1977","1.34650","1.31842"
"BLZ","Belice","1978","1.72130","1.33464"
"BLZ","Belice","1979","1.52440","1.41536"
"BLZ","Belice","1980","1.78910","1.56502"
"BLZ","Belice","1981","1.84440","1.64514"
"BLZ","Belice","1982","1.92570","1.76098"
"BLZ","Belice","1983","1.70040","1.75680"
"BLZ","Belice","1984","1.37110","1.72614"
"BLZ","Belice","1985","1.38460","1.64524"
"BLZ","Belice","1986","1.60360","1.59708"
"BLZ","Belice","1987","1.60170","1.53228"
"BLZ","Belice","1988","1.54140","1.50048"
"BLZ","Belice","1989","1.58510","1.54328"
"BLZ","Belice","1990","1.89650","1.64566"
"BLZ","Belice","1991","2.75520","1.87598"
"BLZ","Belice","1992","2.22440","2.00052"
"BLZ","Belice","1993","2.08560","2.10936"
"BLZ","Belice","1994","1.92110","2.17656"
"BLZ","Belice","1995","1.78920","2.15510"
"BLZ","Belice","1996","2.50220","2.10450"
"BLZ","Belice","1997","2.21280","2.10218"
"BLZ","Belice","1998","2.62110","2.20928"
"BLZ","Belice","1999","2.75070","2.37520"
"BLZ","Belice","2000","2.23740","2.46484"
"BLZ","Belice","2001","3.00760","2.56592"
"BLZ","Belice","2002","2.33400","2.59016"
"BLZ","Belice","2003","2.70460","2.60686"
"BLZ","Belice","2004","2.20740","2.49820"
"BLZ","Belice","2005","2.61940","2.57460"
"BLZ","Belice","2006","2.48790","2.47066"
"BLZ","Belice","2007","2.63570","2.53100"
"BLZ","Belice","2008","2.35430","2.46094"
"BLZ","Belice","2009","2.54080","2.52762"
"BLZ","Belice","2010","2.92640","2.58902"
"BLZ","Belice","2011","3.22360","2.73616"
"BLZ","Belice","2012","3.66130","2.94128"
"BLZ","Belice","2013","3.44060","3.15854"
"BLZ","Belice","2014","3.65470","3.38132"
"BLZ","Belice","2015","2.86320","3.36868"
"BLZ","Belice","2016","2.97680","3.31932"
"BLZ","Belice","2017","4.55860","3.49878"
"BLZ","Belice","2018","4.20630","3.65192"
"BLZ","Belice","2019","2.75390","3.47176"
"BLZ","Belice","2020","3.58250","3.61562"
"BLZ","Belice","2021","4.51270","3.92280"
"BLZ","Belice","2022","4.66550","3.94418"
"BLZ","Belice","2023","3.82010","3.86694"
"BLZ","Belice","2024","3.81990","4.08014"
"BOL","Bolivia","1961","1.25010",""
"BOL","Bolivia","1962","1.23990",""
"BOL","Bolivia","1963","1.24080",""
"BOL","Bolivia","1964","0.90910",""
"BOL","Bolivia","1965","1.29490","1.18696"
"BOL","Bolivia","1966","1.32190","1.20132"
"BOL","Bolivia","1967","1.32240","1.21782"
"BOL","Bolivia","1968","1.32240","1.23414"
"BOL","Bolivia","1969","1.32320","1.31696"
"BOL","Bolivia","1970","1.29220","1.31642"
"BOL","Bolivia","1971","1.30370","1.31278"
"BOL","Bolivia","1972","1.25170","1.29864"
"BOL","Bolivia","1973","1.28180","1.29052"
"BOL","Bolivia","1974","1.26050","1.27798"
"BOL","Bolivia","1975","1.32460","1.28446"
"BOL","Bolivia","1976","1.52690","1.32910"
"BOL","Bolivia","1977","1.26160","1.33108"
"BOL","Bolivia","1978","1.30140","1.33500"
"BOL","Bolivia","1979","1.36020","1.35494"
"BOL","Bolivia","1980","1.30630","1.35128"
"BOL","Bolivia","1981","1.60870","1.36764"
"BOL","Bolivia","1982","1.57330","1.42998"
"BOL","Bolivia","1983","1.29270","1.42824"
"BOL","Bolivia","1984","1.54360","1.46492"
"BOL","Bolivia","1985","1.58750","1.52116"
"BOL","Bolivia","1986","1.55540","1.51050"
"BOL","Bolivia","1987","1.59120","1.51408"
"BOL","Bolivia","1988","1.51890","1.55932"
"BOL","Bolivia","1989","1.43530","1.53766"
"BOL","Bolivia","1990","1.66580","1.55332"
"BOL","Bolivia","1991","1.52850","1.54794"
"BOL","Bolivia","1992","1.75340","1.58038"
"BOL","Bolivia","1993","1.86580","1.64976"
"BOL","Bolivia","1994","1.81070","1.72484"
"BOL","Bolivia","1995","1.85260","1.76220"
"BOL","Bolivia","1996","1.80110","1.81672"
"BOL","Bolivia","1997","1.50600","1.76724"
"BOL","Bolivia","1998","1.81920","1.75792"
"BOL","Bolivia","1999","1.76210","1.74820"
"BOL","Bolivia","2000","2.12590","1.80286"
"BOL","Bolivia","2001","2.21430","1.88550"
"BOL","Bolivia","2002","2.16700","2.01770"
"BOL","Bolivia","2003","2.34050","2.12196"
"BOL","Bolivia","2004","1.71450","2.11244"
"BOL","Bolivia","2005","2.18590","2.12444"
"BOL","Bolivia","2006","2.60710","2.20300"
"BOL","Bolivia","2007","2.11550","2.19270"
"BOL","Bolivia","2008","2.31200","2.18700"
"BOL","Bolivia","2009","2.81850","2.40780"
"BOL","Bolivia","2010","2.78900","2.52842"
"BOL","Bolivia","2011","2.47660","2.50232"
"BOL","Bolivia","2012","2.85170","2.64956"
"BOL","Bolivia","2013","2.14420","2.61600"
"BOL","Bolivia","2014","2.17190","2.48668"
"BOL","Bolivia","2015","2.39290","2.40746"
"BOL","Bolivia","2016","2.49710","2.41156"
"BOL","Bolivia","2017","2.24730","2.29068"
"BOL","Bolivia","2018","2.72820","2.40748"
"BOL","Bolivia","2019","2.10970","2.39504"
"BOL","Bolivia","2020","2.25800","2.36806"
"BOL","Bolivia","2021","3.05060","2.47876"
"BOL","Bolivia","2022","2.41460","2.51222"
"BOL","Bolivia","2023","2.49630","2.46584"
"BOL","Bolivia","2024","2.52820","2.54954"
"BRA","Brasil","1961","1.31230",""
"BRA","Brasil","1962","1.30480",""
"BRA","Brasil","1963","1.30920",""
"BRA","Brasil","1964","1.16060",""
"BRA","Brasil","1965","1.38090","1.29356"
"BRA","Brasil","1966","1.30660","1.29242"
"BRA","Brasil","1967","1.38280","1.30802"
"BRA","Brasil","1968","1.33690","1.31356"
"BRA","Brasil","1969","1.31490","1.34442"
"BRA","Brasil","1970","1.44210","1.35666"
"BRA","Brasil","1971","1.33930","1.36320"
"BRA","Brasil","1972","1.41300","1.36924"
"BRA","Brasil","1973","1.42950","1.38776"
"BRA","Brasil","1974","1.52480","1.42974"
"BRA","Brasil","1975","1.50480","1.44228"
"BRA","Brasil","1976","1.59670","1.49376"
"BRA","Brasil","1977","1.63220","1.53760"
"BRA","Brasil","1978","1.21970","1.49564"
"BRA","Brasil","1979","1.44060","1.47880"
"BRA","Brasil","1980","1.77900","1.53364"
"BRA","Brasil","1981","1.83300","1.58090"
"BRA","Brasil","1982","1.73080","1.60062"
"BRA","Brasil","1983","1.74960","1.70660"
"BRA","Brasil","1984","1.76100","1.77068"
"BRA","Brasil","1985","1.86620","1.78812"
"BRA","Brasil","1986","1.64860","1.75124"
"BRA","Brasil","1987","1.98430","1.80194"
"BRA","Brasil","1988","1.87750","1.82752"
"BRA","Brasil","1989","2.05820","1.88696"
"BRA","Brasil","1990","1.87350","1.88842"
"BRA","Brasil","1991","1.80840","1.92038"
"BRA","Brasil","1992","2.28280","1.98008"
"BRA","Brasil","1993","2.53210","2.11100"
"BRA","Brasil","1994","2.36290","2.17194"
"BRA","Brasil","1995","2.60050","2.31734"
"BRA","Brasil","1996","2.47610","2.45088"
"BRA","Brasil","1997","2.62280","2.51888"
"BRA","Brasil","1998","2.79640","2.57174"
"BRA","Brasil","1999","2.77650","2.65446"
"BRA","Brasil","2000","2.71820","2.67800"
"BRA","Brasil","2001","3.40190","2.86316"
"BRA","Brasil","2002","3.05590","2.94978"
"BRA","Brasil","2003","3.72730","3.13596"
"BRA","Brasil","2004","3.36710","3.25408"
"BRA","Brasil","2005","3.04030","3.31850"
"BRA","Brasil","2006","3.38230","3.31458"
"BRA","Brasil","2007","3.78520","3.46044"
"BRA","Brasil","2008","4.08000","3.53098"
"BRA","Brasil","2009","3.71450","3.60046"
"BRA","Brasil","2010","4.36670","3.86574"
"BRA","Brasil","2011","4.21070","4.03142"
"BRA","Brasil","2012","5.00570","4.27552"
"BRA","Brasil","2013","5.25360","4.51024"
"BRA","Brasil","2014","5.17610","4.80256"
"BRA","Brasil","2015","5.53530","5.03628"
"BRA","Brasil","2016","4.28770","5.05168"
"BRA","Brasil","2017","5.61830","5.17420"
"BRA","Brasil","2018","5.10760","5.14500"
"BRA","Brasil","2019","5.77340","5.26446"
"BRA","Brasil","2020","5.69530","5.29646"
"BRA","Brasil","2021","4.64970","5.36886"
"BRA","Brasil","2022","5.20930","5.28706"
"BRA","Brasil","2023","5.91300","5.44814"
"BRA","Brasil","2024","5.42570","5.37860"
"BRB","Barbados","1961","1.88420",""
"BRB","Barbados","1962","2.51120",""
"BRB","Barbados","1963","1.88300",""
"BRB","Barbados","1964","1.78870",""
"BRB","Barbados","1965","1.86670","1.98676"
"BRB","Barbados","1966","2.07500","2.02492"
"BRB","Barbados","1967","2.32560","1.98780"
"BRB","Barbados","1968","2.37540","2.08628"
"BRB","Barbados","1969","2.40270","2.20908"
"BRB","Barbados","1970","2.42420","2.32058"
"BRB","Barbados","1971","2.33330","2.37224"
"BRB","Barbados","1972","2.72760","2.45264"
"BRB","Barbados","1973","2.63160","2.50388"
"BRB","Barbados","1974","2.61440","2.54622"
"BRB","Barbados","1975","2.61440","2.58426"
"BRB","Barbados","1976","2.61440","2.64048"
"BRB","Barbados","1977","2.61440","2.61784"
"BRB","Barbados","1978","2.61440","2.61440"
"BRB","Barbados","1979","2.61440","2.61440"
"BRB","Barbados","1980","2.50000","2.59152"
"BRB","Barbados","1981","2.50000","2.56864"
"BRB","Barbados","1982","2.50000","2.54576"
"BRB","Barbados","1983","2.50000","2.52288"
"BRB","Barbados","1984","2.72730","2.54546"
"BRB","Barbados","1985","2.50000","2.54546"
"BRB","Barbados","1986","2.56100","2.55766"
"BRB","Barbados","1987","2.56100","2.56986"
"BRB","Barbados","1988","2.61900","2.59366"
"BRB","Barbados","1989","2.61900","2.57200"
"BRB","Barbados","1990","2.67440","2.60688"
"BRB","Barbados","1991","2.62500","2.61968"
"BRB","Barbados","1992","2.57140","2.62176"
"BRB","Barbados","1993","2.66670","2.63130"
"BRB","Barbados","1994","2.60000","2.62750"
"BRB","Barbados","1995","2.75000","2.64262"
"BRB","Barbados","1996","2.66670","2.65096"
"BRB","Barbados","1997","2.60000","2.65668"
"BRB","Barbados","1998","2.60000","2.64334"
"BRB","Barbados","1999","2.60000","2.64334"
"BRB","Barbados","2000","2.60870","2.61508"
"BRB","Barbados","2001","2.60420","2.60258"
"BRB","Barbados","2002","2.62650","2.60788"
"BRB","Barbados","2003","2.63000","2.61388"
"BRB","Barbados","2004","2.65960","2.62580"
"BRB","Barbados","2005","2.73680","2.65142"
"BRB","Barbados","2006","2.70000","2.67058"
"BRB","Barbados","2007","2.66670","2.67862"
"BRB","Barbados","2008","2.74090","2.70080"
"BRB","Barbados","2009","2.82710","2.73430"
"BRB","Barbados","2010","2.88420","2.76378"
"BRB","Barbados","2011","2.98760","2.82130"
"BRB","Barbados","2012","3.20000","2.92796"
"BRB","Barbados","2013","2.83330","2.94644"
"BRB","Barbados","2014","2.70000","2.92102"
"BRB","Barbados","2015","2.69560","2.88330"
"BRB","Barbados","2016","2.75580","2.83694"
"BRB","Barbados","2017","2.81560","2.76006"
"BRB","Barbados","2018","2.83560","2.76052"
"BRB","Barbados","2019","2.83910","2.78834"
"BRB","Barbados","2020","2.83220","2.81566"
"BRB","Barbados","2021","2.81600","2.82770"
"BRB","Barbados","2022","2.80040","2.82466"
"BRB","Barbados","2023","2.79680","2.81690"
"BRB","Barbados","2024","2.79320","2.80772"
"BTN","Bhután","1961","1.39940",""
"BTN","Bhután","1962","1.39830",""
"BTN","Bhután","1963","1.40110",""
"BTN","Bhután","1964","1.40000",""
"BTN","Bhután","1965","1.39900","1.39956"
"BTN","Bhután","1966","1.40150","1.39998"
"BTN","Bhután","1967","1.40050","1.40042"
"BTN","Bhután","1968","1.40000","1.40020"
"BTN","Bhután","1969","1.39910","1.40002"
"BTN","Bhután","1970","1.40130","1.40048"
"BTN","Bhután","1971","1.40040","1.40026"
"BTN","Bhután","1972","1.39960","1.40008"
"BTN","Bhután","1973","1.39870","1.39982"
"BTN","Bhután","1974","1.40080","1.40016"
"BTN","Bhután","1975","1.40000","1.39990"
"BTN","Bhután","1976","1.39920","1.39966"
"BTN","Bhután","1977","1.40120","1.39998"
"BTN","Bhután","1978","1.40040","1.40032"
"BTN","Bhután","1979","1.39960","1.40008"
"BTN","Bhután","1980","1.39890","1.39986"
"BTN","Bhután","1981","1.42080","1.40418"
"BTN","Bhután","1982","1.42090","1.40812"
"BTN","Bhután","1983","1.39970","1.40798"
"BTN","Bhután","1984","1.36070","1.40020"
"BTN","Bhután","1985","1.35710","1.39184"
"BTN","Bhután","1986","1.36110","1.37990"
"BTN","Bhután","1987","0.95420","1.28656"
"BTN","Bhután","1988","0.74310","1.15524"
"BTN","Bhután","1989","0.74240","1.03158"
"BTN","Bhután","1990","0.95240","0.95064"
"BTN","Bhután","1991","1.01290","0.88100"
"BTN","Bhután","1992","1.00000","0.89016"
"BTN","Bhután","1993","1.11110","0.96376"
"BTN","Bhután","1994","1.27720","1.07072"
"BTN","Bhután","1995","1.40280","1.16080"
"BTN","Bhután","1996","1.60000","1.27822"
"BTN","Bhután","1997","1.70000","1.41822"
"BTN","Bhután","1998","1.70000","1.53600"
"BTN","Bhután","1999","1.55560","1.59168"
"BTN","Bhután","2000","1.56450","1.62402"
"BTN","Bhután","2001","1.57890","1.61980"
"BTN","Bhután","2002","1.58560","1.59692"
"BTN","Bhután","2003","1.85040","1.62700"
"BTN","Bhután","2004","4.04950","2.12578"
"BTN","Bhután","2005","3.06080","2.42504"
"BTN","Bhután","2006","2.64790","2.63884"
"BTN","Bhután","2007","2.18240","2.75820"
"BTN","Bhután","2008","2.44640","2.87740"
"BTN","Bhután","2009","2.14060","2.49562"
"BTN","Bhután","2010","2.31770","2.34700"
"BTN","Bhután","2011","2.80540","2.37850"
"BTN","Bhután","2012","2.84220","2.51046"
"BTN","Bhután","2013","3.20710","2.66260"
"BTN","Bhután","2014","3.23840","2.88216"
"BTN","Bhután","2015","3.64010","3.14664"
"BTN","Bhután","2016","3.57940","3.30144"
"BTN","Bhután","2017","3.51760","3.43652"
"BTN","Bhután","2018","3.52360","3.49982"
"BTN","Bhután","2019","3.06670","3.46548"
"BTN","Bhután","2020","3.62080","3.46162"
"BTN","Bhután","2021","3.76660","3.49906"
"BTN","Bhután","2022","3.48210","3.49196"
"BTN","Bhután","2023","3.62100","3.51144"
"BTN","Bhután","2024","3.66950","3.63200"
"BWA","Botswana","1961","0.44770",""
"BWA","Botswana","1962","0.68220",""
"BWA","Botswana","1963","0.75000",""
"BWA","Botswana","1964","0.67220",""
"BWA","Botswana","1965","0.26680","0.56378"
"BWA","Botswana","1966","0.56470","0.58718"
"BWA","Botswana","1967","0.11210","0.47316"
"BWA","Botswana","1968","0.25530","0.37422"
"BWA","Botswana","1969","0.27450","0.29468"
"BWA","Botswana","1970","0.06930","0.25518"
"BWA","Botswana","1971","0.66670","0.27558"
"BWA","Botswana","1972","1.08420","0.47000"
"BWA","Botswana","1973","0.44600","0.50814"
"BWA","Botswana","1974","0.48430","0.55010"
"BWA","Botswana","1975","0.71750","0.67974"
"BWA","Botswana","1976","0.78300","0.70300"
"BWA","Botswana","1977","0.54460","0.59508"
"BWA","Botswana","1978","0.31110","0.56810"
"BWA","Botswana","1979","0.10660","0.49256"
"BWA","Botswana","1980","0.24950","0.39896"
"BWA","Botswana","1981","0.36110","0.31458"
"BWA","Botswana","1982","0.51880","0.30942"
"BWA","Botswana","1983","0.43340","0.33388"
"BWA","Botswana","1984","0.14850","0.34226"
"BWA","Botswana","1985","0.18160","0.32868"
"BWA","Botswana","1986","0.40910","0.33828"
"BWA","Botswana","1987","0.60650","0.35582"
"BWA","Botswana","1988","0.23220","0.31558"
"BWA","Botswana","1989","0.37790","0.36146"
"BWA","Botswana","1990","0.28990","0.38312"
"BWA","Botswana","1991","0.39620","0.38054"
"BWA","Botswana","1992","0.18990","0.29722"
"BWA","Botswana","1993","0.13530","0.27784"
"BWA","Botswana","1994","0.16980","0.23622"
"BWA","Botswana","1995","0.94760","0.36776"
"BWA","Botswana","1996","0.24630","0.33778"
"BWA","Botswana","1997","0.28670","0.35714"
"BWA","Botswana","1998","0.09100","0.34828"
"BWA","Botswana","1999","0.11110","0.33654"
"BWA","Botswana","2000","0.11230","0.16948"
"BWA","Botswana","2001","0.19920","0.16006"
"BWA","Botswana","2002","0.29470","0.16166"
"BWA","Botswana","2003","0.21440","0.18634"
"BWA","Botswana","2004","0.17430","0.19898"
"BWA","Botswana","2005","0.22970","0.22246"
"BWA","Botswana","2006","0.25110","0.23284"
"BWA","Botswana","2007","0.12190","0.19828"
"BWA","Botswana","2008","0.18440","0.19228"
"BWA","Botswana","2009","0.24290","0.20600"
"BWA","Botswana","2010","0.16170","0.19240"
"BWA","Botswana","2011","0.34730","0.21164"
"BWA","Botswana","2012","0.13700","0.21466"
"BWA","Botswana","2013","0.08490","0.19476"
"BWA","Botswana","2014","0.27400","0.20098"
"BWA","Botswana","2015","0.25520","0.21968"
"BWA","Botswana","2016","0.25030","0.20028"
"BWA","Botswana","2017","0.24030","0.22094"
"BWA","Botswana","2018","0.32150","0.26826"
"BWA","Botswana","2019","0.20290","0.25404"
"BWA","Botswana","2020","0.66700","0.33640"
"BWA","Botswana","2021","0.79800","0.44594"
"BWA","Botswana","2022","0.43840","0.48556"
"BWA","Botswana","2023","0.60940","0.54314"
"BWA","Botswana","2024","0.60000","0.62256"
"CAF","Rep. Centroafricana","1961","0.53330",""
"CAF","Rep. Centroafricana","1962","0.42860",""
"CAF","Rep. Centroafricana","1963","0.42860",""
"CAF","Rep. Centroafricana","1964","0.70000",""
"CAF","Rep. Centroafricana","1965","0.80000","0.57810"
"CAF","Rep. Centroafricana","1966","0.80000","0.63144"
"CAF","Rep. Centroafricana","1967","0.80000","0.70572"
"CAF","Rep. Centroafricana","1968","1.00000","0.82000"
"CAF","Rep. Centroafricana","1969","0.77300","0.83460"
"CAF","Rep. Centroafricana","1970","0.67290","0.80918"
"CAF","Rep. Centroafricana","1971","0.68880","0.78694"
"CAF","Rep. Centroafricana","1972","0.63430","0.75380"
"CAF","Rep. Centroafricana","1973","0.57000","0.66780"
"CAF","Rep. Centroafricana","1974","0.38860","0.59092"
"CAF","Rep. Centroafricana","1975","0.42040","0.54042"
"CAF","Rep. Centroafricana","1976","0.42000","0.48666"
"CAF","Rep. Centroafricana","1977","0.33000","0.42580"
"CAF","Rep. Centroafricana","1978","0.50290","0.41238"
"CAF","Rep. Centroafricana","1979","0.32770","0.40020"
"CAF","Rep. Centroafricana","1980","0.37860","0.39184"
"CAF","Rep. Centroafricana","1981","0.40980","0.38980"
"CAF","Rep. Centroafricana","1982","0.40230","0.40426"
"CAF","Rep. Centroafricana","1983","0.41760","0.38720"
"CAF","Rep. Centroafricana","1984","0.52630","0.42692"
"CAF","Rep. Centroafricana","1985","0.96390","0.54398"
"CAF","Rep. Centroafricana","1986","1.20180","0.70238"
"CAF","Rep. Centroafricana","1987","1.02020","0.82596"
"CAF","Rep. Centroafricana","1988","1.01900","0.94624"
"CAF","Rep. Centroafricana","1989","0.94100","1.02918"
"CAF","Rep. Centroafricana","1990","0.73240","0.98288"
"CAF","Rep. Centroafricana","1991","0.81490","0.90550"
"CAF","Rep. Centroafricana","1992","0.90380","0.88222"
"CAF","Rep. Centroafricana","1993","0.90380","0.85918"
"CAF","Rep. Centroafricana","1994","0.85000","0.84098"
"CAF","Rep. Centroafricana","1995","0.85000","0.86450"
"CAF","Rep. Centroafricana","1996","0.85000","0.87152"
"CAF","Rep. Centroafricana","1997","0.91780","0.87432"
"CAF","Rep. Centroafricana","1998","0.98060","0.88968"
"CAF","Rep. Centroafricana","1999","1.05560","0.93080"
"CAF","Rep. Centroafricana","2000","1.06000","0.97280"
"CAF","Rep. Centroafricana","2001","1.07000","1.01680"
"CAF","Rep. Centroafricana","2002","0.98260","1.02976"
"CAF","Rep. Centroafricana","2003","0.95200","1.02404"
"CAF","Rep. Centroafricana","2004","0.96150","1.00522"
"CAF","Rep. Centroafricana","2005","0.90340","0.97390"
"CAF","Rep. Centroafricana","2006","0.89680","0.93926"
"CAF","Rep. Centroafricana","2007","0.85000","0.91274"
"CAF","Rep. Centroafricana","2008","0.85000","0.89234"
"CAF","Rep. Centroafricana","2009","0.85000","0.87004"
"CAF","Rep. Centroafricana","2010","0.82670","0.85470"
"CAF","Rep. Centroafricana","2011","0.82750","0.84084"
"CAF","Rep. Centroafricana","2012","0.80410","0.83166"
"CAF","Rep. Centroafricana","2013","0.79260","0.82018"
"CAF","Rep. Centroafricana","2014","0.80000","0.81018"
"CAF","Rep. Centroafricana","2015","0.80000","0.80484"
"CAF","Rep. Centroafricana","2016","0.80000","0.79934"
"CAF","Rep. Centroafricana","2017","0.80000","0.79852"
"CAF","Rep. Centroafricana","2018","0.80000","0.80000"
"CAF","Rep. Centroafricana","2019","0.80000","0.80000"
"CAF","Rep. Centroafricana","2020","0.70100","0.78020"
"CAF","Rep. Centroafricana","2021","0.80000","0.78020"
"CAF","Rep. Centroafricana","2022","0.80000","0.78020"
"CAF","Rep. Centroafricana","2023","0.80000","0.78020"
"CAF","Rep. Centroafricana","2024","0.74070","0.76834"
"CAN","Canadá","1961","4.58220",""
"CAN","Canadá","1962","4.77210",""
"CAN","Canadá","1963","4.11080",""
"CAN","Canadá","1964","5.06360",""
"CAN","Canadá","1965","5.00610","4.70696"
"CAN","Canadá","1966","5.16150","4.82282"
"CAN","Canadá","1967","5.31100","4.93060"
"CAN","Canadá","1968","5.32090","5.17262"
"CAN","Canadá","1969","4.71310","5.10252"
"CAN","Canadá","1970","5.27480","5.15626"
"CAN","Canadá","1971","5.16250","5.15646"
"CAN","Canadá","1972","4.70820","5.03590"
"CAN","Canadá","1973","5.28810","5.02934"
"CAN","Canadá","1974","4.43390","4.97350"
"CAN","Canadá","1975","5.74050","5.06664"
"CAN","Canadá","1976","5.30250","5.09464"
"CAN","Canadá","1977","5.77290","5.30758"
"CAN","Canadá","1978","5.25860","5.30168"
"CAN","Canadá","1979","5.53860","5.52262"
"CAN","Canadá","1980","5.62830","5.50018"
"CAN","Canadá","1981","5.85730","5.61114"
"CAN","Canadá","1982","5.88120","5.63280"
"CAN","Canadá","1983","5.51770","5.68462"
"CAN","Canadá","1984","5.89710","5.75632"
"CAN","Canadá","1985","6.20430","5.87152"
"CAN","Canadá","1986","5.94840","5.88974"
"CAN","Canadá","1987","7.01970","6.11744"
"CAN","Canadá","1988","5.47100","6.10810"
"CAN","Canadá","1989","6.35120","6.19892"
"CAN","Canadá","1990","6.86020","6.33010"
"CAN","Canadá","1991","6.70980","6.48238"
"CAN","Canadá","1992","5.69270","6.21698"
"CAN","Canadá","1993","6.42410","6.40760"
"CAN","Canadá","1994","7.37480","6.61232"
"CAN","Canadá","1995","7.25280","6.69084"
"CAN","Canadá","1996","6.91410","6.73170"
"CAN","Canadá","1997","6.87020","6.96720"
"CAN","Canadá","1998","8.00540","7.28346"
"CAN","Canadá","1999","7.97470","7.40344"
"CAN","Canadá","2000","6.28440","7.20976"
"CAN","Canadá","2001","6.61870","7.15068"
"CAN","Canadá","2002","7.01280","7.17920"
"CAN","Canadá","2003","7.81930","7.14198"
"CAN","Canadá","2004","8.24100","7.19524"
"CAN","Canadá","2005","8.60350","7.65906"
"CAN","Canadá","2006","8.47370","8.03006"
"CAN","Canadá","2007","8.51080","8.32966"
"CAN","Canadá","2008","9.06230","8.57826"
"CAN","Canadá","2009","8.37230","8.60452"
"CAN","Canadá","2010","9.75090","8.83400"
"CAN","Canadá","2011","8.93120","8.92550"
"CAN","Canadá","2012","9.15790","9.05492"
"CAN","Canadá","2013","9.54510","9.15148"
"CAN","Canadá","2014","9.29400","9.33582"
"CAN","Canadá","2015","10.20550","9.42674"
"CAN","Canadá","2016","9.82600","9.60570"
"CAN","Canadá","2017","10.02380","9.77888"
"CAN","Canadá","2018","9.70490","9.81084"
"CAN","Canadá","2019","9.23640","9.79932"
"CAN","Canadá","2020","9.63170","9.68456"
"CAN","Canadá","2021","9.99580","9.71852"
"CAN","Canadá","2022","10.06920","9.72760"
"CAN","Canadá","2023","10.15270","9.81716"
"CAN","Canadá","2024","10.58780","10.08744"
"CHE","Suiza","1961","4.67340",""
"CHE","Suiza","1962","4.52460",""
"CHE","Suiza","1963","4.89670",""
"CHE","Suiza","1964","4.92010",""
"CHE","Suiza","1965","4.22410","4.64778"
"CHE","Suiza","1966","4.93760","4.70062"
"CHE","Suiza","1967","5.71580","4.93886"
"CHE","Suiza","1968","5.50520","5.06056"
"CHE","Suiza","1969","5.69690","5.21592"
"CHE","Suiza","1970","5.86650","5.54440"
"CHE","Suiza","1971","6.61050","5.87898"
"CHE","Suiza","1972","3.64740","5.46530"
"CHE","Suiza","1973","6.88970","5.74220"
"CHE","Suiza","1974","5.79780","5.76238"
"CHE","Suiza","1975","6.53950","5.89698"
"CHE","Suiza","1976","6.16920","5.80872"
"CHE","Suiza","1977","6.47950","6.37514"
"CHE","Suiza","1978","6.75240","6.34768"
"CHE","Suiza","1979","7.54210","6.69654"
"CHE","Suiza","1980","6.47150","6.68294"
"CHE","Suiza","1981","7.50810","6.95072"
"CHE","Suiza","1982","8.53260","7.36134"
"CHE","Suiza","1983","7.30240","7.47134"
"CHE","Suiza","1984","7.03290","7.36950"
"CHE","Suiza","1985","7.27000","7.52920"
"CHE","Suiza","1986","7.75200","7.57798"
"CHE","Suiza","1987","7.26860","7.32518"
"CHE","Suiza","1988","9.88030","7.84076"
"CHE","Suiza","1989","8.98100","8.23038"
"CHE","Suiza","1990","8.51020","8.47842"
"CHE","Suiza","1991","8.05100","8.53822"
"CHE","Suiza","1992","8.31300","8.74710"
"CHE","Suiza","1993","8.90500","8.55204"
"CHE","Suiza","1994","8.74900","8.50564"
"CHE","Suiza","1995","8.36140","8.47588"
"CHE","Suiza","1996","8.57480","8.58064"
"CHE","Suiza","1997","9.27320","8.77268"
"CHE","Suiza","1998","9.11400","8.81448"
"CHE","Suiza","1999","8.88520","8.84172"
"CHE","Suiza","2000","9.65190","9.09982"
"CHE","Suiza","2001","8.94410","9.17368"
"CHE","Suiza","2002","9.21680","9.16240"
"CHE","Suiza","2003","4.29900","8.19940"
"CHE","Suiza","2004","9.61420","8.34520"
"CHE","Suiza","2005","9.64970","8.34476"
"CHE","Suiza","2006","8.44880","8.24570"
"CHE","Suiza","2007","10.16950","8.43624"
"CHE","Suiza","2008","9.70270","9.51698"
"CHE","Suiza","2009","10.41320","9.67678"
"CHE","Suiza","2010","8.49220","9.44528"
"CHE","Suiza","2011","11.44470","10.04446"
"CHE","Suiza","2012","10.82790","10.17614"
"CHE","Suiza","2013","10.08370","10.25234"
"CHE","Suiza","2014","10.75540","10.32078"
"CHE","Suiza","2015","8.99400","10.42114"
"CHE","Suiza","2016","10.19380","10.17096"
"CHE","Suiza","2017","10.69340","10.14406"
"CHE","Suiza","2018","9.77620","10.08256"
"CHE","Suiza","2019","10.90400","10.11228"
"CHE","Suiza","2020","11.00000","10.51348"
"CHE","Suiza","2021","7.85730","10.04618"
"CHE","Suiza","2022","9.89400","9.88630"
"CHE","Suiza","2023","8.63300","9.65766"
"CHE","Suiza","2024","9.97930","9.47272"
"CHL","Chile","1961","1.95380",""
"CHL","Chile","1962","2.13770",""
"CHL","Chile","1963","2.08680",""
"CHL","Chile","1964","2.73960",""
"CHL","Chile","1965","2.96650","2.37688"
"CHL","Chile","1966","3.53570","2.69326"
"CHL","Chile","1967","3.92840","3.05140"
"CHL","Chile","1968","3.62330","3.35870"
"CHL","Chile","1969","2.63160","3.33710"
"CHL","Chile","1970","3.23660","3.39112"
"CHL","Chile","1971","3.35450","3.35488"
"CHL","Chile","1972","3.34980","3.23916"
"CHL","Chile","1973","3.40340","3.19518"
"CHL","Chile","1974","3.41090","3.35104"
"CHL","Chile","1975","3.59350","3.42242"
"CHL","Chile","1976","2.57880","3.26728"
"CHL","Chile","1977","3.07480","3.21228"
"CHL","Chile","1978","2.73630","3.07886"
"CHL","Chile","1979","3.75180","3.14704"
"CHL","Chile","1980","3.48730","3.12580"
"CHL","Chile","1981","4.12770","3.43558"
"CHL","Chile","1982","3.69570","3.55976"
"CHL","Chile","1983","4.33700","3.87990"
"CHL","Chile","1984","5.21350","4.17224"
"CHL","Chile","1985","5.91310","4.65740"
"CHL","Chile","1986","6.88650","5.20916"
"CHL","Chile","1987","7.12100","5.89422"
"CHL","Chile","1988","7.31760","6.49034"
"CHL","Chile","1989","7.52880","6.95340"
"CHL","Chile","1990","8.13950","7.39868"
"CHL","Chile","1991","8.39160","7.69970"
"CHL","Chile","1992","8.48840","7.97318"
"CHL","Chile","1993","8.48900","8.20746"
"CHL","Chile","1994","8.93810","8.48932"
"CHL","Chile","1995","9.10000","8.68142"
"CHL","Chile","1996","9.44530","8.89216"
"CHL","Chile","1997","8.24170","8.84282"
"CHL","Chile","1998","9.40060","9.02514"
"CHL","Chile","1999","8.51530","8.94058"
"CHL","Chile","2000","9.41200","9.00298"
"CHL","Chile","2001","9.43060","9.00004"
"CHL","Chile","2002","10.59020","9.46974"
"CHL","Chile","2003","9.99770","9.58916"
"CHL","Chile","2004","11.06780","10.09966"
"CHL","Chile","2005","11.22850","10.46296"
"CHL","Chile","2006","11.18400","10.81364"
"CHL","Chile","2007","8.93020","10.48164"
"CHL","Chile","2008","10.14110","10.51032"
"CHL","Chile","2009","10.49560","10.39588"
"CHL","Chile","2010","11.08080","10.36634"
"CHL","Chile","2011","11.99780","10.52910"
"CHL","Chile","2012","10.72240","10.88754"
"CHL","Chile","2013","10.63210","10.98574"
"CHL","Chile","2014","10.10170","10.90696"
"CHL","Chile","2015","12.29040","11.14888"
"CHL","Chile","2016","11.54400","11.05812"
"CHL","Chile","2017","11.22440","11.15852"
"CHL","Chile","2018","12.47060","11.52622"
"CHL","Chile","2019","12.10000","11.92588"
"CHL","Chile","2020","9.18140","11.30408"
"CHL","Chile","2021","11.81090","11.35746"
"CHL","Chile","2022","11.03020","11.31862"
"CHL","Chile","2023","10.84930","10.99436"
"CHL","Chile","2024","10.80630","10.73562"
"CHN","China","1961","1.18420",""
"CHN","China","1962","1.26950",""
"CHN","China","1963","1.33980",""
"CHN","China","1964","1.47840",""
"CHN","China","1965","1.51070","1.35652"
"CHN","China","1966","1.71350","1.46238"
"CHN","China","1967","1.93440","1.59536"
"CHN","China","1968","1.81690","1.69078"
"CHN","China","1969","1.77630","1.75036"
"CHN","China","1970","2.08850","1.86592"
"CHN","China","1971","2.14560","1.95234"
"CHN","China","1972","1.92380","1.95022"
"CHN","China","1973","2.33360","2.05356"
"CHN","China","1974","2.46770","2.19184"
"CHN","China","1975","2.54160","2.28246"
"CHN","China","1976","2.50660","2.35466"
"CHN","China","1977","2.51550","2.47300"
"CHN","China","1978","2.80300","2.56688"
"CHN","China","1979","2.98520","2.67038"
"CHN","China","1980","3.07890","2.77784"
"CHN","China","1981","3.05130","2.88678"
"CHN","China","1982","3.26910","3.03750"
"CHN","China","1983","3.62350","3.20160"
"CHN","China","1984","3.96020","3.39660"
"CHN","China","1985","3.60720","3.50226"
"CHN","China","1986","3.70510","3.63302"
"CHN","China","1987","3.92050","3.76330"
"CHN","China","1988","3.92810","3.82422"
"CHN","China","1989","3.87810","3.80780"
"CHN","China","1990","4.52400","3.99116"
"CHN","China","1991","4.57830","4.16580"
"CHN","China","1992","4.53270","4.28824"
"CHN","China","1993","4.96300","4.49522"
"CHN","China","1994","4.69350","4.65830"
"CHN","China","1995","4.91690","4.73688"
"CHN","China","1996","5.20330","4.86188"
"CHN","China","1997","4.38740","4.83282"
"CHN","China","1998","5.26780","4.89378"
"CHN","China","1999","4.94470","4.94402"
"CHN","China","2000","4.59750","4.88014"
"CHN","China","2001","4.69850","4.77918"
"CHN","China","2002","4.87140","4.87598"
"CHN","China","2003","4.81260","4.78494"
"CHN","China","2004","5.12030","4.82006"
"CHN","China","2005","5.28730","4.95802"
"CHN","China","2006","5.32630","5.08358"
"CHN","China","2007","5.16670","5.14264"
"CHN","China","2008","5.55570","5.29126"
"CHN","China","2009","5.25850","5.31890"
"CHN","China","2010","5.45920","5.35328"
"CHN","China","2011","5.74750","5.43752"
"CHN","China","2012","5.86970","5.57812"
"CHN","China","2013","6.01590","5.67016"
"CHN","China","2014","5.80890","5.78024"
"CHN","China","2015","5.89290","5.86698"
"CHN","China","2016","5.96710","5.91090"
"CHN","China","2017","6.11030","5.95902"
"CHN","China","2018","6.10430","5.97670"
"CHN","China","2019","6.31730","6.07838"
"CHN","China","2020","6.31770","6.16334"
"CHN","China","2021","6.29100","6.22812"
"CHN","China","2022","6.43610","6.29328"
"CHN","China","2023","6.53210","6.37884"
"CHN","China","2024","6.59180","6.43374"
"CIV","Costa de Marfil","1961","0.52940",""
"CIV","Costa de Marfil","1962","0.76230",""
"CIV","Costa de Marfil","1963","0.68150",""
"CIV","Costa de Marfil","1964","0.69290",""
"CIV","Costa de Marfil","1965","0.69500","0.67222"
"CIV","Costa de Marfil","1966","0.71430","0.70920"
"CIV","Costa de Marfil","1967","0.77460","0.71166"
"CIV","Costa de Marfil","1968","0.68670","0.71270"
"CIV","Costa de Marfil","1969","0.78080","0.73028"
"CIV","Costa de Marfil","1970","0.70460","0.73220"
"CIV","Costa de Marfil","1971","0.83210","0.75576"
"CIV","Costa de Marfil","1972","0.67160","0.73516"
"CIV","Costa de Marfil","1973","0.66860","0.73154"
"CIV","Costa de Marfil","1974","0.64170","0.70372"
"CIV","Costa de Marfil","1975","0.52170","0.66714"
"CIV","Costa de Marfil","1976","0.47680","0.59608"
"CIV","Costa de Marfil","1977","0.47960","0.55768"
"CIV","Costa de Marfil","1978","0.46810","0.51758"
"CIV","Costa de Marfil","1979","0.47090","0.48342"
"CIV","Costa de Marfil","1980","0.81200","0.54148"
"CIV","Costa de Marfil","1981","0.81630","0.60938"
"CIV","Costa de Marfil","1982","0.82690","0.67884"
"CIV","Costa de Marfil","1983","0.74550","0.73432"
"CIV","Costa de Marfil","1984","0.87390","0.81492"
"CIV","Costa de Marfil","1985","0.90060","0.83264"
"CIV","Costa de Marfil","1986","0.70000","0.80938"
"CIV","Costa de Marfil","1987","0.67650","0.77930"
"CIV","Costa de Marfil","1988","0.69950","0.77010"
"CIV","Costa de Marfil","1989","0.69930","0.73518"
"CIV","Costa de Marfil","1990","1.19040","0.79314"
"CIV","Costa de Marfil","1991","1.25330","0.90380"
"CIV","Costa de Marfil","1992","1.31950","1.03240"
"CIV","Costa de Marfil","1993","1.38920","1.17034"
"CIV","Costa de Marfil","1994","1.46270","1.32302"
"CIV","Costa de Marfil","1995","1.54000","1.39294"
"CIV","Costa de Marfil","1996","1.62140","1.46656"
"CIV","Costa de Marfil","1997","1.70700","1.54406"
"CIV","Costa de Marfil","1998","1.79730","1.62568"
"CIV","Costa de Marfil","1999","1.96220","1.72558"
"CIV","Costa de Marfil","2000","2.02870","1.82332"
"CIV","Costa de Marfil","2001","2.09750","1.91854"
"CIV","Costa de Marfil","2002","2.16870","2.01088"
"CIV","Costa de Marfil","2003","2.24220","2.09986"
"CIV","Costa de Marfil","2004","2.22420","2.15226"
"CIV","Costa de Marfil","2005","2.11380","2.16928"
"CIV","Costa de Marfil","2006","2.11570","2.17292"
"CIV","Costa de Marfil","2007","1.76430","2.09204"
"CIV","Costa de Marfil","2008","2.03130","2.04986"
"CIV","Costa de Marfil","2009","1.99660","2.00434"
"CIV","Costa de Marfil","2010","1.98000","1.97758"
"CIV","Costa de Marfil","2011","1.89690","1.93382"
"CIV","Costa de Marfil","2012","2.12000","2.00496"
"CIV","Costa de Marfil","2013","2.14790","2.02828"
"CIV","Costa de Marfil","2014","2.14910","2.05878"
"CIV","Costa de Marfil","2015","2.06080","2.07494"
"CIV","Costa de Marfil","2016","2.04860","2.10528"
"CIV","Costa de Marfil","2017","2.07630","2.09654"
"CIV","Costa de Marfil","2018","2.09470","2.08590"
"CIV","Costa de Marfil","2019","2.02650","2.06138"
"CIV","Costa de Marfil","2020","2.17730","2.08468"
"CIV","Costa de Marfil","2021","2.11030","2.09702"
"CIV","Costa de Marfil","2022","2.22100","2.12596"
"CIV","Costa de Marfil","2023","2.62270","2.23156"
"CIV","Costa de Marfil","2024","2.56350","2.33896"
"CMR","Camerún","1961","0.78260",""
"CMR","Camerún","1962","0.74470",""
"CMR","Camerún","1963","0.75560",""
"CMR","Camerún","1964","0.75860",""
"CMR","Camerún","1965","0.75860","0.76002"
"CMR","Camerún","1966","0.76190","0.75588"
"CMR","Camerún","1967","0.75060","0.75706"
"CMR","Camerún","1968","0.81610","0.76916"
"CMR","Camerún","1969","0.93020","0.80348"
"CMR","Camerún","1970","0.89570","0.83090"
"CMR","Camerún","1971","0.90820","0.86016"
"CMR","Camerún","1972","0.90960","0.89196"
"CMR","Camerún","1973","0.86150","0.90104"
"CMR","Camerún","1974","0.90910","0.89682"
"CMR","Camerún","1975","1.23020","0.96372"
"CMR","Camerún","1976","0.88870","0.95982"
"CMR","Camerún","1977","0.89780","0.95746"
"CMR","Camerún","1978","0.74700","0.93456"
"CMR","Camerún","1979","0.74820","0.90238"
"CMR","Camerún","1980","0.83180","0.82270"
"CMR","Camerún","1981","0.97730","0.84042"
"CMR","Camerún","1982","1.09280","0.87942"
"CMR","Camerún","1983","1.02910","0.93584"
"CMR","Camerún","1984","1.81130","1.14846"
"CMR","Camerún","1985","1.66450","1.31500"
"CMR","Camerún","1986","1.92480","1.50450"
"CMR","Camerún","1987","1.91310","1.66856"
"CMR","Camerún","1988","1.95920","1.85458"
"CMR","Camerún","1989","1.86400","1.86512"
"CMR","Camerún","1990","1.85430","1.90308"
"CMR","Camerún","1991","1.98000","1.91412"
"CMR","Camerún","1992","1.39740","1.81098"
"CMR","Camerún","1993","1.12670","1.64448"
"CMR","Camerún","1994","1.16440","1.50456"
"CMR","Camerún","1995","1.54500","1.44270"
"CMR","Camerún","1996","1.87500","1.42170"
"CMR","Camerún","1997","2.02670","1.54756"
"CMR","Camerún","1998","1.89110","1.70044"
"CMR","Camerún","1999","2.59070","1.98570"
"CMR","Camerún","2000","2.46150","2.16900"
"CMR","Camerún","2001","2.44040","2.28208"
"CMR","Camerún","2002","2.06790","2.29032"
"CMR","Camerún","2003","1.99080","2.31026"
"CMR","Camerún","2004","1.91660","2.17544"
"CMR","Camerún","2005","2.13340","2.10982"
"CMR","Camerún","2006","2.22240","2.06622"
"CMR","Camerún","2007","2.00000","2.05264"
"CMR","Camerún","2008","2.00000","2.05448"
"CMR","Camerún","2009","1.97870","2.06690"
"CMR","Camerún","2010","1.97410","2.03504"
"CMR","Camerún","2011","2.02400","1.99536"
"CMR","Camerún","2012","1.71520","1.93840"
"CMR","Camerún","2013","1.97870","1.93414"
"CMR","Camerún","2014","1.76450","1.89130"
"CMR","Camerún","2015","1.74060","1.84460"
"CMR","Camerún","2016","1.98000","1.83580"
"CMR","Camerún","2017","1.84000","1.86076"
"CMR","Camerún","2018","1.84560","1.83414"
"CMR","Camerún","2019","1.90550","1.86234"
"CMR","Camerún","2020","1.78470","1.87116"
"CMR","Camerún","2021","1.77070","1.82930"
"CMR","Camerún","2022","1.69230","1.79976"
"CMR","Camerún","2023","1.83330","1.79730"
"CMR","Camerún","2024","1.83330","1.78286"
"COD","Rep. Dem. Congo","1961","0.68520",""
"COD","Rep. Dem. Congo","1962","0.69230",""
"COD","Rep. Dem. Congo","1963","0.67960",""
"COD","Rep. Dem. Congo","1964","0.67960",""
"COD","Rep. Dem. Congo","1965","0.67960","0.68326"
"COD","Rep. Dem. Congo","1966","0.68060","0.68234"
"COD","Rep. Dem. Congo","1967","0.68330","0.68054"
"COD","Rep. Dem. Congo","1968","0.68000","0.68062"
"COD","Rep. Dem. Congo","1969","0.68250","0.68120"
"COD","Rep. Dem. Congo","1970","0.71940","0.68916"
"COD","Rep. Dem. Congo","1971","0.71690","0.69642"
"COD","Rep. Dem. Congo","1972","0.73150","0.70606"
"COD","Rep. Dem. Congo","1973","0.72410","0.71488"
"COD","Rep. Dem. Congo","1974","0.72720","0.72382"
"COD","Rep. Dem. Congo","1975","0.73380","0.72670"
"COD","Rep. Dem. Congo","1976","0.72770","0.72886"
"COD","Rep. Dem. Congo","1977","0.72270","0.72710"
"COD","Rep. Dem. Congo","1978","0.70840","0.72396"
"COD","Rep. Dem. Congo","1979","0.80000","0.73852"
"COD","Rep. Dem. Congo","1980","0.79950","0.75166"
"COD","Rep. Dem. Congo","1981","0.83340","0.77280"
"COD","Rep. Dem. Congo","1982","0.84760","0.79778"
"COD","Rep. Dem. Congo","1983","0.83090","0.82228"
"COD","Rep. Dem. Congo","1984","0.84710","0.83170"
"COD","Rep. Dem. Congo","1985","0.80000","0.83180"
"COD","Rep. Dem. Congo","1986","0.80000","0.82512"
"COD","Rep. Dem. Congo","1987","0.85000","0.82560"
"COD","Rep. Dem. Congo","1988","0.80900","0.82122"
"COD","Rep. Dem. Congo","1989","0.81400","0.81460"
"COD","Rep. Dem. Congo","1990","0.81660","0.81792"
"COD","Rep. Dem. Congo","1991","0.81000","0.81992"
"COD","Rep. Dem. Congo","1992","0.81200","0.81232"
"COD","Rep. Dem. Congo","1993","0.82570","0.81566"
"COD","Rep. Dem. Congo","1994","0.82660","0.81818"
"COD","Rep. Dem. Congo","1995","0.78660","0.81218"
"COD","Rep. Dem. Congo","1996","0.79940","0.81006"
"COD","Rep. Dem. Congo","1997","0.81780","0.81122"
"COD","Rep. Dem. Congo","1998","0.83190","0.81246"
"COD","Rep. Dem. Congo","1999","0.79900","0.80694"
"COD","Rep. Dem. Congo","2000","0.79900","0.80942"
"COD","Rep. Dem. Congo","2001","0.79900","0.80934"
"COD","Rep. Dem. Congo","2002","0.77900","0.80158"
"COD","Rep. Dem. Congo","2003","0.77900","0.79100"
"COD","Rep. Dem. Congo","2004","0.77900","0.78700"
"COD","Rep. Dem. Congo","2005","0.77900","0.78300"
"COD","Rep. Dem. Congo","2006","0.77900","0.77900"
"COD","Rep. Dem. Congo","2007","0.77900","0.77900"
"COD","Rep. Dem. Congo","2008","0.77900","0.77900"
"COD","Rep. Dem. Congo","2009","0.77900","0.77900"
"COD","Rep. Dem. Congo","2010","0.79960","0.78312"
"COD","Rep. Dem. Congo","2011","0.77800","0.78292"
"COD","Rep. Dem. Congo","2012","0.77820","0.78276"
"COD","Rep. Dem. Congo","2013","0.77930","0.78282"
"COD","Rep. Dem. Congo","2014","0.77570","0.78216"
"COD","Rep. Dem. Congo","2015","0.77550","0.77734"
"COD","Rep. Dem. Congo","2016","0.77270","0.77628"
"COD","Rep. Dem. Congo","2017","0.77190","0.77502"
"COD","Rep. Dem. Congo","2018","0.77020","0.77320"
"COD","Rep. Dem. Congo","2019","0.77010","0.77208"
"COD","Rep. Dem. Congo","2020","0.76910","0.77080"
"COD","Rep. Dem. Congo","2021","0.76970","0.77020"
"COD","Rep. Dem. Congo","2022","0.77040","0.76990"
"COD","Rep. Dem. Congo","2023","0.76970","0.76980"
"COD","Rep. Dem. Congo","2024","0.76900","0.76958"
"COG","Congo","1961","0.75000",""
"COG","Congo","1962","0.75000",""
"COG","Congo","1963","1.02000",""
"COG","Congo","1964","1.00000",""
"COG","Congo","1965","1.00000","0.90400"
"COG","Congo","1966","0.62500","0.87900"
"COG","Congo","1967","0.62500","0.85400"
"COG","Congo","1968","0.93750","0.83750"
"COG","Congo","1969","0.57140","0.75178"
"COG","Congo","1970","0.57140","0.66606"
"COG","Congo","1971","0.66670","0.67440"
"COG","Congo","1972","0.66670","0.68274"
"COG","Congo","1973","0.53850","0.60294"
"COG","Congo","1974","0.60540","0.60974"
"COG","Congo","1975","0.60000","0.61546"
"COG","Congo","1976","0.60000","0.60212"
"COG","Congo","1977","0.61110","0.59100"
"COG","Congo","1978","0.38460","0.56022"
"COG","Congo","1979","0.65380","0.56990"
"COG","Congo","1980","0.80560","0.61102"
"COG","Congo","1981","0.96000","0.68302"
"COG","Congo","1982","0.57010","0.67482"
"COG","Congo","1983","0.71660","0.74122"
"COG","Congo","1984","0.65460","0.74138"
"COG","Congo","1985","0.75640","0.73154"
"COG","Congo","1986","0.83650","0.70684"
"COG","Congo","1987","0.75580","0.74398"
"COG","Congo","1988","0.78960","0.75858"
"COG","Congo","1989","0.82430","0.79252"
"COG","Congo","1990","0.57840","0.75692"
"COG","Congo","1991","0.59840","0.70930"
"COG","Congo","1992","0.60410","0.67896"
"COG","Congo","1993","0.60280","0.64160"
"COG","Congo","1994","0.62390","0.60152"
"COG","Congo","1995","0.76310","0.63846"
"COG","Congo","1996","0.77250","0.67328"
"COG","Congo","1997","0.77320","0.70710"
"COG","Congo","1998","0.78250","0.74304"
"COG","Congo","1999","0.77130","0.77252"
"COG","Congo","2000","0.80000","0.77990"
"COG","Congo","2001","0.80300","0.78600"
"COG","Congo","2002","0.80600","0.79256"
"COG","Congo","2003","0.81520","0.79910"
"COG","Congo","2004","0.80620","0.80608"
"COG","Congo","2005","0.80870","0.80782"
"COG","Congo","2006","0.81740","0.81070"
"COG","Congo","2007","0.79170","0.80784"
"COG","Congo","2008","0.80490","0.80578"
"COG","Congo","2009","0.80950","0.80644"
"COG","Congo","2010","0.81740","0.80818"
"COG","Congo","2011","0.82850","0.81040"
"COG","Congo","2012","0.82190","0.81644"
"COG","Congo","2013","0.82390","0.82024"
"COG","Congo","2014","0.85400","0.82914"
"COG","Congo","2015","0.86910","0.83948"
"COG","Congo","2016","0.89690","0.85316"
"COG","Congo","2017","0.93070","0.87492"
"COG","Congo","2018","0.96200","0.90254"
"COG","Congo","2019","1.00000","0.93174"
"COG","Congo","2020","1.00000","0.95792"
"COG","Congo","2021","1.00000","0.97854"
"COG","Congo","2022","1.00000","0.99240"
"COG","Congo","2023","1.00000","1.00000"
"COG","Congo","2024","1.00000","1.00000"
"COL","Colombia","1961","1.06570",""
"COL","Colombia","1962","1.08180",""
"COL","Colombia","1963","1.13480",""
"COL","Colombia","1964","1.25450",""
"COL","Colombia","1965","1.00220","1.10780"
"COL","Colombia","1966","1.00500","1.09566"
"COL","Colombia","1967","1.07590","1.09448"
"COL","Colombia","1968","1.08310","1.08414"
"COL","Colombia","1969","1.20340","1.07392"
"COL","Colombia","1970","1.32570","1.13862"
"COL","Colombia","1971","1.22810","1.18324"
"COL","Colombia","1972","1.29100","1.22626"
"COL","Colombia","1973","1.27370","1.26438"
"COL","Colombia","1974","1.38840","1.30138"
"COL","Colombia","1975","1.26170","1.28858"
"COL","Colombia","1976","1.36480","1.31592"
"COL","Colombia","1977","1.29680","1.31708"
"COL","Colombia","1978","1.28510","1.31936"
"COL","Colombia","1979","1.41360","1.32440"
"COL","Colombia","1980","1.38930","1.34992"
"COL","Colombia","1981","1.39900","1.35676"
"COL","Colombia","1982","1.41250","1.37990"
"COL","Colombia","1983","1.48340","1.41956"
"COL","Colombia","1984","1.45750","1.42834"
"COL","Colombia","1985","1.41070","1.43262"
"COL","Colombia","1986","1.33220","1.41926"
"COL","Colombia","1987","1.38020","1.41280"
"COL","Colombia","1988","1.36700","1.38952"
"COL","Colombia","1989","1.37490","1.37300"
"COL","Colombia","1990","1.44980","1.38082"
"COL","Colombia","1991","1.54980","1.42434"
"COL","Colombia","1992","1.51750","1.45180"
"COL","Colombia","1993","1.54650","1.48770"
"COL","Colombia","1994","1.56710","1.52614"
"COL","Colombia","1995","1.55370","1.54692"
"COL","Colombia","1996","1.62930","1.56282"
"COL","Colombia","1997","1.70540","1.60040"
"COL","Colombia","1998","1.65980","1.62306"
"COL","Colombia","1999","1.79610","1.66886"
"COL","Colombia","2000","2.10640","1.77940"
"COL","Colombia","2001","2.07550","1.86864"
"COL","Colombia","2002","2.27730","1.98302"
"COL","Colombia","2003","2.65180","2.18142"
"COL","Colombia","2004","2.63570","2.34934"
"COL","Colombia","2005","2.75370","2.47880"
"COL","Colombia","2006","2.53680","2.57106"
"COL","Colombia","2007","2.76610","2.66882"
"COL","Colombia","2008","2.77120","2.69270"
"COL","Colombia","2009","2.68450","2.70246"
"COL","Colombia","2010","2.72270","2.69626"
"COL","Colombia","2011","2.85910","2.76072"
"COL","Colombia","2012","2.90520","2.78854"
"COL","Colombia","2013","2.82460","2.79922"
"COL","Colombia","2014","3.56510","2.97534"
"COL","Colombia","2015","3.67140","3.16508"
"COL","Colombia","2016","3.07370","3.20800"
"COL","Colombia","2017","3.50050","3.32706"
"COL","Colombia","2018","3.49890","3.46192"
"COL","Colombia","2019","3.74180","3.49726"
"COL","Colombia","2020","4.03660","3.57030"
"COL","Colombia","2021","3.98820","3.75320"
"COL","Colombia","2022","4.15280","3.88366"
"COL","Colombia","2023","4.03690","3.99126"
"COL","Colombia","2024","4.34320","4.11154"
"COM","Comoras","1961","1.04550",""
"COM","Comoras","1962","1.09520",""
"COM","Comoras","1963","1.02220",""
"COM","Comoras","1964","1.04000",""
"COM","Comoras","1965","1.07140","1.05486"
"COM","Comoras","1966","1.10000","1.06576"
"COM","Comoras","1967","1.09380","1.06548"
"COM","Comoras","1968","1.09380","1.07980"
"COM","Comoras","1969","1.06060","1.08392"
"COM","Comoras","1970","1.06060","1.08176"
"COM","Comoras","1971","1.06060","1.07388"
"COM","Comoras","1972","1.05880","1.06688"
"COM","Comoras","1973","1.05710","1.05954"
"COM","Comoras","1974","1.05560","1.05854"
"COM","Comoras","1975","1.05260","1.05694"
"COM","Comoras","1976","1.05000","1.05482"
"COM","Comoras","1977","1.06980","1.05702"
"COM","Comoras","1978","1.00000","1.04560"
"COM","Comoras","1979","1.00000","1.03448"
"COM","Comoras","1980","1.00000","1.02396"
"COM","Comoras","1981","1.00000","1.01396"
"COM","Comoras","1982","1.00000","1.00000"
"COM","Comoras","1983","1.25000","1.05000"
"COM","Comoras","1984","1.72500","1.19500"
"COM","Comoras","1985","1.47920","1.29084"
"COM","Comoras","1986","1.66250","1.42334"
"COM","Comoras","1987","2.40250","1.70384"
"COM","Comoras","1988","2.40220","1.93428"
"COM","Comoras","1989","2.40350","2.06998"
"COM","Comoras","1990","2.38000","2.25014"
"COM","Comoras","1991","2.33790","2.38522"
"COM","Comoras","1992","2.31970","2.36866"
"COM","Comoras","1993","2.30150","2.34852"
"COM","Comoras","1994","2.28340","2.32450"
"COM","Comoras","1995","2.26520","2.30154"
"COM","Comoras","1996","2.24520","2.28300"
"COM","Comoras","1997","2.17650","2.25436"
"COM","Comoras","1998","1.93280","2.18062"
"COM","Comoras","1999","2.18150","2.16024"
"COM","Comoras","2000","2.12080","2.13136"
"COM","Comoras","2001","2.08950","2.10022"
"COM","Comoras","2002","2.08890","2.08270"
"COM","Comoras","2003","2.07320","2.11078"
"COM","Comoras","2004","2.05750","2.08598"
"COM","Comoras","2005","2.04180","2.07018"
"COM","Comoras","2006","2.02610","2.05750"
"COM","Comoras","2007","2.00940","2.04160"
"COM","Comoras","2008","1.99150","2.02526"
"COM","Comoras","2009","1.97360","2.00848"
"COM","Comoras","2010","1.95570","1.99126"
"COM","Comoras","2011","1.93780","1.97360"
"COM","Comoras","2012","1.92000","1.95572"
"COM","Comoras","2013","1.90210","1.93784"
"COM","Comoras","2014","1.88420","1.91996"
"COM","Comoras","2015","1.86630","1.90208"
"COM","Comoras","2016","1.84840","1.88420"
"COM","Comoras","2017","1.83060","1.86632"
"COM","Comoras","2018","1.80400","1.84670"
"COM","Comoras","2019","1.78520","1.82690"
"COM","Comoras","2020","1.76670","1.80698"
"COM","Comoras","2021","1.76330","1.78996"
"COM","Comoras","2022","1.74960","1.77376"
"COM","Comoras","2023","1.73420","1.75980"
"COM","Comoras","2024","1.71970","1.74670"
"CPV","Cabo Verde","1961","0.65000",""
"CPV","Cabo Verde","1962","0.65000",""
"CPV","Cabo Verde","1963","0.65000",""
"CPV","Cabo Verde","1964","0.65000",""
"CPV","Cabo Verde","1965","0.48570","0.61714"
"CPV","Cabo Verde","1966","0.48720","0.58458"
"CPV","Cabo Verde","1967","0.48890","0.55236"
"CPV","Cabo Verde","1968","0.44000","0.51036"
"CPV","Cabo Verde","1969","0.43750","0.46786"
"CPV","Cabo Verde","1970","0.30800","0.43232"
"CPV","Cabo Verde","1971","0.30330","0.39554"
"CPV","Cabo Verde","1972","0.19170","0.33610"
"CPV","Cabo Verde","1973","0.23800","0.29570"
"CPV","Cabo Verde","1974","0.31430","0.27106"
"CPV","Cabo Verde","1975","0.44440","0.29834"
"CPV","Cabo Verde","1976","0.45450","0.32858"
"CPV","Cabo Verde","1977","0.37500","0.36524"
"CPV","Cabo Verde","1978","0.33330","0.38430"
"CPV","Cabo Verde","1979","0.42860","0.40716"
"CPV","Cabo Verde","1980","0.53130","0.42454"
"CPV","Cabo Verde","1981","0.42860","0.41936"
"CPV","Cabo Verde","1982","0.44000","0.43236"
"CPV","Cabo Verde","1983","0.38570","0.44284"
"CPV","Cabo Verde","1984","0.49360","0.45584"
"CPV","Cabo Verde","1985","0.40090","0.42976"
"CPV","Cabo Verde","1986","0.53430","0.45090"
"CPV","Cabo Verde","1987","0.60720","0.48434"
"CPV","Cabo Verde","1988","0.48190","0.50358"
"CPV","Cabo Verde","1989","0.27380","0.45962"
"CPV","Cabo Verde","1990","0.33460","0.44636"
"CPV","Cabo Verde","1991","0.25290","0.39008"
"CPV","Cabo Verde","1992","0.30210","0.32906"
"CPV","Cabo Verde","1993","0.35910","0.30450"
"CPV","Cabo Verde","1994","0.25030","0.29980"
"CPV","Cabo Verde","1995","0.26290","0.28546"
"CPV","Cabo Verde","1996","0.31720","0.29832"
"CPV","Cabo Verde","1997","0.14690","0.26728"
"CPV","Cabo Verde","1998","0.14150","0.22376"
"CPV","Cabo Verde","1999","1.16200","0.40610"
"CPV","Cabo Verde","2000","0.79480","0.51248"
"CPV","Cabo Verde","2001","0.63730","0.57650"
"CPV","Cabo Verde","2002","0.14850","0.57682"
"CPV","Cabo Verde","2003","0.37920","0.62436"
"CPV","Cabo Verde","2004","0.38520","0.46900"
"CPV","Cabo Verde","2005","0.24320","0.35868"
"CPV","Cabo Verde","2006","0.21800","0.27482"
"CPV","Cabo Verde","2007","0.15880","0.27688"
"CPV","Cabo Verde","2008","0.23380","0.24780"
"CPV","Cabo Verde","2009","0.23080","0.21692"
"CPV","Cabo Verde","2010","0.22000","0.21228"
"CPV","Cabo Verde","2011","0.17780","0.20424"
"CPV","Cabo Verde","2012","0.19620","0.21172"
"CPV","Cabo Verde","2013","0.18230","0.20142"
"CPV","Cabo Verde","2014","0.03430","0.16212"
"CPV","Cabo Verde","2015","0.27650","0.17342"
"CPV","Cabo Verde","2016","0.17800","0.17346"
"CPV","Cabo Verde","2017","0.00010","0.13424"
"CPV","Cabo Verde","2018","0.02270","0.10232"
"CPV","Cabo Verde","2019","0.02320","0.10010"
"CPV","Cabo Verde","2020","0.01570","0.04794"
"CPV","Cabo Verde","2021","0.01630","0.01560"
"CPV","Cabo Verde","2022","0.01150","0.01788"
"CPV","Cabo Verde","2023","0.02300","0.01794"
"CPV","Cabo Verde","2024","0.04030","0.02136"
"CRI","Costa Rica","1961","1.02390",""
"CRI","Costa Rica","1962","1.05170",""
"CRI","Costa Rica","1963","1.11250",""
"CRI","Costa Rica","1964","0.92480",""
"CRI","Costa Rica","1965","1.49550","1.12168"
"CRI","Costa Rica","1966","1.27030","1.17096"
"CRI","Costa Rica","1967","1.29620","1.21986"
"CRI","Costa Rica","1968","1.42240","1.28184"
"CRI","Costa Rica","1969","1.36570","1.37002"
"CRI","Costa Rica","1970","1.13890","1.29870"
"CRI","Costa Rica","1971","1.35280","1.31520"
"CRI","Costa Rica","1972","1.37270","1.33050"
"CRI","Costa Rica","1973","1.08220","1.26246"
"CRI","Costa Rica","1974","1.47350","1.28402"
"CRI","Costa Rica","1975","1.31490","1.31922"
"CRI","Costa Rica","1976","1.53040","1.35474"
"CRI","Costa Rica","1977","1.80220","1.44064"
"CRI","Costa Rica","1978","1.68990","1.56218"
"CRI","Costa Rica","1979","1.65420","1.59832"
"CRI","Costa Rica","1980","1.93870","1.72308"
"CRI","Costa Rica","1981","1.76460","1.76992"
"CRI","Costa Rica","1982","1.52940","1.71536"
"CRI","Costa Rica","1983","1.51590","1.68056"
"CRI","Costa Rica","1984","1.68030","1.68578"
"CRI","Costa Rica","1985","1.60470","1.61898"
"CRI","Costa Rica","1986","1.59150","1.58436"
"CRI","Costa Rica","1987","1.70070","1.61862"
"CRI","Costa Rica","1988","1.60070","1.63558"
"CRI","Costa Rica","1989","1.72840","1.64520"
"CRI","Costa Rica","1990","1.65540","1.65534"
"CRI","Costa Rica","1991","1.62540","1.66212"
"CRI","Costa Rica","1992","1.66770","1.65552"
"CRI","Costa Rica","1993","1.87890","1.71116"
"CRI","Costa Rica","1994","1.90600","1.74668"
"CRI","Costa Rica","1995","1.85650","1.78690"
"CRI","Costa Rica","1996","1.57570","1.77696"
"CRI","Costa Rica","1997","1.91330","1.82608"
"CRI","Costa Rica","1998","1.74590","1.79948"
"CRI","Costa Rica","1999","1.89150","1.79658"
"CRI","Costa Rica","2000","1.81110","1.78750"
"CRI","Costa Rica","2001","1.66190","1.80474"
"CRI","Costa Rica","2002","1.71190","1.76446"
"CRI","Costa Rica","2003","1.72730","1.76074"
"CRI","Costa Rica","2004","1.95170","1.77278"
"CRI","Costa Rica","2005","2.07940","1.82644"
"CRI","Costa Rica","2006","2.07700","1.90946"
"CRI","Costa Rica","2007","2.15290","1.99766"
"CRI","Costa Rica","2008","1.73500","1.99920"
"CRI","Costa Rica","2009","2.08150","2.02516"
"CRI","Costa Rica","2010","1.95510","2.00030"
"CRI","Costa Rica","2011","2.25400","2.03570"
"CRI","Costa Rica","2012","2.32060","2.06924"
"CRI","Costa Rica","2013","2.23330","2.16890"
"CRI","Costa Rica","2014","1.67580","2.08776"
"CRI","Costa Rica","2015","1.87940","2.07262"
"CRI","Costa Rica","2016","1.94340","2.01050"
"CRI","Costa Rica","2017","1.51390","1.84916"
"CRI","Costa Rica","2018","2.18190","1.83888"
"CRI","Costa Rica","2019","1.83630","1.87098"
"CRI","Costa Rica","2020","1.83760","1.86262"
"CRI","Costa Rica","2021","1.74060","1.82206"
"CRI","Costa Rica","2022","1.80170","1.87962"
"CRI","Costa Rica","2023","1.86620","1.81648"
"CRI","Costa Rica","2024","1.89760","1.82874"
"CUB","Cuba","1961","0.92380",""
"CUB","Cuba","1962","0.93330",""
"CUB","Cuba","1963","0.95000",""
"CUB","Cuba","1964","0.94740",""
"CUB","Cuba","1965","0.92550","0.93600"
"CUB","Cuba","1966","0.91840","0.93492"
"CUB","Cuba","1967","0.93620","0.93550"
"CUB","Cuba","1968","0.93750","0.93300"
"CUB","Cuba","1969","0.91110","0.92574"
"CUB","Cuba","1970","0.80950","0.90254"
"CUB","Cuba","1971","0.84620","0.88810"
"CUB","Cuba","1972","0.70850","0.84256"
"CUB","Cuba","1973","0.82660","0.82038"
"CUB","Cuba","1974","1.04840","0.84784"
"CUB","Cuba","1975","1.13650","0.91324"
"CUB","Cuba","1976","1.24010","0.99202"
"CUB","Cuba","1977","1.25000","1.10032"
"CUB","Cuba","1978","1.25000","1.18500"
"CUB","Cuba","1979","1.25000","1.22532"
"CUB","Cuba","1980","1.23380","1.24478"
"CUB","Cuba","1981","1.23380","1.24352"
"CUB","Cuba","1982","1.23380","1.24028"
"CUB","Cuba","1983","1.23380","1.23704"
"CUB","Cuba","1984","1.23380","1.23380"
"CUB","Cuba","1985","1.23380","1.23380"
"CUB","Cuba","1986","1.23380","1.23380"
"CUB","Cuba","1987","1.23380","1.23380"
"CUB","Cuba","1988","1.23380","1.23380"
"CUB","Cuba","1989","1.03900","1.19484"
"CUB","Cuba","1990","0.87190","1.12246"
"CUB","Cuba","1991","0.80270","1.03624"
"CUB","Cuba","1992","0.81840","0.95316"
"CUB","Cuba","1993","0.72520","0.85144"
"CUB","Cuba","1994","0.94820","0.83328"
"CUB","Cuba","1995","1.05330","0.86956"
"CUB","Cuba","1996","1.16920","0.94286"
"CUB","Cuba","1997","1.27350","1.03388"
"CUB","Cuba","1998","1.30390","1.14962"
"CUB","Cuba","1999","2.00960","1.36190"
"CUB","Cuba","2000","2.16290","1.58382"
"CUB","Cuba","2001","2.33050","1.81608"
"CUB","Cuba","2002","2.52780","2.06694"
"CUB","Cuba","2003","2.72220","2.35060"
"CUB","Cuba","2004","2.74570","2.49782"
"CUB","Cuba","2005","2.33000","2.53124"
"CUB","Cuba","2006","2.50000","2.56514"
"CUB","Cuba","2007","2.61000","2.58158"
"CUB","Cuba","2008","2.52050","2.54124"
"CUB","Cuba","2009","1.49430","2.29096"
"CUB","Cuba","2010","1.43820","2.11260"
"CUB","Cuba","2011","2.47000","2.10660"
"CUB","Cuba","2012","2.34710","2.05402"
"CUB","Cuba","2013","2.39210","2.02834"
"CUB","Cuba","2014","2.30580","2.19064"
"CUB","Cuba","2015","2.42810","2.38862"
"CUB","Cuba","2016","2.37340","2.36930"
"CUB","Cuba","2017","2.36910","2.37370"
"CUB","Cuba","2018","2.39050","2.37338"
"CUB","Cuba","2019","2.39350","2.39092"
"CUB","Cuba","2020","2.00010","2.30532"
"CUB","Cuba","2021","1.89410","2.20946"
"CUB","Cuba","2022","1.75640","2.08692"
"CUB","Cuba","2023","1.29730","1.86828"
"CUB","Cuba","2024","1.91300","1.77218"
"CZE","Chequia","1993","4.87460",""
"CZE","Chequia","1994","3.38960",""
"CZE","Chequia","1995","4.28400",""
"CZE","Chequia","1996","5.09270",""
"CZE","Chequia","1997","6.92500","4.91318"
"CZE","Chequia","1998","6.09480","5.15722"
"CZE","Chequia","1999","6.60370","5.80004"
"CZE","Chequia","2000","6.42850","6.22894"
"CZE","Chequia","2001","6.59780","6.52996"
"CZE","Chequia","2002","8.73220","6.89140"
"CZE","Chequia","2003","5.57640","6.78772"
"CZE","Chequia","2004","6.13460","6.69390"
"CZE","Chequia","2005","7.16960","6.84212"
"CZE","Chequia","2006","6.75260","6.87308"
"CZE","Chequia","2007","6.79550","6.48574"
"CZE","Chequia","2008","7.54460","6.87938"
"CZE","Chequia","2009","8.45060","7.34258"
"CZE","Chequia","2010","6.70620","7.24990"
"CZE","Chequia","2011","8.79080","7.65754"
"CZE","Chequia","2012","7.77780","7.85400"
"CZE","Chequia","2013","6.96970","7.73902"
"CZE","Chequia","2014","8.42780","7.73446"
"CZE","Chequia","2015","5.53580","7.50038"
"CZE","Chequia","2016","9.78820","7.69986"
"CZE","Chequia","2017","6.83890","7.51208"
"CZE","Chequia","2018","5.97620","7.31338"
"CZE","Chequia","2019","8.28890","7.28560"
"CZE","Chequia","2020","9.46350","8.07114"
"CZE","Chequia","2021","9.64510","8.04252"
"CZE","Chequia","2022","7.94870","8.26448"
"CZE","Chequia","2023","7.88470","8.64618"
"CZE","Chequia","2024","8.14170","8.61674"
"DEU","Alemania","1961","2.89790",""
"DEU","Alemania","1962","3.23190",""
"DEU","Alemania","1963","3.45260",""
"DEU","Alemania","1964","3.36910",""
"DEU","Alemania","1965","3.53540","3.29738"
"DEU","Alemania","1966","4.01150","3.52010"
"DEU","Alemania","1967","4.69930","3.81358"
"DEU","Alemania","1968","4.89430","4.10192"
"DEU","Alemania","1969","4.87500","4.40310"
"DEU","Alemania","1970","4.97430","4.69088"
"DEU","Alemania","1971","5.03960","4.89650"
"DEU","Alemania","1972","4.65950","4.88854"
"DEU","Alemania","1973","5.33530","4.97674"
"DEU","Alemania","1974","4.81950","4.96564"
"DEU","Alemania","1975","5.51690","5.07416"
"DEU","Alemania","1976","4.67820","5.00188"
"DEU","Alemania","1977","5.81070","5.23212"
"DEU","Alemania","1978","5.28680","5.22242"
"DEU","Alemania","1979","6.40570","5.53966"
"DEU","Alemania","1980","5.64350","5.56498"
"DEU","Alemania","1981","6.44440","5.91822"
"DEU","Alemania","1982","6.57170","6.07042"
"DEU","Alemania","1983","5.52240","6.11754"
"DEU","Alemania","1984","5.65160","5.96672"
"DEU","Alemania","1985","6.64790","6.16760"
"DEU","Alemania","1986","6.95490","6.26970"
"DEU","Alemania","1987","6.26000","6.20736"
"DEU","Alemania","1988","7.70950","6.64478"
"DEU","Alemania","1989","7.53100","7.02066"
"DEU","Alemania","1990","6.77620","7.04632"
"DEU","Alemania","1991","6.84320","7.02398"
"DEU","Alemania","1992","7.23480","7.21894"
"DEU","Alemania","1993","8.02270","7.28158"
"DEU","Alemania","1994","7.08080","7.19154"
"DEU","Alemania","1995","7.36640","7.30958"
"DEU","Alemania","1996","7.82720","7.50638"
"DEU","Alemania","1997","8.65770","7.79096"
"DEU","Alemania","1998","8.15610","7.81764"
"DEU","Alemania","1999","8.78500","8.15848"
"DEU","Alemania","2000","9.21190","8.52758"
"DEU","Alemania","2001","8.83760","8.72966"
"DEU","Alemania","2002","9.37550","8.87322"
"DEU","Alemania","2003","7.38450","8.71890"
"DEU","Alemania","2004","9.09660","8.78122"
"DEU","Alemania","2005","9.21390","8.78162"
"DEU","Alemania","2006","8.03070","8.62024"
"DEU","Alemania","2007","9.44750","8.63464"
"DEU","Alemania","2008","9.80990","9.11972"
"DEU","Alemania","2009","9.75000","9.25040"
"DEU","Alemania","2010","9.02610","9.21284"
"DEU","Alemania","2011","10.62430","9.73156"
"DEU","Alemania","2012","10.48020","9.93810"
"DEU","Alemania","2013","8.82760","9.74164"
"DEU","Alemania","2014","10.68380","9.92840"
"DEU","Alemania","2015","8.72230","9.86764"
"DEU","Alemania","2016","9.65120","9.67302"
"DEU","Alemania","2017","10.52690","9.68236"
"DEU","Alemania","2018","8.13900","9.54464"
"DEU","Alemania","2019","8.80960","9.16980"
"DEU","Alemania","2020","9.58740","9.34282"
"DEU","Alemania","2021","10.36080","9.48474"
"DEU","Alemania","2022","8.40250","9.05986"
"DEU","Alemania","2023","9.64600","9.36126"
"DEU","Alemania","2024","10.05320","9.60998"
"DJI","Djibouti","1981","2.50000",""
"DJI","Djibouti","1982","2.50000",""
"DJI","Djibouti","1983","2.50000",""
"DJI","Djibouti","1984","2.33330",""
"DJI","Djibouti","1985","1.75000","2.31666"
"DJI","Djibouti","1986","1.66670","2.15000"
"DJI","Djibouti","1987","1.50000","1.95000"
"DJI","Djibouti","1988","1.53850","1.75770"
"DJI","Djibouti","1989","1.33330","1.55770"
"DJI","Djibouti","1990","1.66670","1.54104"
"DJI","Djibouti","1991","1.64330","1.53636"
"DJI","Djibouti","1992","1.64730","1.56582"
"DJI","Djibouti","1993","1.65190","1.58850"
"DJI","Djibouti","1994","1.65750","1.65334"
"DJI","Djibouti","1995","1.66670","1.65334"
"DJI","Djibouti","1996","1.68330","1.66134"
"DJI","Djibouti","1997","1.70470","1.67282"
"DJI","Djibouti","1998","1.72600","1.68764"
"DJI","Djibouti","1999","1.76940","1.71002"
"DJI","Djibouti","2000","1.83330","1.74334"
"DJI","Djibouti","2001","1.71430","1.74954"
"DJI","Djibouti","2002","1.66670","1.74194"
"DJI","Djibouti","2003","1.66670","1.73008"
"DJI","Djibouti","2004","1.65870","1.70794"
"DJI","Djibouti","2005","1.50000","1.64128"
"DJI","Djibouti","2006","1.66670","1.63176"
"DJI","Djibouti","2007","1.73820","1.64606"
"DJI","Djibouti","2008","1.78060","1.66884"
"DJI","Djibouti","2009","1.81670","1.70044"
"DJI","Djibouti","2010","1.84830","1.77010"
"DJI","Djibouti","2011","1.87930","1.81262"
"DJI","Djibouti","2012","2.00000","1.86498"
"DJI","Djibouti","2013","2.00000","1.90886"
"DJI","Djibouti","2014","1.98640","1.94280"
"DJI","Djibouti","2015","2.00760","1.97466"
"DJI","Djibouti","2016","1.99820","1.99844"
"DJI","Djibouti","2017","1.99870","1.99818"
"DJI","Djibouti","2018","1.99820","1.99782"
"DJI","Djibouti","2019","2.00260","2.00106"
"DJI","Djibouti","2020","2.00710","2.00096"
"DJI","Djibouti","2021","2.02110","2.00554"
"DJI","Djibouti","2022","2.02740","2.01128"
"DJI","Djibouti","2023","2.03420","2.01848"
"DJI","Djibouti","2024","2.04100","2.02616"
"DMA","Dominica","1961","1.18180",""
"DMA","Dominica","1962","1.18180",""
"DMA","Dominica","1963","1.21740",""
"DMA","Dominica","1964","1.21740",""
"DMA","Dominica","1965","1.25000","1.20968"
"DMA","Dominica","1966","1.25000","1.22332"
"DMA","Dominica","1967","1.28000","1.24296"
"DMA","Dominica","1968","1.28000","1.25548"
"DMA","Dominica","1969","1.23080","1.25816"
"DMA","Dominica","1970","1.23080","1.25432"
"DMA","Dominica","1971","1.25930","1.25618"
"DMA","Dominica","1972","1.25930","1.25204"
"DMA","Dominica","1973","1.28570","1.25318"
"DMA","Dominica","1974","1.28570","1.26416"
"DMA","Dominica","1975","1.26670","1.27134"
"DMA","Dominica","1976","1.33330","1.28614"
"DMA","Dominica","1977","1.33330","1.30094"
"DMA","Dominica","1978","1.33330","1.31046"
"DMA","Dominica","1979","1.41940","1.33720"
"DMA","Dominica","1980","1.43750","1.37136"
"DMA","Dominica","1981","1.42420","1.38954"
"DMA","Dominica","1982","1.41180","1.40524"
"DMA","Dominica","1983","1.38890","1.41636"
"DMA","Dominica","1984","1.35290","1.40306"
"DMA","Dominica","1985","1.33330","1.38222"
"DMA","Dominica","1986","1.20000","1.33738"
"DMA","Dominica","1987","1.38460","1.33194"
"DMA","Dominica","1988","1.33330","1.32082"
"DMA","Dominica","1989","1.33330","1.31690"
"DMA","Dominica","1990","1.36360","1.32296"
"DMA","Dominica","1991","1.34020","1.35100"
"DMA","Dominica","1992","1.33990","1.34206"
"DMA","Dominica","1993","1.33330","1.34206"
"DMA","Dominica","1994","1.34130","1.34366"
"DMA","Dominica","1995","1.34420","1.33978"
"DMA","Dominica","1996","1.34730","1.34120"
"DMA","Dominica","1997","1.35040","1.34330"
"DMA","Dominica","1998","1.35380","1.34740"
"DMA","Dominica","1999","1.35720","1.35058"
"DMA","Dominica","2000","1.35730","1.35320"
"DMA","Dominica","2001","1.35920","1.35558"
"DMA","Dominica","2002","1.36410","1.35832"
"DMA","Dominica","2003","1.33330","1.35422"
"DMA","Dominica","2004","1.37750","1.35828"
"DMA","Dominica","2005","1.35710","1.35824"
"DMA","Dominica","2006","1.40470","1.36734"
"DMA","Dominica","2007","1.44830","1.38418"
"DMA","Dominica","2008","1.43770","1.40506"
"DMA","Dominica","2009","1.43680","1.41692"
"DMA","Dominica","2010","1.41670","1.42884"
"DMA","Dominica","2011","1.40000","1.42790"
"DMA","Dominica","2012","1.66670","1.47158"
"DMA","Dominica","2013","1.66670","1.51738"
"DMA","Dominica","2014","1.62350","1.55472"
"DMA","Dominica","2015","1.60400","1.59218"
"DMA","Dominica","2016","1.59770","1.63172"
"DMA","Dominica","2017","1.60170","1.61872"
"DMA","Dominica","2018","1.60900","1.60718"
"DMA","Dominica","2019","1.62200","1.60688"
"DMA","Dominica","2020","1.63520","1.61312"
"DMA","Dominica","2021","1.65310","1.62420"
"DMA","Dominica","2022","1.66730","1.63732"
"DMA","Dominica","2023","1.67850","1.65122"
"DMA","Dominica","2024","1.68980","1.66478"
"DNK","Dinamarca","2010","4.81050",""
"DNK","Dinamarca","2011","5.21700",""
"DNK","Dinamarca","2012","5.82170",""
"DNK","Dinamarca","2013","5.91410",""
"DNK","Dinamarca","2014","7.21780","5.79622"
"DNK","Dinamarca","2015","6.20000","6.07412"
"DNK","Dinamarca","2016","7.68420","6.56756"
"DNK","Dinamarca","2017","7.62750","6.92872"
"DNK","Dinamarca","2018","5.63170","6.87224"
"DNK","Dinamarca","2019","7.55930","6.94054"
"DNK","Dinamarca","2020","6.24840","6.95022"
"DNK","Dinamarca","2021","7.07340","6.82806"
"DNK","Dinamarca","2022","7.22500","6.74756"
"DNK","Dinamarca","2023","5.44270","6.70976"
"DNK","Dinamarca","2024","6.88570","6.57504"
"DOM","Rep. Dominicana","1961","1.43520",""
"DOM","Rep. Dominicana","1962","1.51450",""
"DOM","Rep. Dominicana","1963","1.51940",""
"DOM","Rep. Dominicana","1964","1.43990",""
"DOM","Rep. Dominicana","1965","1.50000","1.48180"
"DOM","Rep. Dominicana","1966","1.70000","1.53476"
"DOM","Rep. Dominicana","1967","1.54190","1.54024"
"DOM","Rep. Dominicana","1968","1.44530","1.52542"
"DOM","Rep. Dominicana","1969","1.53570","1.54458"
"DOM","Rep. Dominicana","1970","1.73080","1.59074"
"DOM","Rep. Dominicana","1971","1.88460","1.62766"
"DOM","Rep. Dominicana","1972","1.92310","1.70390"
"DOM","Rep. Dominicana","1973","1.86400","1.78764"
"DOM","Rep. Dominicana","1974","1.68280","1.81706"
"DOM","Rep. Dominicana","1975","1.84490","1.83988"
"DOM","Rep. Dominicana","1976","2.01880","1.86672"
"DOM","Rep. Dominicana","1977","1.87110","1.85632"
"DOM","Rep. Dominicana","1978","1.38880","1.76128"
"DOM","Rep. Dominicana","1979","1.17570","1.65986"
"DOM","Rep. Dominicana","1980","1.27830","1.54654"
"DOM","Rep. Dominicana","1981","1.38520","1.41982"
"DOM","Rep. Dominicana","1982","1.29860","1.30532"
"DOM","Rep. Dominicana","1983","1.41360","1.31028"
"DOM","Rep. Dominicana","1984","1.76280","1.42770"
"DOM","Rep. Dominicana","1985","1.64860","1.50176"
"DOM","Rep. Dominicana","1986","1.47510","1.51974"
"DOM","Rep. Dominicana","1987","1.40010","1.54004"
"DOM","Rep. Dominicana","1988","1.68030","1.59338"
"DOM","Rep. Dominicana","1989","1.58920","1.55866"
"DOM","Rep. Dominicana","1990","1.64790","1.55852"
"DOM","Rep. Dominicana","1991","1.62230","1.58796"
"DOM","Rep. Dominicana","1992","1.37600","1.58314"
"DOM","Rep. Dominicana","1993","1.41050","1.52918"
"DOM","Rep. Dominicana","1994","1.02680","1.41670"
"DOM","Rep. Dominicana","1995","1.40340","1.36780"
"DOM","Rep. Dominicana","1996","1.35840","1.31502"
"DOM","Rep. Dominicana","1997","1.17700","1.27522"
"DOM","Rep. Dominicana","1998","1.30010","1.25314"
"DOM","Rep. Dominicana","1999","1.26330","1.30044"
"DOM","Rep. Dominicana","2000","1.23430","1.26662"
"DOM","Rep. Dominicana","2001","1.33900","1.26274"
"DOM","Rep. Dominicana","2002","1.29600","1.28654"
"DOM","Rep. Dominicana","2003","1.41760","1.31004"
"DOM","Rep. Dominicana","2004","1.49240","1.35586"
"DOM","Rep. Dominicana","2005","1.42060","1.39312"
"DOM","Rep. Dominicana","2006","1.39000","1.40332"
"DOM","Rep. Dominicana","2007","1.33500","1.41112"
"DOM","Rep. Dominicana","2008","1.45320","1.41824"
"DOM","Rep. Dominicana","2009","1.46450","1.41266"
"DOM","Rep. Dominicana","2010","1.68180","1.46490"
"DOM","Rep. Dominicana","2011","1.62290","1.51148"
"DOM","Rep. Dominicana","2012","1.56750","1.55798"
"DOM","Rep. Dominicana","2013","1.57640","1.58262"
"DOM","Rep. Dominicana","2014","1.48550","1.58682"
"DOM","Rep. Dominicana","2015","1.45030","1.54052"
"DOM","Rep. Dominicana","2016","1.64690","1.54532"
"DOM","Rep. Dominicana","2017","1.71150","1.57412"
"DOM","Rep. Dominicana","2018","1.70840","1.60052"
"DOM","Rep. Dominicana","2019","1.70300","1.64402"
"DOM","Rep. Dominicana","2020","1.79380","1.71272"
"DOM","Rep. Dominicana","2021","1.79890","1.74312"
"DOM","Rep. Dominicana","2022","1.84550","1.76992"
"DOM","Rep. Dominicana","2023","1.91970","1.81218"
"DOM","Rep. Dominicana","2024","1.91650","1.85488"
"DZA","Argelia","1961","0.97460",""
"DZA","Argelia","1962","0.54000",""
"DZA","Argelia","1963","1.07160",""
"DZA","Argelia","1964","1.17030",""
"DZA","Argelia","1965","1.10000","0.97130"
"DZA","Argelia","1966","0.81900","0.94018"
"DZA","Argelia","1967","1.09480","1.05114"
"DZA","Argelia","1968","1.14430","1.06568"
"DZA","Argelia","1969","0.99850","1.03132"
"DZA","Argelia","1970","1.02350","1.01602"
"DZA","Argelia","1971","0.81350","1.01492"
"DZA","Argelia","1972","0.85280","0.96652"
"DZA","Argelia","1973","1.17950","0.97356"
"DZA","Argelia","1974","1.35060","1.04398"
"DZA","Argelia","1975","1.80590","1.20046"
"DZA","Argelia","1976","1.27870","1.29350"
"DZA","Argelia","1977","1.22260","1.36746"
"DZA","Argelia","1978","1.08130","1.34782"
"DZA","Argelia","1979","1.11690","1.30108"
"DZA","Argelia","1980","0.96600","1.13310"
"DZA","Argelia","1981","1.00310","1.07798"
"DZA","Argelia","1982","0.78360","0.99018"
"DZA","Argelia","1983","0.93330","0.96058"
"DZA","Argelia","1984","1.86700","1.11060"
"DZA","Argelia","1985","0.63760","1.04492"
"DZA","Argelia","1986","0.84330","1.01296"
"DZA","Argelia","1987","1.41060","1.13836"
"DZA","Argelia","1988","1.00000","1.15170"
"DZA","Argelia","1989","2.40000","1.25830"
"DZA","Argelia","1990","1.65000","1.46078"
"DZA","Argelia","1991","1.92310","1.67674"
"DZA","Argelia","1992","2.28280","1.85118"
"DZA","Argelia","1993","1.25000","1.90118"
"DZA","Argelia","1994","0.45120","1.51142"
"DZA","Argelia","1995","1.61150","1.50372"
"DZA","Argelia","1996","1.71540","1.46218"
"DZA","Argelia","1997","2.14170","1.43396"
"DZA","Argelia","1998","1.72220","1.52840"
"DZA","Argelia","1999","2.23750","1.88566"
"DZA","Argelia","2000","3.61860","2.28708"
"DZA","Argelia","2001","2.71750","2.48750"
"DZA","Argelia","2002","3.34800","2.72876"
"DZA","Argelia","2003","2.88530","2.96138"
"DZA","Argelia","2004","3.17290","3.14846"
"DZA","Argelia","2005","3.38640","3.10202"
"DZA","Argelia","2006","6.56680","3.87188"
"DZA","Argelia","2007","8.56250","4.91478"
"DZA","Argelia","2008","4.47140","5.23200"
"DZA","Argelia","2009","3.09140","5.21570"
"DZA","Argelia","2010","2.58270","5.05496"
"DZA","Argelia","2011","2.33740","4.20908"
"DZA","Argelia","2012","2.55830","3.00824"
"DZA","Argelia","2013","3.36490","2.78694"
"DZA","Argelia","2014","2.61650","2.69196"
"DZA","Argelia","2015","3.92420","2.96026"
"DZA","Argelia","2016","4.51220","3.39522"
"DZA","Argelia","2017","1.30070","3.14370"
"DZA","Argelia","2018","4.44160","3.35904"
"DZA","Argelia","2019","4.15390","3.66652"
"DZA","Argelia","2020","6.07390","4.09646"
"DZA","Argelia","2021","5.12780","4.21958"
"DZA","Argelia","2022","5.50000","5.05944"
"DZA","Argelia","2023","6.00000","5.37112"
"DZA","Argelia","2024","6.00000","5.74034"
"ECU","Ecuador","1961","0.67260",""
"ECU","Ecuador","1962","0.65170",""
"ECU","Ecuador","1963","0.77820",""
"ECU","Ecuador","1964","0.42980",""
"ECU","Ecuador","1965","0.62340","0.63114"
"ECU","Ecuador","1966","0.65420","0.62746"
"ECU","Ecuador","1967","0.62550","0.62222"
"ECU","Ecuador","1968","0.68120","0.60282"
"ECU","Ecuador","1969","0.72480","0.66182"
"ECU","Ecuador","1970","0.87790","0.71272"
"ECU","Ecuador","1971","0.70920","0.72372"
"ECU","Ecuador","1972","0.73260","0.74514"
"ECU","Ecuador","1973","0.92840","0.79458"
"ECU","Ecuador","1974","0.94170","0.83796"
"ECU","Ecuador","1975","0.99730","0.86184"
"ECU","Ecuador","1976","0.99360","0.91872"
"ECU","Ecuador","1977","0.88440","0.94908"
"ECU","Ecuador","1978","0.95220","0.95384"
"ECU","Ecuador","1979","0.99580","0.96466"
"ECU","Ecuador","1980","1.06980","0.97916"
"ECU","Ecuador","1981","1.15030","1.01050"
"ECU","Ecuador","1982","1.49640","1.13290"
"ECU","Ecuador","1983","1.11460","1.16538"
"ECU","Ecuador","1984","1.32940","1.23210"
"ECU","Ecuador","1985","1.62140","1.34242"
"ECU","Ecuador","1986","0.97370","1.30710"
"ECU","Ecuador","1987","0.91630","1.19108"
"ECU","Ecuador","1988","0.88160","1.14448"
"ECU","Ecuador","1989","1.09170","1.09694"
"ECU","Ecuador","1990","1.06020","0.98470"
"ECU","Ecuador","1991","1.38210","1.06638"
"ECU","Ecuador","1992","1.04160","1.09144"
"ECU","Ecuador","1993","1.14420","1.14396"
"ECU","Ecuador","1994","1.12080","1.14978"
"ECU","Ecuador","1995","1.15510","1.16876"
"ECU","Ecuador","1996","1.14250","1.12084"
"ECU","Ecuador","1997","1.14820","1.14216"
"ECU","Ecuador","1998","1.07430","1.12818"
"ECU","Ecuador","1999","1.18130","1.14028"
"ECU","Ecuador","2000","1.46140","1.20154"
"ECU","Ecuador","2001","0.76420","1.12588"
"ECU","Ecuador","2002","1.43190","1.18262"
"ECU","Ecuador","2003","1.68980","1.30572"
"ECU","Ecuador","2004","1.88410","1.44628"
"ECU","Ecuador","2005","2.12320","1.57864"
"ECU","Ecuador","2006","1.87760","1.80132"
"ECU","Ecuador","2007","2.31050","1.97704"
"ECU","Ecuador","2008","2.24420","2.08792"
"ECU","Ecuador","2009","2.20030","2.15116"
"ECU","Ecuador","2010","2.23480","2.17348"
"ECU","Ecuador","2011","1.66720","2.13140"
"ECU","Ecuador","2012","2.73240","2.21578"
"ECU","Ecuador","2013","2.37020","2.24098"
"ECU","Ecuador","2014","3.43360","2.48764"
"ECU","Ecuador","2015","4.46690","2.93406"
"ECU","Ecuador","2016","3.56460","3.31354"
"ECU","Ecuador","2017","4.00230","3.56752"
"ECU","Ecuador","2018","3.62450","3.81838"
"ECU","Ecuador","2019","4.58350","4.04836"
"ECU","Ecuador","2020","3.82330","3.91964"
"ECU","Ecuador","2021","4.64130","4.13498"
"ECU","Ecuador","2022","4.52760","4.24004"
"ECU","Ecuador","2023","4.39990","4.39512"
"ECU","Ecuador","2024","4.36470","4.35136"
"EGY","Egipto","1961","2.40140",""
"EGY","Egipto","1962","2.60400",""
"EGY","Egipto","1963","2.58240",""
"EGY","Egipto","1964","2.77160",""
"EGY","Egipto","1965","4.07030","2.88594"
"EGY","Egipto","1966","3.58910","3.12348"
"EGY","Egipto","1967","3.45060","3.29280"
"EGY","Egipto","1968","3.51150","3.47862"
"EGY","Egipto","1969","3.78270","3.68084"
"EGY","Egipto","1970","3.78390","3.62356"
"EGY","Egipto","1971","3.65650","3.63704"
"EGY","Egipto","1972","3.74720","3.69636"
"EGY","Egipto","1973","3.60530","3.71512"
"EGY","Egipto","1974","3.57920","3.67442"
"EGY","Egipto","1975","3.61750","3.64114"
"EGY","Egipto","1976","3.83430","3.67670"
"EGY","Egipto","1977","3.67490","3.66224"
"EGY","Egipto","1978","3.90990","3.72316"
"EGY","Egipto","1979","3.71190","3.74970"
"EGY","Egipto","1980","4.03660","3.83352"
"EGY","Egipto","1981","4.09360","3.88538"
"EGY","Egipto","1982","4.11810","3.97402"
"EGY","Egipto","1983","4.27930","4.04790"
"EGY","Egipto","1984","4.45540","4.19660"
"EGY","Egipto","1985","4.58460","4.30620"
"EGY","Egipto","1986","4.99030","4.48554"
"EGY","Egipto","1987","4.75710","4.61334"
"EGY","Egipto","1988","4.96500","4.75048"
"EGY","Egipto","1989","5.38040","4.93548"
"EGY","Egipto","1990","5.78030","5.17462"
"EGY","Egipto","1991","5.89510","5.35558"
"EGY","Egipto","1992","6.13460","5.63108"
"EGY","Egipto","1993","6.07800","5.85368"
"EGY","Egipto","1994","5.90650","5.95890"
"EGY","Egipto","1995","6.16300","6.03544"
"EGY","Egipto","1996","6.95230","6.24688"
"EGY","Egipto","1997","7.12980","6.44592"
"EGY","Egipto","1998","7.22570","6.67546"
"EGY","Egipto","1999","7.51740","6.99764"
"EGY","Egipto","2000","7.68000","7.30104"
"EGY","Egipto","2001","6.97980","7.30654"
"EGY","Egipto","2002","7.76560","7.43370"
"EGY","Egipto","2003","7.82930","7.55442"
"EGY","Egipto","2004","7.90870","7.63268"
"EGY","Egipto","2005","8.16070","7.72882"
"EGY","Egipto","2006","8.37050","8.00696"
"EGY","Egipto","2007","8.04630","8.06310"
"EGY","Egipto","2008","7.90530","8.07830"
"EGY","Egipto","2009","7.81840","8.06024"
"EGY","Egipto","2010","7.27000","7.88210"
"EGY","Egipto","2011","7.74090","7.75618"
"EGY","Egipto","2012","7.77230","7.70138"
"EGY","Egipto","2013","7.72230","7.66478"
"EGY","Egipto","2014","7.75560","7.65222"
"EGY","Egipto","2015","7.35460","7.66914"
"EGY","Egipto","2016","7.60710","7.64238"
"EGY","Egipto","2017","7.78950","7.64582"
"EGY","Egipto","2018","7.51620","7.60460"
"EGY","Egipto","2019","4.95130","7.04374"
"EGY","Egipto","2020","7.77670","7.12816"
"EGY","Egipto","2021","7.82760","7.17226"
"EGY","Egipto","2022","7.50830","7.11602"
"EGY","Egipto","2023","7.62350","7.13748"
"EGY","Egipto","2024","7.58530","7.66428"
"ERI","Eritrea","1993","0.23080",""
"ERI","Eritrea","1994","0.76890",""
"ERI","Eritrea","1995","0.33660",""
"ERI","Eritrea","1996","0.39740",""
"ERI","Eritrea","1997","0.24950","0.39664"
"ERI","Eritrea","1998","0.75320","0.50112"
"ERI","Eritrea","1999","0.79200","0.50574"
"ERI","Eritrea","2000","0.23580","0.48558"
"ERI","Eritrea","2001","0.78510","0.56312"
"ERI","Eritrea","2002","0.20760","0.55474"
"ERI","Eritrea","2003","0.33350","0.47080"
"ERI","Eritrea","2004","0.24090","0.36058"
"ERI","Eritrea","2005","0.49060","0.41154"
"ERI","Eritrea","2006","0.97550","0.44962"
"ERI","Eritrea","2007","0.83210","0.57452"
"ERI","Eritrea","2008","0.21230","0.55028"
"ERI","Eritrea","2009","0.86890","0.67588"
"ERI","Eritrea","2010","0.90000","0.75776"
"ERI","Eritrea","2011","0.95240","0.75314"
"ERI","Eritrea","2012","1.04760","0.79624"
"ERI","Eritrea","2013","1.00000","0.95378"
"ERI","Eritrea","2014","0.94740","0.96948"
"ERI","Eritrea","2015","1.00000","0.98948"
"ERI","Eritrea","2016","1.00000","0.99900"
"ERI","Eritrea","2017","1.00000","0.98948"
"ERI","Eritrea","2018","1.00000","0.98948"
"ERI","Eritrea","2019","1.00000","1.00000"
"ERI","Eritrea","2020","1.00000","1.00000"
"ERI","Eritrea","2021","1.00000","1.00000"
"ERI","Eritrea","2022","1.00000","1.00000"
"ERI","Eritrea","2023","1.00000","1.00000"
"ERI","Eritrea","2024","1.00000","1.00000"
"ESP","España","1961","2.38820",""
"ESP","España","1962","2.14080",""
"ESP","España","1963","2.40440",""
"ESP","España","1964","2.33920",""
"ESP","España","1965","2.38760","2.33204"
"ESP","España","1966","2.39380","2.33316"
"ESP","España","1967","2.50100","2.40520"
"ESP","España","1968","2.81680","2.48768"
"ESP","España","1969","3.04870","2.62958"
"ESP","España","1970","3.42780","2.83762"
"ESP","España","1971","3.78340","3.11554"
"ESP","España","1972","3.60240","3.33582"
"ESP","España","1973","3.89880","3.55222"
"ESP","España","1974","3.98100","3.73868"
"ESP","España","1975","3.69890","3.79290"
"ESP","España","1976","3.57860","3.75194"
"ESP","España","1977","4.48180","3.92782"
"ESP","España","1978","4.44190","4.03644"
"ESP","España","1979","4.73900","4.18804"
"ESP","España","1980","5.09040","4.46634"
"ESP","España","1981","5.03100","4.75682"
"ESP","España","1982","5.57040","4.97454"
"ESP","España","1983","5.09230","5.10462"
"ESP","España","1984","5.74560","5.30594"
"ESP","España","1985","6.48790","5.58544"
"ESP","España","1986","6.53420","5.88608"
"ESP","España","1987","6.56110","6.08422"
"ESP","España","1988","6.43230","6.35222"
"ESP","España","1989","6.30420","6.46394"
"ESP","España","1990","6.42560","6.45148"
"ESP","España","1991","6.66920","6.47848"
"ESP","España","1992","7.01700","6.56966"
"ESP","España","1993","6.17360","6.51792"
"ESP","España","1994","6.85660","6.62840"
"ESP","España","1995","7.24590","6.79246"
"ESP","España","1996","8.53080","7.16478"
"ESP","España","1997","9.15010","7.59140"
"ESP","España","1998","9.47310","8.25130"
"ESP","España","1999","9.48080","8.77614"
"ESP","España","2000","9.21570","9.17010"
"ESP","España","2001","9.72080","9.40810"
"ESP","España","2002","9.51420","9.48092"
"ESP","España","2003","9.04080","9.39446"
"ESP","España","2004","10.06910","9.51212"
"ESP","España","2005","9.60990","9.59096"
"ESP","España","2006","9.74370","9.59554"
"ESP","España","2007","10.00270","9.69324"
"ESP","España","2008","9.90610","9.86630"
"ESP","España","2009","10.07490","9.86746"
"ESP","España","2010","10.55530","10.05654"
"ESP","España","2011","11.37380","10.38256"
"ESP","España","2012","10.91640","10.56530"
"ESP","España","2013","11.04450","10.79298"
"ESP","España","2014","11.41140","11.06028"
"ESP","España","2015","11.46100","11.24142"
"ESP","España","2016","11.32700","11.23206"
"ESP","España","2017","11.31690","11.31216"
"ESP","España","2018","11.91960","11.48718"
"ESP","España","2019","11.72680","11.55026"
"ESP","España","2020","12.25810","11.70968"
"ESP","España","2021","12.83290","12.01086"
"ESP","España","2022","11.42340","12.03216"
"ESP","España","2023","11.81890","12.01202"
"ESP","España","2024","12.11510","12.08968"
"ETH","Etiopía","1993","1.73640",""
"ETH","Etiopía","1994","1.12350",""
"ETH","Etiopía","1995","1.35900",""
"ETH","Etiopía","1996","1.68260",""
"ETH","Etiopía","1997","1.73810","1.52792"
"ETH","Etiopía","1998","1.61750","1.50414"
"ETH","Etiopía","1999","1.71500","1.62244"
"ETH","Etiopía","2000","1.62040","1.67472"
"ETH","Etiopía","2001","1.74270","1.68674"
"ETH","Etiopía","2002","1.87530","1.71418"
"ETH","Etiopía","2003","1.53190","1.69706"
"ETH","Etiopía","2004","1.61320","1.67670"
"ETH","Etiopía","2005","2.00600","1.75382"
"ETH","Etiopía","2006","2.64040","1.93336"
"ETH","Etiopía","2007","1.82320","1.92294"
"ETH","Etiopía","2008","1.88340","1.99324"
"ETH","Etiopía","2009","1.98490","2.06758"
"ETH","Etiopía","2010","2.19260","2.10490"
"ETH","Etiopía","2011","2.22130","2.02108"
"ETH","Etiopía","2012","2.59330","2.17510"
"ETH","Etiopía","2013","2.74030","2.34648"
"ETH","Etiopía","2014","2.95020","2.53954"
"ETH","Etiopía","2015","2.77650","2.65632"
"ETH","Etiopía","2016","2.94680","2.80142"
"ETH","Etiopía","2017","3.31190","2.94514"
"ETH","Etiopía","2018","3.33680","3.06444"
"ETH","Etiopía","2019","3.65520","3.20544"
"ETH","Etiopía","2020","3.71120","3.39238"
"ETH","Etiopía","2021","3.43300","3.48962"
"ETH","Etiopía","2022","3.48850","3.52494"
"ETH","Etiopía","2023","3.40920","3.53942"
"ETH","Etiopía","2024","3.44360","3.49710"
"FJI","Fiji","1961","2.20000",""
"FJI","Fiji","1962","2.20000",""
"FJI","Fiji","1963","2.21240",""
"FJI","Fiji","1964","2.19780",""
"FJI","Fiji","1965","2.22220","2.20648"
"FJI","Fiji","1966","2.35290","2.23706"
"FJI","Fiji","1967","2.46720","2.29050"
"FJI","Fiji","1968","2.46710","2.34144"
"FJI","Fiji","1969","2.50000","2.40188"
"FJI","Fiji","1970","1.25400","2.20824"
"FJI","Fiji","1971","1.25310","1.98828"
"FJI","Fiji","1972","1.65700","1.82624"
"FJI","Fiji","1973","3.68550","2.06992"
"FJI","Fiji","1974","1.78110","1.92614"
"FJI","Fiji","1975","1.29410","1.93416"
"FJI","Fiji","1976","3.70230","2.42400"
"FJI","Fiji","1977","3.70650","2.83390"
"FJI","Fiji","1978","2.66670","2.63014"
"FJI","Fiji","1979","2.50000","2.77392"
"FJI","Fiji","1980","1.75000","2.86510"
"FJI","Fiji","1981","2.33330","2.59130"
"FJI","Fiji","1982","2.06190","2.26238"
"FJI","Fiji","1983","2.25790","2.18062"
"FJI","Fiji","1984","2.31710","2.14404"
"FJI","Fiji","1985","3.40000","2.47404"
"FJI","Fiji","1986","3.33330","2.67404"
"FJI","Fiji","1987","2.00000","2.66166"
"FJI","Fiji","1988","1.99720","2.60952"
"FJI","Fiji","1989","1.26040","2.39818"
"FJI","Fiji","1990","2.10810","2.13980"
"FJI","Fiji","1991","1.20100","1.71334"
"FJI","Fiji","1992","2.16140","1.74562"
"FJI","Fiji","1993","0.92230","1.53064"
"FJI","Fiji","1994","2.41480","1.76152"
"FJI","Fiji","1995","2.57230","1.85436"
"FJI","Fiji","1996","2.50120","2.11440"
"FJI","Fiji","1997","3.07690","2.29750"
"FJI","Fiji","1998","2.58050","2.62914"
"FJI","Fiji","1999","1.81000","2.50818"
"FJI","Fiji","2000","1.80290","2.35430"
"FJI","Fiji","2001","0.71710","1.99748"
"FJI","Fiji","2002","1.71480","1.72506"
"FJI","Fiji","2003","1.79430","1.56782"
"FJI","Fiji","2004","1.78610","1.56304"
"FJI","Fiji","2005","1.92610","1.58768"
"FJI","Fiji","2006","1.91630","1.82752"
"FJI","Fiji","2007","1.90000","1.86456"
"FJI","Fiji","2008","1.94840","1.89538"
"FJI","Fiji","2009","1.94440","1.92704"
"FJI","Fiji","2010","2.04330","1.95048"
"FJI","Fiji","2011","1.95720","1.95866"
"FJI","Fiji","2012","1.96820","1.97230"
"FJI","Fiji","2013","1.96630","1.97588"
"FJI","Fiji","2014","1.96430","1.97986"
"FJI","Fiji","2015","3.00000","2.17120"
"FJI","Fiji","2016","3.00000","2.37976"
"FJI","Fiji","2017","3.00000","2.58612"
"FJI","Fiji","2018","3.00500","2.79386"
"FJI","Fiji","2019","2.99790","3.00058"
"FJI","Fiji","2020","3.20000","3.04058"
"FJI","Fiji","2021","3.00000","3.04058"
"FJI","Fiji","2022","5.20800","3.48218"
"FJI","Fiji","2023","5.95190","4.07156"
"FJI","Fiji","2024","3.31800","4.13558"
"FRA","Francia","1961","2.52910",""
"FRA","Francia","1962","2.14890",""
"FRA","Francia","1963","4.05930",""
"FRA","Francia","1964","2.35460",""
"FRA","Francia","1965","3.98000","3.01438"
"FRA","Francia","1966","4.50370","3.40930"
"FRA","Francia","1967","4.08800","3.79712"
"FRA","Francia","1968","5.26430","4.03812"
"FRA","Francia","1969","4.83460","4.53412"
"FRA","Francia","1970","5.09940","4.75800"
"FRA","Francia","1971","5.41510","4.94028"
"FRA","Francia","1972","4.35310","4.99330"
"FRA","Francia","1973","5.62170","5.06478"
"FRA","Francia","1974","4.55870","5.00960"
"FRA","Francia","1975","4.18400","4.82652"
"FRA","Francia","1976","4.03050","4.54960"
"FRA","Francia","1977","5.23820","4.72662"
"FRA","Francia","1978","5.28620","4.65952"
"FRA","Francia","1979","5.21950","4.79168"
"FRA","Francia","1980","5.31670","5.01822"
"FRA","Francia","1981","5.82910","5.37794"
"FRA","Francia","1982","6.31850","5.59400"
"FRA","Francia","1983","6.25000","5.78676"
"FRA","Francia","1984","6.02010","5.94688"
"FRA","Francia","1985","6.57600","6.19874"
"FRA","Francia","1986","6.16250","6.26542"
"FRA","Francia","1987","7.15020","6.43176"
"FRA","Francia","1988","7.27620","6.63700"
"FRA","Francia","1989","6.87190","6.80736"
"FRA","Francia","1990","6.01860","6.69588"
"FRA","Francia","1991","7.28660","6.92070"
"FRA","Francia","1992","7.98120","7.08690"
"FRA","Francia","1993","8.04790","7.24124"
"FRA","Francia","1994","7.79830","7.42652"
"FRA","Francia","1995","7.71820","7.76644"
"FRA","Francia","1996","8.38560","7.98624"
"FRA","Francia","1997","9.06510","8.20302"
"FRA","Francia","1998","8.45280","8.28400"
"FRA","Francia","1999","8.95230","8.51480"
"FRA","Francia","2000","9.07660","8.78648"
"FRA","Francia","2001","8.57110","8.82358"
"FRA","Francia","2002","8.97510","8.80558"
"FRA","Francia","2003","7.15020","8.54506"
"FRA","Francia","2004","8.99070","8.55274"
"FRA","Francia","2005","8.25390","8.38820"
"FRA","Francia","2006","8.58180","8.39034"
"FRA","Francia","2007","9.48210","8.49174"
"FRA","Francia","2008","9.12580","8.88686"
"FRA","Francia","2009","8.89340","8.86740"
"FRA","Francia","2010","8.82990","8.98260"
"FRA","Francia","2011","9.96680","9.25960"
"FRA","Francia","2012","9.00240","9.16366"
"FRA","Francia","2013","8.15920","8.97034"
"FRA","Francia","2014","10.05050","9.20176"
"FRA","Francia","2015","8.37840","9.11146"
"FRA","Francia","2016","8.20600","8.75930"
"FRA","Francia","2017","10.12390","8.98360"
"FRA","Francia","2018","8.82060","9.11588"
"FRA","Francia","2019","8.52870","8.81152"
"FRA","Francia","2020","7.93420","8.72268"
"FRA","Francia","2021","9.91200","9.06388"
"FRA","Francia","2022","7.47010","8.53312"
"FRA","Francia","2023","9.76250","8.72150"
"FRA","Francia","2024","9.20410","8.85658"
"FSM","Micronesia","1991","1.20040",""
"FSM","Micronesia","1992","1.20890",""
"FSM","Micronesia","1993","1.20610",""
"FSM","Micronesia","1994","1.21320",""
"FSM","Micronesia","1995","1.20000","1.20572"
"FSM","Micronesia","1996","1.21050","1.20774"
"FSM","Micronesia","1997","1.21520","1.20900"
"FSM","Micronesia","1998","1.22000","1.21178"
"FSM","Micronesia","1999","1.22500","1.21414"
"FSM","Micronesia","2000","1.23020","1.22018"
"FSM","Micronesia","2001","1.23580","1.22524"
"FSM","Micronesia","2002","1.24180","1.23056"
"FSM","Micronesia","2003","1.24820","1.23620"
"FSM","Micronesia","2004","1.25500","1.24220"
"FSM","Micronesia","2005","1.26220","1.24860"
"FSM","Micronesia","2006","1.27010","1.25546"
"FSM","Micronesia","2007","1.22220","1.25154"
"FSM","Micronesia","2008","1.29920","1.26174"
"FSM","Micronesia","2009","1.32080","1.27490"
"FSM","Micronesia","2010","1.34360","1.29118"
"FSM","Micronesia","2011","1.36800","1.31076"
"FSM","Micronesia","2012","1.42860","1.35204"
"FSM","Micronesia","2013","1.50000","1.39220"
"FSM","Micronesia","2014","1.48830","1.42570"
"FSM","Micronesia","2015","1.43710","1.44440"
"FSM","Micronesia","2016","1.44130","1.45906"
"FSM","Micronesia","2017","1.45590","1.46452"
"FSM","Micronesia","2018","1.46590","1.45770"
"FSM","Micronesia","2019","1.47520","1.45508"
"FSM","Micronesia","2020","1.42310","1.45228"
"FSM","Micronesia","2021","1.45450","1.45492"
"FSM","Micronesia","2022","1.45080","1.45390"
"FSM","Micronesia","2023","1.44270","1.44926"
"FSM","Micronesia","2024","1.44930","1.44408"
"GAB","Gabón","1961","1.54550",""
"GAB","Gabón","1962","1.54550",""
"GAB","Gabón","1963","1.54550",""
"GAB","Gabón","1964","1.52730",""
"GAB","Gabón","1965","1.52730","1.53822"
"GAB","Gabón","1966","1.50910","1.53094"
"GAB","Gabón","1967","1.50910","1.52366"
"GAB","Gabón","1968","1.49090","1.51274"
"GAB","Gabón","1969","1.49090","1.50546"
"GAB","Gabón","1970","1.45450","1.49090"
"GAB","Gabón","1971","1.45450","1.47998"
"GAB","Gabón","1972","1.46340","1.47084"
"GAB","Gabón","1973","1.48940","1.47054"
"GAB","Gabón","1974","1.49580","1.47152"
"GAB","Gabón","1975","1.39620","1.45986"
"GAB","Gabón","1976","1.48150","1.46526"
"GAB","Gabón","1977","1.50880","1.47434"
"GAB","Gabón","1978","1.49840","1.47614"
"GAB","Gabón","1979","1.50310","1.47760"
"GAB","Gabón","1980","1.48960","1.49628"
"GAB","Gabón","1981","1.40000","1.47998"
"GAB","Gabón","1982","1.45830","1.46988"
"GAB","Gabón","1983","1.50000","1.47020"
"GAB","Gabón","1984","1.51160","1.47190"
"GAB","Gabón","1985","1.44440","1.46286"
"GAB","Gabón","1986","1.45100","1.47306"
"GAB","Gabón","1987","1.57660","1.49672"
"GAB","Gabón","1988","1.60920","1.51856"
"GAB","Gabón","1989","1.44460","1.50516"
"GAB","Gabón","1990","1.57680","1.53164"
"GAB","Gabón","1991","1.69120","1.57968"
"GAB","Gabón","1992","1.53970","1.57230"
"GAB","Gabón","1993","1.58350","1.56716"
"GAB","Gabón","1994","1.65030","1.60830"
"GAB","Gabón","1995","1.54710","1.60236"
"GAB","Gabón","1996","1.58020","1.58016"
"GAB","Gabón","1997","1.54840","1.58190"
"GAB","Gabón","1998","1.57050","1.57930"
"GAB","Gabón","1999","1.58580","1.56640"
"GAB","Gabón","2000","1.61880","1.58074"
"GAB","Gabón","2001","1.52420","1.56954"
"GAB","Gabón","2002","1.42860","1.54558"
"GAB","Gabón","2003","1.52190","1.53586"
"GAB","Gabón","2004","1.54220","1.52714"
"GAB","Gabón","2005","1.55320","1.51402"
"GAB","Gabón","2006","1.56100","1.52138"
"GAB","Gabón","2007","1.65000","1.56566"
"GAB","Gabón","2008","1.59110","1.57950"
"GAB","Gabón","2009","1.56860","1.58478"
"GAB","Gabón","2010","1.57330","1.58880"
"GAB","Gabón","2011","1.57360","1.59132"
"GAB","Gabón","2012","1.57390","1.57610"
"GAB","Gabón","2013","1.57410","1.57270"
"GAB","Gabón","2014","1.56670","1.57232"
"GAB","Gabón","2015","1.56530","1.57072"
"GAB","Gabón","2016","1.56290","1.56858"
"GAB","Gabón","2017","1.56220","1.56624"
"GAB","Gabón","2018","1.56060","1.56354"
"GAB","Gabón","2019","1.56190","1.56258"
"GAB","Gabón","2020","1.56130","1.56178"
"GAB","Gabón","2021","1.56130","1.56146"
"GAB","Gabón","2022","1.56150","1.56132"
"GAB","Gabón","2023","1.56140","1.56148"
"GAB","Gabón","2024","1.56140","1.56138"
"GBR","Reino Unido","1970","4.00000",""
"GBR","Reino Unido","1971","5.00000",""
"GBR","Reino Unido","1972","4.00000",""
"GBR","Reino Unido","1973","4.00000",""
"GBR","Reino Unido","1974","3.00000","4.00000"
"GBR","Reino Unido","1975","3.00000","3.80000"
"GBR","Reino Unido","1976","2.00000","3.20000"
"GBR","Reino Unido","1977","3.27150","3.05430"
"GBR","Reino Unido","1978","3.06280","2.86686"
"GBR","Reino Unido","1979","1.79000","2.62486"
"GBR","Reino Unido","1980","1.57000","2.33886"
"GEO","Georgia","1992","2.53460",""
"GEO","Georgia","1993","2.30580",""
"GEO","Georgia","1994","2.59500",""
"GEO","Georgia","1995","2.84610",""
"GEO","Georgia","1996","3.48400","2.75310"
"GEO","Georgia","1997","2.92300","2.83078"
"GEO","Georgia","1998","2.05530","2.78068"
"GEO","Georgia","1999","2.22550","2.70678"
"GEO","Georgia","2000","1.61610","2.46078"
"GEO","Georgia","2001","1.56370","2.07672"
"GEO","Georgia","2002","2.05230","1.90258"
"GEO","Georgia","2003","2.42500","1.97652"
"GEO","Georgia","2004","2.19440","1.97030"
"GEO","Georgia","2005","2.18510","2.08410"
"GEO","Georgia","2006","1.83770","2.13890"
"GEO","Georgia","2007","2.40680","2.20980"
"GEO","Georgia","2008","2.32110","2.18902"
"GEO","Georgia","2009","2.35250","2.22064"
"GEO","Georgia","2010","1.41380","2.06638"
"GEO","Georgia","2011","2.28670","2.15618"
"GEO","Georgia","2012","2.44730","2.16428"
"GEO","Georgia","2013","2.48060","2.19618"
"GEO","Georgia","2014","2.33090","2.19186"
"GEO","Georgia","2015","1.71080","2.25126"
"GEO","Georgia","2016","2.62040","2.31800"
"GEO","Georgia","2017","1.81300","2.19114"
"GEO","Georgia","2018","2.71990","2.23900"
"GEO","Georgia","2019","2.83700","2.34022"
"GEO","Georgia","2020","3.14430","2.62692"
"GEO","Georgia","2021","3.04970","2.71278"
"GEO","Georgia","2022","2.06900","2.76398"
"GEO","Georgia","2023","2.63670","2.74734"
"GEO","Georgia","2024","3.06970","2.79388"
"GHA","Ghana","1961","0.95360",""
"GHA","Ghana","1962","0.92830",""
"GHA","Ghana","1963","0.90390",""
"GHA","Ghana","1964","0.85370",""
"GHA","Ghana","1965","1.20620","0.96914"
"GHA","Ghana","1966","1.60260","1.09894"
"GHA","Ghana","1967","1.16400","1.14608"
"GHA","Ghana","1968","1.10890","1.18708"
"GHA","Ghana","1969","1.10470","1.23728"
"GHA","Ghana","1970","1.06430","1.20890"
"GHA","Ghana","1971","1.07580","1.10354"
"GHA","Ghana","1972","1.03580","1.07790"
"GHA","Ghana","1973","1.05250","1.06662"
"GHA","Ghana","1974","1.14310","1.07430"
"GHA","Ghana","1975","1.07410","1.07626"
"GHA","Ghana","1976","1.04380","1.06986"
"GHA","Ghana","1977","1.07030","1.07676"
"GHA","Ghana","1978","1.06340","1.07894"
"GHA","Ghana","1979","1.06150","1.06262"
"GHA","Ghana","1980","0.86820","1.02144"
"GHA","Ghana","1981","1.01610","1.01590"
"GHA","Ghana","1982","0.92760","0.98736"
"GHA","Ghana","1983","0.43000","0.86068"
"GHA","Ghana","1984","0.96130","0.84064"
"GHA","Ghana","1985","1.00860","0.86872"
"GHA","Ghana","1986","1.18450","0.90240"
"GHA","Ghana","1987","1.09070","0.93502"
"GHA","Ghana","1988","1.39070","1.12716"
"GHA","Ghana","1989","1.26100","1.18710"
"GHA","Ghana","1990","1.18890","1.22316"
"GHA","Ghana","1991","1.52600","1.29146"
"GHA","Ghana","1992","1.20400","1.31412"
"GHA","Ghana","1993","1.50920","1.33782"
"GHA","Ghana","1994","1.49330","1.38428"
"GHA","Ghana","1995","1.50200","1.44690"
"GHA","Ghana","1996","1.51530","1.44476"
"GHA","Ghana","1997","1.52850","1.50966"
"GHA","Ghana","1998","1.48500","1.50482"
"GHA","Ghana","1999","1.45570","1.49730"
"GHA","Ghana","2000","1.45780","1.48846"
"GHA","Ghana","2001","1.31500","1.44840"
"GHA","Ghana","2002","1.49000","1.44070"
"GHA","Ghana","2003","1.62720","1.46914"
"GHA","Ghana","2004","1.57940","1.49388"
"GHA","Ghana","2005","1.56130","1.51458"
"GHA","Ghana","2006","1.49940","1.55146"
"GHA","Ghana","2007","1.54370","1.56220"
"GHA","Ghana","2008","1.73710","1.58418"
"GHA","Ghana","2009","1.69690","1.60768"
"GHA","Ghana","2010","1.88740","1.67290"
"GHA","Ghana","2011","1.64580","1.70218"
"GHA","Ghana","2012","1.87120","1.76768"
"GHA","Ghana","2013","1.72400","1.76506"
"GHA","Ghana","2014","1.72910","1.77150"
"GHA","Ghana","2015","1.92180","1.77838"
"GHA","Ghana","2016","1.95000","1.83922"
"GHA","Ghana","2017","2.01120","1.86722"
"GHA","Ghana","2018","2.25890","1.97420"
"GHA","Ghana","2019","2.53130","2.13464"
"GHA","Ghana","2020","2.58280","2.26684"
"GHA","Ghana","2021","2.53000","2.38284"
"GHA","Ghana","2022","2.50440","2.48148"
"GHA","Ghana","2023","2.75310","2.58032"
"GHA","Ghana","2024","2.77210","2.62848"
"GIN","Guinea","1961","1.11760",""
"GIN","Guinea","1962","1.05880",""
"GIN","Guinea","1963","0.87500",""
"GIN","Guinea","1964","1.14940",""
"GIN","Guinea","1965","0.80000","1.00016"
"GIN","Guinea","1966","1.15870","1.00838"
"GIN","Guinea","1967","1.15870","1.02836"
"GIN","Guinea","1968","1.15380","1.08412"
"GIN","Guinea","1969","1.15250","1.08474"
"GIN","Guinea","1970","1.15250","1.15524"
"GIN","Guinea","1971","1.15250","1.15400"
"GIN","Guinea","1972","1.15520","1.15330"
"GIN","Guinea","1973","1.15000","1.15254"
"GIN","Guinea","1974","1.16720","1.15548"
"GIN","Guinea","1975","1.15000","1.15498"
"GIN","Guinea","1976","1.15000","1.15448"
"GIN","Guinea","1977","1.07690","1.13882"
"GIN","Guinea","1978","1.00000","1.10882"
"GIN","Guinea","1979","1.00000","1.07538"
"GIN","Guinea","1980","1.00000","1.04538"
"GIN","Guinea","1981","1.11110","1.03760"
"GIN","Guinea","1982","1.11110","1.04444"
"GIN","Guinea","1983","1.11110","1.06666"
"GIN","Guinea","1984","1.05580","1.07782"
"GIN","Guinea","1985","1.11110","1.10004"
"GIN","Guinea","1986","1.11110","1.10004"
"GIN","Guinea","1987","1.00000","1.07782"
"GIN","Guinea","1988","0.95200","1.04600"
"GIN","Guinea","1989","0.98450","1.03174"
"GIN","Guinea","1990","1.01790","1.01310"
"GIN","Guinea","1991","1.05270","1.00142"
"GIN","Guinea","1992","1.08850","1.01912"
"GIN","Guinea","1993","1.12550","1.05382"
"GIN","Guinea","1994","1.16390","1.08970"
"GIN","Guinea","1995","1.20360","1.12684"
"GIN","Guinea","1996","1.24460","1.16522"
"GIN","Guinea","1997","1.28700","1.20492"
"GIN","Guinea","1998","1.33080","1.24598"
"GIN","Guinea","1999","1.37610","1.28842"
"GIN","Guinea","2000","1.42300","1.33230"
"GIN","Guinea","2001","1.44300","1.37198"
"GIN","Guinea","2002","1.46640","1.40786"
"GIN","Guinea","2003","1.49010","1.43972"
"GIN","Guinea","2004","1.51430","1.46736"
"GIN","Guinea","2005","1.53880","1.49052"
"GIN","Guinea","2006","1.56370","1.51466"
"GIN","Guinea","2007","1.58910","1.53920"
"GIN","Guinea","2008","1.07930","1.45704"
"GIN","Guinea","2009","1.63180","1.48054"
"GIN","Guinea","2010","1.63130","1.49904"
"GIN","Guinea","2011","1.65840","1.51798"
"GIN","Guinea","2012","1.22000","1.44416"
"GIN","Guinea","2013","1.25000","1.47830"
"GIN","Guinea","2014","1.23230","1.39840"
"GIN","Guinea","2015","1.25030","1.32220"
"GIN","Guinea","2016","1.22650","1.23582"
"GIN","Guinea","2017","1.35000","1.26182"
"GIN","Guinea","2018","1.33860","1.27954"
"GIN","Guinea","2019","1.45000","1.32308"
"GIN","Guinea","2020","1.42000","1.35702"
"GIN","Guinea","2021","1.45000","1.40172"
"GIN","Guinea","2022","1.50000","1.43172"
"GIN","Guinea","2023","1.51080","1.46616"
"GIN","Guinea","2024","1.44150","1.46446"
"GLP","Guadalupe","1961","2.00000",""
"GLP","Guadalupe","1962","2.00000",""
"GLP","Guadalupe","1963","2.00000",""
"GLP","Guadalupe","1964","2.00000",""
"GLP","Guadalupe","1965","2.00000","2.00000"
"GLP","Guadalupe","1966","2.00000","2.00000"
"GLP","Guadalupe","1967","2.00000","2.00000"
"GLP","Guadalupe","1968","1.97630","1.99526"
"GLP","Guadalupe","1969","1.50000","1.89526"
"GLP","Guadalupe","1970","1.77780","1.85082"
"GLP","Guadalupe","1971","2.00000","1.85082"
"GLP","Guadalupe","1972","2.10000","1.87082"
"GLP","Guadalupe","1973","2.10000","1.89556"
"GLP","Guadalupe","1974","1.90000","1.97556"
"GLP","Guadalupe","1975","1.00000","1.82000"
"GLP","Guadalupe","1976","1.20000","1.66000"
"GLP","Guadalupe","1977","2.00000","1.64000"
"GMB","Gambia","1961","0.37640",""
"GMB","Gambia","1962","0.31240",""
"GMB","Gambia","1963","0.30410",""
"GMB","Gambia","1964","0.40740",""
"GMB","Gambia","1965","0.40740","0.36154"
"GMB","Gambia","1966","0.66670","0.41960"
"GMB","Gambia","1967","1.15000","0.58712"
"GMB","Gambia","1968","1.15000","0.75630"
"GMB","Gambia","1969","1.08000","0.89082"
"GMB","Gambia","1970","1.03330","1.01600"
"GMB","Gambia","1971","1.12500","1.10766"
"GMB","Gambia","1972","1.17780","1.11322"
"GMB","Gambia","1973","1.21430","1.12608"
"GMB","Gambia","1974","1.06670","1.12342"
"GMB","Gambia","1975","1.20000","1.15676"
"GMB","Gambia","1976","1.07140","1.14604"
"GMB","Gambia","1977","1.12900","1.13628"
"GMB","Gambia","1978","1.39710","1.17284"
"GMB","Gambia","1979","1.22220","1.20394"
"GMB","Gambia","1980","1.06780","1.17750"
"GMB","Gambia","1981","1.64470","1.29216"
"GMB","Gambia","1982","1.80850","1.42806"
"GMB","Gambia","1983","1.23190","1.39502"
"GMB","Gambia","1984","1.35870","1.42232"
"GMB","Gambia","1985","1.57880","1.52452"
"GMB","Gambia","1986","1.56560","1.50870"
"GMB","Gambia","1987","1.18680","1.38436"
"GMB","Gambia","1988","1.22690","1.38336"
"GMB","Gambia","1989","1.34670","1.38096"
"GMB","Gambia","1990","1.20410","1.30602"
"GMB","Gambia","1991","1.17970","1.22884"
"GMB","Gambia","1992","1.51380","1.29424"
"GMB","Gambia","1993","1.62640","1.37414"
"GMB","Gambia","1994","1.26240","1.35728"
"GMB","Gambia","1995","1.29210","1.37488"
"GMB","Gambia","1996","1.21950","1.38284"
"GMB","Gambia","1997","1.16930","1.31394"
"GMB","Gambia","1998","1.43400","1.27546"
"GMB","Gambia","1999","1.59380","1.34174"
"GMB","Gambia","2000","1.60580","1.40448"
"GMB","Gambia","2001","1.68520","1.49762"
"GMB","Gambia","2002","1.01250","1.46626"
"GMB","Gambia","2003","1.58490","1.49644"
"GMB","Gambia","2004","1.20700","1.41908"
"GMB","Gambia","2005","1.05170","1.30826"
"GMB","Gambia","2006","0.89450","1.15012"
"GMB","Gambia","2007","0.86870","1.12136"
"GMB","Gambia","2008","1.03300","1.01098"
"GMB","Gambia","2009","1.16220","1.00202"
"GMB","Gambia","2010","1.25000","1.04168"
"GMB","Gambia","2011","0.93490","1.04976"
"GMB","Gambia","2012","1.06430","1.08888"
"GMB","Gambia","2013","0.99670","1.08162"
"GMB","Gambia","2014","0.82520","1.01422"
"GMB","Gambia","2015","0.93950","0.95212"
"GMB","Gambia","2016","0.72100","0.90934"
"GMB","Gambia","2017","0.61260","0.81900"
"GMB","Gambia","2018","0.51630","0.72292"
"GMB","Gambia","2019","0.45970","0.64982"
"GMB","Gambia","2020","0.59550","0.58102"
"GMB","Gambia","2021","1.06480","0.64978"
"GMB","Gambia","2022","0.81940","0.69114"
"GMB","Gambia","2023","0.80610","0.74910"
"GMB","Gambia","2024","0.93240","0.84364"
"GNB","Guinea-Bissau","1961","0.66670",""
"GNB","Guinea-Bissau","1962","0.66670",""
"GNB","Guinea-Bissau","1963","0.66670",""
"GNB","Guinea-Bissau","1964","0.83330",""
"GNB","Guinea-Bissau","1965","0.83330","0.73334"
"GNB","Guinea-Bissau","1966","0.66670","0.73334"
"GNB","Guinea-Bissau","1967","0.70000","0.74000"
"GNB","Guinea-Bissau","1968","0.75000","0.75666"
"GNB","Guinea-Bissau","1969","0.66670","0.72334"
"GNB","Guinea-Bissau","1970","0.66670","0.69002"
"GNB","Guinea-Bissau","1971","0.55000","0.66668"
"GNB","Guinea-Bissau","1972","0.57140","0.64096"
"GNB","Guinea-Bissau","1973","0.75000","0.64096"
"GNB","Guinea-Bissau","1974","0.70000","0.64762"
"GNB","Guinea-Bissau","1975","0.66670","0.64762"
"GNB","Guinea-Bissau","1976","0.62500","0.66262"
"GNB","Guinea-Bissau","1977","0.66670","0.68168"
"GNB","Guinea-Bissau","1978","0.60000","0.65168"
"GNB","Guinea-Bissau","1979","0.66670","0.64502"
"GNB","Guinea-Bissau","1980","1.00000","0.71168"
"GNB","Guinea-Bissau","1981","0.81250","0.74918"
"GNB","Guinea-Bissau","1982","0.65000","0.74584"
"GNB","Guinea-Bissau","1983","0.62500","0.75084"
"GNB","Guinea-Bissau","1984","0.59380","0.73626"
"GNB","Guinea-Bissau","1985","0.66670","0.66960"
"GNB","Guinea-Bissau","1986","0.76920","0.66094"
"GNB","Guinea-Bissau","1987","0.90910","0.71276"
"GNB","Guinea-Bissau","1988","1.24600","0.83696"
"GNB","Guinea-Bissau","1989","0.97630","0.91346"
"GNB","Guinea-Bissau","1990","1.06780","0.99368"
"GNB","Guinea-Bissau","1991","1.13860","1.06756"
"GNB","Guinea-Bissau","1992","0.95180","1.07610"
"GNB","Guinea-Bissau","1993","0.93400","1.01370"
"GNB","Guinea-Bissau","1994","0.93280","1.00500"
"GNB","Guinea-Bissau","1995","1.00270","0.99198"
"GNB","Guinea-Bissau","1996","0.93530","0.95132"
"GNB","Guinea-Bissau","1997","1.00000","0.96096"
"GNB","Guinea-Bissau","1998","1.00000","0.97416"
"GNB","Guinea-Bissau","1999","0.99100","0.98580"
"GNB","Guinea-Bissau","2000","0.98740","0.98274"
"GNB","Guinea-Bissau","2001","0.97000","0.98968"
"GNB","Guinea-Bissau","2002","1.49410","1.08850"
"GNB","Guinea-Bissau","2003","1.14350","1.11720"
"GNB","Guinea-Bissau","2004","1.09780","1.13856"
"GNB","Guinea-Bissau","2005","1.08260","1.15760"
"GNB","Guinea-Bissau","2006","1.05060","1.17372"
"GNB","Guinea-Bissau","2007","0.94290","1.06348"
"GNB","Guinea-Bissau","2008","1.14610","1.06400"
"GNB","Guinea-Bissau","2009","0.98960","1.04236"
"GNB","Guinea-Bissau","2010","1.04700","1.03524"
"GNB","Guinea-Bissau","2011","1.05090","1.03530"
"GNB","Guinea-Bissau","2012","1.04660","1.05604"
"GNB","Guinea-Bissau","2013","1.04660","1.03614"
"GNB","Guinea-Bissau","2014","1.00000","1.03822"
"GNB","Guinea-Bissau","2015","0.85710","1.00024"
"GNB","Guinea-Bissau","2016","0.85710","0.96148"
"GNB","Guinea-Bissau","2017","1.00000","0.95216"
"GNB","Guinea-Bissau","2018","1.00000","0.94284"
"GNB","Guinea-Bissau","2019","0.77800","0.89844"
"GNB","Guinea-Bissau","2020","0.81800","0.89062"
"GNB","Guinea-Bissau","2021","0.82600","0.88440"
"GNB","Guinea-Bissau","2022","1.01640","0.88768"
"GNB","Guinea-Bissau","2023","1.40000","0.96768"
"GNB","Guinea-Bissau","2024","1.00000","1.01208"
"GRC","Grecia","1961","1.19460",""
"GRC","Grecia","1962","1.29850",""
"GRC","Grecia","1963","1.36450",""
"GRC","Grecia","1964","1.74430",""
"GRC","Grecia","1965","1.72790","1.46596"
"GRC","Grecia","1966","1.97600","1.62224"
"GRC","Grecia","1967","2.34470","1.83148"
"GRC","Grecia","1968","2.32430","2.02344"
"GRC","Grecia","1969","2.76530","2.22764"
"GRC","Grecia","1970","3.01650","2.48536"
"GRC","Grecia","1971","3.40520","2.77120"
"GRC","Grecia","1972","3.53940","3.01014"
"GRC","Grecia","1973","3.78240","3.30176"
"GRC","Grecia","1974","3.50380","3.44946"
"GRC","Grecia","1975","3.84250","3.61466"
"GRC","Grecia","1976","3.94530","3.72268"
"GRC","Grecia","1977","4.03580","3.82196"
"GRC","Grecia","1978","4.66550","3.99858"
"GRC","Grecia","1979","5.78890","4.45560"
"GRC","Grecia","1980","7.41450","5.17000"
"GRC","Grecia","1981","8.57710","6.09636"
"GRC","Grecia","1982","8.70790","7.03078"
"GRC","Grecia","1983","9.15630","7.92894"
"GRC","Grecia","1984","9.35930","8.64302"
"GRC","Grecia","1985","8.60370","8.88086"
"GRC","Grecia","1986","9.14680","8.99480"
"GRC","Grecia","1987","9.09540","9.07230"
"GRC","Grecia","1988","9.33330","9.10770"
"GRC","Grecia","1989","9.91830","9.21950"
"GRC","Grecia","1990","9.69650","9.43806"
"GRC","Grecia","1991","10.10420","9.62954"
"GRC","Grecia","1992","9.97620","9.80570"
"GRC","Grecia","1993","9.89510","9.91806"
"GRC","Grecia","1994","9.78000","9.89040"
"GRC","Grecia","1995","10.05630","9.96236"
"GRC","Grecia","1996","9.93140","9.92780"
"GRC","Grecia","1997","10.40300","10.01316"
"GRC","Grecia","1998","8.82470","9.79908"
"GRC","Grecia","1999","9.51280","9.74564"
"GRC","Grecia","2000","9.67080","9.66854"
"GRC","Grecia","2001","10.34630","9.75152"
"GRC","Grecia","2002","9.95440","9.66180"
"GRC","Grecia","2003","10.40560","9.97798"
"GRC","Grecia","2004","10.10880","10.09718"
"GRC","Grecia","2005","10.30330","10.22368"
"GRC","Grecia","2006","10.13830","10.18208"
"GRC","Grecia","2007","10.02230","10.19566"
"GRC","Grecia","2008","10.48100","10.21074"
"GRC","Grecia","2009","10.43260","10.27550"
"GRC","Grecia","2010","10.38180","10.29120"
"GRC","Grecia","2011","10.70690","10.40492"
"GRC","Grecia","2012","10.45590","10.49164"
"GRC","Grecia","2013","10.66890","10.52922"
"GRC","Grecia","2014","11.10340","10.66338"
"GRC","Grecia","2015","11.67020","10.92106"
"GRC","Grecia","2016","11.33370","11.04642"
"GRC","Grecia","2017","11.59850","11.27494"
"GRC","Grecia","2018","10.63010","11.26718"
"GRC","Grecia","2019","10.68070","11.18264"
"GRC","Grecia","2020","10.08780","10.86616"
"GRC","Grecia","2021","11.24370","10.84816"
"GRC","Grecia","2022","10.57950","10.64436"
"GRC","Grecia","2023","10.85090","10.68852"
"GRC","Grecia","2024","9.67380","10.48714"
"GRD","Granada","1961","0.87300",""
"GRD","Granada","1962","0.87300",""
"GRD","Granada","1963","0.87300",""
"GRD","Granada","1964","0.87300",""
"GRD","Granada","1965","0.87300","0.87300"
"GRD","Granada","1966","0.87100","0.87260"
"GRD","Granada","1967","0.87100","0.87220"
"GRD","Granada","1968","0.87100","0.87180"
"GRD","Granada","1969","0.88330","0.87386"
"GRD","Granada","1970","0.88330","0.87592"
"GRD","Granada","1971","0.87720","0.87716"
"GRD","Granada","1972","0.86540","0.87604"
"GRD","Granada","1973","0.85560","0.87296"
"GRD","Granada","1974","0.76900","0.85010"
"GRD","Granada","1975","0.87800","0.84904"
"GRD","Granada","1976","0.91110","0.85582"
"GRD","Granada","1977","0.90630","0.86400"
"GRD","Granada","1978","0.90820","0.87452"
"GRD","Granada","1979","0.90760","0.90224"
"GRD","Granada","1980","0.89400","0.90544"
"GRD","Granada","1981","1.04440","0.93210"
"GRD","Granada","1982","0.90000","0.93084"
"GRD","Granada","1983","0.94930","0.93906"
"GRD","Granada","1984","0.94930","0.94740"
"GRD","Granada","1985","0.95120","0.95884"
"GRD","Granada","1986","0.98000","0.94596"
"GRD","Granada","1987","1.00000","0.96596"
"GRD","Granada","1988","1.00800","0.97770"
"GRD","Granada","1989","1.00390","0.98862"
"GRD","Granada","1990","0.99230","0.99684"
"GRD","Granada","1991","1.11320","1.02348"
"GRD","Granada","1992","1.02120","1.02772"
"GRD","Granada","1993","0.98970","1.02406"
"GRD","Granada","1994","0.99140","1.02156"
"GRD","Granada","1995","0.98330","1.01976"
"GRD","Granada","1996","1.00000","0.99712"
"GRD","Granada","1997","1.00000","0.99288"
"GRD","Granada","1998","1.00460","0.99586"
"GRD","Granada","1999","1.00430","0.99844"
"GRD","Granada","2000","1.00280","1.00234"
"GRD","Granada","2001","1.00180","1.00270"
"GRD","Granada","2002","0.99710","1.00212"
"GRD","Granada","2003","0.99960","1.00112"
"GRD","Granada","2004","1.00060","1.00038"
"GRD","Granada","2005","0.98440","0.99670"
"GRD","Granada","2006","1.00000","0.99634"
"GRD","Granada","2007","1.00000","0.99692"
"GRD","Granada","2008","1.00560","0.99812"
"GRD","Granada","2009","1.00710","0.99942"
"GRD","Granada","2010","1.00840","1.00422"
"GRD","Granada","2011","1.00900","1.00602"
"GRD","Granada","2012","1.02860","1.01174"
"GRD","Granada","2013","1.00000","1.01062"
"GRD","Granada","2014","0.99330","1.00786"
"GRD","Granada","2015","1.00210","1.00660"
"GRD","Granada","2016","0.99830","1.00446"
"GRD","Granada","2017","0.99720","0.99818"
"GRD","Granada","2018","0.99650","0.99748"
"GRD","Granada","2019","0.99750","0.99832"
"GRD","Granada","2020","0.99870","0.99764"
"GRD","Granada","2021","0.99930","0.99784"
"GRD","Granada","2022","0.99910","0.99822"
"GRD","Granada","2023","0.99880","0.99868"
"GRD","Granada","2024","0.99660","0.99850"
"GTM","Guatemala","1961","0.82860",""
"GTM","Guatemala","1962","0.87480",""
"GTM","Guatemala","1963","0.85610",""
"GTM","Guatemala","1964","0.92120",""
"GTM","Guatemala","1965","0.95540","0.88722"
"GTM","Guatemala","1966","0.90260","0.90202"
"GTM","Guatemala","1967","0.87100","0.90126"
"GTM","Guatemala","1968","0.99800","0.92964"
"GTM","Guatemala","1969","1.03650","0.95270"
"GTM","Guatemala","1970","1.18730","0.99908"
"GTM","Guatemala","1971","1.13390","1.04534"
"GTM","Guatemala","1972","1.19060","1.10926"
"GTM","Guatemala","1973","1.63630","1.23692"
"GTM","Guatemala","1974","1.42310","1.31424"
"GTM","Guatemala","1975","1.67150","1.41108"
"GTM","Guatemala","1976","1.33420","1.45114"
"GTM","Guatemala","1977","1.31260","1.47554"
"GTM","Guatemala","1978","1.53290","1.45486"
"GTM","Guatemala","1979","1.74470","1.51918"
"GTM","Guatemala","1980","1.36900","1.45868"
"GTM","Guatemala","1981","1.46380","1.48460"
"GTM","Guatemala","1982","1.64490","1.55106"
"GTM","Guatemala","1983","1.83570","1.61162"
"GTM","Guatemala","1984","1.54030","1.57074"
"GTM","Guatemala","1985","1.65010","1.62696"
"GTM","Guatemala","1986","1.76560","1.68732"
"GTM","Guatemala","1987","1.53360","1.66506"
"GTM","Guatemala","1988","1.86250","1.67042"
"GTM","Guatemala","1989","2.07660","1.77768"
"GTM","Guatemala","1990","2.00520","1.84870"
"GTM","Guatemala","1991","1.84420","1.86442"
"GTM","Guatemala","1992","1.88310","1.93432"
"GTM","Guatemala","1993","1.85060","1.93194"
"GTM","Guatemala","1994","1.95690","1.90800"
"GTM","Guatemala","1995","1.94360","1.89568"
"GTM","Guatemala","1996","1.82010","1.89086"
"GTM","Guatemala","1997","1.49420","1.81308"
"GTM","Guatemala","1998","1.69940","1.78284"
"GTM","Guatemala","1999","1.73780","1.73902"
"GTM","Guatemala","2000","1.78110","1.70652"
"GTM","Guatemala","2001","2.06810","1.75612"
"GTM","Guatemala","2002","2.06590","1.87046"
"GTM","Guatemala","2003","2.09710","1.95000"
"GTM","Guatemala","2004","2.13070","2.02858"
"GTM","Guatemala","2005","2.33600","2.13956"
"GTM","Guatemala","2006","2.58070","2.24208"
"GTM","Guatemala","2007","2.32190","2.29328"
"GTM","Guatemala","2008","2.01150","2.27616"
"GTM","Guatemala","2009","1.97980","2.24598"
"GTM","Guatemala","2010","1.99440","2.17766"
"GTM","Guatemala","2011","1.99760","2.06104"
"GTM","Guatemala","2012","2.03480","2.00362"
"GTM","Guatemala","2013","2.08270","2.01786"
"GTM","Guatemala","2014","2.08980","2.03986"
"GTM","Guatemala","2015","2.11480","2.06394"
"GTM","Guatemala","2016","2.15220","2.09486"
"GTM","Guatemala","2017","2.15400","2.11870"
"GTM","Guatemala","2018","2.15410","2.13298"
"GTM","Guatemala","2019","2.11280","2.13758"
"GTM","Guatemala","2020","2.02650","2.11992"
"GTM","Guatemala","2021","1.95430","2.08034"
"GTM","Guatemala","2022","1.80360","2.01026"
"GTM","Guatemala","2023","1.79990","1.93942"
"GTM","Guatemala","2024","2.25940","1.96874"
"GUF","Guayana Francesa","1961","5.00000",""
"GUF","Guayana Francesa","1962","9.41860",""
"GUF","Guayana Francesa","1963","7.00000",""
"GUF","Guayana Francesa","1964","7.91670",""
"GUF","Guayana Francesa","1965","7.91670","7.45040"
"GUF","Guayana Francesa","1966","7.40000","7.93040"
"GUF","Guayana Francesa","1967","7.33330","7.51334"
"GUF","Guayana Francesa","1968","8.50000","7.81334"
"GUF","Guayana Francesa","1969","6.66670","7.56334"
"GUF","Guayana Francesa","1970","1.36360","6.25272"
"GUF","Guayana Francesa","1971","4.00000","5.57272"
"GUF","Guayana Francesa","1972","2.00000","4.50606"
"GUF","Guayana Francesa","1973","2.00000","3.20606"
"GUF","Guayana Francesa","1974","2.00000","2.27272"
"GUF","Guayana Francesa","1975","2.00000","2.40000"
"GUF","Guayana Francesa","1976","1.66670","1.93334"
"GUF","Guayana Francesa","1977","2.00000","1.93334"
"GUF","Guayana Francesa","1978","2.00000","1.93334"
"GUF","Guayana Francesa","1979","2.00000","1.93334"
"GUF","Guayana Francesa","1991","0.38400","1.61014"
"GUF","Guayana Francesa","1992","0.68460","1.41372"
"GUF","Guayana Francesa","1993","0.70000","1.15372"
"GUF","Guayana Francesa","1994","0.70000","0.89372"
"GUF","Guayana Francesa","1995","0.70730","0.63518"
"GUF","Guayana Francesa","1996","0.70730","0.69984"
"GUF","Guayana Francesa","1997","0.70730","0.70438"
"GUF","Guayana Francesa","1998","0.70730","0.70584"
"GUF","Guayana Francesa","1999","0.70730","0.70730"
"GUF","Guayana Francesa","2000","0.72530","0.71090"
"GUF","Guayana Francesa","2001","0.73470","0.71638"
"GUF","Guayana Francesa","2002","0.75000","0.72492"
"GUF","Guayana Francesa","2003","0.80700","0.74486"
"GUF","Guayana Francesa","2004","0.87200","0.77780"
"GUF","Guayana Francesa","2005","0.93710","0.82016"
"GUF","Guayana Francesa","2006","1.00000","0.87322"
"GUY","Guyana","1961","0.98480",""
"GUY","Guyana","1962","0.94070",""
"GUY","Guyana","1963","0.92140",""
"GUY","Guyana","1964","1.06470",""
"GUY","Guyana","1965","1.00870","0.98406"
"GUY","Guyana","1966","1.00930","0.98896"
"GUY","Guyana","1967","1.12350","1.02552"
"GUY","Guyana","1968","1.52360","1.14596"
"GUY","Guyana","1969","1.68220","1.26946"
"GUY","Guyana","1970","1.45770","1.35926"
"GUY","Guyana","1971","1.75460","1.50832"
"GUY","Guyana","1972","1.90390","1.66440"
"GUY","Guyana","1973","1.80640","1.72096"
"GUY","Guyana","1974","2.24220","1.83296"
"GUY","Guyana","1975","1.91300","1.92402"
"GUY","Guyana","1976","0.92920","1.75894"
"GUY","Guyana","1977","1.08870","1.59590"
"GUY","Guyana","1978","1.33410","1.50144"
"GUY","Guyana","1979","1.47960","1.34892"
"GUY","Guyana","1980","1.47970","1.26226"
"GUY","Guyana","1981","0.86620","1.24966"
"GUY","Guyana","1982","0.88310","1.20854"
"GUY","Guyana","1983","0.90670","1.12306"
"GUY","Guyana","1984","0.77780","0.98270"
"GUY","Guyana","1985","1.00000","0.88676"
"GUY","Guyana","1986","1.06390","0.92630"
"GUY","Guyana","1987","1.23570","0.99682"
"GUY","Guyana","1988","1.11540","1.03856"
"GUY","Guyana","1989","1.15380","1.11376"
"GUY","Guyana","1990","1.56660","1.22708"
"GUY","Guyana","1991","1.37820","1.28994"
"GUY","Guyana","1992","1.20750","1.28430"
"GUY","Guyana","1993","1.20690","1.30260"
"GUY","Guyana","1994","1.17860","1.30756"
"GUY","Guyana","1995","1.33300","1.26084"
"GUY","Guyana","1996","1.14810","1.21482"
"GUY","Guyana","1997","3.03850","1.58102"
"GUY","Guyana","1998","1.56790","1.65322"
"GUY","Guyana","1999","1.49490","1.71648"
"GUY","Guyana","2000","1.23520","1.69692"
"GUY","Guyana","2001","1.26440","1.72018"
"GUY","Guyana","2002","1.40560","1.39360"
"GUY","Guyana","2003","1.25000","1.33002"
"GUY","Guyana","2004","1.25000","1.28104"
"GUY","Guyana","2005","1.25000","1.28400"
"GUY","Guyana","2006","1.00000","1.23112"
"GUY","Guyana","2007","1.71740","1.29348"
"GUY","Guyana","2008","1.33330","1.31014"
"GUY","Guyana","2009","1.34060","1.32826"
"GUY","Guyana","2010","1.36870","1.35200"
"GUY","Guyana","2011","1.37690","1.42738"
"GUY","Guyana","2012","1.37560","1.35902"
"GUY","Guyana","2013","1.37430","1.36722"
"GUY","Guyana","2014","1.36870","1.37284"
"GUY","Guyana","2015","1.36890","1.37288"
"GUY","Guyana","2016","1.36580","1.37066"
"GUY","Guyana","2017","1.36470","1.36848"
"GUY","Guyana","2018","1.36090","1.36580"
"GUY","Guyana","2019","1.36410","1.36488"
"GUY","Guyana","2020","1.36390","1.36388"
"GUY","Guyana","2021","1.36530","1.36378"
"GUY","Guyana","2022","1.36640","1.36412"
"GUY","Guyana","2023","1.36500","1.36494"
"GUY","Guyana","2024","1.36360","1.36484"
"HND","Honduras","1961","1.02530",""
"HND","Honduras","1962","1.05260",""
"HND","Honduras","1963","1.08060",""
"HND","Honduras","1964","1.10860",""
"HND","Honduras","1965","1.13660","1.08074"
"HND","Honduras","1966","1.19660","1.11500"
"HND","Honduras","1967","1.19710","1.14390"
"HND","Honduras","1968","1.19750","1.16728"
"HND","Honduras","1969","1.19790","1.18514"
"HND","Honduras","1970","1.19840","1.19750"
"HND","Honduras","1971","1.19880","1.19794"
"HND","Honduras","1972","1.19930","1.19838"
"HND","Honduras","1973","1.19350","1.19758"
"HND","Honduras","1974","1.20010","1.19802"
"HND","Honduras","1975","1.08350","1.17504"
"HND","Honduras","1976","1.02060","1.13940"
"HND","Honduras","1977","0.93520","1.08658"
"HND","Honduras","1978","0.95890","1.03966"
"HND","Honduras","1979","1.03710","1.00706"
"HND","Honduras","1980","1.14550","1.01946"
"HND","Honduras","1981","1.42370","1.10008"
"HND","Honduras","1982","1.34510","1.18206"
"HND","Honduras","1983","1.48510","1.28730"
"HND","Honduras","1984","1.35450","1.35078"
"HND","Honduras","1985","1.46500","1.41468"
"HND","Honduras","1986","1.39720","1.40938"
"HND","Honduras","1987","1.52110","1.44458"
"HND","Honduras","1988","1.31930","1.41142"
"HND","Honduras","1989","1.45270","1.43106"
"HND","Honduras","1990","1.51880","1.44182"
"HND","Honduras","1991","1.31850","1.42608"
"HND","Honduras","1992","1.29420","1.38070"
"HND","Honduras","1993","1.36940","1.39072"
"HND","Honduras","1994","1.38370","1.37692"
"HND","Honduras","1995","1.63960","1.40108"
"HND","Honduras","1996","1.61800","1.46098"
"HND","Honduras","1997","1.55910","1.51396"
"HND","Honduras","1998","1.05570","1.45122"
"HND","Honduras","1999","1.22490","1.41946"
"HND","Honduras","2000","1.43600","1.37874"
"HND","Honduras","2001","1.49920","1.35498"
"HND","Honduras","2002","1.36550","1.31626"
"HND","Honduras","2003","1.55720","1.41656"
"HND","Honduras","2004","1.38550","1.44868"
"HND","Honduras","2005","1.53870","1.46922"
"HND","Honduras","2006","1.53940","1.47726"
"HND","Honduras","2007","1.69220","1.54260"
"HND","Honduras","2008","1.68850","1.56886"
"HND","Honduras","2009","1.75030","1.64182"
"HND","Honduras","2010","1.65040","1.66416"
"HND","Honduras","2011","1.65930","1.68814"
"HND","Honduras","2012","1.57950","1.66560"
"HND","Honduras","2013","1.61830","1.65156"
"HND","Honduras","2014","1.85710","1.67292"
"HND","Honduras","2015","1.78230","1.69930"
"HND","Honduras","2016","1.85710","1.73886"
"HND","Honduras","2017","1.83230","1.78942"
"HND","Honduras","2018","1.81540","1.82884"
"HND","Honduras","2019","1.82390","1.82220"
"HND","Honduras","2020","1.83600","1.83294"
"HND","Honduras","2021","1.85820","1.83316"
"HND","Honduras","2022","1.86750","1.84020"
"HND","Honduras","2023","1.88150","1.85342"
"HND","Honduras","2024","1.89560","1.86776"
"HRV","Croacia","1992","4.15350",""
"HRV","Croacia","1993","4.48220",""
"HRV","Croacia","1994","4.55290",""
"HRV","Croacia","1995","4.90270",""
"HRV","Croacia","1996","5.21920","4.66210"
"HRV","Croacia","1997","5.88020","5.00744"
"HRV","Croacia","1998","5.24740","5.16048"
"HRV","Croacia","1999","5.55840","5.36158"
"HRV","Croacia","2000","4.07010","5.19506"
"HRV","Croacia","2001","5.66590","5.28440"
"HRV","Croacia","2002","6.37670","5.38370"
"HRV","Croacia","2003","4.19930","5.17408"
"HRV","Croacia","2004","6.30540","5.32348"
"HRV","Croacia","2005","6.91820","5.89310"
"HRV","Croacia","2006","6.53120","6.06616"
"HRV","Croacia","2007","4.93710","5.77824"
"HRV","Croacia","2008","7.97590","6.53356"
"HRV","Croacia","2009","7.35080","6.74264"
"HRV","Croacia","2010","6.96780","6.75256"
"HRV","Croacia","2011","5.68170","6.58266"
"HRV","Croacia","2012","4.33740","6.46272"
"HRV","Croacia","2013","6.50000","6.16754"
"HRV","Croacia","2014","8.10460","6.31830"
"HRV","Croacia","2015","6.47480","6.21970"
"HRV","Croacia","2016","8.54700","6.79276"
"HRV","Croacia","2017","6.31130","7.18754"
"HRV","Croacia","2018","9.12380","7.71230"
"HRV","Croacia","2019","8.98170","7.88772"
"HRV","Croacia","2020","8.42790","8.27834"
"HRV","Croacia","2021","7.78570","8.12608"
"HRV","Croacia","2022","6.12530","8.08888"
"HRV","Croacia","2023","7.40000","7.74412"
"HRV","Croacia","2024","7.56740","7.46126"
"HTI","Haití","1961","1.03640",""
"HTI","Haití","1962","1.04090",""
"HTI","Haití","1963","1.04550",""
"HTI","Haití","1964","1.03110",""
"HTI","Haití","1965","1.04000","1.03878"
"HTI","Haití","1966","1.03870","1.03924"
"HTI","Haití","1967","1.06960","1.04498"
"HTI","Haití","1968","0.97780","1.03144"
"HTI","Haití","1969","1.05220","1.03566"
"HTI","Haití","1970","1.04350","1.03636"
"HTI","Haití","1971","1.07690","1.04400"
"HTI","Haití","1972","1.11740","1.05356"
"HTI","Haití","1973","0.88700","1.03540"
"HTI","Haití","1974","1.02000","1.02896"
"HTI","Haití","1975","0.92310","1.00488"
"HTI","Haití","1976","0.94740","0.97898"
"HTI","Haití","1977","0.79990","0.91548"
"HTI","Haití","1978","0.65000","0.86808"
"HTI","Haití","1979","0.78430","0.82094"
"HTI","Haití","1980","0.89590","0.81550"
"HTI","Haití","1981","0.94460","0.81494"
"HTI","Haití","1982","0.99940","0.85484"
"HTI","Haití","1983","0.93000","0.91084"
"HTI","Haití","1984","0.93230","0.94044"
"HTI","Haití","1985","0.80000","0.92126"
"HTI","Haití","1986","0.80270","0.89288"
"HTI","Haití","1987","0.80000","0.85300"
"HTI","Haití","1988","0.80000","0.82700"
"HTI","Haití","1989","0.80000","0.80054"
"HTI","Haití","1990","0.79510","0.79956"
"HTI","Haití","1991","0.80850","0.80072"
"HTI","Haití","1992","0.79480","0.79968"
"HTI","Haití","1993","0.80770","0.80122"
"HTI","Haití","1994","0.80140","0.80150"
"HTI","Haití","1995","0.80000","0.80248"
"HTI","Haití","1996","0.79400","0.79958"
"HTI","Haití","1997","0.79860","0.80034"
"HTI","Haití","1998","0.79000","0.79680"
"HTI","Haití","1999","0.83330","0.80318"
"HTI","Haití","2000","0.75000","0.79318"
"HTI","Haití","2001","0.69230","0.77284"
"HTI","Haití","2002","0.74750","0.76262"
"HTI","Haití","2003","0.74290","0.75320"
"HTI","Haití","2004","0.76150","0.73884"
"HTI","Haití","2005","0.78020","0.74488"
"HTI","Haití","2006","0.77950","0.76232"
"HTI","Haití","2007","0.78030","0.76888"
"HTI","Haití","2008","0.78070","0.77644"
"HTI","Haití","2009","0.80130","0.78440"
"HTI","Haití","2010","0.80350","0.78906"
"HTI","Haití","2011","0.80930","0.79502"
"HTI","Haití","2012","0.81600","0.80216"
"HTI","Haití","2013","0.85450","0.81692"
"HTI","Haití","2014","0.73090","0.80284"
"HTI","Haití","2015","0.79750","0.80164"
"HTI","Haití","2016","0.79170","0.79812"
"HTI","Haití","2017","0.78580","0.79208"
"HTI","Haití","2018","0.57870","0.73692"
"HTI","Haití","2019","1.10770","0.81228"
"HTI","Haití","2020","0.55810","0.76440"
"HTI","Haití","2021","0.76180","0.75842"
"HTI","Haití","2022","0.76930","0.75512"
"HTI","Haití","2023","0.76990","0.79336"
"HTI","Haití","2024","0.76940","0.72570"
"HUN","Hungría","1961","2.02630",""
"HUN","Hungría","1962","2.51490",""
"HUN","Hungría","1963","2.75530",""
"HUN","Hungría","1964","2.90300",""
"HUN","Hungría","1965","2.92620","2.62514"
"HUN","Hungría","1966","3.15810","2.85150"
"HUN","Hungría","1967","2.84800","2.91812"
"HUN","Hungría","1968","2.98990","2.96504"
"HUN","Hungría","1969","3.78770","3.14198"
"HUN","Hungría","1970","3.37620","3.23198"
"HUN","Hungría","1971","3.53870","3.30810"
"HUN","Hungría","1972","3.97680","3.53386"
"HUN","Hungría","1973","4.04620","3.74512"
"HUN","Hungría","1974","4.23850","3.83528"
"HUN","Hungría","1975","5.01760","4.16356"
"HUN","Hungría","1976","3.80620","4.21706"
"HUN","Hungría","1977","4.64390","4.35048"
"HUN","Hungría","1978","5.13350","4.56794"
"HUN","Hungría","1979","5.41150","4.80254"
"HUN","Hungría","1980","5.32420","4.86386"
"HUN","Hungría","1981","5.87690","5.27800"
"HUN","Hungría","1982","6.87430","5.72408"
"HUN","Hungría","1983","5.69400","5.83618"
"HUN","Hungría","1984","5.90180","5.93424"
"HUN","Hungría","1985","6.30270","6.12994"
"HUN","Hungría","1986","6.33800","6.22216"
"HUN","Hungría","1987","6.18360","6.08402"
"HUN","Hungría","1988","5.46410","6.03804"
"HUN","Hungría","1989","6.32900","6.12348"
"HUN","Hungría","1990","4.15770","5.69448"
"HUN","Hungría","1991","6.71000","5.76888"
"HUN","Hungría","1992","3.65010","5.26218"
"HUN","Hungría","1993","3.50000","4.86936"
"HUN","Hungría","1994","3.85000","4.37356"
"HUN","Hungría","1995","4.52950","4.44792"
"HUN","Hungría","1996","5.68670","4.24326"
"HUN","Hungría","1997","6.44800","4.80284"
"HUN","Hungría","1998","6.00490","5.30382"
"HUN","Hungría","1999","6.41300","5.81642"
"HUN","Hungría","2000","4.17900","5.74632"
"HUN","Hungría","2001","6.24560","5.85810"
"HUN","Hungría","2002","5.07620","5.58374"
"HUN","Hungría","2003","3.95910","5.17458"
"HUN","Hungría","2004","7.00120","5.29222"
"HUN","Hungría","2005","7.55710","5.96784"
"HUN","Hungría","2006","6.81650","6.08202"
"HUN","Hungría","2007","3.73270","5.81332"
"HUN","Hungría","2008","7.46530","6.51456"
"HUN","Hungría","2009","6.39450","6.39322"
"HUN","Hungría","2010","6.47450","6.17670"
"HUN","Hungría","2011","6.49760","6.11292"
"HUN","Hungría","2012","3.99790","6.16596"
"HUN","Hungría","2013","5.43730","5.76036"
"HUN","Hungría","2014","7.81850","6.04516"
"HUN","Hungría","2015","5.78710","5.90768"
"HUN","Hungría","2016","8.63010","6.33418"
"HUN","Hungría","2017","6.81540","6.89768"
"HUN","Hungría","2018","8.44500","7.49922"
"HUN","Hungría","2019","8.00870","7.53726"
"HUN","Hungría","2020","8.52740","8.08532"
"HUN","Hungría","2021","6.09220","7.57774"
"HUN","Hungría","2022","3.38660","6.89198"
"HUN","Hungría","2023","8.09980","6.82294"
"HUN","Hungría","2024","5.99930","6.42106"
"IDN","Indonesia","1961","0.92730",""
"IDN","Indonesia","1962","1.02140",""
"IDN","Indonesia","1963","0.92140",""
"IDN","Indonesia","1964","1.03360",""
"IDN","Indonesia","1965","0.94320","0.96938"
"IDN","Indonesia","1966","0.98400","0.98072"
"IDN","Indonesia","1967","0.93020","0.96248"
"IDN","Indonesia","1968","0.98320","0.97484"
"IDN","Indonesia","1969","0.94170","0.95646"
"IDN","Indonesia","1970","0.96140","0.96010"
"IDN","Indonesia","1971","0.99230","0.96176"
"IDN","Indonesia","1972","1.04370","0.98446"
"IDN","Indonesia","1973","1.07480","1.00278"
"IDN","Indonesia","1974","1.12900","1.04024"
"IDN","Indonesia","1975","1.18730","1.08542"
"IDN","Indonesia","1976","1.22770","1.13250"
"IDN","Indonesia","1977","1.22450","1.16866"
"IDN","Indonesia","1978","1.33210","1.22012"
"IDN","Indonesia","1979","1.39020","1.27236"
"IDN","Indonesia","1980","1.45920","1.32674"
"IDN","Indonesia","1981","1.52600","1.38640"
"IDN","Indonesia","1982","1.56930","1.45536"
"IDN","Indonesia","1983","1.69440","1.52782"
"IDN","Indonesia","1984","1.71340","1.59246"
"IDN","Indonesia","1985","1.77440","1.65550"
"IDN","Indonesia","1986","1.88380","1.72706"
"IDN","Indonesia","1987","1.96330","1.80586"
"IDN","Indonesia","1988","1.95310","1.85760"
"IDN","Indonesia","1989","2.10330","1.93558"
"IDN","Indonesia","1990","2.13230","2.00716"
"IDN","Indonesia","1991","2.15050","2.06050"
"IDN","Indonesia","1992","2.20300","2.10844"
"IDN","Indonesia","1993","2.19750","2.15732"
"IDN","Indonesia","1994","2.20910","2.17848"
"IDN","Indonesia","1995","2.25800","2.20362"
"IDN","Indonesia","1996","2.48620","2.27076"
"IDN","Indonesia","1997","2.61410","2.35298"
"IDN","Indonesia","1998","2.65260","2.44400"
"IDN","Indonesia","1999","2.66290","2.53476"
"IDN","Indonesia","2000","2.76490","2.63614"
"IDN","Indonesia","2001","2.84460","2.70782"
"IDN","Indonesia","2002","3.06550","2.79810"
"IDN","Indonesia","2003","3.24140","2.91586"
"IDN","Indonesia","2004","3.34390","3.05206"
"IDN","Indonesia","2005","3.45390","3.18986"
"IDN","Indonesia","2006","3.46990","3.31492"
"IDN","Indonesia","2007","3.66010","3.43384"
"IDN","Indonesia","2008","4.07760","3.60108"
"IDN","Indonesia","2009","4.23720","3.77974"
"IDN","Indonesia","2010","4.43590","3.97614"
"IDN","Indonesia","2011","4.56520","4.19520"
"IDN","Indonesia","2012","4.89870","4.44292"
"IDN","Indonesia","2013","4.84410","4.59622"
"IDN","Indonesia","2014","4.95400","4.73958"
"IDN","Indonesia","2015","5.17840","4.88808"
"IDN","Indonesia","2016","5.30520","5.03608"
"IDN","Indonesia","2017","5.29770","5.11588"
"IDN","Indonesia","2018","5.30700","5.20846"
"IDN","Indonesia","2019","6.14390","5.44644"
"IDN","Indonesia","2020","5.53020","5.51680"
"IDN","Indonesia","2021","5.76230","5.60822"
"IDN","Indonesia","2022","5.97870","5.74442"
"IDN","Indonesia","2023","5.96680","5.87638"
"IDN","Indonesia","2024","5.94000","5.83560"
"IND","India","1961","0.95670",""
"IND","India","1962","0.99220",""
"IND","India","1963","0.99540",""
"IND","India","1964","1.01000",""
"IND","India","1965","1.00500","0.99186"
"IND","India","1966","0.96450","0.99342"
"IND","India","1967","1.12280","1.01954"
"IND","India","1968","0.99740","1.01994"
"IND","India","1969","0.96790","1.01152"
"IND","India","1970","1.27910","1.06634"
"IND","India","1971","0.89990","1.05342"
"IND","India","1972","1.09430","1.04772"
"IND","India","1973","0.96480","1.04120"
"IND","India","1974","0.94810","1.03724"
"IND","India","1975","1.20310","1.02204"
"IND","India","1976","1.06010","1.05408"
"IND","India","1977","1.05110","1.04544"
"IND","India","1978","1.07620","1.06772"
"IND","India","1979","0.97940","1.07398"
"IND","India","1980","1.15860","1.06508"
"IND","India","1981","1.16220","1.08550"
"IND","India","1982","1.14480","1.10424"
"IND","India","1983","1.35210","1.15942"
"IND","India","1984","1.45560","1.25466"
"IND","India","1985","1.14600","1.25214"
"IND","India","1986","1.28190","1.27608"
"IND","India","1987","1.02880","1.25288"
"IND","India","1988","1.39550","1.26156"
"IND","India","1989","1.63160","1.29676"
"IND","India","1990","1.51780","1.37112"
"IND","India","1991","1.37630","1.39000"
"IND","India","1992","1.62270","1.50878"
"IND","India","1993","1.58660","1.54700"
"IND","India","1994","1.47160","1.51500"
"IND","India","1995","1.55030","1.52150"
"IND","India","1996","1.67800","1.58184"
"IND","India","1997","1.74770","1.60684"
"IND","India","1998","1.77670","1.64486"
"IND","India","1999","1.78480","1.70750"
"IND","India","2000","1.79920","1.75728"
"IND","India","2001","1.99330","1.82034"
"IND","India","2002","1.68850","1.80850"
"IND","India","2003","2.01590","1.85634"
"IND","India","2004","1.86820","1.87302"
"IND","India","2005","1.95570","1.90432"
"IND","India","2006","1.81110","1.86788"
"IND","India","2007","2.31580","1.99334"
"IND","India","2008","2.27650","2.04546"
"IND","India","2009","2.14610","2.10104"
"IND","India","2010","2.48380","2.20666"
"IND","India","2011","2.49350","2.34314"
"IND","India","2012","2.49300","2.37858"
"IND","India","2013","2.64590","2.45246"
"IND","India","2014","2.58880","2.54100"
"IND","India","2015","2.63720","2.57168"
"IND","India","2016","2.68630","2.61024"
"IND","India","2017","2.93750","2.69914"
"IND","India","2018","3.02340","2.77464"
"IND","India","2019","2.99810","2.85650"
"IND","India","2020","3.16140","2.96134"
"IND","India","2021","3.30330","3.08474"
"IND","India","2022","3.39540","3.17632"
"IND","India","2023","3.32650","3.23694"
"IND","India","2024","3.54480","3.34628"
"IRN","Irán","1961","0.87500",""
"IRN","Irán","1962","0.87500",""
"IRN","Irán","1963","0.87500",""
"IRN","Irán","1964","1.00000",""
"IRN","Irán","1965","1.00000","0.92500"
"IRN","Irán","1966","1.05000","0.96000"
"IRN","Irán","1967","1.20000","1.02500"
"IRN","Irán","1968","1.40000","1.13000"
"IRN","Irán","1969","1.40000","1.21000"
"IRN","Irán","1970","1.40000","1.29000"
"IRN","Irán","1971","1.40000","1.36000"
"IRN","Irán","1972","1.42860","1.40572"
"IRN","Irán","1973","2.06670","1.53906"
"IRN","Irán","1974","3.12500","1.88406"
"IRN","Irán","1975","2.16670","2.03740"
"IRN","Irán","1976","2.14290","2.18598"
"IRN","Irán","1977","1.37500","2.17526"
"IRN","Irán","1978","1.39530","2.04098"
"IRN","Irán","1979","1.35710","1.68740"
"IRN","Irán","1980","1.42860","1.53978"
"IRN","Irán","1981","1.95000","1.50120"
"IRN","Irán","1982","2.00000","1.62620"
"IRN","Irán","1983","1.95650","1.73844"
"IRN","Irán","1984","2.50000","1.96702"
"IRN","Irán","1985","3.44710","2.37072"
"IRN","Irán","1986","4.56310","2.89334"
"IRN","Irán","1987","4.91240","3.47582"
"IRN","Irán","1988","2.59210","3.60294"
"IRN","Irán","1989","2.40000","3.58294"
"IRN","Irán","1990","4.33330","3.76018"
"IRN","Irán","1991","7.25090","4.29774"
"IRN","Irán","1992","6.44100","4.60346"
"IRN","Irán","1993","6.87750","5.46054"
"IRN","Irán","1994","6.59380","6.29930"
"IRN","Irán","1995","6.10380","6.65340"
"IRN","Irán","1996","6.69040","6.54130"
"IRN","Irán","1997","6.71580","6.59626"
"IRN","Irán","1998","6.04000","6.42876"
"IRN","Irán","1999","6.20030","6.35006"
"IRN","Irán","2000","6.16550","6.36240"
"IRN","Irán","2001","6.16130","6.25658"
"IRN","Irán","2002","6.72570","6.25856"
"IRN","Irán","2003","6.72420","6.39540"
"IRN","Irán","2004","7.01720","6.55878"
"IRN","Irán","2005","7.22190","6.77006"
"IRN","Irán","2006","7.42210","7.02222"
"IRN","Irán","2007","7.69120","7.21532"
"IRN","Irán","2008","6.43070","7.15662"
"IRN","Irán","2009","5.91650","6.93648"
"IRN","Irán","2010","6.89810","6.87172"
"IRN","Irán","2011","7.19590","6.82648"
"IRN","Irán","2012","6.18560","6.52536"
"IRN","Irán","2013","6.38590","6.51640"
"IRN","Irán","2014","7.10070","6.75324"
"IRN","Irán","2015","7.03300","6.78022"
"IRN","Irán","2016","7.38380","6.81780"
"IRN","Irán","2017","6.69240","6.91916"
"IRN","Irán","2018","6.69240","6.98046"
"IRN","Irán","2019","6.68480","6.89728"
"IRN","Irán","2020","6.63470","6.81762"
"IRN","Irán","2021","6.37570","6.61600"
"IRN","Irán","2022","6.37570","6.55266"
"IRN","Irán","2023","6.57880","6.52994"
"IRN","Irán","2024","6.66530","6.52604"
"IRQ","Iraq","1961","0.94900",""
"IRQ","Iraq","1962","0.99150",""
"IRQ","Iraq","1963","1.00650",""
"IRQ","Iraq","1964","1.40000",""
"IRQ","Iraq","1965","1.46320","1.16204"
"IRQ","Iraq","1966","1.07930","1.18810"
"IRQ","Iraq","1967","1.11680","1.21316"
"IRQ","Iraq","1968","1.15500","1.24286"
"IRQ","Iraq","1969","1.19630","1.20212"
"IRQ","Iraq","1970","1.22960","1.15540"
"IRQ","Iraq","1971","1.76880","1.29330"
"IRQ","Iraq","1972","1.41620","1.35318"
"IRQ","Iraq","1973","1.91080","1.50434"
"IRQ","Iraq","1974","2.09130","1.68334"
"IRQ","Iraq","1975","2.48000","1.93342"
"IRQ","Iraq","1976","2.00990","1.98164"
"IRQ","Iraq","1977","2.60240","2.21888"
"IRQ","Iraq","1978","2.28570","2.29386"
"IRQ","Iraq","1979","2.49630","2.37486"
"IRQ","Iraq","1980","2.51480","2.38182"
"IRQ","Iraq","1981","2.22980","2.42580"
"IRQ","Iraq","1982","2.36480","2.37828"
"IRQ","Iraq","1983","1.87330","2.29580"
"IRQ","Iraq","1984","1.64500","2.12554"
"IRQ","Iraq","1985","1.91210","2.00500"
"IRQ","Iraq","1986","1.99810","1.95866"
"IRQ","Iraq","1987","1.96320","1.87834"
"IRQ","Iraq","1988","1.57070","1.81782"
"IRQ","Iraq","1989","2.24120","1.93706"
"IRQ","Iraq","1990","2.48140","2.05092"
"IRQ","Iraq","1991","2.18570","2.08844"
"IRQ","Iraq","1992","2.00460","2.09672"
"IRQ","Iraq","1993","1.93100","2.16878"
"IRQ","Iraq","1994","2.13330","2.14720"
"IRQ","Iraq","1995","1.42860","1.93664"
"IRQ","Iraq","1996","2.08330","1.91616"
"IRQ","Iraq","1997","1.98360","1.91196"
"IRQ","Iraq","1998","2.18030","1.96182"
"IRQ","Iraq","1999","1.91670","1.91850"
"IRQ","Iraq","2000","0.75600","1.78398"
"IRQ","Iraq","2001","2.36130","1.83958"
"IRQ","Iraq","2002","2.44330","1.93152"
"IRQ","Iraq","2003","2.44620","1.98470"
"IRQ","Iraq","2004","2.24860","2.05108"
"IRQ","Iraq","2005","2.30790","2.36146"
"IRQ","Iraq","2006","2.42550","2.37430"
"IRQ","Iraq","2007","2.47740","2.38112"
"IRQ","Iraq","2008","2.34920","2.36172"
"IRQ","Iraq","2009","2.08780","2.32956"
"IRQ","Iraq","2010","2.35860","2.33970"
"IRQ","Iraq","2011","2.60770","2.37614"
"IRQ","Iraq","2012","3.34440","2.54954"
"IRQ","Iraq","2013","4.22140","2.92398"
"IRQ","Iraq","2014","3.42050","3.19052"
"IRQ","Iraq","2015","3.18440","3.35568"
"IRQ","Iraq","2016","3.88900","3.61194"
"IRQ","Iraq","2017","3.56250","3.65556"
"IRQ","Iraq","2018","4.50000","3.71128"
"IRQ","Iraq","2019","4.70270","3.96772"
"IRQ","Iraq","2020","4.63250","4.25734"
"IRQ","Iraq","2021","4.79740","4.43902"
"IRQ","Iraq","2022","5.98720","4.92396"
"IRQ","Iraq","2023","6.06060","5.23608"
"IRQ","Iraq","2024","5.00000","5.29554"
"ISR","Israel","1961","3.95940",""
"ISR","Israel","1962","3.91300",""
"ISR","Israel","1963","4.49830",""
"ISR","Israel","1964","3.49090",""
"ISR","Israel","1965","3.90240","3.95280"
"ISR","Israel","1966","3.36130","3.83318"
"ISR","Israel","1967","3.65360","3.78130"
"ISR","Israel","1968","4.11180","3.70400"
"ISR","Israel","1969","3.75690","3.75720"
"ISR","Israel","1970","5.47620","4.07196"
"ISR","Israel","1971","5.06670","4.41304"
"ISR","Israel","1972","4.97600","4.67752"
"ISR","Israel","1973","6.06060","5.06728"
"ISR","Israel","1974","7.00000","5.71590"
"ISR","Israel","1975","5.79460","5.77958"
"ISR","Israel","1976","5.66930","5.90010"
"ISR","Israel","1977","5.70800","6.04650"
"ISR","Israel","1978","5.12400","5.85918"
"ISR","Israel","1979","4.03770","5.26672"
"ISR","Israel","1980","4.89290","5.08638"
"ISR","Israel","1981","4.49850","4.85222"
"ISR","Israel","1982","6.52680","5.01598"
"ISR","Israel","1983","7.20450","5.43208"
"ISR","Israel","1984","6.62710","5.94996"
"ISR","Israel","1985","18.09960","8.59130"
"ISR","Israel","1986","15.49400","10.79040"
"ISR","Israel","1987","19.22920","13.33088"
"ISR","Israel","1988","14.31150","14.75228"
"ISR","Israel","1989","14.77630","16.38212"
"ISR","Israel","1990","13.79350","15.52090"
"ISR","Israel","1991","13.85040","15.19218"
"ISR","Israel","1992","13.49520","14.04538"
"ISR","Israel","1993","12.76350","13.73578"
"ISR","Israel","1994","10.36090","12.85270"
"ISR","Israel","1995","9.16980","11.92796"
"ISR","Israel","1996","11.61400","11.48068"
"ISR","Israel","1997","13.73190","11.52802"
"ISR","Israel","1998","14.70690","11.91670"
"ISR","Israel","1999","14.07570","12.65966"
"ISR","Israel","2000","12.66910","13.35952"
"ISR","Israel","2001","12.15000","13.46672"
"ISR","Israel","2002","12.42970","13.20628"
"ISR","Israel","2003","12.58080","12.78106"
"ISR","Israel","2004","15.37070","13.04006"
"ISR","Israel","2005","12.88790","13.08382"
"ISR","Israel","2006","17.60390","14.17460"
"ISR","Israel","2007","18.59620","15.40790"
"ISR","Israel","2008","18.52370","16.59648"
"ISR","Israel","2009","25.18540","18.55942"
"ISR","Israel","2010","29.23550","21.82894"
"ISR","Israel","2011","33.81580","25.07132"
"ISR","Israel","2012","25.55630","26.46334"
"ISR","Israel","2013","22.55590","27.26978"
"ISR","Israel","2014","34.09770","29.05224"
"ISR","Israel","2015","20.69530","27.34420"
"ISR","Israel","2016","22.99830","25.18070"
"ISR","Israel","2017","25.75970","25.22138"
"ISR","Israel","2018","22.63720","25.23764"
"ISR","Israel","2019","23.22420","23.06294"
"ISR","Israel","2020","19.49660","22.82320"
"ISR","Israel","2021","18.65870","21.95528"
"ISR","Israel","2022","15.53350","19.91004"
"ISR","Israel","2023","17.40940","18.86448"
"ISR","Israel","2024","15.69210","17.35806"
"ITA","Italia","1961","3.28820",""
"ITA","Italia","1962","2.91290",""
"ITA","Italia","1963","3.29490",""
"ITA","Italia","1964","3.69070",""
"ITA","Italia","1965","3.22780","3.28290"
"ITA","Italia","1966","3.55320","3.33590"
"ITA","Italia","1967","3.79610","3.51254"
"ITA","Italia","1968","4.12610","3.67878"
"ITA","Italia","1969","4.52350","3.84534"
"ITA","Italia","1970","4.63440","4.12666"
"ITA","Italia","1971","4.84840","4.38570"
"ITA","Italia","1972","5.32040","4.69056"
"ITA","Italia","1973","5.61010","4.98736"
"ITA","Italia","1974","5.59460","5.20158"
"ITA","Italia","1975","5.86270","5.44724"
"ITA","Italia","1976","5.98620","5.67480"
"ITA","Italia","1977","6.50870","5.91246"
"ITA","Italia","1978","6.64010","6.11846"
"ITA","Italia","1979","6.61730","6.32300"
"ITA","Italia","1980","6.77120","6.50470"
"ITA","Italia","1981","7.28160","6.76378"
"ITA","Italia","1982","6.75090","6.81222"
"ITA","Italia","1983","6.82400","6.84900"
"ITA","Italia","1984","6.94590","6.91472"
"ITA","Italia","1985","6.88880","6.93824"
"ITA","Italia","1986","7.54310","6.99054"
"ITA","Italia","1987","7.50110","7.14058"
"ITA","Italia","1988","7.46460","7.26870"
"ITA","Italia","1989","7.90790","7.46110"
"ITA","Italia","1990","7.63750","7.61084"
"ITA","Italia","1991","7.26240","7.55470"
"ITA","Italia","1992","8.65970","7.78642"
"ITA","Italia","1993","8.66120","8.02574"
"ITA","Italia","1994","8.22350","8.08886"
"ITA","Italia","1995","8.96950","8.35526"
"ITA","Italia","1996","9.33280","8.76934"
"ITA","Italia","1997","9.62700","8.96280"
"ITA","Italia","1998","9.32170","9.09490"
"ITA","Italia","1999","9.74440","9.39908"
"ITA","Italia","2000","9.52770","9.51072"
"ITA","Italia","2001","9.51350","9.54686"
"ITA","Italia","2002","9.49180","9.51982"
"ITA","Italia","2003","7.48110","9.15170"
"ITA","Italia","2004","9.49750","9.10232"
"ITA","Italia","2005","9.36780","9.07034"
"ITA","Italia","2006","8.72850","8.91334"
"ITA","Italia","2007","9.31200","8.87738"
"ITA","Italia","2008","9.57260","9.29568"
"ITA","Italia","2009","8.60480","9.11714"
"ITA","Italia","2010","9.16720","9.07702"
"ITA","Italia","2011","9.80330","9.29198"
"ITA","Italia","2012","8.03250","9.03608"
"ITA","Italia","2013","8.69890","8.86134"
"ITA","Italia","2014","10.62080","9.26454"
"ITA","Italia","2015","9.72540","9.37618"
"ITA","Italia","2016","10.35150","9.48582"
"ITA","Italia","2017","9.36670","9.75266"
"ITA","Italia","2018","10.48550","10.10998"
"ITA","Italia","2019","9.98590","9.98300"
"ITA","Italia","2020","11.26820","10.29156"
"ITA","Italia","2021","10.32950","10.28716"
"ITA","Italia","2022","8.33270","10.08036"
"ITA","Italia","2023","10.73070","10.12940"
"ITA","Italia","2024","9.97380","10.12698"
"JAM","Jamaica","1961","0.54920",""
"JAM","Jamaica","1962","0.73390",""
"JAM","Jamaica","1963","0.64940",""
"JAM","Jamaica","1964","1.10460",""
"JAM","Jamaica","1965","1.11230","0.82988"
"JAM","Jamaica","1966","0.98640","0.91732"
"JAM","Jamaica","1967","1.17270","1.00508"
"JAM","Jamaica","1968","0.86930","1.04906"
"JAM","Jamaica","1969","1.19630","1.06740"
"JAM","Jamaica","1970","1.35080","1.11510"
"JAM","Jamaica","1971","1.26410","1.17064"
"JAM","Jamaica","1972","1.09340","1.15478"
"JAM","Jamaica","1973","1.13420","1.20776"
"JAM","Jamaica","1974","1.54600","1.27770"
"JAM","Jamaica","1975","1.86420","1.38038"
"JAM","Jamaica","1976","1.82150","1.49186"
"JAM","Jamaica","1977","2.15280","1.70374"
"JAM","Jamaica","1978","1.62350","1.80160"
"JAM","Jamaica","1979","1.49130","1.79066"
"JAM","Jamaica","1980","1.52160","1.72214"
"JAM","Jamaica","1981","1.45430","1.64870"
"JAM","Jamaica","1982","1.30220","1.47858"
"JAM","Jamaica","1983","1.29450","1.41278"
"JAM","Jamaica","1984","1.28450","1.37142"
"JAM","Jamaica","1985","1.30290","1.32768"
"JAM","Jamaica","1986","1.03710","1.24424"
"JAM","Jamaica","1987","1.13400","1.21060"
"JAM","Jamaica","1988","1.04780","1.16126"
"JAM","Jamaica","1989","1.16880","1.13812"
"JAM","Jamaica","1990","1.05880","1.08930"
"JAM","Jamaica","1991","1.16670","1.11522"
"JAM","Jamaica","1992","1.42250","1.17292"
"JAM","Jamaica","1993","1.51150","1.26566"
"JAM","Jamaica","1994","1.35940","1.30378"
"JAM","Jamaica","1995","1.33750","1.35952"
"JAM","Jamaica","1996","1.37410","1.40100"
"JAM","Jamaica","1997","1.15680","1.34786"
"JAM","Jamaica","1998","1.14360","1.27428"
"JAM","Jamaica","1999","1.22310","1.24702"
"JAM","Jamaica","2000","1.14870","1.20926"
"JAM","Jamaica","2001","1.20680","1.17580"
"JAM","Jamaica","2002","1.18180","1.18080"
"JAM","Jamaica","2003","1.23150","1.19838"
"JAM","Jamaica","2004","1.18420","1.19060"
"JAM","Jamaica","2005","1.25470","1.21180"
"JAM","Jamaica","2006","1.22840","1.21612"
"JAM","Jamaica","2007","1.19500","1.21876"
"JAM","Jamaica","2008","1.25380","1.22322"
"JAM","Jamaica","2009","1.26150","1.23868"
"JAM","Jamaica","2010","1.17100","1.22194"
"JAM","Jamaica","2011","1.27470","1.23120"
"JAM","Jamaica","2012","1.18910","1.23002"
"JAM","Jamaica","2013","1.18830","1.21692"
"JAM","Jamaica","2014","1.13180","1.19098"
"JAM","Jamaica","2015","1.13660","1.18410"
"JAM","Jamaica","2016","1.08530","1.14622"
"JAM","Jamaica","2017","1.16250","1.14090"
"JAM","Jamaica","2018","1.14850","1.13294"
"JAM","Jamaica","2019","1.12580","1.13174"
"JAM","Jamaica","2020","1.11430","1.12728"
"JAM","Jamaica","2021","1.11800","1.13382"
"JAM","Jamaica","2022","1.16240","1.13380"
"JAM","Jamaica","2023","1.14040","1.13218"
"JAM","Jamaica","2024","1.34220","1.17546"
"JOR","Jordania","1961","1.16220",""
"JOR","Jordania","1962","1.15250",""
"JOR","Jordania","1963","0.76040",""
"JOR","Jordania","1964","0.64070",""
"JOR","Jordania","1965","1.42420","1.02800"
"JOR","Jordania","1966","0.89550","0.97466"
"JOR","Jordania","1967","1.21560","0.98728"
"JOR","Jordania","1968","0.59200","0.95360"
"JOR","Jordania","1969","0.30090","0.88564"
"JOR","Jordania","1970","0.29410","0.65962"
"JOR","Jordania","1971","2.95070","1.07066"
"JOR","Jordania","1972","1.36590","1.10072"
"JOR","Jordania","1973","0.81410","1.14514"
"JOR","Jordania","1974","1.54050","1.39306"
"JOR","Jordania","1975","1.15680","1.56560"
"JOR","Jordania","1976","1.13730","1.20292"
"JOR","Jordania","1977","1.38350","1.20644"
"JOR","Jordania","1978","1.38040","1.31970"
"JOR","Jordania","1979","4.04070","1.81974"
"JOR","Jordania","1980","7.65000","3.11838"
"JOR","Jordania","1981","3.65820","3.62256"
"JOR","Jordania","1982","2.88750","3.92336"
"JOR","Jordania","1983","1.33330","3.91394"
"JOR","Jordania","1984","2.87010","3.67982"
"JOR","Jordania","1985","1.16000","2.38182"
"JOR","Jordania","1986","6.66670","2.98352"
"JOR","Jordania","1987","8.38190","4.08240"
"JOR","Jordania","1988","8.03240","5.42222"
"JOR","Jordania","1989","9.48200","6.74460"
"JOR","Jordania","1990","8.89050","8.29070"
"JPN","Japón","1961","2.69140",""
"JPN","Japón","1962","2.46080",""
"JPN","Japón","1963","2.68830",""
"JPN","Japón","1964","2.35390",""
"JPN","Japón","1965","2.50170","2.53922"
"JPN","Japón","1966","2.42530","2.48600"
"JPN","Japón","1967","2.84580","2.56300"
"JPN","Japón","1968","2.85560","2.59646"
"JPN","Japón","1969","2.71920","2.66952"
"JPN","Japón","1970","2.76470","2.72212"
"JPN","Japón","1971","2.50000","2.73706"
"JPN","Japón","1972","2.87500","2.74290"
"JPN","Japón","1973","2.83330","2.73844"
"JPN","Japón","1974","2.49060","2.69272"
"JPN","Japón","1975","2.68710","2.67720"
"JPN","Japón","1976","2.61900","2.70100"
"JPN","Japón","1977","2.63110","2.65222"
"JPN","Japón","1978","2.91670","2.66890"
"JPN","Japón","1979","2.59070","2.68892"
"JPN","Japón","1980","1.98860","2.54922"
"JPN","Japón","1981","2.25000","2.47542"
"JPN","Japón","1982","2.02970","2.35514"
"JPN","Japón","1983","1.36270","2.04434"
"JPN","Japón","1984","2.11020","1.94824"
"JPN","Japón","1985","2.46060","2.04264"
"JPN","Japón","1986","1.99200","1.99104"
"JPN","Japón","1987","2.38100","2.06130"
"JPN","Japón","1988","2.40960","2.27068"
"JPN","Japón","1989","2.56410","2.36146"
"JPN","Japón","1990","2.54570","2.37848"
"JPN","Japón","1991","2.49150","2.47838"
"JPN","Japón","1992","2.51800","2.50578"
"JPN","Japón","1993","2.50000","2.52386"
"JPN","Japón","1994","2.48520","2.50808"
"JPN","Japón","1995","2.50000","2.49894"
"JPN","Japón","1996","2.45100","2.49084"
"JPN","Japón","1997","2.47710","2.48266"
"JPN","Japón","1998","2.44680","2.47202"
"JPN","Japón","1999","2.40000","2.45498"
"JPN","Japón","2000","2.47100","2.44918"
"JPN","Japón","2001","2.50000","2.45898"
"JPN","Japón","2002","2.46150","2.45586"
"JPN","Japón","2003","2.49790","2.46608"
"JPN","Japón","2004","2.50000","2.48608"
"JPN","Japón","2005","2.52630","2.49714"
"JPN","Japón","2006","2.53320","2.50378"
"JPN","Japón","2007","2.54060","2.51960"
"JPN","Japón","2008","2.54700","2.52942"
"JPN","Japón","2009","2.53850","2.53712"
"JPN","Japón","2010","2.56590","2.54504"
"JPN","Japón","2011","2.58170","2.55474"
"JPN","Japón","2012","2.61540","2.56970"
"JPN","Japón","2013","2.72730","2.60576"
"JPN","Japón","2014","2.69710","2.63748"
"JPN","Japón","2015","2.62490","2.64928"
"JPN","Japón","2016","2.68670","2.67028"
"JPN","Japón","2017","2.69270","2.68574"
"JPN","Japón","2018","2.67020","2.67432"
"JPN","Japón","2019","2.68340","2.67158"
"JPN","Japón","2020","2.69290","2.68518"
"JPN","Japón","2021","2.68240","2.68432"
"JPN","Japón","2022","2.68630","2.68304"
"JPN","Japón","2023","2.68720","2.68644"
"JPN","Japón","2024","2.68530","2.68682"
"KAZ","Kazajstán","1992","3.12140",""
"KAZ","Kazajstán","1993","3.26770",""
"KAZ","Kazajstán","1994","2.23870",""
"KAZ","Kazajstán","1995","1.93160",""
"KAZ","Kazajstán","1996","1.67950","2.44778"
"KAZ","Kazajstán","1997","1.81360","2.18622"
"KAZ","Kazajstán","1998","2.67800","2.06828"
"KAZ","Kazajstán","1999","3.01680","2.22390"
"KAZ","Kazajstán","2000","3.33500","2.50458"
"KAZ","Kazajstán","2001","3.71250","2.91118"
"KAZ","Kazajstán","2002","4.13700","3.37586"
"KAZ","Kazajstán","2003","4.32360","3.70498"
"KAZ","Kazajstán","2004","4.45750","3.99312"
"KAZ","Kazajstán","2005","4.15460","4.15704"
"KAZ","Kazajstán","2006","4.63170","4.34088"
"KAZ","Kazajstán","2007","4.56360","4.42620"
"KAZ","Kazajstán","2008","4.40420","4.44232"
"KAZ","Kazajstán","2009","4.75000","4.50082"
"KAZ","Kazajstán","2010","4.83310","4.63652"
"KAZ","Kazajstán","2011","4.98640","4.70746"
"KAZ","Kazajstán","2012","5.18770","4.83228"
"KAZ","Kazajstán","2013","5.27790","5.00702"
"KAZ","Kazajstán","2014","5.28200","5.11342"
"KAZ","Kazajstán","2015","5.32970","5.21274"
"KAZ","Kazajstán","2016","5.64230","5.34392"
"KAZ","Kazajstán","2017","5.74120","5.45462"
"KAZ","Kazajstán","2018","5.74490","5.54802"
"KAZ","Kazajstán","2019","5.73320","5.63826"
"KAZ","Kazajstán","2020","5.88470","5.74926"
"KAZ","Kazajstán","2021","5.98560","5.81792"
"KAZ","Kazajstán","2022","5.80140","5.82996"
"KAZ","Kazajstán","2023","6.24600","5.93018"
"KAZ","Kazajstán","2024","6.19840","6.02322"
"KEN","Kenia","1961","1.25330",""
"KEN","Kenia","1962","1.22220",""
"KEN","Kenia","1963","1.25000",""
"KEN","Kenia","1964","1.17140",""
"KEN","Kenia","1965","1.07130","1.19364"
"KEN","Kenia","1966","1.07920","1.15882"
"KEN","Kenia","1967","1.20000","1.15438"
"KEN","Kenia","1968","1.25360","1.15510"
"KEN","Kenia","1969","1.27410","1.17564"
"KEN","Kenia","1970","1.22500","1.20638"
"KEN","Kenia","1971","1.21740","1.23402"
"KEN","Kenia","1972","1.25380","1.24478"
"KEN","Kenia","1973","1.28970","1.25200"
"KEN","Kenia","1974","1.34480","1.26614"
"KEN","Kenia","1975","1.41380","1.30390"
"KEN","Kenia","1976","1.63520","1.38746"
"KEN","Kenia","1977","1.62610","1.46192"
"KEN","Kenia","1978","1.45570","1.49512"
"KEN","Kenia","1979","1.30000","1.48616"
"KEN","Kenia","1980","1.20000","1.44340"
"KEN","Kenia","1981","1.57860","1.43208"
"KEN","Kenia","1982","2.07120","1.52110"
"KEN","Kenia","1983","1.76920","1.58380"
"KEN","Kenia","1984","1.44370","1.61254"
"KEN","Kenia","1985","1.72220","1.71698"
"KEN","Kenia","1986","2.03430","1.80812"
"KEN","Kenia","1987","1.71690","1.73726"
"KEN","Kenia","1988","1.90300","1.76402"
"KEN","Kenia","1989","1.85260","1.84580"
"KEN","Kenia","1990","1.65910","1.83318"
"KEN","Kenia","1991","1.83210","1.79274"
"KEN","Kenia","1992","1.72710","1.79478"
"KEN","Kenia","1993","1.55490","1.72516"
"KEN","Kenia","1994","2.04000","1.76264"
"KEN","Kenia","1995","1.87590","1.80600"
"KEN","Kenia","1996","1.45060","1.72970"
"KEN","Kenia","1997","1.47130","1.67854"
"KEN","Kenia","1998","1.66970","1.70150"
"KEN","Kenia","1999","1.48170","1.58984"
"KEN","Kenia","2000","1.44000","1.50266"
"KEN","Kenia","2001","1.70120","1.55278"
"KEN","Kenia","2002","1.51260","1.56104"
"KEN","Kenia","2003","1.62240","1.55158"
"KEN","Kenia","2004","1.92930","1.64110"
"KEN","Kenia","2005","1.64050","1.68120"
"KEN","Kenia","2006","1.71970","1.68490"
"KEN","Kenia","2007","1.81320","1.74502"
"KEN","Kenia","2008","1.39250","1.69904"
"KEN","Kenia","2009","1.29430","1.57204"
"KEN","Kenia","2010","1.72510","1.58896"
"KEN","Kenia","2011","1.58400","1.56182"
"KEN","Kenia","2012","1.73660","1.54650"
"KEN","Kenia","2013","1.69220","1.60644"
"KEN","Kenia","2014","1.66020","1.67962"
"KEN","Kenia","2015","1.82300","1.69920"
"KEN","Kenia","2016","1.42840","1.66808"
"KEN","Kenia","2017","1.52720","1.62620"
"KEN","Kenia","2018","1.76560","1.64088"
"KEN","Kenia","2019","1.56000","1.62084"
"KEN","Kenia","2020","1.77410","1.61106"
"KEN","Kenia","2021","1.52380","1.63014"
"KEN","Kenia","2022","1.45830","1.61636"
"KEN","Kenia","2023","1.76340","1.61592"
"KEN","Kenia","2024","1.66620","1.63716"
"KGZ","Kirguistán","1992","5.13160",""
"KGZ","Kirguistán","1993","4.51600",""
"KGZ","Kirguistán","1994","3.53280",""
"KGZ","Kirguistán","1995","3.20720",""
"KGZ","Kirguistán","1996","3.91760","4.06104"
"KGZ","Kirguistán","1997","4.45340","3.92540"
"KGZ","Kirguistán","1998","4.92220","4.00664"
"KGZ","Kirguistán","1999","5.30380","4.36084"
"KGZ","Kirguistán","2000","5.75230","4.86986"
"KGZ","Kirguistán","2001","6.09600","5.30554"
"KGZ","Kirguistán","2002","5.78030","5.57092"
"KGZ","Kirguistán","2003","6.08980","5.80444"
"KGZ","Kirguistán","2004","6.19380","5.98244"
"KGZ","Kirguistán","2005","6.06480","6.04494"
"KGZ","Kirguistán","2006","6.06960","6.03966"
"KGZ","Kirguistán","2007","6.05990","6.09558"
"KGZ","Kirguistán","2008","5.85680","6.04898"
"KGZ","Kirguistán","2009","6.17560","6.04534"
"KGZ","Kirguistán","2010","6.06320","6.04502"
"KGZ","Kirguistán","2011","6.01430","6.03396"
"KGZ","Kirguistán","2012","6.09650","6.04128"
"KGZ","Kirguistán","2013","6.18250","6.10642"
"KGZ","Kirguistán","2014","6.04620","6.08054"
"KGZ","Kirguistán","2015","6.27220","6.12234"
"KGZ","Kirguistán","2016","6.37790","6.19506"
"KGZ","Kirguistán","2017","6.44520","6.26480"
"KGZ","Kirguistán","2018","6.59490","6.34728"
"KGZ","Kirguistán","2019","6.69960","6.47796"
"KGZ","Kirguistán","2020","6.79900","6.58332"
"KGZ","Kirguistán","2021","6.52050","6.61184"
"KGZ","Kirguistán","2022","6.83300","6.68940"
"KGZ","Kirguistán","2023","7.10680","6.79178"
"KGZ","Kirguistán","2024","7.32460","6.91678"
"KHM","Camboya","1961","1.97890",""
"KHM","Camboya","1962","1.50190",""
"KHM","Camboya","1963","1.59300",""
"KHM","Camboya","1964","1.60550",""
"KHM","Camboya","1965","1.01830","1.53952"
"KHM","Camboya","1966","1.52760","1.44926"
"KHM","Camboya","1967","1.28120","1.40512"
"KHM","Camboya","1968","1.36160","1.35884"
"KHM","Camboya","1969","1.15070","1.26788"
"KHM","Camboya","1970","1.58930","1.38208"
"KHM","Camboya","1971","1.29190","1.33494"
"KHM","Camboya","1972","1.41640","1.36198"
"KHM","Camboya","1973","1.16130","1.32192"
"KHM","Camboya","1974","1.16670","1.32512"
"KHM","Camboya","1975","1.18180","1.24362"
"KHM","Camboya","1976","1.36360","1.25796"
"KHM","Camboya","1977","1.29030","1.23274"
"KHM","Camboya","1978","1.23080","1.24664"
"KHM","Camboya","1979","0.93330","1.19996"
"KHM","Camboya","1980","1.00000","1.16360"
"KHM","Camboya","1981","1.00000","1.09088"
"KHM","Camboya","1982","0.83610","1.00004"
"KHM","Camboya","1983","0.87760","0.92940"
"KHM","Camboya","1984","1.11630","0.96600"
"KHM","Camboya","1985","0.91300","0.94860"
"KHM","Camboya","1986","1.18600","0.98580"
"KHM","Camboya","1987","0.95000","1.00858"
"KHM","Camboya","1988","0.82000","0.99706"
"KHM","Camboya","1989","1.10200","0.99420"
"KHM","Camboya","1990","1.95560","1.20272"
"KHM","Camboya","1991","1.20000","1.20552"
"KHM","Camboya","1992","1.25000","1.26552"
"KHM","Camboya","1993","1.05830","1.31318"
"KHM","Camboya","1994","1.21620","1.33602"
"KHM","Camboya","1995","1.21910","1.18872"
"KHM","Camboya","1996","1.37400","1.22352"
"KHM","Camboya","1997","1.24270","1.22206"
"KHM","Camboya","1998","1.21710","1.25382"
"KHM","Camboya","1999","1.59480","1.32954"
"KHM","Camboya","2000","2.73450","1.63262"
"KHM","Camboya","2001","2.76120","1.91006"
"KHM","Camboya","2002","2.07970","2.07746"
"KHM","Camboya","2003","3.74720","2.58348"
"KHM","Camboya","2004","3.32020","2.92856"
"KHM","Camboya","2005","3.51530","3.08472"
"KHM","Camboya","2006","3.57980","3.24844"
"KHM","Camboya","2007","3.68310","3.56912"
"KHM","Camboya","2008","3.75130","3.56994"
"KHM","Camboya","2009","4.17570","3.74104"
"KHM","Camboya","2010","3.61340","3.76066"
"KHM","Camboya","2011","4.11460","3.86762"
"KHM","Camboya","2012","4.41380","4.01376"
"KHM","Camboya","2013","3.90610","4.04472"
"KHM","Camboya","2014","3.48530","3.90664"
"KHM","Camboya","2015","3.19980","3.82392"
"KHM","Camboya","2016","4.81190","3.96338"
"KHM","Camboya","2017","5.42750","4.16612"
"KHM","Camboya","2018","5.91500","4.56790"
"KHM","Camboya","2019","4.82480","4.83580"
"KHM","Camboya","2020","5.29090","5.25402"
"KHM","Camboya","2021","5.74720","5.44108"
"KHM","Camboya","2022","5.92060","5.53970"
"KHM","Camboya","2023","5.97900","5.55250"
"KHM","Camboya","2024","6.08550","5.80464"
"KOR","Corea del Sur","1961","0.67880",""
"KOR","Corea del Sur","1962","0.67960",""
"KOR","Corea del Sur","1963","0.64930",""
"KOR","Corea del Sur","1964","0.80930",""
"KOR","Corea del Sur","1965","0.80850","0.72510"
"KOR","Corea del Sur","1966","0.94360","0.77806"
"KOR","Corea del Sur","1967","0.68020","0.77818"
"KOR","Corea del Sur","1968","1.42450","0.93322"
"KOR","Corea del Sur","1969","1.41140","1.05364"
"KOR","Corea del Sur","1970","1.35140","1.16222"
"KOR","Corea del Sur","1971","1.60900","1.29530"
"KOR","Corea del Sur","1972","1.81080","1.52142"
"KOR","Corea del Sur","1973","1.49290","1.53510"
"KOR","Corea del Sur","1974","1.73470","1.59976"
"KOR","Corea del Sur","1975","1.71530","1.67254"
"KOR","Corea del Sur","1976","2.31670","1.81408"
"KOR","Corea del Sur","1977","2.73980","1.99988"
"KOR","Corea del Sur","1978","3.24620","2.35054"
"KOR","Corea del Sur","1979","4.58660","2.92092"
"KOR","Corea del Sur","1980","4.36190","3.45024"
"KOR","Corea del Sur","1981","4.38290","3.86348"
"KOR","Corea del Sur","1982","4.11940","4.13940"
"KOR","Corea del Sur","1983","3.69280","4.22872"
"KOR","Corea del Sur","1984","4.44070","4.19954"
"KOR","Corea del Sur","1985","5.04170","4.33550"
"KOR","Corea del Sur","1986","4.79040","4.41700"
"KOR","Corea del Sur","1987","4.84930","4.56298"
"KOR","Corea del Sur","1988","4.79870","4.78416"
"KOR","Corea del Sur","1989","4.87840","4.87170"
"KOR","Corea del Sur","1990","4.61260","4.78588"
"KOR","Corea del Sur","1991","3.41070","4.50994"
"KOR","Corea del Sur","1992","4.40380","4.42084"
"KOR","Corea del Sur","1993","4.18440","4.29798"
"KOR","Corea del Sur","1994","4.08820","4.13994"
"KOR","Corea del Sur","1995","4.24520","4.06646"
"KOR","Corea del Sur","1996","4.02990","4.19030"
"KOR","Corea del Sur","1997","4.11260","4.13206"
"KOR","Corea del Sur","1998","3.98230","4.09164"
"KOR","Corea del Sur","1999","3.94030","4.06206"
"KOR","Corea del Sur","2000","4.06160","4.02534"
"KOR","Corea del Sur","2001","4.02720","4.02480"
"KOR","Corea del Sur","2002","4.22180","4.04664"
"KOR","Corea del Sur","2003","4.14020","4.07822"
"KOR","Corea del Sur","2004","4.26040","4.14224"
"KOR","Corea del Sur","2005","4.84120","4.29816"
"KOR","Corea del Sur","2006","4.73050","4.43882"
"KOR","Corea del Sur","2007","4.91800","4.57806"
"KOR","Corea del Sur","2008","5.05440","4.76090"
"KOR","Corea del Sur","2009","5.02250","4.91332"
"KOR","Corea del Sur","2010","4.78740","4.90256"
"KOR","Corea del Sur","2011","4.65220","4.88690"
"KOR","Corea del Sur","2012","4.89440","4.88218"
"KOR","Corea del Sur","2013","5.05910","4.88312"
"KOR","Corea del Sur","2014","5.17760","4.91414"
"KOR","Corea del Sur","2015","5.09530","4.97572"
"KOR","Corea del Sur","2016","4.85290","5.01586"
"KOR","Corea del Sur","2017","4.81540","5.00006"
"KOR","Corea del Sur","2018","5.04210","4.99666"
"KOR","Corea del Sur","2019","5.14390","4.98992"
"KOR","Corea del Sur","2020","5.87000","5.14486"
"KOR","Corea del Sur","2021","5.89290","5.35286"
"KOR","Corea del Sur","2022","5.89260","5.56830"
"KOR","Corea del Sur","2023","5.67850","5.69558"
"KOR","Corea del Sur","2024","5.71340","5.80948"
"KWT","Kuwait","1972","3.00000",""
"KWT","Kuwait","1973","4.33330",""
"KWT","Kuwait","1974","3.00000",""
"KWT","Kuwait","1975","3.00000",""
"KWT","Kuwait","1976","3.00000","3.26666"
"KWT","Kuwait","1977","3.00000","3.26666"
"KWT","Kuwait","1978","3.00000","3.00000"
"KWT","Kuwait","1979","5.00000","3.40000"
"KWT","Kuwait","1980","5.40000","3.88000"
"KWT","Kuwait","1981","11.00000","5.48000"
"KWT","Kuwait","1982","5.00000","5.88000"
"KWT","Kuwait","1983","5.00000","6.28000"
"KWT","Kuwait","1984","5.14290","6.30858"
"KWT","Kuwait","1985","11.75470","7.57952"
"KWT","Kuwait","1986","15.01560","8.38264"
"KWT","Kuwait","1987","15.00000","10.38264"
"KWT","Kuwait","1988","14.77780","12.33820"
"KWT","Kuwait","1989","10.19700","13.34902"
"KWT","Kuwait","1990","10.54550","13.10718"
"KWT","Kuwait","1991","13.00000","12.70406"
"KWT","Kuwait","1992","10.44440","11.79294"
"KWT","Kuwait","1993","10.81820","11.00102"
"KWT","Kuwait","1994","18.76920","12.71546"
"KWT","Kuwait","1995","18.60290","14.32694"
"KWT","Kuwait","1996","18.71050","15.46904"
"KWT","Kuwait","1997","18.53910","17.08798"
"KWT","Kuwait","1998","18.81820","18.68798"
"KWT","Kuwait","1999","20.21740","18.97762"
"KWT","Kuwait","2000","20.56300","19.36964"
"KWT","Kuwait","2001","19.92170","19.61188"
"KWT","Kuwait","2002","20.06130","19.91632"
"KWT","Kuwait","2003","19.81060","20.11480"
"KWT","Kuwait","2004","19.77030","20.02538"
"KWT","Kuwait","2005","19.72970","19.85872"
"KWT","Kuwait","2006","19.89790","19.85396"
"KWT","Kuwait","2007","19.78650","19.79900"
"KWT","Kuwait","2008","20.09330","19.85554"
"KWT","Kuwait","2009","19.95570","19.89262"
"KWT","Kuwait","2010","19.73490","19.89366"
"KWT","Kuwait","2011","19.72320","19.85872"
"KWT","Kuwait","2012","19.73060","19.84754"
"KWT","Kuwait","2013","31.14780","22.05844"
"KWT","Kuwait","2014","30.75320","24.21794"
"KWT","Kuwait","2015","8.46760","21.96448"
"KWT","Kuwait","2016","6.55330","19.33050"
"KWT","Kuwait","2017","7.21430","16.82724"
"KWT","Kuwait","2018","17.59720","14.11712"
"KWT","Kuwait","2019","20.76650","12.11978"
"KWT","Kuwait","2020","20.48610","14.52348"
"KWT","Kuwait","2021","19.49080","17.11098"
"KWT","Kuwait","2022","17.08050","19.08422"
"KWT","Kuwait","2023","16.94050","18.95288"
"KWT","Kuwait","2024","16.87280","18.17414"
"LAO","Laos","1961","1.70000",""
"LAO","Laos","1962","1.50000",""
"LAO","Laos","1963","1.50000",""
"LAO","Laos","1964","1.58330",""
"LAO","Laos","1965","1.53330","1.56332"
"LAO","Laos","1966","1.53850","1.53102"
"LAO","Laos","1967","1.57140","1.54530"
"LAO","Laos","1968","1.78570","1.60244"
"LAO","Laos","1969","1.85710","1.65720"
"LAO","Laos","1970","1.66670","1.68388"
"LAO","Laos","1971","1.62500","1.70118"
"LAO","Laos","1972","1.76670","1.74024"
"LAO","Laos","1973","1.76320","1.73574"
"LAO","Laos","1974","1.71070","1.70646"
"LAO","Laos","1975","1.55560","1.68424"
"LAO","Laos","1976","1.04420","1.56808"
"LAO","Laos","1977","1.41960","1.49866"
"LAO","Laos","1978","1.04710","1.35544"
"LAO","Laos","1979","1.12340","1.23798"
"LAO","Laos","1980","1.00310","1.12748"
"LAO","Laos","1981","1.05990","1.13062"
"LAO","Laos","1982","1.09980","1.06666"
"LAO","Laos","1983","1.06940","1.07112"
"LAO","Laos","1984","1.18720","1.08388"
"LAO","Laos","1985","1.23980","1.13122"
"LAO","Laos","1986","1.40670","1.20058"
"LAO","Laos","1987","1.44260","1.26914"
"LAO","Laos","1988","1.34400","1.32406"
"LAO","Laos","1989","1.44380","1.37538"
"LAO","Laos","1990","1.81530","1.49048"
"LAO","Laos","1991","2.00650","1.61044"
"LAO","Laos","1992","1.82660","1.68724"
"LAO","Laos","1993","1.75360","1.76916"
"LAO","Laos","1994","1.98820","1.87804"
"LAO","Laos","1995","1.73040","1.86106"
"LAO","Laos","1996","2.08920","1.87760"
"LAO","Laos","1997","2.06050","1.92438"
"LAO","Laos","1998","2.36850","2.04736"
"LAO","Laos","1999","2.35970","2.12166"
"LAO","Laos","2000","2.38780","2.25314"
"LAO","Laos","2001","2.55000","2.34530"
"LAO","Laos","2002","2.76100","2.48540"
"LAO","Laos","2003","2.77100","2.56590"
"LAO","Laos","2004","3.01480","2.69692"
"LAO","Laos","2005","4.33210","3.08578"
"LAO","Laos","2006","3.95330","3.36644"
"LAO","Laos","2007","4.36360","3.68696"
"LAO","Laos","2008","4.83280","4.09932"
"LAO","Laos","2009","5.46430","4.58922"
"LAO","Laos","2010","4.79860","4.68252"
"LAO","Laos","2011","5.16840","4.92554"
"LAO","Laos","2012","5.71850","5.19652"
"LAO","Laos","2013","5.72600","5.37516"
"LAO","Laos","2014","5.80330","5.44296"
"LAO","Laos","2015","5.96890","5.67702"
"LAO","Laos","2016","5.99580","5.84250"
"LAO","Laos","2017","5.75570","5.84994"
"LAO","Laos","2018","5.92730","5.89020"
"LAO","Laos","2019","5.23020","5.77558"
"LAO","Laos","2020","5.22560","5.62692"
"LAO","Laos","2021","4.82600","5.39296"
"LAO","Laos","2022","4.98940","5.23970"
"LAO","Laos","2023","4.77390","5.00902"
"LAO","Laos","2024","4.97380","4.95774"
"LBN","Líbano","1961","2.08330",""
"LBN","Líbano","1962","2.14290",""
"LBN","Líbano","1963","2.00000",""
"LBN","Líbano","1964","2.00000",""
"LBN","Líbano","1965","1.85000","2.01524"
"LBN","Líbano","1966","1.86010","1.97060"
"LBN","Líbano","1967","1.75700","1.89342"
"LBN","Líbano","1968","1.23170","1.73976"
"LBN","Líbano","1969","0.90400","1.52056"
"LBN","Líbano","1970","1.01540","1.35364"
"LBN","Líbano","1971","0.82340","1.14630"
"LBN","Líbano","1972","1.03040","1.00098"
"LBN","Líbano","1973","0.72620","0.89988"
"LBN","Líbano","1974","0.85390","0.88986"
"LBN","Líbano","1975","1.25000","0.93678"
"LBN","Líbano","1976","1.00000","0.97210"
"LBN","Líbano","1977","1.25000","1.01602"
"LBN","Líbano","1978","1.00000","1.07078"
"LBN","Líbano","1979","1.00000","1.10000"
"LBN","Líbano","1980","1.00000","1.05000"
"LBN","Líbano","1981","0.75000","1.00000"
"LBN","Líbano","1982","0.69570","0.88914"
"LBN","Líbano","1983","0.66670","0.82248"
"LBN","Líbano","1984","1.00000","0.82248"
"LBN","Líbano","1985","1.00000","0.82248"
"LBN","Líbano","1986","1.26670","0.92582"
"LBN","Líbano","1987","1.57990","1.10266"
"LBN","Líbano","1988","1.58110","1.28554"
"LBN","Líbano","1989","1.65030","1.41560"
"LBN","Líbano","1990","1.69100","1.55380"
"LBN","Líbano","1991","1.74670","1.64980"
"LBN","Líbano","1992","1.87150","1.70812"
"LBN","Líbano","1993","1.89190","1.77028"
"LBN","Líbano","1994","2.02880","1.84598"
"LBN","Líbano","1995","2.32690","1.97316"
"LBN","Líbano","1996","2.34610","2.09304"
"LBN","Líbano","1997","3.11110","2.34096"
"LBN","Líbano","1998","5.00000","2.96258"
"LBN","Líbano","1999","5.71430","3.69968"
"LBN","Líbano","2000","3.88890","4.01208"
"LBN","Líbano","2001","4.32310","4.40748"
"LBN","Líbano","2002","3.24350","4.43396"
"LBN","Líbano","2003","3.54840","4.14364"
"LBN","Líbano","2004","6.00000","4.20078"
"LBN","Líbano","2005","3.77780","4.17856"
"LBN","Líbano","2006","2.95240","3.90442"
"LBN","Líbano","2007","3.44440","3.94460"
"LBN","Líbano","2008","3.77780","3.99048"
"LBN","Líbano","2009","3.62100","3.51468"
"LBN","Líbano","2010","3.66140","3.49140"
"LBN","Líbano","2011","3.54380","3.60968"
"LBN","Líbano","2012","3.46810","3.61442"
"LBN","Líbano","2013","3.39640","3.53814"
"LBN","Líbano","2014","3.00000","3.41394"
"LBN","Líbano","2015","3.56880","3.39542"
"LBN","Líbano","2016","4.07270","3.50120"
"LBN","Líbano","2017","4.51210","3.71000"
"LBN","Líbano","2018","3.00000","3.63072"
"LBN","Líbano","2019","3.00000","3.63072"
"LBN","Líbano","2020","3.00000","3.51696"
"LBN","Líbano","2021","3.00000","3.30242"
"LBN","Líbano","2022","3.00000","3.00000"
"LBN","Líbano","2023","3.00000","3.00000"
"LBN","Líbano","2024","2.99600","2.99920"
"LBY","Libia","1961","1.53850",""
"LBY","Libia","1962","1.07690",""
"LBY","Libia","1963","1.23080",""
"LBY","Libia","1964","0.92310",""
"LBY","Libia","1965","1.30130","1.21412"
"LBY","Libia","1966","0.99680","1.10578"
"LBY","Libia","1967","0.71330","1.03306"
"LBY","Libia","1968","0.79670","0.94624"
"LBY","Libia","1969","1.46340","1.05430"
"LBY","Libia","1970","1.04300","1.00264"
"LBY","Libia","1971","1.20140","1.04356"
"LBY","Libia","1972","1.24440","1.14978"
"LBY","Libia","1973","1.49500","1.28944"
"LBY","Libia","1974","1.64310","1.32538"
"LBY","Libia","1975","1.19530","1.35584"
"LBY","Libia","1976","1.10420","1.33640"
"LBY","Libia","1977","1.08070","1.30366"
"LBY","Libia","1978","1.09320","1.22330"
"LBY","Libia","1979","1.07520","1.10972"
"LBY","Libia","1980","0.95000","1.06066"
"LBY","Libia","1981","1.02040","1.04390"
"LBY","Libia","1982","1.02040","1.03184"
"LBY","Libia","1983","1.02040","1.01728"
"LBY","Libia","1984","1.02040","1.00632"
"LBY","Libia","1985","1.02220","1.02076"
"LBY","Libia","1986","1.06250","1.02918"
"LBY","Libia","1987","1.02670","1.03044"
"LBY","Libia","1988","1.03330","1.03302"
"LBY","Libia","1989","1.06000","1.04094"
"LBY","Libia","1990","1.00000","1.03650"
"LBY","Libia","1991","1.25250","1.07450"
"LBY","Libia","1992","1.28570","1.12630"
"LBY","Libia","1993","1.32160","1.18396"
"LBY","Libia","1994","1.28170","1.22830"
"LBY","Libia","1995","1.36960","1.30222"
"LBY","Libia","1996","1.05260","1.26224"
"LBY","Libia","1997","1.75000","1.35510"
"LBY","Libia","1998","1.80000","1.45078"
"LBY","Libia","1999","2.00000","1.59444"
"LBY","Libia","2000","2.89000","1.89852"
"LBY","Libia","2001","2.00000","2.08800"
"LBY","Libia","2002","1.50000","2.03800"
"LBY","Libia","2003","1.50000","1.97800"
"LBY","Libia","2004","2.40000","2.05800"
"LBY","Libia","2005","2.40000","1.96000"
"LBY","Libia","2006","2.22460","2.00492"
"LBY","Libia","2007","2.22460","2.14984"
"LBY","Libia","2008","2.22990","2.29582"
"LBY","Libia","2009","2.47900","2.31162"
"LBY","Libia","2010","1.93330","2.21828"
"LBY","Libia","2011","2.16430","2.20622"
"LBY","Libia","2012","2.18510","2.19832"
"LBY","Libia","2013","2.00000","2.15234"
"LBY","Libia","2014","2.09830","2.07620"
"LBY","Libia","2015","2.28870","2.14728"
"LBY","Libia","2016","2.13220","2.14086"
"LBY","Libia","2017","2.18090","2.14002"
"LBY","Libia","2018","2.27560","2.19514"
"LBY","Libia","2019","2.28480","2.23244"
"LBY","Libia","2020","2.14930","2.20456"
"LBY","Libia","2021","2.18620","2.21536"
"LBY","Libia","2022","2.22860","2.22490"
"LBY","Libia","2023","2.26500","2.22278"
"LBY","Libia","2024","2.21880","2.20958"
"LCA","Santa Lucía","1961","1.25000",""
"LCA","Santa Lucía","1962","1.25000",""
"LCA","Santa Lucía","1963","1.25000",""
"LCA","Santa Lucía","1964","1.50000",""
"LCA","Santa Lucía","1965","1.25000","1.30000"
"LCA","Santa Lucía","1966","1.50000","1.35000"
"LCA","Santa Lucía","1967","1.50000","1.40000"
"LCA","Santa Lucía","1968","0.96150","1.34230"
"LCA","Santa Lucía","1969","0.89290","1.22088"
"LCA","Santa Lucía","1970","0.84000","1.13888"
"LCA","Santa Lucía","1971","0.71430","0.98174"
"LCA","Santa Lucía","1972","0.75000","0.83174"
"LCA","Santa Lucía","1973","0.63270","0.76598"
"LCA","Santa Lucía","1974","0.70000","0.72740"
"LCA","Santa Lucía","1975","0.70000","0.69940"
"LCA","Santa Lucía","1976","0.70000","0.69654"
"LCA","Santa Lucía","1977","0.70000","0.68654"
"LCA","Santa Lucía","1978","0.70000","0.70000"
"LCA","Santa Lucía","1979","0.70000","0.70000"
"LKA","Sri Lanka","1961","0.72690",""
"LKA","Sri Lanka","1962","0.78140",""
"LKA","Sri Lanka","1963","0.70960",""
"LKA","Sri Lanka","1964","0.83540",""
"LKA","Sri Lanka","1965","0.83400","0.77746"
"LKA","Sri Lanka","1966","0.78610","0.78930"
"LKA","Sri Lanka","1967","1.17260","0.86754"
"LKA","Sri Lanka","1968","0.72390","0.87040"
"LKA","Sri Lanka","1969","0.82450","0.86822"
"LKA","Sri Lanka","1970","0.75600","0.85262"
"LKA","Sri Lanka","1971","0.71240","0.83788"
"LKA","Sri Lanka","1972","0.75180","0.75372"
"LKA","Sri Lanka","1973","0.70840","0.75062"
"LKA","Sri Lanka","1974","0.66970","0.71966"
"LKA","Sri Lanka","1975","0.68270","0.70500"
"LKA","Sri Lanka","1976","0.70270","0.70306"
"LKA","Sri Lanka","1977","0.65390","0.68348"
"LKA","Sri Lanka","1978","0.74000","0.68980"
"LKA","Sri Lanka","1979","1.06770","0.76940"
"LKA","Sri Lanka","1980","1.09090","0.85104"
"LKA","Sri Lanka","1981","0.91780","0.89406"
"LKA","Sri Lanka","1982","0.83790","0.93086"
"LKA","Sri Lanka","1983","1.09650","1.00216"
"LKA","Sri Lanka","1984","1.07150","1.00292"
"LKA","Sri Lanka","1985","0.91500","0.96774"
"LKA","Sri Lanka","1986","1.30180","1.04454"
"LKA","Sri Lanka","1987","1.20120","1.11720"
"LKA","Sri Lanka","1988","1.04860","1.10762"
"LKA","Sri Lanka","1989","1.05050","1.10342"
"LKA","Sri Lanka","1990","1.12270","1.14496"
"LKA","Sri Lanka","1991","1.19160","1.12292"
"LKA","Sri Lanka","1992","1.03900","1.09048"
"LKA","Sri Lanka","1993","0.97120","1.07500"
"LKA","Sri Lanka","1994","1.00320","1.06554"
"LKA","Sri Lanka","1995","0.96950","1.03490"
"LKA","Sri Lanka","1996","1.06690","1.00996"
"LKA","Sri Lanka","1997","0.99590","1.00134"
"LKA","Sri Lanka","1998","1.13710","1.03452"
"LKA","Sri Lanka","1999","1.08970","1.05182"
"LKA","Sri Lanka","2000","1.08380","1.07468"
"LKA","Sri Lanka","2001","1.11820","1.08494"
"LKA","Sri Lanka","2002","1.12820","1.11140"
"LKA","Sri Lanka","2003","1.09570","1.10312"
"LKA","Sri Lanka","2004","1.50230","1.18564"
"LKA","Sri Lanka","2005","1.47130","1.26314"
"LKA","Sri Lanka","2006","1.48530","1.33656"
"LKA","Sri Lanka","2007","1.65080","1.44108"
"LKA","Sri Lanka","2008","2.63370","1.74868"
"LKA","Sri Lanka","2009","2.55150","1.95852"
"LKA","Sri Lanka","2010","2.80610","2.22548"
"LKA","Sri Lanka","2011","2.72620","2.47366"
"LKA","Sri Lanka","2012","3.41870","2.82724"
"LKA","Sri Lanka","2013","3.08680","2.91786"
"LKA","Sri Lanka","2014","3.59060","3.12568"
"LKA","Sri Lanka","2015","3.55470","3.27540"
"LKA","Sri Lanka","2016","3.60730","3.45162"
"LKA","Sri Lanka","2017","3.72530","3.51294"
"LKA","Sri Lanka","2018","3.80900","3.65738"
"LKA","Sri Lanka","2019","3.87150","3.71356"
"LKA","Sri Lanka","2020","4.00670","3.80396"
"LKA","Sri Lanka","2021","4.42540","3.96758"
"LKA","Sri Lanka","2022","3.07800","3.83812"
"LKA","Sri Lanka","2023","2.91190","3.65870"
"LKA","Sri Lanka","2024","3.07420","3.49924"
"LSO","Lesotho","1961","0.81480",""
"LSO","Lesotho","1962","0.81480",""
"LSO","Lesotho","1963","0.81480",""
"LSO","Lesotho","1964","0.81480",""
"LSO","Lesotho","1965","0.70970","0.79378"
"LSO","Lesotho","1966","0.77860","0.78654"
"LSO","Lesotho","1967","0.74320","0.77222"
"LSO","Lesotho","1968","0.68220","0.74570"
"LSO","Lesotho","1969","0.71740","0.72622"
"LSO","Lesotho","1970","0.51460","0.68720"
"LSO","Lesotho","1971","0.54810","0.64110"
"LSO","Lesotho","1972","0.53640","0.59974"
"LSO","Lesotho","1973","0.60870","0.58504"
"LSO","Lesotho","1974","0.94480","0.63052"
"LSO","Lesotho","1975","0.65180","0.65796"
"LSO","Lesotho","1976","0.57920","0.66418"
"LSO","Lesotho","1977","1.56760","0.87042"
"LSO","Lesotho","1978","1.40800","1.03028"
"LSO","Lesotho","1979","1.11220","1.06376"
"LSO","Lesotho","1980","0.95710","1.12482"
"LSO","Lesotho","1981","0.84670","1.17832"
"LSO","Lesotho","1982","0.72650","1.01010"
"LSO","Lesotho","1983","0.73600","0.87570"
"LSO","Lesotho","1984","0.68000","0.78926"
"LSO","Lesotho","1985","0.78220","0.75428"
"LSO","Lesotho","1986","0.70890","0.72672"
"LSO","Lesotho","1987","0.66640","0.71470"
"LSO","Lesotho","1988","0.92210","0.75192"
"LSO","Lesotho","1989","1.04760","0.82544"
"LSO","Lesotho","1990","1.10000","0.88900"
"LSO","Lesotho","1991","0.54080","0.85538"
"LSO","Lesotho","1992","0.57920","0.83794"
"LSO","Lesotho","1993","0.88750","0.83102"
"LSO","Lesotho","1994","0.86290","0.79408"
"LSO","Lesotho","1995","0.81260","0.73660"
"LSO","Lesotho","1996","1.24900","0.87824"
"LSO","Lesotho","1997","0.98570","0.95954"
"LSO","Lesotho","1998","1.31710","1.04546"
"LSO","Lesotho","1999","0.94100","1.06108"
"LSO","Lesotho","2000","0.67730","1.03402"
"LSO","Lesotho","2001","0.89130","0.96248"
"LSO","Lesotho","2002","0.80880","0.92710"
"LSO","Lesotho","2003","0.64390","0.79246"
"LSO","Lesotho","2004","0.63470","0.73120"
"LSO","Lesotho","2005","0.70110","0.73596"
"LSO","Lesotho","2006","0.55670","0.66904"
"LSO","Lesotho","2007","0.48770","0.60482"
"LSO","Lesotho","2008","0.43490","0.56302"
"LSO","Lesotho","2009","0.41590","0.51926"
"LSO","Lesotho","2010","0.90710","0.56046"
"LSO","Lesotho","2011","0.63440","0.57600"
"LSO","Lesotho","2012","0.69520","0.61750"
"LSO","Lesotho","2013","0.82270","0.69506"
"LSO","Lesotho","2014","0.67860","0.74760"
"LSO","Lesotho","2015","0.65710","0.69760"
"LSO","Lesotho","2016","0.46800","0.66432"
"LSO","Lesotho","2017","1.04090","0.73346"
"LSO","Lesotho","2018","0.86840","0.74260"
"LSO","Lesotho","2019","0.76880","0.76064"
"LSO","Lesotho","2020","0.45690","0.72060"
"LSO","Lesotho","2021","1.02520","0.83204"
"LSO","Lesotho","2022","0.80460","0.78478"
"LSO","Lesotho","2023","0.85080","0.78126"
"LSO","Lesotho","2024","0.63270","0.75404"
"LTU","Lituania","1992","1.18930",""
"LTU","Lituania","1993","1.20430",""
"LTU","Lituania","1994","1.21930",""
"LTU","Lituania","1995","1.23430",""
"LTU","Lituania","1996","1.30950","1.23134"
"LTU","Lituania","1997","1.41910","1.27730"
"LTU","Lituania","1998","1.52870","1.34218"
"LTU","Lituania","1999","1.63840","1.42600"
"LTU","Lituania","2000","1.74970","1.52908"
"LTU","Lituania","2001","2.31260","1.72970"
"LTU","Lituania","2002","2.86210","2.01830"
"LTU","Lituania","2003","1.00000","1.91256"
"LTU","Lituania","2004","2.14290","2.01346"
"LTU","Lituania","2005","3.06250","2.27602"
"LTU","Lituania","2006","2.35000","2.28350"
"LTU","Lituania","2007","4.81480","2.67404"
"LTU","Lituania","2008","4.21050","3.31614"
"LTU","Lituania","2009","4.32730","3.75302"
"LTU","Lituania","2010","6.69010","4.47854"
"LTU","Lituania","2011","7.48960","5.50646"
"LTU","Lituania","2012","6.10850","5.76520"
"LTU","Lituania","2013","7.39530","6.40216"
"LTU","Lituania","2014","6.05260","6.74722"
"LTU","Lituania","2015","4.82050","6.37330"
"LTU","Lituania","2016","6.93970","6.26332"
"LTU","Lituania","2017","5.73810","6.18924"
"LTU","Lituania","2018","6.54140","6.01846"
"LTU","Lituania","2019","7.67190","6.34232"
"LTU","Lituania","2020","7.01440","6.78110"
"LTU","Lituania","2021","5.85790","6.56474"
"LTU","Lituania","2022","5.30800","6.47872"
"LTU","Lituania","2023","8.11100","6.79264"
"LTU","Lituania","2024","7.87460","6.83318"
"LUX","Luxemburgo","2000","8.00000",""
"LUX","Luxemburgo","2001","9.09870",""
"LUX","Luxemburgo","2002","7.10740",""
"LUX","Luxemburgo","2003","5.64390",""
"LUX","Luxemburgo","2004","8.02440","7.57488"
"LUX","Luxemburgo","2005","9.58140","7.89116"
"LUX","Luxemburgo","2006","6.51040","7.37350"
"LUX","Luxemburgo","2007","7.54450","7.46092"
"LUX","Luxemburgo","2008","6.00530","7.53320"
"LUX","Luxemburgo","2009","5.99760","7.12784"
"LUX","Luxemburgo","2010","8.30930","6.87342"
"LUX","Luxemburgo","2011","7.78000","7.12734"
"LUX","Luxemburgo","2012","8.09000","7.23644"
"LUX","Luxemburgo","2013","10.80000","8.19538"
"LUX","Luxemburgo","2014","7.74250","8.54436"
"LUX","Luxemburgo","2015","6.58160","8.19882"
"LUX","Luxemburgo","2016","6.69700","7.98222"
"LUX","Luxemburgo","2017","8.59720","8.08366"
"LUX","Luxemburgo","2018","5.11110","6.94588"
"LUX","Luxemburgo","2019","4.71430","6.34024"
"LUX","Luxemburgo","2020","5.50000","6.12392"
"LUX","Luxemburgo","2021","6.57140","6.09880"
"LUX","Luxemburgo","2022","5.05560","5.39048"
"LUX","Luxemburgo","2023","5.58820","5.48590"
"LUX","Luxemburgo","2024","6.88000","5.91904"
"MAR","Marruecos","1961","0.31710",""
"MAR","Marruecos","1962","0.93330",""
"MAR","Marruecos","1963","1.04350",""
"MAR","Marruecos","1964","0.86960",""
"MAR","Marruecos","1965","0.76740","0.78618"
"MAR","Marruecos","1966","0.43010","0.80878"
"MAR","Marruecos","1967","0.67010","0.75614"
"MAR","Marruecos","1968","0.76000","0.69944"
"MAR","Marruecos","1969","0.93480","0.71248"
"MAR","Marruecos","1970","0.62670","0.68434"
"MAR","Marruecos","1971","0.86070","0.77046"
"MAR","Marruecos","1972","0.76440","0.78932"
"MAR","Marruecos","1973","0.48680","0.73468"
"MAR","Marruecos","1974","0.86970","0.72166"
"MAR","Marruecos","1975","0.75390","0.74710"
"MAR","Marruecos","1976","1.14060","0.80308"
"MAR","Marruecos","1977","0.43410","0.73702"
"MAR","Marruecos","1978","0.98980","0.83762"
"MAR","Marruecos","1979","0.75000","0.81368"
"MAR","Marruecos","1980","0.80870","0.82464"
"MAR","Marruecos","1981","0.24860","0.64624"
"MAR","Marruecos","1982","0.61720","0.68286"
"MAR","Marruecos","1983","0.59420","0.60374"
"MAR","Marruecos","1984","0.68810","0.59136"
"MAR","Marruecos","1985","0.80010","0.58964"
"MAR","Marruecos","1986","0.81800","0.70352"
"MAR","Marruecos","1987","0.65150","0.71038"
"MAR","Marruecos","1988","0.90310","0.77216"
"MAR","Marruecos","1989","0.99340","0.83322"
"MAR","Marruecos","1990","1.15980","0.90516"
"MAR","Marruecos","1991","0.87000","0.91556"
"MAR","Marruecos","1992","0.47530","0.88032"
"MAR","Marruecos","1993","0.20650","0.74100"
"MAR","Marruecos","1994","0.62610","0.66754"
"MAR","Marruecos","1995","0.13030","0.46164"
"MAR","Marruecos","1996","0.92740","0.47312"
"MAR","Marruecos","1997","1.09840","0.59774"
"MAR","Marruecos","1998","0.64680","0.68580"
"MAR","Marruecos","1999","0.41200","0.64298"
"MAR","Marruecos","2000","0.40000","0.69692"
"MAR","Marruecos","2001","0.21070","0.55358"
"MAR","Marruecos","2002","0.74940","0.48378"
"MAR","Marruecos","2003","0.56170","0.46676"
"MAR","Marruecos","2004","0.91520","0.56740"
"MAR","Marruecos","2005","0.20360","0.52812"
"MAR","Marruecos","2006","1.21980","0.72994"
"MAR","Marruecos","2007","0.41550","0.66316"
"MAR","Marruecos","2008","0.55150","0.66112"
"MAR","Marruecos","2009","0.91510","0.66110"
"MAR","Marruecos","2010","1.21320","0.86302"
"MAR","Marruecos","2011","1.15330","0.84972"
"MAR","Marruecos","2012","0.76480","0.91958"
"MAR","Marruecos","2013","0.66320","0.94192"
"MAR","Marruecos","2014","0.70850","0.90060"
"MAR","Marruecos","2015","0.75440","0.80884"
"MAR","Marruecos","2016","0.92750","0.76368"
"MAR","Marruecos","2017","0.93620","0.79796"
"MAR","Marruecos","2018","0.79900","0.82512"
"MAR","Marruecos","2019","0.63970","0.81136"
"MAR","Marruecos","2020","0.42040","0.74456"
"MAR","Marruecos","2021","0.53060","0.66518"
"MAR","Marruecos","2022","0.31130","0.54020"
"MAR","Marruecos","2023","0.12950","0.40630"
"MAR","Marruecos","2024","0.72240","0.42284"
"MDA","Moldavia","1992","2.44850",""
"MDA","Moldavia","1993","3.86600",""
"MDA","Moldavia","1994","2.22050",""
"MDA","Moldavia","1995","2.97570",""
"MDA","Moldavia","1996","2.89870","2.88188"
"MDA","Moldavia","1997","3.99980","3.19214"
"MDA","Moldavia","1998","3.11210","3.04136"
"MDA","Moldavia","1999","2.82820","3.16290"
"MDA","Moldavia","2000","2.33580","3.03492"
"MDA","Moldavia","2001","2.37140","2.92946"
"MDA","Moldavia","2002","2.67210","2.66392"
"MDA","Moldavia","2003","2.55510","2.55252"
"MDA","Moldavia","2004","3.07110","2.60110"
"MDA","Moldavia","2005","3.27280","2.78850"
"MDA","Moldavia","2006","2.90590","2.89540"
"MDA","Moldavia","2007","3.07760","2.97650"
"MDA","Moldavia","2008","3.49220","3.16392"
"MDA","Moldavia","2009","2.88970","3.12764"
"MDA","Moldavia","2010","3.45400","3.16388"
"MDA","Moldavia","2011","3.25480","3.23366"
"MDA","Moldavia","2012","1.22650","2.86344"
"MDA","Moldavia","2013","3.10420","2.78584"
"MDA","Moldavia","2014","3.34850","2.87760"
"MDA","Moldavia","2015","2.20470","2.62774"
"MDA","Moldavia","2016","2.98810","2.57440"
"MDA","Moldavia","2017","3.69600","3.06830"
"MDA","Moldavia","2018","4.23980","3.29542"
"MDA","Moldavia","2019","4.32550","3.49082"
"MDA","Moldavia","2020","1.86730","3.42334"
"MDA","Moldavia","2021","5.74250","3.97422"
"MDA","Moldavia","2022","1.73580","3.58218"
"MDA","Moldavia","2023","2.80470","3.29516"
"MDA","Moldavia","2024","1.62150","2.75436"
"MDG","Madagascar","1961","1.48000",""
"MDG","Madagascar","1962","1.30000",""
"MDG","Madagascar","1963","1.14000",""
"MDG","Madagascar","1964","1.04180",""
"MDG","Madagascar","1965","0.95250","1.18286"
"MDG","Madagascar","1966","1.05320","1.09750"
"MDG","Madagascar","1967","1.06670","1.05084"
"MDG","Madagascar","1968","1.02630","1.02810"
"MDG","Madagascar","1969","1.03220","1.02618"
"MDG","Madagascar","1970","1.02370","1.04042"
"MDG","Madagascar","1971","0.95280","1.02034"
"MDG","Madagascar","1972","0.98310","1.00362"
"MDG","Madagascar","1973","1.01870","1.00210"
"MDG","Madagascar","1974","1.04600","1.00486"
"MDG","Madagascar","1975","1.09590","1.01930"
"MDG","Madagascar","1976","1.18800","1.06634"
"MDG","Madagascar","1977","1.05690","1.08110"
"MDG","Madagascar","1978","0.94340","1.06604"
"MDG","Madagascar","1979","1.00390","1.05762"
"MDG","Madagascar","1980","0.99750","1.03794"
"MDG","Madagascar","1981","0.94600","0.98954"
"MDG","Madagascar","1982","0.96970","0.97210"
"MDG","Madagascar","1983","1.04590","0.99260"
"MDG","Madagascar","1984","1.06740","1.00530"
"MDG","Madagascar","1985","1.00140","1.00608"
"MDG","Madagascar","1986","1.03300","1.02348"
"MDG","Madagascar","1987","1.12950","1.05544"
"MDG","Madagascar","1988","1.02890","1.05204"
"MDG","Madagascar","1989","1.06000","1.05056"
"MDG","Madagascar","1990","0.98480","1.04724"
"MDG","Madagascar","1991","0.96670","1.03398"
"MDG","Madagascar","1992","0.81250","0.97058"
"MDG","Madagascar","1993","0.89720","0.94424"
"MDG","Madagascar","1994","0.94510","0.92126"
"MDG","Madagascar","1995","0.96280","0.91686"
"MDG","Madagascar","1996","0.92990","0.90950"
"MDG","Madagascar","1997","0.93680","0.93436"
"MDG","Madagascar","1998","0.83060","0.92104"
"MDG","Madagascar","1999","0.91620","0.91526"
"MDG","Madagascar","2000","0.88380","0.89946"
"MDG","Madagascar","2001","0.92900","0.89928"
"MDG","Madagascar","2002","0.88450","0.88882"
"MDG","Madagascar","2003","1.62550","1.04780"
"MDG","Madagascar","2004","1.77790","1.22014"
"MDG","Madagascar","2005","1.54640","1.35266"
"MDG","Madagascar","2006","1.58910","1.48468"
"MDG","Madagascar","2007","1.61910","1.63160"
"MDG","Madagascar","2008","1.65690","1.63788"
"MDG","Madagascar","2009","1.62250","1.60680"
"MDG","Madagascar","2010","1.55770","1.60906"
"MDG","Madagascar","2011","1.54550","1.60034"
"MDG","Madagascar","2012","1.65910","1.60834"
"MDG","Madagascar","2013","1.65810","1.60858"
"MDG","Madagascar","2014","1.68320","1.62072"
"MDG","Madagascar","2015","1.71420","1.65202"
"MDG","Madagascar","2016","1.73090","1.68910"
"MDG","Madagascar","2017","1.74060","1.70540"
"MDG","Madagascar","2018","1.75160","1.72410"
"MDG","Madagascar","2019","1.73630","1.73472"
"MDG","Madagascar","2020","1.77450","1.74678"
"MDG","Madagascar","2021","1.82330","1.76526"
"MDG","Madagascar","2022","1.80470","1.77808"
"MDG","Madagascar","2023","1.81870","1.79150"
"MDG","Madagascar","2024","1.83270","1.81078"
"MDV","Maldivas","1961","1.00000",""
"MDV","Maldivas","1962","1.00000",""
"MDV","Maldivas","1963","1.00000",""
"MDV","Maldivas","1964","1.00000",""
"MDV","Maldivas","1965","1.00000","1.00000"
"MDV","Maldivas","1966","1.00000","1.00000"
"MDV","Maldivas","1967","1.00000","1.00000"
"MDV","Maldivas","1968","1.00000","1.00000"
"MDV","Maldivas","1969","1.00000","1.00000"
"MDV","Maldivas","1970","1.00000","1.00000"
"MDV","Maldivas","1971","1.00000","1.00000"
"MDV","Maldivas","1972","1.00000","1.00000"
"MDV","Maldivas","1973","1.00000","1.00000"
"MDV","Maldivas","1974","1.00000","1.00000"
"MDV","Maldivas","1975","1.00000","1.00000"
"MDV","Maldivas","1976","1.00000","1.00000"
"MDV","Maldivas","1977","1.00000","1.00000"
"MDV","Maldivas","1978","1.00000","1.00000"
"MDV","Maldivas","1979","1.00000","1.00000"
"MDV","Maldivas","1980","1.00000","1.00000"
"MDV","Maldivas","1981","1.00000","1.00000"
"MDV","Maldivas","1982","1.00000","1.00000"
"MDV","Maldivas","1983","1.00000","1.00000"
"MDV","Maldivas","1984","1.00000","1.00000"
"MDV","Maldivas","1985","1.00000","1.00000"
"MDV","Maldivas","1986","1.00000","1.00000"
"MDV","Maldivas","1987","1.00000","1.00000"
"MDV","Maldivas","1988","1.00000","1.00000"
"MDV","Maldivas","1989","1.00000","1.00000"
"MDV","Maldivas","1990","1.00000","1.00000"
"MDV","Maldivas","1991","1.00000","1.00000"
"MDV","Maldivas","1992","1.00000","1.00000"
"MDV","Maldivas","1993","1.00000","1.00000"
"MDV","Maldivas","1994","1.00000","1.00000"
"MDV","Maldivas","1995","1.00000","1.00000"
"MDV","Maldivas","1997","1.40760","1.08152"
"MDV","Maldivas","1998","1.73310","1.22814"
"MDV","Maldivas","1999","2.04500","1.43714"
"MDV","Maldivas","2000","2.37640","1.71242"
"MDV","Maldivas","2001","2.67350","2.04712"
"MDV","Maldivas","2002","3.00000","2.36560"
"MDV","Maldivas","2003","3.20000","2.65898"
"MDV","Maldivas","2004","3.36000","2.92198"
"MDV","Maldivas","2005","3.33330","3.11336"
"MDV","Maldivas","2006","3.20000","3.21866"
"MDV","Maldivas","2007","3.35350","3.28936"
"MDV","Maldivas","2008","3.63630","3.37662"
"MDV","Maldivas","2009","4.08130","3.52088"
"MDV","Maldivas","2010","4.54700","3.76362"
"MDV","Maldivas","2011","4.89400","4.10242"
"MDV","Maldivas","2012","5.20000","4.47172"
"MDV","Maldivas","2013","5.00000","4.74446"
"MDV","Maldivas","2014","4.00000","4.72820"
"MDV","Maldivas","2015","3.87130","4.59306"
"MDV","Maldivas","2016","4.41160","4.49658"
"MDV","Maldivas","2017","4.08550","4.27368"
"MDV","Maldivas","2018","4.22900","4.11948"
"MDV","Maldivas","2019","4.23910","4.16730"
"MDV","Maldivas","2020","4.09880","4.21280"
"MDV","Maldivas","2021","4.18830","4.16814"
"MDV","Maldivas","2022","4.17460","4.18596"
"MDV","Maldivas","2023","4.15360","4.17088"
"MDV","Maldivas","2024","4.17220","4.15750"
"MEX","México","1961","0.99340",""
"MEX","México","1962","0.99460",""
"MEX","México","1963","0.98670",""
"MEX","México","1964","1.13320",""
"MEX","México","1965","1.15780","1.05314"
"MEX","México","1966","1.11880","1.07822"
"MEX","México","1967","1.13040","1.10538"
"MEX","México","1968","1.18060","1.14416"
"MEX","México","1969","1.18400","1.15432"
"MEX","México","1970","1.19350","1.16146"
"MEX","México","1971","1.27230","1.19216"
"MEX","México","1972","1.26480","1.21904"
"MEX","México","1973","1.13180","1.20928"
"MEX","México","1974","1.16830","1.20614"
"MEX","México","1975","1.26210","1.21986"
"MEX","México","1976","1.18190","1.20178"
"MEX","México","1977","1.35720","1.22026"
"MEX","México","1978","1.51990","1.29788"
"MEX","México","1979","1.51540","1.36730"
"MEX","México","1980","1.82610","1.48010"
"MEX","México","1981","1.82400","1.60852"
"MEX","México","1982","1.79760","1.69660"
"MEX","México","1983","1.77700","1.74802"
"MEX","México","1984","1.85540","1.81602"
"MEX","México","1985","1.85830","1.82246"
"MEX","México","1986","1.84060","1.82578"
"MEX","México","1987","1.70580","1.80742"
"MEX","México","1988","1.62890","1.77780"
"MEX","México","1989","1.69290","1.74530"
"MEX","México","1990","1.99420","1.77248"
"MEX","México","1991","2.05150","1.81466"
"MEX","México","1992","2.34500","1.94250"
"MEX","México","1993","2.44010","2.10474"
"MEX","México","1994","2.22550","2.21126"
"MEX","México","1995","2.28830","2.27008"
"MEX","México","1996","2.23870","2.30752"
"MEX","México","1997","2.38400","2.31532"
"MEX","México","1998","2.34290","2.29588"
"MEX","México","1999","2.47200","2.34518"
"MEX","México","2000","2.46200","2.37992"
"MEX","México","2001","2.57770","2.44772"
"MEX","México","2002","2.71050","2.51302"
"MEX","México","2003","2.75250","2.59494"
"MEX","México","2004","2.81880","2.66430"
"MEX","México","2005","2.92760","2.75742"
"MEX","México","2006","3.00120","2.84212"
"MEX","México","2007","3.20630","2.94128"
"MEX","México","2008","3.30710","3.05220"
"MEX","México","2009","3.23680","3.13580"
"MEX","México","2010","3.25990","3.20226"
"MEX","México","2011","2.90580","3.18318"
"MEX","México","2012","3.18740","3.17940"
"MEX","México","2013","3.19410","3.15680"
"MEX","México","2014","3.29640","3.16872"
"MEX","México","2015","3.47820","3.21238"
"MEX","México","2016","3.71800","3.37482"
"MEX","México","2017","3.78880","3.49510"
"MEX","México","2018","3.81460","3.61920"
"MEX","México","2019","4.06970","3.77386"
"MEX","México","2020","3.83220","3.84466"
"MEX","México","2021","3.85220","3.87150"
"MEX","México","2022","3.89970","3.89368"
"MEX","México","2023","4.28050","3.98686"
"MEX","México","2024","3.70380","3.91368"
"MKD","Macedonia del Norte","1992","2.97590",""
"MKD","Macedonia del Norte","1993","2.26130",""
"MKD","Macedonia del Norte","1994","3.11830",""
"MKD","Macedonia del Norte","1995","3.90190",""
"MKD","Macedonia del Norte","1996","3.38850","3.12918"
"MKD","Macedonia del Norte","1997","3.91540","3.31708"
"MKD","Macedonia del Norte","1998","4.37340","3.73950"
"MKD","Macedonia del Norte","1999","4.09260","3.93436"
"MKD","Macedonia del Norte","2000","3.38190","3.83036"
"MKD","Macedonia del Norte","2001","3.45000","3.84266"
"MKD","Macedonia del Norte","2002","4.14040","3.88766"
"MKD","Macedonia del Norte","2003","4.05990","3.82496"
"MKD","Macedonia del Norte","2004","4.32620","3.87168"
"MKD","Macedonia del Norte","2005","4.49090","4.09348"
"MKD","Macedonia del Norte","2006","4.64930","4.33334"
"MKD","Macedonia del Norte","2007","3.83610","4.27248"
"MKD","Macedonia del Norte","2008","4.09910","4.28032"
"MKD","Macedonia del Norte","2009","4.70540","4.35616"
"MKD","Macedonia del Norte","2010","4.47780","4.35354"
"MKD","Macedonia del Norte","2011","4.27040","4.27776"
"MKD","Macedonia del Norte","2012","3.95540","4.30162"
"MKD","Macedonia del Norte","2013","4.22690","4.32718"
"MKD","Macedonia del Norte","2014","4.48980","4.28406"
"MKD","Macedonia del Norte","2015","4.21430","4.23136"
"MKD","Macedonia del Norte","2016","4.62660","4.30260"
"MKD","Macedonia del Norte","2017","3.84370","4.28026"
"MKD","Macedonia del Norte","2018","5.14560","4.46400"
"MKD","Macedonia del Norte","2019","4.27020","4.42008"
"MKD","Macedonia del Norte","2020","4.59790","4.49680"
"MKD","Macedonia del Norte","2021","4.34800","4.44108"
"MKD","Macedonia del Norte","2022","4.77690","4.62772"
"MKD","Macedonia del Norte","2023","4.58010","4.51462"
"MKD","Macedonia del Norte","2024","4.60270","4.58112"
"MLI","Malí","1961","0.77980",""
"MLI","Malí","1962","0.80460",""
"MLI","Malí","1963","0.86560",""
"MLI","Malí","1964","0.83720",""
"MLI","Malí","1965","0.87130","0.83170"
"MLI","Malí","1966","0.89110","0.85396"
"MLI","Malí","1967","0.90670","0.87438"
"MLI","Malí","1968","0.84140","0.86954"
"MLI","Malí","1969","0.75630","0.85336"
"MLI","Malí","1970","1.08320","0.89574"
"MLI","Malí","1971","0.85240","0.88800"
"MLI","Malí","1972","0.67690","0.84204"
"MLI","Malí","1973","0.84000","0.84176"
"MLI","Malí","1974","0.96670","0.88384"
"MLI","Malí","1975","0.86800","0.84080"
"MLI","Malí","1976","0.85700","0.84172"
"MLI","Malí","1977","0.87250","0.88084"
"MLI","Malí","1978","2.40910","1.19466"
"MLI","Malí","1979","1.66840","1.33500"
"MLI","Malí","1980","1.10970","1.38334"
"MLI","Malí","1981","0.88360","1.38866"
"MLI","Malí","1982","0.99270","1.41270"
"MLI","Malí","1983","1.14250","1.15938"
"MLI","Malí","1984","1.13580","1.05286"
"MLI","Malí","1985","1.28450","1.08782"
"MLI","Malí","1986","1.65460","1.24202"
"MLI","Malí","1987","1.51180","1.34584"
"MLI","Malí","1988","1.50120","1.41758"
"MLI","Malí","1989","1.29080","1.44858"
"MLI","Malí","1990","1.15660","1.42300"
"MLI","Malí","1991","1.38240","1.36856"
"MLI","Malí","1992","1.00500","1.26720"
"MLI","Malí","1993","1.10290","1.18754"
"MLI","Malí","1994","1.13470","1.15632"
"MLI","Malí","1995","1.28430","1.18186"
"MLI","Malí","1996","1.58450","1.22228"
"MLI","Malí","1997","1.69300","1.35988"
"MLI","Malí","1998","1.64160","1.46762"
"MLI","Malí","1999","1.45410","1.53150"
"MLI","Malí","2000","1.33220","1.54108"
"MLI","Malí","2001","1.15850","1.45588"
"MLI","Malí","2002","1.14780","1.34684"
"MLI","Malí","2003","1.43600","1.30572"
"MLI","Malí","2004","1.82100","1.37910"
"MLI","Malí","2005","1.49330","1.41132"
"MLI","Malí","2006","1.71340","1.52230"
"MLI","Malí","2007","1.68310","1.62936"
"MLI","Malí","2008","1.97320","1.73680"
"MLI","Malí","2009","3.33490","2.03958"
"MLI","Malí","2010","2.68860","2.27864"
"MLI","Malí","2011","1.40370","2.21670"
"MLI","Malí","2012","2.44270","2.36862"
"MLI","Malí","2013","2.59270","2.49252"
"MLI","Malí","2014","2.17150","2.25984"
"MLI","Malí","2015","2.52990","2.22810"
"MLI","Malí","2016","2.72550","2.49246"
"MLI","Malí","2017","2.91820","2.58756"
"MLI","Malí","2018","2.88020","2.64506"
"MLI","Malí","2019","2.66490","2.74374"
"MLI","Malí","2020","3.00550","2.83886"
"MLI","Malí","2021","2.34540","2.76284"
"MLI","Malí","2022","2.68550","2.71630"
"MLI","Malí","2023","2.24430","2.58912"
"MLI","Malí","2024","2.47330","2.55080"
"MMR","Myanmar","1961","0.80890",""
"MMR","Myanmar","1962","0.52640",""
"MMR","Myanmar","1963","0.74520",""
"MMR","Myanmar","1964","0.64840",""
"MMR","Myanmar","1965","0.59630","0.66504"
"MMR","Myanmar","1966","0.61650","0.62656"
"MMR","Myanmar","1967","0.71850","0.66498"
"MMR","Myanmar","1968","0.75310","0.66656"
"MMR","Myanmar","1969","0.69070","0.67502"
"MMR","Myanmar","1970","0.70680","0.69712"
"MMR","Myanmar","1971","0.74390","0.72260"
"MMR","Myanmar","1972","0.70230","0.71936"
"MMR","Myanmar","1973","0.76870","0.72248"
"MMR","Myanmar","1974","0.82050","0.74844"
"MMR","Myanmar","1975","0.79730","0.76654"
"MMR","Myanmar","1976","0.77060","0.77188"
"MMR","Myanmar","1977","0.95160","0.82174"
"MMR","Myanmar","1978","0.92480","0.85296"
"MMR","Myanmar","1979","1.26370","0.94160"
"MMR","Myanmar","1980","1.15130","1.01240"
"MMR","Myanmar","1981","1.46600","1.15148"
"MMR","Myanmar","1982","1.76000","1.31316"
"MMR","Myanmar","1983","1.71210","1.47062"
"MMR","Myanmar","1984","1.62920","1.54372"
"MMR","Myanmar","1985","1.74870","1.66320"
"MMR","Myanmar","1986","1.79470","1.72894"
"MMR","Myanmar","1987","1.65960","1.70886"
"MMR","Myanmar","1988","1.59670","1.68578"
"MMR","Myanmar","1989","1.57960","1.67586"
"MMR","Myanmar","1990","1.49500","1.62512"
"MMR","Myanmar","1991","1.51400","1.56898"
"MMR","Myanmar","1992","1.49430","1.53592"
"MMR","Myanmar","1993","1.50810","1.51820"
"MMR","Myanmar","1994","1.68280","1.53884"
"MMR","Myanmar","1995","1.67460","1.57476"
"MMR","Myanmar","1996","1.70430","1.61282"
"MMR","Myanmar","1997","1.88850","1.69166"
"MMR","Myanmar","1998","1.62500","1.71504"
"MMR","Myanmar","1999","1.68800","1.71608"
"MMR","Myanmar","2000","1.70550","1.72226"
"MMR","Myanmar","2001","2.09180","1.79976"
"MMR","Myanmar","2002","2.21160","1.86438"
"MMR","Myanmar","2003","2.43560","2.02650"
"MMR","Myanmar","2004","2.63540","2.21598"
"MMR","Myanmar","2005","2.82970","2.44082"
"MMR","Myanmar","2006","3.10660","2.64378"
"MMR","Myanmar","2007","3.26800","2.85506"
"MMR","Myanmar","2008","3.33800","3.03554"
"MMR","Myanmar","2009","3.37660","3.18378"
"MMR","Myanmar","2010","3.48260","3.31436"
"MMR","Myanmar","2011","3.55110","3.40326"
"MMR","Myanmar","2012","3.58510","3.46668"
"MMR","Myanmar","2013","3.63860","3.52680"
"MMR","Myanmar","2014","3.69650","3.59078"
"MMR","Myanmar","2015","3.72150","3.63856"
"MMR","Myanmar","2016","3.75050","3.67844"
"MMR","Myanmar","2017","3.81380","3.72418"
"MMR","Myanmar","2018","3.82130","3.76072"
"MMR","Myanmar","2019","3.85050","3.79152"
"MMR","Myanmar","2020","3.85020","3.81726"
"MMR","Myanmar","2021","3.75280","3.81772"
"MMR","Myanmar","2022","3.83650","3.82226"
"MMR","Myanmar","2023","3.87180","3.83236"
"MMR","Myanmar","2024","3.92820","3.84790"
"MNE","Montenegro","2006","3.25880",""
"MNE","Montenegro","2007","2.50000",""
"MNE","Montenegro","2008","3.60000",""
"MNE","Montenegro","2009","3.80090",""
"MNE","Montenegro","2010","3.79500","3.39094"
"MNE","Montenegro","2011","4.20070","3.57932"
"MNE","Montenegro","2012","3.20070","3.71946"
"MNE","Montenegro","2013","5.17750","4.03496"
"MNE","Montenegro","2014","5.08460","4.29170"
"MNE","Montenegro","2015","4.29250","4.39120"
"MNE","Montenegro","2016","4.21890","4.39484"
"MNE","Montenegro","2017","4.22010","4.59872"
"MNE","Montenegro","2018","4.25050","4.41332"
"MNE","Montenegro","2019","4.33960","4.26432"
"MNE","Montenegro","2020","4.17540","4.24090"
"MNE","Montenegro","2021","4.24350","4.24582"
"MNE","Montenegro","2022","4.53980","4.30976"
"MNE","Montenegro","2023","4.96130","4.45192"
"MNE","Montenegro","2024","3.64460","4.31292"
"MOZ","Mozambique","1961","0.87060",""
"MOZ","Mozambique","1962","0.82500",""
"MOZ","Mozambique","1963","0.88750",""
"MOZ","Mozambique","1964","0.90000",""
"MOZ","Mozambique","1965","0.92860","0.88234"
"MOZ","Mozambique","1966","0.95650","0.89952"
"MOZ","Mozambique","1967","1.00000","0.93452"
"MOZ","Mozambique","1968","1.00000","0.95702"
"MOZ","Mozambique","1969","0.95350","0.96772"
"MOZ","Mozambique","1970","1.13100","1.00820"
"MOZ","Mozambique","1971","0.93940","1.00478"
"MOZ","Mozambique","1972","1.02380","1.00954"
"MOZ","Mozambique","1973","0.80880","0.97130"
"MOZ","Mozambique","1974","0.66180","0.91296"
"MOZ","Mozambique","1975","0.41670","0.77010"
"MOZ","Mozambique","1976","0.75000","0.73222"
"MOZ","Mozambique","1977","0.71670","0.67080"
"MOZ","Mozambique","1978","0.70000","0.64904"
"MOZ","Mozambique","1979","0.64460","0.64560"
"MOZ","Mozambique","1980","0.54290","0.67084"
"MOZ","Mozambique","1981","0.52860","0.62656"
"MOZ","Mozambique","1982","0.43750","0.57072"
"MOZ","Mozambique","1983","0.41250","0.51322"
"MOZ","Mozambique","1984","0.43750","0.47180"
"MOZ","Mozambique","1985","0.44440","0.45210"
"MOZ","Mozambique","1986","0.45900","0.43818"
"MOZ","Mozambique","1987","0.27100","0.40488"
"MOZ","Mozambique","1988","0.32200","0.38678"
"MOZ","Mozambique","1989","0.33000","0.36528"
"MOZ","Mozambique","1990","0.44800","0.36600"
"MOZ","Mozambique","1991","0.32410","0.33902"
"MOZ","Mozambique","1992","0.15870","0.31656"
"MOZ","Mozambique","1993","0.63320","0.37880"
"MOZ","Mozambique","1994","0.52070","0.41694"
"MOZ","Mozambique","1995","0.67940","0.46322"
"MOZ","Mozambique","1996","0.93950","0.58630"
"MOZ","Mozambique","1997","0.90330","0.73522"
"MOZ","Mozambique","1998","0.90060","0.78870"
"MOZ","Mozambique","1999","1.15960","0.91648"
"MOZ","Mozambique","2000","0.93990","0.96858"
"MOZ","Mozambique","2001","0.95800","0.97228"
"MOZ","Mozambique","2002","0.70650","0.93292"
"MOZ","Mozambique","2003","0.87110","0.92702"
"MOZ","Mozambique","2004","0.80850","0.85680"
"MOZ","Mozambique","2005","0.49500","0.76782"
"MOZ","Mozambique","2006","0.83870","0.74396"
"MOZ","Mozambique","2007","0.68130","0.73892"
"MOZ","Mozambique","2008","0.61770","0.68824"
"MOZ","Mozambique","2009","1.00000","0.72654"
"MOZ","Mozambique","2010","1.20240","0.86802"
"MOZ","Mozambique","2011","1.20200","0.94068"
"MOZ","Mozambique","2012","1.49800","1.10402"
"MOZ","Mozambique","2013","0.68140","1.11676"
"MOZ","Mozambique","2014","0.79670","1.07610"
"MOZ","Mozambique","2015","0.80360","0.99634"
"MOZ","Mozambique","2016","0.73230","0.90240"
"MOZ","Mozambique","2017","0.74000","0.75080"
"MOZ","Mozambique","2018","0.87190","0.78890"
"MOZ","Mozambique","2019","0.88310","0.80618"
"MOZ","Mozambique","2020","0.71390","0.78824"
"MOZ","Mozambique","2021","1.10000","0.86178"
"MOZ","Mozambique","2022","1.31090","0.97596"
"MOZ","Mozambique","2023","0.79040","0.95966"
"MOZ","Mozambique","2024","0.81000","0.94504"
"MRT","Mauritania","1961","0.64000",""
"MRT","Mauritania","1962","0.68000",""
"MRT","Mauritania","1963","0.56920",""
"MRT","Mauritania","1964","0.61540",""
"MRT","Mauritania","1965","0.58460","0.61784"
"MRT","Mauritania","1966","0.61540","0.61292"
"MRT","Mauritania","1967","0.87690","0.65230"
"MRT","Mauritania","1968","0.59700","0.65786"
"MRT","Mauritania","1969","0.59700","0.65418"
"MRT","Mauritania","1970","0.57580","0.65242"
"MRT","Mauritania","1971","0.56720","0.64278"
"MRT","Mauritania","1972","0.53850","0.57510"
"MRT","Mauritania","1973","0.25000","0.50570"
"MRT","Mauritania","1974","0.33330","0.45296"
"MRT","Mauritania","1975","0.31250","0.40030"
"MRT","Mauritania","1976","0.52940","0.39274"
"MRT","Mauritania","1977","0.50000","0.38504"
"MRT","Mauritania","1978","0.54550","0.44414"
"MRT","Mauritania","1979","0.55560","0.48860"
"MRT","Mauritania","1980","0.64520","0.55514"
"MRT","Mauritania","1981","0.51950","0.55316"
"MRT","Mauritania","1982","0.57140","0.56744"
"MRT","Mauritania","1983","0.50000","0.55834"
"MRT","Mauritania","1984","0.50000","0.54722"
"MRT","Mauritania","1985","0.33330","0.48484"
"MRT","Mauritania","1986","0.75000","0.53094"
"MRT","Mauritania","1987","0.50000","0.51666"
"MRT","Mauritania","1988","0.66080","0.54882"
"MRT","Mauritania","1989","0.66500","0.58182"
"MRT","Mauritania","1990","0.67890","0.65094"
"MRT","Mauritania","1991","0.59660","0.62026"
"MRT","Mauritania","1992","0.76840","0.67394"
"MRT","Mauritania","1993","1.22910","0.78760"
"MRT","Mauritania","1994","0.49870","0.75434"
"MRT","Mauritania","1995","0.79960","0.77848"
"MRT","Mauritania","1996","0.58710","0.77658"
"MRT","Mauritania","1997","0.86270","0.79544"
"MRT","Mauritania","1998","0.83870","0.71736"
"MRT","Mauritania","1999","0.76180","0.76998"
"MRT","Mauritania","2000","0.90540","0.79114"
"MRT","Mauritania","2001","1.00160","0.87404"
"MRT","Mauritania","2002","0.56440","0.81438"
"MRT","Mauritania","2003","0.77550","0.80174"
"MRT","Mauritania","2004","1.15130","0.87964"
"MRT","Mauritania","2005","0.81560","0.86168"
"MRT","Mauritania","2006","0.49750","0.76086"
"MRT","Mauritania","2007","0.71160","0.79030"
"MRT","Mauritania","2008","0.70590","0.77638"
"MRT","Mauritania","2009","0.55420","0.65696"
"MRT","Mauritania","2010","0.85920","0.66568"
"MRT","Mauritania","2011","0.66110","0.69840"
"MRT","Mauritania","2012","0.69040","0.69416"
"MRT","Mauritania","2013","0.47310","0.64760"
"MRT","Mauritania","2014","0.68180","0.67312"
"MRT","Mauritania","2015","0.45510","0.59230"
"MRT","Mauritania","2016","0.45520","0.55112"
"MRT","Mauritania","2017","1.00000","0.61304"
"MRT","Mauritania","2018","0.70590","0.65960"
"MRT","Mauritania","2019","0.74920","0.67308"
"MRT","Mauritania","2020","0.62500","0.70706"
"MRT","Mauritania","2021","0.63160","0.74234"
"MRT","Mauritania","2022","0.66280","0.67490"
"MRT","Mauritania","2023","0.65380","0.66448"
"MRT","Mauritania","2024","0.64290","0.64322"
"MUS","Mauricio","1961","1.51260",""
"MUS","Mauricio","1962","1.78070",""
"MUS","Mauricio","1963","1.28950",""
"MUS","Mauricio","1964","1.00000",""
"MUS","Mauricio","1965","1.64440","1.44544"
"MUS","Mauricio","1966","2.52490","1.64790"
"MUS","Mauricio","1967","1.70520","1.63280"
"MUS","Mauricio","1968","2.16090","1.80708"
"MUS","Mauricio","1969","1.88570","1.98422"
"MUS","Mauricio","1970","2.08270","2.07188"
"MUS","Mauricio","1971","1.98430","1.96376"
"MUS","Mauricio","1972","1.88000","1.99872"
"MUS","Mauricio","1973","2.06540","1.97962"
"MUS","Mauricio","1974","2.46920","2.09632"
"MUS","Mauricio","1975","2.29620","2.13902"
"MUS","Mauricio","1976","2.50240","2.24264"
"MUS","Mauricio","1977","2.49620","2.36588"
"MUS","Mauricio","1978","2.28800","2.41040"
"MUS","Mauricio","1979","2.50210","2.41698"
"MUS","Mauricio","1980","2.24540","2.40682"
"MUS","Mauricio","1981","2.46240","2.39882"
"MUS","Mauricio","1982","2.53690","2.40696"
"MUS","Mauricio","1983","2.86570","2.52250"
"MUS","Mauricio","1984","4.36500","2.89508"
"MUS","Mauricio","1985","4.74760","3.39552"
"MUS","Mauricio","1986","4.38880","3.78080"
"MUS","Mauricio","1987","3.55240","3.98390"
"MUS","Mauricio","1988","3.84470","4.17970"
"MUS","Mauricio","1989","3.73630","4.05396"
"MUS","Mauricio","1990","4.17900","3.94024"
"MUS","Mauricio","1991","3.71930","3.80634"
"MUS","Mauricio","1992","4.43330","3.98252"
"MUS","Mauricio","1993","4.24300","4.06218"
"MUS","Mauricio","1994","3.72880","4.06068"
"MUS","Mauricio","1995","3.85330","3.99554"
"MUS","Mauricio","1996","4.86670","4.22502"
"MUS","Mauricio","1997","5.04350","4.34706"
"MUS","Mauricio","1998","5.18000","4.53446"
"MUS","Mauricio","1999","4.90240","4.76918"
"MUS","Mauricio","2000","8.90000","5.77852"
"MUS","Mauricio","2001","7.20370","6.24592"
"MUS","Mauricio","2002","7.76320","6.78986"
"MUS","Mauricio","2003","6.55560","7.06498"
"MUS","Mauricio","2004","6.47370","7.37924"
"MUS","Mauricio","2005","7.53970","7.10718"
"MUS","Mauricio","2006","7.79310","7.22506"
"MUS","Mauricio","2007","9.45370","7.56316"
"MUS","Mauricio","2008","7.54100","7.76024"
"MUS","Mauricio","2009","8.00000","8.06550"
"MUS","Mauricio","2010","6.83330","7.92422"
"MUS","Mauricio","2011","7.44190","7.85398"
"MUS","Mauricio","2012","7.12070","7.38738"
"MUS","Mauricio","2013","6.79570","7.23832"
"MUS","Mauricio","2014","9.05800","7.44992"
"MUS","Mauricio","2015","6.35210","7.35368"
"MUS","Mauricio","2016","6.80330","7.22596"
"MUS","Mauricio","2017","7.49150","7.30012"
"MUS","Mauricio","2018","6.04690","7.15036"
"MUS","Mauricio","2019","7.17390","6.77354"
"MUS","Mauricio","2020","8.94250","7.29162"
"MUS","Mauricio","2021","8.64060","7.65908"
"MUS","Mauricio","2022","9.30060","8.02090"
"MUS","Mauricio","2023","11.63050","9.13762"
"MUS","Mauricio","2024","11.89020","10.08088"
"MWI","Malawi","1961","1.01880",""
"MWI","Malawi","1962","1.06250",""
"MWI","Malawi","1963","0.89740",""
"MWI","Malawi","1964","1.12110",""
"MWI","Malawi","1965","0.87250","0.99446"
"MWI","Malawi","1966","0.93140","0.97698"
"MWI","Malawi","1967","1.46990","1.05846"
"MWI","Malawi","1968","1.01970","1.08292"
"MWI","Malawi","1969","0.99040","1.05678"
"MWI","Malawi","1970","0.90000","1.06228"
"MWI","Malawi","1971","1.18020","1.11204"
"MWI","Malawi","1972","1.19090","1.05624"
"MWI","Malawi","1973","1.11460","1.07522"
"MWI","Malawi","1974","1.15320","1.10778"
"MWI","Malawi","1975","1.00000","1.12778"
"MWI","Malawi","1976","1.09800","1.11134"
"MWI","Malawi","1977","1.32100","1.13736"
"MWI","Malawi","1978","1.23740","1.16192"
"MWI","Malawi","1979","1.19980","1.17124"
"MWI","Malawi","1980","1.22320","1.21588"
"MWI","Malawi","1981","1.13180","1.22264"
"MWI","Malawi","1982","1.17920","1.19428"
"MWI","Malawi","1983","1.17100","1.18100"
"MWI","Malawi","1984","1.19110","1.17926"
"MWI","Malawi","1985","1.18350","1.17132"
"MWI","Malawi","1986","1.08490","1.16194"
"MWI","Malawi","1987","1.01640","1.12938"
"MWI","Malawi","1988","1.17180","1.12954"
"MWI","Malawi","1989","1.18780","1.12888"
"MWI","Malawi","1990","0.99930","1.09204"
"MWI","Malawi","1991","1.14190","1.10344"
"MWI","Malawi","1992","0.48020","0.99620"
"MWI","Malawi","1993","1.53270","1.06838"
"MWI","Malawi","1994","0.92090","1.01500"
"MWI","Malawi","1995","1.35170","1.08548"
"MWI","Malawi","1996","1.44330","1.14576"
"MWI","Malawi","1997","1.09590","1.26890"
"MWI","Malawi","1998","1.37110","1.23658"
"MWI","Malawi","1999","1.81090","1.41458"
"MWI","Malawi","2000","1.74280","1.49280"
"MWI","Malawi","2001","1.18450","1.44104"
"MWI","Malawi","2002","1.04600","1.43106"
"MWI","Malawi","2003","1.22590","1.40202"
"MWI","Malawi","2004","1.04600","1.24904"
"MWI","Malawi","2005","0.80930","1.06234"
"MWI","Malawi","2006","1.48140","1.12172"
"MWI","Malawi","2007","2.65470","1.44346"
"MWI","Malawi","2008","1.64980","1.52824"
"MWI","Malawi","2009","2.22650","1.76434"
"MWI","Malawi","2010","2.01580","2.00564"
"MWI","Malawi","2011","2.20790","2.15094"
"MWI","Malawi","2012","2.19320","2.05864"
"MWI","Malawi","2013","2.17080","2.16284"
"MWI","Malawi","2014","2.33390","2.18432"
"MWI","Malawi","2015","1.65630","2.11242"
"MWI","Malawi","2016","1.41540","1.95392"
"MWI","Malawi","2017","2.00780","1.91684"
"MWI","Malawi","2018","1.60080","1.80284"
"MWI","Malawi","2019","1.95780","1.72762"
"MWI","Malawi","2020","2.09550","1.81546"
"MWI","Malawi","2021","2.46290","2.02496"
"MWI","Malawi","2022","2.04770","2.03294"
"MWI","Malawi","2023","1.96080","2.10494"
"MWI","Malawi","2024","2.00000","2.11338"
"MYS","Malasia","1961","1.20050",""
"MYS","Malasia","1962","1.23820",""
"MYS","Malasia","1963","1.62390",""
"MYS","Malasia","1964","1.34410",""
"MYS","Malasia","1965","1.19770","1.32088"
"MYS","Malasia","1966","1.26720","1.33422"
"MYS","Malasia","1967","1.92630","1.47184"
"MYS","Malasia","1968","1.62410","1.47188"
"MYS","Malasia","1969","1.82400","1.56786"
"MYS","Malasia","1970","2.12450","1.75322"
"MYS","Malasia","1971","1.89090","1.87796"
"MYS","Malasia","1972","2.17960","1.92862"
"MYS","Malasia","1973","2.40010","2.08382"
"MYS","Malasia","1974","2.47410","2.21384"
"MYS","Malasia","1975","1.28140","2.04522"
"MYS","Malasia","1976","1.57840","1.98272"
"MYS","Malasia","1977","1.69410","1.88562"
"MYS","Malasia","1978","1.10190","1.62598"
"MYS","Malasia","1979","1.14290","1.35974"
"MYS","Malasia","1980","1.14290","1.33204"
"MYS","Malasia","1981","1.14290","1.24494"
"MYS","Malasia","1982","1.12500","1.13112"
"MYS","Malasia","1983","1.42860","1.19646"
"MYS","Malasia","1984","1.57140","1.28216"
"MYS","Malasia","1985","1.66670","1.38692"
"MYS","Malasia","1986","1.73330","1.50500"
"MYS","Malasia","1987","1.76470","1.63294"
"MYS","Malasia","1988","1.77780","1.70278"
"MYS","Malasia","1989","1.78950","1.74640"
"MYS","Malasia","1990","1.75000","1.76306"
"MYS","Malasia","2021","3.23190","2.06278"
"MYS","Malasia","2022","3.32020","2.37388"
"MYS","Malasia","2023","2.43780","2.50588"
"MYS","Malasia","2024","4.17820","2.98362"
"NAM","Namibia","1961","1.17650",""
"NAM","Namibia","1962","1.16670",""
"NAM","Namibia","1963","1.16670",""
"NAM","Namibia","1964","1.16670",""
"NAM","Namibia","1965","1.22220","1.17976"
"NAM","Namibia","1966","1.22220","1.18890"
"NAM","Namibia","1967","1.22220","1.20000"
"NAM","Namibia","1968","1.21050","1.20876"
"NAM","Namibia","1969","1.21050","1.21752"
"NAM","Namibia","1970","1.21050","1.21518"
"NAM","Namibia","1971","1.21050","1.21284"
"NAM","Namibia","1972","1.20000","1.20840"
"NAM","Namibia","1973","1.25000","1.21630"
"NAM","Namibia","1974","1.23810","1.22182"
"NAM","Namibia","1975","1.22730","1.22518"
"NAM","Namibia","1976","1.22730","1.22854"
"NAM","Namibia","1977","1.20830","1.23020"
"NAM","Namibia","1978","1.25000","1.23020"
"NAM","Namibia","1979","1.30430","1.24344"
"NAM","Namibia","1980","1.23080","1.24414"
"NAM","Namibia","1981","1.23080","1.24484"
"NAM","Namibia","1982","1.23080","1.24934"
"NAM","Namibia","1983","1.21430","1.24220"
"NAM","Namibia","1984","1.25000","1.23134"
"NAM","Namibia","1985","0.72500","1.13018"
"NAM","Namibia","1986","1.27260","1.13854"
"NAM","Namibia","1987","0.67790","1.02796"
"NAM","Namibia","1988","1.04340","0.99378"
"NAM","Namibia","1989","1.26880","0.99754"
"NAM","Namibia","1990","1.48710","1.14996"
"NAM","Namibia","1991","1.19500","1.13444"
"NAM","Namibia","1992","0.59530","1.11792"
"NAM","Namibia","1993","0.77640","1.06452"
"NAM","Namibia","1994","1.15490","1.04174"
"NAM","Namibia","1995","0.87680","0.91968"
"NAM","Namibia","1996","0.68350","0.81738"
"NAM","Namibia","1997","1.57270","1.01286"
"NAM","Namibia","1998","0.66080","0.98974"
"NAM","Namibia","1999","0.52760","0.86428"
"NAM","Namibia","2000","0.71700","0.83232"
"NAM","Namibia","2001","1.32540","0.96070"
"NAM","Namibia","2002","1.32380","0.91092"
"NAM","Namibia","2003","1.23470","1.02570"
"NAM","Namibia","2004","1.13010","1.14620"
"NAM","Namibia","2005","2.26060","1.45492"
"NAM","Namibia","2006","2.10530","1.61090"
"NAM","Namibia","2007","2.02960","1.75206"
"NAM","Namibia","2008","2.09800","1.92472"
"NAM","Namibia","2009","2.11300","2.12130"
"NAM","Namibia","2010","1.97920","2.06502"
"NAM","Namibia","2011","1.91880","2.02772"
"NAM","Namibia","2012","1.88500","1.99880"
"NAM","Namibia","2013","1.84910","1.94902"
"NAM","Namibia","2014","1.60000","1.84642"
"NAM","Namibia","2015","1.85100","1.82078"
"NAM","Namibia","2016","1.95130","1.82728"
"NAM","Namibia","2017","2.35420","1.92112"
"NAM","Namibia","2018","2.35390","2.02208"
"NAM","Namibia","2019","2.16240","2.13456"
"NAM","Namibia","2020","2.16040","2.19644"
"NAM","Namibia","2021","2.22930","2.25204"
"NAM","Namibia","2022","1.93000","2.16720"
"NAM","Namibia","2023","1.18410","1.93324"
"NAM","Namibia","2024","0.93300","1.68736"
"NCL","Nueva Caledonia","1961","1.26320",""
"NCL","Nueva Caledonia","1962","1.41180",""
"NCL","Nueva Caledonia","1963","1.50000",""
"NCL","Nueva Caledonia","1964","2.00000",""
"NCL","Nueva Caledonia","1965","1.71430","1.57786"
"NCL","Nueva Caledonia","1966","2.00000","1.72522"
"NCL","Nueva Caledonia","1967","1.41670","1.72620"
"NCL","Nueva Caledonia","1968","1.63640","1.75348"
"NCL","Nueva Caledonia","1969","1.80000","1.71348"
"NCL","Nueva Caledonia","1970","2.44440","1.85950"
"NCL","Nueva Caledonia","1971","2.50000","1.95950"
"NCL","Nueva Caledonia","1972","2.50000","2.17616"
"NCL","Nueva Caledonia","1973","2.63160","2.37520"
"NCL","Nueva Caledonia","1974","2.79410","2.57402"
"NCL","Nueva Caledonia","1975","3.00000","2.68514"
"NCL","Nueva Caledonia","1976","2.40000","2.66514"
"NCL","Nueva Caledonia","1977","2.93100","2.75134"
"NCL","Nueva Caledonia","1978","2.65000","2.75502"
"NCL","Nueva Caledonia","1979","2.04600","2.60540"
"NCL","Nueva Caledonia","1980","2.92450","2.59030"
"NCL","Nueva Caledonia","1981","3.44800","2.79990"
"NCL","Nueva Caledonia","1982","3.18210","2.85012"
"NCL","Nueva Caledonia","1983","3.00890","2.92190"
"NCL","Nueva Caledonia","1984","1.23480","2.75966"
"NCL","Nueva Caledonia","1985","3.99510","2.97378"
"NCL","Nueva Caledonia","1986","2.36550","2.75728"
"NCL","Nueva Caledonia","1987","1.15670","2.35220"
"NCL","Nueva Caledonia","1988","2.15950","2.18232"
"NCL","Nueva Caledonia","1989","1.29760","2.19488"
"NCL","Nueva Caledonia","1990","2.40180","1.87622"
"NCL","Nueva Caledonia","1991","5.23290","2.44970"
"NCL","Nueva Caledonia","1992","4.97030","3.21242"
"NCL","Nueva Caledonia","1993","3.94670","3.56986"
"NCL","Nueva Caledonia","1994","1.94290","3.69892"
"NCL","Nueva Caledonia","1995","4.09000","4.03656"
"NCL","Nueva Caledonia","1996","3.98220","3.78642"
"NCL","Nueva Caledonia","1997","3.99050","3.59046"
"NCL","Nueva Caledonia","1998","4.02830","3.60678"
"NCL","Nueva Caledonia","1999","4.01700","4.02160"
"NCL","Nueva Caledonia","2000","3.99580","4.00276"
"NCL","Nueva Caledonia","2001","3.97670","4.00166"
"NCL","Nueva Caledonia","2002","3.92200","3.98796"
"NCL","Nueva Caledonia","2003","4.04330","3.99096"
"NCL","Nueva Caledonia","2004","4.05150","3.99786"
"NCL","Nueva Caledonia","2005","3.90880","3.98046"
"NCL","Nueva Caledonia","2006","3.95600","3.97632"
"NCL","Nueva Caledonia","2007","4.12930","4.01778"
"NCL","Nueva Caledonia","2008","3.82090","3.97330"
"NCL","Nueva Caledonia","2009","3.80570","3.92414"
"NCL","Nueva Caledonia","2010","3.92350","3.92708"
"NCL","Nueva Caledonia","2011","3.46270","3.82842"
"NCL","Nueva Caledonia","2012","4.64220","3.93100"
"NCL","Nueva Caledonia","2013","4.18800","4.00442"
"NCL","Nueva Caledonia","2014","5.65430","4.37414"
"NCL","Nueva Caledonia","2015","7.97400","5.18424"
"NCL","Nueva Caledonia","2016","8.40850","6.17340"
"NCL","Nueva Caledonia","2017","9.00980","7.04692"
"NCL","Nueva Caledonia","2018","9.18350","8.04602"
"NCL","Nueva Caledonia","2019","9.16960","8.74908"
"NCL","Nueva Caledonia","2020","9.42090","9.03846"
"NCL","Nueva Caledonia","2021","10.59320","9.47540"
"NCL","Nueva Caledonia","2022","11.27920","9.92928"
"NCL","Nueva Caledonia","2023","11.86400","10.46538"
"NCL","Nueva Caledonia","2024","12.44880","11.12122"
"NER","Níger","1961","0.74960",""
"NER","Níger","1962","0.73320",""
"NER","Níger","1963","0.67950",""
"NER","Níger","1964","0.78630",""
"NER","Níger","1965","0.61130","0.71198"
"NER","Níger","1966","0.63400","0.68886"
"NER","Níger","1967","0.57560","0.65734"
"NER","Níger","1968","0.49630","0.62070"
"NER","Níger","1969","0.54230","0.57190"
"NER","Níger","1970","0.58430","0.56650"
"NER","Níger","1971","0.67130","0.57396"
"NER","Níger","1972","0.63190","0.58522"
"NER","Níger","1973","0.49470","0.58490"
"NER","Níger","1974","0.61260","0.59896"
"NER","Níger","1975","0.46250","0.57460"
"NER","Níger","1976","0.75320","0.59098"
"NER","Níger","1977","0.72730","0.61006"
"NER","Níger","1978","0.79820","0.67076"
"NER","Níger","1979","0.77940","0.70412"
"NER","Níger","1980","0.65790","0.74320"
"NER","Níger","1981","0.68750","0.73006"
"NER","Níger","1982","0.68090","0.72078"
"NER","Níger","1983","0.62040","0.68522"
"NER","Níger","1984","0.35240","0.59982"
"NER","Níger","1985","0.33870","0.53598"
"NER","Níger","1986","0.65650","0.52978"
"NER","Níger","1987","0.55480","0.50456"
"NER","Níger","1988","0.51200","0.48288"
"NER","Níger","1989","0.70800","0.55400"
"NER","Níger","1990","0.31390","0.54904"
"NER","Níger","1991","0.66290","0.55032"
"NER","Níger","1992","0.70180","0.57972"
"NER","Níger","1993","0.80000","0.63732"
"NER","Níger","1994","0.83090","0.66190"
"NER","Níger","1995","1.26420","0.85196"
"NER","Níger","1996","0.72500","0.86438"
"NER","Níger","1997","0.82470","0.88896"
"NER","Níger","1998","1.51730","1.03242"
"NER","Níger","1999","0.32420","0.93108"
"NER","Níger","2000","0.61540","0.80132"
"NER","Níger","2001","0.26120","0.70856"
"NER","Níger","2002","0.58530","0.66068"
"NER","Níger","2003","0.50850","0.45892"
"NER","Níger","2004","0.75090","0.54426"
"NER","Níger","2005","0.82550","0.58628"
"NER","Níger","2006","1.12270","0.75858"
"NER","Níger","2007","1.08740","0.85900"
"NER","Níger","2008","0.95890","0.94908"
"NER","Níger","2009","0.90140","0.97918"
"NER","Níger","2010","0.78690","0.97146"
"NER","Níger","2011","0.84050","0.91502"
"NER","Níger","2012","1.04370","0.90628"
"NER","Níger","2013","1.23260","0.96102"
"NER","Níger","2014","1.76020","1.13278"
"NER","Níger","2015","1.22290","1.21998"
"NER","Níger","2016","1.21770","1.29542"
"NER","Níger","2017","1.42570","1.37182"
"NER","Níger","2018","1.46320","1.41794"
"NER","Níger","2019","1.55990","1.37788"
"NER","Níger","2020","0.75690","1.28468"
"NER","Níger","2021","0.54280","1.14970"
"NER","Níger","2022","1.48420","1.16140"
"NER","Níger","2023","1.41470","1.15170"
"NER","Níger","2024","1.21510","1.08274"
"NGA","Nigeria","1961","0.80510",""
"NGA","Nigeria","1962","0.88480",""
"NGA","Nigeria","1963","1.02370",""
"NGA","Nigeria","1964","0.76000",""
"NGA","Nigeria","1965","0.82620","0.85996"
"NGA","Nigeria","1966","0.85150","0.86924"
"NGA","Nigeria","1967","0.81690","0.85566"
"NGA","Nigeria","1968","1.02830","0.85658"
"NGA","Nigeria","1969","0.91540","0.88766"
"NGA","Nigeria","1970","0.99590","0.92160"
"NGA","Nigeria","1971","1.04600","0.96050"
"NGA","Nigeria","1972","0.57310","0.91174"
"NGA","Nigeria","1973","0.64850","0.83578"
"NGA","Nigeria","1974","0.91190","0.83508"
"NGA","Nigeria","1975","1.37180","0.91026"
"NGA","Nigeria","1976","1.19730","0.94052"
"NGA","Nigeria","1977","1.06560","1.03902"
"NGA","Nigeria","1978","1.26780","1.16288"
"NGA","Nigeria","1979","1.14820","1.21014"
"NGA","Nigeria","1980","1.31610","1.19900"
"NGA","Nigeria","1981","1.64380","1.28830"
"NGA","Nigeria","1982","1.37770","1.35072"
"NGA","Nigeria","1983","0.97070","1.29130"
"NGA","Nigeria","1984","1.13900","1.28946"
"NGA","Nigeria","1985","1.17350","1.26094"
"NGA","Nigeria","1986","1.26790","1.18576"
"NGA","Nigeria","1987","1.35330","1.18088"
"NGA","Nigeria","1988","1.64010","1.31476"
"NGA","Nigeria","1989","1.39500","1.36596"
"NGA","Nigeria","1990","1.13010","1.35728"
"NGA","Nigeria","1991","1.12990","1.32968"
"NGA","Nigeria","1992","1.11810","1.28264"
"NGA","Nigeria","1993","1.18480","1.19158"
"NGA","Nigeria","1994","1.27200","1.16698"
"NGA","Nigeria","1995","1.26660","1.19428"
"NGA","Nigeria","1996","1.32610","1.23352"
"NGA","Nigeria","1997","1.25100","1.26010"
"NGA","Nigeria","1998","1.32000","1.28714"
"NGA","Nigeria","1999","1.59980","1.35270"
"NGA","Nigeria","2000","1.30010","1.35940"
"NGA","Nigeria","2001","1.39990","1.37416"
"NGA","Nigeria","2002","1.48990","1.42194"
"NGA","Nigeria","2003","1.49990","1.45792"
"NGA","Nigeria","2004","1.60020","1.45800"
"NGA","Nigeria","2005","1.65980","1.52994"
"NGA","Nigeria","2006","1.81820","1.61360"
"NGA","Nigeria","2007","1.70490","1.65660"
"NGA","Nigeria","2008","1.95710","1.74804"
"NGA","Nigeria","2009","2.19610","1.86722"
"NGA","Nigeria","2010","1.85020","1.90530"
"NGA","Nigeria","2011","1.62710","1.86708"
"NGA","Nigeria","2012","1.51180","1.82846"
"NGA","Nigeria","2013","1.46160","1.72936"
"NGA","Nigeria","2014","1.70020","1.63018"
"NGA","Nigeria","2015","1.71880","1.60390"
"NGA","Nigeria","2016","1.78370","1.63522"
"NGA","Nigeria","2017","1.66410","1.66568"
"NGA","Nigeria","2018","1.67160","1.70768"
"NGA","Nigeria","2019","1.85720","1.73908"
"NGA","Nigeria","2020","2.05060","1.80544"
"NGA","Nigeria","2021","2.05380","1.85946"
"NGA","Nigeria","2022","2.23260","1.97316"
"NGA","Nigeria","2023","1.93910","2.02666"
"NGA","Nigeria","2024","2.02980","2.06118"
"NIC","Nicaragua","1961","0.84820",""
"NIC","Nicaragua","1962","0.86600",""
"NIC","Nicaragua","1963","0.88710",""
"NIC","Nicaragua","1964","0.90600",""
"NIC","Nicaragua","1965","0.87670","0.87680"
"NIC","Nicaragua","1966","0.89110","0.88538"
"NIC","Nicaragua","1967","0.88880","0.88994"
"NIC","Nicaragua","1968","0.89360","0.89124"
"NIC","Nicaragua","1969","0.91080","0.89220"
"NIC","Nicaragua","1970","0.91340","0.89954"
"NIC","Nicaragua","1971","0.91310","0.90394"
"NIC","Nicaragua","1972","0.61960","0.85010"
"NIC","Nicaragua","1973","0.93100","0.85758"
"NIC","Nicaragua","1974","0.77560","0.83054"
"NIC","Nicaragua","1975","0.92000","0.83186"
"NIC","Nicaragua","1976","0.88710","0.82666"
"NIC","Nicaragua","1977","0.85440","0.87362"
"NIC","Nicaragua","1978","1.11710","0.91084"
"NIC","Nicaragua","1979","1.02790","0.96130"
"NIC","Nicaragua","1980","1.12310","1.00192"
"NIC","Nicaragua","1981","0.93850","1.01220"
"NIC","Nicaragua","1982","0.92560","1.02644"
"NIC","Nicaragua","1983","0.99510","1.00204"
"NIC","Nicaragua","1984","1.09980","1.01642"
"NIC","Nicaragua","1985","1.09780","1.01136"
"NIC","Nicaragua","1986","1.45960","1.11558"
"NIC","Nicaragua","1987","1.37130","1.20472"
"NIC","Nicaragua","1988","1.55000","1.31570"
"NIC","Nicaragua","1989","1.35680","1.36710"
"NIC","Nicaragua","1990","1.28250","1.40404"
"NIC","Nicaragua","1991","1.02280","1.31668"
"NIC","Nicaragua","1992","1.31290","1.30500"
"NIC","Nicaragua","1993","1.30370","1.25574"
"NIC","Nicaragua","1994","1.23670","1.23172"
"NIC","Nicaragua","1995","1.18680","1.21258"
"NIC","Nicaragua","1996","1.16200","1.24042"
"NIC","Nicaragua","1997","1.13740","1.20532"
"NIC","Nicaragua","1998","1.19410","1.18340"
"NIC","Nicaragua","1999","1.15420","1.16690"
"NIC","Nicaragua","2000","1.26770","1.18308"
"NIC","Nicaragua","2001","1.32410","1.21550"
"NIC","Nicaragua","2002","1.33690","1.25540"
"NIC","Nicaragua","2003","1.49590","1.31576"
"NIC","Nicaragua","2004","1.37300","1.35952"
"NIC","Nicaragua","2005","1.40210","1.38640"
"NIC","Nicaragua","2006","1.46260","1.41410"
"NIC","Nicaragua","2007","1.37760","1.42224"
"NIC","Nicaragua","2008","1.33110","1.38928"
"NIC","Nicaragua","2009","1.56050","1.42678"
"NIC","Nicaragua","2010","1.33930","1.41422"
"NIC","Nicaragua","2011","1.41010","1.40372"
"NIC","Nicaragua","2012","1.34930","1.39806"
"NIC","Nicaragua","2013","1.18090","1.36802"
"NIC","Nicaragua","2014","1.15220","1.28636"
"NIC","Nicaragua","2015","1.07990","1.23448"
"NIC","Nicaragua","2016","1.16650","1.18576"
"NIC","Nicaragua","2017","1.27950","1.17180"
"NIC","Nicaragua","2018","1.39100","1.21382"
"NIC","Nicaragua","2019","1.31790","1.24696"
"NIC","Nicaragua","2020","1.24080","1.27914"
"NIC","Nicaragua","2021","1.37030","1.31990"
"NIC","Nicaragua","2022","1.31850","1.32770"
"NIC","Nicaragua","2023","1.42430","1.33436"
"NLD","Países Bajos","1961","3.89840",""
"NLD","Países Bajos","1962","3.80520",""
"NLD","Países Bajos","1963","4.26190",""
"NLD","Países Bajos","1964","4.00000",""
"NLD","Países Bajos","1965","4.16670","4.02644"
"NLD","Países Bajos","1966","4.00000","4.04676"
"NLD","Países Bajos","1967","3.79150","4.04402"
"NLD","Países Bajos","1968","3.70370","3.93238"
"NLD","Países Bajos","1969","4.00000","3.93238"
"NLD","Países Bajos","1970","4.10680","3.92040"
"NLD","Países Bajos","1971","4.88020","4.09644"
"NLD","Países Bajos","1972","3.33330","4.00480"
"NLD","Países Bajos","1973","3.66670","3.99740"
"NLD","Países Bajos","1974","5.00000","4.19740"
"NLD","Países Bajos","1975","5.38460","4.45296"
"NLD","Países Bajos","1976","5.55560","4.58804"
"NLD","Países Bajos","1977","7.37460","5.39630"
"NLD","Países Bajos","1978","7.14290","6.09154"
"NLD","Países Bajos","1979","3.33330","5.75820"
"NLD","Países Bajos","1980","3.92160","5.46560"
"NLD","Países Bajos","1981","3.14810","4.98410"
"NLD","Países Bajos","1982","5.15460","4.54010"
"NLD","Países Bajos","1983","6.30910","4.37334"
"NLD","Países Bajos","1984","2.55750","4.21818"
"NLD","Países Bajos","1985","11.44160","5.72218"
"NLD","Países Bajos","1986","9.47870","6.98830"
"NLD","Países Bajos","1987","8.57140","7.67166"
"NLD","Países Bajos","1988","8.88890","8.18762"
"NLD","Países Bajos","1989","10.00000","9.67612"
"NLD","Países Bajos","1990","9.09090","9.20598"
"NLD","Países Bajos","1991","8.03570","8.91738"
"NLD","Países Bajos","1992","8.02560","8.80822"
"NLD","Países Bajos","1993","9.09620","8.84968"
"NLD","Países Bajos","1994","7.48650","8.34698"
"NLD","Países Bajos","1995","7.04440","7.93768"
"NLD","Países Bajos","1996","8.00000","7.93054"
"NLD","Países Bajos","1997","5.03940","7.33330"
"NLD","Países Bajos","1998","11.00000","7.71406"
"NLD","Países Bajos","1999","7.01880","7.62052"
"NLD","Países Bajos","2000","11.00000","8.41164"
"NLD","Países Bajos","2001","8.89710","8.59106"
"NLD","Países Bajos","2002","9.70460","9.52410"
"NLD","Países Bajos","2003","8.39210","9.00252"
"NLD","Países Bajos","2004","8.48210","9.29518"
"NLD","Países Bajos","2005","8.82010","8.85920"
"NLD","Países Bajos","2006","9.15290","8.91036"
"NLD","Países Bajos","2007","11.94820","9.35908"
"NLD","Países Bajos","2008","11.41630","9.96392"
"NLD","Países Bajos","2009","12.99540","10.86658"
"NLD","Países Bajos","2010","11.76730","11.45602"
"NLD","Países Bajos","2011","12.33550","12.09254"
"NLD","Países Bajos","2012","12.34200","12.17130"
"NLD","Países Bajos","2013","11.94460","12.27696"
"NLD","Países Bajos","2014","13.74190","12.42626"
"NLD","Países Bajos","2015","10.82530","12.23786"
"NLD","Países Bajos","2016","10.04760","11.78028"
"NLD","Países Bajos","2017","13.45990","12.00386"
"NLD","Países Bajos","2018","6.48840","10.91262"
"NLD","Países Bajos","2019","7.80120","9.72448"
"NLD","Países Bajos","2020","8.53710","9.26684"
"NLD","Países Bajos","2021","9.96630","9.25058"
"NLD","Países Bajos","2022","8.80100","8.31880"
"NLD","Países Bajos","2023","10.26550","9.07422"
"NLD","Países Bajos","2024","8.45110","9.20420"
"NPL","Nepal","1961","1.95140",""
"NPL","Nepal","1962","1.95520",""
"NPL","Nepal","1963","1.95620",""
"NPL","Nepal","1964","1.95420",""
"NPL","Nepal","1965","1.89800","1.94300"
"NPL","Nepal","1966","1.83120","1.91896"
"NPL","Nepal","1967","1.80970","1.88986"
"NPL","Nepal","1968","1.81420","1.86146"
"NPL","Nepal","1969","1.83620","1.83786"
"NPL","Nepal","1970","1.86950","1.83216"
"NPL","Nepal","1971","1.72980","1.81188"
"NPL","Nepal","1972","1.84500","1.81894"
"NPL","Nepal","1973","1.79480","1.81506"
"NPL","Nepal","1974","1.80480","1.80878"
"NPL","Nepal","1975","1.65250","1.76538"
"NPL","Nepal","1976","1.79040","1.77750"
"NPL","Nepal","1977","1.66410","1.74132"
"NPL","Nepal","1978","1.63520","1.70940"
"NPL","Nepal","1979","1.33210","1.61486"
"NPL","Nepal","1980","1.62410","1.60918"
"NPL","Nepal","1981","1.58050","1.56720"
"NPL","Nepal","1982","1.40620","1.51562"
"NPL","Nepal","1983","1.51080","1.49074"
"NPL","Nepal","1984","1.41670","1.50766"
"NPL","Nepal","1985","1.42150","1.46714"
"NPL","Nepal","1986","1.38560","1.42816"
"NPL","Nepal","1987","1.33790","1.41450"
"NPL","Nepal","1988","1.48450","1.40924"
"NPL","Nepal","1989","1.59880","1.44566"
"NPL","Nepal","1990","1.62460","1.48628"
"NPL","Nepal","1991","1.59760","1.52868"
"NPL","Nepal","1992","1.66470","1.59404"
"NPL","Nepal","1993","1.59840","1.61682"
"NPL","Nepal","1994","1.65020","1.62710"
"NPL","Nepal","1995","1.64470","1.63112"
"NPL","Nepal","1996","1.67700","1.64700"
"NPL","Nepal","1997","1.65850","1.64576"
"NPL","Nepal","1998","1.71120","1.66832"
"NPL","Nepal","1999","1.67760","1.67380"
"NPL","Nepal","2000","1.72750","1.69036"
"NPL","Nepal","2001","1.80000","1.71496"
"NPL","Nepal","2002","1.82910","1.74908"
"NPL","Nepal","2003","1.87650","1.78214"
"NPL","Nepal","2004","1.90590","1.82780"
"NPL","Nepal","2005","2.01910","1.88612"
"NPL","Nepal","2006","2.03820","1.93376"
"NPL","Nepal","2007","2.09090","1.98612"
"NPL","Nepal","2008","2.15900","2.04262"
"NPL","Nepal","2009","2.20540","2.10252"
"NPL","Nepal","2010","2.11860","2.12242"
"NPL","Nepal","2011","2.28140","2.17106"
"NPL","Nepal","2012","2.50110","2.25310"
"NPL","Nepal","2013","2.35280","2.29186"
"NPL","Nepal","2014","2.45840","2.34246"
"NPL","Nepal","2015","2.43120","2.40498"
"NPL","Nepal","2016","2.50290","2.44928"
"NPL","Nepal","2017","2.55490","2.46004"
"NPL","Nepal","2018","2.72160","2.53380"
"NPL","Nepal","2019","2.81990","2.60610"
"NPL","Nepal","2020","2.96110","2.71208"
"NPL","Nepal","2021","3.05960","2.82342"
"NPL","Nepal","2022","3.15190","2.94282"
"NPL","Nepal","2023","3.16560","3.03162"
"NPL","Nepal","2024","3.48660","3.16496"
"NZL","Nueva Zelanda","1961","3.86520",""
"NZL","Nueva Zelanda","1962","4.68620",""
"NZL","Nueva Zelanda","1963","4.84040",""
"NZL","Nueva Zelanda","1964","4.83940",""
"NZL","Nueva Zelanda","1965","5.99900","4.84604"
"NZL","Nueva Zelanda","1966","5.92830","5.25866"
"NZL","Nueva Zelanda","1967","6.04120","5.52966"
"NZL","Nueva Zelanda","1968","6.11140","5.78386"
"NZL","Nueva Zelanda","1969","7.16700","6.24938"
"NZL","Nueva Zelanda","1970","7.24740","6.49906"
"NZL","Nueva Zelanda","1971","8.44420","7.00224"
"NZL","Nueva Zelanda","1972","7.84990","7.36398"
"NZL","Nueva Zelanda","1973","9.13880","7.96946"
"NZL","Nueva Zelanda","1974","7.05530","7.94712"
"NZL","Nueva Zelanda","1975","7.66610","8.03086"
"NZL","Nueva Zelanda","1976","7.08730","7.75948"
"NZL","Nueva Zelanda","1977","7.36610","7.66272"
"NZL","Nueva Zelanda","1978","7.04880","7.24472"
"NZL","Nueva Zelanda","1979","8.03150","7.43996"
"NZL","Nueva Zelanda","1980","8.07580","7.52190"
"NZL","Nueva Zelanda","1981","8.82950","7.87034"
"NZL","Nueva Zelanda","1982","9.07050","8.21122"
"NZL","Nueva Zelanda","1983","8.29850","8.46116"
"NZL","Nueva Zelanda","1984","8.78040","8.61094"
"NZL","Nueva Zelanda","1985","9.79660","8.95510"
"NZL","Nueva Zelanda","1986","9.62220","9.11364"
"NZL","Nueva Zelanda","1987","9.28630","9.15680"
"NZL","Nueva Zelanda","1988","8.55040","9.20718"
"NZL","Nueva Zelanda","1989","9.33400","9.31790"
"NZL","Nueva Zelanda","1990","9.20770","9.20012"
"NZL","Nueva Zelanda","1991","9.62870","9.20142"
"NZL","Nueva Zelanda","1992","9.11960","9.16808"
"NZL","Nueva Zelanda","1993","8.35600","9.12920"
"NZL","Nueva Zelanda","1994","9.73600","9.20960"
"NZL","Nueva Zelanda","1995","9.74230","9.31652"
"NZL","Nueva Zelanda","1996","11.29960","9.65070"
"NZL","Nueva Zelanda","1997","9.94870","9.81652"
"NZL","Nueva Zelanda","1998","10.05710","10.15674"
"NZL","Nueva Zelanda","1999","10.13060","10.23566"
"NZL","Nueva Zelanda","2000","10.22600","10.33240"
"NZL","Nueva Zelanda","2001","10.40000","10.15248"
"NZL","Nueva Zelanda","2002","7.65440","9.69362"
"NZL","Nueva Zelanda","2003","10.88300","9.85880"
"NZL","Nueva Zelanda","2004","11.54960","10.14260"
"NZL","Nueva Zelanda","2005","10.93080","10.28356"
"NZL","Nueva Zelanda","2006","10.95440","10.39444"
"NZL","Nueva Zelanda","2007","10.90000","11.04356"
"NZL","Nueva Zelanda","2008","11.23260","11.11348"
"NZL","Nueva Zelanda","2009","11.03270","11.01010"
"NZL","Nueva Zelanda","2010","10.75970","10.97588"
"NZL","Nueva Zelanda","2011","11.38420","11.06184"
"NZL","Nueva Zelanda","2012","10.86470","11.05478"
"NZL","Nueva Zelanda","2013","10.82090","10.97244"
"NZL","Nueva Zelanda","2014","10.98900","10.96370"
"NZL","Nueva Zelanda","2015","11.44090","11.09994"
"NZL","Nueva Zelanda","2016","11.68930","11.16096"
"NZL","Nueva Zelanda","2017","10.05700","10.99942"
"NZL","Nueva Zelanda","2018","11.06790","11.04882"
"NZL","Nueva Zelanda","2019","11.73380","11.19778"
"NZL","Nueva Zelanda","2020","12.21240","11.35208"
"NZL","Nueva Zelanda","2021","11.40000","11.29422"
"NZL","Nueva Zelanda","2022","11.53130","11.58908"
"NZL","Nueva Zelanda","2023","10.18540","11.41258"
"NZL","Nueva Zelanda","2024","11.30060","11.32594"
"OMN","Omán","1991","7.21660",""
"OMN","Omán","1992","7.24690",""
"OMN","Omán","1993","7.27730",""
"OMN","Omán","1994","7.30770",""
"OMN","Omán","1995","7.33810","7.27732"
"OMN","Omán","1996","7.36850","7.30770"
"OMN","Omán","1997","7.39890","7.33810"
"OMN","Omán","1998","7.42930","7.36850"
"OMN","Omán","1999","7.45970","7.39890"
"OMN","Omán","2000","7.49010","7.42930"
"OMN","Omán","2001","7.52040","7.45968"
"OMN","Omán","2002","7.55080","7.49006"
"OMN","Omán","2003","7.58120","7.52044"
"OMN","Omán","2004","7.61050","7.55060"
"OMN","Omán","2005","7.63850","7.58028"
"OMN","Omán","2006","7.66660","7.60952"
"OMN","Omán","2007","7.69470","7.63830"
"OMN","Omán","2008","7.72280","7.66662"
"OMN","Omán","2009","7.75090","7.69470"
"OMN","Omán","2010","8.42280","7.85156"
"OMN","Omán","2011","7.83580","7.88540"
"OMN","Omán","2012","7.89320","7.92510"
"OMN","Omán","2013","7.19030","7.81860"
"OMN","Omán","2014","6.77720","7.62386"
"OMN","Omán","2015","11.95900","8.33110"
"OMN","Omán","2016","6.80830","8.12560"
"OMN","Omán","2017","6.92950","7.93286"
"OMN","Omán","2018","8.60330","8.21546"
"OMN","Omán","2019","8.59800","8.57962"
"OMN","Omán","2020","8.59740","7.90730"
"OMN","Omán","2021","30.69100","12.68384"
"OMN","Omán","2022","39.40570","19.17908"
"OMN","Omán","2023","5.05200","18.46882"
"OMN","Omán","2024","5.05480","17.76018"
"PAK","Pakistán","1961","1.03090",""
"PAK","Pakistán","1962","1.05250",""
"PAK","Pakistán","1963","1.05220",""
"PAK","Pakistán","1964","1.08610",""
"PAK","Pakistán","1965","0.99560","1.04346"
"PAK","Pakistán","1966","1.06080","1.04944"
"PAK","Pakistán","1967","1.30210","1.09936"
"PAK","Pakistán","1968","1.01550","1.09202"
"PAK","Pakistán","1969","1.03090","1.08098"
"PAK","Pakistán","1970","1.12080","1.10602"
"PAK","Pakistán","1971","1.11390","1.11664"
"PAK","Pakistán","1972","1.09450","1.07512"
"PAK","Pakistán","1973","1.21350","1.11472"
"PAK","Pakistán","1974","1.21710","1.15196"
"PAK","Pakistán","1975","1.29440","1.18668"
"PAK","Pakistán","1976","1.22420","1.20874"
"PAK","Pakistán","1977","1.25120","1.24008"
"PAK","Pakistán","1978","1.22820","1.24302"
"PAK","Pakistán","1979","1.24830","1.24926"
"PAK","Pakistán","1980","1.26190","1.24276"
"PAK","Pakistán","1981","1.25880","1.24968"
"PAK","Pakistán","1982","1.27300","1.25404"
"PAK","Pakistán","1983","1.27010","1.26242"
"PAK","Pakistán","1984","1.27050","1.26686"
"PAK","Pakistán","1985","1.25560","1.26560"
"PAK","Pakistán","1986","1.36140","1.28612"
"PAK","Pakistán","1987","1.31970","1.29546"
"PAK","Pakistán","1988","1.39070","1.31958"
"PAK","Pakistán","1989","1.36670","1.33882"
"PAK","Pakistán","1990","1.40140","1.36798"
"PAK","Pakistán","1991","1.42350","1.38040"
"PAK","Pakistán","1992","1.39660","1.39578"
"PAK","Pakistán","1993","1.39830","1.39730"
"PAK","Pakistán","1994","1.50040","1.42404"
"PAK","Pakistán","1995","1.69080","1.48192"
"PAK","Pakistán","1996","1.58840","1.51490"
"PAK","Pakistán","1997","1.63520","1.56262"
"PAK","Pakistán","1998","1.78530","1.64002"
"PAK","Pakistán","1999","1.71690","1.68332"
"PAK","Pakistán","2000","1.70860","1.68688"
"PAK","Pakistán","2001","1.76310","1.72182"
"PAK","Pakistán","2002","1.84480","1.76374"
"PAK","Pakistán","2003","2.00340","1.80736"
"PAK","Pakistán","2004","2.84880","2.03374"
"PAK","Pakistán","2005","2.98430","2.28888"
"PAK","Pakistán","2006","3.03680","2.54362"
"PAK","Pakistán","2007","3.42650","2.85996"
"PAK","Pakistán","2008","3.41540","3.14236"
"PAK","Pakistán","2009","3.48790","3.27018"
"PAK","Pakistán","2010","3.80520","3.43436"
"PAK","Pakistán","2011","3.98970","3.62494"
"PAK","Pakistán","2012","3.98300","3.73624"
"PAK","Pakistán","2013","4.23130","3.89942"
"PAK","Pakistán","2014","4.32110","4.06606"
"PAK","Pakistán","2015","4.42480","4.18998"
"PAK","Pakistán","2016","4.54910","4.30186"
"PAK","Pakistán","2017","4.71820","4.44890"
"PAK","Pakistán","2018","4.96850","4.59634"
"PAK","Pakistán","2019","5.61400","4.85492"
"PAK","Pakistán","2020","6.30540","5.23104"
"PAK","Pakistán","2021","5.76370","5.47396"
"PAK","Pakistán","2022","6.38860","5.80804"
"PAK","Pakistán","2023","5.93350","6.00104"
"PAK","Pakistán","2024","6.13330","6.10490"
"PAN","Panamá","1961","0.80590",""
"PAN","Panamá","1962","0.86510",""
"PAN","Panamá","1963","0.80610",""
"PAN","Panamá","1964","0.82900",""
"PAN","Panamá","1965","0.80050","0.82132"
"PAN","Panamá","1966","0.77830","0.81580"
"PAN","Panamá","1967","0.78800","0.80038"
"PAN","Panamá","1968","0.83490","0.80614"
"PAN","Panamá","1969","0.85370","0.81108"
"PAN","Panamá","1970","0.86870","0.82472"
"PAN","Panamá","1971","0.85700","0.84046"
"PAN","Panamá","1972","0.67500","0.81786"
"PAN","Panamá","1973","0.81060","0.81300"
"PAN","Panamá","1974","0.78630","0.79952"
"PAN","Panamá","1975","0.87740","0.80126"
"PAN","Panamá","1976","0.76930","0.78372"
"PAN","Panamá","1977","0.96280","0.84128"
"PAN","Panamá","1978","0.94010","0.86718"
"PAN","Panamá","1979","0.92300","0.89452"
"PAN","Panamá","1980","0.96310","0.91166"
"PAN","Panamá","1981","0.97860","0.95352"
"PAN","Panamá","1982","0.85610","0.93218"
"PAN","Panamá","1983","0.91190","0.92654"
"PAN","Panamá","1984","1.00740","0.94342"
"PAN","Panamá","1985","1.14600","0.98000"
"PAN","Panamá","1986","1.10220","1.00472"
"PAN","Panamá","1987","1.25490","1.08448"
"PAN","Panamá","1988","1.19500","1.14110"
"PAN","Panamá","1989","1.25900","1.19142"
"PAN","Panamá","1990","1.28040","1.21830"
"PAN","Panamá","1991","1.36520","1.27090"
"PAN","Panamá","1992","1.26110","1.27214"
"PAN","Panamá","1993","1.40210","1.31356"
"PAN","Panamá","1994","1.43800","1.34936"
"PAN","Panamá","1995","1.47700","1.38868"
"PAN","Panamá","1996","1.46270","1.40818"
"PAN","Panamá","1997","1.25410","1.40678"
"PAN","Panamá","1998","1.61810","1.44998"
"PAN","Panamá","1999","1.55520","1.47342"
"PAN","Panamá","2000","1.51350","1.48072"
"PAN","Panamá","2001","1.35710","1.45960"
"PAN","Panamá","2002","1.50750","1.51028"
"PAN","Panamá","2003","1.53520","1.49370"
"PAN","Panamá","2004","1.51990","1.48664"
"PAN","Panamá","2005","1.49120","1.48218"
"PAN","Panamá","2006","1.75640","1.56204"
"PAN","Panamá","2007","1.74120","1.60878"
"PAN","Panamá","2008","1.69180","1.64010"
"PAN","Panamá","2009","1.77940","1.69200"
"PAN","Panamá","2010","1.40020","1.67380"
"PAN","Panamá","2011","1.86400","1.69532"
"PAN","Panamá","2012","2.01730","1.75054"
"PAN","Panamá","2013","2.36240","1.88466"
"PAN","Panamá","2014","2.55960","2.04070"
"PAN","Panamá","2015","1.55640","2.07194"
"PAN","Panamá","2016","2.16790","2.13272"
"PAN","Panamá","2017","2.18210","2.16568"
"PAN","Panamá","2018","2.38430","2.17006"
"PAN","Panamá","2019","2.31500","2.12114"
"PAN","Panamá","2020","2.38900","2.28766"
"PAN","Panamá","2021","2.36060","2.32620"
"PAN","Panamá","2022","4.16570","2.72292"
"PAN","Panamá","2023","4.40320","3.12670"
"PAN","Panamá","2024","4.00740","3.46518"
"PER","Perú","1961","1.34190",""
"PER","Perú","1962","1.30270",""
"PER","Perú","1963","1.32810",""
"PER","Perú","1964","1.44860",""
"PER","Perú","1965","1.62750","1.40976"
"PER","Perú","1966","1.63700","1.46878"
"PER","Perú","1967","1.62960","1.53416"
"PER","Perú","1968","1.69000","1.60654"
"PER","Perú","1969","1.60070","1.63696"
"PER","Perú","1970","1.60850","1.63316"
"PER","Perú","1971","1.64870","1.63550"
"PER","Perú","1972","1.64080","1.63774"
"PER","Perú","1973","1.63480","1.62670"
"PER","Perú","1974","1.66350","1.63926"
"PER","Perú","1975","1.75060","1.66768"
"PER","Perú","1976","1.88270","1.71448"
"PER","Perú","1977","1.87720","1.76176"
"PER","Perú","1978","1.68140","1.77108"
"PER","Perú","1979","1.67490","1.77336"
"PER","Perú","1980","1.58230","1.73970"
"PER","Perú","1981","1.73070","1.70930"
"PER","Perú","1982","1.74180","1.68222"
"PER","Perú","1983","1.69770","1.68548"
"PER","Perú","1984","1.97770","1.74604"
"PER","Perú","1985","1.89440","1.80846"
"PER","Perú","1986","2.04100","1.87052"
"PER","Perú","1987","2.00450","1.92306"
"PER","Perú","1988","1.96170","1.97586"
"PER","Perú","1989","2.08510","1.99734"
"PER","Perú","1990","1.95320","2.00910"
"PER","Perú","1991","1.92130","1.98516"
"PER","Perú","1992","1.88580","1.96142"
"PER","Perú","1993","2.16340","2.00176"
"PER","Perú","1994","2.08910","2.00256"
"PER","Perú","1995","1.95930","2.00378"
"PER","Perú","1996","2.52670","2.12486"
"PER","Perú","1997","2.00080","2.14786"
"PER","Perú","1998","2.11210","2.13760"
"PER","Perú","1999","2.30530","2.18084"
"PER","Perú","2000","2.41190","2.27136"
"PER","Perú","2001","2.58870","2.28376"
"PER","Perú","2002","2.67080","2.41776"
"PER","Perú","2003","2.77820","2.55098"
"PER","Perú","2004","2.67340","2.62460"
"PER","Perú","2005","2.62890","2.66800"
"PER","Perú","2006","2.71290","2.69284"
"PER","Perú","2007","2.83710","2.72610"
"PER","Perú","2008","2.96730","2.76392"
"PER","Perú","2009","3.02900","2.83504"
"PER","Perú","2010","3.09990","2.92924"
"PER","Perú","2011","3.18660","3.02398"
"PER","Perú","2012","3.30840","3.11824"
"PER","Perú","2013","3.26860","3.17850"
"PER","Perú","2014","3.16010","3.20472"
"PER","Perú","2015","3.39880","3.26450"
"PER","Perú","2016","3.48440","3.32406"
"PER","Perú","2017","3.41260","3.34490"
"PER","Perú","2018","3.43630","3.37844"
"PER","Perú","2019","3.48440","3.44330"
"PER","Perú","2020","3.32610","3.42876"
"PER","Perú","2021","3.56310","3.44450"
"PER","Perú","2022","3.49290","3.46056"
"PER","Perú","2023","3.61540","3.49638"
"PER","Perú","2024","3.65580","3.53066"
"PHL","Filipinas","1961","0.62800",""
"PHL","Filipinas","1962","0.65290",""
"PHL","Filipinas","1963","0.68120",""
"PHL","Filipinas","1964","0.68270",""
"PHL","Filipinas","1965","0.65520","0.66000"
"PHL","Filipinas","1966","0.69050","0.67250"
"PHL","Filipinas","1967","0.72030","0.68598"
"PHL","Filipinas","1968","0.76810","0.70336"
"PHL","Filipinas","1969","0.83000","0.73282"
"PHL","Filipinas","1970","0.82870","0.76752"
"PHL","Filipinas","1971","0.82480","0.79438"
"PHL","Filipinas","1972","0.78400","0.80712"
"PHL","Filipinas","1973","0.82800","0.81910"
"PHL","Filipinas","1974","0.83520","0.82014"
"PHL","Filipinas","1975","0.85100","0.82460"
"PHL","Filipinas","1976","0.85570","0.83078"
"PHL","Filipinas","1977","0.88540","0.85106"
"PHL","Filipinas","1978","0.94250","0.87396"
"PHL","Filipinas","1979","0.97550","0.90202"
"PHL","Filipinas","1980","0.96020","0.92386"
"PHL","Filipinas","1981","0.97900","0.94852"
"PHL","Filipinas","1982","0.99000","0.96944"
"PHL","Filipinas","1983","1.02320","0.98558"
"PHL","Filipinas","1984","1.06570","1.00362"
"PHL","Filipinas","1985","1.11710","1.03500"
"PHL","Filipinas","1986","1.14820","1.06884"
"PHL","Filipinas","1987","1.16170","1.10318"
"PHL","Filipinas","1988","1.18230","1.13500"
"PHL","Filipinas","1989","1.22580","1.16702"
"PHL","Filipinas","1990","1.33580","1.21076"
"PHL","Filipinas","1991","1.29690","1.24050"
"PHL","Filipinas","1992","1.38650","1.28546"
"PHL","Filipinas","1993","1.52350","1.35370"
"PHL","Filipinas","1994","1.50350","1.40924"
"PHL","Filipinas","1995","1.53340","1.44876"
"PHL","Filipinas","1996","1.51750","1.49288"
"PHL","Filipinas","1997","1.58940","1.53346"
"PHL","Filipinas","1998","1.62400","1.55356"
"PHL","Filipinas","1999","1.73510","1.59988"
"PHL","Filipinas","2000","1.79700","1.65260"
"PHL","Filipinas","2001","1.81980","1.71306"
"PHL","Filipinas","2002","1.80310","1.75580"
"PHL","Filipinas","2003","1.91530","1.81406"
"PHL","Filipinas","2004","2.14210","1.89546"
"PHL","Filipinas","2005","2.15140","1.96634"
"PHL","Filipinas","2006","2.36600","2.07558"
"PHL","Filipinas","2007","2.54390","2.22374"
"PHL","Filipinas","2008","2.60360","2.36140"
"PHL","Filipinas","2009","2.62080","2.45714"
"PHL","Filipinas","2010","2.55170","2.53720"
"PHL","Filipinas","2011","2.73960","2.61192"
"PHL","Filipinas","2012","2.85550","2.67424"
"PHL","Filipinas","2013","2.87760","2.72904"
"PHL","Filipinas","2014","2.97560","2.80000"
"PHL","Filipinas","2015","2.93480","2.87662"
"PHL","Filipinas","2016","2.90560","2.90982"
"PHL","Filipinas","2017","3.10070","2.95886"
"PHL","Filipinas","2018","3.09460","3.00226"
"PHL","Filipinas","2019","3.17030","3.04120"
"PHL","Filipinas","2020","3.17900","3.09004"
"PHL","Filipinas","2021","3.23120","3.15516"
"PHL","Filipinas","2022","3.26890","3.18880"
"PHL","Filipinas","2023","3.30780","3.23144"
"PHL","Filipinas","2024","3.31290","3.25996"
"PNG","Papúa Nueva Guinea","1961","0.91540",""
"PNG","Papúa Nueva Guinea","1962","1.65660",""
"PNG","Papúa Nueva Guinea","1963","1.19590",""
"PNG","Papúa Nueva Guinea","1964","1.08650",""
"PNG","Papúa Nueva Guinea","1965","1.28050","1.22698"
"PNG","Papúa Nueva Guinea","1966","1.32260","1.30842"
"PNG","Papúa Nueva Guinea","1967","1.37500","1.25210"
"PNG","Papúa Nueva Guinea","1968","1.37250","1.28742"
"PNG","Papúa Nueva Guinea","1969","0.97180","1.26448"
"PNG","Papúa Nueva Guinea","1970","0.90320","1.18902"
"PNG","Papúa Nueva Guinea","1971","0.81970","1.08844"
"PNG","Papúa Nueva Guinea","1972","0.88240","0.98992"
"PNG","Papúa Nueva Guinea","1973","0.42860","0.80114"
"PNG","Papúa Nueva Guinea","1974","1.45450","0.89768"
"PNG","Papúa Nueva Guinea","1975","1.15090","0.94722"
"PNG","Papúa Nueva Guinea","1976","1.39170","1.06162"
"PNG","Papúa Nueva Guinea","1977","1.03720","1.09258"
"PNG","Papúa Nueva Guinea","1978","0.96740","1.20034"
"PNG","Papúa Nueva Guinea","1979","2.20920","1.35128"
"PNG","Papúa Nueva Guinea","1980","2.42610","1.60632"
"PNG","Papúa Nueva Guinea","1981","1.43850","1.61568"
"PNG","Papúa Nueva Guinea","1982","1.32580","1.67340"
"PNG","Papúa Nueva Guinea","1983","1.59510","1.79894"
"PNG","Papúa Nueva Guinea","1984","1.44130","1.64536"
"PNG","Papúa Nueva Guinea","1985","2.20040","1.60022"
"PNG","Papúa Nueva Guinea","1986","2.26080","1.76468"
"PNG","Papúa Nueva Guinea","1987","1.30000","1.75952"
"PNG","Papúa Nueva Guinea","1988","1.66670","1.77384"
"PNG","Papúa Nueva Guinea","1989","2.22220","1.93002"
"PNG","Papúa Nueva Guinea","1990","2.50000","1.98994"
"PNG","Papúa Nueva Guinea","1991","2.50000","2.03778"
"PNG","Papúa Nueva Guinea","1992","2.94110","2.36600"
"PNG","Papúa Nueva Guinea","1993","3.07690","2.64804"
"PNG","Papúa Nueva Guinea","1994","3.39000","2.88160"
"PNG","Papúa Nueva Guinea","1995","3.57140","3.09588"
"PNG","Papúa Nueva Guinea","1996","4.36710","3.46930"
"PNG","Papúa Nueva Guinea","1997","6.00000","4.08108"
"PNG","Papúa Nueva Guinea","1998","5.39150","4.54400"
"PNG","Papúa Nueva Guinea","1999","5.41670","4.94934"
"PNG","Papúa Nueva Guinea","2000","5.53850","5.34276"
"PNG","Papúa Nueva Guinea","2001","5.92860","5.65506"
"PNG","Papúa Nueva Guinea","2002","5.28830","5.51272"
"PNG","Papúa Nueva Guinea","2003","4.61540","5.35750"
"PNG","Papúa Nueva Guinea","2004","4.61540","5.19724"
"PNG","Papúa Nueva Guinea","2005","4.66670","5.02288"
"PNG","Papúa Nueva Guinea","2006","4.50000","4.73716"
"PNG","Papúa Nueva Guinea","2007","4.70590","4.62068"
"PNG","Papúa Nueva Guinea","2008","4.54550","4.60670"
"PNG","Papúa Nueva Guinea","2009","4.79410","4.64244"
"PNG","Papúa Nueva Guinea","2010","5.00000","4.70910"
"PNG","Papúa Nueva Guinea","2011","5.77780","4.96466"
"PNG","Papúa Nueva Guinea","2012","4.76190","4.97586"
"PNG","Papúa Nueva Guinea","2013","5.45450","5.15766"
"PNG","Papúa Nueva Guinea","2014","5.54570","5.30798"
"PNG","Papúa Nueva Guinea","2015","5.52370","5.41272"
"PNG","Papúa Nueva Guinea","2016","5.30100","5.31736"
"PNG","Papúa Nueva Guinea","2017","5.62180","5.48934"
"PNG","Papúa Nueva Guinea","2018","5.49490","5.49742"
"PNG","Papúa Nueva Guinea","2019","5.56240","5.50076"
"PNG","Papúa Nueva Guinea","2020","5.33170","5.46236"
"PNG","Papúa Nueva Guinea","2021","5.36660","5.47548"
"PNG","Papúa Nueva Guinea","2022","5.48230","5.44758"
"PNG","Papúa Nueva Guinea","2023","5.42620","5.43384"
"PNG","Papúa Nueva Guinea","2024","5.40530","5.40242"
"POL","Polonia","1961","2.77310",""
"POL","Polonia","1962","2.15910",""
"POL","Polonia","1963","2.12120",""
"POL","Polonia","1964","2.43240",""
"POL","Polonia","1965","2.02900","2.30296"
"POL","Polonia","1966","2.32140","2.21262"
"POL","Polonia","1967","2.41380","2.26356"
"POL","Polonia","1968","2.45280","2.32988"
"POL","Polonia","1969","2.34040","2.31148"
"POL","Polonia","1970","2.35290","2.37626"
"POL","Polonia","1971","2.65310","2.44260"
"POL","Polonia","1972","2.85710","2.53126"
"POL","Polonia","1973","3.71430","2.78356"
"POL","Polonia","1974","4.04260","3.12400"
"POL","Polonia","1975","5.33230","3.71988"
"POL","Polonia","1976","4.40460","4.07018"
"POL","Polonia","1977","4.05160","4.30908"
"POL","Polonia","1978","3.62630","4.29148"
"POL","Polonia","1979","3.89980","4.26292"
"POL","Polonia","1980","3.54430","3.90532"
"POL","Polonia","1981","4.20480","3.86536"
"POL","Polonia","1982","4.19570","3.89418"
"POL","Polonia","1983","4.13620","3.99616"
"POL","Polonia","1984","3.82700","3.98160"
"POL","Polonia","1985","4.29730","4.13220"
"POL","Polonia","1986","5.07060","4.30536"
"POL","Polonia","1987","4.60330","4.38688"
"POL","Polonia","1988","5.10730","4.58110"
"POL","Polonia","1989","4.77860","4.77142"
"POL","Polonia","1990","4.91260","4.89448"
"POL","Polonia","1991","4.84680","4.84972"
"POL","Polonia","1992","3.66990","4.66304"
"POL","Polonia","1993","5.31600","4.70478"
"POL","Polonia","1994","3.75030","4.49912"
"POL","Polonia","1995","4.95860","4.50832"
"POL","Polonia","1996","5.05140","4.54924"
"POL","Polonia","1997","5.40110","4.89548"
"POL","Polonia","1998","5.82720","4.99772"
"POL","Polonia","1999","5.75060","5.39778"
"POL","Polonia","2000","6.06370","5.61880"
"POL","Polonia","2001","6.06830","5.82218"
"POL","Polonia","2002","6.15630","5.97322"
"POL","Polonia","2003","5.28620","5.86502"
"POL","Polonia","2004","5.69350","5.85360"
"POL","Polonia","2005","5.73290","5.78744"
"POL","Polonia","2006","4.16090","5.40596"
"POL","Polonia","2007","6.57430","5.48956"
"POL","Polonia","2008","5.81490","5.59530"
"POL","Polonia","2009","6.22620","5.70184"
"POL","Polonia","2010","5.98240","5.75174"
"POL","Polonia","2011","7.17700","6.35496"
"POL","Polonia","2012","7.34810","6.50972"
"POL","Polonia","2013","6.57610","6.66196"
"POL","Polonia","2014","6.58810","6.73434"
"POL","Polonia","2015","4.70870","6.47960"
"POL","Polonia","2016","7.31730","6.50766"
"POL","Polonia","2017","7.15450","6.46894"
"POL","Polonia","2018","5.87560","6.32884"
"POL","Polonia","2019","5.51100","6.11342"
"POL","Polonia","2020","7.07630","6.58694"
"POL","Polonia","2021","7.33310","6.59010"
"POL","Polonia","2022","6.97720","6.55464"
"POL","Polonia","2023","7.15330","6.81018"
"POL","Polonia","2024","7.22410","7.15280"
"PRI","Puerto Rico","1961","0.97800",""
"PRI","Puerto Rico","1962","1.01220",""
"PRI","Puerto Rico","1963","1.01220",""
"PRI","Puerto Rico","1964","1.11500",""
"PRI","Puerto Rico","1965","1.34260","1.09200"
"PRI","Puerto Rico","1966","1.15420","1.12724"
"PRI","Puerto Rico","1967","1.15410","1.15562"
"PRI","Puerto Rico","1968","1.15450","1.18408"
"PRI","Puerto Rico","1969","1.15570","1.19222"
"PRI","Puerto Rico","1970","0.87240","1.09818"
"PRI","Puerto Rico","1971","0.96920","1.06118"
"PRI","Puerto Rico","1972","0.93080","1.01652"
"PRI","Puerto Rico","1973","0.92290","0.97020"
"PRI","Puerto Rico","1974","0.94580","0.92822"
"PRI","Puerto Rico","1975","0.94580","0.94290"
"PRI","Puerto Rico","1976","0.94580","0.93822"
"PRI","Puerto Rico","1977","0.94580","0.94122"
"PRI","Puerto Rico","1978","0.93480","0.94360"
"PRI","Puerto Rico","1979","0.93180","0.94080"
"PRI","Puerto Rico","1980","1.03450","0.95854"
"PRI","Puerto Rico","1981","5.43480","1.85634"
"PRI","Puerto Rico","1982","4.00000","2.46718"
"PRI","Puerto Rico","1983","5.00000","3.28022"
"PRI","Puerto Rico","1984","5.00000","4.09386"
"PRI","Puerto Rico","1985","1.07140","4.10124"
"PRI","Puerto Rico","1986","1.38460","3.29120"
"PRI","Puerto Rico","1987","1.07690","2.70658"
"PRI","Puerto Rico","1988","1.10710","1.92800"
"PRI","Puerto Rico","1989","1.06900","1.14180"
"PRI","Puerto Rico","1990","1.08000","1.14352"
"PRI","Puerto Rico","1991","1.14940","1.09648"
"PRI","Puerto Rico","1992","1.06980","1.09506"
"PRI","Puerto Rico","1993","1.73280","1.22020"
"PRI","Puerto Rico","1994","1.60700","1.32780"
"PRI","Puerto Rico","1995","1.66130","1.44406"
"PRI","Puerto Rico","1996","1.72050","1.55828"
"PRI","Puerto Rico","1997","1.77920","1.70016"
"PRI","Puerto Rico","1998","1.87060","1.72772"
"PRI","Puerto Rico","1999","1.92550","1.79142"
"PRI","Puerto Rico","2000","1.98880","1.85692"
"PRI","Puerto Rico","2001","2.05290","1.92340"
"PRI","Puerto Rico","2002","2.11630","1.99082"
"PRI","Puerto Rico","2003","2.18430","2.05356"
"PRI","Puerto Rico","2004","2.25090","2.11864"
"PRI","Puerto Rico","2005","2.31800","2.18448"
"PRI","Puerto Rico","2006","2.38540","2.25098"
"PRI","Puerto Rico","2007","2.44230","2.31618"
"PRI","Puerto Rico","2008","2.50480","2.38028"
"PRI","Puerto Rico","2009","2.56630","2.44336"
"PRI","Puerto Rico","2010","2.62810","2.50538"
"PRI","Puerto Rico","2011","2.69020","2.56634"
"PRI","Puerto Rico","2012","2.75000","2.62788"
"PRI","Puerto Rico","2013","2.88690","2.70430"
"PRI","Puerto Rico","2014","3.19110","2.82926"
"PRI","Puerto Rico","2015","3.25310","2.95426"
"PRI","Puerto Rico","2016","3.74420","3.16506"
"PRI","Puerto Rico","2017","4.03240","3.42154"
"PRI","Puerto Rico","2018","5.00000","3.84416"
"PRI","Puerto Rico","2019","4.10340","4.02662"
"PRI","Puerto Rico","2020","3.61600","4.09920"
"PRI","Puerto Rico","2021","3.25800","4.00196"
"PRI","Puerto Rico","2022","2.16290","3.62806"
"PRI","Puerto Rico","2023","2.84350","3.19676"
"PRI","Puerto Rico","2024","3.49800","3.07568"
"PRK","Corea del Norte","1961","2.37140",""
"PRK","Corea del Norte","1962","2.46230",""
"PRK","Corea del Norte","1963","2.69810",""
"PRK","Corea del Norte","1964","2.81310",""
"PRK","Corea del Norte","1965","2.45790","2.56056"
"PRK","Corea del Norte","1966","2.71300","2.62888"
"PRK","Corea del Norte","1967","2.52780","2.64198"
"PRK","Corea del Norte","1968","2.40000","2.58236"
"PRK","Corea del Norte","1969","2.89290","2.59832"
"PRK","Corea del Norte","1970","2.82460","2.67166"
"PRK","Corea del Norte","1971","2.83050","2.69516"
"PRK","Corea del Norte","1972","2.61480","2.71256"
"PRK","Corea del Norte","1973","2.84130","2.80082"
"PRK","Corea del Norte","1974","2.94620","2.81148"
"PRK","Corea del Norte","1975","2.98510","2.84358"
"PRK","Corea del Norte","1976","3.23530","2.92454"
"PRK","Corea del Norte","1977","3.33330","3.06824"
"PRK","Corea del Norte","1978","3.47830","3.19564"
"PRK","Corea del Norte","1979","3.62320","3.33104"
"PRK","Corea del Norte","1980","3.91300","3.51662"
"PRK","Corea del Norte","1981","4.05800","3.68116"
"PRK","Corea del Norte","1982","4.20290","3.85508"
"PRK","Corea del Norte","1983","4.34780","4.02898"
"PRK","Corea del Norte","1984","4.63770","4.23188"
"PRK","Corea del Norte","1985","4.78260","4.40580"
"PRK","Corea del Norte","1986","5.00000","4.59420"
"PRK","Corea del Norte","1987","5.14710","4.78304"
"PRK","Corea del Norte","1988","5.45450","5.00438"
"PRK","Corea del Norte","1989","5.42860","5.16256"
"PRK","Corea del Norte","1990","5.88240","5.38252"
"PRK","Corea del Norte","1991","6.53190","5.68890"
"PRK","Corea del Norte","1992","5.77330","5.81414"
"PRK","Corea del Norte","1993","6.26910","5.97706"
"PRK","Corea del Norte","1994","5.55960","6.00326"
"PRK","Corea del Norte","1995","2.03880","5.23454"
"PRK","Corea del Norte","1996","1.40070","4.20830"
"PRK","Corea del Norte","1997","1.68440","3.39052"
"PRK","Corea del Norte","1998","2.80600","2.69790"
"PRK","Corea del Norte","1999","2.14780","2.01554"
"PRK","Corea del Norte","2000","2.09880","2.02754"
"PRK","Corea del Norte","2001","2.98810","2.34502"
"PRK","Corea del Norte","2002","3.32600","2.67334"
"PRK","Corea del Norte","2003","3.48490","2.80912"
"PRK","Corea del Norte","2004","3.48890","3.07734"
"PRK","Corea del Norte","2005","2.96360","3.25030"
"PRK","Corea del Norte","2006","3.65340","3.38336"
"PRK","Corea del Norte","2007","3.19960","3.35808"
"PRK","Corea del Norte","2008","2.80510","3.22212"
"PRK","Corea del Norte","2009","3.38970","3.20228"
"PRK","Corea del Norte","2010","3.34590","3.27874"
"PRK","Corea del Norte","2011","3.69180","3.28642"
"PRK","Corea del Norte","2012","3.84180","3.41486"
"PRK","Corea del Norte","2013","3.79890","3.61362"
"PRK","Corea del Norte","2014","4.41730","3.81914"
"PRK","Corea del Norte","2015","4.08680","3.96732"
"PRK","Corea del Norte","2016","4.03190","4.03534"
"PRK","Corea del Norte","2017","4.31140","4.12926"
"PRK","Corea del Norte","2018","3.69030","4.10754"
"PRK","Corea del Norte","2019","4.63430","4.15094"
"PRK","Corea del Norte","2020","3.79610","4.09280"
"PRK","Corea del Norte","2021","3.93160","4.07274"
"PRK","Corea del Norte","2022","3.93160","3.99678"
"PRK","Corea del Norte","2023","3.93160","4.04504"
"PRK","Corea del Norte","2024","3.93160","3.90450"
"PRT","Portugal","1961","1.27790",""
"PRT","Portugal","1962","1.17510",""
"PRT","Portugal","1963","1.07290",""
"PRT","Portugal","1964","1.20270",""
"PRT","Portugal","1965","0.94830","1.13538"
"PRT","Portugal","1966","1.22620","1.12504"
"PRT","Portugal","1967","1.43040","1.17610"
"PRT","Portugal","1968","1.30330","1.22218"
"PRT","Portugal","1969","1.33660","1.24896"
"PRT","Portugal","1970","1.43610","1.34652"
"PRT","Portugal","1971","1.38210","1.37770"
"PRT","Portugal","1972","1.37350","1.36632"
"PRT","Portugal","1973","1.41930","1.38952"
"PRT","Portugal","1974","1.41000","1.40420"
"PRT","Portugal","1975","1.29030","1.37504"
"PRT","Portugal","1976","1.16560","1.33174"
"PRT","Portugal","1977","1.29380","1.31580"
"PRT","Portugal","1978","1.28480","1.28890"
"PRT","Portugal","1979","1.28380","1.26366"
"PRT","Portugal","1980","1.69310","1.34422"
"PRT","Portugal","1981","1.44000","1.39910"
"PRT","Portugal","1982","1.56430","1.45320"
"PRT","Portugal","1983","1.56090","1.50842"
"PRT","Portugal","1984","2.05290","1.66224"
"PRT","Portugal","1985","2.25540","1.77470"
"PRT","Portugal","1986","2.43710","1.97412"
"PRT","Portugal","1987","2.50280","2.16182"
"PRT","Portugal","1988","2.58870","2.36738"
"PRT","Portugal","1989","3.15700","2.58820"
"PRT","Portugal","1990","3.03340","2.74380"
"PRT","Portugal","1991","3.04110","2.86460"
"PRT","Portugal","1992","3.45470","3.05498"
"PRT","Portugal","1993","3.72310","3.28186"
"PRT","Portugal","1994","4.09390","3.46924"
"PRT","Portugal","1995","4.36240","3.73504"
"PRT","Portugal","1996","4.67660","4.06214"
"PRT","Portugal","1997","4.95920","4.36304"
"PRT","Portugal","1998","5.37040","4.69250"
"PRT","Portugal","1999","5.70890","5.01550"
"PRT","Portugal","2000","5.78080","5.29918"
"PRT","Portugal","2001","5.89290","5.54244"
"PRT","Portugal","2002","5.72850","5.69630"
"PRT","Portugal","2003","5.68370","5.75896"
"PRT","Portugal","2004","5.78690","5.77456"
"PRT","Portugal","2005","4.68050","5.55450"
"PRT","Portugal","2006","5.28850","5.43362"
"PRT","Portugal","2007","5.84120","5.45616"
"PRT","Portugal","2008","6.32780","5.58498"
"PRT","Portugal","2009","6.69360","5.76632"
"PRT","Portugal","2010","6.92950","6.21612"
"PRT","Portugal","2011","8.10400","6.77922"
"PRT","Portugal","2012","8.30420","7.27182"
"PRT","Portugal","2013","8.31490","7.66924"
"PRT","Portugal","2014","8.33310","7.99714"
"PRT","Portugal","2015","8.45200","8.30164"
"PRT","Portugal","2016","8.01940","8.28472"
"PRT","Portugal","2017","8.61210","8.34630"
"PRT","Portugal","2018","8.56360","8.39604"
"PRT","Portugal","2019","9.80430","8.69028"
"PRT","Portugal","2020","9.34500","8.86888"
"PRT","Portugal","2021","10.10460","9.28592"
"PRT","Portugal","2022","9.61940","9.48738"
"PRT","Portugal","2023","10.17650","9.80996"
"PRT","Portugal","2024","9.47710","9.74452"
"PRY","Paraguay","1961","1.20090",""
"PRY","Paraguay","1962","1.30000",""
"PRY","Paraguay","1963","1.25000",""
"PRY","Paraguay","1964","1.29720",""
"PRY","Paraguay","1965","1.30030","1.26968"
"PRY","Paraguay","1966","1.09970","1.24944"
"PRY","Paraguay","1967","1.30000","1.24944"
"PRY","Paraguay","1968","1.00000","1.19944"
"PRY","Paraguay","1969","1.20000","1.18000"
"PRY","Paraguay","1970","1.31740","1.18342"
"PRY","Paraguay","1971","1.21250","1.20598"
"PRY","Paraguay","1972","1.13500","1.17298"
"PRY","Paraguay","1973","1.32540","1.23806"
"PRY","Paraguay","1974","1.36630","1.27132"
"PRY","Paraguay","1975","1.35110","1.27806"
"PRY","Paraguay","1976","1.36590","1.30874"
"PRY","Paraguay","1977","1.39180","1.36010"
"PRY","Paraguay","1978","1.30230","1.35548"
"PRY","Paraguay","1979","1.50440","1.38310"
"PRY","Paraguay","1980","1.55310","1.42350"
"PRY","Paraguay","1981","1.61030","1.47238"
"PRY","Paraguay","1982","1.48920","1.49186"
"PRY","Paraguay","1983","1.54120","1.53964"
"PRY","Paraguay","1984","1.43450","1.52566"
"PRY","Paraguay","1985","1.69870","1.55478"
"PRY","Paraguay","1986","1.70130","1.57298"
"PRY","Paraguay","1987","1.80460","1.63606"
"PRY","Paraguay","1988","1.90200","1.70822"
"PRY","Paraguay","1989","1.98890","1.81910"
"PRY","Paraguay","1990","2.19910","1.91918"
"PRY","Paraguay","1991","1.65020","1.90896"
"PRY","Paraguay","1992","1.74300","1.89664"
"PRY","Paraguay","1993","1.76300","1.86884"
"PRY","Paraguay","1994","2.11400","1.89386"
"PRY","Paraguay","1995","2.46600","1.94724"
"PRY","Paraguay","1996","2.01500","2.02020"
"PRY","Paraguay","1997","2.74830","2.22126"
"PRY","Paraguay","1998","2.45750","2.36016"
"PRY","Paraguay","1999","2.29170","2.39570"
"PRY","Paraguay","2000","1.95120","2.29274"
"PRY","Paraguay","2001","2.33080","2.35590"
"PRY","Paraguay","2002","2.34420","2.27508"
"PRY","Paraguay","2003","2.38490","2.26056"
"PRY","Paraguay","2004","2.54550","2.31132"
"PRY","Paraguay","2005","2.07500","2.33608"
"PRY","Paraguay","2006","2.68290","2.40650"
"PRY","Paraguay","2007","2.77000","2.49166"
"PRY","Paraguay","2008","2.88040","2.59076"
"PRY","Paraguay","2009","2.40000","2.56166"
"PRY","Paraguay","2010","3.91520","2.92970"
"PRY","Paraguay","2011","3.91980","3.17708"
"PRY","Paraguay","2012","3.09500","3.24208"
"PRY","Paraguay","2013","4.00000","3.46600"
"PRY","Paraguay","2014","4.00000","3.78600"
"PRY","Paraguay","2015","5.24830","4.05262"
"PRY","Paraguay","2016","5.36700","4.34206"
"PRY","Paraguay","2017","5.48500","4.82006"
"PRY","Paraguay","2018","4.99500","5.01906"
"PRY","Paraguay","2019","5.14000","5.24706"
"PRY","Paraguay","2020","5.30420","5.25824"
"PRY","Paraguay","2021","4.12940","5.01072"
"PRY","Paraguay","2022","3.73890","4.66150"
"PRY","Paraguay","2023","5.07630","4.67776"
"PRY","Paraguay","2024","4.15000","4.47976"
"QAT","Qatar","1989","15.00000",""
"QAT","Qatar","1990","13.50000",""
"QAT","Qatar","1991","12.18180",""
"QAT","Qatar","1992","12.45830",""
"QAT","Qatar","1993","12.66670","13.16136"
"QAT","Qatar","1994","12.40740","12.64284"
"QAT","Qatar","1995","12.58060","12.45896"
"QAT","Qatar","1996","12.56920","12.53644"
"QAT","Qatar","1997","12.56940","12.55866"
"QAT","Qatar","1998","12.43480","12.51228"
"QAT","Qatar","1999","12.46390","12.52358"
"QAT","Qatar","2000","12.51750","12.51096"
"QAT","Qatar","2001","12.52990","12.50310"
"QAT","Qatar","2002","12.46270","12.48176"
"QAT","Qatar","2003","12.52990","12.50078"
"QAT","Qatar","2004","12.63040","12.53408"
"QAT","Qatar","2005","12.47760","12.52610"
"QAT","Qatar","2006","11.85710","12.39154"
"QAT","Qatar","2007","18.14290","13.52758"
"QAT","Qatar","2008","18.14290","14.65018"
"QAT","Qatar","2009","19.28570","15.98124"
"QAT","Qatar","2010","20.75560","17.63684"
"QAT","Qatar","2011","12.55560","17.77654"
"QAT","Qatar","2012","12.48940","16.64584"
"QAT","Qatar","2013","12.48450","15.51416"
"QAT","Qatar","2014","12.52900","14.16282"
"QAT","Qatar","2015","12.49640","12.51098"
"QAT","Qatar","2016","12.50110","12.50008"
"QAT","Qatar","2017","12.64710","12.53162"
"QAT","Qatar","2018","12.52350","12.53942"
"QAT","Qatar","2019","12.50510","12.53464"
"QAT","Qatar","2020","12.46050","12.52746"
"QAT","Qatar","2021","12.54020","12.53528"
"QAT","Qatar","2022","12.51090","12.50804"
"QAT","Qatar","2023","20.97920","14.19918"
"QAT","Qatar","2024","19.24120","15.54640"
"REU","Reunión","1961","3.94740",""
"REU","Reunión","1962","3.94740",""
"REU","Reunión","1963","3.94740",""
"REU","Reunión","1964","3.94740",""
"REU","Reunión","1965","3.94740","3.94740"
"REU","Reunión","1966","4.18600","3.99512"
"REU","Reunión","1967","3.66670","3.93898"
"REU","Reunión","1968","3.33330","3.81616"
"REU","Reunión","1969","3.52000","3.73068"
"REU","Reunión","1970","3.20000","3.58120"
"REU","Reunión","1971","3.92860","3.52972"
"REU","Reunión","1972","4.10710","3.61780"
"REU","Reunión","1973","3.98440","3.74802"
"REU","Reunión","1974","4.41550","3.92712"
"REU","Reunión","1975","4.26260","4.13964"
"REU","Reunión","1976","5.39350","4.43262"
"REU","Reunión","1977","6.29240","4.86968"
"REU","Reunión","1978","5.39350","5.15150"
"REU","Reunión","1979","5.40000","5.34840"
"REU","Reunión","1980","4.28080","5.35204"
"REU","Reunión","1981","5.51020","5.37538"
"REU","Reunión","1982","5.51020","5.21894"
"REU","Reunión","1983","4.17630","4.97550"
"REU","Reunión","1984","4.52000","4.79950"
"REU","Reunión","1985","4.47290","4.83792"
"REU","Reunión","1986","4.62070","4.66002"
"REU","Reunión","1987","4.56520","4.47102"
"REU","Reunión","1988","4.50480","4.53672"
"REU","Reunión","1989","6.50000","4.93272"
"REU","Reunión","1990","4.34580","4.90730"
"REU","Reunión","1991","6.03180","5.18952"
"REU","Reunión","1992","6.03850","5.48418"
"REU","Reunión","1993","5.97800","5.77882"
"REU","Reunión","1994","6.18520","5.71586"
"REU","Reunión","1995","7.69590","6.38588"
"REU","Reunión","1996","7.70010","6.71954"
"REU","Reunión","1997","7.80000","7.07184"
"REU","Reunión","1998","7.66160","7.40856"
"REU","Reunión","1999","7.66730","7.70498"
"REU","Reunión","2000","7.68020","7.70184"
"REU","Reunión","2001","7.74190","7.71020"
"REU","Reunión","2002","7.68730","7.68766"
"REU","Reunión","2003","7.69720","7.69478"
"REU","Reunión","2004","7.64710","7.69074"
"REU","Reunión","2005","7.76890","7.70848"
"REU","Reunión","2006","7.89470","7.73904"
"ROU","Rumania","1961","1.67410",""
"ROU","Rumania","1962","1.58760",""
"ROU","Rumania","1963","1.78220",""
"ROU","Rumania","1964","2.01610",""
"ROU","Rumania","1965","1.77780","1.76756"
"ROU","Rumania","1966","2.43990","1.92072"
"ROU","Rumania","1967","2.12910","2.02902"
"ROU","Rumania","1968","2.12480","2.09754"
"ROU","Rumania","1969","2.33090","2.16050"
"ROU","Rumania","1970","2.11910","2.22876"
"ROU","Rumania","1971","2.50700","2.24218"
"ROU","Rumania","1972","3.07110","2.43058"
"ROU","Rumania","1973","2.50180","2.50598"
"ROU","Rumania","1974","2.51080","2.54196"
"ROU","Rumania","1975","2.79620","2.67738"
"ROU","Rumania","1976","3.42940","2.86186"
"ROU","Rumania","1977","3.04840","2.85732"
"ROU","Rumania","1978","3.04240","2.96544"
"ROU","Rumania","1979","3.55390","3.17406"
"ROU","Rumania","1980","3.21310","3.25744"
"ROU","Rumania","1981","2.70360","3.11228"
"ROU","Rumania","1982","3.81640","3.26588"
"ROU","Rumania","1983","3.50790","3.35898"
"ROU","Rumania","1984","3.20040","3.28828"
"ROU","Rumania","1985","3.85200","3.41606"
"ROU","Rumania","1986","3.81400","3.63814"
"ROU","Rumania","1987","2.70060","3.41498"
"ROU","Rumania","1988","2.78440","3.27028"
"ROU","Rumania","1989","2.47380","3.12496"
"ROU","Rumania","1990","2.76060","2.90668"
"ROU","Rumania","1991","4.07660","2.95920"
"ROU","Rumania","1992","2.04690","2.82846"
"ROU","Rumania","1993","2.60540","2.79266"
"ROU","Rumania","1994","3.13170","2.92424"
"ROU","Rumania","1995","3.19150","3.01042"
"ROU","Rumania","1996","2.93190","2.78148"
"ROU","Rumania","1997","4.21710","3.21552"
"ROU","Rumania","1998","2.78920","3.25228"
"ROU","Rumania","1999","3.64030","3.35400"
"ROU","Rumania","2000","1.71280","3.05826"
"ROU","Rumania","2001","3.12320","3.09652"
"ROU","Rumania","2002","3.04210","2.86152"
"ROU","Rumania","2003","3.07040","2.91776"
"ROU","Rumania","2004","4.54970","3.09964"
"ROU","Rumania","2005","3.98160","3.55340"
"ROU","Rumania","2006","3.57540","3.64384"
"ROU","Rumania","2007","1.70300","3.37602"
"ROU","Rumania","2008","3.22710","3.40736"
"ROU","Rumania","2009","3.41690","3.18080"
"ROU","Rumania","2010","4.31760","3.24800"
"ROU","Rumania","2011","4.52920","3.43876"
"ROU","Rumania","2012","2.18700","3.53556"
"ROU","Rumania","2013","4.49410","3.78896"
"ROU","Rumania","2014","4.78700","4.06298"
"ROU","Rumania","2015","3.47160","3.89378"
"ROU","Rumania","2016","4.16770","3.82148"
"ROU","Rumania","2017","5.96100","4.57628"
"ROU","Rumania","2018","7.63680","5.20482"
"ROU","Rumania","2019","6.49990","5.54740"
"ROU","Rumania","2020","3.97420","5.64792"
"ROU","Rumania","2021","5.80140","5.97466"
"ROU","Rumania","2022","3.29770","5.44200"
"ROU","Rumania","2023","3.98160","4.71096"
"ROU","Rumania","2024","2.82890","3.97676"
"RUS","Rusia","1992","2.68430",""
"RUS","Rusia","1993","3.10220",""
"RUS","Rusia","1994","1.70190",""
"RUS","Rusia","1995","2.76120",""
"RUS","Rusia","1996","2.33490","2.51690"
"RUS","Rusia","1997","3.13660","2.60736"
"RUS","Rusia","1998","1.59510","2.30594"
"RUS","Rusia","1999","1.90550","2.34666"
"RUS","Rusia","2000","2.06600","2.20762"
"RUS","Rusia","2001","1.72990","2.08662"
"RUS","Rusia","2002","2.74220","2.00774"
"RUS","Rusia","2003","3.08130","2.30498"
"RUS","Rusia","2004","3.87520","2.69892"
"RUS","Rusia","2005","3.85000","3.05572"
"RUS","Rusia","2006","3.61520","3.43278"
"RUS","Rusia","2007","2.93000","3.47034"
"RUS","Rusia","2008","3.85880","3.62584"
"RUS","Rusia","2009","3.53190","3.55718"
"RUS","Rusia","2010","3.00860","3.38890"
"RUS","Rusia","2011","4.34440","3.53474"
"RUS","Rusia","2012","4.23880","3.79650"
"RUS","Rusia","2013","5.01100","4.02694"
"RUS","Rusia","2014","4.35930","4.19242"
"RUS","Rusia","2015","4.93370","4.57744"
"RUS","Rusia","2016","5.50290","4.80914"
"RUS","Rusia","2017","4.88750","4.93888"
"RUS","Rusia","2018","4.80670","4.89802"
"RUS","Rusia","2019","5.69870","5.16590"
"RUS","Rusia","2020","5.08050","5.19526"
"RUS","Rusia","2021","5.25240","5.14516"
"RUS","Rusia","2022","5.99890","5.36744"
"RUS","Rusia","2023","5.84000","5.57410"
"RUS","Rusia","2024","5.83640","5.60164"
"RWA","Ruanda","1961","0.74830",""
"RWA","Ruanda","1962","1.17550",""
"RWA","Ruanda","1963","2.00000",""
"RWA","Ruanda","1964","0.88260",""
"RWA","Ruanda","1965","1.90000","1.34128"
"RWA","Ruanda","1966","1.00000","1.39162"
"RWA","Ruanda","1967","1.00000","1.35652"
"RWA","Ruanda","1968","1.00000","1.15652"
"RWA","Ruanda","1969","1.00000","1.18000"
"RWA","Ruanda","1970","1.20000","1.04000"
"RWA","Ruanda","1971","1.03480","1.04696"
"RWA","Ruanda","1972","1.00000","1.04696"
"RWA","Ruanda","1973","0.99070","1.04510"
"RWA","Ruanda","1974","1.01810","1.04872"
"RWA","Ruanda","1975","1.07510","1.02374"
"RWA","Ruanda","1976","1.07980","1.03274"
"RWA","Ruanda","1977","1.10180","1.05310"
"RWA","Ruanda","1978","1.12100","1.07916"
"RWA","Ruanda","1979","1.07190","1.08992"
"RWA","Ruanda","1980","1.18470","1.11184"
"RWA","Ruanda","1981","1.23280","1.14244"
"RWA","Ruanda","1982","1.16060","1.15420"
"RWA","Ruanda","1983","1.29160","1.18832"
"RWA","Ruanda","1984","1.19880","1.21370"
"RWA","Ruanda","1985","1.21820","1.22040"
"RWA","Ruanda","1986","1.13050","1.19994"
"RWA","Ruanda","1987","1.48390","1.26460"
"RWA","Ruanda","1988","1.80000","1.36628"
"RWA","Ruanda","1989","1.18750","1.36402"
"RWA","Ruanda","1990","1.02520","1.32542"
"RWA","Ruanda","1991","1.15560","1.33044"
"RWA","Ruanda","1992","1.22500","1.27866"
"RWA","Ruanda","1993","1.74000","1.26666"
"RWA","Ruanda","1994","1.67500","1.36416"
"RWA","Ruanda","1995","1.12000","1.38312"
"RWA","Ruanda","1996","1.10990","1.37398"
"RWA","Ruanda","1997","1.09080","1.34714"
"RWA","Ruanda","1998","0.82310","1.16376"
"RWA","Ruanda","1999","0.75560","0.97988"
"RWA","Ruanda","2000","0.70180","0.89624"
"RWA","Ruanda","2001","0.76710","0.82768"
"RWA","Ruanda","2002","0.87630","0.78478"
"RWA","Ruanda","2003","0.76720","0.77360"
"RWA","Ruanda","2004","0.76700","0.77588"
"RWA","Ruanda","2005","0.88890","0.81330"
"RWA","Ruanda","2006","0.85310","0.83050"
"RWA","Ruanda","2007","0.72010","0.79926"
"RWA","Ruanda","2008","1.15150","0.87612"
"RWA","Ruanda","2009","1.95030","1.11278"
"RWA","Ruanda","2010","2.34160","1.40332"
"RWA","Ruanda","2011","2.35290","1.70328"
"RWA","Ruanda","2012","2.25870","2.01100"
"RWA","Ruanda","2013","2.28450","2.23760"
"RWA","Ruanda","2014","1.53160","2.15386"
"RWA","Ruanda","2015","1.53130","1.99180"
"RWA","Ruanda","2016","1.57480","1.83618"
"RWA","Ruanda","2017","1.37930","1.66030"
"RWA","Ruanda","2018","1.43150","1.48970"
"RWA","Ruanda","2019","1.46100","1.47558"
"RWA","Ruanda","2020","1.52370","1.47406"
"RWA","Ruanda","2021","1.52160","1.46342"
"RWA","Ruanda","2022","1.52860","1.49328"
"RWA","Ruanda","2023","1.59510","1.52600"
"RWA","Ruanda","2024","1.83350","1.60050"
"SAU","Arabia Saudita","1961","0.50000",""
"SAU","Arabia Saudita","1962","0.50000",""
"SAU","Arabia Saudita","1963","0.50000",""
"SAU","Arabia Saudita","1964","0.50000",""
"SAU","Arabia Saudita","1965","0.50000","0.50000"
"SAU","Arabia Saudita","1966","0.50000","0.50000"
"SAU","Arabia Saudita","1967","0.50000","0.50000"
"SAU","Arabia Saudita","1968","0.50000","0.50000"
"SAU","Arabia Saudita","1969","0.50000","0.50000"
"SAU","Arabia Saudita","1970","0.50000","0.50000"
"SAU","Arabia Saudita","1971","0.51760","0.50352"
"SAU","Arabia Saudita","1972","0.41610","0.48674"
"SAU","Arabia Saudita","1973","0.69280","0.52530"
"SAU","Arabia Saudita","1974","0.66960","0.55922"
"SAU","Arabia Saudita","1975","0.71360","0.60194"
"SAU","Arabia Saudita","1976","0.75560","0.64954"
"SAU","Arabia Saudita","1977","0.64340","0.69500"
"SAU","Arabia Saudita","1978","1.62440","0.88132"
"SAU","Arabia Saudita","1979","0.76150","0.89970"
"SAU","Arabia Saudita","1980","0.51700","0.86038"
"SAU","Arabia Saudita","1981","0.27270","0.76380"
"SAU","Arabia Saudita","1982","0.93540","0.82220"
"SAU","Arabia Saudita","1983","0.81360","0.66004"
"SAU","Arabia Saudita","1984","1.54590","0.81692"
"SAU","Arabia Saudita","1985","1.30040","0.97360"
"SAU","Arabia Saudita","1986","0.86870","1.09280"
"SAU","Arabia Saudita","1987","1.71920","1.24956"
"SAU","Arabia Saudita","1988","1.79700","1.44624"
"SAU","Arabia Saudita","1989","1.64050","1.46516"
"SAU","Arabia Saudita","1990","1.79920","1.56492"
"SAU","Arabia Saudita","1991","2.11660","1.81450"
"SAU","Arabia Saudita","1992","2.07330","1.88532"
"SAU","Arabia Saudita","1993","2.17250","1.96042"
"SAU","Arabia Saudita","1994","1.95230","2.02278"
"SAU","Arabia Saudita","1995","1.95220","2.05338"
"SAU","Arabia Saudita","1996","1.95830","2.02172"
"SAU","Arabia Saudita","1997","1.75310","1.95768"
"SAU","Arabia Saudita","1998","2.05190","1.93356"
"SAU","Arabia Saudita","1999","1.87230","1.91756"
"SAU","Arabia Saudita","2000","6.28200","2.78352"
"SAU","Arabia Saudita","2001","4.06120","3.20410"
"SAU","Arabia Saudita","2002","3.64320","3.58212"
"SAU","Arabia Saudita","2003","3.80530","3.93280"
"SAU","Arabia Saudita","2004","3.85140","4.32862"
"SAU","Arabia Saudita","2005","3.73010","3.81824"
"SAU","Arabia Saudita","2006","5.82030","4.17006"
"SAU","Arabia Saudita","2007","5.62500","4.56642"
"SAU","Arabia Saudita","2008","5.64270","4.93390"
"SAU","Arabia Saudita","2009","5.47420","5.25846"
"SAU","Arabia Saudita","2010","5.30960","5.57436"
"SAU","Arabia Saudita","2011","5.99580","5.60946"
"SAU","Arabia Saudita","2012","6.01350","5.68716"
"SAU","Arabia Saudita","2013","6.10240","5.77910"
"SAU","Arabia Saudita","2014","6.41320","5.96690"
"SAU","Arabia Saudita","2015","6.40000","6.18498"
"SAU","Arabia Saudita","2016","6.40000","6.26582"
"SAU","Arabia Saudita","2017","6.40000","6.34312"
"SAU","Arabia Saudita","2018","6.22990","6.36862"
"SAU","Arabia Saudita","2019","5.85120","6.25622"
"SAU","Arabia Saudita","2020","4.47070","5.87036"
"SAU","Arabia Saudita","2021","4.53850","5.49806"
"SAU","Arabia Saudita","2022","4.60010","5.13808"
"SAU","Arabia Saudita","2023","7.65260","5.42262"
"SAU","Arabia Saudita","2024","7.13420","5.67922"
"SDN","Sudán","2012","1.66340",""
"SDN","Sudán","2013","1.59970",""
"SDN","Sudán","2014","1.06190",""
"SDN","Sudán","2015","1.24220",""
"SDN","Sudán","2016","1.38430","1.39030"
"SDN","Sudán","2017","1.33390","1.32440"
"SDN","Sudán","2018","1.50030","1.30452"
"SDN","Sudán","2019","1.02630","1.29740"
"SDN","Sudán","2020","0.70200","1.18936"
"SDN","Sudán","2021","0.83330","1.07916"
"SDN","Sudán","2022","1.01480","1.01534"
"SDN","Sudán","2023","1.00590","0.91646"
"SDN","Sudán","2024","0.97040","0.90528"
"SEN","Senegal","1961","0.88570",""
"SEN","Senegal","1962","0.87100",""
"SEN","Senegal","1963","0.81820",""
"SEN","Senegal","1964","0.78720",""
"SEN","Senegal","1965","0.75150","0.82272"
"SEN","Senegal","1966","0.77770","0.80112"
"SEN","Senegal","1967","0.79260","0.78544"
"SEN","Senegal","1968","0.69610","0.76102"
"SEN","Senegal","1969","0.88140","0.77986"
"SEN","Senegal","1970","0.76510","0.78258"
"SEN","Senegal","1971","0.78840","0.78472"
"SEN","Senegal","1972","0.62500","0.75120"
"SEN","Senegal","1973","0.86100","0.78418"
"SEN","Senegal","1974","0.89040","0.78598"
"SEN","Senegal","1975","0.86650","0.80626"
"SEN","Senegal","1976","1.08640","0.86586"
"SEN","Senegal","1977","1.05150","0.95116"
"SEN","Senegal","1978","0.95990","0.97094"
"SEN","Senegal","1979","0.68390","0.92964"
"SEN","Senegal","1980","0.72740","0.90182"
"SEN","Senegal","1981","1.21670","0.92788"
"SEN","Senegal","1982","0.97580","0.91274"
"SEN","Senegal","1983","0.85930","0.89262"
"SEN","Senegal","1984","1.19070","0.99398"
"SEN","Senegal","1985","1.44930","1.13836"
"SEN","Senegal","1986","1.13920","1.12286"
"SEN","Senegal","1987","1.14940","1.15758"
"SEN","Senegal","1988","1.11810","1.20934"
"SEN","Senegal","1989","1.41310","1.25382"
"SEN","Senegal","1990","1.14110","1.19218"
"SEN","Senegal","1991","1.13240","1.19082"
"SEN","Senegal","1992","1.09070","1.17908"
"SEN","Senegal","1993","1.26940","1.20934"
"SEN","Senegal","1994","1.01330","1.12938"
"SEN","Senegal","1995","1.08810","1.11878"
"SEN","Senegal","1996","1.04380","1.10106"
"SEN","Senegal","1997","1.29110","1.14114"
"SEN","Senegal","1998","0.82550","1.05236"
"SEN","Senegal","1999","0.93880","1.03746"
"SEN","Senegal","2000","1.11140","1.04212"
"SEN","Senegal","2001","1.22790","1.07894"
"SEN","Senegal","2002","0.74340","0.96940"
"SEN","Senegal","2003","2.28340","1.26098"
"SEN","Senegal","2004","2.71940","1.61710"
"SEN","Senegal","2005","2.79610","1.95404"
"SEN","Senegal","2006","1.39190","1.98684"
"SEN","Senegal","2007","1.10080","2.05832"
"SEN","Senegal","2008","1.83510","1.96866"
"SEN","Senegal","2009","1.63000","1.75078"
"SEN","Senegal","2010","1.53840","1.49924"
"SEN","Senegal","2011","1.13310","1.44748"
"SEN","Senegal","2012","1.54650","1.53662"
"SEN","Senegal","2013","1.44280","1.45816"
"SEN","Senegal","2014","1.22120","1.37640"
"SEN","Senegal","2015","1.52530","1.37378"
"SEN","Senegal","2016","1.82480","1.51212"
"SEN","Senegal","2017","1.77140","1.55710"
"SEN","Senegal","2018","1.93580","1.65570"
"SEN","Senegal","2019","2.05390","1.82224"
"SEN","Senegal","2020","2.65490","2.04816"
"SEN","Senegal","2021","2.64820","2.21284"
"SEN","Senegal","2022","2.84140","2.42684"
"SEN","Senegal","2023","3.07400","2.65448"
"SEN","Senegal","2024","2.81450","2.80660"
"SLE","Sierra Leona","1961","0.52610",""
"SLE","Sierra Leona","1962","0.52610",""
"SLE","Sierra Leona","1963","0.49730",""
"SLE","Sierra Leona","1964","0.49840",""
"SLE","Sierra Leona","1965","0.66670","0.54292"
"SLE","Sierra Leona","1966","0.95240","0.62818"
"SLE","Sierra Leona","1967","0.95240","0.71344"
"SLE","Sierra Leona","1968","0.95650","0.80528"
"SLE","Sierra Leona","1969","0.96910","0.89942"
"SLE","Sierra Leona","1970","1.01160","0.96840"
"SLE","Sierra Leona","1971","0.97140","0.97220"
"SLE","Sierra Leona","1972","0.97140","0.97600"
"SLE","Sierra Leona","1973","0.99050","0.98280"
"SLE","Sierra Leona","1974","0.97270","0.98352"
"SLE","Sierra Leona","1975","0.98180","0.97756"
"SLE","Sierra Leona","1976","1.03850","0.99098"
"SLE","Sierra Leona","1977","1.07690","1.01208"
"SLE","Sierra Leona","1978","1.07690","1.02936"
"SLE","Sierra Leona","1979","0.92310","1.01944"
"SLE","Sierra Leona","1980","0.92310","1.00770"
"SLE","Sierra Leona","1981","1.07690","1.01538"
"SLE","Sierra Leona","1982","1.07140","1.01428"
"SLE","Sierra Leona","1983","1.07140","1.01318"
"SLE","Sierra Leona","1984","1.07690","1.04394"
"SLE","Sierra Leona","1985","1.07690","1.07470"
"SLE","Sierra Leona","1986","0.57250","0.97382"
"SLE","Sierra Leona","1987","1.00000","0.95954"
"SLE","Sierra Leona","1988","1.14000","0.97326"
"SLE","Sierra Leona","1989","1.14000","0.98588"
"SLE","Sierra Leona","1990","1.08850","0.98820"
"SLE","Sierra Leona","1991","0.90910","1.05552"
"SLE","Sierra Leona","1992","0.81820","1.01916"
"SLE","Sierra Leona","1993","0.82680","0.95652"
"SLE","Sierra Leona","1994","0.89580","0.90768"
"SLE","Sierra Leona","1995","1.01220","0.89242"
"SLE","Sierra Leona","1996","0.98890","0.90838"
"SLE","Sierra Leona","1997","0.94000","0.93274"
"SLE","Sierra Leona","1998","1.07500","0.98238"
"SLE","Sierra Leona","1999","1.23720","1.05066"
"SLE","Sierra Leona","2000","0.92850","1.03392"
"SLE","Sierra Leona","2001","1.03090","1.04232"
"SLE","Sierra Leona","2002","0.78700","1.01172"
"SLE","Sierra Leona","2003","1.00380","0.99748"
"SLE","Sierra Leona","2004","0.97350","0.94474"
"SLE","Sierra Leona","2005","0.97630","0.95430"
"SLE","Sierra Leona","2006","0.81350","0.91082"
"SLE","Sierra Leona","2007","0.84000","0.92142"
"SLE","Sierra Leona","2008","0.84000","0.88866"
"SLE","Sierra Leona","2009","0.92000","0.87796"
"SLE","Sierra Leona","2010","1.45000","0.97270"
"SLE","Sierra Leona","2011","1.52000","1.11400"
"SLE","Sierra Leona","2012","2.20000","1.38600"
"SLE","Sierra Leona","2013","2.09990","1.63798"
"SLE","Sierra Leona","2014","0.60340","1.57466"
"SLE","Sierra Leona","2015","0.61410","1.40748"
"SLE","Sierra Leona","2016","0.33320","1.17012"
"SLE","Sierra Leona","2017","2.13300","1.15672"
"SLE","Sierra Leona","2018","2.14380","1.16550"
"SLE","Sierra Leona","2019","3.29910","1.70464"
"SLE","Sierra Leona","2020","1.62510","1.90684"
"SLE","Sierra Leona","2021","2.99080","2.43836"
"SLE","Sierra Leona","2022","1.60000","2.33176"
"SLE","Sierra Leona","2023","1.58240","2.21948"
"SLE","Sierra Leona","2024","1.70370","1.90040"
"SLV","El Salvador","1961","0.92790",""
"SLV","El Salvador","1962","1.07650",""
"SLV","El Salvador","1963","1.19920",""
"SLV","El Salvador","1964","1.15600",""
"SLV","El Salvador","1965","1.05140","1.08220"
"SLV","El Salvador","1966","1.28080","1.15278"
"SLV","El Salvador","1967","1.08850","1.15518"
"SLV","El Salvador","1968","1.28940","1.17322"
"SLV","El Salvador","1969","1.43720","1.22946"
"SLV","El Salvador","1970","1.76300","1.37178"
"SLV","El Salvador","1971","1.79440","1.47450"
"SLV","El Salvador","1972","1.15530","1.48786"
"SLV","El Salvador","1973","2.01660","1.63330"
"SLV","El Salvador","1974","1.66810","1.67948"
"SLV","El Salvador","1975","1.78420","1.68372"
"SLV","El Salvador","1976","1.46240","1.61732"
"SLV","El Salvador","1977","1.55090","1.69644"
"SLV","El Salvador","1978","1.91790","1.67670"
"SLV","El Salvador","1979","1.89590","1.72226"
"SLV","El Salvador","1980","1.81530","1.72848"
"SLV","El Salvador","1981","1.80980","1.79796"
"SLV","El Salvador","1982","1.73440","1.83466"
"SLV","El Salvador","1983","1.83490","1.81806"
"SLV","El Salvador","1984","2.16620","1.87212"
"SLV","El Salvador","1985","1.95440","1.89994"
"SLV","El Salvador","1986","1.69600","1.87718"
"SLV","El Salvador","1987","2.07380","1.94506"
"SLV","El Salvador","1988","2.11370","2.00082"
"SLV","El Salvador","1989","2.13010","1.99360"
"SLV","El Salvador","1990","2.13830","2.03038"
"SLV","El Salvador","1991","1.64480","2.02014"
"SLV","El Salvador","1992","2.19890","2.04516"
"SLV","El Salvador","1993","2.04820","2.03206"
"SLV","El Salvador","1994","1.52450","1.91094"
"SLV","El Salvador","1995","2.19720","1.92272"
"SLV","El Salvador","1996","2.25720","2.04520"
"SLV","El Salvador","1997","1.65820","1.93706"
"SLV","El Salvador","1998","1.90620","1.90866"
"SLV","El Salvador","1999","2.50470","2.10470"
"SLV","El Salvador","2000","2.24750","2.11476"
"SLV","El Salvador","2001","1.94310","2.05194"
"SLV","El Salvador","2002","2.60410","2.24112"
"SLV","El Salvador","2003","2.74710","2.40930"
"SLV","El Salvador","2004","2.76410","2.46118"
"SLV","El Salvador","2005","2.94340","2.60036"
"SLV","El Salvador","2006","3.07940","2.82762"
"SLV","El Salvador","2007","2.91070","2.88894"
"SLV","El Salvador","2008","3.38950","3.01742"
"SLV","El Salvador","2009","3.00410","3.06542"
"SLV","El Salvador","2010","3.02530","3.08180"
"SLV","El Salvador","2011","2.81810","3.02954"
"SLV","El Salvador","2012","3.25800","3.09900"
"SLV","El Salvador","2013","2.94610","3.01032"
"SLV","El Salvador","2014","2.60640","2.93078"
"SLV","El Salvador","2015","2.51100","2.82792"
"SLV","El Salvador","2016","3.04250","2.87280"
"SLV","El Salvador","2017","3.18670","2.85854"
"SLV","El Salvador","2018","2.53120","2.77556"
"SLV","El Salvador","2019","2.97150","2.84858"
"SLV","El Salvador","2020","2.94940","2.93626"
"SLV","El Salvador","2021","3.17710","2.96318"
"SLV","El Salvador","2022","2.95380","2.91660"
"SLV","El Salvador","2023","3.01050","3.01246"
"SLV","El Salvador","2024","3.08420","3.03500"
"SOM","Somalia","1961","0.86960",""
"SOM","Somalia","1962","0.86670",""
"SOM","Somalia","1963","0.86470",""
"SOM","Somalia","1964","0.86610",""
"SOM","Somalia","1965","0.86610","0.86664"
"SOM","Somalia","1966","0.86070","0.86486"
"SOM","Somalia","1967","0.83330","0.85818"
"SOM","Somalia","1968","0.81480","0.84820"
"SOM","Somalia","1969","0.82480","0.83994"
"SOM","Somalia","1970","0.91430","0.84958"
"SOM","Somalia","1971","0.97120","0.87168"
"SOM","Somalia","1972","0.97920","0.90086"
"SOM","Somalia","1973","0.97590","0.93308"
"SOM","Somalia","1974","0.97580","0.96328"
"SOM","Somalia","1975","0.97920","0.97626"
"SOM","Somalia","1976","0.90420","0.96286"
"SOM","Somalia","1977","0.73900","0.91482"
"SOM","Somalia","1978","0.72430","0.86450"
"SOM","Somalia","1979","0.73360","0.81606"
"SOM","Somalia","1980","1.00920","0.82206"
"SOM","Somalia","1981","0.72080","0.78538"
"SOM","Somalia","1982","0.71720","0.78102"
"SOM","Somalia","1983","1.07820","0.85180"
"SOM","Somalia","1984","1.22770","0.95062"
"SOM","Somalia","1985","1.19500","0.98778"
"SOM","Somalia","1986","1.37170","1.11796"
"SOM","Somalia","1987","1.10290","1.19510"
"SOM","Somalia","1988","1.25640","1.23074"
"SOM","Somalia","1989","1.12870","1.21094"
"SOM","Somalia","1990","0.85900","1.14374"
"SOM","Somalia","1991","1.00000","1.06940"
"SOM","Somalia","1992","0.95440","1.03970"
"SOM","Somalia","1993","0.98750","0.98592"
"SOM","Somalia","1994","0.41490","0.84316"
"SOM","Somalia","1995","0.83040","0.83744"
"SOM","Somalia","1996","0.62020","0.76148"
"SOM","Somalia","1997","0.70950","0.71250"
"SOM","Somalia","1998","0.57270","0.62954"
"SOM","Somalia","1999","0.71180","0.68892"
"SOM","Somalia","2000","1.45970","0.81478"
"SOM","Somalia","2001","1.42740","0.97622"
"SOM","Somalia","2002","1.42740","1.11980"
"SOM","Somalia","2003","1.36260","1.27778"
"SOM","Somalia","2004","1.09440","1.35430"
"SOM","Somalia","2005","1.17650","1.29766"
"SOM","Somalia","2006","1.05260","1.22270"
"SOM","Somalia","2007","1.11110","1.15944"
"SOM","Somalia","2008","1.17650","1.12222"
"SOM","Somalia","2009","1.52990","1.20932"
"SOM","Somalia","2010","1.50980","1.27598"
"SOM","Somalia","2011","1.79010","1.42348"
"SOM","Somalia","2012","1.76620","1.55450"
"SOM","Somalia","2013","1.21000","1.56120"
"SOM","Somalia","2014","0.65570","1.38636"
"SOM","Somalia","2015","0.61110","1.20662"
"SOM","Somalia","2016","0.55510","0.95962"
"SOM","Somalia","2017","0.77000","0.76038"
"SOM","Somalia","2018","1.09680","0.73774"
"SOM","Somalia","2019","0.57000","0.72060"
"SOM","Somalia","2020","0.75000","0.74838"
"SOM","Somalia","2021","0.49000","0.73536"
"SOM","Somalia","2022","0.65000","0.71136"
"SOM","Somalia","2023","0.95000","0.68200"
"SOM","Somalia","2024","0.69000","0.70600"
"SRB","Serbia","2006","5.14260",""
"SRB","Serbia","2007","3.24910",""
"SRB","Serbia","2008","4.83400",""
"SRB","Serbia","2009","5.29210",""
"SRB","Serbia","2010","5.89030","4.88162"
"SRB","Serbia","2011","5.14890","4.88288"
"SRB","Serbia","2012","3.61940","4.95694"
"SRB","Serbia","2013","5.98210","5.18656"
"SRB","Serbia","2014","7.51660","5.63146"
"SRB","Serbia","2015","5.39960","5.53332"
"SRB","Serbia","2016","7.30300","5.96414"
"SRB","Serbia","2017","4.00910","6.04208"
"SRB","Serbia","2018","7.72360","6.39038"
"SRB","Serbia","2019","7.63400","6.41386"
"SRB","Serbia","2020","7.90000","6.91394"
"SRB","Serbia","2021","5.90700","6.63474"
"SRB","Serbia","2022","4.49820","6.73256"
"SRB","Serbia","2023","7.18430","6.62470"
"SRB","Serbia","2024","5.17200","6.13230"
"SSD","Sudán del Sur","2012","0.46150",""
"SSD","Sudán del Sur","2013","0.53110",""
"SSD","Sudán del Sur","2014","0.96400",""
"SSD","Sudán del Sur","2015","0.90730",""
"SSD","Sudán del Sur","2016","0.87910","0.74860"
"SSD","Sudán del Sur","2017","0.88520","0.83334"
"SSD","Sudán del Sur","2018","0.85000","0.89712"
"SSD","Sudán del Sur","2019","0.88050","0.88042"
"SSD","Sudán del Sur","2020","0.88470","0.87590"
"SSD","Sudán del Sur","2021","0.84470","0.86902"
"SSD","Sudán del Sur","2022","0.99680","0.89134"
"SSD","Sudán del Sur","2023","0.99440","0.92022"
"SSD","Sudán del Sur","2024","0.96490","0.93710"
"STP","Santo Tomé y Príncipe","1961","1.48150",""
"STP","Santo Tomé y Príncipe","1962","1.48150",""
"STP","Santo Tomé y Príncipe","1963","1.48150",""
"STP","Santo Tomé y Príncipe","1964","1.48150",""
"STP","Santo Tomé y Príncipe","1965","1.48150","1.48150"
"STP","Santo Tomé y Príncipe","1966","1.44830","1.47486"
"STP","Santo Tomé y Príncipe","1967","1.43330","1.46522"
"STP","Santo Tomé y Príncipe","1968","1.46670","1.46226"
"STP","Santo Tomé y Príncipe","1969","1.50820","1.46760"
"STP","Santo Tomé y Príncipe","1970","1.51610","1.47452"
"STP","Santo Tomé y Príncipe","1971","1.54840","1.49454"
"STP","Santo Tomé y Príncipe","1972","1.53850","1.51558"
"STP","Santo Tomé y Príncipe","1973","1.52940","1.52812"
"STP","Santo Tomé y Príncipe","1974","1.51430","1.52934"
"STP","Santo Tomé y Príncipe","1975","1.52780","1.53168"
"STP","Santo Tomé y Príncipe","1976","1.51520","1.52504"
"STP","Santo Tomé y Príncipe","1977","1.51520","1.52038"
"STP","Santo Tomé y Príncipe","1978","1.51520","1.51754"
"STP","Santo Tomé y Príncipe","1979","1.50000","1.51468"
"STP","Santo Tomé y Príncipe","1980","1.50000","1.50912"
"STP","Santo Tomé y Príncipe","1981","1.51520","1.50912"
"STP","Santo Tomé y Príncipe","1982","1.51520","1.50912"
"STP","Santo Tomé y Príncipe","1983","1.50000","1.50608"
"STP","Santo Tomé y Príncipe","1984","1.55560","1.51720"
"STP","Santo Tomé y Príncipe","1985","1.51670","1.52054"
"STP","Santo Tomé y Príncipe","1986","1.50000","1.51750"
"STP","Santo Tomé y Príncipe","1987","1.60000","1.53446"
"STP","Santo Tomé y Príncipe","1988","1.76470","1.58740"
"STP","Santo Tomé y Príncipe","1989","2.00000","1.67628"
"STP","Santo Tomé y Príncipe","1990","1.92860","1.75866"
"STP","Santo Tomé y Príncipe","1991","2.11760","1.88218"
"STP","Santo Tomé y Príncipe","1992","2.22220","2.00662"
"STP","Santo Tomé y Príncipe","1993","2.19350","2.09238"
"STP","Santo Tomé y Príncipe","1994","2.26320","2.14502"
"STP","Santo Tomé y Príncipe","1995","2.22220","2.20374"
"STP","Santo Tomé y Príncipe","1996","2.25000","2.23022"
"STP","Santo Tomé y Príncipe","1997","2.22220","2.23022"
"STP","Santo Tomé y Príncipe","1998","1.93140","2.17780"
"STP","Santo Tomé y Príncipe","1999","2.10000","2.14516"
"STP","Santo Tomé y Príncipe","2000","2.23000","2.14672"
"STP","Santo Tomé y Príncipe","2001","2.17390","2.13150"
"STP","Santo Tomé y Príncipe","2002","2.10740","2.10854"
"STP","Santo Tomé y Príncipe","2003","2.13110","2.14848"
"STP","Santo Tomé y Príncipe","2004","2.14570","2.15762"
"STP","Santo Tomé y Príncipe","2005","2.22390","2.15640"
"STP","Santo Tomé y Príncipe","2006","2.45450","2.21252"
"STP","Santo Tomé y Príncipe","2007","2.30770","2.25258"
"STP","Santo Tomé y Príncipe","2008","2.15380","2.25712"
"STP","Santo Tomé y Príncipe","2009","1.53850","2.13568"
"STP","Santo Tomé y Príncipe","2010","1.61520","2.01394"
"STP","Santo Tomé y Príncipe","2011","2.09950","1.94294"
"STP","Santo Tomé y Príncipe","2012","2.09900","1.90120"
"STP","Santo Tomé y Príncipe","2013","2.09600","1.88964"
"STP","Santo Tomé y Príncipe","2014","2.06500","1.99494"
"STP","Santo Tomé y Príncipe","2015","2.03320","2.07854"
"STP","Santo Tomé y Príncipe","2016","2.01250","2.06114"
"STP","Santo Tomé y Príncipe","2017","2.00230","2.04180"
"STP","Santo Tomé y Príncipe","2018","2.00240","2.02308"
"STP","Santo Tomé y Príncipe","2019","2.00570","2.01122"
"STP","Santo Tomé y Príncipe","2020","2.00350","2.00528"
"STP","Santo Tomé y Príncipe","2021","2.00380","2.00354"
"STP","Santo Tomé y Príncipe","2022","2.00430","2.00394"
"STP","Santo Tomé y Príncipe","2023","2.00390","2.00424"
"STP","Santo Tomé y Príncipe","2024","2.00400","2.00390"
"SUR","Suriname","1961","1.72290",""
"SUR","Suriname","1962","1.78000",""
"SUR","Suriname","1963","1.75630",""
"SUR","Suriname","1964","2.17300",""
"SUR","Suriname","1965","2.54420","1.99528"
"SUR","Suriname","1966","1.51460","1.95362"
"SUR","Suriname","1967","1.43370","1.88436"
"SUR","Suriname","1968","2.06270","1.94564"
"SUR","Suriname","1969","1.79200","1.86944"
"SUR","Suriname","1970","1.48840","1.65828"
"SUR","Suriname","1971","2.53170","1.86170"
"SUR","Suriname","1972","2.50000","2.07496"
"SUR","Suriname","1973","1.68460","1.99934"
"SUR","Suriname","1974","1.60830","1.96260"
"SUR","Suriname","1975","1.84930","2.03478"
"SUR","Suriname","1976","1.40430","1.80930"
"SUR","Suriname","1977","2.09090","1.72748"
"SUR","Suriname","1978","1.95000","1.78056"
"SUR","Suriname","1979","1.67090","1.79308"
"SUR","Suriname","1980","1.58470","1.74016"
"SUR","Suriname","1981","2.00000","1.85930"
"SUR","Suriname","1982","1.55560","1.75224"
"SUR","Suriname","1983","1.35250","1.63274"
"SUR","Suriname","1984","1.68920","1.63640"
"SUR","Suriname","1985","1.62750","1.64496"
"SUR","Suriname","1986","1.15250","1.47546"
"SUR","Suriname","1987","1.60710","1.48576"
"SUR","Suriname","1988","1.70920","1.55710"
"SUR","Suriname","1989","1.73830","1.56692"
"SUR","Suriname","1990","2.15750","1.67292"
"SUR","Suriname","1991","2.22890","1.88820"
"SUR","Suriname","1992","1.87060","1.94090"
"SUR","Suriname","1993","2.06510","2.01208"
"SUR","Suriname","1994","1.81620","2.02766"
"SUR","Suriname","1995","2.25530","2.04722"
"SUR","Suriname","1996","2.22670","2.04678"
"SUR","Suriname","1997","2.28330","2.12932"
"SUR","Suriname","1998","2.20000","2.15630"
"SUR","Suriname","1999","1.00000","1.99306"
"SUR","Suriname","2000","1.90480","1.92296"
"SUR","Suriname","2001","1.94440","1.86650"
"SUR","Suriname","2002","1.96770","1.80338"
"SUR","Suriname","2003","2.32140","1.82766"
"SUR","Suriname","2004","2.80770","2.18920"
"SUR","Suriname","2005","1.84210","2.17666"
"SUR","Suriname","2006","2.30000","2.24778"
"SUR","Suriname","2007","2.72220","2.39868"
"SUR","Suriname","2008","2.25000","2.38440"
"SUR","Suriname","2009","2.40000","2.30286"
"SUR","Suriname","2010","2.33330","2.40110"
"SUR","Suriname","2011","2.28570","2.39824"
"SUR","Suriname","2012","2.63640","2.38108"
"SUR","Suriname","2013","2.47370","2.42582"
"SUR","Suriname","2014","2.41670","2.42916"
"SUR","Suriname","2015","2.34290","2.43108"
"SUR","Suriname","2016","2.47220","2.46838"
"SUR","Suriname","2017","2.38890","2.41888"
"SUR","Suriname","2018","2.50000","2.42414"
"SUR","Suriname","2019","2.62960","2.46672"
"SUR","Suriname","2020","2.53330","2.50480"
"SUR","Suriname","2021","3.37500","2.68536"
"SUR","Suriname","2022","5.80000","3.36758"
"SUR","Suriname","2023","4.56520","3.78062"
"SUR","Suriname","2024","4.02420","4.05954"
"SVK","Eslovaquia","1993","4.61600",""
"SVK","Eslovaquia","1994","4.13620",""
"SVK","Eslovaquia","1995","4.89570",""
"SVK","Eslovaquia","1996","5.75270",""
"SVK","Eslovaquia","1997","5.94790","5.06970"
"SVK","Eslovaquia","1998","5.50560","5.24762"
"SVK","Eslovaquia","1999","5.99740","5.61986"
"SVK","Eslovaquia","2000","3.03740","5.24820"
"SVK","Eslovaquia","2001","5.02350","5.10236"
"SVK","Eslovaquia","2002","5.38870","4.99052"
"SVK","Eslovaquia","2003","4.11950","4.71330"
"SVK","Eslovaquia","2004","5.83370","4.68056"
"SVK","Eslovaquia","2005","6.96590","5.46626"
"SVK","Eslovaquia","2006","5.55160","5.57188"
"SVK","Eslovaquia","2007","3.96750","5.28764"
"SVK","Eslovaquia","2008","8.17320","6.09838"
"SVK","Eslovaquia","2009","6.85030","6.30170"
"SVK","Eslovaquia","2010","5.53060","6.01464"
"SVK","Eslovaquia","2011","7.14890","6.33410"
"SVK","Eslovaquia","2012","5.51180","6.64296"
"SVK","Eslovaquia","2013","5.07040","6.02240"
"SVK","Eslovaquia","2014","8.39140","6.33062"
"SVK","Eslovaquia","2015","4.85400","6.19530"
"SVK","Eslovaquia","2016","9.25370","6.61626"
"SVK","Eslovaquia","2017","5.67690","6.64928"
"SVK","Eslovaquia","2018","8.36850","7.30890"
"SVK","Eslovaquia","2019","7.32510","7.09564"
"SVK","Eslovaquia","2020","8.57880","7.84060"
"SVK","Eslovaquia","2021","7.77280","7.54442"
"SVK","Eslovaquia","2022","4.30840","7.27072"
"SVK","Eslovaquia","2023","7.98600","7.19422"
"SVK","Eslovaquia","2024","7.22310","7.17382"
"SVN","Eslovenia","1992","2.81500",""
"SVN","Eslovenia","1993","4.02100",""
"SVN","Eslovenia","1994","6.32000",""
"SVN","Eslovenia","1995","6.33800",""
"SVN","Eslovenia","1996","6.30000","5.15880"
"SVN","Eslovenia","1997","7.48110","6.09202"
"SVN","Eslovenia","1998","7.31390","6.75060"
"SVN","Eslovenia","1999","6.93680","6.87396"
"SVN","Eslovenia","2000","5.88210","6.78278"
"SVN","Eslovenia","2001","5.41390","6.60556"
"SVN","Eslovenia","2002","8.15740","6.74082"
"SVN","Eslovenia","2003","5.08020","6.29408"
"SVN","Eslovenia","2004","7.77500","6.46172"
"SVN","Eslovenia","2005","8.28830","6.94296"
"SVN","Eslovenia","2006","6.93050","7.24628"
"SVN","Eslovenia","2007","7.53580","7.12196"
"SVN","Eslovenia","2008","7.32070","7.57006"
"SVN","Eslovenia","2009","7.83710","7.58248"
"SVN","Eslovenia","2010","8.53940","7.63270"
"SVN","Eslovenia","2011","8.68560","7.98372"
"SVN","Eslovenia","2012","7.08160","7.89288"
"SVN","Eslovenia","2013","5.41450","7.51164"
"SVN","Eslovenia","2014","9.14620","7.77346"
"SVN","Eslovenia","2015","8.97420","7.86042"
"SVN","Eslovenia","2016","9.51440","8.02618"
"SVN","Eslovenia","2017","7.10830","8.03152"
"SVN","Eslovenia","2018","9.45230","8.83908"
"SVN","Eslovenia","2019","9.26850","8.86354"
"SVN","Eslovenia","2020","10.79210","9.22712"
"SVN","Eslovenia","2021","9.39200","9.20264"
"SVN","Eslovenia","2022","6.68480","9.11794"
"SVN","Eslovenia","2023","8.79160","8.98580"
"SVN","Eslovenia","2024","9.19570","8.97124"
"SWE","Suecia","2018","4.14410",""
"SWE","Suecia","2019","6.97530",""
"SWE","Suecia","2020","6.75680",""
"SWE","Suecia","2021","8.56320",""
"SWE","Suecia","2022","6.89270","6.66642"
"SWE","Suecia","2023","7.96950","7.43150"
"SWE","Suecia","2024","6.76860","7.39016"
"SWZ","Eswatini","1961","0.40010",""
"SWZ","Eswatini","1962","0.42650",""
"SWZ","Eswatini","1963","0.44340",""
"SWZ","Eswatini","1964","0.41800",""
"SWZ","Eswatini","1965","0.44100","0.42580"
"SWZ","Eswatini","1966","0.40250","0.42628"
"SWZ","Eswatini","1967","0.67310","0.47560"
"SWZ","Eswatini","1968","0.53240","0.49340"
"SWZ","Eswatini","1969","0.58760","0.52732"
"SWZ","Eswatini","1970","0.62030","0.56318"
"SWZ","Eswatini","1971","1.57340","0.79736"
"SWZ","Eswatini","1972","1.74050","1.01084"
"SWZ","Eswatini","1973","1.13200","1.13076"
"SWZ","Eswatini","1974","1.54760","1.32276"
"SWZ","Eswatini","1975","1.42540","1.48378"
"SWZ","Eswatini","1976","1.44760","1.45862"
"SWZ","Eswatini","1977","1.27570","1.36566"
"SWZ","Eswatini","1978","1.78710","1.49668"
"SWZ","Eswatini","1979","0.91770","1.37070"
"SWZ","Eswatini","1980","1.35970","1.35756"
"SWZ","Eswatini","1981","1.68350","1.40474"
"SWZ","Eswatini","1982","0.88680","1.32696"
"SWZ","Eswatini","1983","0.67680","1.10490"
"SWZ","Eswatini","1984","1.79000","1.27936"
"SWZ","Eswatini","1985","2.02200","1.41182"
"SWZ","Eswatini","1986","1.43120","1.36136"
"SWZ","Eswatini","1987","1.23850","1.43170"
"SWZ","Eswatini","1988","1.28700","1.55374"
"SWZ","Eswatini","1989","1.01880","1.39950"
"SWZ","Eswatini","1990","1.24030","1.24316"
"SWZ","Eswatini","1991","1.01050","1.15902"
"SWZ","Eswatini","1992","1.54350","1.22002"
"SWZ","Eswatini","1993","1.37850","1.23832"
"SWZ","Eswatini","1994","1.27330","1.28922"
"SWZ","Eswatini","1995","2.20650","1.48246"
"SWZ","Eswatini","1996","1.77660","1.63568"
"SWZ","Eswatini","1997","1.92180","1.71134"
"SWZ","Eswatini","1998","1.91780","1.81920"
"SWZ","Eswatini","1999","1.64560","1.89366"
"SWZ","Eswatini","2000","1.64560","1.78148"
"SWZ","Eswatini","2001","1.42670","1.71150"
"SWZ","Eswatini","2002","0.99620","1.52638"
"SWZ","Eswatini","2003","1.02350","1.34752"
"SWZ","Eswatini","2004","1.25000","1.26840"
"SWZ","Eswatini","2005","1.32100","1.20348"
"SWZ","Eswatini","2006","1.42910","1.20396"
"SWZ","Eswatini","2007","0.55200","1.11512"
"SWZ","Eswatini","2008","0.99430","1.10928"
"SWZ","Eswatini","2009","1.28690","1.11666"
"SWZ","Eswatini","2010","1.20400","1.09326"
"SWZ","Eswatini","2011","1.34520","1.07648"
"SWZ","Eswatini","2012","1.33750","1.23358"
"SWZ","Eswatini","2013","1.37020","1.30876"
"SWZ","Eswatini","2014","1.36520","1.32442"
"SWZ","Eswatini","2015","1.26080","1.33578"
"SWZ","Eswatini","2016","1.22480","1.31170"
"SWZ","Eswatini","2017","1.23870","1.29194"
"SWZ","Eswatini","2018","1.26890","1.27168"
"SWZ","Eswatini","2019","1.27640","1.25392"
"SWZ","Eswatini","2020","1.27940","1.25764"
"SWZ","Eswatini","2021","1.42860","1.29840"
"SWZ","Eswatini","2022","1.58750","1.36816"
"SWZ","Eswatini","2023","1.21720","1.35782"
"SWZ","Eswatini","2024","1.07140","1.31682"
"SYR","Siria","1961","0.17870",""
"SYR","Siria","1962","0.11930",""
"SYR","Siria","1963","0.13740",""
"SYR","Siria","1964","0.11390",""
"SYR","Siria","1965","0.10250","0.13036"
"SYR","Siria","1966","0.13590","0.12180"
"SYR","Siria","1967","0.16090","0.13012"
"SYR","Siria","1968","0.13990","0.13062"
"SYR","Siria","1969","0.15620","0.13908"
"SYR","Siria","1970","0.14070","0.14672"
"SYR","Siria","1971","0.15300","0.15014"
"SYR","Siria","1972","0.27090","0.17214"
"SYR","Siria","1973","0.27890","0.19994"
"SYR","Siria","1974","0.34750","0.23820"
"SYR","Siria","1975","0.48360","0.30678"
"SYR","Siria","1976","0.92090","0.46036"
"SYR","Siria","1977","1.06030","0.61824"
"SYR","Siria","1978","1.01580","0.76562"
"SYR","Siria","1979","0.60980","0.81808"
"SYR","Siria","1980","0.87040","0.89544"
"SYR","Siria","1981","0.83430","0.87812"
"SYR","Siria","1982","0.89540","0.84514"
"SYR","Siria","1983","0.48410","0.73880"
"SYR","Siria","1984","1.08290","0.83342"
"SYR","Siria","1985","1.42450","0.94424"
"SYR","Siria","1986","1.34140","1.04566"
"SYR","Siria","1987","1.02860","1.07230"
"SYR","Siria","1988","1.63200","1.30188"
"SYR","Siria","1989","1.96510","1.47832"
"SYR","Siria","1990","3.25400","1.84422"
"SYR","Siria","1991","4.06750","2.38944"
"SYR","Siria","1992","3.88680","2.96108"
"SYR","Siria","1993","3.61570","3.35782"
"SYR","Siria","1994","3.67340","3.69948"
"SYR","Siria","1995","3.59750","3.76818"
"SYR","Siria","1996","4.51950","3.85858"
"SYR","Siria","1997","5.48230","4.17768"
"SYR","Siria","1998","5.15240","4.48502"
"SYR","Siria","1999","3.27210","4.40476"
"SYR","Siria","2000","3.44390","4.37404"
"SYR","Siria","2001","3.89870","4.24988"
"SYR","Siria","2002","4.19210","3.99184"
"SYR","Siria","2003","4.09790","3.78094"
"SYR","Siria","2004","3.71870","3.87026"
"SYR","Siria","2005","3.67780","3.91704"
"SYR","Siria","2006","3.51460","3.84022"
"SYR","Siria","2007","3.51540","3.70488"
"SYR","Siria","2008","3.96760","3.67882"
"SYR","Siria","2009","4.37910","3.81090"
"SYR","Siria","2010","3.51020","3.77738"
"SYR","Siria","2011","5.04780","4.08402"
"SYR","Siria","2012","4.27800","4.23654"
"SYR","Siria","2013","3.64700","4.17242"
"SYR","Siria","2014","2.72460","3.84152"
"SYR","Siria","2015","2.65390","3.67026"
"SYR","Siria","2016","4.49050","3.55880"
"SYR","Siria","2017","3.36410","3.37602"
"SYR","Siria","2018","3.73330","3.39328"
"SYR","Siria","2019","3.82900","3.61416"
"SYR","Siria","2020","4.50430","3.98424"
"SYR","Siria","2021","5.40870","4.16788"
"SYR","Siria","2022","5.83350","4.66176"
"SYR","Siria","2023","7.16600","5.34830"
"SYR","Siria","2024","5.68440","5.71938"
"TCD","Chad","1961","1.05880",""
"TCD","Chad","1962","1.00000",""
"TCD","Chad","1963","1.00000",""
"TCD","Chad","1964","0.62580",""
"TCD","Chad","1965","0.77780","0.89248"
"TCD","Chad","1966","0.84870","0.85046"
"TCD","Chad","1967","1.00000","0.85046"
"TCD","Chad","1968","2.00000","1.05046"
"TCD","Chad","1969","1.92310","1.30992"
"TCD","Chad","1970","1.71430","1.49722"
"TCD","Chad","1971","2.24140","1.77576"
"TCD","Chad","1972","2.14290","2.00434"
"TCD","Chad","1973","1.89660","1.98366"
"TCD","Chad","1974","2.05360","2.00976"
"TCD","Chad","1975","1.51520","1.96994"
"TCD","Chad","1976","1.60000","1.84166"
"TCD","Chad","1977","0.95000","1.60308"
"TCD","Chad","1978","0.75000","1.37376"
"TCD","Chad","1979","0.80000","1.12304"
"TCD","Chad","1980","0.83330","0.98666"
"TCD","Chad","1981","0.87500","0.84166"
"TCD","Chad","1982","0.72440","0.79654"
"TCD","Chad","1983","0.77760","0.80206"
"TCD","Chad","1984","0.81570","0.80520"
"TCD","Chad","1985","0.83000","0.80454"
"TCD","Chad","1986","0.78020","0.78558"
"TCD","Chad","1987","0.70660","0.78202"
"TCD","Chad","1988","1.07670","0.84184"
"TCD","Chad","1989","0.98310","0.87532"
"TCD","Chad","1990","0.97680","0.90468"
"TCD","Chad","1991","0.98460","0.94556"
"TCD","Chad","1992","1.26860","1.05796"
"TCD","Chad","1993","0.83830","1.01028"
"TCD","Chad","1994","1.24260","1.06218"
"TCD","Chad","1995","0.88310","1.04344"
"TCD","Chad","1996","0.89110","1.02474"
"TCD","Chad","1997","0.95660","0.96234"
"TCD","Chad","1998","1.40680","1.07604"
"TCD","Chad","1999","0.69910","0.96734"
"TCD","Chad","2000","0.75300","0.94132"
"TCD","Chad","2001","0.52670","0.86844"
"TCD","Chad","2002","0.71280","0.81968"
"TCD","Chad","2003","0.90750","0.71982"
"TCD","Chad","2004","0.84510","0.74902"
"TCD","Chad","2005","1.09380","0.81718"
"TCD","Chad","2006","1.06660","0.92516"
"TCD","Chad","2007","1.02110","0.98682"
"TCD","Chad","2008","0.96130","0.99758"
"TCD","Chad","2009","0.98310","1.02518"
"TCD","Chad","2010","0.81740","0.96990"
"TCD","Chad","2011","1.22710","1.00200"
"TCD","Chad","2012","1.36790","1.07136"
"TCD","Chad","2013","1.22730","1.12456"
"TCD","Chad","2014","1.16400","1.16074"
"TCD","Chad","2015","1.14610","1.22648"
"TCD","Chad","2016","1.27260","1.23558"
"TCD","Chad","2017","1.18140","1.19828"
"TCD","Chad","2018","1.28090","1.20900"
"TCD","Chad","2019","1.26250","1.22870"
"TCD","Chad","2020","1.20290","1.24006"
"TCD","Chad","2021","1.12360","1.21026"
"TCD","Chad","2022","1.12100","1.19818"
"TCD","Chad","2023","1.10510","1.16302"
"TCD","Chad","2024","1.27280","1.16508"
"TGO","Togo","1961","0.49260",""
"TGO","Togo","1962","0.60470",""
"TGO","Togo","1963","0.47590",""
"TGO","Togo","1964","0.44000",""
"TGO","Togo","1965","0.42540","0.48772"
"TGO","Togo","1966","0.53090","0.49538"
"TGO","Togo","1967","0.49450","0.47334"
"TGO","Togo","1968","0.57790","0.49374"
"TGO","Togo","1969","0.87120","0.57998"
"TGO","Togo","1970","1.21330","0.73756"
"TGO","Togo","1971","1.21330","0.87404"
"TGO","Togo","1972","1.11150","0.99744"
"TGO","Togo","1973","1.11790","1.10544"
"TGO","Togo","1974","1.17740","1.16668"
"TGO","Togo","1975","1.23370","1.17076"
"TGO","Togo","1976","0.82910","1.09392"
"TGO","Togo","1977","0.99420","1.07046"
"TGO","Togo","1978","1.17140","1.08116"
"TGO","Togo","1979","1.16370","1.07842"
"TGO","Togo","1980","0.92080","1.01584"
"TGO","Togo","1981","0.98800","1.04762"
"TGO","Togo","1982","0.86150","1.02108"
"TGO","Togo","1983","0.66910","0.92062"
"TGO","Togo","1984","0.92940","0.87376"
"TGO","Togo","1985","0.90610","0.87082"
"TGO","Togo","1986","0.64540","0.80230"
"TGO","Togo","1987","0.76520","0.78304"
"TGO","Togo","1988","1.10990","0.87120"
"TGO","Togo","1989","1.07340","0.90000"
"TGO","Togo","1990","0.96530","0.91184"
"TGO","Togo","1991","0.90600","0.96396"
"TGO","Togo","1992","1.01400","1.01372"
"TGO","Togo","1993","1.15990","1.02372"
"TGO","Togo","1994","0.93060","0.99516"
"TGO","Togo","1995","0.85530","0.97316"
"TGO","Togo","1996","0.94040","0.98004"
"TGO","Togo","1997","1.06760","0.99076"
"TGO","Togo","1998","0.86730","0.93224"
"TGO","Togo","1999","1.19790","0.98570"
"TGO","Togo","2000","1.20200","1.05504"
"TGO","Togo","2001","1.30710","1.12838"
"TGO","Togo","2002","1.26520","1.16790"
"TGO","Togo","2003","1.27280","1.24900"
"TGO","Togo","2004","1.09200","1.22782"
"TGO","Togo","2005","1.15770","1.21896"
"TGO","Togo","2006","1.15510","1.18856"
"TGO","Togo","2007","1.16640","1.16880"
"TGO","Togo","2008","1.19220","1.15268"
"TGO","Togo","2009","1.25590","1.18546"
"TGO","Togo","2010","1.19370","1.19266"
"TGO","Togo","2011","1.24530","1.21070"
"TGO","Togo","2012","1.19140","1.21570"
"TGO","Togo","2013","0.92440","1.16214"
"TGO","Togo","2014","1.19590","1.15014"
"TGO","Togo","2015","1.38950","1.18930"
"TGO","Togo","2016","1.22350","1.18494"
"TGO","Togo","2017","1.23080","1.19282"
"TGO","Togo","2018","1.23960","1.25586"
"TGO","Togo","2019","1.22710","1.26210"
"TGO","Togo","2020","1.22600","1.22940"
"TGO","Togo","2021","1.23020","1.23074"
"TGO","Togo","2022","1.25380","1.23534"
"TGO","Togo","2023","1.25370","1.23816"
"TGO","Togo","2024","1.25620","1.24398"
"THA","Tailandia","1961","2.00760",""
"THA","Tailandia","1962","2.07010",""
"THA","Tailandia","1963","2.20780",""
"THA","Tailandia","1964","1.72710",""
"THA","Tailandia","1965","1.81860","1.96624"
"THA","Tailandia","1966","1.90160","1.94504"
"THA","Tailandia","1967","2.03430","1.93788"
"THA","Tailandia","1968","2.19550","1.93542"
"THA","Tailandia","1969","2.51910","2.09382"
"THA","Tailandia","1970","2.58770","2.24764"
"THA","Tailandia","1971","2.42110","2.35154"
"THA","Tailandia","1972","1.41400","2.22748"
"THA","Tailandia","1973","2.22760","2.23390"
"THA","Tailandia","1974","2.33210","2.19650"
"THA","Tailandia","1975","2.37520","2.15400"
"THA","Tailandia","1976","2.38620","2.14702"
"THA","Tailandia","1977","1.71770","2.20776"
"THA","Tailandia","1978","2.12400","2.18704"
"THA","Tailandia","1979","2.01030","2.12268"
"THA","Tailandia","1980","2.22830","2.09330"
"THA","Tailandia","1981","2.35380","2.08682"
"THA","Tailandia","1982","2.29880","2.20304"
"THA","Tailandia","1983","2.26740","2.23172"
"THA","Tailandia","1984","2.43050","2.31576"
"THA","Tailandia","1985","2.57190","2.38448"
"THA","Tailandia","1986","2.37380","2.38848"
"THA","Tailandia","1987","2.04860","2.33844"
"THA","Tailandia","1988","2.61760","2.40848"
"THA","Tailandia","1989","2.56900","2.43618"
"THA","Tailandia","1990","2.40900","2.40360"
"THA","Tailandia","1991","2.71170","2.47118"
"THA","Tailandia","1992","2.97090","2.65564"
"THA","Tailandia","1993","2.73330","2.67878"
"THA","Tailandia","1994","2.93440","2.75186"
"THA","Tailandia","1995","3.28840","2.92774"
"THA","Tailandia","1996","3.44780","3.07496"
"THA","Tailandia","1997","3.19820","3.12042"
"THA","Tailandia","1998","3.34480","3.24272"
"THA","Tailandia","1999","3.55260","3.36636"
"THA","Tailandia","2000","3.67150","3.44298"
"THA","Tailandia","2001","3.73290","3.50000"
"THA","Tailandia","2002","3.71450","3.60326"
"THA","Tailandia","2003","3.85130","3.70456"
"THA","Tailandia","2004","3.85870","3.76578"
"THA","Tailandia","2005","3.81610","3.79470"
"THA","Tailandia","2006","3.93560","3.83524"
"THA","Tailandia","2007","3.92950","3.87824"
"THA","Tailandia","2008","4.07480","3.92294"
"THA","Tailandia","2009","4.17800","3.98680"
"THA","Tailandia","2010","4.17990","4.05956"
"THA","Tailandia","2011","4.32970","4.13838"
"THA","Tailandia","2012","4.32250","4.21698"
"THA","Tailandia","2013","4.22420","4.24686"
"THA","Tailandia","2014","4.24540","4.26034"
"THA","Tailandia","2015","4.17890","4.26014"
"THA","Tailandia","2016","4.37900","4.27000"
"THA","Tailandia","2017","4.59810","4.32512"
"THA","Tailandia","2018","4.59520","4.39932"
"THA","Tailandia","2019","4.34580","4.41940"
"THA","Tailandia","2020","4.45360","4.47434"
"THA","Tailandia","2021","4.54880","4.50830"
"THA","Tailandia","2022","4.67380","4.52344"
"THA","Tailandia","2023","4.65280","4.53496"
"THA","Tailandia","2024","4.66090","4.59798"
"TJK","Tayikistán","1992","2.96130",""
"TJK","Tayikistán","1993","3.04550",""
"TJK","Tayikistán","1994","1.80000",""
"TJK","Tayikistán","1995","1.93720",""
"TJK","Tayikistán","1996","3.75200","2.69920"
"TJK","Tayikistán","1997","2.75010","2.65696"
"TJK","Tayikistán","1998","2.98160","2.64418"
"TJK","Tayikistán","1999","2.81000","2.84618"
"TJK","Tayikistán","2000","2.70110","2.99896"
"TJK","Tayikistán","2001","2.95150","2.83886"
"TJK","Tayikistán","2002","3.51170","2.99118"
"TJK","Tayikistán","2003","3.76990","3.14884"
"TJK","Tayikistán","2004","4.68110","3.52306"
"TJK","Tayikistán","2005","4.04710","3.79226"
"TJK","Tayikistán","2006","3.77400","3.95676"
"TJK","Tayikistán","2007","4.01090","4.05660"
"TJK","Tayikistán","2008","9.39850","5.18232"
"TJK","Tayikistán","2009","9.88930","6.22396"
"TJK","Tayikistán","2010","12.05210","7.82496"
"TJK","Tayikistán","2011","12.12280","9.49472"
"TJK","Tayikistán","2012","12.56700","11.20594"
"TJK","Tayikistán","2013","12.48270","11.82278"
"TJK","Tayikistán","2014","13.28090","12.50110"
"TJK","Tayikistán","2015","10.58150","12.20698"
"TJK","Tayikistán","2016","12.36340","12.25510"
"TJK","Tayikistán","2017","13.07760","12.35722"
"TJK","Tayikistán","2018","14.88680","12.83804"
"TJK","Tayikistán","2019","13.73380","12.92862"
"TJK","Tayikistán","2020","10.48020","12.90836"
"TJK","Tayikistán","2021","19.26850","14.28938"
"TJK","Tayikistán","2022","12.31100","14.13606"
"TJK","Tayikistán","2023","14.11010","13.98072"
"TJK","Tayikistán","2024","15.83990","14.40194"
"TKM","Turkmenistán","1992","3.69770",""
"TKM","Turkmenistán","1993","4.28000",""
"TKM","Turkmenistán","1994","3.40910",""
"TKM","Turkmenistán","1995","3.47000",""
"TKM","Turkmenistán","1996","0.74000","3.11936"
"TKM","Turkmenistán","1997","0.29440","2.43870"
"TKM","Turkmenistán","1998","0.52000","1.68670"
"TKM","Turkmenistán","1999","0.82000","1.16888"
"TKM","Turkmenistán","2000","0.97000","0.66888"
"TKM","Turkmenistán","2001","1.00000","0.72088"
"TKM","Turkmenistán","2002","0.96770","0.85554"
"TKM","Turkmenistán","2003","1.25000","1.00154"
"TKM","Turkmenistán","2004","1.00000","1.03754"
"TKM","Turkmenistán","2005","0.94120","1.03178"
"TKM","Turkmenistán","2006","1.06670","1.04512"
"TKM","Turkmenistán","2007","1.30000","1.11158"
"TKM","Turkmenistán","2008","1.10000","1.08158"
"TKM","Turkmenistán","2009","1.60000","1.20158"
"TKM","Turkmenistán","2010","1.70000","1.35334"
"TKM","Turkmenistán","2011","1.62060","1.46412"
"TKM","Turkmenistán","2012","1.88430","1.58098"
"TKM","Turkmenistán","2013","2.42190","1.84536"
"TKM","Turkmenistán","2014","2.79880","2.08512"
"TKM","Turkmenistán","2015","3.43390","2.43190"
"TKM","Turkmenistán","2016","3.72480","2.85274"
"TKM","Turkmenistán","2017","3.57010","3.18990"
"TKM","Turkmenistán","2018","3.15340","3.33620"
"TKM","Turkmenistán","2019","3.17130","3.41070"
"TKM","Turkmenistán","2020","3.65890","3.45570"
"TKM","Turkmenistán","2021","2.99980","3.31070"
"TKM","Turkmenistán","2022","2.62360","3.12140"
"TKM","Turkmenistán","2023","2.17370","2.92546"
"TKM","Turkmenistán","2024","2.96000","2.88320"
"TLS","Timor-Leste","1961","1.09380",""
"TLS","Timor-Leste","1962","1.00000",""
"TLS","Timor-Leste","1963","1.02070",""
"TLS","Timor-Leste","1964","1.02410",""
"TLS","Timor-Leste","1965","1.01980","1.03168"
"TLS","Timor-Leste","1966","1.04270","1.02146"
"TLS","Timor-Leste","1967","1.02050","1.02556"
"TLS","Timor-Leste","1968","1.05250","1.03192"
"TLS","Timor-Leste","1969","1.12190","1.05148"
"TLS","Timor-Leste","1970","1.05220","1.05796"
"TLS","Timor-Leste","1971","1.05820","1.06106"
"TLS","Timor-Leste","1972","1.02710","1.06238"
"TLS","Timor-Leste","1973","1.04250","1.06038"
"TLS","Timor-Leste","1974","1.07140","1.05028"
"TLS","Timor-Leste","1975","1.11110","1.06206"
"TLS","Timor-Leste","1976","1.08700","1.06782"
"TLS","Timor-Leste","1977","1.14290","1.09098"
"TLS","Timor-Leste","1978","1.05560","1.09360"
"TLS","Timor-Leste","1979","1.04650","1.08862"
"TLS","Timor-Leste","1980","1.04170","1.07474"
"TLS","Timor-Leste","1981","1.04650","1.06664"
"TLS","Timor-Leste","1982","1.04350","1.04676"
"TLS","Timor-Leste","1983","1.02130","1.03990"
"TLS","Timor-Leste","1984","1.08700","1.04800"
"TLS","Timor-Leste","1985","1.06700","1.05306"
"TLS","Timor-Leste","1986","1.07200","1.05816"
"TLS","Timor-Leste","1987","1.14000","1.07746"
"TLS","Timor-Leste","1988","1.28820","1.13084"
"TLS","Timor-Leste","1989","1.26920","1.16728"
"TLS","Timor-Leste","1990","1.32750","1.21938"
"TLS","Timor-Leste","1991","1.39210","1.28340"
"TLS","Timor-Leste","1992","1.40950","1.33730"
"TLS","Timor-Leste","1993","1.80000","1.43966"
"TLS","Timor-Leste","1994","1.88230","1.56228"
"TLS","Timor-Leste","1995","1.83550","1.66388"
"TLS","Timor-Leste","1996","1.83460","1.75238"
"TLS","Timor-Leste","1997","1.57700","1.78588"
"TLS","Timor-Leste","1998","1.84770","1.79542"
"TLS","Timor-Leste","1999","1.30010","1.67898"
"TLS","Timor-Leste","2000","1.60820","1.63352"
"TLS","Timor-Leste","2001","1.21560","1.50972"
"TLS","Timor-Leste","2002","1.75510","1.54534"
"TLS","Timor-Leste","2003","1.39240","1.45428"
"TLS","Timor-Leste","2004","1.58090","1.51044"
"TLS","Timor-Leste","2005","1.59000","1.50680"
"TLS","Timor-Leste","2006","1.67580","1.59884"
"TLS","Timor-Leste","2007","1.12820","1.47346"
"TLS","Timor-Leste","2008","1.26110","1.44720"
"TLS","Timor-Leste","2009","1.88840","1.50870"
"TLS","Timor-Leste","2010","2.11930","1.61456"
"TLS","Timor-Leste","2011","2.29430","1.73826"
"TLS","Timor-Leste","2012","1.39020","1.79066"
"TLS","Timor-Leste","2013","2.35380","2.00920"
"TLS","Timor-Leste","2014","2.77250","2.18602"
"TLS","Timor-Leste","2015","2.39700","2.24156"
"TLS","Timor-Leste","2016","2.31460","2.24562"
"TLS","Timor-Leste","2017","2.16930","2.40144"
"TLS","Timor-Leste","2018","2.14450","2.35958"
"TLS","Timor-Leste","2019","2.51160","2.30740"
"TLS","Timor-Leste","2020","2.66860","2.36172"
"TLS","Timor-Leste","2021","0.97210","2.09322"
"TLS","Timor-Leste","2022","1.69600","1.99856"
"TLS","Timor-Leste","2023","2.07550","1.98476"
"TLS","Timor-Leste","2024","2.06370","1.89518"
"TTO","Trinidad y Tobago","1961","3.00000",""
"TTO","Trinidad y Tobago","1962","3.19530",""
"TTO","Trinidad y Tobago","1963","3.39390",""
"TTO","Trinidad y Tobago","1964","3.58970",""
"TTO","Trinidad y Tobago","1965","3.77360","3.39050"
"TTO","Trinidad y Tobago","1966","4.00000","3.59050"
"TTO","Trinidad y Tobago","1967","4.16670","3.78478"
"TTO","Trinidad y Tobago","1968","4.44440","3.99488"
"TTO","Trinidad y Tobago","1969","4.48470","4.17388"
"TTO","Trinidad y Tobago","1970","4.48730","4.31662"
"TTO","Trinidad y Tobago","1971","3.92200","4.30102"
"TTO","Trinidad y Tobago","1972","3.92320","4.25232"
"TTO","Trinidad y Tobago","1973","3.92090","4.14762"
"TTO","Trinidad y Tobago","1974","3.92280","4.03524"
"TTO","Trinidad y Tobago","1975","3.92140","3.92206"
"TTO","Trinidad y Tobago","1976","4.21050","3.97976"
"TTO","Trinidad y Tobago","1977","4.08600","4.01232"
"TTO","Trinidad y Tobago","1978","4.06980","4.04210"
"TTO","Trinidad y Tobago","1979","2.81150","3.81984"
"TTO","Trinidad y Tobago","1980","2.80600","3.59676"
"TTO","Trinidad y Tobago","1981","2.78580","3.31182"
"TTO","Trinidad y Tobago","1982","2.80620","3.05586"
"TTO","Trinidad y Tobago","1983","2.80790","2.80348"
"TTO","Trinidad y Tobago","1984","2.85710","2.81260"
"TTO","Trinidad y Tobago","1985","2.85710","2.82282"
"TTO","Trinidad y Tobago","1986","2.85710","2.83708"
"TTO","Trinidad y Tobago","1987","2.85710","2.84726"
"TTO","Trinidad y Tobago","1988","2.85710","2.85710"
"TTO","Trinidad y Tobago","1989","2.85710","2.85710"
"TTO","Trinidad y Tobago","1990","4.36260","3.15820"
"TTO","Trinidad y Tobago","1991","3.18780","3.22434"
"TTO","Trinidad y Tobago","1992","3.18180","3.28928"
"TTO","Trinidad y Tobago","1993","3.33330","3.38452"
"TTO","Trinidad y Tobago","1994","3.13850","3.44080"
"TTO","Trinidad y Tobago","1995","3.03770","3.17582"
"TTO","Trinidad y Tobago","1996","2.93240","3.12474"
"TTO","Trinidad y Tobago","1997","2.82340","3.05306"
"TTO","Trinidad y Tobago","1998","2.67060","2.92052"
"TTO","Trinidad y Tobago","1999","2.50000","2.79282"
"TTO","Trinidad y Tobago","2000","2.59820","2.70492"
"TTO","Trinidad y Tobago","2001","2.58710","2.63586"
"TTO","Trinidad y Tobago","2002","2.53540","2.57826"
"TTO","Trinidad y Tobago","2003","2.56960","2.55806"
"TUR","Turquía","1961","1.44260",""
"TUR","Turquía","1962","1.19940",""
"TUR","Turquía","1963","1.47760",""
"TUR","Turquía","1964","1.47060",""
"TUR","Turquía","1965","1.45380","1.40880"
"TUR","Turquía","1966","1.52670","1.42562"
"TUR","Turquía","1967","1.55560","1.49686"
"TUR","Turquía","1968","1.52670","1.50668"
"TUR","Turquía","1969","1.51750","1.51606"
"TUR","Turquía","1970","1.60990","1.54728"
"TUR","Turquía","1971","1.79590","1.60112"
"TUR","Turquía","1972","1.71380","1.63276"
"TUR","Turquía","1973","1.78280","1.68398"
"TUR","Turquía","1974","1.93550","1.76758"
"TUR","Turquía","1975","2.00840","1.84728"
"TUR","Turquía","1976","2.19250","1.92660"
"TUR","Turquía","1977","2.18100","2.02004"
"TUR","Turquía","1978","2.24140","2.11176"
"TUR","Turquía","1979","2.30770","2.18620"
"TUR","Turquía","1980","2.12690","2.20990"
"TUR","Turquía","1981","2.06900","2.18520"
"TUR","Turquía","1982","2.34480","2.21796"
"TUR","Turquía","1983","2.69090","2.30786"
"TUR","Turquía","1984","2.72890","2.39210"
"TUR","Turquía","1985","3.35250","2.63722"
"TUR","Turquía","1986","4.10730","3.04488"
"TUR","Turquía","1987","4.21460","3.41884"
"TUR","Turquía","1988","4.01360","3.68338"
"TUR","Turquía","1989","3.92930","3.92346"
"TUR","Turquía","1990","4.08030","4.06902"
"TUR","Turquía","1991","4.24890","4.09734"
"TUR","Turquía","1992","4.24270","4.10296"
"TUR","Turquía","1993","4.54550","4.20934"
"TUR","Turquía","1994","3.81810","4.18710"
"TUR","Turquía","1995","3.73220","4.11748"
"TUR","Turquía","1996","3.63960","3.99562"
"TUR","Turquía","1997","3.82470","3.91202"
"TUR","Turquía","1998","4.21920","3.84676"
"TUR","Turquía","1999","4.43760","3.97066"
"TUR","Turquía","2000","4.16050","4.05632"
"TUR","Turquía","2001","4.00630","4.12966"
"TUR","Turquía","2002","4.21630","4.20798"
"TUR","Turquía","2003","5.01500","4.36714"
"TUR","Turquía","2004","5.50760","4.58114"
"TUR","Turquía","2005","7.00070","5.14918"
"TUR","Turquía","2006","7.21390","5.79070"
"TUR","Turquía","2007","6.83810","6.31506"
"TUR","Turquía","2008","7.19880","6.75182"
"TUR","Turquía","2009","7.18780","7.08786"
"TUR","Turquía","2010","7.26140","7.14000"
"TUR","Turquía","2011","7.17070","7.13136"
"TUR","Turquía","2012","7.39260","7.24226"
"TUR","Turquía","2013","8.94990","7.59248"
"TUR","Turquía","2014","9.07480","7.96988"
"TUR","Turquía","2015","9.32710","8.38302"
"TUR","Turquía","2016","9.41820","8.83252"
"TUR","Turquía","2017","9.25160","9.20432"
"TUR","Turquía","2018","9.63580","9.34150"
"TUR","Turquía","2019","9.40340","9.40722"
"TUR","Turquía","2020","9.41270","9.42434"
"TUR","Turquía","2021","8.90460","9.32162"
"TUR","Turquía","2022","9.32530","9.33636"
"TUR","Turquía","2023","9.39440","9.28808"
"TUR","Turquía","2024","10.26120","9.45964"
"TWN","Taiwán","1961","1.80610",""
"TWN","Taiwán","1962","2.01470",""
"TWN","Taiwán","1963","1.79740",""
"TWN","Taiwán","1964","2.10340",""
"TWN","Taiwán","1965","2.20680","1.98568"
"TWN","Taiwán","1966","2.15060","2.05458"
"TWN","Taiwán","1967","2.99640","2.25092"
"TWN","Taiwán","1968","2.27400","2.34624"
"TWN","Taiwán","1969","2.35190","2.39594"
"TWN","Taiwán","1970","2.55180","2.46494"
"TWN","Taiwán","1971","2.55070","2.54496"
"TWN","Taiwán","1972","2.73950","2.49358"
"TWN","Taiwán","1973","2.75730","2.59024"
"TWN","Taiwán","1974","2.75820","2.67150"
"TWN","Taiwán","1975","2.77330","2.71580"
"TWN","Taiwán","1976","2.75800","2.75726"
"TWN","Taiwán","1977","2.63510","2.73638"
"TWN","Taiwán","1978","2.89870","2.76466"
"TWN","Taiwán","1979","2.91210","2.79544"
"TWN","Taiwán","1980","2.87820","2.81642"
"TWN","Taiwán","1981","2.72980","2.81078"
"TWN","Taiwán","1982","3.02780","2.88932"
"TWN","Taiwán","1983","4.48980","3.20754"
"TWN","Taiwán","1984","4.60200","3.54552"
"TWN","Taiwán","1985","4.48290","3.86646"
"TWN","Taiwán","1986","4.29060","4.17862"
"TWN","Taiwán","1987","4.57150","4.48736"
"TWN","Taiwán","1988","4.54110","4.49762"
"TWN","Taiwán","1989","4.70430","4.51808"
"TWN","Taiwán","1990","4.85290","4.59208"
"TWN","Taiwán","1991","5.04740","4.74344"
"TWN","Taiwán","1992","5.09910","4.84896"
"TWN","Taiwán","1993","5.28400","4.99754"
"TWN","Taiwán","1994","5.14810","5.08630"
"TWN","Taiwán","1995","5.16130","5.14798"
"TWN","Taiwán","1996","5.41090","5.22068"
"TWN","Taiwán","1997","5.45890","5.29264"
"TWN","Taiwán","1998","5.72340","5.38052"
"TWN","Taiwán","1999","5.77250","5.50540"
"TWN","Taiwán","2000","5.92050","5.65724"
"TWN","Taiwán","2001","5.83340","5.74174"
"TWN","Taiwán","2002","6.96410","6.04278"
"TWN","Taiwán","2003","6.80900","6.25990"
"TWN","Taiwán","2004","6.71930","6.44926"
"TWN","Taiwán","2005","6.31080","6.52732"
"TWN","Taiwán","2006","6.52970","6.66658"
"TWN","Taiwán","2007","6.13020","6.49980"
"TWN","Taiwán","2008","6.21630","6.38126"
"TWN","Taiwán","2009","6.44380","6.32616"
"TWN","Taiwán","2010","6.48020","6.36004"
"TWN","Taiwán","2011","6.77320","6.40874"
"TWN","Taiwán","2012","6.31930","6.44656"
"TWN","Taiwán","2013","6.32550","6.46840"
"TWN","Taiwán","2014","6.13960","6.40756"
"TWN","Taiwán","2015","5.95740","6.30300"
"TWN","Taiwán","2016","5.42990","6.03434"
"TWN","Taiwán","2017","6.09980","5.99044"
"TWN","Taiwán","2018","6.03760","5.93286"
"TWN","Taiwán","2019","6.01080","5.90710"
"TWN","Taiwán","2020","6.45240","6.00610"
"TWN","Taiwán","2021","6.61620","6.24336"
"TWN","Taiwán","2022","6.46140","6.31568"
"TWN","Taiwán","2023","6.03240","6.31464"
"TWN","Taiwán","2024","6.00480","6.31344"
"TZA","Tanzanía","1961","0.74680",""
"TZA","Tanzanía","1962","0.75000",""
"TZA","Tanzanía","1963","0.88540",""
"TZA","Tanzanía","1964","0.77420",""
"TZA","Tanzanía","1965","0.79050","0.78938"
"TZA","Tanzanía","1966","0.80000","0.80002"
"TZA","Tanzanía","1967","0.75000","0.80002"
"TZA","Tanzanía","1968","0.54340","0.73162"
"TZA","Tanzanía","1969","0.62920","0.70262"
"TZA","Tanzanía","1970","0.48080","0.64068"
"TZA","Tanzanía","1971","0.73000","0.62668"
"TZA","Tanzanía","1972","0.62100","0.60088"
"TZA","Tanzanía","1973","0.88700","0.66960"
"TZA","Tanzanía","1974","0.69180","0.68212"
"TZA","Tanzanía","1975","1.24270","0.83450"
"TZA","Tanzanía","1976","1.11460","0.91142"
"TZA","Tanzanía","1977","1.28000","1.04322"
"TZA","Tanzanía","1978","1.12690","1.09120"
"TZA","Tanzanía","1979","1.32310","1.21746"
"TZA","Tanzanía","1980","1.23290","1.21550"
"TZA","Tanzanía","1981","1.36220","1.26502"
"TZA","Tanzanía","1982","1.34300","1.27762"
"TZA","Tanzanía","1983","1.34270","1.32078"
"TZA","Tanzanía","1984","1.37340","1.33084"
"TZA","Tanzanía","1985","1.32780","1.34982"
"TZA","Tanzanía","1986","1.16060","1.30950"
"TZA","Tanzanía","1987","1.36830","1.31456"
"TZA","Tanzanía","1988","1.26430","1.29888"
"TZA","Tanzanía","1989","1.57980","1.34016"
"TZA","Tanzanía","1990","1.49880","1.37436"
"TZA","Tanzanía","1991","1.26160","1.39456"
"TZA","Tanzanía","1992","1.16680","1.35426"
"TZA","Tanzanía","1993","1.25120","1.35164"
"TZA","Tanzanía","1994","1.23510","1.28270"
"TZA","Tanzanía","1995","2.10120","1.40318"
"TZA","Tanzanía","1996","1.78610","1.50808"
"TZA","Tanzanía","1997","1.17080","1.50888"
"TZA","Tanzanía","1998","1.28570","1.51578"
"TZA","Tanzanía","1999","2.52830","1.77442"
"TZA","Tanzanía","2000","1.93140","1.74046"
"TZA","Tanzanía","2001","3.13590","2.01042"
"TZA","Tanzanía","2002","2.56570","2.28940"
"TZA","Tanzanía","2003","0.75490","2.18324"
"TZA","Tanzanía","2004","1.46590","1.97076"
"TZA","Tanzanía","2005","1.00710","1.78590"
"TZA","Tanzanía","2006","1.33180","1.42508"
"TZA","Tanzanía","2007","1.40710","1.19336"
"TZA","Tanzanía","2008","1.36670","1.31572"
"TZA","Tanzanía","2009","1.12320","1.24718"
"TZA","Tanzanía","2010","1.55150","1.35606"
"TZA","Tanzanía","2011","1.32030","1.35376"
"TZA","Tanzanía","2012","1.23950","1.32024"
"TZA","Tanzanía","2013","1.30000","1.30690"
"TZA","Tanzanía","2014","1.62500","1.40726"
"TZA","Tanzanía","2015","1.55840","1.40864"
"TZA","Tanzanía","2016","1.58560","1.46170"
"TZA","Tanzanía","2017","1.74990","1.56378"
"TZA","Tanzanía","2018","1.76890","1.65756"
"TZA","Tanzanía","2019","1.64850","1.66226"
"TZA","Tanzanía","2020","1.59790","1.67016"
"TZA","Tanzanía","2021","1.59980","1.67300"
"TZA","Tanzanía","2022","1.63430","1.64988"
"TZA","Tanzanía","2023","1.90740","1.67758"
"TZA","Tanzanía","2024","1.75630","1.69914"
"UGA","Uganda","1961","1.09830",""
"UGA","Uganda","1962","1.11180",""
"UGA","Uganda","1963","1.25310",""
"UGA","Uganda","1964","1.13990",""
"UGA","Uganda","1965","0.95070","1.11076"
"UGA","Uganda","1966","0.89220","1.06954"
"UGA","Uganda","1967","0.83640","1.01446"
"UGA","Uganda","1968","1.24320","1.01248"
"UGA","Uganda","1969","1.27430","1.03936"
"UGA","Uganda","1970","1.29330","1.10788"
"UGA","Uganda","1971","1.50360","1.23016"
"UGA","Uganda","1972","1.20480","1.30384"
"UGA","Uganda","1973","1.33440","1.32208"
"UGA","Uganda","1974","1.10820","1.28886"
"UGA","Uganda","1975","1.19900","1.27000"
"UGA","Uganda","1976","1.28020","1.22532"
"UGA","Uganda","1977","1.31840","1.24804"
"UGA","Uganda","1978","1.32000","1.24516"
"UGA","Uganda","1979","1.66540","1.35660"
"UGA","Uganda","1980","1.10850","1.33850"
"UGA","Uganda","1981","1.31540","1.34554"
"UGA","Uganda","1982","1.37890","1.35764"
"UGA","Uganda","1983","1.40000","1.37364"
"UGA","Uganda","1984","0.97410","1.23538"
"UGA","Uganda","1985","1.22660","1.25900"
"UGA","Uganda","1986","1.00010","1.19594"
"UGA","Uganda","1987","1.16290","1.15274"
"UGA","Uganda","1988","1.27540","1.12782"
"UGA","Uganda","1989","1.45000","1.22300"
"UGA","Uganda","1990","1.50120","1.27792"
"UGA","Uganda","1991","1.35000","1.34790"
"UGA","Uganda","1992","1.50000","1.41532"
"UGA","Uganda","1993","1.59840","1.47992"
"UGA","Uganda","1994","1.50980","1.49188"
"UGA","Uganda","1995","1.59890","1.51142"
"UGA","Uganda","1996","1.29970","1.50136"
"UGA","Uganda","1997","1.23750","1.44886"
"UGA","Uganda","1998","1.50000","1.42918"
"UGA","Uganda","1999","1.73190","1.47360"
"UGA","Uganda","2000","1.74240","1.50230"
"UGA","Uganda","2001","1.80060","1.60248"
"UGA","Uganda","2002","1.80030","1.71504"
"UGA","Uganda","2003","1.83100","1.78124"
"UGA","Uganda","2004","1.44000","1.72286"
"UGA","Uganda","2005","1.58590","1.69156"
"UGA","Uganda","2006","1.53610","1.63866"
"UGA","Uganda","2007","1.49500","1.57760"
"UGA","Uganda","2008","2.20050","1.65150"
"UGA","Uganda","2009","2.49960","1.86342"
"UGA","Uganda","2010","2.29990","2.00622"
"UGA","Uganda","2011","2.39990","2.17898"
"UGA","Uganda","2012","2.49960","2.37990"
"UGA","Uganda","2013","2.49490","2.43878"
"UGA","Uganda","2014","2.59970","2.45880"
"UGA","Uganda","2015","2.50000","2.49882"
"UGA","Uganda","2016","2.14770","2.44838"
"UGA","Uganda","2017","1.82090","2.31264"
"UGA","Uganda","2018","1.38810","2.09128"
"UGA","Uganda","2019","1.46260","1.86386"
"UGA","Uganda","2020","1.71910","1.70768"
"UGA","Uganda","2021","2.19990","1.71812"
"UGA","Uganda","2022","2.19960","1.79386"
"UGA","Uganda","2023","2.18230","1.95270"
"UGA","Uganda","2024","2.17390","2.09496"
"UKR","Ucrania","1992","2.50720",""
"UKR","Ucrania","1993","2.84450",""
"UKR","Ucrania","1994","2.36140",""
"UKR","Ucrania","1995","2.92070",""
"UKR","Ucrania","1996","2.73650","2.67406"
"UKR","Ucrania","1997","3.26280","2.82518"
"UKR","Ucrania","1998","2.53420","2.76312"
"UKR","Ucrania","1999","2.52200","2.79524"
"UKR","Ucrania","2000","3.00910","2.81292"
"UKR","Ucrania","2001","3.24250","2.91412"
"UKR","Ucrania","2002","3.51670","2.96490"
"UKR","Ucrania","2003","3.45690","3.14944"
"UKR","Ucrania","2004","3.85580","3.41620"
"UKR","Ucrania","2005","4.31850","3.67808"
"UKR","Ucrania","2006","3.73520","3.77662"
"UKR","Ucrania","2007","3.90010","3.85330"
"UKR","Ucrania","2008","4.69110","4.10014"
"UKR","Ucrania","2009","5.01950","4.33288"
"UKR","Ucrania","2010","4.51470","4.37212"
"UKR","Ucrania","2011","6.44460","4.91400"
"UKR","Ucrania","2012","4.79460","5.09290"
"UKR","Ucrania","2013","6.41190","5.43706"
"UKR","Ucrania","2014","6.15890","5.66494"
"UKR","Ucrania","2015","5.71260","5.90452"
"UKR","Ucrania","2016","6.60240","5.93608"
"UKR","Ucrania","2017","5.50560","6.07828"
"UKR","Ucrania","2018","7.84390","6.36468"
"UKR","Ucrania","2019","7.19490","6.57188"
"UKR","Ucrania","2020","5.61750","6.55286"
"UKR","Ucrania","2021","7.68180","6.76874"
"UKR","Ucrania","2022","6.34910","6.93744"
"UKR","Ucrania","2023","7.80600","6.92986"
"UKR","Ucrania","2024","6.59960","6.81080"
"URY","Uruguay","1961","0.78640",""
"URY","Uruguay","1962","0.58060",""
"URY","Uruguay","1963","0.87070",""
"URY","Uruguay","1964","0.54460",""
"URY","Uruguay","1965","0.32750","0.62196"
"URY","Uruguay","1966","0.78900","0.62248"
"URY","Uruguay","1967","0.51700","0.60976"
"URY","Uruguay","1968","0.42800","0.52122"
"URY","Uruguay","1969","0.73700","0.55970"
"URY","Uruguay","1970","0.83420","0.66104"
"URY","Uruguay","1971","0.92130","0.68750"
"URY","Uruguay","1972","0.78010","0.74012"
"URY","Uruguay","1973","1.01230","0.85698"
"URY","Uruguay","1974","1.16930","0.94344"
"URY","Uruguay","1975","1.02780","0.98216"
"URY","Uruguay","1976","1.22060","1.04202"
"URY","Uruguay","1977","0.87660","1.06132"
"URY","Uruguay","1978","1.05190","1.06924"
"URY","Uruguay","1979","0.75770","0.98692"
"URY","Uruguay","1980","0.95380","0.97212"
"URY","Uruguay","1981","1.23650","0.97530"
"URY","Uruguay","1982","1.02500","1.00498"
"URY","Uruguay","1983","1.11400","1.01740"
"URY","Uruguay","1984","1.34410","1.13468"
"URY","Uruguay","1985","1.20660","1.18524"
"URY","Uruguay","1986","0.99130","1.13620"
"URY","Uruguay","1987","1.18500","1.16820"
"URY","Uruguay","1988","1.59200","1.26380"
"URY","Uruguay","1989","1.22780","1.24054"
"URY","Uruguay","1990","1.85100","1.36942"
"URY","Uruguay","1991","1.78000","1.52716"
"URY","Uruguay","1992","1.56130","1.60242"
"URY","Uruguay","1993","1.96310","1.67664"
"URY","Uruguay","1994","1.62790","1.75666"
"URY","Uruguay","1995","2.45280","1.87702"
"URY","Uruguay","1996","2.17120","1.95526"
"URY","Uruguay","1997","2.64440","2.17188"
"URY","Uruguay","1998","3.37150","2.45356"
"URY","Uruguay","1999","4.08940","2.94586"
"URY","Uruguay","2000","1.52960","2.76122"
"URY","Uruguay","2001","4.66430","3.25984"
"URY","Uruguay","2002","3.35520","3.40200"
"URY","Uruguay","2003","4.58550","3.64480"
"URY","Uruguay","2004","4.96400","3.81972"
"URY","Uruguay","2005","4.14190","4.34218"
"URY","Uruguay","2006","4.18370","4.24606"
"URY","Uruguay","2007","5.75410","4.72584"
"URY","Uruguay","2008","4.15260","4.63926"
"URY","Uruguay","2009","3.08340","4.26314"
"URY","Uruguay","2010","5.51150","4.53706"
"URY","Uruguay","2011","3.53770","4.40786"
"URY","Uruguay","2012","4.26150","4.10934"
"URY","Uruguay","2013","5.63090","4.40500"
"URY","Uruguay","2014","4.30590","4.64950"
"URY","Uruguay","2015","5.77110","4.70142"
"URY","Uruguay","2016","5.86750","5.16738"
"URY","Uruguay","2017","7.13640","5.74236"
"URY","Uruguay","2018","4.33990","5.48416"
"URY","Uruguay","2019","7.62620","6.14822"
"URY","Uruguay","2020","6.53900","6.30180"
"URY","Uruguay","2021","5.41900","6.21210"
"URY","Uruguay","2022","5.76120","5.93706"
"URY","Uruguay","2023","1.41510","5.35210"
"URY","Uruguay","2024","4.69890","4.76664"
"USA","Estados Unidos","1961","3.91840",""
"USA","Estados Unidos","1962","4.06210",""
"USA","Estados Unidos","1963","4.25960",""
"USA","Estados Unidos","1964","3.94980",""
"USA","Estados Unidos","1965","4.64920","4.16782"
"USA","Estados Unidos","1966","4.58920","4.30198"
"USA","Estados Unidos","1967","5.02650","4.49486"
"USA","Estados Unidos","1968","4.98910","4.64076"
"USA","Estados Unidos","1969","5.39080","4.92896"
"USA","Estados Unidos","1970","4.54390","4.90790"
"USA","Estados Unidos","1971","5.52700","5.09546"
"USA","Estados Unidos","1972","6.08970","5.30810"
"USA","Estados Unidos","1973","5.72780","5.45584"
"USA","Estados Unidos","1974","4.51190","5.28006"
"USA","Estados Unidos","1975","5.42130","5.45554"
"USA","Estados Unidos","1976","5.52060","5.45426"
"USA","Estados Unidos","1977","5.70150","5.37662"
"USA","Estados Unidos","1978","6.34210","5.49948"
"USA","Estados Unidos","1979","6.87340","5.97178"
"USA","Estados Unidos","1980","5.71180","6.02988"
"USA","Estados Unidos","1981","6.83800","6.29336"
"USA","Estados Unidos","1982","7.10820","6.57470"
"USA","Estados Unidos","1983","5.08930","6.32414"
"USA","Estados Unidos","1984","6.69810","6.28908"
"USA","Estados Unidos","1985","7.40740","6.62820"
"USA","Estados Unidos","1986","7.49300","6.75920"
"USA","Estados Unidos","1987","7.52250","6.84206"
"USA","Estados Unidos","1988","5.31090","6.88638"
"USA","Estados Unidos","1989","7.29780","7.00632"
"USA","Estados Unidos","1990","7.43800","7.01244"
"USA","Estados Unidos","1991","6.81710","6.87726"
"USA","Estados Unidos","1992","8.25260","7.02328"
"USA","Estados Unidos","1993","6.32100","7.22530"
"USA","Estados Unidos","1994","8.69960","7.50566"
"USA","Estados Unidos","1995","7.12280","7.44262"
"USA","Estados Unidos","1996","7.97730","7.67466"
"USA","Estados Unidos","1997","7.95210","7.61456"
"USA","Estados Unidos","1998","8.43820","8.03800"
"USA","Estados Unidos","1999","8.39770","7.97762"
"USA","Estados Unidos","2000","8.59110","8.27128"
"USA","Estados Unidos","2001","8.67330","8.41048"
"USA","Estados Unidos","2002","8.11800","8.44366"
"USA","Estados Unidos","2003","8.92460","8.54094"
"USA","Estados Unidos","2004","10.06370","8.87414"
"USA","Estados Unidos","2005","9.28520","9.01296"
"USA","Estados Unidos","2006","9.35770","9.14984"
"USA","Estados Unidos","2007","9.45850","9.41794"
"USA","Estados Unidos","2008","9.62090","9.55720"
"USA","Estados Unidos","2009","10.31810","9.60808"
"USA","Estados Unidos","2010","9.57570","9.66618"
"USA","Estados Unidos","2011","9.21460","9.63756"
"USA","Estados Unidos","2012","7.72700","9.29126"
"USA","Estados Unidos","2013","9.92560","9.35220"
"USA","Estados Unidos","2014","10.73260","9.43510"
"USA","Estados Unidos","2015","10.57230","9.63442"
"USA","Estados Unidos","2016","11.74330","10.14016"
"USA","Estados Unidos","2017","11.08370","10.81150"
"USA","Estados Unidos","2018","11.07460","11.04130"
"USA","Estados Unidos","2019","10.51040","10.99686"
"USA","Estados Unidos","2020","10.76050","11.03450"
"USA","Estados Unidos","2021","11.09120","10.90408"
"USA","Estados Unidos","2022","10.88630","10.86460"
"USA","Estados Unidos","2023","11.13060","10.87580"
"USA","Estados Unidos","2024","11.25680","11.02508"
"UZB","Uzbekistán","1992","3.72260",""
"UZB","Uzbekistán","1993","3.84100",""
"UZB","Uzbekistán","1994","3.39780",""
"UZB","Uzbekistán","1995","3.50660",""
"UZB","Uzbekistán","1996","3.43860","3.58132"
"UZB","Uzbekistán","1997","2.81860","3.40052"
"UZB","Uzbekistán","1998","3.24930","3.28218"
"UZB","Uzbekistán","1999","2.95600","3.19382"
"UZB","Uzbekistán","2000","2.65450","3.02340"
"UZB","Uzbekistán","2001","3.65120","3.06592"
"UZB","Uzbekistán","2002","4.19090","3.34038"
"UZB","Uzbekistán","2003","4.21610","3.53374"
"UZB","Uzbekistán","2004","4.49170","3.84088"
"UZB","Uzbekistán","2005","4.88670","4.28732"
"UZB","Uzbekistán","2006","5.91620","4.74032"
"UZB","Uzbekistán","2007","6.06430","5.11500"
"UZB","Uzbekistán","2008","7.14550","5.70088"
"UZB","Uzbekistán","2009","7.66780","6.33610"
"UZB","Uzbekistán","2010","8.18370","6.99550"
"UZB","Uzbekistán","2011","9.68190","7.74864"
"UZB","Uzbekistán","2012","8.03570","8.14292"
"UZB","Uzbekistán","2013","10.61900","8.83762"
"UZB","Uzbekistán","2014","11.56260","9.61658"
"UZB","Uzbekistán","2015","11.78420","10.33668"
"UZB","Uzbekistán","2016","12.36070","10.87244"
"UZB","Uzbekistán","2017","10.40780","11.34686"
"UZB","Uzbekistán","2018","10.37760","11.29858"
"UZB","Uzbekistán","2019","9.69960","10.92598"
"UZB","Uzbekistán","2020","9.76200","10.52154"
"UZB","Uzbekistán","2021","9.07340","9.86408"
"UZB","Uzbekistán","2022","10.45720","9.87396"
"UZB","Uzbekistán","2023","12.73590","10.34562"
"UZB","Uzbekistán","2024","11.91510","10.78872"
"VCT","San Vicente y las Granadinas","1961","4.00000",""
"VCT","San Vicente y las Granadinas","1962","4.00000",""
"VCT","San Vicente y las Granadinas","1963","4.00000",""
"VCT","San Vicente y las Granadinas","1964","4.00000",""
"VCT","San Vicente y las Granadinas","1965","4.00000","4.00000"
"VCT","San Vicente y las Granadinas","1966","3.50000","3.90000"
"VCT","San Vicente y las Granadinas","1967","3.36000","3.77200"
"VCT","San Vicente y las Granadinas","1968","3.44000","3.66000"
"VCT","San Vicente y las Granadinas","1969","3.18520","3.49704"
"VCT","San Vicente y las Granadinas","1970","3.18520","3.33408"
"VCT","San Vicente y las Granadinas","1971","3.25930","3.28594"
"VCT","San Vicente y las Granadinas","1972","3.16900","3.24774"
"VCT","San Vicente y las Granadinas","1973","3.14290","3.18832"
"VCT","San Vicente y las Granadinas","1974","3.14290","3.17986"
"VCT","San Vicente y las Granadinas","1975","3.21430","3.18568"
"VCT","San Vicente y las Granadinas","1976","3.21430","3.17668"
"VCT","San Vicente y las Granadinas","1977","3.21430","3.18574"
"VCT","San Vicente y las Granadinas","1978","3.35710","3.22858"
"VCT","San Vicente y las Granadinas","1979","3.33330","3.26666"
"VCT","San Vicente y las Granadinas","1980","3.31250","3.28630"
"VCT","San Vicente y las Granadinas","1981","3.23530","3.29050"
"VCT","San Vicente y las Granadinas","1982","3.33330","3.31430"
"VCT","San Vicente y las Granadinas","1983","3.35140","3.31316"
"VCT","San Vicente y las Granadinas","1984","3.31580","3.30966"
"VCT","San Vicente y las Granadinas","1985","3.30000","3.30716"
"VCT","San Vicente y las Granadinas","1986","3.00000","3.26010"
"VCT","San Vicente y las Granadinas","1987","3.33330","3.26010"
"VCT","San Vicente y las Granadinas","1988","3.00000","3.18982"
"VCT","San Vicente y las Granadinas","1989","3.33330","3.19332"
"VCT","San Vicente y las Granadinas","1990","3.57140","3.24760"
"VCT","San Vicente y las Granadinas","1991","3.33330","3.31426"
"VCT","San Vicente y las Granadinas","1992","3.37430","3.32246"
"VCT","San Vicente y las Granadinas","1993","3.46570","3.41560"
"VCT","San Vicente y las Granadinas","1994","3.58080","3.46510"
"VCT","San Vicente y las Granadinas","1995","3.75810","3.50244"
"VCT","San Vicente y las Granadinas","1996","3.33330","3.50244"
"VCT","San Vicente y las Granadinas","1997","4.29220","3.68602"
"VCT","San Vicente y las Granadinas","1998","3.33330","3.65954"
"VCT","San Vicente y las Granadinas","1999","3.00000","3.54338"
"VCT","San Vicente y las Granadinas","2000","15.00000","5.79176"
"VCT","San Vicente y las Granadinas","2001","14.28570","7.98224"
"VCT","San Vicente y las Granadinas","2002","14.85710","10.09522"
"VCT","San Vicente y las Granadinas","2003","14.82500","12.39356"
"VCT","San Vicente y las Granadinas","2004","14.44440","14.68244"
"VCT","San Vicente y las Granadinas","2005","14.41860","14.56616"
"VCT","San Vicente y las Granadinas","2006","13.57140","14.42330"
"VCT","San Vicente y las Granadinas","2007","12.18180","13.88824"
"VCT","San Vicente y las Granadinas","2008","12.72730","13.46870"
"VCT","San Vicente y las Granadinas","2009","16.75000","13.92982"
"VCT","San Vicente y las Granadinas","2010","18.77420","14.80094"
"VCT","San Vicente y las Granadinas","2011","27.64000","17.61466"
"VCT","San Vicente y las Granadinas","2012","25.87880","20.35406"
"VCT","San Vicente y las Granadinas","2013","23.95830","22.60026"
"VCT","San Vicente y las Granadinas","2014","24.48570","24.14740"
"VCT","San Vicente y las Granadinas","2015","24.21880","25.23632"
"VCT","San Vicente y las Granadinas","2016","24.74290","24.65690"
"VCT","San Vicente y las Granadinas","2017","28.22500","25.12614"
"VCT","San Vicente y las Granadinas","2018","27.83780","25.90204"
"VCT","San Vicente y las Granadinas","2019","28.12500","26.62990"
"VCT","San Vicente y las Granadinas","2020","29.24140","27.63442"
"VCT","San Vicente y las Granadinas","2021","14.47270","25.58038"
"VCT","San Vicente y las Granadinas","2022","14.22220","22.77982"
"VCT","San Vicente y las Granadinas","2023","14.06670","20.02560"
"VCT","San Vicente y las Granadinas","2024","13.34380","17.06936"
"VEN","Venezuela","1961","1.07920",""
"VEN","Venezuela","1962","1.11840",""
"VEN","Venezuela","1963","1.00810",""
"VEN","Venezuela","1964","1.07210",""
"VEN","Venezuela","1965","1.12820","1.08120"
"VEN","Venezuela","1966","1.19400","1.10416"
"VEN","Venezuela","1967","1.02810","1.08610"
"VEN","Venezuela","1968","1.05500","1.09548"
"VEN","Venezuela","1969","1.04560","1.09018"
"VEN","Venezuela","1970","1.20710","1.10596"
"VEN","Venezuela","1971","1.21400","1.10996"
"VEN","Venezuela","1972","1.08870","1.12208"
"VEN","Venezuela","1973","1.03530","1.11814"
"VEN","Venezuela","1974","1.19760","1.14854"
"VEN","Venezuela","1975","1.29090","1.16530"
"VEN","Venezuela","1976","1.21850","1.16620"
"VEN","Venezuela","1977","1.56090","1.26064"
"VEN","Venezuela","1978","1.42870","1.33932"
"VEN","Venezuela","1979","1.49800","1.39940"
"VEN","Venezuela","1980","1.45960","1.43314"
"VEN","Venezuela","1981","1.45100","1.47964"
"VEN","Venezuela","1982","1.64250","1.49596"
"VEN","Venezuela","1983","1.57260","1.52474"
"VEN","Venezuela","1984","1.74890","1.57492"
"VEN","Venezuela","1985","1.86080","1.65516"
"VEN","Venezuela","1986","1.80400","1.72576"
"VEN","Venezuela","1987","1.85000","1.76726"
"VEN","Venezuela","1988","1.99700","1.85214"
"VEN","Venezuela","1989","2.08500","1.91936"
"VEN","Venezuela","1990","2.16800","1.98080"
"VEN","Venezuela","1991","2.28480","2.07696"
"VEN","Venezuela","1992","2.25600","2.15816"
"VEN","Venezuela","1993","2.62030","2.28282"
"VEN","Venezuela","1994","2.84650","2.43512"
"VEN","Venezuela","1995","2.81000","2.56352"
"VEN","Venezuela","1996","2.82330","2.67122"
"VEN","Venezuela","1997","2.83130","2.78628"
"VEN","Venezuela","1998","2.76970","2.81616"
"VEN","Venezuela","1999","3.13240","2.87334"
"VEN","Venezuela","2000","3.50040","3.01142"
"VEN","Venezuela","2001","3.44860","3.13648"
"VEN","Venezuela","2002","3.11080","3.19238"
"VEN","Venezuela","2003","3.43260","3.32496"
"VEN","Venezuela","2004","3.45010","3.38850"
"VEN","Venezuela","2005","3.26160","3.34074"
"VEN","Venezuela","2006","3.33420","3.31786"
"VEN","Venezuela","2007","3.47240","3.39018"
"VEN","Venezuela","2008","3.33270","3.37020"
"VEN","Venezuela","2009","3.01710","3.28360"
"VEN","Venezuela","2010","3.74550","3.38038"
"VEN","Venezuela","2011","3.48810","3.41116"
"VEN","Venezuela","2012","3.51610","3.41990"
"VEN","Venezuela","2013","3.83270","3.51990"
"VEN","Venezuela","2014","3.83230","3.68294"
"VEN","Venezuela","2015","3.12560","3.55896"
"VEN","Venezuela","2016","3.37240","3.53582"
"VEN","Venezuela","2017","3.09980","3.45256"
"VEN","Venezuela","2018","2.88830","3.26368"
"VEN","Venezuela","2019","3.00260","3.09774"
"VEN","Venezuela","2020","4.14870","3.30236"
"VEN","Venezuela","2021","4.92860","3.61360"
"VEN","Venezuela","2022","4.25560","3.84476"
"VEN","Venezuela","2023","4.39510","4.14612"
"VEN","Venezuela","2024","4.33880","4.41336"
"VNM","Vietnam","1961","1.12300",""
"VNM","Vietnam","1962","1.19870",""
"VNM","Vietnam","1963","0.93070",""
"VNM","Vietnam","1964","1.24360",""
"VNM","Vietnam","1965","1.15030","1.12926"
"VNM","Vietnam","1966","0.95890","1.09644"
"VNM","Vietnam","1967","1.10000","1.07670"
"VNM","Vietnam","1968","1.09620","1.10980"
"VNM","Vietnam","1969","1.11980","1.08504"
"VNM","Vietnam","1970","1.10100","1.07518"
"VNM","Vietnam","1971","1.00380","1.08416"
"VNM","Vietnam","1972","1.11130","1.08642"
"VNM","Vietnam","1973","1.25210","1.11760"
"VNM","Vietnam","1974","1.26000","1.14564"
"VNM","Vietnam","1975","1.05050","1.13554"
"VNM","Vietnam","1976","1.14910","1.16460"
"VNM","Vietnam","1977","1.00200","1.14274"
"VNM","Vietnam","1978","1.10450","1.11322"
"VNM","Vietnam","1979","0.99170","1.05956"
"VNM","Vietnam","1980","1.10060","1.06958"
"VNM","Vietnam","1981","1.11700","1.06316"
"VNM","Vietnam","1982","1.14870","1.09250"
"VNM","Vietnam","1983","1.23710","1.11902"
"VNM","Vietnam","1984","1.37700","1.19608"
"VNM","Vietnam","1985","1.47770","1.27150"
"VNM","Vietnam","1986","1.42130","1.33236"
"VNM","Vietnam","1987","1.38310","1.37924"
"VNM","Vietnam","1988","1.59620","1.45106"
"VNM","Vietnam","1989","1.64490","1.50464"
"VNM","Vietnam","1990","1.55400","1.51990"
"VNM","Vietnam","1991","1.50130","1.53590"
"VNM","Vietnam","1992","1.56460","1.57220"
"VNM","Vietnam","1993","1.77680","1.60832"
"VNM","Vietnam","1994","2.13930","1.70720"
"VNM","Vietnam","1995","2.11420","1.81924"
"VNM","Vietnam","1996","2.49790","2.01856"
"VNM","Vietnam","1997","2.49000","2.20364"
"VNM","Vietnam","1998","2.47100","2.34248"
"VNM","Vietnam","1999","2.53410","2.42144"
"VNM","Vietnam","2000","2.74710","2.54802"
"VNM","Vietnam","2001","2.96330","2.64110"
"VNM","Vietnam","2002","3.07590","2.75828"
"VNM","Vietnam","2003","3.43630","2.95134"
"VNM","Vietnam","2004","3.46170","3.13686"
"VNM","Vietnam","2005","3.59790","3.30702"
"VNM","Vietnam","2006","3.73100","3.46056"
"VNM","Vietnam","2007","3.92590","3.63056"
"VNM","Vietnam","2008","3.17530","3.57836"
"VNM","Vietnam","2009","4.01370","3.68876"
"VNM","Vietnam","2010","4.08990","3.78716"
"VNM","Vietnam","2011","4.31280","3.90352"
"VNM","Vietnam","2012","4.30190","3.97872"
"VNM","Vietnam","2013","4.43540","4.23074"
"VNM","Vietnam","2014","4.41400","4.31080"
"VNM","Vietnam","2015","4.53940","4.40070"
"VNM","Vietnam","2016","4.55290","4.44872"
"VNM","Vietnam","2017","4.64830","4.51800"
"VNM","Vietnam","2018","4.72020","4.57496"
"VNM","Vietnam","2019","4.80340","4.65284"
"VNM","Vietnam","2020","4.85130","4.71522"
"VNM","Vietnam","2021","4.93670","4.79198"
"VNM","Vietnam","2022","4.99570","4.86146"
"VNM","Vietnam","2023","5.04110","4.92564"
"VNM","Vietnam","2024","5.10660","4.98628"
"VUT","Vanuatu","1961","0.50000",""
"VUT","Vanuatu","1962","0.50000",""
"VUT","Vanuatu","1963","0.50000",""
"VUT","Vanuatu","1964","0.50000",""
"VUT","Vanuatu","1965","0.50000","0.50000"
"VUT","Vanuatu","1966","0.47140","0.49428"
"VUT","Vanuatu","1967","0.46670","0.48762"
"VUT","Vanuatu","1968","0.47500","0.48262"
"VUT","Vanuatu","1969","0.50000","0.48262"
"VUT","Vanuatu","1970","0.52940","0.48850"
"VUT","Vanuatu","1971","0.50000","0.49422"
"VUT","Vanuatu","1972","0.52630","0.50614"
"VUT","Vanuatu","1973","0.50000","0.51114"
"VUT","Vanuatu","1974","0.50000","0.51114"
"VUT","Vanuatu","1975","0.50000","0.50526"
"VUT","Vanuatu","1976","0.50000","0.50526"
"VUT","Vanuatu","1977","0.50000","0.50000"
"VUT","Vanuatu","1978","0.50000","0.50000"
"VUT","Vanuatu","1979","0.50000","0.50000"
"VUT","Vanuatu","1980","0.52000","0.50400"
"VUT","Vanuatu","1981","0.52000","0.50800"
"VUT","Vanuatu","1982","0.52000","0.51200"
"VUT","Vanuatu","1983","0.52000","0.51600"
"VUT","Vanuatu","1984","0.52000","0.52000"
"VUT","Vanuatu","1985","0.51970","0.51994"
"VUT","Vanuatu","1986","0.51540","0.51902"
"VUT","Vanuatu","1987","0.50770","0.51656"
"VUT","Vanuatu","1988","0.50000","0.51256"
"VUT","Vanuatu","1989","0.50770","0.51010"
"VUT","Vanuatu","1990","0.51090","0.50834"
"VUT","Vanuatu","1991","0.46380","0.49802"
"VUT","Vanuatu","1992","0.46940","0.49036"
"VUT","Vanuatu","1993","0.47510","0.48538"
"VUT","Vanuatu","1994","0.48080","0.48000"
"VUT","Vanuatu","1995","0.48640","0.47510"
"VUT","Vanuatu","1996","0.49210","0.48076"
"VUT","Vanuatu","1997","0.49780","0.48644"
"VUT","Vanuatu","1998","0.50350","0.49212"
"VUT","Vanuatu","1999","0.50910","0.49778"
"VUT","Vanuatu","2000","0.51480","0.50346"
"VUT","Vanuatu","2001","0.52050","0.50914"
"VUT","Vanuatu","2002","0.52620","0.51482"
"VUT","Vanuatu","2003","0.53180","0.52048"
"VUT","Vanuatu","2004","0.53240","0.52514"
"VUT","Vanuatu","2005","0.53100","0.52838"
"VUT","Vanuatu","2006","0.53570","0.53142"
"VUT","Vanuatu","2007","0.55170","0.53652"
"VUT","Vanuatu","2008","0.54670","0.53950"
"VUT","Vanuatu","2009","0.55810","0.54464"
"VUT","Vanuatu","2010","0.56360","0.55116"
"VUT","Vanuatu","2011","0.57080","0.55818"
"VUT","Vanuatu","2012","0.57140","0.56212"
"VUT","Vanuatu","2013","0.63330","0.57944"
"VUT","Vanuatu","2014","0.61580","0.59098"
"VUT","Vanuatu","2015","0.60080","0.59842"
"VUT","Vanuatu","2016","0.60180","0.60462"
"VUT","Vanuatu","2017","0.60680","0.61170"
"VUT","Vanuatu","2018","0.61310","0.60766"
"VUT","Vanuatu","2019","0.61980","0.60846"
"VUT","Vanuatu","2020","0.62450","0.61320"
"VUT","Vanuatu","2021","0.62710","0.61826"
"VUT","Vanuatu","2022","0.62870","0.62264"
"VUT","Vanuatu","2023","0.63240","0.62650"
"VUT","Vanuatu","2024","0.63620","0.62978"
"YEM","Yemen","1961","2.44000",""
"YEM","Yemen","1962","2.44230",""
"YEM","Yemen","1963","2.45280",""
"YEM","Yemen","1964","2.44440",""
"YEM","Yemen","1965","2.45450","2.44680"
"YEM","Yemen","1966","2.45450","2.44970"
"YEM","Yemen","1967","2.36360","2.43396"
"YEM","Yemen","1968","2.36360","2.41612"
"YEM","Yemen","1969","2.44250","2.41574"
"YEM","Yemen","1970","2.16670","2.35818"
"YEM","Yemen","1971","2.09090","2.28546"
"YEM","Yemen","1972","1.29290","2.07132"
"YEM","Yemen","1973","1.57890","1.91438"
"YEM","Yemen","1974","1.71470","1.76882"
"YEM","Yemen","1975","1.84740","1.70496"
"YEM","Yemen","1976","1.66100","1.61898"
"YEM","Yemen","1977","1.61110","1.68262"
"YEM","Yemen","1978","1.54050","1.67494"
"YEM","Yemen","1979","1.63980","1.65996"
"YEM","Yemen","1980","1.57580","1.60564"
"YEM","Yemen","1981","1.69720","1.61288"
"YEM","Yemen","1982","1.73370","1.63740"
"YEM","Yemen","1983","0.97260","1.52382"
"YEM","Yemen","1984","1.22880","1.44162"
"YEM","Yemen","1985","1.09520","1.34550"
"YEM","Yemen","1986","1.19170","1.24440"
"YEM","Yemen","1987","1.24220","1.14610"
"YEM","Yemen","1988","1.27320","1.20622"
"YEM","Yemen","1989","1.32660","1.22578"
"YEM","Yemen","1990","1.27380","1.26150"
"YEM","Yemen","1991","1.19840","1.26284"
"YEM","Yemen","1992","1.49910","1.31422"
"YEM","Yemen","1993","1.60510","1.38060"
"YEM","Yemen","1994","1.58550","1.43238"
"YEM","Yemen","1995","1.36270","1.45016"
"YEM","Yemen","1996","1.24340","1.45916"
"YEM","Yemen","1997","1.32420","1.42418"
"YEM","Yemen","1998","1.46600","1.39636"
"YEM","Yemen","1999","1.47780","1.37482"
"YEM","Yemen","2000","1.47780","1.39784"
"YEM","Yemen","2001","1.44170","1.43750"
"YEM","Yemen","2002","1.27010","1.42668"
"YEM","Yemen","2003","1.09540","1.35256"
"YEM","Yemen","2004","0.84250","1.22550"
"YEM","Yemen","2005","0.80790","1.09152"
"YEM","Yemen","2006","1.52170","1.10752"
"YEM","Yemen","2007","1.66660","1.18682"
"YEM","Yemen","2008","1.51410","1.27056"
"YEM","Yemen","2009","1.49960","1.40198"
"YEM","Yemen","2010","1.68140","1.57668"
"YEM","Yemen","2011","1.51420","1.57518"
"YEM","Yemen","2012","1.57990","1.55784"
"YEM","Yemen","2013","1.51350","1.55772"
"YEM","Yemen","2014","1.40330","1.53846"
"YEM","Yemen","2015","1.14020","1.43022"
"YEM","Yemen","2016","1.09610","1.34660"
"YEM","Yemen","2017","1.11030","1.25268"
"YEM","Yemen","2018","1.11220","1.17242"
"YEM","Yemen","2019","1.32020","1.15580"
"YEM","Yemen","2020","2.27970","1.38370"
"YEM","Yemen","2021","2.45530","1.65554"
"YEM","Yemen","2022","2.46830","1.92714"
"YEM","Yemen","2023","2.44030","2.19276"
"YEM","Yemen","2024","1.56730","2.24218"
"ZAF","Sudáfrica","1961","1.28530",""
"ZAF","Sudáfrica","1962","1.38770",""
"ZAF","Sudáfrica","1963","1.41210",""
"ZAF","Sudáfrica","1964","0.97230",""
"ZAF","Sudáfrica","1965","1.07410","1.22630"
"ZAF","Sudáfrica","1966","1.21690","1.21262"
"ZAF","Sudáfrica","1967","2.13600","1.36228"
"ZAF","Sudáfrica","1968","1.13320","1.30650"
"ZAF","Sudáfrica","1969","1.22590","1.35722"
"ZAF","Sudáfrica","1970","1.39860","1.42212"
"ZAF","Sudáfrica","1971","1.80230","1.53920"
"ZAF","Sudáfrica","1972","1.91730","1.49546"
"ZAF","Sudáfrica","1973","1.05710","1.48024"
"ZAF","Sudáfrica","1974","2.29940","1.69494"
"ZAF","Sudáfrica","1975","1.90710","1.79664"
"ZAF","Sudáfrica","1976","1.50690","1.73756"
"ZAF","Sudáfrica","1977","2.08100","1.77030"
"ZAF","Sudáfrica","1978","2.31300","2.02148"
"ZAF","Sudáfrica","1979","1.85610","1.93282"
"ZAF","Sudáfrica","1980","2.41950","2.03530"
"ZAF","Sudáfrica","1981","3.31370","2.39666"
"ZAF","Sudáfrica","1982","1.88270","2.35700"
"ZAF","Sudáfrica","1983","0.94000","2.08240"
"ZAF","Sudáfrica","1984","0.99130","1.90944"
"ZAF","Sudáfrica","1985","1.87560","1.80066"
"ZAF","Sudáfrica","1986","1.78090","1.49410"
"ZAF","Sudáfrica","1987","1.55840","1.42924"
"ZAF","Sudáfrica","1988","1.61950","1.56514"
"ZAF","Sudáfrica","1989","2.84050","1.93498"
"ZAF","Sudáfrica","1990","2.20510","2.00088"
"ZAF","Sudáfrica","1991","2.25730","2.09616"
"ZAF","Sudáfrica","1992","0.78530","1.94154"
"ZAF","Sudáfrica","1993","2.28400","2.07444"
"ZAF","Sudáfrica","1994","2.84810","2.07596"
"ZAF","Sudáfrica","1995","1.38000","1.91094"
"ZAF","Sudáfrica","1996","2.70430","2.00034"
"ZAF","Sudáfrica","1997","2.51950","2.34718"
"ZAF","Sudáfrica","1998","2.16110","2.32260"
"ZAF","Sudáfrica","1999","2.22740","2.19846"
"ZAF","Sudáfrica","2000","2.84920","2.49230"
"ZAF","Sudáfrica","2001","2.43710","2.43886"
"ZAF","Sudáfrica","2002","2.85160","2.50528"
"ZAF","Sudáfrica","2003","2.65820","2.60470"
"ZAF","Sudáfrica","2004","3.03050","2.76532"
"ZAF","Sudáfrica","2005","3.63510","2.92250"
"ZAF","Sudáfrica","2006","3.41220","3.11752"
"ZAF","Sudáfrica","2007","2.79210","3.10562"
"ZAF","Sudáfrica","2008","4.53730","3.48144"
"ZAF","Sudáfrica","2009","4.96400","3.86814"
"ZAF","Sudáfrica","2010","4.67360","4.07584"
"ZAF","Sudáfrica","2011","4.36710","4.26682"
"ZAF","Sudáfrica","2012","4.49050","4.60650"
"ZAF","Sudáfrica","2013","4.24660","4.54836"
"ZAF","Sudáfrica","2014","5.30090","4.61574"
"ZAF","Sudáfrica","2015","3.48710","4.37844"
"ZAF","Sudáfrica","2016","3.71200","4.24742"
"ZAF","Sudáfrica","2017","5.85960","4.52124"
"ZAF","Sudáfrica","2018","4.97550","4.66702"
"ZAF","Sudáfrica","2019","4.55390","4.51762"
"ZAF","Sudáfrica","2020","5.44780","4.90976"
"ZAF","Sudáfrica","2021","5.92110","5.35158"
"ZAF","Sudáfrica","2022","5.89780","5.35922"
"ZAF","Sudáfrica","2023","6.35320","5.63476"
"ZAF","Sudáfrica","2024","4.87430","5.69884"
"ZMB","Zambia","1961","0.88000",""
"ZMB","Zambia","1962","0.85330",""
"ZMB","Zambia","1963","0.74030",""
"ZMB","Zambia","1964","0.83540",""
"ZMB","Zambia","1965","0.87500","0.83680"
"ZMB","Zambia","1966","0.93900","0.84860"
"ZMB","Zambia","1967","0.92770","0.86348"
"ZMB","Zambia","1968","0.82350","0.88012"
"ZMB","Zambia","1969","0.80460","0.87396"
"ZMB","Zambia","1970","0.63330","0.82562"
"ZMB","Zambia","1971","0.92120","0.82206"
"ZMB","Zambia","1972","1.14330","0.86518"
"ZMB","Zambia","1973","0.89150","0.87878"
"ZMB","Zambia","1974","1.02720","0.92330"
"ZMB","Zambia","1975","1.45410","1.08746"
"ZMB","Zambia","1976","1.49270","1.20176"
"ZMB","Zambia","1977","1.69250","1.31160"
"ZMB","Zambia","1978","1.70490","1.47428"
"ZMB","Zambia","1979","1.68800","1.60644"
"ZMB","Zambia","1980","1.68750","1.65312"
"ZMB","Zambia","1981","2.03990","1.76256"
"ZMB","Zambia","1982","1.65070","1.75420"
"ZMB","Zambia","1983","1.71080","1.75538"
"ZMB","Zambia","1984","1.72110","1.76200"
"ZMB","Zambia","1985","1.92890","1.81028"
"ZMB","Zambia","1986","2.09110","1.82052"
"ZMB","Zambia","1987","1.74470","1.83932"
"ZMB","Zambia","1988","2.68740","2.03464"
"ZMB","Zambia","1989","1.80780","2.05198"
"ZMB","Zambia","1990","1.43160","1.95252"
"ZMB","Zambia","1991","1.71400","1.87710"
"ZMB","Zambia","1992","0.73110","1.67438"
"ZMB","Zambia","1993","2.52280","1.64146"
"ZMB","Zambia","1994","1.50250","1.58040"
"ZMB","Zambia","1995","1.41850","1.57778"
"ZMB","Zambia","1996","2.08640","1.65226"
"ZMB","Zambia","1997","1.47940","1.80192"
"ZMB","Zambia","1998","1.25030","1.54742"
"ZMB","Zambia","1999","1.37590","1.52210"
"ZMB","Zambia","2000","1.77200","1.59280"
"ZMB","Zambia","2001","1.37800","1.45112"
"ZMB","Zambia","2002","1.67090","1.48942"
"ZMB","Zambia","2003","1.72560","1.58448"
"ZMB","Zambia","2004","1.92390","1.69408"
"ZMB","Zambia","2005","1.85940","1.71156"
"ZMB","Zambia","2006","2.30130","1.89622"
"ZMB","Zambia","2007","2.33420","2.02888"
"ZMB","Zambia","2008","2.24420","2.13260"
"ZMB","Zambia","2009","2.06920","2.16166"
"ZMB","Zambia","2010","2.58710","2.30720"
"ZMB","Zambia","2011","2.74140","2.39522"
"ZMB","Zambia","2012","2.65450","2.45928"
"ZMB","Zambia","2013","2.53820","2.51808"
"ZMB","Zambia","2014","2.78020","2.66028"
"ZMB","Zambia","2015","3.03100","2.74906"
"ZMB","Zambia","2016","2.48160","2.69710"
"ZMB","Zambia","2017","2.51510","2.66922"
"ZMB","Zambia","2018","2.20520","2.60262"
"ZMB","Zambia","2019","2.38140","2.52286"
"ZMB","Zambia","2020","2.54020","2.42470"
"ZMB","Zambia","2021","2.56740","2.44186"
"ZMB","Zambia","2022","2.42610","2.42406"
"ZMB","Zambia","2023","2.29960","2.44294"
"ZMB","Zambia","2024","2.20800","2.40826"
"ZWE","Zimbabwe","1961","1.19290",""
"ZWE","Zimbabwe","1962","1.11750",""
"ZWE","Zimbabwe","1963","0.96000",""
"ZWE","Zimbabwe","1964","0.95470",""
"ZWE","Zimbabwe","1965","1.09600","1.06422"
"ZWE","Zimbabwe","1966","1.13700","1.05304"
"ZWE","Zimbabwe","1967","1.77430","1.18440"
"ZWE","Zimbabwe","1968","1.32360","1.25712"
"ZWE","Zimbabwe","1969","1.76390","1.41896"
"ZWE","Zimbabwe","1970","1.20220","1.44020"
"ZWE","Zimbabwe","1971","1.90110","1.59302"
"ZWE","Zimbabwe","1972","2.31100","1.70036"
"ZWE","Zimbabwe","1973","1.20880","1.67740"
"ZWE","Zimbabwe","1974","2.03110","1.73084"
"ZWE","Zimbabwe","1975","1.75750","1.84190"
"ZWE","Zimbabwe","1976","1.80650","1.82298"
"ZWE","Zimbabwe","1977","1.86650","1.73408"
"ZWE","Zimbabwe","1978","1.67320","1.82696"
"ZWE","Zimbabwe","1979","1.42840","1.70642"
"ZWE","Zimbabwe","1980","1.33960","1.62284"
"ZWE","Zimbabwe","1981","2.07810","1.67716"
"ZWE","Zimbabwe","1982","1.27670","1.55920"
"ZWE","Zimbabwe","1983","0.68210","1.36098"
"ZWE","Zimbabwe","1984","0.83260","1.24182"
"ZWE","Zimbabwe","1985","2.16370","1.40664"
"ZWE","Zimbabwe","1986","1.93730","1.37848"
"ZWE","Zimbabwe","1987","0.91730","1.30660"
"ZWE","Zimbabwe","1988","1.80660","1.53150"
"ZWE","Zimbabwe","1989","1.70790","1.70656"
"ZWE","Zimbabwe","1990","1.72060","1.61794"
"ZWE","Zimbabwe","1991","1.44000","1.51848"
"ZWE","Zimbabwe","1992","0.41080","1.41718"
"ZWE","Zimbabwe","1993","1.65260","1.38638"
"ZWE","Zimbabwe","1994","1.21330","1.28746"
"ZWE","Zimbabwe","1995","0.59490","1.06232"
"ZWE","Zimbabwe","1996","1.41500","1.05732"
"ZWE","Zimbabwe","1997","1.10430","1.19602"
"ZWE","Zimbabwe","1998","1.01250","1.06800"
"ZWE","Zimbabwe","1999","1.08700","1.04274"
"ZWE","Zimbabwe","2000","1.17950","1.15966"
"ZWE","Zimbabwe","2001","1.23090","1.12284"
"ZWE","Zimbabwe","2002","0.45540","0.99306"
"ZWE","Zimbabwe","2003","0.78290","0.94714"
"ZWE","Zimbabwe","2004","1.29650","0.98904"
"ZWE","Zimbabwe","2005","0.61950","0.87704"
"ZWE","Zimbabwe","2006","0.97720","0.82630"
"ZWE","Zimbabwe","2007","0.86510","0.90824"
"ZWE","Zimbabwe","2008","0.28670","0.80900"
"ZWE","Zimbabwe","2009","0.46420","0.64254"
"ZWE","Zimbabwe","2010","0.87510","0.69366"
"ZWE","Zimbabwe","2011","0.65680","0.62958"
"ZWE","Zimbabwe","2012","0.79120","0.61480"
"ZWE","Zimbabwe","2013","0.74490","0.70644"
"ZWE","Zimbabwe","2014","0.93010","0.79962"
"ZWE","Zimbabwe","2015","0.58030","0.74066"
"ZWE","Zimbabwe","2016","0.44050","0.69740"
"ZWE","Zimbabwe","2017","1.39330","0.81782"
"ZWE","Zimbabwe","2018","1.35060","0.93896"
"ZWE","Zimbabwe","2019","0.78070","0.90908"
"ZWE","Zimbabwe","2020","1.18010","1.02904"
"ZWE","Zimbabwe","2021","1.53440","1.24782"
"ZWE","Zimbabwe","2022","0.76280","1.12172"
"ZWE","Zimbabwe","2023","0.93500","1.03860"
"ZWE","Zimbabwe","2024","0.72990","1.02844"
