"geocodigoFundar","geonombreFundar","anio","valor"
"ABW","Aruba","1961","2.00000"
"ABW","Aruba","1962","2.00000"
"ABW","Aruba","1963","2.00000"
"ABW","Aruba","1964","2.00000"
"ABW","Aruba","1965","2.00000"
"ABW","Aruba","1966","2.00000"
"ABW","Aruba","1967","2.00000"
"ABW","Aruba","1968","2.00000"
"ABW","Aruba","1969","2.00000"
"ABW","Aruba","1970","2.00000"
"ABW","Aruba","1971","2.00000"
"ABW","Aruba","1972","2.00000"
"ABW","Aruba","1973","2.00000"
"ABW","Aruba","1974","2.00000"
"ABW","Aruba","1975","2.00000"
"ABW","Aruba","1976","2.00000"
"ABW","Aruba","1977","2.00000"
"ABW","Aruba","1978","2.00000"
"ABW","Aruba","1979","2.00000"
"ABW","Aruba","1980","2.00000"
"ABW","Aruba","1981","2.00000"
"ABW","Aruba","1982","2.00000"
"ABW","Aruba","1983","2.00000"
"ABW","Aruba","1984","2.00000"
"ABW","Aruba","1985","2.00000"
"ABW","Aruba","1986","2.00000"
"ABW","Aruba","1987","2.00000"
"ABW","Aruba","1988","2.00000"
"ABW","Aruba","1989","2.00000"
"ABW","Aruba","1990","2.00000"
"ABW","Aruba","1991","2.00000"
"ABW","Aruba","1992","2.00000"
"ABW","Aruba","1993","2.00000"
"ABW","Aruba","1994","2.00000"
"ABW","Aruba","1995","2.00000"
"ABW","Aruba","1996","2.00000"
"ABW","Aruba","1997","2.00000"
"ABW","Aruba","1998","2.00000"
"ABW","Aruba","1999","2.00000"
"ABW","Aruba","2000","2.00000"
"ABW","Aruba","2001","2.00000"
"ABW","Aruba","2002","2.00000"
"ABW","Aruba","2003","2.00000"
"ABW","Aruba","2004","2.00000"
"ABW","Aruba","2005","2.00000"
"ABW","Aruba","2006","2.00000"
"ABW","Aruba","2007","2.00000"
"ABW","Aruba","2008","2.00000"
"ABW","Aruba","2009","2.00000"
"ABW","Aruba","2010","2.00000"
"ABW","Aruba","2011","2.00000"
"ABW","Aruba","2012","2.00000"
"ABW","Aruba","2013","2.00000"
"ABW","Aruba","2014","2.00000"
"ABW","Aruba","2015","2.00000"
"ABW","Aruba","2016","2.00000"
"ABW","Aruba","2017","2.00000"
"ABW","Aruba","2018","2.00000"
"ABW","Aruba","2019","2.00000"
"ABW","Aruba","2020","2.00000"
"ABW","Aruba","2021","2.00000"
"ABW","Aruba","2022","2.00000"
"ABW","Aruba","2023","2.00000"
"ABW","Aruba","2024","2.00000"
"AFG","Afganistán","1961","7750.00000"
"AFG","Afganistán","1962","7800.00000"
"AFG","Afganistán","1963","7850.00000"
"AFG","Afganistán","1964","7905.00000"
"AFG","Afganistán","1965","7910.00000"
"AFG","Afganistán","1966","7955.00000"
"AFG","Afganistán","1967","7979.00000"
"AFG","Afganistán","1968","7980.00000"
"AFG","Afganistán","1969","7996.00000"
"AFG","Afganistán","1970","8006.00000"
"AFG","Afganistán","1971","8036.00000"
"AFG","Afganistán","1972","8048.00000"
"AFG","Afganistán","1973","8049.20000"
"AFG","Afganistán","1974","8050.30000"
"AFG","Afganistán","1975","8050.30000"
"AFG","Afganistán","1976","8050.00000"
"AFG","Afganistán","1977","8050.00000"
"AFG","Afganistán","1978","8050.00000"
"AFG","Afganistán","1979","8049.00000"
"AFG","Afganistán","1980","8049.00000"
"AFG","Afganistán","1981","8053.00000"
"AFG","Afganistán","1982","8054.00000"
"AFG","Afganistán","1983","8054.00000"
"AFG","Afganistán","1984","8054.00000"
"AFG","Afganistán","1985","8054.00000"
"AFG","Afganistán","1986","8054.00000"
"AFG","Afganistán","1987","8045.00000"
"AFG","Afganistán","1988","8040.00000"
"AFG","Afganistán","1989","8040.00000"
"AFG","Afganistán","1990","8040.00000"
"AFG","Afganistán","1991","8030.00000"
"AFG","Afganistán","1992","8030.00000"
"AFG","Afganistán","1993","7934.00000"
"AFG","Afganistán","1994","7813.00000"
"AFG","Afganistán","1995","7763.00000"
"AFG","Afganistán","1996","7757.00000"
"AFG","Afganistán","1997","7795.00000"
"AFG","Afganistán","1998","7868.00000"
"AFG","Afganistán","1999","7764.00000"
"AFG","Afganistán","2000","7794.00000"
"AFG","Afganistán","2001","7795.33100"
"AFG","Afganistán","2002","7787.39100"
"AFG","Afganistán","2003","7884.17100"
"AFG","Afganistán","2004","7923.87100"
"AFG","Afganistán","2005","7916.11500"
"AFG","Afganistán","2006","7910.00000"
"AFG","Afganistán","2007","7911.28570"
"AFG","Afganistán","2008","7912.57140"
"AFG","Afganistán","2009","7912.85710"
"AFG","Afganistán","2010","7914.14290"
"AFG","Afganistán","2011","7913.42860"
"AFG","Afganistán","2012","7913.71430"
"AFG","Afganistán","2013","7910.00000"
"AFG","Afganistán","2014","7910.00000"
"AFG","Afganistán","2015","7910.00000"
"AFG","Afganistán","2016","7910.00000"
"AFG","Afganistán","2017","7910.00000"
"AFG","Afganistán","2018","8010.00000"
"AFG","Afganistán","2019","8010.00000"
"AFG","Afganistán","2020","8075.00000"
"AFG","Afganistán","2021","8099.00000"
"AFG","Afganistán","2022","8081.00000"
"AFG","Afganistán","2023","8116.00000"
"AFG","Afganistán","2024","8082.00000"
"AGO","Angola","1961","3170.00000"
"AGO","Angola","1962","3200.00000"
"AGO","Angola","1963","3220.00000"
"AGO","Angola","1964","3250.00000"
"AGO","Angola","1965","3270.00000"
"AGO","Angola","1966","3300.00000"
"AGO","Angola","1967","3330.00000"
"AGO","Angola","1968","3360.00000"
"AGO","Angola","1969","3400.00000"
"AGO","Angola","1970","3400.00000"
"AGO","Angola","1971","3400.00000"
"AGO","Angola","1972","3400.00000"
"AGO","Angola","1973","3400.00000"
"AGO","Angola","1974","3400.00000"
"AGO","Angola","1975","3400.00000"
"AGO","Angola","1976","3200.00000"
"AGO","Angola","1977","3200.00000"
"AGO","Angola","1978","3200.00000"
"AGO","Angola","1979","3190.00000"
"AGO","Angola","1980","3185.00000"
"AGO","Angola","1981","3170.00000"
"AGO","Angola","1982","3170.00000"
"AGO","Angola","1983","3165.00000"
"AGO","Angola","1984","3160.00000"
"AGO","Angola","1985","3160.00000"
"AGO","Angola","1986","3100.00000"
"AGO","Angola","1987","3100.00000"
"AGO","Angola","1988","3100.00000"
"AGO","Angola","1989","3100.00000"
"AGO","Angola","1990","3100.00000"
"AGO","Angola","1991","3150.00000"
"AGO","Angola","1992","3200.00000"
"AGO","Angola","1993","3200.00000"
"AGO","Angola","1994","3200.00000"
"AGO","Angola","1995","3200.00000"
"AGO","Angola","1996","3200.00000"
"AGO","Angola","1997","3200.00000"
"AGO","Angola","1998","3200.00000"
"AGO","Angola","1999","3200.00000"
"AGO","Angola","2000","3200.00000"
"AGO","Angola","2001","3200.00000"
"AGO","Angola","2002","3300.00000"
"AGO","Angola","2003","3500.00000"
"AGO","Angola","2004","3500.00000"
"AGO","Angola","2005","3500.00000"
"AGO","Angola","2006","3500.00000"
"AGO","Angola","2007","3600.00000"
"AGO","Angola","2008","3600.00000"
"AGO","Angola","2009","4233.73000"
"AGO","Angola","2010","4421.96000"
"AGO","Angola","2011","4460.48000"
"AGO","Angola","2012","4528.21000"
"AGO","Angola","2013","4596.23000"
"AGO","Angola","2014","4643.53000"
"AGO","Angola","2015","4706.26000"
"AGO","Angola","2016","4750.18000"
"AGO","Angola","2017","4788.31000"
"AGO","Angola","2018","4833.71000"
"AGO","Angola","2019","4869.72000"
"AGO","Angola","2020","4905.97000"
"AGO","Angola","2021","4908.20000"
"AGO","Angola","2022","4896.53000"
"AGO","Angola","2023","4917.68000"
"AGO","Angola","2024","4924.37000"
"ALB","Albania","1961","479.00000"
"ALB","Albania","1962","487.00000"
"ALB","Albania","1963","495.00000"
"ALB","Albania","1964","501.00000"
"ALB","Albania","1965","522.00000"
"ALB","Albania","1966","540.00000"
"ALB","Albania","1967","556.00000"
"ALB","Albania","1968","570.00000"
"ALB","Albania","1969","585.00000"
"ALB","Albania","1970","599.00000"
"ALB","Albania","1971","610.00000"
"ALB","Albania","1972","624.00000"
"ALB","Albania","1973","636.00000"
"ALB","Albania","1974","652.00000"
"ALB","Albania","1975","662.00000"
"ALB","Albania","1976","685.00000"
"ALB","Albania","1977","692.00000"
"ALB","Albania","1978","697.00000"
"ALB","Albania","1979","697.00000"
"ALB","Albania","1980","702.00000"
"ALB","Albania","1981","706.00000"
"ALB","Albania","1982","709.00000"
"ALB","Albania","1983","710.00000"
"ALB","Albania","1984","713.00000"
"ALB","Albania","1985","713.00000"
"ALB","Albania","1986","713.00000"
"ALB","Albania","1987","714.00000"
"ALB","Albania","1988","714.00000"
"ALB","Albania","1989","707.00000"
"ALB","Albania","1990","704.00000"
"ALB","Albania","1991","703.00000"
"ALB","Albania","1992","703.00000"
"ALB","Albania","1993","702.00000"
"ALB","Albania","1994","702.00000"
"ALB","Albania","1995","702.00000"
"ALB","Albania","1996","702.00000"
"ALB","Albania","1997","700.00000"
"ALB","Albania","1998","699.00000"
"ALB","Albania","1999","699.00000"
"ALB","Albania","2000","699.00000"
"ALB","Albania","2001","699.00000"
"ALB","Albania","2002","699.00000"
"ALB","Albania","2003","699.00000"
"ALB","Albania","2004","699.00000"
"ALB","Albania","2005","659.00000"
"ALB","Albania","2006","705.00000"
"ALB","Albania","2007","698.00000"
"ALB","Albania","2008","697.00000"
"ALB","Albania","2009","696.00000"
"ALB","Albania","2010","696.00000"
"ALB","Albania","2011","696.00000"
"ALB","Albania","2012","696.00000"
"ALB","Albania","2013","696.30000"
"ALB","Albania","2014","696.00000"
"ALB","Albania","2015","696.10000"
"ALB","Albania","2016","703.50000"
"ALB","Albania","2017","696.20000"
"ALB","Albania","2018","696.00000"
"ALB","Albania","2019","696.00000"
"ALB","Albania","2020","687.55500"
"ALB","Albania","2021","687.53000"
"ALB","Albania","2022","686.40000"
"ALB","Albania","2023","678.50000"
"ALB","Albania","2024","677.30000"
"AND","Andorra","1961","1.00000"
"AND","Andorra","1962","1.00000"
"AND","Andorra","1963","1.00000"
"AND","Andorra","1964","1.00000"
"AND","Andorra","1965","1.00000"
"AND","Andorra","1966","1.00000"
"AND","Andorra","1967","1.00000"
"AND","Andorra","1968","1.00000"
"AND","Andorra","1969","1.00000"
"AND","Andorra","1970","1.00000"
"AND","Andorra","1971","1.00000"
"AND","Andorra","1972","1.00000"
"AND","Andorra","1973","1.00000"
"AND","Andorra","1974","1.00000"
"AND","Andorra","1975","1.00000"
"AND","Andorra","1976","1.00000"
"AND","Andorra","1977","1.00000"
"AND","Andorra","1978","1.00000"
"AND","Andorra","1979","1.00000"
"AND","Andorra","1980","1.00000"
"AND","Andorra","1981","1.00000"
"AND","Andorra","1982","1.00000"
"AND","Andorra","1983","1.00000"
"AND","Andorra","1984","1.00000"
"AND","Andorra","1985","1.00000"
"AND","Andorra","1986","1.00000"
"AND","Andorra","1987","1.00000"
"AND","Andorra","1988","1.00000"
"AND","Andorra","1989","1.00000"
"AND","Andorra","1990","1.00000"
"AND","Andorra","1991","1.00000"
"AND","Andorra","1992","1.00000"
"AND","Andorra","1993","1.00000"
"AND","Andorra","1994","1.00000"
"AND","Andorra","1995","1.00000"
"AND","Andorra","1996","1.00000"
"AND","Andorra","1997","1.00000"
"AND","Andorra","1998","1.00000"
"AND","Andorra","1999","1.00000"
"AND","Andorra","2000","1.00000"
"AND","Andorra","2001","0.75000"
"AND","Andorra","2002","0.85000"
"AND","Andorra","2003","0.86000"
"AND","Andorra","2004","0.81000"
"AND","Andorra","2005","0.80000"
"AND","Andorra","2006","0.78000"
"AND","Andorra","2007","0.77000"
"AND","Andorra","2008","0.76000"
"AND","Andorra","2009","0.77000"
"AND","Andorra","2010","0.77000"
"AND","Andorra","2011","0.77000"
"AND","Andorra","2012","0.76000"
"AND","Andorra","2013","0.81000"
"AND","Andorra","2014","0.80000"
"AND","Andorra","2015","0.81000"
"AND","Andorra","2016","0.82000"
"AND","Andorra","2017","0.82000"
"AND","Andorra","2018","0.83400"
"AND","Andorra","2019","0.80010"
"AND","Andorra","2020","0.77730"
"AND","Andorra","2021","0.75620"
"AND","Andorra","2022","0.75620"
"AND","Andorra","2023","0.74080"
"AND","Andorra","2024","0.14430"
"ARE","Emiratos Árabes Unidos","1961","8.00000"
"ARE","Emiratos Árabes Unidos","1962","8.00000"
"ARE","Emiratos Árabes Unidos","1963","8.00000"
"ARE","Emiratos Árabes Unidos","1964","8.00000"
"ARE","Emiratos Árabes Unidos","1965","9.00000"
"ARE","Emiratos Árabes Unidos","1966","10.00000"
"ARE","Emiratos Árabes Unidos","1967","10.00000"
"ARE","Emiratos Árabes Unidos","1968","10.00000"
"ARE","Emiratos Árabes Unidos","1969","10.00000"
"ARE","Emiratos Árabes Unidos","1970","12.00000"
"ARE","Emiratos Árabes Unidos","1971","12.00000"
"ARE","Emiratos Árabes Unidos","1972","12.00000"
"ARE","Emiratos Árabes Unidos","1973","13.00000"
"ARE","Emiratos Árabes Unidos","1974","14.00000"
"ARE","Emiratos Árabes Unidos","1975","15.00000"
"ARE","Emiratos Árabes Unidos","1976","16.00000"
"ARE","Emiratos Árabes Unidos","1977","17.00000"
"ARE","Emiratos Árabes Unidos","1978","18.00000"
"ARE","Emiratos Árabes Unidos","1979","19.00000"
"ARE","Emiratos Árabes Unidos","1980","23.00000"
"ARE","Emiratos Árabes Unidos","1981","27.00000"
"ARE","Emiratos Árabes Unidos","1982","27.00000"
"ARE","Emiratos Árabes Unidos","1983","32.00000"
"ARE","Emiratos Árabes Unidos","1984","32.00000"
"ARE","Emiratos Árabes Unidos","1985","35.00000"
"ARE","Emiratos Árabes Unidos","1986","38.00000"
"ARE","Emiratos Árabes Unidos","1987","38.00000"
"ARE","Emiratos Árabes Unidos","1988","39.00000"
"ARE","Emiratos Árabes Unidos","1989","39.00000"
"ARE","Emiratos Árabes Unidos","1990","55.00000"
"ARE","Emiratos Árabes Unidos","1991","60.00000"
"ARE","Emiratos Árabes Unidos","1992","69.00000"
"ARE","Emiratos Árabes Unidos","1993","75.00000"
"ARE","Emiratos Árabes Unidos","1994","82.00000"
"ARE","Emiratos Árabes Unidos","1995","83.00000"
"ARE","Emiratos Árabes Unidos","1996","87.00000"
"ARE","Emiratos Árabes Unidos","1997","95.00000"
"ARE","Emiratos Árabes Unidos","1998","98.00000"
"ARE","Emiratos Árabes Unidos","1999","216.00000"
"ARE","Emiratos Árabes Unidos","2000","247.00000"
"ARE","Emiratos Árabes Unidos","2001","262.00000"
"ARE","Emiratos Árabes Unidos","2002","266.00000"
"ARE","Emiratos Árabes Unidos","2003","254.00000"
"ARE","Emiratos Árabes Unidos","2004","253.09000"
"ARE","Emiratos Árabes Unidos","2005","249.17000"
"ARE","Emiratos Árabes Unidos","2006","246.26000"
"ARE","Emiratos Árabes Unidos","2007","244.34000"
"ARE","Emiratos Árabes Unidos","2008","242.43000"
"ARE","Emiratos Árabes Unidos","2009","90.51000"
"ARE","Emiratos Árabes Unidos","2010","92.30000"
"ARE","Emiratos Árabes Unidos","2011","88.50000"
"ARE","Emiratos Árabes Unidos","2012","76.70000"
"ARE","Emiratos Árabes Unidos","2013","79.40000"
"ARE","Emiratos Árabes Unidos","2014","82.50000"
"ARE","Emiratos Árabes Unidos","2015","82.80000"
"ARE","Emiratos Árabes Unidos","2016","83.80000"
"ARE","Emiratos Árabes Unidos","2017","83.80000"
"ARE","Emiratos Árabes Unidos","2018","81.75000"
"ARE","Emiratos Árabes Unidos","2019","90.40000"
"ARE","Emiratos Árabes Unidos","2020","89.80000"
"ARE","Emiratos Árabes Unidos","2021","91.56150"
"ARE","Emiratos Árabes Unidos","2022","91.70370"
"ARE","Emiratos Árabes Unidos","2023","97.33100"
"ARE","Emiratos Árabes Unidos","2024","97.65000"
"ARG","Argentina","1961","19472.00000"
"ARG","Argentina","1962","20061.00000"
"ARG","Argentina","1963","20486.00000"
"ARG","Argentina","1964","20892.00000"
"ARG","Argentina","1965","21358.00000"
"ARG","Argentina","1966","22511.00000"
"ARG","Argentina","1967","23249.00000"
"ARG","Argentina","1968","24765.00000"
"ARG","Argentina","1969","24896.00000"
"ARG","Argentina","1970","25028.00000"
"ARG","Argentina","1971","25160.00000"
"ARG","Argentina","1972","25291.00000"
"ARG","Argentina","1973","25423.00000"
"ARG","Argentina","1974","25554.00000"
"ARG","Argentina","1975","25686.00000"
"ARG","Argentina","1976","25817.00000"
"ARG","Argentina","1977","25949.00000"
"ARG","Argentina","1978","26080.00000"
"ARG","Argentina","1979","26212.00000"
"ARG","Argentina","1980","26344.00000"
"ARG","Argentina","1981","26475.00000"
"ARG","Argentina","1982","26607.00000"
"ARG","Argentina","1983","26739.00000"
"ARG","Argentina","1984","26870.00000"
"ARG","Argentina","1985","27001.00000"
"ARG","Argentina","1986","27133.00000"
"ARG","Argentina","1987","27264.00000"
"ARG","Argentina","1988","27392.00000"
"ARG","Argentina","1989","27497.00000"
"ARG","Argentina","1990","27602.00000"
"ARG","Argentina","1991","27707.00000"
"ARG","Argentina","1992","27812.00000"
"ARG","Argentina","1993","27917.00000"
"ARG","Argentina","1994","28022.00000"
"ARG","Argentina","1995","28127.00000"
"ARG","Argentina","1996","28232.00000"
"ARG","Argentina","1997","28337.00000"
"ARG","Argentina","1998","28442.00000"
"ARG","Argentina","1999","28547.00000"
"ARG","Argentina","2000","28652.00000"
"ARG","Argentina","2001","28757.00000"
"ARG","Argentina","2002","28862.00000"
"ARG","Argentina","2003","30832.45000"
"ARG","Argentina","2004","32802.90000"
"ARG","Argentina","2005","34804.35000"
"ARG","Argentina","2006","36599.50000"
"ARG","Argentina","2007","38006.15000"
"ARG","Argentina","2008","36661.80000"
"ARG","Argentina","2009","35520.45000"
"ARG","Argentina","2010","39037.10000"
"ARG","Argentina","2011","39664.75000"
"ARG","Argentina","2012","40665.40000"
"ARG","Argentina","2013","40438.05000"
"ARG","Argentina","2014","40984.19000"
"ARG","Argentina","2015","41530.33000"
"ARG","Argentina","2016","42076.47000"
"ARG","Argentina","2017","42622.60000"
"ARG","Argentina","2018","43168.44000"
"ARG","Argentina","2019","45042.65000"
"ARG","Argentina","2020","46916.86000"
"ARG","Argentina","2021","48791.06700"
"ARG","Argentina","2022","48222.95600"
"ARG","Argentina","2023","48290.67800"
"ARG","Argentina","2024","48935.93500"
"ARM","Armenia","1992","483.00000"
"ARM","Armenia","1993","493.00000"
"ARM","Armenia","1994","500.00000"
"ARM","Armenia","1995","494.00000"
"ARM","Armenia","1996","506.00000"
"ARM","Armenia","1997","498.00000"
"ARM","Armenia","1998","493.00000"
"ARM","Armenia","1999","488.00000"
"ARM","Armenia","2000","488.00000"
"ARM","Armenia","2001","493.00000"
"ARM","Armenia","2002","491.00000"
"ARM","Armenia","2003","494.00000"
"ARM","Armenia","2004","505.00000"
"ARM","Armenia","2005","505.00000"
"ARM","Armenia","2006","503.90000"
"ARM","Armenia","2007","506.10000"
"ARM","Armenia","2008","504.40000"
"ARM","Armenia","2009","502.40000"
"ARM","Armenia","2010","503.60000"
"ARM","Armenia","2011","502.60000"
"ARM","Armenia","2012","505.10000"
"ARM","Armenia","2013","505.90000"
"ARM","Armenia","2014","504.80000"
"ARM","Armenia","2015","504.30000"
"ARM","Armenia","2016","504.40000"
"ARM","Armenia","2017","504.10000"
"ARM","Armenia","2018","504.70000"
"ARM","Armenia","2019","505.00000"
"ARM","Armenia","2020","504.00000"
"ARM","Armenia","2021","503.72000"
"ARM","Armenia","2022","503.93000"
"ARM","Armenia","2023","503.40000"
"ARM","Armenia","2024","503.40000"
"ASM","Samoa Americana","1961","3.95000"
"ASM","Samoa Americana","1962","3.95000"
"ASM","Samoa Americana","1963","3.95000"
"ASM","Samoa Americana","1964","3.95000"
"ASM","Samoa Americana","1965","3.95000"
"ASM","Samoa Americana","1966","3.95000"
"ASM","Samoa Americana","1967","3.95000"
"ASM","Samoa Americana","1968","3.95000"
"ASM","Samoa Americana","1969","3.95000"
"ASM","Samoa Americana","1970","3.95000"
"ASM","Samoa Americana","1971","3.95000"
"ASM","Samoa Americana","1972","3.95000"
"ASM","Samoa Americana","1973","3.95000"
"ASM","Samoa Americana","1974","3.95000"
"ASM","Samoa Americana","1975","3.95000"
"ASM","Samoa Americana","1976","3.95000"
"ASM","Samoa Americana","1977","3.95000"
"ASM","Samoa Americana","1978","3.95000"
"ASM","Samoa Americana","1979","3.95000"
"ASM","Samoa Americana","1980","3.95000"
"ASM","Samoa Americana","1981","3.95000"
"ASM","Samoa Americana","1982","3.95000"
"ASM","Samoa Americana","1983","3.95000"
"ASM","Samoa Americana","1984","3.95000"
"ASM","Samoa Americana","1985","3.95000"
"ASM","Samoa Americana","1986","3.95000"
"ASM","Samoa Americana","1987","3.95000"
"ASM","Samoa Americana","1988","3.95000"
"ASM","Samoa Americana","1989","3.95000"
"ASM","Samoa Americana","1990","3.95000"
"ASM","Samoa Americana","1991","3.95000"
"ASM","Samoa Americana","1992","3.95000"
"ASM","Samoa Americana","1993","3.95000"
"ASM","Samoa Americana","1994","3.95000"
"ASM","Samoa Americana","1995","3.95000"
"ASM","Samoa Americana","1996","3.95000"
"ASM","Samoa Americana","1997","3.95000"
"ASM","Samoa Americana","1998","3.95000"
"ASM","Samoa Americana","1999","3.95000"
"ASM","Samoa Americana","2000","3.95000"
"ASM","Samoa Americana","2001","3.95000"
"ASM","Samoa Americana","2002","3.95000"
"ASM","Samoa Americana","2003","3.95000"
"ASM","Samoa Americana","2004","3.95000"
"ASM","Samoa Americana","2005","3.95000"
"ASM","Samoa Americana","2006","3.95000"
"ASM","Samoa Americana","2007","3.95000"
"ASM","Samoa Americana","2008","3.95000"
"ASM","Samoa Americana","2009","3.95000"
"ASM","Samoa Americana","2010","3.95000"
"ASM","Samoa Americana","2011","3.95000"
"ASM","Samoa Americana","2012","3.95000"
"ASM","Samoa Americana","2013","3.95000"
"ASM","Samoa Americana","2014","3.95000"
"ASM","Samoa Americana","2015","3.95000"
"ASM","Samoa Americana","2016","3.95000"
"ASM","Samoa Americana","2017","3.95000"
"ASM","Samoa Americana","2018","3.94500"
"ASM","Samoa Americana","2019","3.69000"
"ASM","Samoa Americana","2020","3.43000"
"ASM","Samoa Americana","2021","3.18000"
"ASM","Samoa Americana","2022","2.92000"
"ASM","Samoa Americana","2023","2.66800"
"ASM","Samoa Americana","2024","2.67000"
"ATG","Antigua y Barbuda","1961","8.00000"
"ATG","Antigua y Barbuda","1962","7.00000"
"ATG","Antigua y Barbuda","1963","7.00000"
"ATG","Antigua y Barbuda","1964","7.00000"
"ATG","Antigua y Barbuda","1965","6.00000"
"ATG","Antigua y Barbuda","1966","6.00000"
"ATG","Antigua y Barbuda","1967","6.00000"
"ATG","Antigua y Barbuda","1968","6.00000"
"ATG","Antigua y Barbuda","1969","6.00000"
"ATG","Antigua y Barbuda","1970","6.00000"
"ATG","Antigua y Barbuda","1971","7.00000"
"ATG","Antigua y Barbuda","1972","6.00000"
"ATG","Antigua y Barbuda","1973","6.00000"
"ATG","Antigua y Barbuda","1974","6.00000"
"ATG","Antigua y Barbuda","1975","6.00000"
"ATG","Antigua y Barbuda","1976","6.00000"
"ATG","Antigua y Barbuda","1977","6.00000"
"ATG","Antigua y Barbuda","1978","6.00000"
"ATG","Antigua y Barbuda","1979","6.00000"
"ATG","Antigua y Barbuda","1980","6.00000"
"ATG","Antigua y Barbuda","1981","6.00000"
"ATG","Antigua y Barbuda","1982","6.00000"
"ATG","Antigua y Barbuda","1983","6.00000"
"ATG","Antigua y Barbuda","1984","5.30000"
"ATG","Antigua y Barbuda","1985","5.30000"
"ATG","Antigua y Barbuda","1986","5.30000"
"ATG","Antigua y Barbuda","1987","5.30000"
"ATG","Antigua y Barbuda","1988","5.30000"
"ATG","Antigua y Barbuda","1989","5.30000"
"ATG","Antigua y Barbuda","1990","5.30000"
"ATG","Antigua y Barbuda","1991","5.30000"
"ATG","Antigua y Barbuda","1992","5.30000"
"ATG","Antigua y Barbuda","1993","5.30000"
"ATG","Antigua y Barbuda","1994","5.30000"
"ATG","Antigua y Barbuda","1995","5.30000"
"ATG","Antigua y Barbuda","1996","5.30000"
"ATG","Antigua y Barbuda","1997","5.30000"
"ATG","Antigua y Barbuda","1998","5.30000"
"ATG","Antigua y Barbuda","1999","5.30000"
"ATG","Antigua y Barbuda","2000","5.30000"
"ATG","Antigua y Barbuda","2001","5.30000"
"ATG","Antigua y Barbuda","2002","5.30000"
"ATG","Antigua y Barbuda","2003","5.30000"
"ATG","Antigua y Barbuda","2004","5.30000"
"ATG","Antigua y Barbuda","2005","5.30000"
"ATG","Antigua y Barbuda","2006","5.30000"
"ATG","Antigua y Barbuda","2007","5.30000"
"ATG","Antigua y Barbuda","2008","5.30000"
"ATG","Antigua y Barbuda","2009","5.30000"
"ATG","Antigua y Barbuda","2010","5.30000"
"ATG","Antigua y Barbuda","2011","5.30000"
"ATG","Antigua y Barbuda","2012","5.30000"
"ATG","Antigua y Barbuda","2013","5.30000"
"ATG","Antigua y Barbuda","2014","5.30000"
"ATG","Antigua y Barbuda","2015","5.30000"
"ATG","Antigua y Barbuda","2016","5.30000"
"ATG","Antigua y Barbuda","2017","5.30000"
"ATG","Antigua y Barbuda","2018","5.30000"
"ATG","Antigua y Barbuda","2019","5.30000"
"ATG","Antigua y Barbuda","2020","5.30000"
"ATG","Antigua y Barbuda","2021","5.30000"
"ATG","Antigua y Barbuda","2022","5.30000"
"ATG","Antigua y Barbuda","2023","5.30000"
"ATG","Antigua y Barbuda","2024","5.30000"
"AUS","Australia","1961","14551.39320"
"AUS","Australia","1962","15694.26600"
"AUS","Australia","1963","15563.95260"
"AUS","Australia","1964","16478.16990"
"AUS","Australia","1965","17510.96430"
"AUS","Australia","1966","18968.28900"
"AUS","Australia","1967","19456.35720"
"AUS","Australia","1968","21595.19670"
"AUS","Australia","1969","19822.20600"
"AUS","Australia","1970","18680.14260"
"AUS","Australia","1971","17047.00000"
"AUS","Australia","1972","17231.00000"
"AUS","Australia","1973","15102.00000"
"AUS","Australia","1974","14957.00000"
"AUS","Australia","1975","13747.00000"
"AUS","Australia","1976","14642.00000"
"AUS","Australia","1977","15010.00000"
"AUS","Australia","1978","16800.00000"
"AUS","Australia","1979","17438.00000"
"AUS","Australia","1980","17954.00000"
"AUS","Australia","1981","18396.00000"
"AUS","Australia","1982","19613.00000"
"AUS","Australia","1983","19421.00000"
"AUS","Australia","1984","21911.00000"
"AUS","Australia","1985","21136.00000"
"AUS","Australia","1986","20853.00000"
"AUS","Australia","1987","19765.00000"
"AUS","Australia","1988","18359.00000"
"AUS","Australia","1989","17704.00000"
"AUS","Australia","1990","17137.00000"
"AUS","Australia","1991","17382.00000"
"AUS","Australia","1992","16404.00000"
"AUS","Australia","1993","17297.00000"
"AUS","Australia","1994","18043.00000"
"AUS","Australia","1995","17040.00000"
"AUS","Australia","1996","19409.00000"
"AUS","Australia","1997","21133.00000"
"AUS","Australia","1998","21595.00000"
"AUS","Australia","1999","23264.00000"
"AUS","Australia","2000","23769.00000"
"AUS","Australia","2001","24520.00000"
"AUS","Australia","2002","24060.00000"
"AUS","Australia","2003","23575.00000"
"AUS","Australia","2004","26080.00000"
"AUS","Australia","2005","26742.00000"
"AUS","Australia","2006","24565.00000"
"AUS","Australia","2007","23530.00000"
"AUS","Australia","2008","24374.00000"
"AUS","Australia","2009","27511.00000"
"AUS","Australia","2010","25968.00000"
"AUS","Australia","2011","32078.00000"
"AUS","Australia","2012","31993.00000"
"AUS","Australia","2013","31611.00000"
"AUS","Australia","2014","32307.00000"
"AUS","Australia","2015","31397.00000"
"AUS","Australia","2016","30378.00000"
"AUS","Australia","2017","31074.00000"
"AUS","Australia","2018","31306.00000"
"AUS","Australia","2019","30920.00000"
"AUS","Australia","2020","30996.00000"
"AUS","Australia","2021","31650.00000"
"AUS","Australia","2022","31650.00000"
"AUS","Australia","2023","31650.00000"
"AUS","Australia","2024","31650.00000"
"AUT","Austria","1961","1754.00000"
"AUT","Austria","1962","1746.00000"
"AUT","Austria","1963","1721.00000"
"AUT","Austria","1964","1724.00000"
"AUT","Austria","1965","1728.00000"
"AUT","Austria","1966","1686.00000"
"AUT","Austria","1967","1670.00000"
"AUT","Austria","1968","1672.00000"
"AUT","Austria","1969","1680.00000"
"AUT","Austria","1970","1681.00000"
"AUT","Austria","1971","1681.00000"
"AUT","Austria","1972","1682.00000"
"AUT","Austria","1973","1612.00000"
"AUT","Austria","1974","1612.00000"
"AUT","Austria","1975","1609.00000"
"AUT","Austria","1976","1618.00000"
"AUT","Austria","1977","1627.00000"
"AUT","Austria","1978","1645.00000"
"AUT","Austria","1979","1622.00000"
"AUT","Austria","1980","1635.00000"
"AUT","Austria","1981","1648.00000"
"AUT","Austria","1982","1634.00000"
"AUT","Austria","1983","1516.00000"
"AUT","Austria","1984","1522.00000"
"AUT","Austria","1985","1525.00000"
"AUT","Austria","1986","1513.00000"
"AUT","Austria","1987","1513.00000"
"AUT","Austria","1988","1532.00000"
"AUT","Austria","1989","1533.00000"
"AUT","Austria","1990","1505.00000"
"AUT","Austria","1991","1524.00000"
"AUT","Austria","1992","1506.00000"
"AUT","Austria","1993","1498.00000"
"AUT","Austria","1994","1499.00000"
"AUT","Austria","1995","1492.00000"
"AUT","Austria","1996","1486.00000"
"AUT","Austria","1997","1479.00000"
"AUT","Austria","1998","1476.00000"
"AUT","Austria","1999","1473.00000"
"AUT","Austria","2000","1470.00000"
"AUT","Austria","2001","1458.00000"
"AUT","Austria","2002","1456.00000"
"AUT","Austria","2003","1451.03000"
"AUT","Austria","2004","1445.30000"
"AUT","Austria","2005","1446.70000"
"AUT","Austria","2006","1445.20000"
"AUT","Austria","2007","1444.00000"
"AUT","Austria","2008","1435.30000"
"AUT","Austria","2009","1432.90000"
"AUT","Austria","2010","1429.10000"
"AUT","Austria","2011","1424.90000"
"AUT","Austria","2012","1420.40000"
"AUT","Austria","2013","1419.30000"
"AUT","Austria","2014","1417.10000"
"AUT","Austria","2015","1411.59000"
"AUT","Austria","2016","1411.36000"
"AUT","Austria","2017","1395.81000"
"AUT","Austria","2018","1394.02000"
"AUT","Austria","2019","1392.40000"
"AUT","Austria","2020","1392.68540"
"AUT","Austria","2021","1390.44900"
"AUT","Austria","2022","1387.46780"
"AUT","Austria","2023","1387.28320"
"AUT","Austria","2024","1384.64560"
"AZE","Azerbaiyán","1992","2014.80000"
"AZE","Azerbaiyán","1993","2026.30000"
"AZE","Azerbaiyán","1994","2032.30000"
"AZE","Azerbaiyán","1995","2035.80000"
"AZE","Azerbaiyán","1996","2047.70000"
"AZE","Azerbaiyán","1997","2062.00000"
"AZE","Azerbaiyán","1998","2059.70000"
"AZE","Azerbaiyán","1999","2061.80000"
"AZE","Azerbaiyán","2000","2062.40000"
"AZE","Azerbaiyán","2001","2062.70000"
"AZE","Azerbaiyán","2002","2063.20000"
"AZE","Azerbaiyán","2003","2064.30000"
"AZE","Azerbaiyán","2004","2063.50000"
"AZE","Azerbaiyán","2005","2064.70000"
"AZE","Azerbaiyán","2006","2062.40000"
"AZE","Azerbaiyán","2007","2078.70000"
"AZE","Azerbaiyán","2008","2087.70000"
"AZE","Azerbaiyán","2009","2101.10000"
"AZE","Azerbaiyán","2010","2111.50000"
"AZE","Azerbaiyán","2011","2112.90000"
"AZE","Azerbaiyán","2012","2127.70000"
"AZE","Azerbaiyán","2013","2155.60000"
"AZE","Azerbaiyán","2014","2160.00000"
"AZE","Azerbaiyán","2015","2174.70000"
"AZE","Azerbaiyán","2016","2240.00000"
"AZE","Azerbaiyán","2017","2341.30000"
"AZE","Azerbaiyán","2018","2352.90000"
"AZE","Azerbaiyán","2019","2356.30000"
"AZE","Azerbaiyán","2020","2357.00000"
"AZE","Azerbaiyán","2021","2363.00000"
"AZE","Azerbaiyán","2022","2365.50000"
"AZE","Azerbaiyán","2023","2365.10000"
"AZE","Azerbaiyán","2024","2367.80000"
"BDI","Burundi","1961","905.00000"
"BDI","Burundi","1962","930.00000"
"BDI","Burundi","1963","954.00000"
"BDI","Burundi","1964","974.00000"
"BDI","Burundi","1965","996.00000"
"BDI","Burundi","1966","993.00000"
"BDI","Burundi","1967","1038.00000"
"BDI","Burundi","1968","1050.00000"
"BDI","Burundi","1969","1247.00000"
"BDI","Burundi","1970","1200.00000"
"BDI","Burundi","1971","1189.00000"
"BDI","Burundi","1972","1166.00000"
"BDI","Burundi","1973","1230.00000"
"BDI","Burundi","1974","1230.00000"
"BDI","Burundi","1975","1230.00000"
"BDI","Burundi","1976","1235.00000"
"BDI","Burundi","1977","1262.00000"
"BDI","Burundi","1978","1255.00000"
"BDI","Burundi","1979","1250.00000"
"BDI","Burundi","1980","1250.00000"
"BDI","Burundi","1981","1250.00000"
"BDI","Burundi","1982","1250.00000"
"BDI","Burundi","1983","1250.00000"
"BDI","Burundi","1984","1250.00000"
"BDI","Burundi","1985","1250.00000"
"BDI","Burundi","1986","1270.00000"
"BDI","Burundi","1987","1280.00000"
"BDI","Burundi","1988","1280.23000"
"BDI","Burundi","1989","1280.23000"
"BDI","Burundi","1990","1280.23000"
"BDI","Burundi","1991","1280.23000"
"BDI","Burundi","1992","1280.23000"
"BDI","Burundi","1993","1280.23000"
"BDI","Burundi","1994","1260.59000"
"BDI","Burundi","1995","1270.59000"
"BDI","Burundi","1996","1295.22000"
"BDI","Burundi","1997","1305.22000"
"BDI","Burundi","1998","1305.22000"
"BDI","Burundi","1999","1313.07000"
"BDI","Burundi","2000","1322.46000"
"BDI","Burundi","2001","1366.65000"
"BDI","Burundi","2002","1377.65000"
"BDI","Burundi","2003","1381.65000"
"BDI","Burundi","2004","1376.65000"
"BDI","Burundi","2005","1336.00000"
"BDI","Burundi","2006","1330.65000"
"BDI","Burundi","2007","1333.65000"
"BDI","Burundi","2008","1336.65000"
"BDI","Burundi","2009","1339.65000"
"BDI","Burundi","2010","1341.65000"
"BDI","Burundi","2011","1358.36000"
"BDI","Burundi","2012","1333.22000"
"BDI","Burundi","2013","1360.22000"
"BDI","Burundi","2014","1387.22000"
"BDI","Burundi","2015","1414.22000"
"BDI","Burundi","2016","1441.22000"
"BDI","Burundi","2017","1468.22000"
"BDI","Burundi","2018","1495.22000"
"BDI","Burundi","2019","1522.22000"
"BDI","Burundi","2020","1549.22000"
"BDI","Burundi","2021","1576.22000"
"BDI","Burundi","2022","1576.22000"
"BDI","Burundi","2023","1486.81000"
"BDI","Burundi","2024","1427.35000"
"BEL","Bélgica","2000","882.60000"
"BEL","Bélgica","2001","865.80000"
"BEL","Bélgica","2002","853.10000"
"BEL","Bélgica","2003","856.20000"
"BEL","Bélgica","2004","861.30000"
"BEL","Bélgica","2005","864.00000"
"BEL","Bélgica","2006","863.00000"
"BEL","Bélgica","2007","859.90000"
"BEL","Bélgica","2008","865.30000"
"BEL","Bélgica","2009","861.60000"
"BEL","Bélgica","2010","855.70000"
"BEL","Bélgica","2011","846.70000"
"BEL","Bélgica","2012","825.00000"
"BEL","Bélgica","2013","838.30000"
"BEL","Bélgica","2014","839.30000"
"BEL","Bélgica","2015","852.00000"
"BEL","Bélgica","2016","872.40000"
"BEL","Bélgica","2017","859.00000"
"BEL","Bélgica","2018","874.00000"
"BEL","Bélgica","2019","880.95870"
"BEL","Bélgica","2020","888.49010"
"BEL","Bélgica","2021","889.39000"
"BEL","Bélgica","2022","887.56000"
"BEL","Bélgica","2023","886.35940"
"BEL","Bélgica","2024","886.63000"
"BEN","Benin","1961","972.56000"
"BEN","Benin","1962","993.15000"
"BEN","Benin","1963","1013.71000"
"BEN","Benin","1964","1031.77000"
"BEN","Benin","1965","1053.77000"
"BEN","Benin","1966","1083.76000"
"BEN","Benin","1967","1127.56000"
"BEN","Benin","1968","1158.36000"
"BEN","Benin","1969","1243.03000"
"BEN","Benin","1970","1264.67000"
"BEN","Benin","1971","1313.63000"
"BEN","Benin","1972","1344.72000"
"BEN","Benin","1973","1363.72000"
"BEN","Benin","1974","1390.72000"
"BEN","Benin","1975","1430.81000"
"BEN","Benin","1976","1457.31000"
"BEN","Benin","1977","1490.56000"
"BEN","Benin","1978","1511.71000"
"BEN","Benin","1979","1531.30000"
"BEN","Benin","1980","1562.30000"
"BEN","Benin","1981","1592.80000"
"BEN","Benin","1982","1625.30000"
"BEN","Benin","1983","1623.80000"
"BEN","Benin","1984","1642.80000"
"BEN","Benin","1985","1675.86000"
"BEN","Benin","1986","1685.98000"
"BEN","Benin","1987","1695.98000"
"BEN","Benin","1988","1706.16000"
"BEN","Benin","1989","1705.56000"
"BEN","Benin","1990","1711.30000"
"BEN","Benin","1991","1718.31000"
"BEN","Benin","1992","1740.17000"
"BEN","Benin","1993","1775.84000"
"BEN","Benin","1994","1837.06000"
"BEN","Benin","1995","1964.61000"
"BEN","Benin","1996","2154.84000"
"BEN","Benin","1997","2339.87000"
"BEN","Benin","1998","2490.82000"
"BEN","Benin","1999","2556.00000"
"BEN","Benin","2000","2641.88000"
"BEN","Benin","2001","2709.53000"
"BEN","Benin","2002","2817.34000"
"BEN","Benin","2003","2921.00000"
"BEN","Benin","2004","2909.25000"
"BEN","Benin","2005","2923.55000"
"BEN","Benin","2006","2789.33000"
"BEN","Benin","2007","2829.10000"
"BEN","Benin","2008","3033.89000"
"BEN","Benin","2009","3190.33000"
"BEN","Benin","2010","2937.14000"
"BEN","Benin","2011","3069.37000"
"BEN","Benin","2012","3215.20000"
"BEN","Benin","2013","3430.54000"
"BEN","Benin","2014","3447.90000"
"BEN","Benin","2015","3523.22000"
"BEN","Benin","2016","3326.75000"
"BEN","Benin","2017","3576.51000"
"BEN","Benin","2018","3995.90000"
"BEN","Benin","2019","4165.42000"
"BEN","Benin","2020","3935.88000"
"BEN","Benin","2021","4134.37000"
"BEN","Benin","2022","4330.88000"
"BEN","Benin","2023","4269.71000"
"BEN","Benin","2024","4314.60000"
"BFA","Burkina Faso","1961","3015.00000"
"BFA","Burkina Faso","1962","3014.00000"
"BFA","Burkina Faso","1963","3012.00000"
"BFA","Burkina Faso","1964","3016.00000"
"BFA","Burkina Faso","1965","3015.00000"
"BFA","Burkina Faso","1966","3016.00000"
"BFA","Burkina Faso","1967","3014.00000"
"BFA","Burkina Faso","1968","3017.00000"
"BFA","Burkina Faso","1969","3018.00000"
"BFA","Burkina Faso","1970","3018.00000"
"BFA","Burkina Faso","1971","3016.00000"
"BFA","Burkina Faso","1972","3018.00000"
"BFA","Burkina Faso","1973","3018.00000"
"BFA","Burkina Faso","1974","3016.00000"
"BFA","Burkina Faso","1975","3018.00000"
"BFA","Burkina Faso","1976","3032.00000"
"BFA","Burkina Faso","1977","3024.05000"
"BFA","Burkina Faso","1978","3017.55000"
"BFA","Burkina Faso","1979","3023.05000"
"BFA","Burkina Faso","1980","3033.05000"
"BFA","Burkina Faso","1981","3043.55000"
"BFA","Burkina Faso","1982","3034.60000"
"BFA","Burkina Faso","1983","3035.60000"
"BFA","Burkina Faso","1984","3168.99000"
"BFA","Burkina Faso","1985","3334.22000"
"BFA","Burkina Faso","1986","3431.05000"
"BFA","Burkina Faso","1987","3558.88000"
"BFA","Burkina Faso","1988","3685.91000"
"BFA","Burkina Faso","1989","3824.75000"
"BFA","Burkina Faso","1990","3937.44000"
"BFA","Burkina Faso","1991","4066.61000"
"BFA","Burkina Faso","1992","4189.94000"
"BFA","Burkina Faso","1993","4312.90000"
"BFA","Burkina Faso","1994","4436.65000"
"BFA","Burkina Faso","1995","4566.82000"
"BFA","Burkina Faso","1996","4694.72000"
"BFA","Burkina Faso","1997","4821.61000"
"BFA","Burkina Faso","1998","4951.58000"
"BFA","Burkina Faso","1999","5078.29000"
"BFA","Burkina Faso","2000","5211.43000"
"BFA","Burkina Faso","2001","5340.79000"
"BFA","Burkina Faso","2002","5468.82000"
"BFA","Burkina Faso","2003","5579.38000"
"BFA","Burkina Faso","2004","5739.72000"
"BFA","Burkina Faso","2005","5881.00000"
"BFA","Burkina Faso","2006","6018.78000"
"BFA","Burkina Faso","2007","6151.27000"
"BFA","Burkina Faso","2008","6289.93000"
"BFA","Burkina Faso","2009","6431.51000"
"BFA","Burkina Faso","2010","6591.58000"
"BFA","Burkina Faso","2011","6794.94000"
"BFA","Burkina Faso","2012","6898.10000"
"BFA","Burkina Faso","2013","7163.48000"
"BFA","Burkina Faso","2014","7320.69000"
"BFA","Burkina Faso","2015","7489.04000"
"BFA","Burkina Faso","2016","7628.28000"
"BFA","Burkina Faso","2017","7778.51000"
"BFA","Burkina Faso","2018","8007.28000"
"BFA","Burkina Faso","2019","8138.79000"
"BFA","Burkina Faso","2020","8270.60000"
"BFA","Burkina Faso","2021","8408.90000"
"BFA","Burkina Faso","2022","8587.01000"
"BFA","Burkina Faso","2023","8596.34000"
"BFA","Burkina Faso","2024","8588.11000"
"BGD","Bangladesh","1961","8880.00000"
"BGD","Bangladesh","1962","8877.00000"
"BGD","Bangladesh","1963","8880.00000"
"BGD","Bangladesh","1964","8920.00000"
"BGD","Bangladesh","1965","9037.00000"
"BGD","Bangladesh","1966","9050.00000"
"BGD","Bangladesh","1967","9095.00000"
"BGD","Bangladesh","1968","9069.00000"
"BGD","Bangladesh","1969","9075.00000"
"BGD","Bangladesh","1970","9097.00000"
"BGD","Bangladesh","1971","9095.00000"
"BGD","Bangladesh","1972","9391.00000"
"BGD","Bangladesh","1973","9389.00000"
"BGD","Bangladesh","1974","9389.00000"
"BGD","Bangladesh","1975","9404.00000"
"BGD","Bangladesh","1976","9398.00000"
"BGD","Bangladesh","1977","9391.00000"
"BGD","Bangladesh","1978","9387.00000"
"BGD","Bangladesh","1979","9383.00000"
"BGD","Bangladesh","1980","9387.00000"
"BGD","Bangladesh","1981","9381.00000"
"BGD","Bangladesh","1982","9378.00000"
"BGD","Bangladesh","1983","9364.00000"
"BGD","Bangladesh","1984","9460.00000"
"BGD","Bangladesh","1985","9427.00000"
"BGD","Bangladesh","1986","9441.00000"
"BGD","Bangladesh","1987","9515.00000"
"BGD","Bangladesh","1988","9827.00000"
"BGD","Bangladesh","1989","9843.00000"
"BGD","Bangladesh","1990","9786.00000"
"BGD","Bangladesh","1991","9720.00000"
"BGD","Bangladesh","1992","8949.00000"
"BGD","Bangladesh","1993","8846.00000"
"BGD","Bangladesh","1994","8758.00000"
"BGD","Bangladesh","1995","8774.00000"
"BGD","Bangladesh","1996","8727.00000"
"BGD","Bangladesh","1997","8765.00000"
"BGD","Bangladesh","1998","8834.00000"
"BGD","Bangladesh","1999","8886.00000"
"BGD","Bangladesh","2000","8800.00000"
"BGD","Bangladesh","2001","8803.00000"
"BGD","Bangladesh","2002","8753.00000"
"BGD","Bangladesh","2003","8728.00000"
"BGD","Bangladesh","2004","8723.00000"
"BGD","Bangladesh","2005","8711.00000"
"BGD","Bangladesh","2006","8680.00000"
"BGD","Bangladesh","2007","8666.00000"
"BGD","Bangladesh","2008","8653.00000"
"BGD","Bangladesh","2009","8646.00000"
"BGD","Bangladesh","2010","8641.00000"
"BGD","Bangladesh","2011","8528.00000"
"BGD","Bangladesh","2012","8520.00000"
"BGD","Bangladesh","2013","8508.00000"
"BGD","Bangladesh","2014","8499.00000"
"BGD","Bangladesh","2015","8562.24000"
"BGD","Bangladesh","2016","8594.21000"
"BGD","Bangladesh","2017","8587.33000"
"BGD","Bangladesh","2018","8602.30000"
"BGD","Bangladesh","2019","8797.00000"
"BGD","Bangladesh","2020","8830.00000"
"BGD","Bangladesh","2021","8818.00000"
"BGD","Bangladesh","2022","8827.00000"
"BGD","Bangladesh","2023","8799.00000"
"BGD","Bangladesh","2024","8799.00000"
"BGR","Bulgaria","1961","4619.00000"
"BGR","Bulgaria","1962","4538.00000"
"BGR","Bulgaria","1963","4531.00000"
"BGR","Bulgaria","1964","4574.00000"
"BGR","Bulgaria","1965","4563.00000"
"BGR","Bulgaria","1966","4564.00000"
"BGR","Bulgaria","1967","4554.00000"
"BGR","Bulgaria","1968","4558.00000"
"BGR","Bulgaria","1969","4555.00000"
"BGR","Bulgaria","1970","4527.00000"
"BGR","Bulgaria","1971","4516.00000"
"BGR","Bulgaria","1972","4510.00000"
"BGR","Bulgaria","1973","4502.00000"
"BGR","Bulgaria","1974","4488.00000"
"BGR","Bulgaria","1975","4343.00000"
"BGR","Bulgaria","1976","4327.00000"
"BGR","Bulgaria","1977","4313.00000"
"BGR","Bulgaria","1978","4288.00000"
"BGR","Bulgaria","1979","4254.00000"
"BGR","Bulgaria","1980","4177.00000"
"BGR","Bulgaria","1981","4166.00000"
"BGR","Bulgaria","1982","4150.00000"
"BGR","Bulgaria","1983","4141.00000"
"BGR","Bulgaria","1984","4135.00000"
"BGR","Bulgaria","1985","4134.00000"
"BGR","Bulgaria","1986","4133.00000"
"BGR","Bulgaria","1987","4131.00000"
"BGR","Bulgaria","1988","4140.00000"
"BGR","Bulgaria","1989","4146.00000"
"BGR","Bulgaria","1990","4156.00000"
"BGR","Bulgaria","1991","4162.00000"
"BGR","Bulgaria","1992","4330.00000"
"BGR","Bulgaria","1993","4310.00000"
"BGR","Bulgaria","1994","4217.00000"
"BGR","Bulgaria","1995","4202.00000"
"BGR","Bulgaria","1996","4402.00000"
"BGR","Bulgaria","1997","4497.00000"
"BGR","Bulgaria","1998","3816.00000"
"BGR","Bulgaria","1999","3859.00000"
"BGR","Bulgaria","2000","3778.00000"
"BGR","Bulgaria","2001","3712.00000"
"BGR","Bulgaria","2002","3583.00000"
"BGR","Bulgaria","2003","3537.00000"
"BGR","Bulgaria","2004","3524.00000"
"BGR","Bulgaria","2005","3361.00000"
"BGR","Bulgaria","2006","3314.00000"
"BGR","Bulgaria","2007","3274.00000"
"BGR","Bulgaria","2008","3272.00000"
"BGR","Bulgaria","2009","3311.00000"
"BGR","Bulgaria","2010","3350.00000"
"BGR","Bulgaria","2011","3410.00000"
"BGR","Bulgaria","2012","3476.00000"
"BGR","Bulgaria","2013","3614.00000"
"BGR","Bulgaria","2014","3613.00000"
"BGR","Bulgaria","2015","3643.20000"
"BGR","Bulgaria","2016","3637.00000"
"BGR","Bulgaria","2017","3637.17000"
"BGR","Bulgaria","2018","3631.00000"
"BGR","Bulgaria","2019","3629.00000"
"BGR","Bulgaria","2020","3644.00000"
"BGR","Bulgaria","2021","3650.00000"
"BGR","Bulgaria","2022","3608.00000"
"BGR","Bulgaria","2023","3622.58000"
"BGR","Bulgaria","2024","3629.00000"
"BHR","Bahrein","1961","6.00000"
"BHR","Bahrein","1962","6.00000"
"BHR","Bahrein","1963","6.00000"
"BHR","Bahrein","1964","6.00000"
"BHR","Bahrein","1965","6.00000"
"BHR","Bahrein","1966","6.00000"
"BHR","Bahrein","1967","6.00000"
"BHR","Bahrein","1968","6.00000"
"BHR","Bahrein","1969","6.00000"
"BHR","Bahrein","1970","6.00000"
"BHR","Bahrein","1971","6.00000"
"BHR","Bahrein","1972","6.00000"
"BHR","Bahrein","1973","6.00000"
"BHR","Bahrein","1974","6.00000"
"BHR","Bahrein","1975","6.00000"
"BHR","Bahrein","1976","6.00000"
"BHR","Bahrein","1977","6.00000"
"BHR","Bahrein","1978","6.00000"
"BHR","Bahrein","1979","6.00000"
"BHR","Bahrein","1980","6.00000"
"BHR","Bahrein","1981","6.00000"
"BHR","Bahrein","1982","6.00000"
"BHR","Bahrein","1983","6.00000"
"BHR","Bahrein","1984","6.00000"
"BHR","Bahrein","1985","6.00000"
"BHR","Bahrein","1986","6.00000"
"BHR","Bahrein","1987","6.00000"
"BHR","Bahrein","1988","6.00000"
"BHR","Bahrein","1989","6.00000"
"BHR","Bahrein","1990","6.00000"
"BHR","Bahrein","1991","6.00000"
"BHR","Bahrein","1992","6.00000"
"BHR","Bahrein","1993","6.00000"
"BHR","Bahrein","1994","6.00000"
"BHR","Bahrein","1995","6.00000"
"BHR","Bahrein","1996","6.00000"
"BHR","Bahrein","1997","6.00000"
"BHR","Bahrein","1998","6.00000"
"BHR","Bahrein","1999","6.00000"
"BHR","Bahrein","2000","5.90000"
"BHR","Bahrein","2001","5.79000"
"BHR","Bahrein","2002","5.69000"
"BHR","Bahrein","2003","5.58000"
"BHR","Bahrein","2004","5.48000"
"BHR","Bahrein","2005","5.37000"
"BHR","Bahrein","2006","5.27000"
"BHR","Bahrein","2007","5.16000"
"BHR","Bahrein","2008","5.06000"
"BHR","Bahrein","2009","4.95000"
"BHR","Bahrein","2010","4.85000"
"BHR","Bahrein","2011","4.74000"
"BHR","Bahrein","2012","4.64000"
"BHR","Bahrein","2013","4.53000"
"BHR","Bahrein","2014","4.43000"
"BHR","Bahrein","2015","4.32000"
"BHR","Bahrein","2016","4.22000"
"BHR","Bahrein","2017","4.11000"
"BHR","Bahrein","2018","4.10000"
"BHR","Bahrein","2019","4.10000"
"BHR","Bahrein","2020","4.10000"
"BHR","Bahrein","2021","4.10000"
"BHR","Bahrein","2022","4.23000"
"BHR","Bahrein","2023","4.23000"
"BHR","Bahrein","2024","4.23000"
"BHS","Bahamas","1961","9.00000"
"BHS","Bahamas","1962","9.00000"
"BHS","Bahamas","1963","9.00000"
"BHS","Bahamas","1964","9.00000"
"BHS","Bahamas","1965","9.00000"
"BHS","Bahamas","1966","9.00000"
"BHS","Bahamas","1967","9.00000"
"BHS","Bahamas","1968","9.00000"
"BHS","Bahamas","1969","9.00000"
"BHS","Bahamas","1970","9.00000"
"BHS","Bahamas","1971","9.00000"
"BHS","Bahamas","1972","9.00000"
"BHS","Bahamas","1973","9.00000"
"BHS","Bahamas","1974","9.00000"
"BHS","Bahamas","1975","9.00000"
"BHS","Bahamas","1976","9.00000"
"BHS","Bahamas","1977","9.00000"
"BHS","Bahamas","1978","9.00000"
"BHS","Bahamas","1979","9.00000"
"BHS","Bahamas","1980","9.00000"
"BHS","Bahamas","1981","9.00000"
"BHS","Bahamas","1982","9.00000"
"BHS","Bahamas","1983","9.00000"
"BHS","Bahamas","1984","9.00000"
"BHS","Bahamas","1985","9.00000"
"BHS","Bahamas","1986","9.00000"
"BHS","Bahamas","1987","9.00000"
"BHS","Bahamas","1988","9.00000"
"BHS","Bahamas","1989","9.00000"
"BHS","Bahamas","1990","9.00000"
"BHS","Bahamas","1991","9.00000"
"BHS","Bahamas","1992","9.00000"
"BHS","Bahamas","1993","9.00000"
"BHS","Bahamas","1994","8.00000"
"BHS","Bahamas","1995","8.00000"
"BHS","Bahamas","1996","8.00000"
"BHS","Bahamas","1997","8.00000"
"BHS","Bahamas","1998","8.00000"
"BHS","Bahamas","1999","8.00000"
"BHS","Bahamas","2000","9.00000"
"BHS","Bahamas","2001","9.00000"
"BHS","Bahamas","2002","9.00000"
"BHS","Bahamas","2003","9.00000"
"BHS","Bahamas","2004","9.00000"
"BHS","Bahamas","2005","9.00000"
"BHS","Bahamas","2006","9.00000"
"BHS","Bahamas","2007","9.00000"
"BHS","Bahamas","2008","9.00000"
"BHS","Bahamas","2009","9.00000"
"BHS","Bahamas","2010","10.00000"
"BHS","Bahamas","2011","11.00000"
"BHS","Bahamas","2012","11.00000"
"BHS","Bahamas","2013","11.00000"
"BHS","Bahamas","2014","11.00000"
"BHS","Bahamas","2015","11.00000"
"BHS","Bahamas","2016","11.00000"
"BHS","Bahamas","2017","11.00000"
"BHS","Bahamas","2018","11.00000"
"BHS","Bahamas","2019","11.00000"
"BHS","Bahamas","2020","11.00000"
"BHS","Bahamas","2021","11.00000"
"BHS","Bahamas","2022","11.00000"
"BHS","Bahamas","2023","11.00000"
"BHS","Bahamas","2024","11.00000"
"BIH","Bosnia y Herzegovina","1992","1000.00000"
"BIH","Bosnia y Herzegovina","1993","990.00000"
"BIH","Bosnia y Herzegovina","1994","980.00000"
"BIH","Bosnia y Herzegovina","1995","975.00000"
"BIH","Bosnia y Herzegovina","1996","1020.00000"
"BIH","Bosnia y Herzegovina","1997","1015.00000"
"BIH","Bosnia y Herzegovina","1998","1060.00000"
"BIH","Bosnia y Herzegovina","1999","1055.00000"
"BIH","Bosnia y Herzegovina","2000","1100.00000"
"BIH","Bosnia y Herzegovina","2001","1107.00000"
"BIH","Bosnia y Herzegovina","2002","1093.00000"
"BIH","Bosnia y Herzegovina","2003","1112.00000"
"BIH","Bosnia y Herzegovina","2004","1125.40000"
"BIH","Bosnia y Herzegovina","2005","1120.00000"
"BIH","Bosnia y Herzegovina","2006","1123.00000"
"BIH","Bosnia y Herzegovina","2007","1117.00000"
"BIH","Bosnia y Herzegovina","2008","1098.00000"
"BIH","Bosnia y Herzegovina","2009","1099.00000"
"BIH","Bosnia y Herzegovina","2010","1109.00000"
"BIH","Bosnia y Herzegovina","2011","1107.00000"
"BIH","Bosnia y Herzegovina","2012","1108.00000"
"BIH","Bosnia y Herzegovina","2013","1115.00000"
"BIH","Bosnia y Herzegovina","2014","1112.00000"
"BIH","Bosnia y Herzegovina","2015","1127.00000"
"BIH","Bosnia y Herzegovina","2016","1130.00000"
"BIH","Bosnia y Herzegovina","2017","1167.00000"
"BIH","Bosnia y Herzegovina","2018","1129.00000"
"BIH","Bosnia y Herzegovina","2019","1121.00000"
"BIH","Bosnia y Herzegovina","2020","1122.00000"
"BIH","Bosnia y Herzegovina","2021","1116.00000"
"BIH","Bosnia y Herzegovina","2022","451.00000"
"BIH","Bosnia y Herzegovina","2023","444.00000"
"BIH","Bosnia y Herzegovina","2024","486.54000"
"BLR","Belarús","1992","6261.00000"
"BLR","Belarús","1993","6248.00000"
"BLR","Belarús","1994","6372.00000"
"BLR","Belarús","1995","6379.00000"
"BLR","Belarús","1996","6376.00000"
"BLR","Belarús","1997","6319.00000"
"BLR","Belarús","1998","6311.00000"
"BLR","Belarús","1999","6306.00000"
"BLR","Belarús","2000","6257.00000"
"BLR","Belarús","2001","5884.00000"
"BLR","Belarús","2002","5738.00000"
"BLR","Belarús","2003","5689.00000"
"BLR","Belarús","2004","5667.00000"
"BLR","Belarús","2005","5660.00000"
"BLR","Belarús","2006","5661.00000"
"BLR","Belarús","2007","5640.00000"
"BLR","Belarús","2008","5637.00000"
"BLR","Belarús","2009","5664.00000"
"BLR","Belarús","2010","5657.00000"
"BLR","Belarús","2011","5651.00000"
"BLR","Belarús","2012","5642.00000"
"BLR","Belarús","2013","5678.60000"
"BLR","Belarús","2014","5779.90000"
"BLR","Belarús","2015","5790.60000"
"BLR","Belarús","2016","5795.10000"
"BLR","Belarús","2017","5841.00000"
"BLR","Belarús","2018","5823.00000"
"BLR","Belarús","2019","5820.00000"
"BLR","Belarús","2020","5760.00000"
"BLR","Belarús","2021","5719.40000"
"BLR","Belarús","2022","5696.10000"
"BLR","Belarús","2023","5653.30000"
"BLR","Belarús","2024","5598.40000"
"BLZ","Belice","1961","42.00000"
"BLZ","Belice","1962","42.00000"
"BLZ","Belice","1963","43.00000"
"BLZ","Belice","1964","43.00000"
"BLZ","Belice","1965","43.00000"
"BLZ","Belice","1966","44.00000"
"BLZ","Belice","1967","44.00000"
"BLZ","Belice","1968","44.00000"
"BLZ","Belice","1969","45.00000"
"BLZ","Belice","1970","45.00000"
"BLZ","Belice","1971","46.00000"
"BLZ","Belice","1972","46.00000"
"BLZ","Belice","1973","47.00000"
"BLZ","Belice","1974","47.00000"
"BLZ","Belice","1975","48.00000"
"BLZ","Belice","1976","48.00000"
"BLZ","Belice","1977","49.00000"
"BLZ","Belice","1978","49.00000"
"BLZ","Belice","1979","50.00000"
"BLZ","Belice","1980","52.00000"
"BLZ","Belice","1981","53.00000"
"BLZ","Belice","1982","53.00000"
"BLZ","Belice","1983","53.00000"
"BLZ","Belice","1984","53.00000"
"BLZ","Belice","1985","53.00000"
"BLZ","Belice","1986","55.00000"
"BLZ","Belice","1987","64.00000"
"BLZ","Belice","1988","67.00000"
"BLZ","Belice","1989","72.00000"
"BLZ","Belice","1990","77.00000"
"BLZ","Belice","1991","81.00000"
"BLZ","Belice","1992","87.00000"
"BLZ","Belice","1993","94.00000"
"BLZ","Belice","1994","94.00000"
"BLZ","Belice","1995","96.00000"
"BLZ","Belice","1996","97.00000"
"BLZ","Belice","1997","98.00000"
"BLZ","Belice","1998","98.00000"
"BLZ","Belice","1999","100.00000"
"BLZ","Belice","2000","99.00000"
"BLZ","Belice","2001","99.00000"
"BLZ","Belice","2002","102.00000"
"BLZ","Belice","2003","102.00000"
"BLZ","Belice","2004","102.00000"
"BLZ","Belice","2005","102.00000"
"BLZ","Belice","2006","102.00000"
"BLZ","Belice","2007","102.00000"
"BLZ","Belice","2008","102.00000"
"BLZ","Belice","2009","105.00000"
"BLZ","Belice","2010","107.00000"
"BLZ","Belice","2011","107.00000"
"BLZ","Belice","2012","110.00000"
"BLZ","Belice","2013","110.00000"
"BLZ","Belice","2014","110.00000"
"BLZ","Belice","2015","120.00000"
"BLZ","Belice","2016","120.00000"
"BLZ","Belice","2017","122.00000"
"BLZ","Belice","2018","122.00000"
"BLZ","Belice","2019","124.00000"
"BLZ","Belice","2020","130.00000"
"BLZ","Belice","2021","132.00000"
"BLZ","Belice","2022","132.00000"
"BLZ","Belice","2023","132.00000"
"BLZ","Belice","2024","136.00000"
"BMU","Bermuda","1961","0.40000"
"BMU","Bermuda","1962","0.30000"
"BMU","Bermuda","1963","0.30000"
"BMU","Bermuda","1964","0.40000"
"BMU","Bermuda","1965","0.40000"
"BMU","Bermuda","1966","0.40000"
"BMU","Bermuda","1967","0.40000"
"BMU","Bermuda","1968","0.30000"
"BMU","Bermuda","1969","0.30000"
"BMU","Bermuda","1970","0.30000"
"BMU","Bermuda","1971","0.30000"
"BMU","Bermuda","1972","0.30000"
"BMU","Bermuda","1973","0.30000"
"BMU","Bermuda","1974","0.30000"
"BMU","Bermuda","1975","0.30000"
"BMU","Bermuda","1976","0.30000"
"BMU","Bermuda","1977","0.30000"
"BMU","Bermuda","1978","0.30000"
"BMU","Bermuda","1979","0.30000"
"BMU","Bermuda","1980","0.30000"
"BMU","Bermuda","1981","0.30000"
"BMU","Bermuda","1982","0.30000"
"BMU","Bermuda","1983","0.30000"
"BMU","Bermuda","1984","0.30000"
"BMU","Bermuda","1985","0.30000"
"BMU","Bermuda","1986","0.30000"
"BMU","Bermuda","1987","0.30000"
"BMU","Bermuda","1988","0.30000"
"BMU","Bermuda","1989","0.30000"
"BMU","Bermuda","1990","0.30000"
"BMU","Bermuda","1991","0.30000"
"BMU","Bermuda","1992","0.30000"
"BMU","Bermuda","1993","0.30000"
"BMU","Bermuda","1994","0.30000"
"BMU","Bermuda","1995","0.40000"
"BMU","Bermuda","1996","0.40000"
"BMU","Bermuda","1997","0.40000"
"BMU","Bermuda","1998","0.40000"
"BMU","Bermuda","1999","0.40000"
"BMU","Bermuda","2000","0.40000"
"BMU","Bermuda","2001","0.40000"
"BMU","Bermuda","2002","0.40000"
"BMU","Bermuda","2003","0.40000"
"BMU","Bermuda","2004","0.40000"
"BMU","Bermuda","2005","0.40000"
"BMU","Bermuda","2006","0.40000"
"BMU","Bermuda","2007","0.40000"
"BMU","Bermuda","2008","0.30000"
"BMU","Bermuda","2009","0.30000"
"BMU","Bermuda","2010","0.30000"
"BMU","Bermuda","2011","0.30000"
"BMU","Bermuda","2012","0.30000"
"BMU","Bermuda","2013","0.30000"
"BMU","Bermuda","2014","0.30000"
"BMU","Bermuda","2015","0.30000"
"BMU","Bermuda","2016","0.30000"
"BMU","Bermuda","2017","0.30000"
"BMU","Bermuda","2018","0.30000"
"BMU","Bermuda","2019","0.30000"
"BMU","Bermuda","2020","0.30000"
"BMU","Bermuda","2021","0.30000"
"BMU","Bermuda","2022","0.30000"
"BMU","Bermuda","2023","0.30000"
"BMU","Bermuda","2024","0.30000"
"BOL","Bolivia","1961","1442.00000"
"BOL","Bolivia","1962","1442.00000"
"BOL","Bolivia","1963","1442.00000"
"BOL","Bolivia","1964","1478.00000"
"BOL","Bolivia","1965","1515.00000"
"BOL","Bolivia","1966","1551.00000"
"BOL","Bolivia","1967","1588.00000"
"BOL","Bolivia","1968","1624.00000"
"BOL","Bolivia","1969","1661.00000"
"BOL","Bolivia","1970","1697.00000"
"BOL","Bolivia","1971","1734.00000"
"BOL","Bolivia","1972","1770.00000"
"BOL","Bolivia","1973","1808.00000"
"BOL","Bolivia","1974","1843.00000"
"BOL","Bolivia","1975","1880.00000"
"BOL","Bolivia","1976","1916.00000"
"BOL","Bolivia","1977","1953.00000"
"BOL","Bolivia","1978","1989.00000"
"BOL","Bolivia","1979","2025.00000"
"BOL","Bolivia","1980","2062.00000"
"BOL","Bolivia","1981","2099.00000"
"BOL","Bolivia","1982","2136.00000"
"BOL","Bolivia","1983","2173.00000"
"BOL","Bolivia","1984","2217.00000"
"BOL","Bolivia","1985","2295.42000"
"BOL","Bolivia","1986","2373.84000"
"BOL","Bolivia","1987","2452.26000"
"BOL","Bolivia","1988","2530.68000"
"BOL","Bolivia","1989","2609.11000"
"BOL","Bolivia","1990","2687.53000"
"BOL","Bolivia","1991","2765.95000"
"BOL","Bolivia","1992","2844.37000"
"BOL","Bolivia","1993","2922.79000"
"BOL","Bolivia","1994","3001.21000"
"BOL","Bolivia","1995","3079.63000"
"BOL","Bolivia","1996","3158.05000"
"BOL","Bolivia","1997","3236.47000"
"BOL","Bolivia","1998","3314.89000"
"BOL","Bolivia","1999","3393.32000"
"BOL","Bolivia","2000","3471.74000"
"BOL","Bolivia","2001","3550.16000"
"BOL","Bolivia","2002","3628.58000"
"BOL","Bolivia","2003","3707.00000"
"BOL","Bolivia","2004","3776.00000"
"BOL","Bolivia","2005","4005.00000"
"BOL","Bolivia","2006","4141.78000"
"BOL","Bolivia","2007","4282.56000"
"BOL","Bolivia","2008","4412.13000"
"BOL","Bolivia","2009","4541.71000"
"BOL","Bolivia","2010","4671.29000"
"BOL","Bolivia","2011","4806.87000"
"BOL","Bolivia","2012","4943.44000"
"BOL","Bolivia","2013","5084.22000"
"BOL","Bolivia","2014","5222.00000"
"BOL","Bolivia","2015","5221.00000"
"BOL","Bolivia","2016","5083.00000"
"BOL","Bolivia","2017","4940.00000"
"BOL","Bolivia","2018","5201.46000"
"BOL","Bolivia","2019","5505.26000"
"BOL","Bolivia","2020","5527.12000"
"BOL","Bolivia","2021","5685.61000"
"BOL","Bolivia","2022","5841.68000"
"BOL","Bolivia","2023","6227.43000"
"BOL","Bolivia","2024","6309.40000"
"BRA","Brasil","1961","31444.00000"
"BRA","Brasil","1962","31971.00000"
"BRA","Brasil","1963","32498.00000"
"BRA","Brasil","1964","33025.00000"
"BRA","Brasil","1965","33552.00000"
"BRA","Brasil","1966","34079.00000"
"BRA","Brasil","1967","34606.00000"
"BRA","Brasil","1968","35133.00000"
"BRA","Brasil","1969","35660.00000"
"BRA","Brasil","1970","36190.00000"
"BRA","Brasil","1971","37393.00000"
"BRA","Brasil","1972","38596.00000"
"BRA","Brasil","1973","39799.00000"
"BRA","Brasil","1974","41002.00000"
"BRA","Brasil","1975","42207.00000"
"BRA","Brasil","1976","45369.00000"
"BRA","Brasil","1977","48531.00000"
"BRA","Brasil","1978","51693.00000"
"BRA","Brasil","1979","54855.00000"
"BRA","Brasil","1980","58018.20800"
"BRA","Brasil","1981","58977.00000"
"BRA","Brasil","1982","59936.00000"
"BRA","Brasil","1983","60895.00000"
"BRA","Brasil","1984","61854.00000"
"BRA","Brasil","1985","62810.70700"
"BRA","Brasil","1986","61540.00000"
"BRA","Brasil","1987","60269.00000"
"BRA","Brasil","1988","58998.00000"
"BRA","Brasil","1989","57727.00000"
"BRA","Brasil","1990","56456.00000"
"BRA","Brasil","1991","55185.00000"
"BRA","Brasil","1992","53914.00000"
"BRA","Brasil","1993","52643.00000"
"BRA","Brasil","1994","51372.00000"
"BRA","Brasil","1995","50105.00000"
"BRA","Brasil","1996","51058.00000"
"BRA","Brasil","1997","52011.00000"
"BRA","Brasil","1998","52964.00000"
"BRA","Brasil","1999","53917.00000"
"BRA","Brasil","2000","54870.00000"
"BRA","Brasil","2001","55823.00000"
"BRA","Brasil","2002","56776.00000"
"BRA","Brasil","2003","57729.00000"
"BRA","Brasil","2004","58682.00000"
"BRA","Brasil","2005","59635.00000"
"BRA","Brasil","2006","60593.00000"
"BRA","Brasil","2007","60859.00000"
"BRA","Brasil","2008","61125.00000"
"BRA","Brasil","2009","61391.00000"
"BRA","Brasil","2010","61657.00000"
"BRA","Brasil","2011","61923.00000"
"BRA","Brasil","2012","62189.00000"
"BRA","Brasil","2013","62455.00000"
"BRA","Brasil","2014","62721.00000"
"BRA","Brasil","2015","62987.00000"
"BRA","Brasil","2016","63253.00000"
"BRA","Brasil","2017","63518.00000"
"BRA","Brasil","2018","63494.00000"
"BRA","Brasil","2019","63470.00000"
"BRA","Brasil","2020","63446.00000"
"BRA","Brasil","2021","63422.00000"
"BRA","Brasil","2022","63398.00000"
"BRA","Brasil","2023","63564.59000"
"BRA","Brasil","2024","63729.90000"
"BRB","Barbados","1961","17.00000"
"BRB","Barbados","1962","17.00000"
"BRB","Barbados","1963","17.00000"
"BRB","Barbados","1964","17.00000"
"BRB","Barbados","1965","17.00000"
"BRB","Barbados","1966","17.00000"
"BRB","Barbados","1967","17.00000"
"BRB","Barbados","1968","17.00000"
"BRB","Barbados","1969","17.00000"
"BRB","Barbados","1970","17.00000"
"BRB","Barbados","1971","17.00000"
"BRB","Barbados","1972","17.00000"
"BRB","Barbados","1973","17.00000"
"BRB","Barbados","1974","17.00000"
"BRB","Barbados","1975","17.00000"
"BRB","Barbados","1976","17.00000"
"BRB","Barbados","1977","17.00000"
"BRB","Barbados","1978","17.00000"
"BRB","Barbados","1979","17.00000"
"BRB","Barbados","1980","17.00000"
"BRB","Barbados","1981","17.00000"
"BRB","Barbados","1982","17.00000"
"BRB","Barbados","1983","17.00000"
"BRB","Barbados","1984","17.00000"
"BRB","Barbados","1985","17.00000"
"BRB","Barbados","1986","17.00000"
"BRB","Barbados","1987","17.00000"
"BRB","Barbados","1988","17.00000"
"BRB","Barbados","1989","17.00000"
"BRB","Barbados","1990","17.00000"
"BRB","Barbados","1991","17.00000"
"BRB","Barbados","1992","17.00000"
"BRB","Barbados","1993","17.00000"
"BRB","Barbados","1994","17.00000"
"BRB","Barbados","1995","17.00000"
"BRB","Barbados","1996","17.00000"
"BRB","Barbados","1997","17.00000"
"BRB","Barbados","1998","17.00000"
"BRB","Barbados","1999","16.00000"
"BRB","Barbados","2000","16.00000"
"BRB","Barbados","2001","16.00000"
"BRB","Barbados","2002","15.00000"
"BRB","Barbados","2003","15.00000"
"BRB","Barbados","2004","14.00000"
"BRB","Barbados","2005","14.00000"
"BRB","Barbados","2006","14.00000"
"BRB","Barbados","2007","14.00000"
"BRB","Barbados","2008","14.00000"
"BRB","Barbados","2009","14.00000"
"BRB","Barbados","2010","13.00000"
"BRB","Barbados","2011","12.00000"
"BRB","Barbados","2012","11.00000"
"BRB","Barbados","2013","10.50000"
"BRB","Barbados","2014","10.00000"
"BRB","Barbados","2015","9.00000"
"BRB","Barbados","2016","8.00000"
"BRB","Barbados","2017","8.00000"
"BRB","Barbados","2018","8.00000"
"BRB","Barbados","2019","8.00000"
"BRB","Barbados","2020","8.00000"
"BRB","Barbados","2021","8.00000"
"BRB","Barbados","2022","8.00000"
"BRB","Barbados","2023","8.00000"
"BRB","Barbados","2024","8.00000"
"BRN","Brunei","1961","15.00000"
"BRN","Brunei","1962","15.00000"
"BRN","Brunei","1963","15.00000"
"BRN","Brunei","1964","18.00000"
"BRN","Brunei","1965","17.00000"
"BRN","Brunei","1966","18.00000"
"BRN","Brunei","1967","17.00000"
"BRN","Brunei","1968","18.00000"
"BRN","Brunei","1969","16.50000"
"BRN","Brunei","1970","15.00000"
"BRN","Brunei","1971","13.00000"
"BRN","Brunei","1972","13.00000"
"BRN","Brunei","1973","12.12000"
"BRN","Brunei","1974","12.12000"
"BRN","Brunei","1975","10.79000"
"BRN","Brunei","1976","10.79000"
"BRN","Brunei","1977","10.79000"
"BRN","Brunei","1978","10.79000"
"BRN","Brunei","1979","10.79000"
"BRN","Brunei","1980","9.00000"
"BRN","Brunei","1981","9.00000"
"BRN","Brunei","1982","8.00000"
"BRN","Brunei","1983","8.00000"
"BRN","Brunei","1984","8.00000"
"BRN","Brunei","1985","8.00000"
"BRN","Brunei","1986","8.00000"
"BRN","Brunei","1987","8.00000"
"BRN","Brunei","1988","8.00000"
"BRN","Brunei","1989","8.00000"
"BRN","Brunei","1990","8.00000"
"BRN","Brunei","1991","8.00000"
"BRN","Brunei","1992","8.00000"
"BRN","Brunei","1993","8.00000"
"BRN","Brunei","1994","8.00000"
"BRN","Brunei","1995","8.00000"
"BRN","Brunei","1996","8.00000"
"BRN","Brunei","1997","8.00000"
"BRN","Brunei","1998","8.00000"
"BRN","Brunei","1999","8.00000"
"BRN","Brunei","2000","8.00000"
"BRN","Brunei","2001","8.57000"
"BRN","Brunei","2002","8.57000"
"BRN","Brunei","2003","8.57000"
"BRN","Brunei","2004","8.57000"
"BRN","Brunei","2005","8.57000"
"BRN","Brunei","2006","8.57000"
"BRN","Brunei","2007","8.57000"
"BRN","Brunei","2008","9.87000"
"BRN","Brunei","2009","9.87000"
"BRN","Brunei","2010","9.87000"
"BRN","Brunei","2011","9.87000"
"BRN","Brunei","2012","10.73000"
"BRN","Brunei","2013","10.73000"
"BRN","Brunei","2014","10.73000"
"BRN","Brunei","2015","10.73000"
"BRN","Brunei","2016","11.90000"
"BRN","Brunei","2017","11.90000"
"BRN","Brunei","2018","11.90000"
"BRN","Brunei","2019","11.90000"
"BRN","Brunei","2020","11.90000"
"BRN","Brunei","2021","11.90000"
"BRN","Brunei","2022","11.90000"
"BRN","Brunei","2023","11.90000"
"BRN","Brunei","2024","11.90000"
"BTN","Bhután","1961","113.00000"
"BTN","Bhután","1962","113.00000"
"BTN","Bhután","1963","113.00000"
"BTN","Bhután","1964","113.00000"
"BTN","Bhután","1965","114.00000"
"BTN","Bhután","1966","114.00000"
"BTN","Bhután","1967","114.00000"
"BTN","Bhután","1968","115.00000"
"BTN","Bhután","1969","115.00000"
"BTN","Bhután","1970","125.00000"
"BTN","Bhután","1971","125.00000"
"BTN","Bhután","1972","126.00000"
"BTN","Bhután","1973","126.00000"
"BTN","Bhután","1974","131.00000"
"BTN","Bhután","1975","131.00000"
"BTN","Bhután","1976","137.00000"
"BTN","Bhután","1977","137.00000"
"BTN","Bhután","1978","137.00000"
"BTN","Bhután","1979","142.00000"
"BTN","Bhután","1980","148.00000"
"BTN","Bhután","1981","148.00000"
"BTN","Bhután","1982","153.00000"
"BTN","Bhután","1983","163.00000"
"BTN","Bhután","1984","164.00000"
"BTN","Bhután","1985","164.00000"
"BTN","Bhután","1986","164.00000"
"BTN","Bhután","1987","165.00000"
"BTN","Bhután","1988","160.00000"
"BTN","Bhután","1989","152.00000"
"BTN","Bhután","1990","154.00000"
"BTN","Bhután","1991","154.00000"
"BTN","Bhután","1992","154.00000"
"BTN","Bhután","1993","155.00000"
"BTN","Bhután","1994","159.00000"
"BTN","Bhután","1995","165.00000"
"BTN","Bhután","1996","170.00000"
"BTN","Bhután","1997","172.00000"
"BTN","Bhután","1998","172.00000"
"BTN","Bhután","1999","172.00000"
"BTN","Bhután","2000","173.00000"
"BTN","Bhután","2001","174.00000"
"BTN","Bhután","2002","175.00000"
"BTN","Bhután","2003","176.00000"
"BTN","Bhután","2004","177.00000"
"BTN","Bhután","2005","186.00000"
"BTN","Bhután","2006","171.00000"
"BTN","Bhután","2007","156.00000"
"BTN","Bhután","2008","141.67000"
"BTN","Bhután","2009","127.33000"
"BTN","Bhután","2010","113.00000"
"BTN","Bhután","2011","112.60000"
"BTN","Bhután","2012","112.60000"
"BTN","Bhután","2013","112.60000"
"BTN","Bhután","2014","112.60000"
"BTN","Bhután","2015","112.60000"
"BTN","Bhután","2016","106.00000"
"BTN","Bhután","2017","100.00000"
"BTN","Bhután","2018","100.00000"
"BTN","Bhután","2019","100.00000"
"BTN","Bhután","2020","103.50000"
"BTN","Bhután","2021","107.00000"
"BTN","Bhután","2022","110.50000"
"BTN","Bhután","2023","114.00000"
"BTN","Bhután","2024","114.00000"
"BWA","Botswana","1961","400.00000"
"BWA","Botswana","1962","400.00000"
"BWA","Botswana","1963","400.00000"
"BWA","Botswana","1964","400.00000"
"BWA","Botswana","1965","401.00000"
"BWA","Botswana","1966","401.00000"
"BWA","Botswana","1967","401.00000"
"BWA","Botswana","1968","401.00000"
"BWA","Botswana","1969","401.00000"
"BWA","Botswana","1970","401.00000"
"BWA","Botswana","1971","401.00000"
"BWA","Botswana","1972","402.00000"
"BWA","Botswana","1973","402.00000"
"BWA","Botswana","1974","402.00000"
"BWA","Botswana","1975","402.00000"
"BWA","Botswana","1976","402.00000"
"BWA","Botswana","1977","402.00000"
"BWA","Botswana","1978","402.00000"
"BWA","Botswana","1979","404.00000"
"BWA","Botswana","1980","404.00000"
"BWA","Botswana","1981","404.00000"
"BWA","Botswana","1982","406.00000"
"BWA","Botswana","1983","406.00000"
"BWA","Botswana","1984","406.00000"
"BWA","Botswana","1985","408.00000"
"BWA","Botswana","1986","408.00000"
"BWA","Botswana","1987","410.00000"
"BWA","Botswana","1988","410.00000"
"BWA","Botswana","1989","415.00000"
"BWA","Botswana","1990","421.00000"
"BWA","Botswana","1991","406.00000"
"BWA","Botswana","1992","391.00000"
"BWA","Botswana","1993","376.00000"
"BWA","Botswana","1994","361.00000"
"BWA","Botswana","1995","346.00000"
"BWA","Botswana","1996","346.00000"
"BWA","Botswana","1997","324.57000"
"BWA","Botswana","1998","303.14000"
"BWA","Botswana","1999","281.71000"
"BWA","Botswana","2000","260.29000"
"BWA","Botswana","2001","238.86000"
"BWA","Botswana","2002","217.43000"
"BWA","Botswana","2003","196.00000"
"BWA","Botswana","2004","227.00000"
"BWA","Botswana","2005","215.00000"
"BWA","Botswana","2006","202.50000"
"BWA","Botswana","2007","183.50000"
"BWA","Botswana","2008","280.50000"
"BWA","Botswana","2009","317.50000"
"BWA","Botswana","2010","260.50000"
"BWA","Botswana","2011","325.50000"
"BWA","Botswana","2012","286.50000"
"BWA","Botswana","2013","281.50000"
"BWA","Botswana","2014","403.50000"
"BWA","Botswana","2015","261.10000"
"BWA","Botswana","2016","261.10000"
"BWA","Botswana","2017","261.10000"
"BWA","Botswana","2018","261.10000"
"BWA","Botswana","2019","261.50000"
"BWA","Botswana","2020","261.50000"
"BWA","Botswana","2021","261.50000"
"BWA","Botswana","2022","262.00000"
"BWA","Botswana","2023","262.00000"
"BWA","Botswana","2024","261.50000"
"CAF","Rep. Centroafricana","1961","1738.00000"
"CAF","Rep. Centroafricana","1962","1748.00000"
"CAF","Rep. Centroafricana","1963","1756.00000"
"CAF","Rep. Centroafricana","1964","1770.00000"
"CAF","Rep. Centroafricana","1965","1780.00000"
"CAF","Rep. Centroafricana","1966","1790.00000"
"CAF","Rep. Centroafricana","1967","1800.00000"
"CAF","Rep. Centroafricana","1968","1810.00000"
"CAF","Rep. Centroafricana","1969","1820.00000"
"CAF","Rep. Centroafricana","1970","1834.64000"
"CAF","Rep. Centroafricana","1971","1846.98000"
"CAF","Rep. Centroafricana","1972","1863.87000"
"CAF","Rep. Centroafricana","1973","1875.85000"
"CAF","Rep. Centroafricana","1974","1889.30000"
"CAF","Rep. Centroafricana","1975","1903.07000"
"CAF","Rep. Centroafricana","1976","1914.20000"
"CAF","Rep. Centroafricana","1977","1925.50000"
"CAF","Rep. Centroafricana","1978","1936.71000"
"CAF","Rep. Centroafricana","1979","1949.36000"
"CAF","Rep. Centroafricana","1980","1961.20000"
"CAF","Rep. Centroafricana","1981","1945.00000"
"CAF","Rep. Centroafricana","1982","1962.65000"
"CAF","Rep. Centroafricana","1983","1944.68000"
"CAF","Rep. Centroafricana","1984","1949.80000"
"CAF","Rep. Centroafricana","1985","1949.19000"
"CAF","Rep. Centroafricana","1986","1953.22000"
"CAF","Rep. Centroafricana","1987","1957.55000"
"CAF","Rep. Centroafricana","1988","1958.37000"
"CAF","Rep. Centroafricana","1989","1965.25000"
"CAF","Rep. Centroafricana","1990","1955.48000"
"CAF","Rep. Centroafricana","1991","2005.59000"
"CAF","Rep. Centroafricana","1992","1979.47000"
"CAF","Rep. Centroafricana","1993","1982.26000"
"CAF","Rep. Centroafricana","1994","1977.55000"
"CAF","Rep. Centroafricana","1995","1978.02000"
"CAF","Rep. Centroafricana","1996","1983.48000"
"CAF","Rep. Centroafricana","1997","1983.88000"
"CAF","Rep. Centroafricana","1998","1978.95000"
"CAF","Rep. Centroafricana","1999","1978.42000"
"CAF","Rep. Centroafricana","2000","1981.41000"
"CAF","Rep. Centroafricana","2001","1980.58000"
"CAF","Rep. Centroafricana","2002","1981.54000"
"CAF","Rep. Centroafricana","2003","1967.25000"
"CAF","Rep. Centroafricana","2004","1964.02000"
"CAF","Rep. Centroafricana","2005","1961.86000"
"CAF","Rep. Centroafricana","2006","1956.84000"
"CAF","Rep. Centroafricana","2007","1960.55000"
"CAF","Rep. Centroafricana","2008","1961.45000"
"CAF","Rep. Centroafricana","2009","1955.34000"
"CAF","Rep. Centroafricana","2010","1929.58000"
"CAF","Rep. Centroafricana","2011","1899.21000"
"CAF","Rep. Centroafricana","2012","1901.80000"
"CAF","Rep. Centroafricana","2013","1907.50000"
"CAF","Rep. Centroafricana","2014","1917.70000"
"CAF","Rep. Centroafricana","2015","1927.50000"
"CAF","Rep. Centroafricana","2016","1927.00000"
"CAF","Rep. Centroafricana","2017","1927.80000"
"CAF","Rep. Centroafricana","2018","2182.00000"
"CAF","Rep. Centroafricana","2019","2504.00000"
"CAF","Rep. Centroafricana","2020","2597.30000"
"CAF","Rep. Centroafricana","2021","2620.07000"
"CAF","Rep. Centroafricana","2022","2642.94000"
"CAF","Rep. Centroafricana","2023","2678.58000"
"CAF","Rep. Centroafricana","2024","2829.74000"
"CAN","Canadá","1961","36695.00000"
"CAN","Canadá","1962","37020.00000"
"CAN","Canadá","1963","37345.00000"
"CAN","Canadá","1964","37670.00000"
"CAN","Canadá","1965","37995.00000"
"CAN","Canadá","1966","38317.00000"
"CAN","Canadá","1967","38384.00000"
"CAN","Canadá","1968","38451.00000"
"CAN","Canadá","1969","38518.00000"
"CAN","Canadá","1970","38585.00000"
"CAN","Canadá","1971","38650.00000"
"CAN","Canadá","1972","38773.00000"
"CAN","Canadá","1973","38896.00000"
"CAN","Canadá","1974","39019.00000"
"CAN","Canadá","1975","39142.00000"
"CAN","Canadá","1976","39263.10000"
"CAN","Canadá","1977","39544.00000"
"CAN","Canadá","1978","39824.00000"
"CAN","Canadá","1979","40104.00000"
"CAN","Canadá","1980","40384.00000"
"CAN","Canadá","1981","40668.00000"
"CAN","Canadá","1982","40870.00000"
"CAN","Canadá","1983","41072.00000"
"CAN","Canadá","1984","41274.00000"
"CAN","Canadá","1985","41476.00000"
"CAN","Canadá","1986","41679.89200"
"CAN","Canadá","1987","41629.00000"
"CAN","Canadá","1988","41578.00000"
"CAN","Canadá","1989","41527.00000"
"CAN","Canadá","1990","41476.00000"
"CAN","Canadá","1991","41428.72700"
"CAN","Canadá","1992","41389.00000"
"CAN","Canadá","1993","41349.00000"
"CAN","Canadá","1994","41309.00000"
"CAN","Canadá","1995","41269.00000"
"CAN","Canadá","1996","41231.00000"
"CAN","Canadá","1997","41207.00000"
"CAN","Canadá","1998","41184.00000"
"CAN","Canadá","1999","41161.00000"
"CAN","Canadá","2000","41138.00000"
"CAN","Canadá","2001","41113.16080"
"CAN","Canadá","2002","40780.11000"
"CAN","Canadá","2003","40447.63000"
"CAN","Canadá","2004","40115.51000"
"CAN","Canadá","2005","39783.67000"
"CAN","Canadá","2006","39448.00000"
"CAN","Canadá","2007","39052.26000"
"CAN","Canadá","2008","38655.87000"
"CAN","Canadá","2009","38259.48000"
"CAN","Canadá","2010","37863.09000"
"CAN","Canadá","2011","37463.70000"
"CAN","Canadá","2012","37712.56000"
"CAN","Canadá","2013","37961.42000"
"CAN","Canadá","2014","38210.28000"
"CAN","Canadá","2015","38460.14000"
"CAN","Canadá","2016","38708.00000"
"CAN","Canadá","2017","38682.00000"
"CAN","Canadá","2018","38860.00000"
"CAN","Canadá","2019","38815.00000"
"CAN","Canadá","2020","38401.00000"
"CAN","Canadá","2021","38431.00000"
"CAN","Canadá","2022","38517.00000"
"CAN","Canadá","2023","38315.00000"
"CAN","Canadá","2024","38236.00000"
"CHE","Suiza","1961","408.30000"
"CHE","Suiza","1962","410.20000"
"CHE","Suiza","1963","400.80000"
"CHE","Suiza","1964","396.80000"
"CHE","Suiza","1965","392.80000"
"CHE","Suiza","1966","386.50000"
"CHE","Suiza","1967","379.30000"
"CHE","Suiza","1968","376.10000"
"CHE","Suiza","1969","377.00000"
"CHE","Suiza","1970","372.70000"
"CHE","Suiza","1971","373.50000"
"CHE","Suiza","1972","380.00000"
"CHE","Suiza","1973","380.10000"
"CHE","Suiza","1974","383.00000"
"CHE","Suiza","1975","388.30000"
"CHE","Suiza","1976","389.00000"
"CHE","Suiza","1977","389.60000"
"CHE","Suiza","1978","395.00000"
"CHE","Suiza","1979","396.73820"
"CHE","Suiza","1980","402.59720"
"CHE","Suiza","1981","406.51010"
"CHE","Suiza","1982","410.95920"
"CHE","Suiza","1983","416.45940"
"CHE","Suiza","1984","424.25790"
"CHE","Suiza","1985","427.26350"
"CHE","Suiza","1986","427.00710"
"CHE","Suiza","1987","421.69710"
"CHE","Suiza","1988","425.24160"
"CHE","Suiza","1989","432.09500"
"CHE","Suiza","1990","426.35440"
"CHE","Suiza","1991","430.63240"
"CHE","Suiza","1992","429.34620"
"CHE","Suiza","1993","433.04080"
"CHE","Suiza","1994","442.63100"
"CHE","Suiza","1995","445.68680"
"CHE","Suiza","1996","443.67390"
"CHE","Suiza","1997","437.72990"
"CHE","Suiza","1998","436.13450"
"CHE","Suiza","1999","433.06840"
"CHE","Suiza","2000","431.92210"
"CHE","Suiza","2001","432.67260"
"CHE","Suiza","2002","431.59560"
"CHE","Suiza","2003","429.50630"
"CHE","Suiza","2004","429.04230"
"CHE","Suiza","2005","428.77630"
"CHE","Suiza","2006","429.50710"
"CHE","Suiza","2007","429.30040"
"CHE","Suiza","2008","429.01910"
"CHE","Suiza","2009","429.20650"
"CHE","Suiza","2010","427.76790"
"CHE","Suiza","2011","427.16240"
"CHE","Suiza","2012","427.35550"
"CHE","Suiza","2013","427.50280"
"CHE","Suiza","2014","424.97920"
"CHE","Suiza","2015","423.20930"
"CHE","Suiza","2016","423.74340"
"CHE","Suiza","2017","423.08840"
"CHE","Suiza","2018","423.36030"
"CHE","Suiza","2019","423.81240"
"CHE","Suiza","2020","425.03710"
"CHE","Suiza","2021","420.69040"
"CHE","Suiza","2022","421.65250"
"CHE","Suiza","2023","421.73130"
"CHE","Suiza","2024","423.75550"
"CHL","Chile","1961","3836.00000"
"CHL","Chile","1962","3856.00000"
"CHL","Chile","1963","3876.00000"
"CHL","Chile","1964","3898.00000"
"CHL","Chile","1965","3918.00000"
"CHL","Chile","1966","3938.00000"
"CHL","Chile","1967","3958.00000"
"CHL","Chile","1968","3978.00000"
"CHL","Chile","1969","3998.00000"
"CHL","Chile","1970","4100.00000"
"CHL","Chile","1971","4150.00000"
"CHL","Chile","1972","4200.00000"
"CHL","Chile","1973","4300.00000"
"CHL","Chile","1974","4350.00000"
"CHL","Chile","1975","4350.00000"
"CHL","Chile","1976","4400.00000"
"CHL","Chile","1977","4300.00000"
"CHL","Chile","1978","4200.00000"
"CHL","Chile","1979","4100.00000"
"CHL","Chile","1980","4050.00000"
"CHL","Chile","1981","3950.00000"
"CHL","Chile","1982","3800.00000"
"CHL","Chile","1983","3750.00000"
"CHL","Chile","1984","3700.00000"
"CHL","Chile","1985","3672.00000"
"CHL","Chile","1986","3586.00000"
"CHL","Chile","1987","3313.00000"
"CHL","Chile","1988","3304.00000"
"CHL","Chile","1989","3319.00000"
"CHL","Chile","1990","3049.00000"
"CHL","Chile","1991","2939.00000"
"CHL","Chile","1992","2706.00000"
"CHL","Chile","1993","2577.00000"
"CHL","Chile","1994","2550.00000"
"CHL","Chile","1995","2400.00000"
"CHL","Chile","1996","2300.00000"
"CHL","Chile","1997","2297.00000"
"CHL","Chile","1998","2294.00000"
"CHL","Chile","1999","2230.11000"
"CHL","Chile","2000","2166.22000"
"CHL","Chile","2001","2102.33000"
"CHL","Chile","2002","2038.44000"
"CHL","Chile","2003","1974.56000"
"CHL","Chile","2004","1910.67000"
"CHL","Chile","2005","1846.78000"
"CHL","Chile","2006","1782.89000"
"CHL","Chile","2007","1719.00000"
"CHL","Chile","2008","1778.50000"
"CHL","Chile","2009","1838.00000"
"CHL","Chile","2010","1826.00000"
"CHL","Chile","2011","1899.00000"
"CHL","Chile","2012","1892.00000"
"CHL","Chile","2013","1945.00000"
"CHL","Chile","2014","1952.20000"
"CHL","Chile","2015","2003.00000"
"CHL","Chile","2016","1986.81000"
"CHL","Chile","2017","2026.01000"
"CHL","Chile","2018","1984.31000"
"CHL","Chile","2019","1935.18000"
"CHL","Chile","2020","1912.98000"
"CHL","Chile","2021","2034.36000"
"CHL","Chile","2022","1965.66000"
"CHL","Chile","2023","1913.90000"
"CHL","Chile","2024","1908.90000"
"CHN","China","1961","104350.00000"
"CHN","China","1962","104100.00000"
"CHN","China","1963","103950.00000"
"CHN","China","1964","103800.00000"
"CHN","China","1965","103600.00000"
"CHN","China","1966","103200.00000"
"CHN","China","1967","102800.00000"
"CHN","China","1968","102400.00000"
"CHN","China","1969","102000.00000"
"CHN","China","1970","101600.00000"
"CHN","China","1971","101250.00000"
"CHN","China","1972","100870.00000"
"CHN","China","1973","100480.00000"
"CHN","China","1974","101100.00000"
"CHN","China","1975","99710.00000"
"CHN","China","1976","99603.33000"
"CHN","China","1977","99496.67000"
"CHN","China","1978","99390.00000"
"CHN","China","1979","99347.50000"
"CHN","China","1980","99305.00000"
"CHN","China","1981","100000.00000"
"CHN","China","1982","105000.00000"
"CHN","China","1983","110800.00000"
"CHN","China","1984","117800.00000"
"CHN","China","1985","125000.00000"
"CHN","China","1986","126500.00000"
"CHN","China","1987","127200.00000"
"CHN","China","1988","128200.00000"
"CHN","China","1989","129700.00000"
"CHN","China","1990","131300.00000"
"CHN","China","1991","132375.00000"
"CHN","China","1992","130700.00000"
"CHN","China","1993","130000.00000"
"CHN","China","1994","130000.00000"
"CHN","China","1995","130000.00000"
"CHN","China","1996","130039.00000"
"CHN","China","1997","130039.25000"
"CHN","China","1998","130039.50000"
"CHN","China","1999","130039.75000"
"CHN","China","2000","130040.00000"
"CHN","China","2001","130633.84000"
"CHN","China","2002","131227.69000"
"CHN","China","2003","131821.53000"
"CHN","China","2004","132415.38000"
"CHN","China","2005","133009.22000"
"CHN","China","2006","133603.07000"
"CHN","China","2007","134196.91000"
"CHN","China","2008","134790.76000"
"CHN","China","2009","135384.60000"
"CHN","China","2010","134632.30000"
"CHN","China","2011","133880.00000"
"CHN","China","2012","133127.70000"
"CHN","China","2013","132375.40000"
"CHN","China","2014","131623.10000"
"CHN","China","2015","130870.80000"
"CHN","China","2016","130119.00000"
"CHN","China","2017","129366.00000"
"CHN","China","2018","128614.00000"
"CHN","China","2019","127862.00000"
"CHN","China","2020","127768.00000"
"CHN","China","2021","127580.00000"
"CHN","China","2022","127580.00000"
"CHN","China","2023","128608.00000"
"CHN","China","2024","128608.00000"
"CIV","Costa de Marfil","1961","2733.97000"
"CIV","Costa de Marfil","1962","2855.72000"
"CIV","Costa de Marfil","1963","2914.93000"
"CIV","Costa de Marfil","1964","2998.61000"
"CIV","Costa de Marfil","1965","3056.64000"
"CIV","Costa de Marfil","1966","3109.35000"
"CIV","Costa de Marfil","1967","3164.85000"
"CIV","Costa de Marfil","1968","3197.50000"
"CIV","Costa de Marfil","1969","3224.50000"
"CIV","Costa de Marfil","1970","3251.67000"
"CIV","Costa de Marfil","1971","3310.09000"
"CIV","Costa de Marfil","1972","3310.00000"
"CIV","Costa de Marfil","1973","3508.21000"
"CIV","Costa de Marfil","1974","3665.40000"
"CIV","Costa de Marfil","1975","3801.37000"
"CIV","Costa de Marfil","1976","3899.64000"
"CIV","Costa de Marfil","1977","4135.02000"
"CIV","Costa de Marfil","1978","4253.36000"
"CIV","Costa de Marfil","1979","4290.24000"
"CIV","Costa de Marfil","1980","4320.80000"
"CIV","Costa de Marfil","1981","4457.70000"
"CIV","Costa de Marfil","1982","4588.39000"
"CIV","Costa de Marfil","1983","4584.00000"
"CIV","Costa de Marfil","1984","4901.00000"
"CIV","Costa de Marfil","1985","5210.51000"
"CIV","Costa de Marfil","1986","5317.50000"
"CIV","Costa de Marfil","1987","5417.41000"
"CIV","Costa de Marfil","1988","5812.44000"
"CIV","Costa de Marfil","1989","5529.42000"
"CIV","Costa de Marfil","1990","6057.30000"
"CIV","Costa de Marfil","1991","5630.24000"
"CIV","Costa de Marfil","1992","5644.81000"
"CIV","Costa de Marfil","1993","6502.00000"
"CIV","Costa de Marfil","1994","6006.05000"
"CIV","Costa de Marfil","1995","6747.85000"
"CIV","Costa de Marfil","1996","6734.51000"
"CIV","Costa de Marfil","1997","6496.01000"
"CIV","Costa de Marfil","1998","6589.50000"
"CIV","Costa de Marfil","1999","6680.36000"
"CIV","Costa de Marfil","2000","6755.61000"
"CIV","Costa de Marfil","2001","6265.77000"
"CIV","Costa de Marfil","2002","6385.26000"
"CIV","Costa de Marfil","2003","6425.00000"
"CIV","Costa de Marfil","2004","6962.35000"
"CIV","Costa de Marfil","2005","7204.66000"
"CIV","Costa de Marfil","2006","7481.58000"
"CIV","Costa de Marfil","2007","7807.27000"
"CIV","Costa de Marfil","2008","7722.97000"
"CIV","Costa de Marfil","2009","7692.00000"
"CIV","Costa de Marfil","2010","7703.99000"
"CIV","Costa de Marfil","2011","7851.66000"
"CIV","Costa de Marfil","2012","8730.51000"
"CIV","Costa de Marfil","2013","9342.03000"
"CIV","Costa de Marfil","2014","9884.17000"
"CIV","Costa de Marfil","2015","11376.80000"
"CIV","Costa de Marfil","2016","10872.88000"
"CIV","Costa de Marfil","2017","11658.35000"
"CIV","Costa de Marfil","2018","12844.22000"
"CIV","Costa de Marfil","2019","12519.30000"
"CIV","Costa de Marfil","2020","12709.97000"
"CIV","Costa de Marfil","2021","12822.32000"
"CIV","Costa de Marfil","2022","13388.85000"
"CIV","Costa de Marfil","2023","12693.64000"
"CIV","Costa de Marfil","2024","13468.41000"
"CMR","Camerún","1961","5510.00000"
"CMR","Camerún","1962","5570.00000"
"CMR","Camerún","1963","5620.00000"
"CMR","Camerún","1964","5680.00000"
"CMR","Camerún","1965","5740.00000"
"CMR","Camerún","1966","5800.00000"
"CMR","Camerún","1967","5870.00000"
"CMR","Camerún","1968","5920.00000"
"CMR","Camerún","1969","5970.00000"
"CMR","Camerún","1970","5978.00000"
"CMR","Camerún","1971","6028.00000"
"CMR","Camerún","1972","6095.00000"
"CMR","Camerún","1973","6160.00000"
"CMR","Camerún","1974","6280.00000"
"CMR","Camerún","1975","6395.00000"
"CMR","Camerún","1976","6510.00000"
"CMR","Camerún","1977","6644.00000"
"CMR","Camerún","1978","6671.00000"
"CMR","Camerún","1979","6912.00000"
"CMR","Camerún","1980","6920.50000"
"CMR","Camerún","1981","6953.00000"
"CMR","Camerún","1982","7005.50000"
"CMR","Camerún","1983","7058.00000"
"CMR","Camerún","1984","7110.50000"
"CMR","Camerún","1985","7163.00000"
"CMR","Camerún","1986","7215.50000"
"CMR","Camerún","1987","7198.00000"
"CMR","Camerún","1988","7190.50000"
"CMR","Camerún","1989","7173.00000"
"CMR","Camerún","1990","7155.50000"
"CMR","Camerún","1991","7128.00000"
"CMR","Camerún","1992","7130.50000"
"CMR","Camerún","1993","7133.00000"
"CMR","Camerún","1994","7135.50000"
"CMR","Camerún","1995","7138.00000"
"CMR","Camerún","1996","7140.50000"
"CMR","Camerún","1997","7143.00000"
"CMR","Camerún","1998","7145.50000"
"CMR","Camerún","1999","7148.00000"
"CMR","Camerún","2000","7150.50000"
"CMR","Camerún","2001","7153.00000"
"CMR","Camerún","2002","7155.50000"
"CMR","Camerún","2003","7158.00000"
"CMR","Camerún","2004","7210.50000"
"CMR","Camerún","2005","7213.00000"
"CMR","Camerún","2006","7213.00000"
"CMR","Camerún","2007","7213.00000"
"CMR","Camerún","2008","7263.00000"
"CMR","Camerún","2009","7313.00000"
"CMR","Camerún","2010","7700.00000"
"CMR","Camerún","2011","7750.00000"
"CMR","Camerún","2012","7750.00000"
"CMR","Camerún","2013","7750.00000"
"CMR","Camerún","2014","7750.00000"
"CMR","Camerún","2015","7750.00000"
"CMR","Camerún","2016","7750.00000"
"CMR","Camerún","2017","7770.99000"
"CMR","Camerún","2018","7791.97000"
"CMR","Camerún","2019","7812.96000"
"CMR","Camerún","2020","7833.94000"
"CMR","Camerún","2021","7854.93000"
"CMR","Camerún","2022","7875.91000"
"CMR","Camerún","2023","7896.90000"
"CMR","Camerún","2024","7967.02000"
"COD","Rep. Dem. Congo","1961","6950.00000"
"COD","Rep. Dem. Congo","1962","6970.00000"
"COD","Rep. Dem. Congo","1963","7000.00000"
"COD","Rep. Dem. Congo","1964","7030.00000"
"COD","Rep. Dem. Congo","1965","7050.00000"
"COD","Rep. Dem. Congo","1966","7070.00000"
"COD","Rep. Dem. Congo","1967","7100.00000"
"COD","Rep. Dem. Congo","1968","7150.00000"
"COD","Rep. Dem. Congo","1969","7200.00000"
"COD","Rep. Dem. Congo","1970","7250.00000"
"COD","Rep. Dem. Congo","1971","7300.00000"
"COD","Rep. Dem. Congo","1972","7350.00000"
"COD","Rep. Dem. Congo","1973","7400.00000"
"COD","Rep. Dem. Congo","1974","7450.00000"
"COD","Rep. Dem. Congo","1975","7450.00000"
"COD","Rep. Dem. Congo","1976","7500.00000"
"COD","Rep. Dem. Congo","1977","7530.00000"
"COD","Rep. Dem. Congo","1978","7550.00000"
"COD","Rep. Dem. Congo","1979","7550.00000"
"COD","Rep. Dem. Congo","1980","7600.00000"
"COD","Rep. Dem. Congo","1981","7650.00000"
"COD","Rep. Dem. Congo","1982","7670.00000"
"COD","Rep. Dem. Congo","1983","7700.00000"
"COD","Rep. Dem. Congo","1984","7750.00000"
"COD","Rep. Dem. Congo","1985","7800.00000"
"COD","Rep. Dem. Congo","1986","7850.00000"
"COD","Rep. Dem. Congo","1987","7850.00000"
"COD","Rep. Dem. Congo","1988","7850.00000"
"COD","Rep. Dem. Congo","1989","7850.00000"
"COD","Rep. Dem. Congo","1990","7860.00000"
"COD","Rep. Dem. Congo","1991","7880.00000"
"COD","Rep. Dem. Congo","1992","7900.00000"
"COD","Rep. Dem. Congo","1993","7900.00000"
"COD","Rep. Dem. Congo","1994","7900.00000"
"COD","Rep. Dem. Congo","1995","7915.00000"
"COD","Rep. Dem. Congo","1996","7930.00000"
"COD","Rep. Dem. Congo","1997","7945.00000"
"COD","Rep. Dem. Congo","1998","7960.00000"
"COD","Rep. Dem. Congo","1999","7975.01000"
"COD","Rep. Dem. Congo","2000","7990.01000"
"COD","Rep. Dem. Congo","2001","8005.01000"
"COD","Rep. Dem. Congo","2002","7869.49000"
"COD","Rep. Dem. Congo","2003","7884.33000"
"COD","Rep. Dem. Congo","2004","7953.43000"
"COD","Rep. Dem. Congo","2005","7978.31000"
"COD","Rep. Dem. Congo","2006","8033.74000"
"COD","Rep. Dem. Congo","2007","8023.89000"
"COD","Rep. Dem. Congo","2008","7979.46000"
"COD","Rep. Dem. Congo","2009","8117.93000"
"COD","Rep. Dem. Congo","2010","12915.66000"
"COD","Rep. Dem. Congo","2011","13538.88000"
"COD","Rep. Dem. Congo","2012","13675.56000"
"COD","Rep. Dem. Congo","2013","14341.47000"
"COD","Rep. Dem. Congo","2014","14976.75000"
"COD","Rep. Dem. Congo","2015","15167.86000"
"COD","Rep. Dem. Congo","2016","15489.04000"
"COD","Rep. Dem. Congo","2017","16108.37000"
"COD","Rep. Dem. Congo","2018","16401.15000"
"COD","Rep. Dem. Congo","2019","16517.84000"
"COD","Rep. Dem. Congo","2020","16875.73000"
"COD","Rep. Dem. Congo","2021","16833.93000"
"COD","Rep. Dem. Congo","2022","17599.23000"
"COD","Rep. Dem. Congo","2023","18020.19000"
"COD","Rep. Dem. Congo","2024","18509.47000"
"COG","Congo","1961","547.80000"
"COG","Congo","1962","548.35000"
"COG","Congo","1963","550.45000"
"COG","Congo","1964","545.55000"
"COG","Congo","1965","543.35000"
"COG","Congo","1966","543.00000"
"COG","Congo","1967","543.10000"
"COG","Congo","1968","543.20000"
"COG","Congo","1969","545.80000"
"COG","Congo","1970","547.45000"
"COG","Congo","1971","550.10000"
"COG","Congo","1972","550.94000"
"COG","Congo","1973","554.78000"
"COG","Congo","1974","556.13000"
"COG","Congo","1975","558.14000"
"COG","Congo","1976","562.93000"
"COG","Congo","1977","561.94000"
"COG","Congo","1978","517.98000"
"COG","Congo","1979","518.35000"
"COG","Congo","1980","521.93000"
"COG","Congo","1981","525.95000"
"COG","Congo","1982","551.10000"
"COG","Congo","1983","555.45000"
"COG","Congo","1984","557.70000"
"COG","Congo","1985","563.85000"
"COG","Congo","1986","561.99000"
"COG","Congo","1987","535.73000"
"COG","Congo","1988","538.09000"
"COG","Congo","1989","539.85000"
"COG","Congo","1990","517.34000"
"COG","Congo","1991","519.96000"
"COG","Congo","1992","519.56000"
"COG","Congo","1993","524.80000"
"COG","Congo","1994","513.87000"
"COG","Congo","1995","517.69000"
"COG","Congo","1996","522.00000"
"COG","Congo","1997","535.01000"
"COG","Congo","1998","535.58000"
"COG","Congo","1999","543.67000"
"COG","Congo","2000","539.94000"
"COG","Congo","2001","540.39000"
"COG","Congo","2002","539.83000"
"COG","Congo","2003","540.16000"
"COG","Congo","2004","543.28000"
"COG","Congo","2005","545.65000"
"COG","Congo","2006","548.77000"
"COG","Congo","2007","549.42000"
"COG","Congo","2008","549.98000"
"COG","Congo","2009","563.22000"
"COG","Congo","2010","575.40000"
"COG","Congo","2011","596.62000"
"COG","Congo","2012","602.01000"
"COG","Congo","2013","630.80000"
"COG","Congo","2014","631.42000"
"COG","Congo","2015","623.43000"
"COG","Congo","2016","625.46000"
"COG","Congo","2017","626.62000"
"COG","Congo","2018","631.50000"
"COG","Congo","2019","657.80000"
"COG","Congo","2020","642.70000"
"COG","Congo","2021","672.60000"
"COG","Congo","2022","651.30000"
"COG","Congo","2023","651.40000"
"COG","Congo","2024","652.51000"
"COK","Islas Cook","1961","6.00000"
"COK","Islas Cook","1962","6.00000"
"COK","Islas Cook","1963","6.00000"
"COK","Islas Cook","1964","6.00000"
"COK","Islas Cook","1965","6.00000"
"COK","Islas Cook","1966","6.00000"
"COK","Islas Cook","1967","6.00000"
"COK","Islas Cook","1968","6.00000"
"COK","Islas Cook","1969","6.00000"
"COK","Islas Cook","1970","6.00000"
"COK","Islas Cook","1971","6.00000"
"COK","Islas Cook","1972","6.00000"
"COK","Islas Cook","1973","6.00000"
"COK","Islas Cook","1974","6.00000"
"COK","Islas Cook","1975","6.00000"
"COK","Islas Cook","1976","6.00000"
"COK","Islas Cook","1977","6.00000"
"COK","Islas Cook","1978","6.00000"
"COK","Islas Cook","1979","6.00000"
"COK","Islas Cook","1980","6.00000"
"COK","Islas Cook","1981","6.00000"
"COK","Islas Cook","1982","6.00000"
"COK","Islas Cook","1983","6.00000"
"COK","Islas Cook","1984","6.00000"
"COK","Islas Cook","1985","6.00000"
"COK","Islas Cook","1986","6.00000"
"COK","Islas Cook","1987","6.00000"
"COK","Islas Cook","1988","6.00000"
"COK","Islas Cook","1989","6.00000"
"COK","Islas Cook","1990","6.00000"
"COK","Islas Cook","1991","6.00000"
"COK","Islas Cook","1992","5.00000"
"COK","Islas Cook","1993","5.00000"
"COK","Islas Cook","1994","5.00000"
"COK","Islas Cook","1995","5.00000"
"COK","Islas Cook","1996","4.99000"
"COK","Islas Cook","1997","4.98000"
"COK","Islas Cook","1998","4.97000"
"COK","Islas Cook","1999","4.96000"
"COK","Islas Cook","2000","4.95000"
"COK","Islas Cook","2001","4.93000"
"COK","Islas Cook","2002","3.92000"
"COK","Islas Cook","2003","3.91000"
"COK","Islas Cook","2004","3.90000"
"COK","Islas Cook","2005","3.89000"
"COK","Islas Cook","2006","3.88000"
"COK","Islas Cook","2007","3.87000"
"COK","Islas Cook","2008","3.86000"
"COK","Islas Cook","2009","3.85000"
"COK","Islas Cook","2010","3.84000"
"COK","Islas Cook","2011","3.82000"
"COK","Islas Cook","2012","3.81000"
"COK","Islas Cook","2013","3.80000"
"COK","Islas Cook","2014","3.79000"
"COK","Islas Cook","2015","3.78000"
"COK","Islas Cook","2016","3.77000"
"COK","Islas Cook","2017","3.76000"
"COK","Islas Cook","2018","3.75000"
"COK","Islas Cook","2019","3.74000"
"COK","Islas Cook","2020","3.73000"
"COK","Islas Cook","2021","3.41400"
"COK","Islas Cook","2022","3.41400"
"COK","Islas Cook","2023","3.41400"
"COK","Islas Cook","2024","3.41400"
"COL","Colombia","1961","4970.00000"
"COL","Colombia","1962","4972.00000"
"COL","Colombia","1963","4993.00000"
"COL","Colombia","1964","4995.00000"
"COL","Colombia","1965","5008.00000"
"COL","Colombia","1966","5020.00000"
"COL","Colombia","1967","5023.00000"
"COL","Colombia","1968","5025.00000"
"COL","Colombia","1969","5030.00000"
"COL","Colombia","1970","5030.00000"
"COL","Colombia","1971","5054.00000"
"COL","Colombia","1972","5068.00000"
"COL","Colombia","1973","5084.00000"
"COL","Colombia","1974","5099.00000"
"COL","Colombia","1975","5115.00000"
"COL","Colombia","1976","5130.00000"
"COL","Colombia","1977","5146.00000"
"COL","Colombia","1978","5161.00000"
"COL","Colombia","1979","5177.00000"
"COL","Colombia","1980","5192.00000"
"COL","Colombia","1981","5208.00000"
"COL","Colombia","1982","5223.00000"
"COL","Colombia","1983","5239.00000"
"COL","Colombia","1984","5256.00000"
"COL","Colombia","1985","5275.00000"
"COL","Colombia","1986","5295.00000"
"COL","Colombia","1987","5318.00000"
"COL","Colombia","1988","5200.00000"
"COL","Colombia","1989","5100.00000"
"COL","Colombia","1990","5000.00000"
"COL","Colombia","1991","4801.00000"
"COL","Colombia","1992","4900.00000"
"COL","Colombia","1993","4820.00000"
"COL","Colombia","1994","4782.00000"
"COL","Colombia","1995","4430.00000"
"COL","Colombia","1996","4096.00000"
"COL","Colombia","1997","4257.00000"
"COL","Colombia","1998","4377.00000"
"COL","Colombia","1999","4364.00000"
"COL","Colombia","2000","4545.00000"
"COL","Colombia","2001","4135.00000"
"COL","Colombia","2002","3736.00000"
"COL","Colombia","2003","3749.00000"
"COL","Colombia","2004","3708.00000"
"COL","Colombia","2005","3613.00000"
"COL","Colombia","2006","3369.30000"
"COL","Colombia","2007","3570.00000"
"COL","Colombia","2008","3461.00000"
"COL","Colombia","2009","3354.00000"
"COL","Colombia","2010","3353.00000"
"COL","Colombia","2011","3409.00000"
"COL","Colombia","2012","3453.00000"
"COL","Colombia","2013","3448.00000"
"COL","Colombia","2014","3648.00000"
"COL","Colombia","2015","3848.00000"
"COL","Colombia","2016","4048.00000"
"COL","Colombia","2017","4248.00000"
"COL","Colombia","2018","4448.00000"
"COL","Colombia","2019","4617.00000"
"COL","Colombia","2020","4705.67000"
"COL","Colombia","2021","4794.33000"
"COL","Colombia","2022","4883.00000"
"COL","Colombia","2023","4995.00000"
"COL","Colombia","2024","5417.00000"
"COM","Comoras","1961","80.00000"
"COM","Comoras","1962","80.00000"
"COM","Comoras","1963","80.00000"
"COM","Comoras","1964","80.00000"
"COM","Comoras","1965","80.00000"
"COM","Comoras","1966","80.00000"
"COM","Comoras","1967","80.00000"
"COM","Comoras","1968","80.00000"
"COM","Comoras","1969","80.00000"
"COM","Comoras","1970","80.00000"
"COM","Comoras","1971","80.00000"
"COM","Comoras","1972","80.00000"
"COM","Comoras","1973","80.00000"
"COM","Comoras","1974","80.00000"
"COM","Comoras","1975","80.00000"
"COM","Comoras","1976","80.00000"
"COM","Comoras","1977","80.00000"
"COM","Comoras","1978","85.00000"
"COM","Comoras","1979","85.00000"
"COM","Comoras","1980","85.00000"
"COM","Comoras","1981","85.00000"
"COM","Comoras","1982","85.00000"
"COM","Comoras","1983","85.00000"
"COM","Comoras","1984","95.00000"
"COM","Comoras","1985","95.00000"
"COM","Comoras","1986","95.00000"
"COM","Comoras","1987","98.00000"
"COM","Comoras","1988","99.00000"
"COM","Comoras","1989","99.00000"
"COM","Comoras","1990","99.00000"
"COM","Comoras","1991","100.00000"
"COM","Comoras","1992","100.00000"
"COM","Comoras","1993","103.00000"
"COM","Comoras","1994","105.00000"
"COM","Comoras","1995","107.00000"
"COM","Comoras","1996","109.00000"
"COM","Comoras","1997","111.00000"
"COM","Comoras","1998","111.00000"
"COM","Comoras","1999","112.00000"
"COM","Comoras","2000","113.00000"
"COM","Comoras","2001","115.00000"
"COM","Comoras","2002","116.00000"
"COM","Comoras","2003","117.00000"
"COM","Comoras","2004","118.00000"
"COM","Comoras","2005","118.00000"
"COM","Comoras","2006","118.00000"
"COM","Comoras","2007","118.00000"
"COM","Comoras","2008","118.00000"
"COM","Comoras","2009","118.00000"
"COM","Comoras","2010","118.00000"
"COM","Comoras","2011","117.59000"
"COM","Comoras","2012","117.66000"
"COM","Comoras","2013","121.78000"
"COM","Comoras","2014","121.29000"
"COM","Comoras","2015","120.11000"
"COM","Comoras","2016","131.32000"
"COM","Comoras","2017","130.06000"
"COM","Comoras","2018","135.50000"
"COM","Comoras","2019","134.30000"
"COM","Comoras","2020","133.11000"
"COM","Comoras","2021","131.72000"
"COM","Comoras","2022","130.84000"
"COM","Comoras","2023","133.04000"
"COM","Comoras","2024","132.54000"
"CPV","Cabo Verde","1961","40.00000"
"CPV","Cabo Verde","1962","40.00000"
"CPV","Cabo Verde","1963","40.00000"
"CPV","Cabo Verde","1964","40.00000"
"CPV","Cabo Verde","1965","40.00000"
"CPV","Cabo Verde","1966","40.00000"
"CPV","Cabo Verde","1967","40.00000"
"CPV","Cabo Verde","1968","40.00000"
"CPV","Cabo Verde","1969","40.00000"
"CPV","Cabo Verde","1970","40.00000"
"CPV","Cabo Verde","1971","40.00000"
"CPV","Cabo Verde","1972","40.00000"
"CPV","Cabo Verde","1973","40.00000"
"CPV","Cabo Verde","1974","40.00000"
"CPV","Cabo Verde","1975","40.00000"
"CPV","Cabo Verde","1976","40.00000"
"CPV","Cabo Verde","1977","40.00000"
"CPV","Cabo Verde","1978","40.00000"
"CPV","Cabo Verde","1979","40.00000"
"CPV","Cabo Verde","1980","40.00000"
"CPV","Cabo Verde","1981","40.00000"
"CPV","Cabo Verde","1982","40.00000"
"CPV","Cabo Verde","1983","40.00000"
"CPV","Cabo Verde","1984","40.00000"
"CPV","Cabo Verde","1985","40.00000"
"CPV","Cabo Verde","1986","40.00000"
"CPV","Cabo Verde","1987","40.00000"
"CPV","Cabo Verde","1988","42.00000"
"CPV","Cabo Verde","1989","42.00000"
"CPV","Cabo Verde","1990","43.00000"
"CPV","Cabo Verde","1991","43.00000"
"CPV","Cabo Verde","1992","48.34000"
"CPV","Cabo Verde","1993","50.81000"
"CPV","Cabo Verde","1994","53.09000"
"CPV","Cabo Verde","1995","55.44000"
"CPV","Cabo Verde","1996","57.74000"
"CPV","Cabo Verde","1997","60.09000"
"CPV","Cabo Verde","1998","62.46000"
"CPV","Cabo Verde","1999","64.92000"
"CPV","Cabo Verde","2000","67.21000"
"CPV","Cabo Verde","2001","69.58000"
"CPV","Cabo Verde","2002","71.18000"
"CPV","Cabo Verde","2003","71.16000"
"CPV","Cabo Verde","2004","72.65000"
"CPV","Cabo Verde","2005","72.69000"
"CPV","Cabo Verde","2006","72.75000"
"CPV","Cabo Verde","2007","72.77000"
"CPV","Cabo Verde","2008","75.54000"
"CPV","Cabo Verde","2009","75.32000"
"CPV","Cabo Verde","2010","75.16000"
"CPV","Cabo Verde","2011","76.09000"
"CPV","Cabo Verde","2012","76.15000"
"CPV","Cabo Verde","2013","76.05000"
"CPV","Cabo Verde","2014","76.16000"
"CPV","Cabo Verde","2015","75.41000"
"CPV","Cabo Verde","2016","74.95000"
"CPV","Cabo Verde","2017","75.34000"
"CPV","Cabo Verde","2018","75.24000"
"CPV","Cabo Verde","2019","74.93000"
"CPV","Cabo Verde","2020","74.89000"
"CPV","Cabo Verde","2021","74.87000"
"CPV","Cabo Verde","2022","75.25000"
"CPV","Cabo Verde","2023","75.10000"
"CPV","Cabo Verde","2024","74.90000"
"CRI","Costa Rica","1961","480.00000"
"CRI","Costa Rica","1962","485.00000"
"CRI","Costa Rica","1963","485.00000"
"CRI","Costa Rica","1964","485.00000"
"CRI","Costa Rica","1965","485.00000"
"CRI","Costa Rica","1966","485.00000"
"CRI","Costa Rica","1967","486.00000"
"CRI","Costa Rica","1968","486.00000"
"CRI","Costa Rica","1969","490.00000"
"CRI","Costa Rica","1970","493.00000"
"CRI","Costa Rica","1971","497.00000"
"CRI","Costa Rica","1972","497.00000"
"CRI","Costa Rica","1973","490.00000"
"CRI","Costa Rica","1974","490.00000"
"CRI","Costa Rica","1975","492.00000"
"CRI","Costa Rica","1976","495.00000"
"CRI","Costa Rica","1977","497.00000"
"CRI","Costa Rica","1978","500.00000"
"CRI","Costa Rica","1979","503.00000"
"CRI","Costa Rica","1980","506.00000"
"CRI","Costa Rica","1981","509.00000"
"CRI","Costa Rica","1982","512.00000"
"CRI","Costa Rica","1983","515.00000"
"CRI","Costa Rica","1984","518.00000"
"CRI","Costa Rica","1985","520.00000"
"CRI","Costa Rica","1986","520.00000"
"CRI","Costa Rica","1987","520.00000"
"CRI","Costa Rica","1988","515.00000"
"CRI","Costa Rica","1989","495.00000"
"CRI","Costa Rica","1990","495.00000"
"CRI","Costa Rica","1991","495.00000"
"CRI","Costa Rica","1992","485.00000"
"CRI","Costa Rica","1993","465.00000"
"CRI","Costa Rica","1994","465.00000"
"CRI","Costa Rica","1995","455.00000"
"CRI","Costa Rica","1996","445.00000"
"CRI","Costa Rica","1997","445.00000"
"CRI","Costa Rica","1998","445.00000"
"CRI","Costa Rica","1999","455.00000"
"CRI","Costa Rica","2000","445.00000"
"CRI","Costa Rica","2001","445.00000"
"CRI","Costa Rica","2002","435.00000"
"CRI","Costa Rica","2003","445.00000"
"CRI","Costa Rica","2004","445.00000"
"CRI","Costa Rica","2005","445.00000"
"CRI","Costa Rica","2006","445.00000"
"CRI","Costa Rica","2007","435.00000"
"CRI","Costa Rica","2008","435.00000"
"CRI","Costa Rica","2009","455.00000"
"CRI","Costa Rica","2010","460.00000"
"CRI","Costa Rica","2011","467.00000"
"CRI","Costa Rica","2012","467.00000"
"CRI","Costa Rica","2013","551.00000"
"CRI","Costa Rica","2014","551.00000"
"CRI","Costa Rica","2015","540.19000"
"CRI","Costa Rica","2016","533.88000"
"CRI","Costa Rica","2017","527.57000"
"CRI","Costa Rica","2018","533.16000"
"CRI","Costa Rica","2019","538.75000"
"CRI","Costa Rica","2020","544.34760"
"CRI","Costa Rica","2021","544.34760"
"CRI","Costa Rica","2022","544.34760"
"CRI","Costa Rica","2023","544.34760"
"CRI","Costa Rica","2024","544.34760"
"CUB","Cuba","1961","1650.00000"
"CUB","Cuba","1962","1705.00000"
"CUB","Cuba","1963","1803.00000"
"CUB","Cuba","1964","1975.00000"
"CUB","Cuba","1965","1818.00000"
"CUB","Cuba","1966","1744.00000"
"CUB","Cuba","1967","1922.00000"
"CUB","Cuba","1968","2171.00000"
"CUB","Cuba","1969","2325.00000"
"CUB","Cuba","1970","2612.00000"
"CUB","Cuba","1971","2673.00000"
"CUB","Cuba","1972","3005.00000"
"CUB","Cuba","1973","3179.00000"
"CUB","Cuba","1974","3031.00000"
"CUB","Cuba","1975","3170.00000"
"CUB","Cuba","1976","3327.00000"
"CUB","Cuba","1977","3331.00000"
"CUB","Cuba","1978","3336.00000"
"CUB","Cuba","1979","3329.00000"
"CUB","Cuba","1980","3330.00000"
"CUB","Cuba","1981","3350.00000"
"CUB","Cuba","1982","3400.00000"
"CUB","Cuba","1983","3450.00000"
"CUB","Cuba","1984","3507.00000"
"CUB","Cuba","1985","3568.00000"
"CUB","Cuba","1986","3650.00000"
"CUB","Cuba","1987","3730.00000"
"CUB","Cuba","1988","3780.00000"
"CUB","Cuba","1989","3801.00000"
"CUB","Cuba","1990","3841.00000"
"CUB","Cuba","1991","3885.00000"
"CUB","Cuba","1992","4075.00000"
"CUB","Cuba","1993","4130.00000"
"CUB","Cuba","1994","4186.00000"
"CUB","Cuba","1995","4184.00000"
"CUB","Cuba","1996","4035.00000"
"CUB","Cuba","1997","4184.00000"
"CUB","Cuba","1998","4200.75000"
"CUB","Cuba","1999","4217.50000"
"CUB","Cuba","2000","4234.25000"
"CUB","Cuba","2001","4251.00000"
"CUB","Cuba","2002","4237.00000"
"CUB","Cuba","2003","4182.00000"
"CUB","Cuba","2004","4134.00000"
"CUB","Cuba","2005","4097.00000"
"CUB","Cuba","2006","4061.00000"
"CUB","Cuba","2007","3991.00000"
"CUB","Cuba","2008","3928.55000"
"CUB","Cuba","2009","3866.10000"
"CUB","Cuba","2010","3803.65000"
"CUB","Cuba","2011","3741.20000"
"CUB","Cuba","2012","3554.90000"
"CUB","Cuba","2013","3576.90000"
"CUB","Cuba","2014","3514.67000"
"CUB","Cuba","2015","3517.30000"
"CUB","Cuba","2016","3472.00000"
"CUB","Cuba","2017","3561.60000"
"CUB","Cuba","2018","3561.60000"
"CUB","Cuba","2019","3561.60000"
"CUB","Cuba","2020","3561.60000"
"CUB","Cuba","2021","3561.60000"
"CUB","Cuba","2022","3561.60000"
"CUB","Cuba","2023","3561.60000"
"CUB","Cuba","2024","3561.60000"
"CYM","Islas Caimán","1961","0.70000"
"CYM","Islas Caimán","1962","0.70000"
"CYM","Islas Caimán","1963","0.70000"
"CYM","Islas Caimán","1964","0.70000"
"CYM","Islas Caimán","1965","0.70000"
"CYM","Islas Caimán","1966","0.70000"
"CYM","Islas Caimán","1967","0.70000"
"CYM","Islas Caimán","1968","0.70000"
"CYM","Islas Caimán","1969","0.70000"
"CYM","Islas Caimán","1970","0.70000"
"CYM","Islas Caimán","1971","0.70000"
"CYM","Islas Caimán","1972","0.70000"
"CYM","Islas Caimán","1973","0.70000"
"CYM","Islas Caimán","1974","0.70000"
"CYM","Islas Caimán","1975","0.70000"
"CYM","Islas Caimán","1976","0.70000"
"CYM","Islas Caimán","1977","0.70000"
"CYM","Islas Caimán","1978","0.70000"
"CYM","Islas Caimán","1979","0.70000"
"CYM","Islas Caimán","1980","0.70000"
"CYM","Islas Caimán","1981","0.70000"
"CYM","Islas Caimán","1982","0.70000"
"CYM","Islas Caimán","1983","0.70000"
"CYM","Islas Caimán","1984","0.70000"
"CYM","Islas Caimán","1985","0.70000"
"CYM","Islas Caimán","1986","0.70000"
"CYM","Islas Caimán","1987","0.70000"
"CYM","Islas Caimán","1988","0.70000"
"CYM","Islas Caimán","1989","0.70000"
"CYM","Islas Caimán","1990","0.70000"
"CYM","Islas Caimán","1991","0.70000"
"CYM","Islas Caimán","1992","0.70000"
"CYM","Islas Caimán","1993","0.70000"
"CYM","Islas Caimán","1994","0.70000"
"CYM","Islas Caimán","1995","0.70000"
"CYM","Islas Caimán","1996","0.70000"
"CYM","Islas Caimán","1997","0.70000"
"CYM","Islas Caimán","1998","0.70000"
"CYM","Islas Caimán","1999","0.70000"
"CYM","Islas Caimán","2000","0.70000"
"CYM","Islas Caimán","2001","0.70000"
"CYM","Islas Caimán","2002","0.70000"
"CYM","Islas Caimán","2003","0.70000"
"CYM","Islas Caimán","2004","0.70000"
"CYM","Islas Caimán","2005","0.70000"
"CYM","Islas Caimán","2006","0.70000"
"CYM","Islas Caimán","2007","0.70000"
"CYM","Islas Caimán","2008","0.70000"
"CYM","Islas Caimán","2009","0.70000"
"CYM","Islas Caimán","2010","0.70000"
"CYM","Islas Caimán","2011","0.70000"
"CYM","Islas Caimán","2012","0.70000"
"CYM","Islas Caimán","2013","0.70000"
"CYM","Islas Caimán","2014","0.70000"
"CYM","Islas Caimán","2015","0.70000"
"CYM","Islas Caimán","2016","0.70000"
"CYM","Islas Caimán","2017","0.70000"
"CYM","Islas Caimán","2018","0.70000"
"CYM","Islas Caimán","2019","0.70000"
"CYM","Islas Caimán","2020","0.70000"
"CYM","Islas Caimán","2021","0.70000"
"CYM","Islas Caimán","2022","0.70000"
"CYM","Islas Caimán","2023","0.70000"
"CYM","Islas Caimán","2024","0.70000"
"CYP","Chipre","1961","399.00000"
"CYP","Chipre","1962","397.00000"
"CYP","Chipre","1963","400.00000"
"CYP","Chipre","1964","398.00000"
"CYP","Chipre","1965","397.00000"
"CYP","Chipre","1966","395.00000"
"CYP","Chipre","1967","396.00000"
"CYP","Chipre","1968","396.00000"
"CYP","Chipre","1969","394.00000"
"CYP","Chipre","1970","393.00000"
"CYP","Chipre","1971","391.00000"
"CYP","Chipre","1972","389.00000"
"CYP","Chipre","1973","388.80000"
"CYP","Chipre","1974","283.00000"
"CYP","Chipre","1975","177.10000"
"CYP","Chipre","1976","174.50000"
"CYP","Chipre","1977","172.50000"
"CYP","Chipre","1978","170.50000"
"CYP","Chipre","1979","168.50000"
"CYP","Chipre","1980","167.50000"
"CYP","Chipre","1981","171.90000"
"CYP","Chipre","1982","178.00000"
"CYP","Chipre","1983","179.00000"
"CYP","Chipre","1984","178.00000"
"CYP","Chipre","1985","157.80000"
"CYP","Chipre","1986","158.20000"
"CYP","Chipre","1987","157.40000"
"CYP","Chipre","1988","156.40000"
"CYP","Chipre","1989","156.40000"
"CYP","Chipre","1990","156.60000"
"CYP","Chipre","1991","155.20000"
"CYP","Chipre","1992","155.60000"
"CYP","Chipre","1993","154.70000"
"CYP","Chipre","1994","141.40000"
"CYP","Chipre","1995","141.10000"
"CYP","Chipre","1996","142.00000"
"CYP","Chipre","1997","141.10000"
"CYP","Chipre","1998","143.10000"
"CYP","Chipre","1999","143.10000"
"CYP","Chipre","2000","140.40000"
"CYP","Chipre","2001","139.00000"
"CYP","Chipre","2002","139.00000"
"CYP","Chipre","2003","153.00000"
"CYP","Chipre","2004","155.00000"
"CYP","Chipre","2005","166.00000"
"CYP","Chipre","2006","156.00000"
"CYP","Chipre","2007","145.30000"
"CYP","Chipre","2008","114.20000"
"CYP","Chipre","2009","123.30000"
"CYP","Chipre","2010","112.50000"
"CYP","Chipre","2011","113.90000"
"CYP","Chipre","2012","114.30000"
"CYP","Chipre","2013","107.03000"
"CYP","Chipre","2014","107.18000"
"CYP","Chipre","2015","124.78000"
"CYP","Chipre","2016","108.01000"
"CYP","Chipre","2017","119.77000"
"CYP","Chipre","2018","130.85470"
"CYP","Chipre","2019","123.76800"
"CYP","Chipre","2020","125.39100"
"CYP","Chipre","2021","119.41700"
"CYP","Chipre","2022","120.41790"
"CYP","Chipre","2023","122.93030"
"CYP","Chipre","2024","123.29160"
"CZE","Chequia","1993","3409.00000"
"CZE","Chequia","1994","3394.00000"
"CZE","Chequia","1995","3378.00000"
"CZE","Chequia","1996","3334.00000"
"CZE","Chequia","1997","3327.00000"
"CZE","Chequia","1998","3337.00000"
"CZE","Chequia","1999","3332.00000"
"CZE","Chequia","2000","3319.00000"
"CZE","Chequia","2001","3312.00000"
"CZE","Chequia","2002","2813.21000"
"CZE","Chequia","2003","2793.38000"
"CZE","Chequia","2004","2773.28000"
"CZE","Chequia","2005","2752.75000"
"CZE","Chequia","2006","2676.56000"
"CZE","Chequia","2007","2664.56000"
"CZE","Chequia","2008","2638.56000"
"CZE","Chequia","2009","2620.70000"
"CZE","Chequia","2010","2587.82000"
"CZE","Chequia","2011","2562.31000"
"CZE","Chequia","2012","2558.15000"
"CZE","Chequia","2013","2547.00000"
"CZE","Chequia","2014","2535.00000"
"CZE","Chequia","2015","2536.00000"
"CZE","Chequia","2016","2539.00000"
"CZE","Chequia","2017","2543.00000"
"CZE","Chequia","2018","2533.00000"
"CZE","Chequia","2019","2531.82100"
"CZE","Chequia","2020","2534.26200"
"CZE","Chequia","2021","2524.27200"
"CZE","Chequia","2022","2527.71300"
"CZE","Chequia","2023","2565.99800"
"CZE","Chequia","2024","2565.83400"
"DEU","Alemania","1961","12724.00000"
"DEU","Alemania","1962","12691.00000"
"DEU","Alemania","1963","12663.00000"
"DEU","Alemania","1964","12661.00000"
"DEU","Alemania","1965","12645.00000"
"DEU","Alemania","1966","12639.00000"
"DEU","Alemania","1967","12525.00000"
"DEU","Alemania","1968","12505.00000"
"DEU","Alemania","1969","12479.00000"
"DEU","Alemania","1970","12391.00000"
"DEU","Alemania","1971","12404.00000"
"DEU","Alemania","1972","12444.00000"
"DEU","Alemania","1973","12449.00000"
"DEU","Alemania","1974","12479.00000"
"DEU","Alemania","1975","12510.00000"
"DEU","Alemania","1976","12563.00000"
"DEU","Alemania","1977","12560.00000"
"DEU","Alemania","1978","12576.00000"
"DEU","Alemania","1979","12558.00000"
"DEU","Alemania","1980","12530.00000"
"DEU","Alemania","1981","12498.00000"
"DEU","Alemania","1982","12464.00000"
"DEU","Alemania","1983","12450.00000"
"DEU","Alemania","1984","12428.00000"
"DEU","Alemania","1985","12426.00000"
"DEU","Alemania","1986","12420.00000"
"DEU","Alemania","1987","12390.00000"
"DEU","Alemania","1988","12390.00000"
"DEU","Alemania","1989","12391.00000"
"DEU","Alemania","1990","12414.00000"
"DEU","Alemania","1991","11807.00000"
"DEU","Alemania","1992","11708.00000"
"DEU","Alemania","1993","11911.00000"
"DEU","Alemania","1994","12037.00000"
"DEU","Alemania","1995","12061.00000"
"DEU","Alemania","1996","12064.00000"
"DEU","Alemania","1997","12060.00000"
"DEU","Alemania","1998","12107.00000"
"DEU","Alemania","1999","12038.00000"
"DEU","Alemania","2000","12020.00000"
"DEU","Alemania","2001","12021.00000"
"DEU","Alemania","2002","11997.00000"
"DEU","Alemania","2003","12033.00000"
"DEU","Alemania","2004","12100.00000"
"DEU","Alemania","2005","12102.00000"
"DEU","Alemania","2006","12064.00000"
"DEU","Alemania","2007","12075.00000"
"DEU","Alemania","2008","12132.00000"
"DEU","Alemania","2009","12145.00000"
"DEU","Alemania","2010","12045.00000"
"DEU","Alemania","2011","12075.00000"
"DEU","Alemania","2012","12034.00000"
"DEU","Alemania","2013","12076.00000"
"DEU","Alemania","2014","12072.00000"
"DEU","Alemania","2015","12051.00000"
"DEU","Alemania","2016","11963.00000"
"DEU","Alemania","2017","11971.00000"
"DEU","Alemania","2018","11930.00000"
"DEU","Alemania","2019","11913.00000"
"DEU","Alemania","2020","11862.00000"
"DEU","Alemania","2021","11860.00000"
"DEU","Alemania","2022","11860.00000"
"DEU","Alemania","2023","11881.00000"
"DEU","Alemania","2024","11855.00000"
"DJI","Djibouti","1961","1.00000"
"DJI","Djibouti","1962","1.00000"
"DJI","Djibouti","1963","1.00000"
"DJI","Djibouti","1964","1.00000"
"DJI","Djibouti","1965","1.00000"
"DJI","Djibouti","1966","1.00000"
"DJI","Djibouti","1967","1.00000"
"DJI","Djibouti","1968","1.00000"
"DJI","Djibouti","1969","1.00000"
"DJI","Djibouti","1970","1.00000"
"DJI","Djibouti","1971","1.00000"
"DJI","Djibouti","1972","1.00000"
"DJI","Djibouti","1973","1.00000"
"DJI","Djibouti","1974","1.00000"
"DJI","Djibouti","1975","1.00000"
"DJI","Djibouti","1976","1.00000"
"DJI","Djibouti","1977","1.00000"
"DJI","Djibouti","1978","1.00000"
"DJI","Djibouti","1979","1.00000"
"DJI","Djibouti","1980","1.00000"
"DJI","Djibouti","1981","1.00000"
"DJI","Djibouti","1982","1.00000"
"DJI","Djibouti","1983","1.00000"
"DJI","Djibouti","1984","1.00000"
"DJI","Djibouti","1985","1.00000"
"DJI","Djibouti","1986","1.00000"
"DJI","Djibouti","1987","1.00000"
"DJI","Djibouti","1988","1.00000"
"DJI","Djibouti","1989","1.00000"
"DJI","Djibouti","1990","1.00000"
"DJI","Djibouti","1991","1.41000"
"DJI","Djibouti","1992","1.43000"
"DJI","Djibouti","1993","1.46000"
"DJI","Djibouti","1994","1.49000"
"DJI","Djibouti","1995","1.54000"
"DJI","Djibouti","1996","1.55000"
"DJI","Djibouti","1997","1.55000"
"DJI","Djibouti","1998","1.57000"
"DJI","Djibouti","1999","1.58000"
"DJI","Djibouti","2000","1.59000"
"DJI","Djibouti","2001","1.60000"
"DJI","Djibouti","2002","1.60000"
"DJI","Djibouti","2003","1.64000"
"DJI","Djibouti","2004","1.62000"
"DJI","Djibouti","2005","1.65000"
"DJI","Djibouti","2006","1.96000"
"DJI","Djibouti","2007","2.12000"
"DJI","Djibouti","2008","1.87000"
"DJI","Djibouti","2009","1.94000"
"DJI","Djibouti","2010","2.29000"
"DJI","Djibouti","2011","2.45000"
"DJI","Djibouti","2012","2.60000"
"DJI","Djibouti","2013","2.76000"
"DJI","Djibouti","2014","2.92000"
"DJI","Djibouti","2015","3.08000"
"DJI","Djibouti","2016","3.24000"
"DJI","Djibouti","2017","3.40000"
"DJI","Djibouti","2018","3.55000"
"DJI","Djibouti","2019","3.71000"
"DJI","Djibouti","2020","3.85000"
"DJI","Djibouti","2021","4.01000"
"DJI","Djibouti","2022","4.17000"
"DJI","Djibouti","2023","4.34000"
"DJI","Djibouti","2024","4.49000"
"DMA","Dominica","1961","15.00000"
"DMA","Dominica","1962","16.00000"
"DMA","Dominica","1963","16.00000"
"DMA","Dominica","1964","16.00000"
"DMA","Dominica","1965","16.00000"
"DMA","Dominica","1966","17.00000"
"DMA","Dominica","1967","17.00000"
"DMA","Dominica","1968","17.00000"
"DMA","Dominica","1969","17.00000"
"DMA","Dominica","1970","17.00000"
"DMA","Dominica","1971","17.00000"
"DMA","Dominica","1972","17.00000"
"DMA","Dominica","1973","17.00000"
"DMA","Dominica","1974","17.00000"
"DMA","Dominica","1975","17.00000"
"DMA","Dominica","1976","17.00000"
"DMA","Dominica","1977","17.00000"
"DMA","Dominica","1978","17.00000"
"DMA","Dominica","1979","17.00000"
"DMA","Dominica","1980","17.00000"
"DMA","Dominica","1981","17.00000"
"DMA","Dominica","1982","17.00000"
"DMA","Dominica","1983","17.00000"
"DMA","Dominica","1984","17.00000"
"DMA","Dominica","1985","17.00000"
"DMA","Dominica","1986","17.00000"
"DMA","Dominica","1987","17.00000"
"DMA","Dominica","1988","16.00000"
"DMA","Dominica","1989","16.00000"
"DMA","Dominica","1990","16.00000"
"DMA","Dominica","1991","16.00000"
"DMA","Dominica","1992","16.00000"
"DMA","Dominica","1993","16.00000"
"DMA","Dominica","1994","16.00000"
"DMA","Dominica","1995","15.00000"
"DMA","Dominica","1996","15.00000"
"DMA","Dominica","1997","15.00000"
"DMA","Dominica","1998","15.00000"
"DMA","Dominica","1999","17.00000"
"DMA","Dominica","2000","19.00000"
"DMA","Dominica","2001","20.00000"
"DMA","Dominica","2002","20.00000"
"DMA","Dominica","2003","20.00000"
"DMA","Dominica","2004","20.00000"
"DMA","Dominica","2005","20.00000"
"DMA","Dominica","2006","20.00000"
"DMA","Dominica","2007","20.00000"
"DMA","Dominica","2008","20.00000"
"DMA","Dominica","2009","20.50000"
"DMA","Dominica","2010","22.50000"
"DMA","Dominica","2011","22.50000"
"DMA","Dominica","2012","22.50000"
"DMA","Dominica","2013","22.50000"
"DMA","Dominica","2014","22.50000"
"DMA","Dominica","2015","22.50000"
"DMA","Dominica","2016","22.50000"
"DMA","Dominica","2017","22.50000"
"DMA","Dominica","2018","22.50000"
"DMA","Dominica","2019","22.50000"
"DMA","Dominica","2020","22.50000"
"DMA","Dominica","2021","22.50000"
"DMA","Dominica","2022","22.50000"
"DMA","Dominica","2023","22.50000"
"DMA","Dominica","2024","22.50000"
"DNK","Dinamarca","1961","2817.00000"
"DNK","Dinamarca","1962","2783.00000"
"DNK","Dinamarca","1963","2756.00000"
"DNK","Dinamarca","1964","2740.00000"
"DNK","Dinamarca","1965","2708.00000"
"DNK","Dinamarca","1966","2701.00000"
"DNK","Dinamarca","1967","2700.00000"
"DNK","Dinamarca","1968","2709.00000"
"DNK","Dinamarca","1969","2693.00000"
"DNK","Dinamarca","1970","2676.00000"
"DNK","Dinamarca","1971","2662.00000"
"DNK","Dinamarca","1972","2666.00000"
"DNK","Dinamarca","1973","2668.00000"
"DNK","Dinamarca","1974","2655.00000"
"DNK","Dinamarca","1975","2660.00000"
"DNK","Dinamarca","1976","2667.00000"
"DNK","Dinamarca","1977","2648.00000"
"DNK","Dinamarca","1978","2653.00000"
"DNK","Dinamarca","1979","2656.00000"
"DNK","Dinamarca","1980","2653.00000"
"DNK","Dinamarca","1981","2651.00000"
"DNK","Dinamarca","1982","2644.00000"
"DNK","Dinamarca","1983","2610.00000"
"DNK","Dinamarca","1984","2627.00000"
"DNK","Dinamarca","1985","2614.00000"
"DNK","Dinamarca","1986","2604.00000"
"DNK","Dinamarca","1987","2588.00000"
"DNK","Dinamarca","1988","2570.00000"
"DNK","Dinamarca","1989","2555.00000"
"DNK","Dinamarca","1990","2571.00000"
"DNK","Dinamarca","1991","2558.00000"
"DNK","Dinamarca","1992","2548.00000"
"DNK","Dinamarca","1993","2542.00000"
"DNK","Dinamarca","1994","2374.00000"
"DNK","Dinamarca","1995","2328.00000"
"DNK","Dinamarca","1996","2331.00000"
"DNK","Dinamarca","1997","2373.00000"
"DNK","Dinamarca","1998","2374.00000"
"DNK","Dinamarca","1999","2302.00000"
"DNK","Dinamarca","2000","2289.00000"
"DNK","Dinamarca","2001","2300.00000"
"DNK","Dinamarca","2002","2283.00000"
"DNK","Dinamarca","2003","2274.00000"
"DNK","Dinamarca","2004","2276.00000"
"DNK","Dinamarca","2005","2339.00000"
"DNK","Dinamarca","2006","2353.00000"
"DNK","Dinamarca","2007","2313.00000"
"DNK","Dinamarca","2008","2407.00000"
"DNK","Dinamarca","2009","2437.00000"
"DNK","Dinamarca","2010","2426.00000"
"DNK","Dinamarca","2011","2503.00000"
"DNK","Dinamarca","2012","2424.00000"
"DNK","Dinamarca","2013","2433.00000"
"DNK","Dinamarca","2014","2459.63100"
"DNK","Dinamarca","2015","2378.89900"
"DNK","Dinamarca","2016","2399.50000"
"DNK","Dinamarca","2017","2396.60000"
"DNK","Dinamarca","2018","2419.80000"
"DNK","Dinamarca","2019","2419.27800"
"DNK","Dinamarca","2020","2397.58200"
"DNK","Dinamarca","2021","2384.00000"
"DNK","Dinamarca","2022","2391.00000"
"DNK","Dinamarca","2023","2395.00000"
"DNK","Dinamarca","2024","2383.00000"
"DOM","Rep. Dominicana","1961","990.00000"
"DOM","Rep. Dominicana","1962","1005.00000"
"DOM","Rep. Dominicana","1963","1020.00000"
"DOM","Rep. Dominicana","1964","1035.00000"
"DOM","Rep. Dominicana","1965","1050.00000"
"DOM","Rep. Dominicana","1966","1065.00000"
"DOM","Rep. Dominicana","1967","1080.00000"
"DOM","Rep. Dominicana","1968","1090.00000"
"DOM","Rep. Dominicana","1969","1130.00000"
"DOM","Rep. Dominicana","1970","1135.00000"
"DOM","Rep. Dominicana","1971","1144.00000"
"DOM","Rep. Dominicana","1972","1170.00000"
"DOM","Rep. Dominicana","1973","1205.00000"
"DOM","Rep. Dominicana","1974","1225.00000"
"DOM","Rep. Dominicana","1975","1255.00000"
"DOM","Rep. Dominicana","1976","1310.00000"
"DOM","Rep. Dominicana","1977","1340.00000"
"DOM","Rep. Dominicana","1978","1365.00000"
"DOM","Rep. Dominicana","1979","1390.00000"
"DOM","Rep. Dominicana","1980","1420.00000"
"DOM","Rep. Dominicana","1981","1425.00000"
"DOM","Rep. Dominicana","1982","1430.00000"
"DOM","Rep. Dominicana","1983","1430.00000"
"DOM","Rep. Dominicana","1984","1430.00000"
"DOM","Rep. Dominicana","1985","1430.00000"
"DOM","Rep. Dominicana","1986","1437.00000"
"DOM","Rep. Dominicana","1987","1437.00000"
"DOM","Rep. Dominicana","1988","1437.00000"
"DOM","Rep. Dominicana","1989","1427.08000"
"DOM","Rep. Dominicana","1990","1417.17000"
"DOM","Rep. Dominicana","1991","1407.25000"
"DOM","Rep. Dominicana","1992","1397.33000"
"DOM","Rep. Dominicana","1993","1387.42000"
"DOM","Rep. Dominicana","1994","1377.50000"
"DOM","Rep. Dominicana","1995","1367.58000"
"DOM","Rep. Dominicana","1996","1357.67000"
"DOM","Rep. Dominicana","1997","1347.75000"
"DOM","Rep. Dominicana","1998","1337.83000"
"DOM","Rep. Dominicana","1999","1327.92000"
"DOM","Rep. Dominicana","2000","1318.00000"
"DOM","Rep. Dominicana","2001","1318.00000"
"DOM","Rep. Dominicana","2002","1318.00000"
"DOM","Rep. Dominicana","2003","1184.32000"
"DOM","Rep. Dominicana","2004","1151.49000"
"DOM","Rep. Dominicana","2005","1174.85000"
"DOM","Rep. Dominicana","2006","1160.42000"
"DOM","Rep. Dominicana","2007","1188.67000"
"DOM","Rep. Dominicana","2008","1146.73000"
"DOM","Rep. Dominicana","2009","1202.40000"
"DOM","Rep. Dominicana","2010","1184.73000"
"DOM","Rep. Dominicana","2011","1207.77000"
"DOM","Rep. Dominicana","2012","1189.47000"
"DOM","Rep. Dominicana","2013","1191.83000"
"DOM","Rep. Dominicana","2014","1165.47000"
"DOM","Rep. Dominicana","2015","1139.83000"
"DOM","Rep. Dominicana","2016","1174.61000"
"DOM","Rep. Dominicana","2017","1191.60000"
"DOM","Rep. Dominicana","2018","1239.78000"
"DOM","Rep. Dominicana","2019","1226.92000"
"DOM","Rep. Dominicana","2020","1194.02000"
"DOM","Rep. Dominicana","2021","1194.72000"
"DOM","Rep. Dominicana","2022","1245.06000"
"DOM","Rep. Dominicana","2023","1281.75000"
"DOM","Rep. Dominicana","2024","1332.54000"
"DZA","Argelia","1961","7066.00000"
"DZA","Argelia","1962","6900.00000"
"DZA","Argelia","1963","6810.00000"
"DZA","Argelia","1964","6753.00000"
"DZA","Argelia","1965","6784.00000"
"DZA","Argelia","1966","6784.00000"
"DZA","Argelia","1967","6866.00000"
"DZA","Argelia","1968","6787.00000"
"DZA","Argelia","1969","6787.00000"
"DZA","Argelia","1970","6800.00000"
"DZA","Argelia","1971","6981.00000"
"DZA","Argelia","1972","7111.00000"
"DZA","Argelia","1973","7135.00000"
"DZA","Argelia","1974","7167.00000"
"DZA","Argelia","1975","7495.00000"
"DZA","Argelia","1976","7746.00000"
"DZA","Argelia","1977","7542.00000"
"DZA","Argelia","1978","7542.00000"
"DZA","Argelia","1979","7497.00000"
"DZA","Argelia","1980","7509.00000"
"DZA","Argelia","1981","7510.00000"
"DZA","Argelia","1982","7509.00000"
"DZA","Argelia","1983","7231.00000"
"DZA","Argelia","1984","7510.00000"
"DZA","Argelia","1985","7511.00000"
"DZA","Argelia","1986","7533.00000"
"DZA","Argelia","1987","7624.00000"
"DZA","Argelia","1988","7642.00000"
"DZA","Argelia","1989","7673.00000"
"DZA","Argelia","1990","7635.00000"
"DZA","Argelia","1991","7806.00000"
"DZA","Argelia","1992","8094.00000"
"DZA","Argelia","1993","8064.00000"
"DZA","Argelia","1994","8006.00000"
"DZA","Argelia","1995","8029.00000"
"DZA","Argelia","1996","8040.00000"
"DZA","Argelia","1997","8159.00000"
"DZA","Argelia","1998","8174.00000"
"DZA","Argelia","1999","8192.00000"
"DZA","Argelia","2000","8192.00000"
"DZA","Argelia","2001","8163.00000"
"DZA","Argelia","2002","8206.00000"
"DZA","Argelia","2003","8244.70000"
"DZA","Argelia","2004","8296.00000"
"DZA","Argelia","2005","8363.00000"
"DZA","Argelia","2006","8378.00000"
"DZA","Argelia","2007","8390.00000"
"DZA","Argelia","2008","8400.00000"
"DZA","Argelia","2009","8399.00000"
"DZA","Argelia","2010","8411.00000"
"DZA","Argelia","2011","8421.00000"
"DZA","Argelia","2012","8430.50000"
"DZA","Argelia","2013","8435.20000"
"DZA","Argelia","2014","8439.20000"
"DZA","Argelia","2015","8462.40000"
"DZA","Argelia","2016","8417.60000"
"DZA","Argelia","2017","8483.42610"
"DZA","Argelia","2018","8496.70000"
"DZA","Argelia","2019","8510.00000"
"DZA","Argelia","2020","8481.81000"
"DZA","Argelia","2021","8470.96000"
"DZA","Argelia","2022","8512.48000"
"DZA","Argelia","2023","8537.51000"
"DZA","Argelia","2024","8513.20000"
"ECU","Ecuador","1961","2510.00000"
"ECU","Ecuador","1962","2510.00000"
"ECU","Ecuador","1963","2520.00000"
"ECU","Ecuador","1964","2520.00000"
"ECU","Ecuador","1965","2530.00000"
"ECU","Ecuador","1966","2530.00000"
"ECU","Ecuador","1967","2540.00000"
"ECU","Ecuador","1968","2535.00000"
"ECU","Ecuador","1969","2545.00000"
"ECU","Ecuador","1970","2555.00000"
"ECU","Ecuador","1971","2565.00000"
"ECU","Ecuador","1972","2575.00000"
"ECU","Ecuador","1973","2585.00000"
"ECU","Ecuador","1974","2609.00000"
"ECU","Ecuador","1975","2585.00000"
"ECU","Ecuador","1976","2555.00000"
"ECU","Ecuador","1977","2535.00000"
"ECU","Ecuador","1978","2505.00000"
"ECU","Ecuador","1979","2490.00000"
"ECU","Ecuador","1980","2462.00000"
"ECU","Ecuador","1981","2542.00000"
"ECU","Ecuador","1982","2540.00000"
"ECU","Ecuador","1983","2595.00000"
"ECU","Ecuador","1984","2655.00000"
"ECU","Ecuador","1985","2720.00000"
"ECU","Ecuador","1986","2780.00000"
"ECU","Ecuador","1987","2836.00000"
"ECU","Ecuador","1988","2852.00000"
"ECU","Ecuador","1989","2853.00000"
"ECU","Ecuador","1990","2925.00000"
"ECU","Ecuador","1991","2995.00000"
"ECU","Ecuador","1992","3020.00000"
"ECU","Ecuador","1993","2974.00000"
"ECU","Ecuador","1994","3036.00000"
"ECU","Ecuador","1995","3001.00000"
"ECU","Ecuador","1996","2991.00000"
"ECU","Ecuador","1997","3004.00000"
"ECU","Ecuador","1998","3004.00000"
"ECU","Ecuador","1999","2980.00000"
"ECU","Ecuador","2000","2979.00000"
"ECU","Ecuador","2001","2789.50000"
"ECU","Ecuador","2002","2600.00000"
"ECU","Ecuador","2003","2487.00000"
"ECU","Ecuador","2004","2523.00000"
"ECU","Ecuador","2005","2510.00000"
"ECU","Ecuador","2006","2446.00000"
"ECU","Ecuador","2007","2415.00000"
"ECU","Ecuador","2008","2500.00000"
"ECU","Ecuador","2009","2548.40000"
"ECU","Ecuador","2010","2577.80000"
"ECU","Ecuador","2011","2535.20000"
"ECU","Ecuador","2012","2530.90000"
"ECU","Ecuador","2013","2663.00000"
"ECU","Ecuador","2014","2387.00000"
"ECU","Ecuador","2015","2551.00000"
"ECU","Ecuador","2016","2415.00000"
"ECU","Ecuador","2017","2464.00000"
"ECU","Ecuador","2018","2354.00000"
"ECU","Ecuador","2019","2429.00000"
"ECU","Ecuador","2020","2481.00000"
"ECU","Ecuador","2021","2448.00000"
"ECU","Ecuador","2022","2340.00000"
"ECU","Ecuador","2023","2409.00000"
"ECU","Ecuador","2024","2275.04570"
"EGY","Egipto","1961","2568.00000"
"EGY","Egipto","1962","2505.00000"
"EGY","Egipto","1963","2490.00000"
"EGY","Egipto","1964","2506.00000"
"EGY","Egipto","1965","2672.00000"
"EGY","Egipto","1966","2780.00000"
"EGY","Egipto","1967","2801.00000"
"EGY","Egipto","1968","2801.00000"
"EGY","Egipto","1969","2835.00000"
"EGY","Egipto","1970","2843.00000"
"EGY","Egipto","1971","2852.00000"
"EGY","Egipto","1972","2855.00000"
"EGY","Egipto","1973","2855.00000"
"EGY","Egipto","1974","2843.00000"
"EGY","Egipto","1975","2825.00000"
"EGY","Egipto","1976","2730.00000"
"EGY","Egipto","1977","2635.00000"
"EGY","Egipto","1978","2540.00000"
"EGY","Egipto","1979","2447.00000"
"EGY","Egipto","1980","2445.00000"
"EGY","Egipto","1981","2468.00000"
"EGY","Egipto","1982","2445.24000"
"EGY","Egipto","1983","2434.74000"
"EGY","Egipto","1984","2458.26000"
"EGY","Egipto","1985","2497.00000"
"EGY","Egipto","1986","2567.00000"
"EGY","Egipto","1987","2547.00000"
"EGY","Egipto","1988","2581.00000"
"EGY","Egipto","1989","2571.00000"
"EGY","Egipto","1990","2648.00000"
"EGY","Egipto","1991","2643.00000"
"EGY","Egipto","1992","2996.28000"
"EGY","Egipto","1993","3015.18000"
"EGY","Egipto","1994","3012.66000"
"EGY","Egipto","1995","3283.00000"
"EGY","Egipto","1996","3176.46000"
"EGY","Egipto","1997","3244.92000"
"EGY","Egipto","1998","3259.62000"
"EGY","Egipto","1999","3483.00000"
"EGY","Egipto","2000","3291.00000"
"EGY","Egipto","2001","3338.00000"
"EGY","Egipto","2002","3424.00000"
"EGY","Egipto","2003","3409.00000"
"EGY","Egipto","2004","3478.00000"
"EGY","Egipto","2005","3523.00000"
"EGY","Egipto","2006","3533.00000"
"EGY","Egipto","2007","3538.00000"
"EGY","Egipto","2008","3542.00000"
"EGY","Egipto","2009","3689.00000"
"EGY","Egipto","2010","3671.00000"
"EGY","Egipto","2011","3620.00000"
"EGY","Egipto","2012","3696.00000"
"EGY","Egipto","2013","3730.97000"
"EGY","Egipto","2014","3715.19000"
"EGY","Egipto","2015","3789.87710"
"EGY","Egipto","2016","3733.76540"
"EGY","Egipto","2017","3836.96880"
"EGY","Egipto","2018","3863.00000"
"EGY","Egipto","2019","3922.00000"
"EGY","Egipto","2020","3971.00000"
"EGY","Egipto","2021","4032.00000"
"EGY","Egipto","2022","4059.00000"
"EGY","Egipto","2023","4118.00000"
"EGY","Egipto","2024","4229.00000"
"ERI","Eritrea","1993","499.53000"
"ERI","Eritrea","1994","439.00000"
"ERI","Eritrea","1995","440.00000"
"ERI","Eritrea","1996","371.00000"
"ERI","Eritrea","1997","393.00000"
"ERI","Eritrea","1998","500.00000"
"ERI","Eritrea","1999","499.76000"
"ERI","Eritrea","2000","561.80000"
"ERI","Eritrea","2001","563.88000"
"ERI","Eritrea","2002","564.08000"
"ERI","Eritrea","2003","598.96000"
"ERI","Eritrea","2004","599.94000"
"ERI","Eritrea","2005","621.91000"
"ERI","Eritrea","2006","671.96000"
"ERI","Eritrea","2007","671.87000"
"ERI","Eritrea","2008","671.74000"
"ERI","Eritrea","2009","691.65000"
"ERI","Eritrea","2010","691.57000"
"ERI","Eritrea","2011","691.50000"
"ERI","Eritrea","2012","691.38000"
"ERI","Eritrea","2013","691.36000"
"ERI","Eritrea","2014","691.33000"
"ERI","Eritrea","2015","691.34000"
"ERI","Eritrea","2016","691.35000"
"ERI","Eritrea","2017","691.34000"
"ERI","Eritrea","2018","691.34000"
"ERI","Eritrea","2019","691.38000"
"ERI","Eritrea","2020","691.36000"
"ERI","Eritrea","2021","691.36000"
"ERI","Eritrea","2022","691.37000"
"ERI","Eritrea","2023","691.36000"
"ERI","Eritrea","2024","691.36000"
"ESH","Sáhara Occidental","1969","1.00000"
"ESH","Sáhara Occidental","1970","2.00000"
"ESH","Sáhara Occidental","1971","2.00000"
"ESH","Sáhara Occidental","1972","2.00000"
"ESH","Sáhara Occidental","1973","2.00000"
"ESH","Sáhara Occidental","1974","2.00000"
"ESH","Sáhara Occidental","1975","2.00000"
"ESH","Sáhara Occidental","1976","2.00000"
"ESH","Sáhara Occidental","1977","2.00000"
"ESH","Sáhara Occidental","1978","2.00000"
"ESH","Sáhara Occidental","1979","2.00000"
"ESH","Sáhara Occidental","1980","2.00000"
"ESH","Sáhara Occidental","1981","2.00000"
"ESH","Sáhara Occidental","1982","2.00000"
"ESH","Sáhara Occidental","1983","3.00000"
"ESH","Sáhara Occidental","1984","3.00000"
"ESH","Sáhara Occidental","1985","3.00000"
"ESH","Sáhara Occidental","1986","3.00000"
"ESH","Sáhara Occidental","1987","3.00000"
"ESH","Sáhara Occidental","1988","3.00000"
"ESH","Sáhara Occidental","1989","3.00000"
"ESH","Sáhara Occidental","1990","4.00000"
"ESH","Sáhara Occidental","1991","4.00000"
"ESH","Sáhara Occidental","1992","4.00000"
"ESH","Sáhara Occidental","1993","4.00000"
"ESH","Sáhara Occidental","1994","4.00000"
"ESH","Sáhara Occidental","1995","4.00000"
"ESH","Sáhara Occidental","1996","4.00000"
"ESH","Sáhara Occidental","1997","4.00000"
"ESH","Sáhara Occidental","1998","4.00000"
"ESH","Sáhara Occidental","1999","4.00000"
"ESH","Sáhara Occidental","2000","4.00000"
"ESH","Sáhara Occidental","2001","4.00000"
"ESH","Sáhara Occidental","2002","4.00000"
"ESH","Sáhara Occidental","2003","4.00000"
"ESH","Sáhara Occidental","2004","4.00000"
"ESH","Sáhara Occidental","2005","4.00000"
"ESH","Sáhara Occidental","2006","4.00000"
"ESH","Sáhara Occidental","2007","4.00000"
"ESH","Sáhara Occidental","2008","4.00000"
"ESH","Sáhara Occidental","2009","4.00000"
"ESH","Sáhara Occidental","2010","4.00000"
"ESH","Sáhara Occidental","2011","4.00000"
"ESH","Sáhara Occidental","2012","4.00000"
"ESH","Sáhara Occidental","2013","4.00000"
"ESH","Sáhara Occidental","2014","4.00000"
"ESH","Sáhara Occidental","2015","4.00000"
"ESH","Sáhara Occidental","2016","4.00000"
"ESH","Sáhara Occidental","2017","4.00000"
"ESH","Sáhara Occidental","2018","4.00000"
"ESH","Sáhara Occidental","2019","4.00000"
"ESH","Sáhara Occidental","2020","4.00000"
"ESH","Sáhara Occidental","2021","4.00000"
"ESH","Sáhara Occidental","2022","4.00000"
"ESH","Sáhara Occidental","2023","4.00000"
"ESH","Sáhara Occidental","2024","4.00000"
"ESP","España","1961","20730.00000"
"ESP","España","1962","20832.00000"
"ESP","España","1963","20837.00000"
"ESP","España","1964","20553.00000"
"ESP","España","1965","20594.00000"
"ESP","España","1966","20156.00000"
"ESP","España","1967","20482.00000"
"ESP","España","1968","20359.00000"
"ESP","España","1969","20827.00000"
"ESP","España","1970","20519.00000"
"ESP","España","1971","21184.00000"
"ESP","España","1972","21168.00000"
"ESP","España","1973","20979.00000"
"ESP","España","1974","20885.00000"
"ESP","España","1975","20833.00000"
"ESP","España","1976","20659.00000"
"ESP","España","1977","20604.00000"
"ESP","España","1978","20578.00000"
"ESP","España","1979","20528.00000"
"ESP","España","1980","20499.00000"
"ESP","España","1981","20488.00000"
"ESP","España","1982","20487.00000"
"ESP","España","1983","20508.00000"
"ESP","España","1984","20512.00000"
"ESP","España","1985","20416.00000"
"ESP","España","1986","20420.00000"
"ESP","España","1987","20390.00000"
"ESP","España","1988","20368.00000"
"ESP","España","1989","20324.00000"
"ESP","España","1990","20172.00000"
"ESP","España","1991","20089.00000"
"ESP","España","1992","19947.00000"
"ESP","España","1993","19657.00000"
"ESP","España","1994","19496.00000"
"ESP","España","1995","18753.00000"
"ESP","España","1996","19144.00000"
"ESP","España","1997","19059.00000"
"ESP","España","1998","18516.00000"
"ESP","España","1999","18328.00000"
"ESP","España","2000","18304.00000"
"ESP","España","2001","18044.00000"
"ESP","España","2002","17886.00000"
"ESP","España","2003","17981.00000"
"ESP","España","2004","17957.00000"
"ESP","España","2005","17844.00000"
"ESP","España","2006","17578.00000"
"ESP","España","2007","17396.00000"
"ESP","España","2008","17272.00000"
"ESP","España","2009","17216.00000"
"ESP","España","2010","17221.00000"
"ESP","España","2011","16992.00000"
"ESP","España","2012","17539.00000"
"ESP","España","2013","17133.00000"
"ESP","España","2014","17188.00000"
"ESP","España","2015","17187.89000"
"ESP","España","2016","17033.01000"
"ESP","España","2017","16985.16700"
"ESP","España","2018","16770.36390"
"ESP","España","2019","16759.80660"
"ESP","España","2020","16646.39510"
"ESP","España","2021","16609.81640"
"ESP","España","2022","16777.52130"
"ESP","España","2023","16606.51200"
"ESP","España","2024","16480.64860"
"EST","Estonia","1992","1127.00000"
"EST","Estonia","1993","1077.00000"
"EST","Estonia","1994","961.00000"
"EST","Estonia","1995","886.00000"
"EST","Estonia","1996","896.00000"
"EST","Estonia","1997","900.00000"
"EST","Estonia","1998","899.00000"
"EST","Estonia","1999","871.00000"
"EST","Estonia","2000","855.00000"
"EST","Estonia","2001","696.00000"
"EST","Estonia","2002","631.20000"
"EST","Estonia","2003","560.70000"
"EST","Estonia","2004","534.10000"
"EST","Estonia","2005","602.90000"
"EST","Estonia","2006","568.00000"
"EST","Estonia","2007","607.60000"
"EST","Estonia","2008","605.80000"
"EST","Estonia","2009","604.50000"
"EST","Estonia","2010","652.10000"
"EST","Estonia","2011","639.40000"
"EST","Estonia","2012","627.30000"
"EST","Estonia","2013","641.00000"
"EST","Estonia","2014","657.00000"
"EST","Estonia","2015","678.00000"
"EST","Estonia","2016","699.00000"
"EST","Estonia","2017","686.00000"
"EST","Estonia","2018","690.00000"
"EST","Estonia","2019","697.00000"
"EST","Estonia","2020","699.00000"
"EST","Estonia","2021","705.00000"
"EST","Estonia","2022","712.00000"
"EST","Estonia","2023","715.00000"
"EST","Estonia","2024","709.00000"
"ETH","Etiopía","1993","10540.00000"
"ETH","Etiopía","1994","10472.00000"
"ETH","Etiopía","1995","10475.25000"
"ETH","Etiopía","1996","10478.50000"
"ETH","Etiopía","1997","10481.75000"
"ETH","Etiopía","1998","10485.00000"
"ETH","Etiopía","1999","10488.25000"
"ETH","Etiopía","2000","10491.50000"
"ETH","Etiopía","2001","10494.75000"
"ETH","Etiopía","2002","10498.00000"
"ETH","Etiopía","2003","11607.00000"
"ETH","Etiopía","2004","13101.00000"
"ETH","Etiopía","2005","13591.00000"
"ETH","Etiopía","2006","14219.00000"
"ETH","Etiopía","2007","15077.00000"
"ETH","Etiopía","2008","14513.00000"
"ETH","Etiopía","2009","14985.00000"
"ETH","Etiopía","2010","15683.00000"
"ETH","Etiopía","2011","16325.20000"
"ETH","Etiopía","2012","16488.00000"
"ETH","Etiopía","2013","16698.42000"
"ETH","Etiopía","2014","16908.84000"
"ETH","Etiopía","2015","17119.26000"
"ETH","Etiopía","2016","17329.68000"
"ETH","Etiopía","2017","17540.10000"
"ETH","Etiopía","2018","17903.00000"
"ETH","Etiopía","2019","18190.00000"
"ETH","Etiopía","2020","18476.10000"
"ETH","Etiopía","2021","18770.34000"
"ETH","Etiopía","2022","18456.93000"
"ETH","Etiopía","2023","18456.93000"
"ETH","Etiopía","2024","18456.93000"
"FIN","Finlandia","1961","2665.70000"
"FIN","Finlandia","1962","2680.10000"
"FIN","Finlandia","1963","2696.50000"
"FIN","Finlandia","1964","2710.60000"
"FIN","Finlandia","1965","2721.50000"
"FIN","Finlandia","1966","2734.40000"
"FIN","Finlandia","1967","2743.40000"
"FIN","Finlandia","1968","2746.10000"
"FIN","Finlandia","1969","2612.50000"
"FIN","Finlandia","1970","2574.20000"
"FIN","Finlandia","1971","2553.70000"
"FIN","Finlandia","1972","2463.70000"
"FIN","Finlandia","1973","2435.10000"
"FIN","Finlandia","1974","2447.40000"
"FIN","Finlandia","1975","2453.80000"
"FIN","Finlandia","1976","2463.90000"
"FIN","Finlandia","1977","2420.60000"
"FIN","Finlandia","1978","2412.10000"
"FIN","Finlandia","1979","2401.50000"
"FIN","Finlandia","1980","2372.00000"
"FIN","Finlandia","1981","2355.70000"
"FIN","Finlandia","1982","2327.70000"
"FIN","Finlandia","1983","2314.40000"
"FIN","Finlandia","1984","2292.70000"
"FIN","Finlandia","1985","2276.40000"
"FIN","Finlandia","1986","2261.40000"
"FIN","Finlandia","1987","2281.00000"
"FIN","Finlandia","1988","2248.20000"
"FIN","Finlandia","1989","2262.80000"
"FIN","Finlandia","1990","2271.00000"
"FIN","Finlandia","1991","2301.80000"
"FIN","Finlandia","1992","2286.50000"
"FIN","Finlandia","1993","2277.70000"
"FIN","Finlandia","1994","2301.90000"
"FIN","Finlandia","1995","2146.00000"
"FIN","Finlandia","1996","2126.00000"
"FIN","Finlandia","1997","2128.70000"
"FIN","Finlandia","1998","2170.40000"
"FIN","Finlandia","1999","2180.40000"
"FIN","Finlandia","2000","2192.00000"
"FIN","Finlandia","2001","2197.00000"
"FIN","Finlandia","2002","2209.00000"
"FIN","Finlandia","2003","2218.00000"
"FIN","Finlandia","2004","2225.00000"
"FIN","Finlandia","2005","2240.80000"
"FIN","Finlandia","2006","2264.80000"
"FIN","Finlandia","2007","2260.90000"
"FIN","Finlandia","2008","2263.40000"
"FIN","Finlandia","2009","2262.50000"
"FIN","Finlandia","2010","2258.90000"
"FIN","Finlandia","2011","2254.60000"
"FIN","Finlandia","2012","2253.10000"
"FIN","Finlandia","2013","2227.50000"
"FIN","Finlandia","2014","2234.10000"
"FIN","Finlandia","2015","2245.60000"
"FIN","Finlandia","2016","2249.00000"
"FIN","Finlandia","2017","2245.00000"
"FIN","Finlandia","2018","2248.00000"
"FIN","Finlandia","2019","2250.00000"
"FIN","Finlandia","2020","2248.00000"
"FIN","Finlandia","2021","2247.40000"
"FIN","Finlandia","2022","2246.60000"
"FIN","Finlandia","2023","2253.40000"
"FIN","Finlandia","2024","2245.60000"
"FJI","Fiji","1961","154.00000"
"FJI","Fiji","1962","154.00000"
"FJI","Fiji","1963","155.00000"
"FJI","Fiji","1964","155.00000"
"FJI","Fiji","1965","152.75000"
"FJI","Fiji","1966","150.50000"
"FJI","Fiji","1967","148.25000"
"FJI","Fiji","1968","146.00000"
"FJI","Fiji","1969","146.00000"
"FJI","Fiji","1970","146.00000"
"FJI","Fiji","1971","146.00000"
"FJI","Fiji","1972","150.00000"
"FJI","Fiji","1973","150.00000"
"FJI","Fiji","1974","150.00000"
"FJI","Fiji","1975","155.00000"
"FJI","Fiji","1976","160.00000"
"FJI","Fiji","1977","165.00000"
"FJI","Fiji","1978","170.00000"
"FJI","Fiji","1979","170.00000"
"FJI","Fiji","1980","170.00000"
"FJI","Fiji","1981","175.00000"
"FJI","Fiji","1982","180.00000"
"FJI","Fiji","1983","185.00000"
"FJI","Fiji","1984","190.00000"
"FJI","Fiji","1985","200.00000"
"FJI","Fiji","1986","200.00000"
"FJI","Fiji","1987","210.00000"
"FJI","Fiji","1988","220.00000"
"FJI","Fiji","1989","230.00000"
"FJI","Fiji","1990","240.00000"
"FJI","Fiji","1991","251.00000"
"FJI","Fiji","1992","247.12000"
"FJI","Fiji","1993","243.25000"
"FJI","Fiji","1994","239.37000"
"FJI","Fiji","1995","235.50000"
"FJI","Fiji","1996","231.62000"
"FJI","Fiji","1997","227.74000"
"FJI","Fiji","1998","223.87000"
"FJI","Fiji","1999","219.99000"
"FJI","Fiji","2000","216.12000"
"FJI","Fiji","2001","212.24000"
"FJI","Fiji","2002","208.37000"
"FJI","Fiji","2003","204.49000"
"FJI","Fiji","2004","200.61000"
"FJI","Fiji","2005","196.74000"
"FJI","Fiji","2006","192.86000"
"FJI","Fiji","2007","188.99000"
"FJI","Fiji","2008","185.11000"
"FJI","Fiji","2009","181.23000"
"FJI","Fiji","2010","177.36000"
"FJI","Fiji","2011","173.48000"
"FJI","Fiji","2012","169.61000"
"FJI","Fiji","2013","165.73000"
"FJI","Fiji","2014","161.86000"
"FJI","Fiji","2015","157.98000"
"FJI","Fiji","2016","154.10000"
"FJI","Fiji","2017","150.23000"
"FJI","Fiji","2018","146.35000"
"FJI","Fiji","2019","142.48000"
"FJI","Fiji","2020","138.60000"
"FJI","Fiji","2021","138.60000"
"FJI","Fiji","2022","138.60000"
"FJI","Fiji","2023","138.60000"
"FJI","Fiji","2024","138.60000"
"FRA","Francia","1961","21405.00000"
"FRA","Francia","1962","21320.00000"
"FRA","Francia","1963","21241.00000"
"FRA","Francia","1964","20828.00000"
"FRA","Francia","1965","20542.00000"
"FRA","Francia","1966","20214.00000"
"FRA","Francia","1967","19816.00000"
"FRA","Francia","1968","19303.00000"
"FRA","Francia","1969","19265.00000"
"FRA","Francia","1970","19101.00000"
"FRA","Francia","1971","18690.00000"
"FRA","Francia","1972","18632.00000"
"FRA","Francia","1973","18701.00000"
"FRA","Francia","1974","18887.00000"
"FRA","Francia","1975","18954.00000"
"FRA","Francia","1976","18737.00000"
"FRA","Francia","1977","18836.00000"
"FRA","Francia","1978","18975.00000"
"FRA","Francia","1979","18922.00000"
"FRA","Francia","1980","18872.00000"
"FRA","Francia","1981","18916.00000"
"FRA","Francia","1982","19023.00000"
"FRA","Francia","1983","19027.00000"
"FRA","Francia","1984","19145.00000"
"FRA","Francia","1985","19242.00000"
"FRA","Francia","1986","19302.00000"
"FRA","Francia","1987","19459.00000"
"FRA","Francia","1988","19051.00000"
"FRA","Francia","1989","18928.00000"
"FRA","Francia","1990","18993.50000"
"FRA","Francia","1991","19037.30000"
"FRA","Francia","1992","19051.50000"
"FRA","Francia","1993","19229.60000"
"FRA","Francia","1994","19284.30000"
"FRA","Francia","1995","19347.80000"
"FRA","Francia","1996","19367.90000"
"FRA","Francia","1997","19420.90000"
"FRA","Francia","1998","19462.00000"
"FRA","Francia","1999","19497.00000"
"FRA","Francia","2000","19495.10000"
"FRA","Francia","2001","19480.60000"
"FRA","Francia","2002","19499.80000"
"FRA","Francia","2003","19470.80000"
"FRA","Francia","2004","19478.80000"
"FRA","Francia","2005","19488.20000"
"FRA","Francia","2006","19435.60000"
"FRA","Francia","2007","19358.30000"
"FRA","Francia","2008","19320.00000"
"FRA","Francia","2009","19283.40000"
"FRA","Francia","2010","19311.80000"
"FRA","Francia","2011","19281.60000"
"FRA","Francia","2012","19285.50000"
"FRA","Francia","2013","19302.20000"
"FRA","Francia","2014","19328.30000"
"FRA","Francia","2015","19465.00000"
"FRA","Francia","2016","19348.03600"
"FRA","Francia","2017","19463.77500"
"FRA","Francia","2018","19132.20000"
"FRA","Francia","2019","18973.09910"
"FRA","Francia","2020","18021.58000"
"FRA","Francia","2021","18043.06790"
"FRA","Francia","2022","18014.12760"
"FRA","Francia","2023","17951.42600"
"FRA","Francia","2024","17897.83100"
"FRO","Islas Feroe","1961","0.06000"
"FRO","Islas Feroe","1962","0.06000"
"FRO","Islas Feroe","1963","0.06000"
"FRO","Islas Feroe","1964","0.06000"
"FRO","Islas Feroe","1965","0.06000"
"FRO","Islas Feroe","1966","0.06000"
"FRO","Islas Feroe","1967","0.06000"
"FRO","Islas Feroe","1968","0.06000"
"FRO","Islas Feroe","1969","0.06000"
"FRO","Islas Feroe","1970","0.06000"
"FRO","Islas Feroe","1971","0.06000"
"FRO","Islas Feroe","1972","0.06000"
"FRO","Islas Feroe","1973","0.06000"
"FRO","Islas Feroe","1974","0.06000"
"FRO","Islas Feroe","1975","0.06000"
"FRO","Islas Feroe","1976","0.06000"
"FRO","Islas Feroe","1977","0.06000"
"FRO","Islas Feroe","1978","0.06000"
"FRO","Islas Feroe","1979","0.06000"
"FRO","Islas Feroe","1980","0.06000"
"FRO","Islas Feroe","1981","0.06000"
"FRO","Islas Feroe","1982","0.06000"
"FRO","Islas Feroe","1983","0.06000"
"FRO","Islas Feroe","1984","0.06000"
"FRO","Islas Feroe","1985","0.06000"
"FRO","Islas Feroe","1986","0.06000"
"FRO","Islas Feroe","1987","0.06000"
"FRO","Islas Feroe","1988","0.06000"
"FRO","Islas Feroe","1989","0.06000"
"FRO","Islas Feroe","1990","0.06000"
"FRO","Islas Feroe","1991","0.06000"
"FRO","Islas Feroe","1992","0.06000"
"FRO","Islas Feroe","1993","0.06000"
"FRO","Islas Feroe","1994","0.06000"
"FRO","Islas Feroe","1995","0.06000"
"FRO","Islas Feroe","1996","0.06000"
"FRO","Islas Feroe","1997","0.06000"
"FRO","Islas Feroe","1998","0.06000"
"FRO","Islas Feroe","1999","0.06000"
"FRO","Islas Feroe","2000","0.06000"
"FRO","Islas Feroe","2001","0.06000"
"FRO","Islas Feroe","2002","0.06000"
"FRO","Islas Feroe","2003","0.06000"
"FRO","Islas Feroe","2004","0.06000"
"FRO","Islas Feroe","2005","0.06000"
"FRO","Islas Feroe","2006","0.06000"
"FRO","Islas Feroe","2007","0.06000"
"FRO","Islas Feroe","2008","0.06000"
"FRO","Islas Feroe","2009","0.06000"
"FRO","Islas Feroe","2010","0.06000"
"FRO","Islas Feroe","2011","0.06000"
"FRO","Islas Feroe","2012","0.06000"
"FRO","Islas Feroe","2013","0.06000"
"FRO","Islas Feroe","2014","0.06000"
"FRO","Islas Feroe","2015","0.06000"
"FRO","Islas Feroe","2016","0.07000"
"FRO","Islas Feroe","2017","0.07000"
"FRO","Islas Feroe","2018","0.07000"
"FRO","Islas Feroe","2019","0.07000"
"FRO","Islas Feroe","2020","0.07000"
"FRO","Islas Feroe","2021","0.07000"
"FRO","Islas Feroe","2022","0.07000"
"FRO","Islas Feroe","2023","0.07000"
"FRO","Islas Feroe","2024","0.07000"
"FSM","Micronesia","1991","2.89000"
"FSM","Micronesia","1992","2.89000"
"FSM","Micronesia","1993","2.89000"
"FSM","Micronesia","1994","2.89000"
"FSM","Micronesia","1995","2.89000"
"FSM","Micronesia","1996","2.89000"
"FSM","Micronesia","1997","2.89000"
"FSM","Micronesia","1998","2.89000"
"FSM","Micronesia","1999","2.89000"
"FSM","Micronesia","2000","2.89000"
"FSM","Micronesia","2001","2.89000"
"FSM","Micronesia","2002","2.89000"
"FSM","Micronesia","2003","2.88000"
"FSM","Micronesia","2004","2.88000"
"FSM","Micronesia","2005","2.86000"
"FSM","Micronesia","2006","2.84000"
"FSM","Micronesia","2007","2.83000"
"FSM","Micronesia","2008","2.76000"
"FSM","Micronesia","2009","2.71000"
"FSM","Micronesia","2010","2.66000"
"FSM","Micronesia","2011","2.59000"
"FSM","Micronesia","2012","2.59000"
"FSM","Micronesia","2013","2.54000"
"FSM","Micronesia","2014","2.48000"
"FSM","Micronesia","2015","2.49000"
"FSM","Micronesia","2016","2.46000"
"FSM","Micronesia","2017","2.48000"
"FSM","Micronesia","2018","2.46000"
"FSM","Micronesia","2019","2.43000"
"FSM","Micronesia","2020","2.41000"
"FSM","Micronesia","2021","2.40000"
"FSM","Micronesia","2022","2.39000"
"FSM","Micronesia","2023","2.40000"
"FSM","Micronesia","2024","2.40000"
"GAB","Gabón","1961","145.00000"
"GAB","Gabón","1962","160.00000"
"GAB","Gabón","1963","175.00000"
"GAB","Gabón","1964","190.00000"
"GAB","Gabón","1965","205.00000"
"GAB","Gabón","1966","220.00000"
"GAB","Gabón","1967","235.00000"
"GAB","Gabón","1968","250.00000"
"GAB","Gabón","1969","265.00000"
"GAB","Gabón","1970","280.00000"
"GAB","Gabón","1971","300.00000"
"GAB","Gabón","1972","315.00000"
"GAB","Gabón","1973","335.00000"
"GAB","Gabón","1974","350.00000"
"GAB","Gabón","1975","369.00000"
"GAB","Gabón","1976","404.00000"
"GAB","Gabón","1977","427.00000"
"GAB","Gabón","1978","449.00000"
"GAB","Gabón","1979","451.00000"
"GAB","Gabón","1980","453.00000"
"GAB","Gabón","1981","455.00000"
"GAB","Gabón","1982","457.00000"
"GAB","Gabón","1983","459.00000"
"GAB","Gabón","1984","461.00000"
"GAB","Gabón","1985","463.00000"
"GAB","Gabón","1986","465.00000"
"GAB","Gabón","1987","467.00000"
"GAB","Gabón","1988","469.00000"
"GAB","Gabón","1989","471.00000"
"GAB","Gabón","1990","473.00000"
"GAB","Gabón","1991","475.00000"
"GAB","Gabón","1992","480.00000"
"GAB","Gabón","1993","482.00000"
"GAB","Gabón","1994","484.00000"
"GAB","Gabón","1995","495.00000"
"GAB","Gabón","1996","495.00000"
"GAB","Gabón","1997","495.00000"
"GAB","Gabón","1998","495.00000"
"GAB","Gabón","1999","495.00000"
"GAB","Gabón","2000","495.00000"
"GAB","Gabón","2001","495.00000"
"GAB","Gabón","2002","495.00000"
"GAB","Gabón","2003","495.00000"
"GAB","Gabón","2004","495.00000"
"GAB","Gabón","2005","495.00000"
"GAB","Gabón","2006","495.00000"
"GAB","Gabón","2007","495.00000"
"GAB","Gabón","2008","495.00000"
"GAB","Gabón","2009","495.00000"
"GAB","Gabón","2010","495.00000"
"GAB","Gabón","2011","495.00000"
"GAB","Gabón","2012","495.00000"
"GAB","Gabón","2013","495.00000"
"GAB","Gabón","2014","495.00000"
"GAB","Gabón","2015","495.00000"
"GAB","Gabón","2016","495.00000"
"GAB","Gabón","2017","495.00000"
"GAB","Gabón","2018","495.00000"
"GAB","Gabón","2019","495.00000"
"GAB","Gabón","2020","495.00000"
"GAB","Gabón","2021","495.00000"
"GAB","Gabón","2022","495.00000"
"GAB","Gabón","2023","495.00000"
"GAB","Gabón","2024","495.00000"
"GBR","Reino Unido","1961","7295.00000"
"GBR","Reino Unido","1962","7351.00000"
"GBR","Reino Unido","1963","7399.00000"
"GBR","Reino Unido","1964","7468.00000"
"GBR","Reino Unido","1965","7448.00000"
"GBR","Reino Unido","1966","7432.00000"
"GBR","Reino Unido","1967","7416.00000"
"GBR","Reino Unido","1968","7382.00000"
"GBR","Reino Unido","1969","7261.00000"
"GBR","Reino Unido","1970","7199.00000"
"GBR","Reino Unido","1971","7226.00000"
"GBR","Reino Unido","1972","7220.00000"
"GBR","Reino Unido","1973","7164.00000"
"GBR","Reino Unido","1974","7154.00000"
"GBR","Reino Unido","1975","6954.00000"
"GBR","Reino Unido","1976","6975.00000"
"GBR","Reino Unido","1977","7000.00000"
"GBR","Reino Unido","1978","7014.00000"
"GBR","Reino Unido","1979","6909.00000"
"GBR","Reino Unido","1980","6996.00000"
"GBR","Reino Unido","1981","6982.00000"
"GBR","Reino Unido","1982","6986.00000"
"GBR","Reino Unido","1983","6970.00000"
"GBR","Reino Unido","1984","6990.00000"
"GBR","Reino Unido","1985","7061.00000"
"GBR","Reino Unido","1986","7008.00000"
"GBR","Reino Unido","1987","7003.00000"
"GBR","Reino Unido","1988","6954.00000"
"GBR","Reino Unido","1989","6770.00000"
"GBR","Reino Unido","1990","6686.00000"
"GBR","Reino Unido","1991","6633.00000"
"GBR","Reino Unido","1992","6618.00000"
"GBR","Reino Unido","1993","6152.00000"
"GBR","Reino Unido","1994","5972.00000"
"GBR","Reino Unido","1995","5993.00000"
"GBR","Reino Unido","1996","6154.00000"
"GBR","Reino Unido","1997","6425.00000"
"GBR","Reino Unido","1998","6306.00000"
"GBR","Reino Unido","1999","5968.00000"
"GBR","Reino Unido","2000","5928.00000"
"GBR","Reino Unido","2001","5702.00000"
"GBR","Reino Unido","2002","5836.00000"
"GBR","Reino Unido","2003","5708.00000"
"GBR","Reino Unido","2004","5868.00000"
"GBR","Reino Unido","2005","5776.00000"
"GBR","Reino Unido","2006","6139.00000"
"GBR","Reino Unido","2007","6131.00000"
"GBR","Reino Unido","2008","6051.00000"
"GBR","Reino Unido","2009","6092.00000"
"GBR","Reino Unido","2010","6016.00000"
"GBR","Reino Unido","2011","6107.00000"
"GBR","Reino Unido","2012","6258.00000"
"GBR","Reino Unido","2013","6310.30000"
"GBR","Reino Unido","2014","6278.30000"
"GBR","Reino Unido","2015","6060.00000"
"GBR","Reino Unido","2016","6072.65280"
"GBR","Reino Unido","2017","6130.58640"
"GBR","Reino Unido","2018","6083.95300"
"GBR","Reino Unido","2019","6131.54230"
"GBR","Reino Unido","2020","6023.59610"
"GBR","Reino Unido","2021","6055.81890"
"GBR","Reino Unido","2022","6084.27080"
"GBR","Reino Unido","2023","6086.18330"
"GBR","Reino Unido","2024","6167.46690"
"GEO","Georgia","1992","1129.00000"
"GEO","Georgia","1993","1128.00000"
"GEO","Georgia","1994","1127.00000"
"GEO","Georgia","1995","1078.00000"
"GEO","Georgia","1996","1066.00000"
"GEO","Georgia","1997","1063.00000"
"GEO","Georgia","1998","1062.00000"
"GEO","Georgia","1999","1060.00000"
"GEO","Georgia","2000","1062.00000"
"GEO","Georgia","2001","1063.00000"
"GEO","Georgia","2002","1064.00000"
"GEO","Georgia","2003","1066.00000"
"GEO","Georgia","2004","552.00000"
"GEO","Georgia","2005","565.00000"
"GEO","Georgia","2006","578.00000"
"GEO","Georgia","2007","577.00000"
"GEO","Georgia","2008","574.00000"
"GEO","Georgia","2009","547.17000"
"GEO","Georgia","2010","508.33000"
"GEO","Georgia","2011","489.90000"
"GEO","Georgia","2012","481.67000"
"GEO","Georgia","2013","526.53000"
"GEO","Georgia","2014","475.00000"
"GEO","Georgia","2015","481.30000"
"GEO","Georgia","2016","461.20000"
"GEO","Georgia","2017","436.13000"
"GEO","Georgia","2018","419.87000"
"GEO","Georgia","2019","416.50000"
"GEO","Georgia","2020","428.90000"
"GEO","Georgia","2021","431.77000"
"GEO","Georgia","2022","437.50000"
"GEO","Georgia","2023","420.30000"
"GEO","Georgia","2024","402.38000"
"GHA","Ghana","1961","3300.00000"
"GHA","Ghana","1962","3300.00000"
"GHA","Ghana","1963","3300.00000"
"GHA","Ghana","1964","3300.00000"
"GHA","Ghana","1965","3300.00000"
"GHA","Ghana","1966","3300.00000"
"GHA","Ghana","1967","3300.00000"
"GHA","Ghana","1968","3300.00000"
"GHA","Ghana","1969","3300.00000"
"GHA","Ghana","1970","3300.00000"
"GHA","Ghana","1971","3300.00000"
"GHA","Ghana","1972","3300.00000"
"GHA","Ghana","1973","3300.00000"
"GHA","Ghana","1974","3300.00000"
"GHA","Ghana","1975","3400.00000"
"GHA","Ghana","1976","3400.00000"
"GHA","Ghana","1977","3400.00000"
"GHA","Ghana","1978","3500.00000"
"GHA","Ghana","1979","3500.00000"
"GHA","Ghana","1980","3500.00000"
"GHA","Ghana","1981","3500.00000"
"GHA","Ghana","1982","3692.00000"
"GHA","Ghana","1983","3684.00000"
"GHA","Ghana","1984","3876.00000"
"GHA","Ghana","1985","3968.00000"
"GHA","Ghana","1986","3960.00000"
"GHA","Ghana","1987","4052.00000"
"GHA","Ghana","1988","4144.00000"
"GHA","Ghana","1989","4136.00000"
"GHA","Ghana","1990","4228.00000"
"GHA","Ghana","1991","4320.00000"
"GHA","Ghana","1992","4320.00000"
"GHA","Ghana","1993","4400.00000"
"GHA","Ghana","1994","4500.00000"
"GHA","Ghana","1995","4700.00000"
"GHA","Ghana","1996","4900.00000"
"GHA","Ghana","1997","5300.00000"
"GHA","Ghana","1998","5392.07000"
"GHA","Ghana","1999","5484.13000"
"GHA","Ghana","2000","5576.20000"
"GHA","Ghana","2001","5668.26000"
"GHA","Ghana","2002","5760.33000"
"GHA","Ghana","2003","5852.39000"
"GHA","Ghana","2004","5944.46000"
"GHA","Ghana","2005","6036.52000"
"GHA","Ghana","2006","6128.59000"
"GHA","Ghana","2007","6220.65000"
"GHA","Ghana","2008","6312.72000"
"GHA","Ghana","2009","6404.78000"
"GHA","Ghana","2010","6496.85000"
"GHA","Ghana","2011","6588.91000"
"GHA","Ghana","2012","6680.98000"
"GHA","Ghana","2013","6773.04000"
"GHA","Ghana","2014","6865.11000"
"GHA","Ghana","2015","6957.17000"
"GHA","Ghana","2016","7049.24000"
"GHA","Ghana","2017","7141.30000"
"GHA","Ghana","2018","7233.37000"
"GHA","Ghana","2019","7325.43000"
"GHA","Ghana","2020","7417.50000"
"GHA","Ghana","2021","7417.50000"
"GHA","Ghana","2022","7417.50000"
"GHA","Ghana","2023","7417.50000"
"GHA","Ghana","2024","7417.50000"
"GIN","Guinea","1961","3158.00000"
"GIN","Guinea","1962","3154.00000"
"GIN","Guinea","1963","3144.00000"
"GIN","Guinea","1964","3141.00000"
"GIN","Guinea","1965","3142.50000"
"GIN","Guinea","1966","3154.00000"
"GIN","Guinea","1967","3159.80000"
"GIN","Guinea","1968","3158.60000"
"GIN","Guinea","1969","3145.30000"
"GIN","Guinea","1970","3145.75000"
"GIN","Guinea","1971","3159.25000"
"GIN","Guinea","1972","3164.25000"
"GIN","Guinea","1973","3164.97000"
"GIN","Guinea","1974","3161.09000"
"GIN","Guinea","1975","3162.22000"
"GIN","Guinea","1976","3173.00000"
"GIN","Guinea","1977","3167.85000"
"GIN","Guinea","1978","3164.29000"
"GIN","Guinea","1979","3185.53000"
"GIN","Guinea","1980","3186.14000"
"GIN","Guinea","1981","3184.31000"
"GIN","Guinea","1982","3181.84000"
"GIN","Guinea","1983","3192.57000"
"GIN","Guinea","1984","3201.42000"
"GIN","Guinea","1985","3214.87000"
"GIN","Guinea","1986","3184.80000"
"GIN","Guinea","1987","3185.30000"
"GIN","Guinea","1988","3237.85000"
"GIN","Guinea","1989","3229.12000"
"GIN","Guinea","1990","3263.11000"
"GIN","Guinea","1991","3281.63000"
"GIN","Guinea","1992","3321.10000"
"GIN","Guinea","1993","3330.61000"
"GIN","Guinea","1994","3353.85000"
"GIN","Guinea","1995","3343.68000"
"GIN","Guinea","1996","3354.61000"
"GIN","Guinea","1997","3356.25000"
"GIN","Guinea","1998","3366.63000"
"GIN","Guinea","1999","3361.86000"
"GIN","Guinea","2000","3365.06000"
"GIN","Guinea","2001","3363.50000"
"GIN","Guinea","2002","3397.62000"
"GIN","Guinea","2003","3413.63000"
"GIN","Guinea","2004","3417.94000"
"GIN","Guinea","2005","3429.42000"
"GIN","Guinea","2006","3511.50000"
"GIN","Guinea","2007","3612.08000"
"GIN","Guinea","2008","3736.64000"
"GIN","Guinea","2009","3595.92000"
"GIN","Guinea","2010","4273.53000"
"GIN","Guinea","2011","4317.09000"
"GIN","Guinea","2012","4726.61000"
"GIN","Guinea","2013","4784.96000"
"GIN","Guinea","2014","5169.02000"
"GIN","Guinea","2015","5905.50000"
"GIN","Guinea","2016","6027.61000"
"GIN","Guinea","2017","6217.59000"
"GIN","Guinea","2018","6418.04000"
"GIN","Guinea","2019","6195.13000"
"GIN","Guinea","2020","6246.28000"
"GIN","Guinea","2021","6602.68000"
"GIN","Guinea","2022","6966.76000"
"GIN","Guinea","2023","7268.06000"
"GIN","Guinea","2024","7292.62000"
"GLP","Guadalupe","1961","44.00000"
"GLP","Guadalupe","1962","44.00000"
"GLP","Guadalupe","1963","44.00000"
"GLP","Guadalupe","1964","44.00000"
"GLP","Guadalupe","1965","44.00000"
"GLP","Guadalupe","1966","44.00000"
"GLP","Guadalupe","1967","44.00000"
"GLP","Guadalupe","1968","44.00000"
"GLP","Guadalupe","1969","44.00000"
"GLP","Guadalupe","1970","46.00000"
"GLP","Guadalupe","1971","46.00000"
"GLP","Guadalupe","1972","46.00000"
"GLP","Guadalupe","1973","44.00000"
"GLP","Guadalupe","1974","38.00000"
"GLP","Guadalupe","1975","38.00000"
"GLP","Guadalupe","1976","39.00000"
"GLP","Guadalupe","1977","39.00000"
"GLP","Guadalupe","1978","39.00000"
"GLP","Guadalupe","1979","38.00000"
"GLP","Guadalupe","1980","38.00000"
"GLP","Guadalupe","1981","37.00000"
"GLP","Guadalupe","1982","34.00000"
"GLP","Guadalupe","1983","32.00000"
"GLP","Guadalupe","1984","32.00000"
"GLP","Guadalupe","1985","31.00000"
"GLP","Guadalupe","1986","31.00000"
"GLP","Guadalupe","1987","30.00000"
"GLP","Guadalupe","1988","29.00000"
"GLP","Guadalupe","1989","31.00000"
"GLP","Guadalupe","1990","29.00000"
"GLP","Guadalupe","1991","30.00000"
"GLP","Guadalupe","1992","30.00000"
"GLP","Guadalupe","1993","30.00000"
"GLP","Guadalupe","1994","28.00000"
"GLP","Guadalupe","1995","28.00000"
"GLP","Guadalupe","1996","25.00000"
"GLP","Guadalupe","1997","25.00000"
"GLP","Guadalupe","1998","26.00000"
"GLP","Guadalupe","1999","25.00000"
"GLP","Guadalupe","2000","25.00000"
"GLP","Guadalupe","2001","25.00000"
"GLP","Guadalupe","2002","25.00000"
"GLP","Guadalupe","2003","25.00000"
"GLP","Guadalupe","2004","24.00000"
"GLP","Guadalupe","2005","23.00000"
"GLP","Guadalupe","2006","24.00000"
"GLP","Guadalupe","2007","25.10000"
"GLP","Guadalupe","2008","25.00000"
"GLP","Guadalupe","2009","24.70000"
"GLP","Guadalupe","2010","22.39100"
"GLP","Guadalupe","2011","20.49500"
"GLP","Guadalupe","2012","21.45700"
"GLP","Guadalupe","2013","20.00300"
"GLP","Guadalupe","2014","22.50100"
"GLP","Guadalupe","2015","22.77900"
"GLP","Guadalupe","2016","22.42100"
"GLP","Guadalupe","2017","22.31400"
"GLP","Guadalupe","2018","21.99200"
"GLP","Guadalupe","2019","22.13700"
"GLP","Guadalupe","2020","21.67500"
"GLP","Guadalupe","2021","22.83100"
"GLP","Guadalupe","2022","22.70100"
"GLP","Guadalupe","2023","22.36700"
"GLP","Guadalupe","2024","21.61400"
"GMB","Gambia","1961","123.50000"
"GMB","Gambia","1962","124.50000"
"GMB","Gambia","1963","125.50000"
"GMB","Gambia","1964","126.50000"
"GMB","Gambia","1965","128.00000"
"GMB","Gambia","1966","129.00000"
"GMB","Gambia","1967","131.00000"
"GMB","Gambia","1968","131.00000"
"GMB","Gambia","1969","133.00000"
"GMB","Gambia","1970","133.00000"
"GMB","Gambia","1971","136.00000"
"GMB","Gambia","1972","141.00000"
"GMB","Gambia","1973","146.00000"
"GMB","Gambia","1974","173.50000"
"GMB","Gambia","1975","167.50000"
"GMB","Gambia","1976","167.00000"
"GMB","Gambia","1977","174.00000"
"GMB","Gambia","1978","180.50000"
"GMB","Gambia","1979","169.50000"
"GMB","Gambia","1980","162.80000"
"GMB","Gambia","1981","184.80000"
"GMB","Gambia","1982","205.50000"
"GMB","Gambia","1983","186.50000"
"GMB","Gambia","1984","172.50000"
"GMB","Gambia","1985","173.25000"
"GMB","Gambia","1986","181.28000"
"GMB","Gambia","1987","188.30000"
"GMB","Gambia","1988","203.30000"
"GMB","Gambia","1989","185.30000"
"GMB","Gambia","1990","191.22000"
"GMB","Gambia","1991","200.52000"
"GMB","Gambia","1992","166.55000"
"GMB","Gambia","1993","165.59000"
"GMB","Gambia","1994","184.60000"
"GMB","Gambia","1995","189.59000"
"GMB","Gambia","1996","199.53000"
"GMB","Gambia","1997","209.36000"
"GMB","Gambia","1998","219.21000"
"GMB","Gambia","1999","229.08000"
"GMB","Gambia","2000","238.90000"
"GMB","Gambia","2001","248.74000"
"GMB","Gambia","2002","258.59000"
"GMB","Gambia","2003","268.46000"
"GMB","Gambia","2004","278.31000"
"GMB","Gambia","2005","288.17000"
"GMB","Gambia","2006","298.06000"
"GMB","Gambia","2007","308.00000"
"GMB","Gambia","2008","379.13000"
"GMB","Gambia","2009","435.48000"
"GMB","Gambia","2010","457.70000"
"GMB","Gambia","2011","456.84000"
"GMB","Gambia","2012","461.91000"
"GMB","Gambia","2013","468.06000"
"GMB","Gambia","2014","473.57000"
"GMB","Gambia","2015","479.16000"
"GMB","Gambia","2016","484.84000"
"GMB","Gambia","2017","490.80000"
"GMB","Gambia","2018","513.17000"
"GMB","Gambia","2019","535.55000"
"GMB","Gambia","2020","558.64000"
"GMB","Gambia","2021","581.58000"
"GMB","Gambia","2022","605.13000"
"GMB","Gambia","2023","613.27000"
"GMB","Gambia","2024","614.41000"
"GNB","Guinea-Bissau","1961","278.00000"
"GNB","Guinea-Bissau","1962","278.00000"
"GNB","Guinea-Bissau","1963","278.00000"
"GNB","Guinea-Bissau","1964","278.00000"
"GNB","Guinea-Bissau","1965","278.00000"
"GNB","Guinea-Bissau","1966","278.00000"
"GNB","Guinea-Bissau","1967","288.00000"
"GNB","Guinea-Bissau","1968","288.00000"
"GNB","Guinea-Bissau","1969","288.00000"
"GNB","Guinea-Bissau","1970","288.00000"
"GNB","Guinea-Bissau","1971","288.00000"
"GNB","Guinea-Bissau","1972","288.00000"
"GNB","Guinea-Bissau","1973","293.00000"
"GNB","Guinea-Bissau","1974","298.00000"
"GNB","Guinea-Bissau","1975","298.00000"
"GNB","Guinea-Bissau","1976","298.00000"
"GNB","Guinea-Bissau","1977","299.00000"
"GNB","Guinea-Bissau","1978","299.00000"
"GNB","Guinea-Bissau","1979","300.00000"
"GNB","Guinea-Bissau","1980","303.00000"
"GNB","Guinea-Bissau","1981","310.00000"
"GNB","Guinea-Bissau","1982","323.00000"
"GNB","Guinea-Bissau","1983","333.00000"
"GNB","Guinea-Bissau","1984","360.00000"
"GNB","Guinea-Bissau","1985","368.00000"
"GNB","Guinea-Bissau","1986","335.00000"
"GNB","Guinea-Bissau","1987","330.00000"
"GNB","Guinea-Bissau","1988","320.00000"
"GNB","Guinea-Bissau","1989","357.00000"
"GNB","Guinea-Bissau","1990","367.00000"
"GNB","Guinea-Bissau","1991","367.00000"
"GNB","Guinea-Bissau","1992","367.00000"
"GNB","Guinea-Bissau","1993","387.00000"
"GNB","Guinea-Bissau","1994","397.00000"
"GNB","Guinea-Bissau","1995","406.00000"
"GNB","Guinea-Bissau","1996","412.00000"
"GNB","Guinea-Bissau","1997","457.00000"
"GNB","Guinea-Bissau","1998","457.00000"
"GNB","Guinea-Bissau","1999","508.00000"
"GNB","Guinea-Bissau","2000","547.37000"
"GNB","Guinea-Bissau","2001","547.37000"
"GNB","Guinea-Bissau","2002","527.37000"
"GNB","Guinea-Bissau","2003","517.37000"
"GNB","Guinea-Bissau","2004","530.32000"
"GNB","Guinea-Bissau","2005","532.53000"
"GNB","Guinea-Bissau","2006","531.91000"
"GNB","Guinea-Bissau","2007","530.22000"
"GNB","Guinea-Bissau","2008","536.14000"
"GNB","Guinea-Bissau","2009","536.14000"
"GNB","Guinea-Bissau","2010","556.14000"
"GNB","Guinea-Bissau","2011","556.14000"
"GNB","Guinea-Bissau","2012","556.14000"
"GNB","Guinea-Bissau","2013","556.14000"
"GNB","Guinea-Bissau","2014","556.14000"
"GNB","Guinea-Bissau","2015","555.98000"
"GNB","Guinea-Bissau","2016","569.19000"
"GNB","Guinea-Bissau","2017","568.80000"
"GNB","Guinea-Bissau","2018","583.36000"
"GNB","Guinea-Bissau","2019","620.70000"
"GNB","Guinea-Bissau","2020","629.10000"
"GNB","Guinea-Bissau","2021","648.47000"
"GNB","Guinea-Bissau","2022","648.51000"
"GNB","Guinea-Bissau","2023","658.74000"
"GNB","Guinea-Bissau","2024","687.91000"
"GNQ","Guinea Ecuatorial","1961","144.00000"
"GNQ","Guinea Ecuatorial","1962","142.00000"
"GNQ","Guinea Ecuatorial","1963","141.00000"
"GNQ","Guinea Ecuatorial","1964","139.00000"
"GNQ","Guinea Ecuatorial","1965","138.00000"
"GNQ","Guinea Ecuatorial","1966","136.00000"
"GNQ","Guinea Ecuatorial","1967","135.00000"
"GNQ","Guinea Ecuatorial","1968","133.00000"
"GNQ","Guinea Ecuatorial","1969","132.00000"
"GNQ","Guinea Ecuatorial","1970","130.00000"
"GNQ","Guinea Ecuatorial","1971","129.00000"
"GNQ","Guinea Ecuatorial","1972","127.00000"
"GNQ","Guinea Ecuatorial","1973","126.00000"
"GNQ","Guinea Ecuatorial","1974","124.00000"
"GNQ","Guinea Ecuatorial","1975","123.00000"
"GNQ","Guinea Ecuatorial","1976","121.00000"
"GNQ","Guinea Ecuatorial","1977","120.00000"
"GNQ","Guinea Ecuatorial","1978","118.00000"
"GNQ","Guinea Ecuatorial","1979","117.00000"
"GNQ","Guinea Ecuatorial","1980","115.00000"
"GNQ","Guinea Ecuatorial","1981","114.00000"
"GNQ","Guinea Ecuatorial","1982","112.00000"
"GNQ","Guinea Ecuatorial","1983","111.00000"
"GNQ","Guinea Ecuatorial","1984","105.00000"
"GNQ","Guinea Ecuatorial","1985","105.00000"
"GNQ","Guinea Ecuatorial","1986","105.00000"
"GNQ","Guinea Ecuatorial","1987","105.00000"
"GNQ","Guinea Ecuatorial","1988","105.00000"
"GNQ","Guinea Ecuatorial","1989","105.00000"
"GNQ","Guinea Ecuatorial","1990","101.00000"
"GNQ","Guinea Ecuatorial","1991","101.00000"
"GNQ","Guinea Ecuatorial","1992","102.00000"
"GNQ","Guinea Ecuatorial","1993","100.00000"
"GNQ","Guinea Ecuatorial","1994","100.00000"
"GNQ","Guinea Ecuatorial","1995","100.00000"
"GNQ","Guinea Ecuatorial","1996","101.00000"
"GNQ","Guinea Ecuatorial","1997","102.00000"
"GNQ","Guinea Ecuatorial","1998","100.00000"
"GNQ","Guinea Ecuatorial","1999","100.00000"
"GNQ","Guinea Ecuatorial","2000","99.77000"
"GNQ","Guinea Ecuatorial","2001","99.77000"
"GNQ","Guinea Ecuatorial","2002","99.77000"
"GNQ","Guinea Ecuatorial","2003","99.77000"
"GNQ","Guinea Ecuatorial","2004","99.77000"
"GNQ","Guinea Ecuatorial","2005","99.77000"
"GNQ","Guinea Ecuatorial","2006","99.77000"
"GNQ","Guinea Ecuatorial","2007","99.77000"
"GNQ","Guinea Ecuatorial","2008","98.34000"
"GNQ","Guinea Ecuatorial","2009","97.64000"
"GNQ","Guinea Ecuatorial","2010","98.35000"
"GNQ","Guinea Ecuatorial","2011","95.54000"
"GNQ","Guinea Ecuatorial","2012","94.08000"
"GNQ","Guinea Ecuatorial","2013","94.13000"
"GNQ","Guinea Ecuatorial","2014","96.00000"
"GNQ","Guinea Ecuatorial","2015","96.63000"
"GNQ","Guinea Ecuatorial","2016","96.36000"
"GNQ","Guinea Ecuatorial","2017","96.57000"
"GNQ","Guinea Ecuatorial","2018","96.67000"
"GNQ","Guinea Ecuatorial","2019","96.02000"
"GNQ","Guinea Ecuatorial","2020","96.04000"
"GNQ","Guinea Ecuatorial","2021","91.95000"
"GNQ","Guinea Ecuatorial","2022","95.87000"
"GNQ","Guinea Ecuatorial","2023","90.92000"
"GNQ","Guinea Ecuatorial","2024","91.67000"
"GRC","Grecia","1961","3700.00000"
"GRC","Grecia","1962","3702.00000"
"GRC","Grecia","1963","3896.00000"
"GRC","Grecia","1964","3848.00000"
"GRC","Grecia","1965","3854.00000"
"GRC","Grecia","1966","3851.00000"
"GRC","Grecia","1967","3874.00000"
"GRC","Grecia","1968","3904.00000"
"GRC","Grecia","1969","3904.00000"
"GRC","Grecia","1970","3910.00000"
"GRC","Grecia","1971","3910.00000"
"GRC","Grecia","1972","3910.00000"
"GRC","Grecia","1973","3893.00000"
"GRC","Grecia","1974","3891.00000"
"GRC","Grecia","1975","3867.00000"
"GRC","Grecia","1976","3862.00000"
"GRC","Grecia","1977","3857.00000"
"GRC","Grecia","1978","3920.00000"
"GRC","Grecia","1979","3926.00000"
"GRC","Grecia","1980","3925.00000"
"GRC","Grecia","1981","3951.00000"
"GRC","Grecia","1982","3951.00000"
"GRC","Grecia","1983","3927.00000"
"GRC","Grecia","1984","3954.00000"
"GRC","Grecia","1985","3929.00000"
"GRC","Grecia","1986","3925.00000"
"GRC","Grecia","1987","3922.00000"
"GRC","Grecia","1988","3924.00000"
"GRC","Grecia","1989","3960.00000"
"GRC","Grecia","1990","3926.00000"
"GRC","Grecia","1991","3944.00000"
"GRC","Grecia","1992","3942.00000"
"GRC","Grecia","1993","3920.00000"
"GRC","Grecia","1994","3920.00000"
"GRC","Grecia","1995","3904.00000"
"GRC","Grecia","1996","3899.00000"
"GRC","Grecia","1997","3885.00000"
"GRC","Grecia","1998","3882.00000"
"GRC","Grecia","1999","3870.00000"
"GRC","Grecia","2000","3854.00000"
"GRC","Grecia","2001","3852.00000"
"GRC","Grecia","2002","3846.00000"
"GRC","Grecia","2003","3844.00000"
"GRC","Grecia","2004","3761.00000"
"GRC","Grecia","2005","3775.00000"
"GRC","Grecia","2006","3722.00000"
"GRC","Grecia","2007","3701.00000"
"GRC","Grecia","2008","3694.00000"
"GRC","Grecia","2009","3686.00000"
"GRC","Grecia","2010","3704.00000"
"GRC","Grecia","2011","3700.00000"
"GRC","Grecia","2012","3676.00000"
"GRC","Grecia","2013","3634.00000"
"GRC","Grecia","2014","3328.00000"
"GRC","Grecia","2015","3282.00000"
"GRC","Grecia","2016","3254.00000"
"GRC","Grecia","2017","3225.57510"
"GRC","Grecia","2018","3226.39960"
"GRC","Grecia","2019","3216.53830"
"GRC","Grecia","2020","2811.20300"
"GRC","Grecia","2021","2841.99630"
"GRC","Grecia","2022","2895.96630"
"GRC","Grecia","2023","2888.00410"
"GRC","Grecia","2024","2888.00000"
"GRD","Granada","1961","19.00000"
"GRD","Granada","1962","19.00000"
"GRD","Granada","1963","19.00000"
"GRD","Granada","1964","19.00000"
"GRD","Granada","1965","19.00000"
"GRD","Granada","1966","19.00000"
"GRD","Granada","1967","19.00000"
"GRD","Granada","1968","19.00000"
"GRD","Granada","1969","19.00000"
"GRD","Granada","1970","19.00000"
"GRD","Granada","1971","19.00000"
"GRD","Granada","1972","18.00000"
"GRD","Granada","1973","18.00000"
"GRD","Granada","1974","18.00000"
"GRD","Granada","1975","18.00000"
"GRD","Granada","1976","18.00000"
"GRD","Granada","1977","18.00000"
"GRD","Granada","1978","17.00000"
"GRD","Granada","1979","17.00000"
"GRD","Granada","1980","15.00000"
"GRD","Granada","1981","15.00000"
"GRD","Granada","1982","15.00000"
"GRD","Granada","1983","15.00000"
"GRD","Granada","1984","15.00000"
"GRD","Granada","1985","13.00000"
"GRD","Granada","1986","13.00000"
"GRD","Granada","1987","12.00000"
"GRD","Granada","1988","12.00000"
"GRD","Granada","1989","12.00000"
"GRD","Granada","1990","12.00000"
"GRD","Granada","1991","11.00000"
"GRD","Granada","1992","11.00000"
"GRD","Granada","1993","11.00000"
"GRD","Granada","1994","11.00000"
"GRD","Granada","1995","10.00000"
"GRD","Granada","1996","10.00000"
"GRD","Granada","1997","10.00000"
"GRD","Granada","1998","10.00000"
"GRD","Granada","1999","11.00000"
"GRD","Granada","2000","11.00000"
"GRD","Granada","2001","12.00000"
"GRD","Granada","2002","12.00000"
"GRD","Granada","2003","11.00000"
"GRD","Granada","2004","11.00000"
"GRD","Granada","2005","8.00000"
"GRD","Granada","2006","8.00000"
"GRD","Granada","2007","8.00000"
"GRD","Granada","2008","8.00000"
"GRD","Granada","2009","9.00000"
"GRD","Granada","2010","9.00000"
"GRD","Granada","2011","9.00000"
"GRD","Granada","2012","7.00000"
"GRD","Granada","2013","7.00000"
"GRD","Granada","2014","7.00000"
"GRD","Granada","2015","7.00000"
"GRD","Granada","2016","7.00000"
"GRD","Granada","2017","7.00000"
"GRD","Granada","2018","7.00000"
"GRD","Granada","2019","7.00000"
"GRD","Granada","2020","7.00000"
"GRD","Granada","2021","7.00000"
"GRD","Granada","2022","7.00000"
"GRD","Granada","2023","7.00000"
"GRD","Granada","2024","7.00000"
"GTM","Guatemala","1961","1536.00000"
"GTM","Guatemala","1962","1538.00000"
"GTM","Guatemala","1963","1540.00000"
"GTM","Guatemala","1964","1542.00000"
"GTM","Guatemala","1965","1544.00000"
"GTM","Guatemala","1966","1546.00000"
"GTM","Guatemala","1967","1558.00000"
"GTM","Guatemala","1968","1560.00000"
"GTM","Guatemala","1969","1552.00000"
"GTM","Guatemala","1970","1555.00000"
"GTM","Guatemala","1971","1557.00000"
"GTM","Guatemala","1972","1580.00000"
"GTM","Guatemala","1973","1613.00000"
"GTM","Guatemala","1974","1635.00000"
"GTM","Guatemala","1975","1638.00000"
"GTM","Guatemala","1976","1670.00000"
"GTM","Guatemala","1977","1723.00000"
"GTM","Guatemala","1978","1725.00000"
"GTM","Guatemala","1979","1726.00000"
"GTM","Guatemala","1980","1737.00000"
"GTM","Guatemala","1981","1748.00000"
"GTM","Guatemala","1982","1759.00000"
"GTM","Guatemala","1983","1770.00000"
"GTM","Guatemala","1984","1781.00000"
"GTM","Guatemala","1985","1792.00000"
"GTM","Guatemala","1986","1803.00000"
"GTM","Guatemala","1987","1814.00000"
"GTM","Guatemala","1988","1825.00000"
"GTM","Guatemala","1989","1836.00000"
"GTM","Guatemala","1990","1847.00000"
"GTM","Guatemala","1991","1858.00000"
"GTM","Guatemala","1992","1869.00000"
"GTM","Guatemala","1993","1880.00000"
"GTM","Guatemala","1994","1895.00000"
"GTM","Guatemala","1995","1910.00000"
"GTM","Guatemala","1996","1910.00000"
"GTM","Guatemala","1997","2003.43000"
"GTM","Guatemala","1998","2096.86000"
"GTM","Guatemala","1999","2190.29000"
"GTM","Guatemala","2000","2283.71000"
"GTM","Guatemala","2001","2377.14000"
"GTM","Guatemala","2002","2470.57000"
"GTM","Guatemala","2003","2564.00000"
"GTM","Guatemala","2004","2402.50000"
"GTM","Guatemala","2005","2241.00000"
"GTM","Guatemala","2006","2356.00000"
"GTM","Guatemala","2007","2507.00000"
"GTM","Guatemala","2008","2548.38000"
"GTM","Guatemala","2009","2550.69000"
"GTM","Guatemala","2010","2553.00000"
"GTM","Guatemala","2011","2555.32000"
"GTM","Guatemala","2012","2557.63000"
"GTM","Guatemala","2013","2559.94000"
"GTM","Guatemala","2014","2646.55000"
"GTM","Guatemala","2015","2850.37000"
"GTM","Guatemala","2016","2891.38000"
"GTM","Guatemala","2017","2932.39000"
"GTM","Guatemala","2018","2973.41000"
"GTM","Guatemala","2019","3014.42000"
"GTM","Guatemala","2020","3055.43000"
"GTM","Guatemala","2021","3058.93000"
"GTM","Guatemala","2022","3058.93000"
"GTM","Guatemala","2023","3058.93000"
"GTM","Guatemala","2024","3058.93000"
"GUF","Guayana Francesa","1961","3.00000"
"GUF","Guayana Francesa","1962","4.00000"
"GUF","Guayana Francesa","1963","3.00000"
"GUF","Guayana Francesa","1964","2.00000"
"GUF","Guayana Francesa","1965","2.00000"
"GUF","Guayana Francesa","1966","2.00000"
"GUF","Guayana Francesa","1967","2.00000"
"GUF","Guayana Francesa","1968","2.00000"
"GUF","Guayana Francesa","1969","2.00000"
"GUF","Guayana Francesa","1970","1.00000"
"GUF","Guayana Francesa","1971","2.00000"
"GUF","Guayana Francesa","1972","2.00000"
"GUF","Guayana Francesa","1973","2.00000"
"GUF","Guayana Francesa","1974","2.00000"
"GUF","Guayana Francesa","1975","3.00000"
"GUF","Guayana Francesa","1976","3.00000"
"GUF","Guayana Francesa","1977","3.00000"
"GUF","Guayana Francesa","1978","4.00000"
"GUF","Guayana Francesa","1979","4.00000"
"GUF","Guayana Francesa","1980","4.00000"
"GUF","Guayana Francesa","1981","4.00000"
"GUF","Guayana Francesa","1982","5.00000"
"GUF","Guayana Francesa","1983","5.00000"
"GUF","Guayana Francesa","1984","5.00000"
"GUF","Guayana Francesa","1985","5.00000"
"GUF","Guayana Francesa","1986","6.00000"
"GUF","Guayana Francesa","1987","6.00000"
"GUF","Guayana Francesa","1988","8.00000"
"GUF","Guayana Francesa","1989","11.00000"
"GUF","Guayana Francesa","1990","12.00000"
"GUF","Guayana Francesa","1991","12.00000"
"GUF","Guayana Francesa","1992","12.00000"
"GUF","Guayana Francesa","1993","13.00000"
"GUF","Guayana Francesa","1994","13.00000"
"GUF","Guayana Francesa","1995","13.00000"
"GUF","Guayana Francesa","1996","13.00000"
"GUF","Guayana Francesa","1997","13.00000"
"GUF","Guayana Francesa","1998","13.00000"
"GUF","Guayana Francesa","1999","12.00000"
"GUF","Guayana Francesa","2000","16.00000"
"GUF","Guayana Francesa","2001","16.00000"
"GUF","Guayana Francesa","2002","16.00000"
"GUF","Guayana Francesa","2003","16.00000"
"GUF","Guayana Francesa","2004","16.00000"
"GUF","Guayana Francesa","2005","16.00000"
"GUF","Guayana Francesa","2006","16.60000"
"GUF","Guayana Francesa","2007","15.30000"
"GUF","Guayana Francesa","2008","15.10000"
"GUF","Guayana Francesa","2009","15.20000"
"GUF","Guayana Francesa","2010","14.90800"
"GUF","Guayana Francesa","2011","14.15000"
"GUF","Guayana Francesa","2012","14.61100"
"GUF","Guayana Francesa","2013","15.52300"
"GUF","Guayana Francesa","2014","15.82700"
"GUF","Guayana Francesa","2015","15.58000"
"GUF","Guayana Francesa","2016","14.87300"
"GUF","Guayana Francesa","2017","14.45800"
"GUF","Guayana Francesa","2018","13.09900"
"GUF","Guayana Francesa","2019","12.60200"
"GUF","Guayana Francesa","2020","16.38300"
"GUF","Guayana Francesa","2021","15.66700"
"GUF","Guayana Francesa","2022","15.84000"
"GUF","Guayana Francesa","2023","16.43500"
"GUF","Guayana Francesa","2024","17.36700"
"GUM","Guam","1961","8.00000"
"GUM","Guam","1962","8.00000"
"GUM","Guam","1963","9.00000"
"GUM","Guam","1964","9.00000"
"GUM","Guam","1965","9.00000"
"GUM","Guam","1966","9.00000"
"GUM","Guam","1967","9.00000"
"GUM","Guam","1968","9.00000"
"GUM","Guam","1969","9.00000"
"GUM","Guam","1970","9.00000"
"GUM","Guam","1971","9.00000"
"GUM","Guam","1972","9.00000"
"GUM","Guam","1973","9.00000"
"GUM","Guam","1974","9.00000"
"GUM","Guam","1975","9.00000"
"GUM","Guam","1976","9.00000"
"GUM","Guam","1977","9.00000"
"GUM","Guam","1978","9.00000"
"GUM","Guam","1979","10.00000"
"GUM","Guam","1980","10.00000"
"GUM","Guam","1981","12.00000"
"GUM","Guam","1982","12.00000"
"GUM","Guam","1983","12.00000"
"GUM","Guam","1984","12.00000"
"GUM","Guam","1985","12.00000"
"GUM","Guam","1986","12.00000"
"GUM","Guam","1987","12.00000"
"GUM","Guam","1988","12.00000"
"GUM","Guam","1989","12.00000"
"GUM","Guam","1990","12.00000"
"GUM","Guam","1991","12.00000"
"GUM","Guam","1992","12.00000"
"GUM","Guam","1993","12.00000"
"GUM","Guam","1994","12.00000"
"GUM","Guam","1995","12.00000"
"GUM","Guam","1996","12.00000"
"GUM","Guam","1997","12.00000"
"GUM","Guam","1998","12.00000"
"GUM","Guam","1999","12.00000"
"GUM","Guam","2000","12.00000"
"GUM","Guam","2001","12.00000"
"GUM","Guam","2002","12.00000"
"GUM","Guam","2003","12.00000"
"GUM","Guam","2004","12.00000"
"GUM","Guam","2005","12.00000"
"GUM","Guam","2006","12.00000"
"GUM","Guam","2007","11.00000"
"GUM","Guam","2008","11.00000"
"GUM","Guam","2009","10.00000"
"GUM","Guam","2010","10.00000"
"GUM","Guam","2011","10.00000"
"GUM","Guam","2012","10.00000"
"GUM","Guam","2013","10.00000"
"GUM","Guam","2014","10.00000"
"GUM","Guam","2015","9.00000"
"GUM","Guam","2016","9.00000"
"GUM","Guam","2017","9.00000"
"GUM","Guam","2018","8.00000"
"GUM","Guam","2019","8.00000"
"GUM","Guam","2020","8.00000"
"GUM","Guam","2021","8.00000"
"GUM","Guam","2022","8.00000"
"GUM","Guam","2023","8.00000"
"GUM","Guam","2024","8.00000"
"GUY","Guyana","1961","105.28000"
"GUY","Guyana","1962","105.28000"
"GUY","Guyana","1963","105.28000"
"GUY","Guyana","1964","105.28000"
"GUY","Guyana","1965","105.28000"
"GUY","Guyana","1966","105.28000"
"GUY","Guyana","1967","105.28000"
"GUY","Guyana","1968","107.28000"
"GUY","Guyana","1969","107.28000"
"GUY","Guyana","1970","107.28000"
"GUY","Guyana","1971","107.28000"
"GUY","Guyana","1972","110.28000"
"GUY","Guyana","1973","110.28000"
"GUY","Guyana","1974","110.28000"
"GUY","Guyana","1975","110.28000"
"GUY","Guyana","1976","110.28000"
"GUY","Guyana","1977","110.28000"
"GUY","Guyana","1978","110.28000"
"GUY","Guyana","1979","110.28000"
"GUY","Guyana","1980","110.28000"
"GUY","Guyana","1981","110.28000"
"GUY","Guyana","1982","110.28000"
"GUY","Guyana","1983","110.28000"
"GUY","Guyana","1984","113.28000"
"GUY","Guyana","1985","113.28000"
"GUY","Guyana","1986","115.28000"
"GUY","Guyana","1987","115.28000"
"GUY","Guyana","1988","115.28000"
"GUY","Guyana","1989","117.28000"
"GUY","Guyana","1990","117.28000"
"GUY","Guyana","1991","117.28000"
"GUY","Guyana","1992","117.28000"
"GUY","Guyana","1993","117.28000"
"GUY","Guyana","1994","117.28000"
"GUY","Guyana","1995","119.28000"
"GUY","Guyana","1996","120.28000"
"GUY","Guyana","1997","120.28000"
"GUY","Guyana","1998","120.28000"
"GUY","Guyana","1999","120.28000"
"GUY","Guyana","2000","121.28000"
"GUY","Guyana","2001","124.94000"
"GUY","Guyana","2002","121.63000"
"GUY","Guyana","2003","122.14000"
"GUY","Guyana","2004","120.71000"
"GUY","Guyana","2005","122.62000"
"GUY","Guyana","2006","122.62000"
"GUY","Guyana","2007","122.02000"
"GUY","Guyana","2008","123.20000"
"GUY","Guyana","2009","123.69000"
"GUY","Guyana","2010","123.69000"
"GUY","Guyana","2011","123.69000"
"GUY","Guyana","2012","123.69000"
"GUY","Guyana","2013","123.69000"
"GUY","Guyana","2014","123.69000"
"GUY","Guyana","2015","123.69000"
"GUY","Guyana","2016","123.69000"
"GUY","Guyana","2017","123.69000"
"GUY","Guyana","2018","124.65000"
"GUY","Guyana","2019","125.53000"
"GUY","Guyana","2020","126.41000"
"GUY","Guyana","2021","127.29000"
"GUY","Guyana","2022","128.17000"
"GUY","Guyana","2023","126.00000"
"GUY","Guyana","2024","126.00000"
"HKG","Hong Kong","1961","14.00000"
"HKG","Hong Kong","1962","14.00000"
"HKG","Hong Kong","1963","14.00000"
"HKG","Hong Kong","1964","13.00000"
"HKG","Hong Kong","1965","13.00000"
"HKG","Hong Kong","1966","13.00000"
"HKG","Hong Kong","1967","13.00000"
"HKG","Hong Kong","1968","13.00000"
"HKG","Hong Kong","1969","13.00000"
"HKG","Hong Kong","1970","13.00000"
"HKG","Hong Kong","1971","12.00000"
"HKG","Hong Kong","1972","12.00000"
"HKG","Hong Kong","1973","12.00000"
"HKG","Hong Kong","1974","12.00000"
"HKG","Hong Kong","1975","10.00000"
"HKG","Hong Kong","1976","10.00000"
"HKG","Hong Kong","1977","9.00000"
"HKG","Hong Kong","1978","8.00000"
"HKG","Hong Kong","1979","8.00000"
"HKG","Hong Kong","1980","8.00000"
"HKG","Hong Kong","1981","8.00000"
"HKG","Hong Kong","1982","8.00000"
"HKG","Hong Kong","1983","8.00000"
"HKG","Hong Kong","1984","8.00000"
"HKG","Hong Kong","1985","8.00000"
"HKG","Hong Kong","1986","8.00000"
"HKG","Hong Kong","1987","8.00000"
"HKG","Hong Kong","1988","8.00000"
"HKG","Hong Kong","1989","7.00000"
"HKG","Hong Kong","1990","7.00000"
"HKG","Hong Kong","1991","7.00000"
"HKG","Hong Kong","1992","7.00000"
"HKG","Hong Kong","1993","7.00000"
"HKG","Hong Kong","1994","7.00000"
"HKG","Hong Kong","1995","7.00000"
"HKG","Hong Kong","1996","7.00000"
"HKG","Hong Kong","1997","6.00000"
"HKG","Hong Kong","1998","6.00000"
"HKG","Hong Kong","1999","6.00000"
"HKG","Hong Kong","2000","6.00000"
"HKG","Hong Kong","2001","6.00000"
"HKG","Hong Kong","2002","6.00000"
"HKG","Hong Kong","2003","6.00000"
"HKG","Hong Kong","2004","6.00000"
"HKG","Hong Kong","2005","6.00000"
"HKG","Hong Kong","2006","5.00000"
"HKG","Hong Kong","2007","5.00000"
"HKG","Hong Kong","2008","5.00000"
"HKG","Hong Kong","2009","5.00000"
"HKG","Hong Kong","2010","4.50000"
"HKG","Hong Kong","2011","4.50000"
"HKG","Hong Kong","2012","4.10000"
"HKG","Hong Kong","2013","4.10000"
"HKG","Hong Kong","2014","4.10000"
"HKG","Hong Kong","2015","4.10000"
"HKG","Hong Kong","2016","4.00000"
"HKG","Hong Kong","2017","4.10000"
"HKG","Hong Kong","2018","4.00000"
"HKG","Hong Kong","2019","4.00000"
"HKG","Hong Kong","2020","3.00000"
"HKG","Hong Kong","2021","3.00000"
"HKG","Hong Kong","2022","3.00000"
"HKG","Hong Kong","2023","3.00000"
"HKG","Hong Kong","2024","3.00000"
"HND","Honduras","1961","1480.00000"
"HND","Honduras","1962","1490.00000"
"HND","Honduras","1963","1495.00000"
"HND","Honduras","1964","1500.00000"
"HND","Honduras","1965","1505.00000"
"HND","Honduras","1966","1515.00000"
"HND","Honduras","1967","1525.00000"
"HND","Honduras","1968","1530.00000"
"HND","Honduras","1969","1530.00000"
"HND","Honduras","1970","1540.00000"
"HND","Honduras","1971","1545.00000"
"HND","Honduras","1972","1580.00000"
"HND","Honduras","1973","1590.00000"
"HND","Honduras","1974","1596.00000"
"HND","Honduras","1975","1635.00000"
"HND","Honduras","1976","1670.00000"
"HND","Honduras","1977","1745.00000"
"HND","Honduras","1978","1757.00000"
"HND","Honduras","1979","1757.00000"
"HND","Honduras","1980","1757.00000"
"HND","Honduras","1981","1764.00000"
"HND","Honduras","1982","1769.00000"
"HND","Honduras","1983","1770.00000"
"HND","Honduras","1984","1777.00000"
"HND","Honduras","1985","1778.00000"
"HND","Honduras","1986","1785.00000"
"HND","Honduras","1987","1785.00000"
"HND","Honduras","1988","1785.00000"
"HND","Honduras","1989","1810.00000"
"HND","Honduras","1990","1820.00000"
"HND","Honduras","1991","1842.00000"
"HND","Honduras","1992","1855.00000"
"HND","Honduras","1993","2015.00000"
"HND","Honduras","1994","1990.00000"
"HND","Honduras","1995","1950.00000"
"HND","Honduras","1996","1950.00000"
"HND","Honduras","1997","1875.00000"
"HND","Honduras","1998","1875.00000"
"HND","Honduras","1999","1827.00000"
"HND","Honduras","2000","1427.00000"
"HND","Honduras","2001","1427.13000"
"HND","Honduras","2002","1427.25000"
"HND","Honduras","2003","1427.38000"
"HND","Honduras","2004","1427.50000"
"HND","Honduras","2005","1427.63000"
"HND","Honduras","2006","1427.75000"
"HND","Honduras","2007","1427.88000"
"HND","Honduras","2008","1428.00000"
"HND","Honduras","2009","1436.00000"
"HND","Honduras","2010","1498.00000"
"HND","Honduras","2011","1528.00000"
"HND","Honduras","2012","1558.00000"
"HND","Honduras","2013","1558.00000"
"HND","Honduras","2014","1558.00000"
"HND","Honduras","2015","1558.00000"
"HND","Honduras","2016","1558.00000"
"HND","Honduras","2017","1670.83000"
"HND","Honduras","2018","1670.83000"
"HND","Honduras","2019","1670.83000"
"HND","Honduras","2020","1670.83000"
"HND","Honduras","2021","1670.83000"
"HND","Honduras","2022","1670.83000"
"HND","Honduras","2023","1670.83000"
"HND","Honduras","2024","1724.83000"
"HRV","Croacia","1992","1325.00000"
"HRV","Croacia","1993","1179.00000"
"HRV","Croacia","1994","1221.00000"
"HRV","Croacia","1995","1233.00000"
"HRV","Croacia","1996","1111.00000"
"HRV","Croacia","1997","1108.00000"
"HRV","Croacia","1998","1218.00000"
"HRV","Croacia","1999","1197.00000"
"HRV","Croacia","2000","911.00000"
"HRV","Croacia","2001","923.00000"
"HRV","Croacia","2002","928.00000"
"HRV","Croacia","2003","935.00000"
"HRV","Croacia","2004","917.00000"
"HRV","Croacia","2005","946.00000"
"HRV","Croacia","2006","957.00000"
"HRV","Croacia","2007","932.00000"
"HRV","Croacia","2008","946.70000"
"HRV","Croacia","2009","956.30000"
"HRV","Croacia","2010","988.40000"
"HRV","Croacia","2011","979.70000"
"HRV","Croacia","2012","985.40000"
"HRV","Croacia","2013","949.30000"
"HRV","Croacia","2014","890.50000"
"HRV","Croacia","2015","919.20000"
"HRV","Croacia","2016","946.00000"
"HRV","Croacia","2017","889.00000"
"HRV","Croacia","2018","876.00000"
"HRV","Croacia","2019","897.00000"
"HRV","Croacia","2020","968.00000"
"HRV","Croacia","2021","936.00000"
"HRV","Croacia","2022","932.00000"
"HRV","Croacia","2023","947.00000"
"HRV","Croacia","2024","931.00000"
"HTI","Haití","1961","1160.00000"
"HTI","Haití","1962","1165.00000"
"HTI","Haití","1963","1170.00000"
"HTI","Haití","1964","1175.00000"
"HTI","Haití","1965","1180.00000"
"HTI","Haití","1966","1185.00000"
"HTI","Haití","1967","1190.00000"
"HTI","Haití","1968","1195.00000"
"HTI","Haití","1969","1200.00000"
"HTI","Haití","1970","1205.00000"
"HTI","Haití","1971","1210.00000"
"HTI","Haití","1972","1084.00000"
"HTI","Haití","1973","1083.00000"
"HTI","Haití","1974","1083.00000"
"HTI","Haití","1975","1083.00000"
"HTI","Haití","1976","1085.00000"
"HTI","Haití","1977","1085.00000"
"HTI","Haití","1978","1095.00000"
"HTI","Haití","1979","1095.00000"
"HTI","Haití","1980","1100.00000"
"HTI","Haití","1981","1100.00000"
"HTI","Haití","1982","1100.00000"
"HTI","Haití","1983","1100.00000"
"HTI","Haití","1984","1100.00000"
"HTI","Haití","1985","1100.00000"
"HTI","Haití","1986","1100.00000"
"HTI","Haití","1987","1100.00000"
"HTI","Haití","1988","1100.00000"
"HTI","Haití","1989","1100.00000"
"HTI","Haití","1990","1100.00000"
"HTI","Haití","1991","1100.00000"
"HTI","Haití","1992","1080.00000"
"HTI","Haití","1993","1080.00000"
"HTI","Haití","1994","1100.00000"
"HTI","Haití","1995","1100.00000"
"HTI","Haití","1996","1100.00000"
"HTI","Haití","1997","1200.00000"
"HTI","Haití","1998","1200.00000"
"HTI","Haití","1999","1200.00000"
"HTI","Haití","2000","1200.00000"
"HTI","Haití","2001","1180.00000"
"HTI","Haití","2002","1180.00000"
"HTI","Haití","2003","1180.00000"
"HTI","Haití","2004","1180.00000"
"HTI","Haití","2005","1280.00000"
"HTI","Haití","2006","1280.00000"
"HTI","Haití","2007","1280.00000"
"HTI","Haití","2008","1280.00000"
"HTI","Haití","2009","1326.33000"
"HTI","Haití","2010","1494.00000"
"HTI","Haití","2011","1519.00000"
"HTI","Haití","2012","1534.00000"
"HTI","Haití","2013","1512.62000"
"HTI","Haití","2014","1524.74000"
"HTI","Haití","2015","1544.71000"
"HTI","Haití","2016","1561.00000"
"HTI","Haití","2017","1520.00000"
"HTI","Haití","2018","1505.00000"
"HTI","Haití","2019","1300.00000"
"HTI","Haití","2020","1300.00000"
"HTI","Haití","2021","1305.00000"
"HTI","Haití","2022","1305.00000"
"HTI","Haití","2023","1305.00000"
"HTI","Haití","2024","1305.23000"
"HUN","Hungría","1961","5624.00000"
"HUN","Hungría","1962","5622.00000"
"HUN","Hungría","1963","5625.00000"
"HUN","Hungría","1964","5638.00000"
"HUN","Hungría","1965","5649.00000"
"HUN","Hungría","1966","5642.00000"
"HUN","Hungría","1967","5626.00000"
"HUN","Hungría","1968","5613.00000"
"HUN","Hungría","1969","5604.00000"
"HUN","Hungría","1970","5594.00000"
"HUN","Hungría","1971","5578.00000"
"HUN","Hungría","1972","5565.00000"
"HUN","Hungría","1973","5555.00000"
"HUN","Hungría","1974","5503.00000"
"HUN","Hungría","1975","5495.00000"
"HUN","Hungría","1976","5471.00000"
"HUN","Hungría","1977","5422.00000"
"HUN","Hungría","1978","5388.00000"
"HUN","Hungría","1979","5354.00000"
"HUN","Hungría","1980","5333.00000"
"HUN","Hungría","1981","5317.00000"
"HUN","Hungría","1982","5299.00000"
"HUN","Hungría","1983","5292.00000"
"HUN","Hungría","1984","5289.00000"
"HUN","Hungría","1985","5293.00000"
"HUN","Hungría","1986","5289.00000"
"HUN","Hungría","1987","5289.00000"
"HUN","Hungría","1988","5287.00000"
"HUN","Hungría","1989","5287.00000"
"HUN","Hungría","1990","5288.00000"
"HUN","Hungría","1991","5287.00000"
"HUN","Hungría","1992","4972.00000"
"HUN","Hungría","1993","4973.00000"
"HUN","Hungría","1994","4974.00000"
"HUN","Hungría","1995","5031.00000"
"HUN","Hungría","1996","5036.00000"
"HUN","Hungría","1997","5047.00000"
"HUN","Hungría","1998","5045.00000"
"HUN","Hungría","1999","5039.00000"
"HUN","Hungría","2000","4803.00000"
"HUN","Hungría","2001","4804.00000"
"HUN","Hungría","2002","4786.00000"
"HUN","Hungría","2003","4803.00000"
"HUN","Hungría","2004","4804.00000"
"HUN","Hungría","2005","4806.00000"
"HUN","Hungría","2006","4794.00000"
"HUN","Hungría","2007","4790.00000"
"HUN","Hungría","2008","4780.00000"
"HUN","Hungría","2009","4779.00000"
"HUN","Hungría","2010","4580.00000"
"HUN","Hungría","2011","4578.00000"
"HUN","Hungría","2012","4579.00000"
"HUN","Hungría","2013","4498.00000"
"HUN","Hungría","2014","4503.00000"
"HUN","Hungría","2015","4503.00000"
"HUN","Hungría","2016","4499.00000"
"HUN","Hungría","2017","4499.00000"
"HUN","Hungría","2018","4497.00000"
"HUN","Hungría","2019","4488.00000"
"HUN","Hungría","2020","4184.13570"
"HUN","Hungría","2021","4289.19930"
"HUN","Hungría","2022","4304.70600"
"HUN","Hungría","2023","4294.11400"
"HUN","Hungría","2024","4272.57900"
"IDN","Indonesia","1961","18973.53000"
"IDN","Indonesia","1962","19160.01000"
"IDN","Indonesia","1963","19377.50000"
"IDN","Indonesia","1964","19493.18000"
"IDN","Indonesia","1965","19738.69000"
"IDN","Indonesia","1966","19906.10000"
"IDN","Indonesia","1967","20027.80000"
"IDN","Indonesia","1968","20421.07000"
"IDN","Indonesia","1969","20806.64000"
"IDN","Indonesia","1970","20947.16000"
"IDN","Indonesia","1971","21337.05000"
"IDN","Indonesia","1972","21709.89000"
"IDN","Indonesia","1973","21997.78000"
"IDN","Indonesia","1974","22271.25000"
"IDN","Indonesia","1975","22670.44000"
"IDN","Indonesia","1976","22864.40000"
"IDN","Indonesia","1977","23067.87000"
"IDN","Indonesia","1978","23350.81000"
"IDN","Indonesia","1979","23853.57000"
"IDN","Indonesia","1980","24266.62000"
"IDN","Indonesia","1981","24690.96000"
"IDN","Indonesia","1982","25085.79000"
"IDN","Indonesia","1983","25322.54000"
"IDN","Indonesia","1984","25934.00000"
"IDN","Indonesia","1985","27428.50000"
"IDN","Indonesia","1986","29070.00000"
"IDN","Indonesia","1987","30644.00000"
"IDN","Indonesia","1988","31418.00000"
"IDN","Indonesia","1989","31142.00000"
"IDN","Indonesia","1990","31973.00000"
"IDN","Indonesia","1991","29797.00000"
"IDN","Indonesia","1992","29556.00000"
"IDN","Indonesia","1993","30216.00000"
"IDN","Indonesia","1994","30171.00000"
"IDN","Indonesia","1995","31178.00000"
"IDN","Indonesia","1996","31791.00000"
"IDN","Indonesia","1997","31791.00000"
"IDN","Indonesia","1998","31941.00000"
"IDN","Indonesia","1999","32941.00000"
"IDN","Indonesia","2000","33441.00000"
"IDN","Indonesia","2001","34341.00000"
"IDN","Indonesia","2002","34941.00000"
"IDN","Indonesia","2003","35541.00000"
"IDN","Indonesia","2004","35632.63000"
"IDN","Indonesia","2005","35824.26000"
"IDN","Indonesia","2006","36915.89000"
"IDN","Indonesia","2007","37907.52000"
"IDN","Indonesia","2008","38199.15000"
"IDN","Indonesia","2009","38890.78000"
"IDN","Indonesia","2010","38882.41000"
"IDN","Indonesia","2011","39874.04000"
"IDN","Indonesia","2012","39865.68000"
"IDN","Indonesia","2013","40357.31000"
"IDN","Indonesia","2014","40648.94000"
"IDN","Indonesia","2015","40840.57000"
"IDN","Indonesia","2016","41332.20000"
"IDN","Indonesia","2017","41119.73000"
"IDN","Indonesia","2018","42343.76000"
"IDN","Indonesia","2019","42979.29000"
"IDN","Indonesia","2020","43382.32000"
"IDN","Indonesia","2021","43800.55000"
"IDN","Indonesia","2022","43898.08000"
"IDN","Indonesia","2023","43700.44000"
"IDN","Indonesia","2024","43753.81000"
"IMN","Isla de Man","1961","25.00000"
"IMN","Isla de Man","1962","25.00000"
"IMN","Isla de Man","1963","24.70000"
"IMN","Isla de Man","1964","24.20000"
"IMN","Isla de Man","1965","24.40000"
"IMN","Isla de Man","1966","23.20000"
"IMN","Isla de Man","1967","23.10000"
"IMN","Isla de Man","1968","22.80000"
"IMN","Isla de Man","1969","22.60000"
"IMN","Isla de Man","1970","21.80000"
"IMN","Isla de Man","1971","21.20000"
"IMN","Isla de Man","1972","21.00000"
"IMN","Isla de Man","1973","20.80000"
"IMN","Isla de Man","1974","21.10000"
"IMN","Isla de Man","1975","20.90000"
"IMN","Isla de Man","1976","21.20000"
"IMN","Isla de Man","1977","21.40000"
"IMN","Isla de Man","1978","21.60000"
"IMN","Isla de Man","1979","21.90000"
"IMN","Isla de Man","1980","22.20000"
"IMN","Isla de Man","1981","22.00000"
"IMN","Isla de Man","1982","21.80000"
"IMN","Isla de Man","1983","21.50000"
"IMN","Isla de Man","1984","21.30000"
"IMN","Isla de Man","1985","21.10000"
"IMN","Isla de Man","1986","20.90000"
"IMN","Isla de Man","1987","20.70000"
"IMN","Isla de Man","1988","20.50000"
"IMN","Isla de Man","1989","20.30000"
"IMN","Isla de Man","1990","20.10000"
"IMN","Isla de Man","1991","19.90000"
"IMN","Isla de Man","1992","19.70000"
"IMN","Isla de Man","1993","19.50000"
"IMN","Isla de Man","1994","19.30000"
"IMN","Isla de Man","1995","19.10000"
"IMN","Isla de Man","1996","18.90000"
"IMN","Isla de Man","1997","18.70000"
"IMN","Isla de Man","1998","18.50000"
"IMN","Isla de Man","1999","18.30000"
"IMN","Isla de Man","2000","18.10000"
"IMN","Isla de Man","2001","17.90000"
"IMN","Isla de Man","2002","18.50000"
"IMN","Isla de Man","2003","17.57000"
"IMN","Isla de Man","2004","18.10000"
"IMN","Isla de Man","2005","17.81000"
"IMN","Isla de Man","2006","27.96000"
"IMN","Isla de Man","2007","27.52000"
"IMN","Isla de Man","2008","27.28000"
"IMN","Isla de Man","2009","25.62000"
"IMN","Isla de Man","2010","25.38000"
"IMN","Isla de Man","2011","24.97000"
"IMN","Isla de Man","2012","24.84000"
"IMN","Isla de Man","2013","24.71000"
"IMN","Isla de Man","2014","24.59000"
"IMN","Isla de Man","2015","24.46000"
"IMN","Isla de Man","2016","24.33000"
"IMN","Isla de Man","2017","24.20000"
"IMN","Isla de Man","2018","24.08000"
"IMN","Isla de Man","2019","23.95000"
"IMN","Isla de Man","2020","23.82000"
"IMN","Isla de Man","2021","23.69000"
"IMN","Isla de Man","2022","23.57000"
"IMN","Isla de Man","2023","23.43990"
"IMN","Isla de Man","2024","23.17290"
"IND","India","1961","160986.00000"
"IND","India","1962","162400.00000"
"IND","India","1963","162050.00000"
"IND","India","1964","162118.00000"
"IND","India","1965","162434.00000"
"IND","India","1966","162720.00000"
"IND","India","1967","163790.00000"
"IND","India","1968","164569.00000"
"IND","India","1969","164476.00000"
"IND","India","1970","165060.00000"
"IND","India","1971","164556.00000"
"IND","India","1972","164986.00000"
"IND","India","1973","166044.00000"
"IND","India","1974","166501.00000"
"IND","India","1975","166838.00000"
"IND","India","1976","167057.00000"
"IND","India","1977","167059.00000"
"IND","India","1978","168239.00000"
"IND","India","1979","168444.00000"
"IND","India","1980","168154.00000"
"IND","India","1981","168412.00000"
"IND","India","1982","168746.00000"
"IND","India","1983","168532.00000"
"IND","India","1984","169418.00000"
"IND","India","1985","169340.00000"
"IND","India","1986","169409.00000"
"IND","India","1987","169705.00000"
"IND","India","1988","169368.00000"
"IND","India","1989","169976.00000"
"IND","India","1990","170109.00000"
"IND","India","1991","170182.00000"
"IND","India","1992","170006.00000"
"IND","India","1993","170286.00000"
"IND","India","1994","170325.00000"
"IND","India","1995","169911.00000"
"IND","India","1996","169525.00000"
"IND","India","1997","170101.00000"
"IND","India","1998","170029.00000"
"IND","India","1999","170125.00000"
"IND","India","2000","170130.00000"
"IND","India","2001","169825.00000"
"IND","India","2002","170032.00000"
"IND","India","2003","169799.00000"
"IND","India","2004","169891.00000"
"IND","India","2005","169674.00000"
"IND","India","2006","169462.00000"
"IND","India","2007","169202.00000"
"IND","India","2008","169395.00000"
"IND","India","2009","169724.00000"
"IND","India","2010","169234.00000"
"IND","India","2011","169369.00000"
"IND","India","2012","169346.00000"
"IND","India","2013","169442.00000"
"IND","India","2014","169463.00000"
"IND","India","2015","169413.00000"
"IND","India","2016","169317.00000"
"IND","India","2017","168895.00000"
"IND","India","2018","168778.00000"
"IND","India","2019","168669.00000"
"IND","India","2020","168048.00000"
"IND","India","2021","168139.67000"
"IND","India","2022","168231.33000"
"IND","India","2023","168323.00000"
"IND","India","2024","168010.00000"
"IRL","Irlanda","1961","654.60000"
"IRL","Irlanda","1962","649.80000"
"IRL","Irlanda","1963","618.10000"
"IRL","Irlanda","1964","588.60000"
"IRL","Irlanda","1965","570.30000"
"IRL","Irlanda","1966","516.10000"
"IRL","Irlanda","1967","531.10000"
"IRL","Irlanda","1968","532.50000"
"IRL","Irlanda","1969","518.30000"
"IRL","Irlanda","1970","535.20000"
"IRL","Irlanda","1971","537.50000"
"IRL","Irlanda","1972","511.70000"
"IRL","Irlanda","1973","484.20000"
"IRL","Irlanda","1974","472.50000"
"IRL","Irlanda","1975","459.50000"
"IRL","Irlanda","1976","476.00000"
"IRL","Irlanda","1977","504.80000"
"IRL","Irlanda","1978","509.30000"
"IRL","Irlanda","1979","520.20000"
"IRL","Irlanda","1980","555.50000"
"IRL","Irlanda","1981","533.10000"
"IRL","Irlanda","1982","519.20000"
"IRL","Irlanda","1983","500.50000"
"IRL","Irlanda","1984","517.40000"
"IRL","Irlanda","1985","507.60000"
"IRL","Irlanda","1986","468.90000"
"IRL","Irlanda","1987","441.00000"
"IRL","Irlanda","1988","424.10000"
"IRL","Irlanda","1989","417.40000"
"IRL","Irlanda","1990","397.60000"
"IRL","Irlanda","1991","394.70000"
"IRL","Irlanda","1992","395.90000"
"IRL","Irlanda","1993","406.90000"
"IRL","Irlanda","1994","403.30000"
"IRL","Irlanda","1995","399.60000"
"IRL","Irlanda","1996","406.70000"
"IRL","Irlanda","1997","427.80000"
"IRL","Irlanda","1998","448.90000"
"IRL","Irlanda","1999","470.00000"
"IRL","Irlanda","2000","490.10000"
"IRL","Irlanda","2001","512.23000"
"IRL","Irlanda","2002","521.23000"
"IRL","Irlanda","2003","533.23000"
"IRL","Irlanda","2004","523.65000"
"IRL","Irlanda","2005","491.69000"
"IRL","Irlanda","2006","470.08000"
"IRL","Irlanda","2007","468.45000"
"IRL","Irlanda","2008","488.35000"
"IRL","Irlanda","2009","465.59000"
"IRL","Irlanda","2010","440.84000"
"IRL","Irlanda","2011","460.14000"
"IRL","Irlanda","2012","483.61000"
"IRL","Irlanda","2013","475.04000"
"IRL","Irlanda","2014","466.18000"
"IRL","Irlanda","2015","454.00000"
"IRL","Irlanda","2016","462.00000"
"IRL","Irlanda","2017","462.00000"
"IRL","Irlanda","2018","452.00000"
"IRL","Irlanda","2019","444.00000"
"IRL","Irlanda","2020","445.00000"
"IRL","Irlanda","2021","437.00000"
"IRL","Irlanda","2022","447.00000"
"IRL","Irlanda","2023","441.00000"
"IRL","Irlanda","2024","434.00000"
"IRN","Irán","1961","15271.00000"
"IRN","Irán","1962","15290.00000"
"IRN","Irán","1963","15350.00000"
"IRN","Irán","1964","15410.00000"
"IRN","Irán","1965","15470.00000"
"IRN","Irán","1966","15480.00000"
"IRN","Irán","1967","15550.00000"
"IRN","Irán","1968","15600.00000"
"IRN","Irán","1969","15670.00000"
"IRN","Irán","1970","15700.00000"
"IRN","Irán","1971","16154.00000"
"IRN","Irán","1972","16800.00000"
"IRN","Irán","1973","17481.00000"
"IRN","Irán","1974","16960.00000"
"IRN","Irán","1975","16440.00000"
"IRN","Irán","1976","15950.00000"
"IRN","Irán","1977","15693.00000"
"IRN","Irán","1978","14867.00000"
"IRN","Irán","1979","15908.00000"
"IRN","Irán","1980","13713.00000"
"IRN","Irán","1981","14280.00000"
"IRN","Irán","1982","14867.00000"
"IRN","Irán","1983","15210.00000"
"IRN","Irán","1984","15540.00000"
"IRN","Irán","1985","15870.00000"
"IRN","Irán","1986","16200.00000"
"IRN","Irán","1987","16530.00000"
"IRN","Irán","1988","16871.00000"
"IRN","Irán","1989","16700.00000"
"IRN","Irán","1990","16500.00000"
"IRN","Irán","1991","17997.00000"
"IRN","Irán","1992","18287.00000"
"IRN","Irán","1993","18652.00000"
"IRN","Irán","1994","18657.00000"
"IRN","Irán","1995","18708.00000"
"IRN","Irán","1996","18427.00000"
"IRN","Irán","1997","17832.00000"
"IRN","Irán","1998","18187.00000"
"IRN","Irán","1999","17687.00000"
"IRN","Irán","2000","16284.00000"
"IRN","Irán","2001","17223.00000"
"IRN","Irán","2002","17444.00000"
"IRN","Irán","2003","17665.00000"
"IRN","Irán","2004","17886.00000"
"IRN","Irán","2005","18107.00000"
"IRN","Irán","2006","18328.00000"
"IRN","Irán","2007","18549.00000"
"IRN","Irán","2008","17182.00000"
"IRN","Irán","2009","17209.20000"
"IRN","Irán","2010","17062.40000"
"IRN","Irán","2011","16915.60000"
"IRN","Irán","2012","16768.80000"
"IRN","Irán","2013","16477.00000"
"IRN","Irán","2014","16477.00000"
"IRN","Irán","2015","16477.00000"
"IRN","Irán","2016","16477.00000"
"IRN","Irán","2017","16957.67000"
"IRN","Irán","2018","17438.33000"
"IRN","Irán","2019","17511.00000"
"IRN","Irán","2020","17551.00000"
"IRN","Irán","2021","17590.00000"
"IRN","Irán","2022","17590.00000"
"IRN","Irán","2023","17590.00000"
"IRN","Irán","2024","17590.00000"
"IRQ","Iraq","1961","4700.00000"
"IRQ","Iraq","1962","4755.00000"
"IRQ","Iraq","1963","4810.00000"
"IRQ","Iraq","1964","4865.00000"
"IRQ","Iraq","1965","4920.00000"
"IRQ","Iraq","1966","4925.00000"
"IRQ","Iraq","1967","4980.00000"
"IRQ","Iraq","1968","4985.00000"
"IRQ","Iraq","1969","4990.00000"
"IRQ","Iraq","1970","4993.00000"
"IRQ","Iraq","1971","4999.00000"
"IRQ","Iraq","1972","5160.00000"
"IRQ","Iraq","1973","5170.00000"
"IRQ","Iraq","1974","5280.00000"
"IRQ","Iraq","1975","5285.00000"
"IRQ","Iraq","1976","5285.00000"
"IRQ","Iraq","1977","5285.00000"
"IRQ","Iraq","1978","5389.00000"
"IRQ","Iraq","1979","5439.00000"
"IRQ","Iraq","1980","5439.00000"
"IRQ","Iraq","1981","5439.00000"
"IRQ","Iraq","1982","5450.00000"
"IRQ","Iraq","1983","5450.00000"
"IRQ","Iraq","1984","5450.00000"
"IRQ","Iraq","1985","5465.00000"
"IRQ","Iraq","1986","5482.70000"
"IRQ","Iraq","1987","5466.20000"
"IRQ","Iraq","1988","5510.50000"
"IRQ","Iraq","1989","5231.40000"
"IRQ","Iraq","1990","5237.80000"
"IRQ","Iraq","1991","5628.10000"
"IRQ","Iraq","1992","5542.00000"
"IRQ","Iraq","1993","5872.70000"
"IRQ","Iraq","1994","5323.50000"
"IRQ","Iraq","1995","5065.30000"
"IRQ","Iraq","1996","5070.30000"
"IRQ","Iraq","1997","4647.50000"
"IRQ","Iraq","1998","4638.90000"
"IRQ","Iraq","1999","4480.10000"
"IRQ","Iraq","2000","4495.20000"
"IRQ","Iraq","2001","4486.10000"
"IRQ","Iraq","2002","4684.10000"
"IRQ","Iraq","2003","4684.90000"
"IRQ","Iraq","2004","4629.50000"
"IRQ","Iraq","2005","4775.40000"
"IRQ","Iraq","2006","4978.40000"
"IRQ","Iraq","2007","5133.70000"
"IRQ","Iraq","2008","4201.20000"
"IRQ","Iraq","2009","3845.80000"
"IRQ","Iraq","2010","4218.70000"
"IRQ","Iraq","2011","4526.30000"
"IRQ","Iraq","2012","4568.10000"
"IRQ","Iraq","2013","4885.35000"
"IRQ","Iraq","2014","5269.00000"
"IRQ","Iraq","2015","5209.60000"
"IRQ","Iraq","2016","5257.50000"
"IRQ","Iraq","2017","5273.60000"
"IRQ","Iraq","2018","5313.80000"
"IRQ","Iraq","2019","5385.60000"
"IRQ","Iraq","2020","5388.42000"
"IRQ","Iraq","2021","5421.36000"
"IRQ","Iraq","2022","5401.07000"
"IRQ","Iraq","2023","5406.60000"
"IRQ","Iraq","2024","5412.83000"
"ISL","Islandia","1961","120.00000"
"ISL","Islandia","1962","120.00000"
"ISL","Islandia","1963","120.00000"
"ISL","Islandia","1964","120.00000"
"ISL","Islandia","1965","120.00000"
"ISL","Islandia","1966","120.00000"
"ISL","Islandia","1967","120.00000"
"ISL","Islandia","1968","120.00000"
"ISL","Islandia","1969","120.00000"
"ISL","Islandia","1970","121.00000"
"ISL","Islandia","1971","122.00000"
"ISL","Islandia","1972","123.00000"
"ISL","Islandia","1973","124.00000"
"ISL","Islandia","1974","125.00000"
"ISL","Islandia","1975","126.00000"
"ISL","Islandia","1976","127.00000"
"ISL","Islandia","1977","129.00000"
"ISL","Islandia","1978","130.00000"
"ISL","Islandia","1979","131.00000"
"ISL","Islandia","1980","133.00000"
"ISL","Islandia","1981","133.00000"
"ISL","Islandia","1982","134.00000"
"ISL","Islandia","1983","134.00000"
"ISL","Islandia","1984","134.00000"
"ISL","Islandia","1985","134.00000"
"ISL","Islandia","1986","135.00000"
"ISL","Islandia","1987","135.00000"
"ISL","Islandia","1988","135.00000"
"ISL","Islandia","1989","135.00000"
"ISL","Islandia","1990","136.00000"
"ISL","Islandia","1991","136.00000"
"ISL","Islandia","1992","136.00000"
"ISL","Islandia","1993","135.00000"
"ISL","Islandia","1994","135.00000"
"ISL","Islandia","1995","135.00000"
"ISL","Islandia","1996","134.00000"
"ISL","Islandia","1997","133.00000"
"ISL","Islandia","1998","130.00000"
"ISL","Islandia","1999","129.00000"
"ISL","Islandia","2000","129.00000"
"ISL","Islandia","2001","129.00000"
"ISL","Islandia","2002","129.00000"
"ISL","Islandia","2003","129.00000"
"ISL","Islandia","2004","129.00000"
"ISL","Islandia","2005","129.00000"
"ISL","Islandia","2006","129.00000"
"ISL","Islandia","2007","127.50000"
"ISL","Islandia","2008","126.00000"
"ISL","Islandia","2009","124.50000"
"ISL","Islandia","2010","123.00000"
"ISL","Islandia","2011","122.20000"
"ISL","Islandia","2012","121.20000"
"ISL","Islandia","2013","121.20000"
"ISL","Islandia","2014","121.20000"
"ISL","Islandia","2015","121.00000"
"ISL","Islandia","2016","121.00000"
"ISL","Islandia","2017","121.00000"
"ISL","Islandia","2018","121.00000"
"ISL","Islandia","2019","121.00000"
"ISL","Islandia","2020","121.00000"
"ISL","Islandia","2021","121.00000"
"ISL","Islandia","2022","121.00000"
"ISL","Islandia","2023","121.00000"
"ISL","Islandia","2024","121.00000"
"ISR","Israel","1961","397.00000"
"ISR","Israel","1962","391.00000"
"ISR","Israel","1963","408.00000"
"ISR","Israel","1964","411.00000"
"ISR","Israel","1965","400.00000"
"ISR","Israel","1966","411.00000"
"ISR","Israel","1967","411.00000"
"ISR","Israel","1968","407.00000"
"ISR","Israel","1969","407.00000"
"ISR","Israel","1970","409.00000"
"ISR","Israel","1971","411.00000"
"ISR","Israel","1972","411.00000"
"ISR","Israel","1973","421.00000"
"ISR","Israel","1974","427.00000"
"ISR","Israel","1975","422.00000"
"ISR","Israel","1976","412.00000"
"ISR","Israel","1977","413.00000"
"ISR","Israel","1978","413.00000"
"ISR","Israel","1979","413.00000"
"ISR","Israel","1980","413.00000"
"ISR","Israel","1981","418.00000"
"ISR","Israel","1982","420.00000"
"ISR","Israel","1983","407.00000"
"ISR","Israel","1984","419.00000"
"ISR","Israel","1985","420.00000"
"ISR","Israel","1986","428.00000"
"ISR","Israel","1987","428.00000"
"ISR","Israel","1988","428.00000"
"ISR","Israel","1989","427.00000"
"ISR","Israel","1990","431.00000"
"ISR","Israel","1991","433.00000"
"ISR","Israel","1992","432.00000"
"ISR","Israel","1993","432.00000"
"ISR","Israel","1994","434.00000"
"ISR","Israel","1995","428.00000"
"ISR","Israel","1996","419.00000"
"ISR","Israel","1997","419.00000"
"ISR","Israel","1998","419.00000"
"ISR","Israel","1999","418.00000"
"ISR","Israel","2000","424.00000"
"ISR","Israel","2001","426.00000"
"ISR","Israel","2002","433.00000"
"ISR","Israel","2003","420.00000"
"ISR","Israel","2004","380.50000"
"ISR","Israel","2005","380.50000"
"ISR","Israel","2006","372.80000"
"ISR","Israel","2007","381.10000"
"ISR","Israel","2008","377.00000"
"ISR","Israel","2009","382.60000"
"ISR","Israel","2010","370.90000"
"ISR","Israel","2011","377.00000"
"ISR","Israel","2012","386.20000"
"ISR","Israel","2013","380.30000"
"ISR","Israel","2014","397.70000"
"ISR","Israel","2015","393.90000"
"ISR","Israel","2016","392.00000"
"ISR","Israel","2017","483.00000"
"ISR","Israel","2018","483.30000"
"ISR","Israel","2019","478.40000"
"ISR","Israel","2020","376.80000"
"ISR","Israel","2021","375.00000"
"ISR","Israel","2022","370.60000"
"ISR","Israel","2023","372.70000"
"ISR","Israel","2024","352.30000"
"ITA","Italia","1961","15608.00000"
"ITA","Italia","1962","15570.00000"
"ITA","Italia","1963","15415.00000"
"ITA","Italia","1964","15374.00000"
"ITA","Italia","1965","15302.00000"
"ITA","Italia","1966","15258.00000"
"ITA","Italia","1967","15213.00000"
"ITA","Italia","1968","15195.00000"
"ITA","Italia","1969","15001.00000"
"ITA","Italia","1970","14930.00000"
"ITA","Italia","1971","12409.00000"
"ITA","Italia","1972","12305.00000"
"ITA","Italia","1973","12233.00000"
"ITA","Italia","1974","12288.00000"
"ITA","Italia","1975","12313.00000"
"ITA","Italia","1976","12353.00000"
"ITA","Italia","1977","12335.00000"
"ITA","Italia","1978","12422.00000"
"ITA","Italia","1979","12446.00000"
"ITA","Italia","1980","12436.00000"
"ITA","Italia","1981","12424.00000"
"ITA","Italia","1982","12415.00000"
"ITA","Italia","1983","12268.00000"
"ITA","Italia","1984","12232.00000"
"ITA","Italia","1985","12114.00000"
"ITA","Italia","1986","12098.00000"
"ITA","Italia","1987","12070.00000"
"ITA","Italia","1988","11981.00000"
"ITA","Italia","1989","11967.00000"
"ITA","Italia","1990","11972.00000"
"ITA","Italia","1991","11850.00000"
"ITA","Italia","1992","11629.00000"
"ITA","Italia","1993","11380.00000"
"ITA","Italia","1994","11143.00000"
"ITA","Italia","1995","10928.00000"
"ITA","Italia","1996","11006.00000"
"ITA","Italia","1997","10974.00000"
"ITA","Italia","1998","11137.00000"
"ITA","Italia","1999","11422.00000"
"ITA","Italia","2000","11203.50000"
"ITA","Italia","2001","10958.00000"
"ITA","Italia","2002","10712.50000"
"ITA","Italia","2003","10539.00000"
"ITA","Italia","2004","10529.00000"
"ITA","Italia","2005","10334.00000"
"ITA","Italia","2006","9921.00000"
"ITA","Italia","2007","9702.00000"
"ITA","Italia","2008","10040.86670"
"ITA","Italia","2009","9559.73330"
"ITA","Italia","2010","9629.80000"
"ITA","Italia","2011","9149.93330"
"ITA","Italia","2012","9353.66670"
"ITA","Italia","2013","9087.00000"
"ITA","Italia","2014","9121.00000"
"ITA","Italia","2015","9048.00000"
"ITA","Italia","2016","9149.00000"
"ITA","Italia","2017","9218.27000"
"ITA","Italia","2018","9160.00000"
"ITA","Italia","2019","9329.07000"
"ITA","Italia","2020","9384.57000"
"ITA","Italia","2021","9361.43450"
"ITA","Italia","2022","9471.12100"
"ITA","Italia","2023","9330.00000"
"ITA","Italia","2024","9347.72000"
"JAM","Jamaica","1961","276.00000"
"JAM","Jamaica","1962","276.00000"
"JAM","Jamaica","1963","276.00000"
"JAM","Jamaica","1964","276.00000"
"JAM","Jamaica","1965","260.00000"
"JAM","Jamaica","1966","260.00000"
"JAM","Jamaica","1967","260.00000"
"JAM","Jamaica","1968","260.00000"
"JAM","Jamaica","1969","260.00000"
"JAM","Jamaica","1970","250.00000"
"JAM","Jamaica","1971","250.00000"
"JAM","Jamaica","1972","250.00000"
"JAM","Jamaica","1973","250.00000"
"JAM","Jamaica","1974","250.00000"
"JAM","Jamaica","1975","250.00000"
"JAM","Jamaica","1976","250.00000"
"JAM","Jamaica","1977","250.00000"
"JAM","Jamaica","1978","250.00000"
"JAM","Jamaica","1979","240.00000"
"JAM","Jamaica","1980","240.00000"
"JAM","Jamaica","1981","240.00000"
"JAM","Jamaica","1982","230.00000"
"JAM","Jamaica","1983","220.00000"
"JAM","Jamaica","1984","220.00000"
"JAM","Jamaica","1985","220.00000"
"JAM","Jamaica","1986","220.00000"
"JAM","Jamaica","1987","220.00000"
"JAM","Jamaica","1988","220.00000"
"JAM","Jamaica","1989","220.00000"
"JAM","Jamaica","1990","219.00000"
"JAM","Jamaica","1991","226.00000"
"JAM","Jamaica","1992","236.00000"
"JAM","Jamaica","1993","274.00000"
"JAM","Jamaica","1994","271.00000"
"JAM","Jamaica","1995","268.00000"
"JAM","Jamaica","1996","265.00000"
"JAM","Jamaica","1997","262.27000"
"JAM","Jamaica","1998","259.55000"
"JAM","Jamaica","1999","256.82000"
"JAM","Jamaica","2000","254.09000"
"JAM","Jamaica","2001","251.36000"
"JAM","Jamaica","2002","248.64000"
"JAM","Jamaica","2003","245.91000"
"JAM","Jamaica","2004","243.18000"
"JAM","Jamaica","2005","240.45000"
"JAM","Jamaica","2006","237.73000"
"JAM","Jamaica","2007","235.00000"
"JAM","Jamaica","2008","225.00000"
"JAM","Jamaica","2009","222.00000"
"JAM","Jamaica","2010","197.30000"
"JAM","Jamaica","2011","196.50000"
"JAM","Jamaica","2012","195.80000"
"JAM","Jamaica","2013","194.80000"
"JAM","Jamaica","2014","193.90000"
"JAM","Jamaica","2015","193.90000"
"JAM","Jamaica","2016","193.90000"
"JAM","Jamaica","2017","193.90000"
"JAM","Jamaica","2018","193.90000"
"JAM","Jamaica","2019","193.90000"
"JAM","Jamaica","2020","193.90000"
"JAM","Jamaica","2021","193.90000"
"JAM","Jamaica","2022","193.90000"
"JAM","Jamaica","2023","193.90000"
"JAM","Jamaica","2024","193.90000"
"JOR","Jordania","1961","294.00000"
"JOR","Jordania","1962","296.00000"
"JOR","Jordania","1963","297.00000"
"JOR","Jordania","1964","301.00000"
"JOR","Jordania","1965","302.00000"
"JOR","Jordania","1966","304.00000"
"JOR","Jordania","1967","307.00000"
"JOR","Jordania","1968","309.00000"
"JOR","Jordania","1969","310.00000"
"JOR","Jordania","1970","314.00000"
"JOR","Jordania","1971","315.00000"
"JOR","Jordania","1972","319.00000"
"JOR","Jordania","1973","320.00000"
"JOR","Jordania","1974","324.00000"
"JOR","Jordania","1975","325.00000"
"JOR","Jordania","1976","327.00000"
"JOR","Jordania","1977","328.00000"
"JOR","Jordania","1978","332.00000"
"JOR","Jordania","1979","335.00000"
"JOR","Jordania","1980","337.00000"
"JOR","Jordania","1981","327.60000"
"JOR","Jordania","1982","334.10000"
"JOR","Jordania","1983","347.00000"
"JOR","Jordania","1984","259.10000"
"JOR","Jordania","1985","326.80000"
"JOR","Jordania","1986","334.80000"
"JOR","Jordania","1987","365.00000"
"JOR","Jordania","1988","374.00000"
"JOR","Jordania","1989","358.80000"
"JOR","Jordania","1990","249.20000"
"JOR","Jordania","1991","219.40000"
"JOR","Jordania","1992","329.70000"
"JOR","Jordania","1993","299.00000"
"JOR","Jordania","1994","281.00000"
"JOR","Jordania","1995","323.00000"
"JOR","Jordania","1996","260.00000"
"JOR","Jordania","1997","270.00000"
"JOR","Jordania","1998","275.00000"
"JOR","Jordania","1999","276.00000"
"JOR","Jordania","2000","278.00000"
"JOR","Jordania","2001","280.00000"
"JOR","Jordania","2002","283.00000"
"JOR","Jordania","2003","263.00000"
"JOR","Jordania","2004","295.00000"
"JOR","Jordania","2005","271.00000"
"JOR","Jordania","2006","276.00000"
"JOR","Jordania","2007","221.30000"
"JOR","Jordania","2008","230.50000"
"JOR","Jordania","2009","283.00000"
"JOR","Jordania","2010","260.30000"
"JOR","Jordania","2011","260.60000"
"JOR","Jordania","2012","302.90000"
"JOR","Jordania","2013","314.60000"
"JOR","Jordania","2014","322.00000"
"JOR","Jordania","2015","314.30000"
"JOR","Jordania","2016","323.96000"
"JOR","Jordania","2017","265.00000"
"JOR","Jordania","2018","279.80000"
"JOR","Jordania","2019","294.50000"
"JOR","Jordania","2020","287.00000"
"JOR","Jordania","2021","298.80000"
"JOR","Jordania","2022","285.21720"
"JOR","Jordania","2023","286.30000"
"JOR","Jordania","2024","285.00000"
"JPN","Japón","1961","6010.00000"
"JPN","Japón","1962","6020.00000"
"JPN","Japón","1963","6020.00000"
"JPN","Japón","1964","6030.00000"
"JPN","Japón","1965","6004.00000"
"JPN","Japón","1966","5996.00000"
"JPN","Japón","1967","5938.00000"
"JPN","Japón","1968","5897.00000"
"JPN","Japón","1969","5752.00000"
"JPN","Japón","1970","5796.00000"
"JPN","Japón","1971","5741.00000"
"JPN","Japón","1972","5684.00000"
"JPN","Japón","1973","5647.00000"
"JPN","Japón","1974","5615.00000"
"JPN","Japón","1975","5573.00000"
"JPN","Japón","1976","5536.00000"
"JPN","Japón","1977","5515.00000"
"JPN","Japón","1978","5494.00000"
"JPN","Japón","1979","5474.00000"
"JPN","Japón","1980","5461.00000"
"JPN","Japón","1981","5442.00000"
"JPN","Japón","1982","5426.00000"
"JPN","Japón","1983","5411.00000"
"JPN","Japón","1984","5396.00000"
"JPN","Japón","1985","5379.00000"
"JPN","Japón","1986","5358.00000"
"JPN","Japón","1987","5340.00000"
"JPN","Japón","1988","5317.00000"
"JPN","Japón","1989","5279.00000"
"JPN","Japón","1990","5243.00000"
"JPN","Japón","1991","5204.00000"
"JPN","Japón","1992","5165.00000"
"JPN","Japón","1993","5124.00000"
"JPN","Japón","1994","5083.00000"
"JPN","Japón","1995","5038.00000"
"JPN","Japón","1996","4994.00000"
"JPN","Japón","1997","4949.00000"
"JPN","Japón","1998","4905.00000"
"JPN","Japón","1999","4866.00000"
"JPN","Japón","2000","4830.00000"
"JPN","Japón","2001","4793.00000"
"JPN","Japón","2002","4763.00000"
"JPN","Japón","2003","4736.00000"
"JPN","Japón","2004","4714.00000"
"JPN","Japón","2005","4692.00000"
"JPN","Japón","2006","4671.00000"
"JPN","Japón","2007","4650.00000"
"JPN","Japón","2008","4628.00000"
"JPN","Japón","2009","4609.00000"
"JPN","Japón","2010","4593.00000"
"JPN","Japón","2011","4561.00000"
"JPN","Japón","2012","4549.00000"
"JPN","Japón","2013","4538.00000"
"JPN","Japón","2014","4518.00000"
"JPN","Japón","2015","4496.00000"
"JPN","Japón","2016","4471.00000"
"JPN","Japón","2017","4444.00000"
"JPN","Japón","2018","4420.00000"
"JPN","Japón","2019","4397.00000"
"JPN","Japón","2020","4372.00000"
"JPN","Japón","2021","4349.00000"
"JPN","Japón","2022","4325.00000"
"JPN","Japón","2023","4297.00000"
"JPN","Japón","2024","4272.00000"
"KAZ","Kazajstán","1992","35201.00000"
"KAZ","Kazajstán","1993","35185.00000"
"KAZ","Kazajstán","1994","34828.00000"
"KAZ","Kazajstán","1995","34860.50000"
"KAZ","Kazajstán","1996","33147.60000"
"KAZ","Kazajstán","1997","32691.80000"
"KAZ","Kazajstán","1998","32294.80000"
"KAZ","Kazajstán","1999","32195.30000"
"KAZ","Kazajstán","2000","30295.30000"
"KAZ","Kazajstán","2001","29485.60000"
"KAZ","Kazajstán","2002","28468.90000"
"KAZ","Kazajstán","2003","28465.40000"
"KAZ","Kazajstán","2004","28598.50000"
"KAZ","Kazajstán","2005","28678.00000"
"KAZ","Kazajstán","2006","28731.50000"
"KAZ","Kazajstán","2007","28755.60000"
"KAZ","Kazajstán","2008","28634.80000"
"KAZ","Kazajstán","2009","28735.60000"
"KAZ","Kazajstán","2010","28800.10000"
"KAZ","Kazajstán","2011","29297.80000"
"KAZ","Kazajstán","2012","29459.70000"
"KAZ","Kazajstán","2013","29526.20000"
"KAZ","Kazajstán","2014","29602.20000"
"KAZ","Kazajstán","2015","29733.10000"
"KAZ","Kazajstán","2016","29774.20000"
"KAZ","Kazajstán","2017","29789.00000"
"KAZ","Kazajstán","2018","29880.00000"
"KAZ","Kazajstán","2019","29989.30000"
"KAZ","Kazajstán","2020","30172.50000"
"KAZ","Kazajstán","2021","30342.20000"
"KAZ","Kazajstán","2022","30443.10000"
"KAZ","Kazajstán","2023","30581.80000"
"KAZ","Kazajstán","2024","30691.60000"
"KEN","Kenia","1961","3727.02000"
"KEN","Kenia","1962","3735.27000"
"KEN","Kenia","1963","3743.52000"
"KEN","Kenia","1964","3751.77000"
"KEN","Kenia","1965","3760.02000"
"KEN","Kenia","1966","3768.28000"
"KEN","Kenia","1967","3776.53000"
"KEN","Kenia","1968","3784.78000"
"KEN","Kenia","1969","3793.03000"
"KEN","Kenia","1970","3801.28000"
"KEN","Kenia","1971","3809.53000"
"KEN","Kenia","1972","3817.78000"
"KEN","Kenia","1973","3826.03000"
"KEN","Kenia","1974","3834.28000"
"KEN","Kenia","1975","4272.00000"
"KEN","Kenia","1976","4278.00000"
"KEN","Kenia","1977","4280.00000"
"KEN","Kenia","1978","4158.25000"
"KEN","Kenia","1979","4166.50000"
"KEN","Kenia","1980","4174.75000"
"KEN","Kenia","1981","4183.00000"
"KEN","Kenia","1982","4191.25000"
"KEN","Kenia","1983","4199.51000"
"KEN","Kenia","1984","4132.76000"
"KEN","Kenia","1985","4990.01000"
"KEN","Kenia","1986","5017.26000"
"KEN","Kenia","1987","5087.51000"
"KEN","Kenia","1988","5322.76000"
"KEN","Kenia","1989","5722.01000"
"KEN","Kenia","1990","5447.26000"
"KEN","Kenia","1991","5562.51000"
"KEN","Kenia","1992","5765.76000"
"KEN","Kenia","1993","5542.02000"
"KEN","Kenia","1994","5942.27000"
"KEN","Kenia","1995","5936.52000"
"KEN","Kenia","1996","5177.77000"
"KEN","Kenia","1997","5329.02000"
"KEN","Kenia","1998","5201.27000"
"KEN","Kenia","1999","5627.52000"
"KEN","Kenia","2000","5430.77000"
"KEN","Kenia","2001","5496.57000"
"KEN","Kenia","2002","5449.65000"
"KEN","Kenia","2003","5510.02000"
"KEN","Kenia","2004","5659.06000"
"KEN","Kenia","2005","5655.43000"
"KEN","Kenia","2006","5688.81000"
"KEN","Kenia","2007","5811.08000"
"KEN","Kenia","2008","5883.70000"
"KEN","Kenia","2009","5972.27000"
"KEN","Kenia","2010","6083.95000"
"KEN","Kenia","2011","6159.82000"
"KEN","Kenia","2012","6292.36000"
"KEN","Kenia","2013","6380.04000"
"KEN","Kenia","2014","6493.11000"
"KEN","Kenia","2015","6640.15000"
"KEN","Kenia","2016","6760.13000"
"KEN","Kenia","2017","6873.61000"
"KEN","Kenia","2018","7009.92000"
"KEN","Kenia","2019","7113.10000"
"KEN","Kenia","2020","7211.26000"
"KEN","Kenia","2021","7241.20000"
"KEN","Kenia","2022","7493.34000"
"KEN","Kenia","2023","7688.64000"
"KEN","Kenia","2024","7766.34000"
"KGZ","Kirguistán","1992","1388.00000"
"KGZ","Kirguistán","1993","1420.00000"
"KGZ","Kirguistán","1994","1422.00000"
"KGZ","Kirguistán","1995","1424.00000"
"KGZ","Kirguistán","1996","1425.00000"
"KGZ","Kirguistán","1997","1426.00000"
"KGZ","Kirguistán","1998","1428.00000"
"KGZ","Kirguistán","1999","1435.00000"
"KGZ","Kirguistán","2000","1423.00000"
"KGZ","Kirguistán","2001","1410.00000"
"KGZ","Kirguistán","2002","1411.00000"
"KGZ","Kirguistán","2003","1411.00000"
"KGZ","Kirguistán","2004","1406.00000"
"KGZ","Kirguistán","2005","1356.00000"
"KGZ","Kirguistán","2006","1355.60000"
"KGZ","Kirguistán","2007","1353.40000"
"KGZ","Kirguistán","2008","1352.90000"
"KGZ","Kirguistán","2009","1351.00000"
"KGZ","Kirguistán","2010","1350.40000"
"KGZ","Kirguistán","2011","1350.60000"
"KGZ","Kirguistán","2012","1351.40000"
"KGZ","Kirguistán","2013","1354.00000"
"KGZ","Kirguistán","2014","1355.80000"
"KGZ","Kirguistán","2015","1355.60000"
"KGZ","Kirguistán","2016","1363.80000"
"KGZ","Kirguistán","2017","1363.80000"
"KGZ","Kirguistán","2018","1365.00000"
"KGZ","Kirguistán","2019","1364.00000"
"KGZ","Kirguistán","2020","1364.10000"
"KGZ","Kirguistán","2021","1364.10000"
"KGZ","Kirguistán","2022","1363.50000"
"KGZ","Kirguistán","2023","1365.30000"
"KGZ","Kirguistán","2024","1362.81000"
"KHM","Camboya","1961","2938.00000"
"KHM","Camboya","1962","2953.00000"
"KHM","Camboya","1963","2962.00000"
"KHM","Camboya","1964","3015.00000"
"KHM","Camboya","1965","3047.00000"
"KHM","Camboya","1966","3047.00000"
"KHM","Camboya","1967","3049.00000"
"KHM","Camboya","1968","2997.00000"
"KHM","Camboya","1969","2897.00000"
"KHM","Camboya","1970","2839.00000"
"KHM","Camboya","1971","1870.00000"
"KHM","Camboya","1972","1870.00000"
"KHM","Camboya","1973","1870.00000"
"KHM","Camboya","1974","1920.00000"
"KHM","Camboya","1975","1920.00000"
"KHM","Camboya","1976","1970.00000"
"KHM","Camboya","1977","1970.00000"
"KHM","Camboya","1978","2020.00000"
"KHM","Camboya","1979","2020.00000"
"KHM","Camboya","1980","2070.00000"
"KHM","Camboya","1981","2070.00000"
"KHM","Camboya","1982","2100.00000"
"KHM","Camboya","1983","2110.00000"
"KHM","Camboya","1984","2110.00000"
"KHM","Camboya","1985","2370.49000"
"KHM","Camboya","1986","2676.62000"
"KHM","Camboya","1987","3076.63000"
"KHM","Camboya","1988","3527.31000"
"KHM","Camboya","1989","3785.00000"
"KHM","Camboya","1990","3780.84000"
"KHM","Camboya","1991","3800.60000"
"KHM","Camboya","1992","3805.57000"
"KHM","Camboya","1993","3822.22000"
"KHM","Camboya","1994","3814.55000"
"KHM","Camboya","1995","3813.15000"
"KHM","Camboya","1996","3825.66000"
"KHM","Camboya","1997","3824.96000"
"KHM","Camboya","1998","3828.84000"
"KHM","Camboya","1999","3832.72000"
"KHM","Camboya","2000","3836.60000"
"KHM","Camboya","2001","3840.48000"
"KHM","Camboya","2002","3844.36000"
"KHM","Camboya","2003","3848.24000"
"KHM","Camboya","2004","3852.12000"
"KHM","Camboya","2005","3856.00000"
"KHM","Camboya","2006","3849.18000"
"KHM","Camboya","2007","3842.37000"
"KHM","Camboya","2008","3835.55000"
"KHM","Camboya","2009","3828.73000"
"KHM","Camboya","2010","3881.41000"
"KHM","Camboya","2011","3933.20000"
"KHM","Camboya","2012","3998.76000"
"KHM","Camboya","2013","4051.99000"
"KHM","Camboya","2014","4092.61000"
"KHM","Camboya","2015","4147.94000"
"KHM","Camboya","2016","4200.00000"
"KHM","Camboya","2017","4284.62000"
"KHM","Camboya","2018","4358.36000"
"KHM","Camboya","2019","4451.60000"
"KHM","Camboya","2020","4554.88000"
"KHM","Camboya","2021","4625.24000"
"KHM","Camboya","2022","4621.51000"
"KHM","Camboya","2023","4621.51000"
"KHM","Camboya","2024","4620.44000"
"KIR","Kiribati","1961","39.00000"
"KIR","Kiribati","1962","39.00000"
"KIR","Kiribati","1963","43.00000"
"KIR","Kiribati","1964","43.00000"
"KIR","Kiribati","1965","43.00000"
"KIR","Kiribati","1966","43.00000"
"KIR","Kiribati","1967","38.00000"
"KIR","Kiribati","1968","38.00000"
"KIR","Kiribati","1969","38.00000"
"KIR","Kiribati","1970","38.00000"
"KIR","Kiribati","1971","38.00000"
"KIR","Kiribati","1972","38.00000"
"KIR","Kiribati","1973","38.00000"
"KIR","Kiribati","1974","38.00000"
"KIR","Kiribati","1975","38.00000"
"KIR","Kiribati","1976","38.00000"
"KIR","Kiribati","1977","38.00000"
"KIR","Kiribati","1978","38.00000"
"KIR","Kiribati","1979","38.00000"
"KIR","Kiribati","1980","38.00000"
"KIR","Kiribati","1981","38.00000"
"KIR","Kiribati","1982","38.00000"
"KIR","Kiribati","1983","38.00000"
"KIR","Kiribati","1984","39.00000"
"KIR","Kiribati","1985","39.00000"
"KIR","Kiribati","1986","39.00000"
"KIR","Kiribati","1987","39.00000"
"KIR","Kiribati","1988","39.00000"
"KIR","Kiribati","1989","39.00000"
"KIR","Kiribati","1990","39.00000"
"KIR","Kiribati","1991","39.00000"
"KIR","Kiribati","1992","39.00000"
"KIR","Kiribati","1993","37.00000"
"KIR","Kiribati","1994","37.00000"
"KIR","Kiribati","1995","37.00000"
"KIR","Kiribati","1996","37.00000"
"KIR","Kiribati","1997","37.00000"
"KIR","Kiribati","1998","34.00000"
"KIR","Kiribati","1999","34.00000"
"KIR","Kiribati","2000","34.00000"
"KIR","Kiribati","2001","34.00000"
"KIR","Kiribati","2002","34.00000"
"KIR","Kiribati","2003","34.00000"
"KIR","Kiribati","2004","34.00000"
"KIR","Kiribati","2005","34.00000"
"KIR","Kiribati","2006","34.00000"
"KIR","Kiribati","2007","34.00000"
"KIR","Kiribati","2008","34.00000"
"KIR","Kiribati","2009","34.00000"
"KIR","Kiribati","2010","34.00000"
"KIR","Kiribati","2011","34.00000"
"KIR","Kiribati","2012","34.00000"
"KIR","Kiribati","2013","34.00000"
"KIR","Kiribati","2014","34.00000"
"KIR","Kiribati","2015","34.00000"
"KIR","Kiribati","2016","34.00000"
"KIR","Kiribati","2017","34.00000"
"KIR","Kiribati","2018","34.00000"
"KIR","Kiribati","2019","34.00000"
"KIR","Kiribati","2020","34.00000"
"KIR","Kiribati","2021","34.00000"
"KIR","Kiribati","2022","34.00000"
"KIR","Kiribati","2023","34.00000"
"KIR","Kiribati","2024","34.00000"
"KNA","Saint Kitts y Nevis","1961","16.00000"
"KNA","Saint Kitts y Nevis","1962","16.00000"
"KNA","Saint Kitts y Nevis","1963","16.00000"
"KNA","Saint Kitts y Nevis","1964","16.00000"
"KNA","Saint Kitts y Nevis","1965","16.00000"
"KNA","Saint Kitts y Nevis","1966","16.00000"
"KNA","Saint Kitts y Nevis","1967","16.00000"
"KNA","Saint Kitts y Nevis","1968","16.00000"
"KNA","Saint Kitts y Nevis","1969","14.00000"
"KNA","Saint Kitts y Nevis","1970","14.00000"
"KNA","Saint Kitts y Nevis","1971","14.00000"
"KNA","Saint Kitts y Nevis","1972","14.00000"
"KNA","Saint Kitts y Nevis","1973","14.00000"
"KNA","Saint Kitts y Nevis","1974","14.00000"
"KNA","Saint Kitts y Nevis","1975","14.00000"
"KNA","Saint Kitts y Nevis","1976","14.00000"
"KNA","Saint Kitts y Nevis","1977","14.00000"
"KNA","Saint Kitts y Nevis","1978","14.00000"
"KNA","Saint Kitts y Nevis","1979","14.00000"
"KNA","Saint Kitts y Nevis","1980","14.00000"
"KNA","Saint Kitts y Nevis","1981","14.00000"
"KNA","Saint Kitts y Nevis","1982","13.00000"
"KNA","Saint Kitts y Nevis","1983","13.00000"
"KNA","Saint Kitts y Nevis","1984","12.00000"
"KNA","Saint Kitts y Nevis","1985","12.00000"
"KNA","Saint Kitts y Nevis","1986","11.00000"
"KNA","Saint Kitts y Nevis","1987","11.00000"
"KNA","Saint Kitts y Nevis","1988","11.00000"
"KNA","Saint Kitts y Nevis","1989","11.00000"
"KNA","Saint Kitts y Nevis","1990","10.00000"
"KNA","Saint Kitts y Nevis","1991","10.00000"
"KNA","Saint Kitts y Nevis","1992","10.00000"
"KNA","Saint Kitts y Nevis","1993","10.00000"
"KNA","Saint Kitts y Nevis","1994","8.00000"
"KNA","Saint Kitts y Nevis","1995","8.00000"
"KNA","Saint Kitts y Nevis","1996","7.00000"
"KNA","Saint Kitts y Nevis","1997","7.00000"
"KNA","Saint Kitts y Nevis","1998","7.00000"
"KNA","Saint Kitts y Nevis","1999","8.00000"
"KNA","Saint Kitts y Nevis","2000","7.33000"
"KNA","Saint Kitts y Nevis","2001","6.67000"
"KNA","Saint Kitts y Nevis","2002","6.00000"
"KNA","Saint Kitts y Nevis","2003","5.33000"
"KNA","Saint Kitts y Nevis","2004","4.67000"
"KNA","Saint Kitts y Nevis","2005","4.00000"
"KNA","Saint Kitts y Nevis","2006","4.03000"
"KNA","Saint Kitts y Nevis","2007","4.07000"
"KNA","Saint Kitts y Nevis","2008","4.10000"
"KNA","Saint Kitts y Nevis","2009","4.20000"
"KNA","Saint Kitts y Nevis","2010","4.60000"
"KNA","Saint Kitts y Nevis","2011","5.10000"
"KNA","Saint Kitts y Nevis","2012","5.10000"
"KNA","Saint Kitts y Nevis","2013","5.10000"
"KNA","Saint Kitts y Nevis","2014","5.10000"
"KNA","Saint Kitts y Nevis","2015","5.10000"
"KNA","Saint Kitts y Nevis","2016","5.10000"
"KNA","Saint Kitts y Nevis","2017","5.10000"
"KNA","Saint Kitts y Nevis","2018","5.10000"
"KNA","Saint Kitts y Nevis","2019","5.10000"
"KNA","Saint Kitts y Nevis","2020","5.10000"
"KNA","Saint Kitts y Nevis","2021","5.10000"
"KNA","Saint Kitts y Nevis","2022","5.10000"
"KNA","Saint Kitts y Nevis","2023","5.10000"
"KNA","Saint Kitts y Nevis","2024","5.10000"
"KOR","Corea del Sur","1961","2095.00000"
"KOR","Corea del Sur","1962","2063.00000"
"KOR","Corea del Sur","1963","2080.00000"
"KOR","Corea del Sur","1964","2171.00000"
"KOR","Corea del Sur","1965","2256.00000"
"KOR","Corea del Sur","1966","2293.00000"
"KOR","Corea del Sur","1967","2312.00000"
"KOR","Corea del Sur","1968","2319.00000"
"KOR","Corea del Sur","1969","2311.00000"
"KOR","Corea del Sur","1970","2298.00000"
"KOR","Corea del Sur","1971","2271.00000"
"KOR","Corea del Sur","1972","2242.00000"
"KOR","Corea del Sur","1973","2241.00000"
"KOR","Corea del Sur","1974","2238.00000"
"KOR","Corea del Sur","1975","2240.00000"
"KOR","Corea del Sur","1976","2238.00000"
"KOR","Corea del Sur","1977","2231.00000"
"KOR","Corea del Sur","1978","2222.00000"
"KOR","Corea del Sur","1979","2207.00000"
"KOR","Corea del Sur","1980","2196.00000"
"KOR","Corea del Sur","1981","2188.00000"
"KOR","Corea del Sur","1982","2180.00000"
"KOR","Corea del Sur","1983","2167.00000"
"KOR","Corea del Sur","1984","2153.00000"
"KOR","Corea del Sur","1985","2144.00000"
"KOR","Corea del Sur","1986","2141.00000"
"KOR","Corea del Sur","1987","2143.00000"
"KOR","Corea del Sur","1988","2138.00000"
"KOR","Corea del Sur","1989","2127.00000"
"KOR","Corea del Sur","1990","2109.00000"
"KOR","Corea del Sur","1991","2091.00000"
"KOR","Corea del Sur","1992","2070.00000"
"KOR","Corea del Sur","1993","2055.00000"
"KOR","Corea del Sur","1994","2033.00000"
"KOR","Corea del Sur","1995","1985.00000"
"KOR","Corea del Sur","1996","1945.00000"
"KOR","Corea del Sur","1997","1924.00000"
"KOR","Corea del Sur","1998","1910.00000"
"KOR","Corea del Sur","1999","1899.00000"
"KOR","Corea del Sur","2000","1918.00000"
"KOR","Corea del Sur","2001","1889.00000"
"KOR","Corea del Sur","2002","1863.00000"
"KOR","Corea del Sur","2003","1846.00000"
"KOR","Corea del Sur","2004","1836.00000"
"KOR","Corea del Sur","2005","1824.00000"
"KOR","Corea del Sur","2006","1800.00000"
"KOR","Corea del Sur","2007","1782.00000"
"KOR","Corea del Sur","2008","1759.00000"
"KOR","Corea del Sur","2009","1737.00000"
"KOR","Corea del Sur","2010","1715.00000"
"KOR","Corea del Sur","2011","1698.00000"
"KOR","Corea del Sur","2012","1730.00000"
"KOR","Corea del Sur","2013","1711.00000"
"KOR","Corea del Sur","2014","1691.00000"
"KOR","Corea del Sur","2015","1679.00000"
"KOR","Corea del Sur","2016","1644.00000"
"KOR","Corea del Sur","2017","1620.70000"
"KOR","Corea del Sur","2018","1596.00000"
"KOR","Corea del Sur","2019","1581.00000"
"KOR","Corea del Sur","2020","1565.00000"
"KOR","Corea del Sur","2021","1547.00000"
"KOR","Corea del Sur","2022","1528.00000"
"KOR","Corea del Sur","2023","1512.00000"
"KOR","Corea del Sur","2024","1505.00000"
"KWT","Kuwait","1961","1.00000"
"KWT","Kuwait","1962","1.00000"
"KWT","Kuwait","1963","1.00000"
"KWT","Kuwait","1964","1.00000"
"KWT","Kuwait","1965","1.00000"
"KWT","Kuwait","1966","1.00000"
"KWT","Kuwait","1967","1.00000"
"KWT","Kuwait","1968","1.00000"
"KWT","Kuwait","1969","1.00000"
"KWT","Kuwait","1970","1.00000"
"KWT","Kuwait","1971","1.00000"
"KWT","Kuwait","1972","1.00000"
"KWT","Kuwait","1973","1.00000"
"KWT","Kuwait","1974","1.00000"
"KWT","Kuwait","1975","1.00000"
"KWT","Kuwait","1976","1.00000"
"KWT","Kuwait","1977","1.00000"
"KWT","Kuwait","1978","1.00000"
"KWT","Kuwait","1979","1.00000"
"KWT","Kuwait","1980","1.00000"
"KWT","Kuwait","1981","2.00000"
"KWT","Kuwait","1982","2.00000"
"KWT","Kuwait","1983","2.00000"
"KWT","Kuwait","1984","3.00000"
"KWT","Kuwait","1985","3.00000"
"KWT","Kuwait","1986","4.00000"
"KWT","Kuwait","1987","4.00000"
"KWT","Kuwait","1988","5.00000"
"KWT","Kuwait","1989","5.00000"
"KWT","Kuwait","1990","5.00000"
"KWT","Kuwait","1991","5.00000"
"KWT","Kuwait","1992","5.00000"
"KWT","Kuwait","1993","6.00000"
"KWT","Kuwait","1994","6.00000"
"KWT","Kuwait","1995","6.00000"
"KWT","Kuwait","1996","7.00000"
"KWT","Kuwait","1997","7.00000"
"KWT","Kuwait","1998","7.00000"
"KWT","Kuwait","1999","8.00000"
"KWT","Kuwait","2000","12.00000"
"KWT","Kuwait","2001","15.00000"
"KWT","Kuwait","2002","15.15000"
"KWT","Kuwait","2003","15.30000"
"KWT","Kuwait","2004","15.45000"
"KWT","Kuwait","2005","15.60000"
"KWT","Kuwait","2006","15.75000"
"KWT","Kuwait","2007","15.90000"
"KWT","Kuwait","2008","16.05000"
"KWT","Kuwait","2009","16.20000"
"KWT","Kuwait","2010","16.35000"
"KWT","Kuwait","2011","16.50000"
"KWT","Kuwait","2012","16.00000"
"KWT","Kuwait","2013","17.60000"
"KWT","Kuwait","2014","16.10000"
"KWT","Kuwait","2015","13.40000"
"KWT","Kuwait","2016","14.00000"
"KWT","Kuwait","2017","15.40000"
"KWT","Kuwait","2018","14.00000"
"KWT","Kuwait","2019","14.00000"
"KWT","Kuwait","2020","14.00000"
"KWT","Kuwait","2021","14.00000"
"KWT","Kuwait","2022","14.00000"
"KWT","Kuwait","2023","14.00000"
"KWT","Kuwait","2024","14.00000"
"LAO","Laos","1961","650.00000"
"LAO","Laos","1962","650.00000"
"LAO","Laos","1963","650.00000"
"LAO","Laos","1964","650.00000"
"LAO","Laos","1965","650.00000"
"LAO","Laos","1966","660.00000"
"LAO","Laos","1967","660.00000"
"LAO","Laos","1968","670.00000"
"LAO","Laos","1969","672.00000"
"LAO","Laos","1970","677.00000"
"LAO","Laos","1971","682.00000"
"LAO","Laos","1972","712.00000"
"LAO","Laos","1973","732.00000"
"LAO","Laos","1974","755.00000"
"LAO","Laos","1975","768.00000"
"LAO","Laos","1976","780.00000"
"LAO","Laos","1977","790.00000"
"LAO","Laos","1978","798.00000"
"LAO","Laos","1979","805.00000"
"LAO","Laos","1980","806.00000"
"LAO","Laos","1981","809.00000"
"LAO","Laos","1982","817.00000"
"LAO","Laos","1983","820.00000"
"LAO","Laos","1984","830.00000"
"LAO","Laos","1985","835.00000"
"LAO","Laos","1986","838.00000"
"LAO","Laos","1987","840.00000"
"LAO","Laos","1988","850.00000"
"LAO","Laos","1989","852.00000"
"LAO","Laos","1990","860.00000"
"LAO","Laos","1991","862.00000"
"LAO","Laos","1992","864.00000"
"LAO","Laos","1993","865.00000"
"LAO","Laos","1994","890.00000"
"LAO","Laos","1995","900.00000"
"LAO","Laos","1996","900.00000"
"LAO","Laos","1997","930.00000"
"LAO","Laos","1998","940.00000"
"LAO","Laos","1999","958.00000"
"LAO","Laos","2000","1001.00000"
"LAO","Laos","2001","1052.26000"
"LAO","Laos","2002","1100.61000"
"LAO","Laos","2003","1148.95000"
"LAO","Laos","2004","1197.30000"
"LAO","Laos","2005","1245.64000"
"LAO","Laos","2006","1293.99000"
"LAO","Laos","2007","1338.00000"
"LAO","Laos","2008","1389.00000"
"LAO","Laos","2009","1468.00000"
"LAO","Laos","2010","1503.50000"
"LAO","Laos","2011","1539.80000"
"LAO","Laos","2012","1577.85000"
"LAO","Laos","2013","1665.40000"
"LAO","Laos","2014","1710.20000"
"LAO","Laos","2015","1735.90000"
"LAO","Laos","2016","1749.00000"
"LAO","Laos","2017","1682.60000"
"LAO","Laos","2018","1642.80000"
"LAO","Laos","2019","1585.90000"
"LAO","Laos","2020","1530.90000"
"LAO","Laos","2021","1533.40000"
"LAO","Laos","2022","1582.80000"
"LAO","Laos","2023","1605.06000"
"LAO","Laos","2024","1598.27000"
"LBN","Líbano","1961","262.00000"
"LBN","Líbano","1962","270.00000"
"LBN","Líbano","1963","270.00000"
"LBN","Líbano","1964","280.00000"
"LBN","Líbano","1965","296.00000"
"LBN","Líbano","1966","296.00000"
"LBN","Líbano","1967","306.00000"
"LBN","Líbano","1968","316.00000"
"LBN","Líbano","1969","321.80000"
"LBN","Líbano","1970","327.60000"
"LBN","Líbano","1971","333.40000"
"LBN","Líbano","1972","339.20000"
"LBN","Líbano","1973","345.00000"
"LBN","Líbano","1974","339.13000"
"LBN","Líbano","1975","333.25000"
"LBN","Líbano","1976","327.38000"
"LBN","Líbano","1977","321.50000"
"LBN","Líbano","1978","315.63000"
"LBN","Líbano","1979","309.75000"
"LBN","Líbano","1980","303.88000"
"LBN","Líbano","1981","298.00000"
"LBN","Líbano","1982","298.00000"
"LBN","Líbano","1983","298.89000"
"LBN","Líbano","1984","299.78000"
"LBN","Líbano","1985","300.67000"
"LBN","Líbano","1986","301.56000"
"LBN","Líbano","1987","302.44000"
"LBN","Líbano","1988","303.33000"
"LBN","Líbano","1989","304.22000"
"LBN","Líbano","1990","305.11000"
"LBN","Líbano","1991","306.00000"
"LBN","Líbano","1992","306.33000"
"LBN","Líbano","1993","306.67000"
"LBN","Líbano","1994","307.00000"
"LBN","Líbano","1995","298.60000"
"LBN","Líbano","1996","290.20000"
"LBN","Líbano","1997","281.80000"
"LBN","Líbano","1998","273.40000"
"LBN","Líbano","1999","265.00000"
"LBN","Líbano","2000","270.00000"
"LBN","Líbano","2001","263.00000"
"LBN","Líbano","2002","271.00000"
"LBN","Líbano","2003","277.00000"
"LBN","Líbano","2004","278.30000"
"LBN","Líbano","2005","283.00000"
"LBN","Líbano","2006","279.00000"
"LBN","Líbano","2007","277.10000"
"LBN","Líbano","2008","263.00000"
"LBN","Líbano","2009","263.00000"
"LBN","Líbano","2010","240.00000"
"LBN","Líbano","2011","235.94000"
"LBN","Líbano","2012","242.25000"
"LBN","Líbano","2013","244.46000"
"LBN","Líbano","2014","256.06000"
"LBN","Líbano","2015","263.37000"
"LBN","Líbano","2016","267.24000"
"LBN","Líbano","2017","273.32000"
"LBN","Líbano","2018","258.00000"
"LBN","Líbano","2019","258.00000"
"LBN","Líbano","2020","277.30000"
"LBN","Líbano","2021","279.30000"
"LBN","Líbano","2022","279.30000"
"LBN","Líbano","2023","275.95000"
"LBN","Líbano","2024","251.30000"
"LBR","Liberia","1961","583.00000"
"LBR","Liberia","1962","581.00000"
"LBR","Liberia","1963","581.00000"
"LBR","Liberia","1964","578.00000"
"LBR","Liberia","1965","578.00000"
"LBR","Liberia","1966","575.00000"
"LBR","Liberia","1967","575.00000"
"LBR","Liberia","1968","573.00000"
"LBR","Liberia","1969","573.00000"
"LBR","Liberia","1970","571.00000"
"LBR","Liberia","1971","571.00000"
"LBR","Liberia","1972","571.00000"
"LBR","Liberia","1973","571.00000"
"LBR","Liberia","1974","571.00000"
"LBR","Liberia","1975","571.00000"
"LBR","Liberia","1976","571.00000"
"LBR","Liberia","1977","576.00000"
"LBR","Liberia","1978","576.00000"
"LBR","Liberia","1979","576.00000"
"LBR","Liberia","1980","576.00000"
"LBR","Liberia","1981","576.00000"
"LBR","Liberia","1982","580.00000"
"LBR","Liberia","1983","585.00000"
"LBR","Liberia","1984","586.00000"
"LBR","Liberia","1985","588.00000"
"LBR","Liberia","1986","597.00000"
"LBR","Liberia","1987","603.00000"
"LBR","Liberia","1988","600.00000"
"LBR","Liberia","1989","600.00000"
"LBR","Liberia","1990","500.00000"
"LBR","Liberia","1991","500.00000"
"LBR","Liberia","1992","500.00000"
"LBR","Liberia","1993","500.00000"
"LBR","Liberia","1994","500.00000"
"LBR","Liberia","1995","500.00000"
"LBR","Liberia","1996","500.00000"
"LBR","Liberia","1997","520.00000"
"LBR","Liberia","1998","560.00000"
"LBR","Liberia","1999","590.00000"
"LBR","Liberia","2000","610.00000"
"LBR","Liberia","2001","610.00000"
"LBR","Liberia","2002","610.00000"
"LBR","Liberia","2003","610.00000"
"LBR","Liberia","2004","615.00000"
"LBR","Liberia","2005","615.00000"
"LBR","Liberia","2006","615.00000"
"LBR","Liberia","2007","615.00000"
"LBR","Liberia","2008","630.00000"
"LBR","Liberia","2009","650.00000"
"LBR","Liberia","2010","660.00000"
"LBR","Liberia","2011","705.00000"
"LBR","Liberia","2012","710.00000"
"LBR","Liberia","2013","710.00000"
"LBR","Liberia","2014","710.00000"
"LBR","Liberia","2015","700.00000"
"LBR","Liberia","2016","700.00000"
"LBR","Liberia","2017","700.00000"
"LBR","Liberia","2018","700.00000"
"LBR","Liberia","2019","702.14000"
"LBR","Liberia","2020","704.28000"
"LBR","Liberia","2021","706.42000"
"LBR","Liberia","2022","708.56000"
"LBR","Liberia","2023","710.71000"
"LBR","Liberia","2024","712.85000"
"LBY","Libia","1961","1970.00000"
"LBY","Libia","1962","1983.00000"
"LBY","Libia","1963","1985.00000"
"LBY","Libia","1964","1993.00000"
"LBY","Libia","1965","1995.00000"
"LBY","Libia","1966","2003.00000"
"LBY","Libia","1967","2005.00000"
"LBY","Libia","1968","2015.00000"
"LBY","Libia","1969","2020.00000"
"LBY","Libia","1970","2025.00000"
"LBY","Libia","1971","2035.00000"
"LBY","Libia","1972","2038.00000"
"LBY","Libia","1973","2045.00000"
"LBY","Libia","1974","2048.00000"
"LBY","Libia","1975","2055.00000"
"LBY","Libia","1976","2058.00000"
"LBY","Libia","1977","2065.00000"
"LBY","Libia","1978","2073.00000"
"LBY","Libia","1979","2075.00000"
"LBY","Libia","1980","2080.00000"
"LBY","Libia","1981","2085.00000"
"LBY","Libia","1982","2092.00000"
"LBY","Libia","1983","2105.00000"
"LBY","Libia","1984","2115.00000"
"LBY","Libia","1985","2127.00000"
"LBY","Libia","1986","2135.00000"
"LBY","Libia","1987","2140.00000"
"LBY","Libia","1988","2140.00000"
"LBY","Libia","1989","2145.00000"
"LBY","Libia","1990","2155.00000"
"LBY","Libia","1991","2160.00000"
"LBY","Libia","1992","2165.00000"
"LBY","Libia","1993","2165.00000"
"LBY","Libia","1994","2175.00000"
"LBY","Libia","1995","2215.00000"
"LBY","Libia","1996","2366.00000"
"LBY","Libia","1997","2366.00000"
"LBY","Libia","1998","2150.00000"
"LBY","Libia","1999","2150.00000"
"LBY","Libia","2000","2150.00000"
"LBY","Libia","2001","2150.00000"
"LBY","Libia","2002","2150.00000"
"LBY","Libia","2003","2150.00000"
"LBY","Libia","2004","2085.00000"
"LBY","Libia","2005","2085.00000"
"LBY","Libia","2006","2085.00000"
"LBY","Libia","2007","2085.00000"
"LBY","Libia","2008","2085.00000"
"LBY","Libia","2009","2085.00000"
"LBY","Libia","2010","2051.00000"
"LBY","Libia","2011","2051.00000"
"LBY","Libia","2012","2055.00000"
"LBY","Libia","2013","2055.00000"
"LBY","Libia","2014","2050.00000"
"LBY","Libia","2015","2050.00000"
"LBY","Libia","2016","2050.00000"
"LBY","Libia","2017","2050.00000"
"LBY","Libia","2018","2050.00000"
"LBY","Libia","2019","2050.00000"
"LBY","Libia","2020","2050.00000"
"LBY","Libia","2021","2050.00000"
"LBY","Libia","2022","2050.00000"
"LBY","Libia","2023","2050.00000"
"LBY","Libia","2024","2050.00000"
"LCA","Santa Lucía","1961","14.00000"
"LCA","Santa Lucía","1962","14.00000"
"LCA","Santa Lucía","1963","15.00000"
"LCA","Santa Lucía","1964","15.00000"
"LCA","Santa Lucía","1965","15.00000"
"LCA","Santa Lucía","1966","15.00000"
"LCA","Santa Lucía","1967","16.00000"
"LCA","Santa Lucía","1968","16.00000"
"LCA","Santa Lucía","1969","16.00000"
"LCA","Santa Lucía","1970","16.00000"
"LCA","Santa Lucía","1971","17.00000"
"LCA","Santa Lucía","1972","17.00000"
"LCA","Santa Lucía","1973","17.00000"
"LCA","Santa Lucía","1974","16.90000"
"LCA","Santa Lucía","1975","17.00000"
"LCA","Santa Lucía","1976","17.00000"
"LCA","Santa Lucía","1977","17.00000"
"LCA","Santa Lucía","1978","17.00000"
"LCA","Santa Lucía","1979","17.20000"
"LCA","Santa Lucía","1980","17.50000"
"LCA","Santa Lucía","1981","17.80000"
"LCA","Santa Lucía","1982","18.00000"
"LCA","Santa Lucía","1983","18.20000"
"LCA","Santa Lucía","1984","18.50000"
"LCA","Santa Lucía","1985","18.80000"
"LCA","Santa Lucía","1986","19.20000"
"LCA","Santa Lucía","1987","19.00000"
"LCA","Santa Lucía","1988","19.00000"
"LCA","Santa Lucía","1989","19.00000"
"LCA","Santa Lucía","1990","18.90000"
"LCA","Santa Lucía","1991","17.80000"
"LCA","Santa Lucía","1992","17.70000"
"LCA","Santa Lucía","1993","17.70000"
"LCA","Santa Lucía","1994","17.50000"
"LCA","Santa Lucía","1995","16.00000"
"LCA","Santa Lucía","1996","15.70000"
"LCA","Santa Lucía","1997","15.14000"
"LCA","Santa Lucía","1998","14.58000"
"LCA","Santa Lucía","1999","14.03000"
"LCA","Santa Lucía","2000","13.47000"
"LCA","Santa Lucía","2001","12.91000"
"LCA","Santa Lucía","2002","12.35000"
"LCA","Santa Lucía","2003","11.79000"
"LCA","Santa Lucía","2004","11.23000"
"LCA","Santa Lucía","2005","10.68000"
"LCA","Santa Lucía","2006","10.12000"
"LCA","Santa Lucía","2007","9.56000"
"LCA","Santa Lucía","2008","9.56000"
"LCA","Santa Lucía","2009","9.56000"
"LCA","Santa Lucía","2010","9.56000"
"LCA","Santa Lucía","2011","9.56000"
"LCA","Santa Lucía","2012","9.56000"
"LCA","Santa Lucía","2013","9.56000"
"LCA","Santa Lucía","2014","9.56000"
"LCA","Santa Lucía","2015","9.56000"
"LCA","Santa Lucía","2016","9.56000"
"LCA","Santa Lucía","2017","9.56000"
"LCA","Santa Lucía","2018","9.56000"
"LCA","Santa Lucía","2019","9.56000"
"LCA","Santa Lucía","2020","9.56000"
"LCA","Santa Lucía","2021","9.56000"
"LCA","Santa Lucía","2022","9.56000"
"LCA","Santa Lucía","2023","9.56000"
"LCA","Santa Lucía","2024","9.56000"
"LIE","Liechtenstein","1961","4.00000"
"LIE","Liechtenstein","1962","4.00000"
"LIE","Liechtenstein","1963","4.00000"
"LIE","Liechtenstein","1964","4.00000"
"LIE","Liechtenstein","1965","4.00000"
"LIE","Liechtenstein","1966","4.00000"
"LIE","Liechtenstein","1967","4.00000"
"LIE","Liechtenstein","1968","4.00000"
"LIE","Liechtenstein","1969","4.00000"
"LIE","Liechtenstein","1970","4.00000"
"LIE","Liechtenstein","1971","4.00000"
"LIE","Liechtenstein","1972","4.00000"
"LIE","Liechtenstein","1973","4.00000"
"LIE","Liechtenstein","1974","4.00000"
"LIE","Liechtenstein","1975","4.00000"
"LIE","Liechtenstein","1976","4.00000"
"LIE","Liechtenstein","1977","4.00000"
"LIE","Liechtenstein","1978","4.00000"
"LIE","Liechtenstein","1979","4.00000"
"LIE","Liechtenstein","1980","4.00000"
"LIE","Liechtenstein","1981","4.00000"
"LIE","Liechtenstein","1982","4.00000"
"LIE","Liechtenstein","1983","4.00000"
"LIE","Liechtenstein","1984","3.99000"
"LIE","Liechtenstein","1985","3.99000"
"LIE","Liechtenstein","1986","3.98000"
"LIE","Liechtenstein","1987","3.98000"
"LIE","Liechtenstein","1988","3.97000"
"LIE","Liechtenstein","1989","3.97000"
"LIE","Liechtenstein","1990","3.96000"
"LIE","Liechtenstein","1991","3.96000"
"LIE","Liechtenstein","1992","3.95000"
"LIE","Liechtenstein","1993","3.94000"
"LIE","Liechtenstein","1994","3.94000"
"LIE","Liechtenstein","1995","3.93000"
"LIE","Liechtenstein","1996","3.93000"
"LIE","Liechtenstein","1997","3.92000"
"LIE","Liechtenstein","1998","3.92000"
"LIE","Liechtenstein","1999","3.91000"
"LIE","Liechtenstein","2000","3.91000"
"LIE","Liechtenstein","2001","3.90000"
"LIE","Liechtenstein","2002","3.74000"
"LIE","Liechtenstein","2003","3.58000"
"LIE","Liechtenstein","2004","3.42000"
"LIE","Liechtenstein","2005","3.27000"
"LIE","Liechtenstein","2006","3.11000"
"LIE","Liechtenstein","2007","2.95000"
"LIE","Liechtenstein","2008","2.79000"
"LIE","Liechtenstein","2009","2.63000"
"LIE","Liechtenstein","2010","2.47000"
"LIE","Liechtenstein","2011","2.32000"
"LIE","Liechtenstein","2012","2.16000"
"LIE","Liechtenstein","2013","2.00000"
"LIE","Liechtenstein","2014","1.84000"
"LIE","Liechtenstein","2015","1.82000"
"LIE","Liechtenstein","2016","1.80000"
"LIE","Liechtenstein","2017","1.77000"
"LIE","Liechtenstein","2018","1.75000"
"LIE","Liechtenstein","2019","1.73000"
"LIE","Liechtenstein","2020","1.73000"
"LIE","Liechtenstein","2021","1.73000"
"LIE","Liechtenstein","2022","1.73000"
"LIE","Liechtenstein","2023","1.73000"
"LIE","Liechtenstein","2024","1.73000"
"LKA","Sri Lanka","1961","1538.00000"
"LKA","Sri Lanka","1962","1522.00000"
"LKA","Sri Lanka","1963","1875.00000"
"LKA","Sri Lanka","1964","1873.00000"
"LKA","Sri Lanka","1965","1876.00000"
"LKA","Sri Lanka","1966","1875.00000"
"LKA","Sri Lanka","1967","1875.00000"
"LKA","Sri Lanka","1968","1882.00000"
"LKA","Sri Lanka","1969","1889.00000"
"LKA","Sri Lanka","1970","1894.00000"
"LKA","Sri Lanka","1971","1900.00000"
"LKA","Sri Lanka","1972","1906.00000"
"LKA","Sri Lanka","1973","1912.00000"
"LKA","Sri Lanka","1974","1918.00000"
"LKA","Sri Lanka","1975","1920.00000"
"LKA","Sri Lanka","1976","1957.00000"
"LKA","Sri Lanka","1977","1994.00000"
"LKA","Sri Lanka","1978","2030.00000"
"LKA","Sri Lanka","1979","1920.00000"
"LKA","Sri Lanka","1980","1910.00000"
"LKA","Sri Lanka","1981","1910.00000"
"LKA","Sri Lanka","1982","1857.00000"
"LKA","Sri Lanka","1983","1869.00000"
"LKA","Sri Lanka","1984","1872.00000"
"LKA","Sri Lanka","1985","1876.00000"
"LKA","Sri Lanka","1986","1887.00000"
"LKA","Sri Lanka","1987","1895.00000"
"LKA","Sri Lanka","1988","1898.00000"
"LKA","Sri Lanka","1989","1901.00000"
"LKA","Sri Lanka","1990","1900.00000"
"LKA","Sri Lanka","1991","1903.00000"
"LKA","Sri Lanka","1992","1891.50000"
"LKA","Sri Lanka","1993","1880.00000"
"LKA","Sri Lanka","1994","1883.00000"
"LKA","Sri Lanka","1995","1886.00000"
"LKA","Sri Lanka","1996","1887.00000"
"LKA","Sri Lanka","1997","1888.00000"
"LKA","Sri Lanka","1998","1889.00000"
"LKA","Sri Lanka","1999","1905.00000"
"LKA","Sri Lanka","2000","1910.00000"
"LKA","Sri Lanka","2001","1911.00000"
"LKA","Sri Lanka","2002","1916.00000"
"LKA","Sri Lanka","2003","1945.90000"
"LKA","Sri Lanka","2004","1848.40000"
"LKA","Sri Lanka","2005","2052.50000"
"LKA","Sri Lanka","2006","1990.20000"
"LKA","Sri Lanka","2007","1942.40000"
"LKA","Sri Lanka","2008","2157.60000"
"LKA","Sri Lanka","2009","2169.60000"
"LKA","Sri Lanka","2010","2180.00000"
"LKA","Sri Lanka","2011","2290.00000"
"LKA","Sri Lanka","2012","2300.00000"
"LKA","Sri Lanka","2013","2300.00000"
"LKA","Sri Lanka","2014","2300.00000"
"LKA","Sri Lanka","2015","2300.00000"
"LKA","Sri Lanka","2016","2310.00000"
"LKA","Sri Lanka","2017","2320.20000"
"LKA","Sri Lanka","2018","2371.60000"
"LKA","Sri Lanka","2019","2371.57000"
"LKA","Sri Lanka","2020","2372.00000"
"LKA","Sri Lanka","2021","2372.00000"
"LKA","Sri Lanka","2022","2372.00000"
"LKA","Sri Lanka","2023","2566.90000"
"LKA","Sri Lanka","2024","2577.04000"
"LSO","Lesotho","1961","360.70000"
"LSO","Lesotho","1962","355.70000"
"LSO","Lesotho","1963","355.70000"
"LSO","Lesotho","1964","357.70000"
"LSO","Lesotho","1965","357.70000"
"LSO","Lesotho","1966","362.80000"
"LSO","Lesotho","1967","362.80000"
"LSO","Lesotho","1968","367.80000"
"LSO","Lesotho","1969","367.80000"
"LSO","Lesotho","1970","372.00000"
"LSO","Lesotho","1971","364.00000"
"LSO","Lesotho","1972","359.00000"
"LSO","Lesotho","1973","359.00000"
"LSO","Lesotho","1974","359.00000"
"LSO","Lesotho","1975","376.00000"
"LSO","Lesotho","1976","359.00000"
"LSO","Lesotho","1977","292.00000"
"LSO","Lesotho","1978","293.00000"
"LSO","Lesotho","1979","309.00000"
"LSO","Lesotho","1980","296.00000"
"LSO","Lesotho","1981","302.00000"
"LSO","Lesotho","1982","292.00000"
"LSO","Lesotho","1983","287.00000"
"LSO","Lesotho","1984","301.00000"
"LSO","Lesotho","1985","308.00000"
"LSO","Lesotho","1986","291.00000"
"LSO","Lesotho","1987","330.00000"
"LSO","Lesotho","1988","343.00000"
"LSO","Lesotho","1989","305.00000"
"LSO","Lesotho","1990","321.00000"
"LSO","Lesotho","1991","323.00000"
"LSO","Lesotho","1992","336.00000"
"LSO","Lesotho","1993","332.00000"
"LSO","Lesotho","1994","328.00000"
"LSO","Lesotho","1995","324.00000"
"LSO","Lesotho","1996","324.30000"
"LSO","Lesotho","1997","324.60000"
"LSO","Lesotho","1998","324.90000"
"LSO","Lesotho","1999","325.20000"
"LSO","Lesotho","2000","325.50000"
"LSO","Lesotho","2001","325.80000"
"LSO","Lesotho","2002","326.10000"
"LSO","Lesotho","2003","326.40000"
"LSO","Lesotho","2004","326.70000"
"LSO","Lesotho","2005","327.00000"
"LSO","Lesotho","2006","307.00000"
"LSO","Lesotho","2007","329.00000"
"LSO","Lesotho","2008","362.00000"
"LSO","Lesotho","2009","339.00000"
"LSO","Lesotho","2010","326.00000"
"LSO","Lesotho","2011","312.00000"
"LSO","Lesotho","2012","285.30000"
"LSO","Lesotho","2013","252.10000"
"LSO","Lesotho","2014","276.30000"
"LSO","Lesotho","2015","223.00000"
"LSO","Lesotho","2016","356.00000"
"LSO","Lesotho","2017","423.40000"
"LSO","Lesotho","2018","438.70000"
"LSO","Lesotho","2019","154.40000"
"LSO","Lesotho","2020","349.69000"
"LSO","Lesotho","2021","503.00000"
"LSO","Lesotho","2022","583.00000"
"LSO","Lesotho","2023","583.00000"
"LSO","Lesotho","2024","583.00000"
"LTU","Lituania","1992","2929.00000"
"LTU","Lituania","1993","2873.00000"
"LTU","Lituania","1994","2630.00000"
"LTU","Lituania","1995","2909.00000"
"LTU","Lituania","1996","2910.00000"
"LTU","Lituania","1997","2921.00000"
"LTU","Lituania","1998","2933.00000"
"LTU","Lituania","1999","2996.00000"
"LTU","Lituania","2000","2921.00000"
"LTU","Lituania","2001","1674.00000"
"LTU","Lituania","2002","1682.00000"
"LTU","Lituania","2003","1568.00000"
"LTU","Lituania","2004","1649.20000"
"LTU","Lituania","2005","1946.30000"
"LTU","Lituania","2006","1914.40000"
"LTU","Lituania","2007","1865.50000"
"LTU","Lituania","2008","1888.90000"
"LTU","Lituania","2009","2081.40000"
"LTU","Lituania","2010","2158.10000"
"LTU","Lituania","2011","2216.60000"
"LTU","Lituania","2012","2292.30000"
"LTU","Lituania","2013","2323.00000"
"LTU","Lituania","2014","2384.30000"
"LTU","Lituania","2015","2206.90000"
"LTU","Lituania","2016","2177.50000"
"LTU","Lituania","2017","2139.20000"
"LTU","Lituania","2018","2151.00000"
"LTU","Lituania","2019","2247.00000"
"LTU","Lituania","2020","2284.80000"
"LTU","Lituania","2021","2315.20000"
"LTU","Lituania","2022","2328.30000"
"LTU","Lituania","2023","2336.00000"
"LTU","Lituania","2024","2329.00000"
"LUX","Luxemburgo","2000","63.00000"
"LUX","Luxemburgo","2001","63.00000"
"LUX","Luxemburgo","2002","63.00000"
"LUX","Luxemburgo","2003","63.00000"
"LUX","Luxemburgo","2004","63.00000"
"LUX","Luxemburgo","2005","62.00000"
"LUX","Luxemburgo","2006","62.00000"
"LUX","Luxemburgo","2007","63.00000"
"LUX","Luxemburgo","2008","64.00000"
"LUX","Luxemburgo","2009","63.33000"
"LUX","Luxemburgo","2010","63.45000"
"LUX","Luxemburgo","2011","63.63000"
"LUX","Luxemburgo","2012","64.13000"
"LUX","Luxemburgo","2013","63.98000"
"LUX","Luxemburgo","2014","64.16000"
"LUX","Luxemburgo","2015","64.35000"
"LUX","Luxemburgo","2016","63.40000"
"LUX","Luxemburgo","2017","63.59200"
"LUX","Luxemburgo","2018","63.67600"
"LUX","Luxemburgo","2019","63.51500"
"LUX","Luxemburgo","2020","63.68500"
"LUX","Luxemburgo","2021","64.03000"
"LUX","Luxemburgo","2022","63.51500"
"LUX","Luxemburgo","2023","62.87800"
"LUX","Luxemburgo","2024","62.79900"
"LVA","Letonia","1992","1710.00000"
"LVA","Letonia","1993","1711.00000"
"LVA","Letonia","1994","1740.00000"
"LVA","Letonia","1995","1031.00000"
"LVA","Letonia","1996","1076.00000"
"LVA","Letonia","1997","1094.00000"
"LVA","Letonia","1998","1071.00000"
"LVA","Letonia","1999","999.00000"
"LVA","Letonia","2000","982.00000"
"LVA","Letonia","2001","970.00000"
"LVA","Letonia","2002","985.00000"
"LVA","Letonia","2003","969.00000"
"LVA","Letonia","2004","1021.00000"
"LVA","Letonia","2005","1105.00000"
"LVA","Letonia","2006","1218.00000"
"LVA","Letonia","2007","1198.00000"
"LVA","Letonia","2008","1177.00000"
"LVA","Letonia","2009","1174.00000"
"LVA","Letonia","2010","1180.00000"
"LVA","Letonia","2011","1165.00000"
"LVA","Letonia","2012","1184.00000"
"LVA","Letonia","2013","1214.00000"
"LVA","Letonia","2014","1215.00000"
"LVA","Letonia","2015","1236.50000"
"LVA","Letonia","2016","1296.00000"
"LVA","Letonia","2017","1298.00000"
"LVA","Letonia","2018","1303.00000"
"LVA","Letonia","2019","1328.00000"
"LVA","Letonia","2020","1343.00000"
"LVA","Letonia","2021","1371.00000"
"LVA","Letonia","2022","1367.00000"
"LVA","Letonia","2023","1370.00000"
"LVA","Letonia","2024","1366.00000"
"MAR","Marruecos","1961","6970.00000"
"MAR","Marruecos","1962","6980.00000"
"MAR","Marruecos","1963","7050.00000"
"MAR","Marruecos","1964","7110.00000"
"MAR","Marruecos","1965","7220.00000"
"MAR","Marruecos","1966","7338.00000"
"MAR","Marruecos","1967","7338.00000"
"MAR","Marruecos","1968","7438.00000"
"MAR","Marruecos","1969","7429.00000"
"MAR","Marruecos","1970","7505.00000"
"MAR","Marruecos","1971","7533.00000"
"MAR","Marruecos","1972","7570.00000"
"MAR","Marruecos","1973","7625.00000"
"MAR","Marruecos","1974","7630.00000"
"MAR","Marruecos","1975","7717.00000"
"MAR","Marruecos","1976","7750.00000"
"MAR","Marruecos","1977","7900.00000"
"MAR","Marruecos","1978","8118.00000"
"MAR","Marruecos","1979","8004.00000"
"MAR","Marruecos","1980","8030.00000"
"MAR","Marruecos","1981","8190.00000"
"MAR","Marruecos","1982","8277.00000"
"MAR","Marruecos","1983","8373.00000"
"MAR","Marruecos","1984","8484.00000"
"MAR","Marruecos","1985","8498.00000"
"MAR","Marruecos","1986","8597.00000"
"MAR","Marruecos","1987","8766.00000"
"MAR","Marruecos","1988","8844.00000"
"MAR","Marruecos","1989","9164.00000"
"MAR","Marruecos","1990","9443.00000"
"MAR","Marruecos","1991","9455.00000"
"MAR","Marruecos","1992","9716.00000"
"MAR","Marruecos","1993","9811.00000"
"MAR","Marruecos","1994","9964.00000"
"MAR","Marruecos","1995","9749.00000"
"MAR","Marruecos","1996","9966.00000"
"MAR","Marruecos","1997","9895.00000"
"MAR","Marruecos","1998","9976.00000"
"MAR","Marruecos","1999","9693.00000"
"MAR","Marruecos","2000","9652.00000"
"MAR","Marruecos","2001","9370.00000"
"MAR","Marruecos","2002","9283.00000"
"MAR","Marruecos","2003","9876.00000"
"MAR","Marruecos","2004","9041.00000"
"MAR","Marruecos","2005","8989.00000"
"MAR","Marruecos","2006","8946.00000"
"MAR","Marruecos","2007","8960.00000"
"MAR","Marruecos","2008","8981.00000"
"MAR","Marruecos","2009","9002.60000"
"MAR","Marruecos","2010","8988.30000"
"MAR","Marruecos","2011","9103.80000"
"MAR","Marruecos","2012","9403.00000"
"MAR","Marruecos","2013","9281.05000"
"MAR","Marruecos","2014","9082.50000"
"MAR","Marruecos","2015","9047.00000"
"MAR","Marruecos","2016","9875.00000"
"MAR","Marruecos","2017","10046.54820"
"MAR","Marruecos","2018","9525.80720"
"MAR","Marruecos","2019","8611.90700"
"MAR","Marruecos","2020","8741.27000"
"MAR","Marruecos","2021","8870.64000"
"MAR","Marruecos","2022","9000.00000"
"MAR","Marruecos","2023","9000.00000"
"MAR","Marruecos","2024","9000.00000"
"MDA","Moldavia","1992","2202.00000"
"MDA","Moldavia","1993","2192.00000"
"MDA","Moldavia","1994","2190.00000"
"MDA","Moldavia","1995","2186.00000"
"MDA","Moldavia","1996","2186.00000"
"MDA","Moldavia","1997","2186.00000"
"MDA","Moldavia","1998","2184.00000"
"MDA","Moldavia","1999","2183.00000"
"MDA","Moldavia","2000","2162.00000"
"MDA","Moldavia","2001","2154.00000"
"MDA","Moldavia","2002","2144.00000"
"MDA","Moldavia","2003","2143.00000"
"MDA","Moldavia","2004","2138.00000"
"MDA","Moldavia","2005","2135.00000"
"MDA","Moldavia","2006","2123.00000"
"MDA","Moldavia","2007","2125.00000"
"MDA","Moldavia","2008","2124.00000"
"MDA","Moldavia","2009","2118.00000"
"MDA","Moldavia","2010","2112.00000"
"MDA","Moldavia","2011","2110.00000"
"MDA","Moldavia","2012","2109.00000"
"MDA","Moldavia","2013","2111.00000"
"MDA","Moldavia","2014","1966.00000"
"MDA","Moldavia","2015","1971.00000"
"MDA","Moldavia","2016","1973.00000"
"MDA","Moldavia","2017","1975.00000"
"MDA","Moldavia","2018","1916.00000"
"MDA","Moldavia","2019","1921.70000"
"MDA","Moldavia","2020","2130.00000"
"MDA","Moldavia","2021","2133.00000"
"MDA","Moldavia","2022","2135.00000"
"MDA","Moldavia","2023","2137.00000"
"MDA","Moldavia","2024","2080.00000"
"MDG","Madagascar","1961","2145.00000"
"MDG","Madagascar","1962","2170.00000"
"MDG","Madagascar","1963","2195.00000"
"MDG","Madagascar","1964","2220.00000"
"MDG","Madagascar","1965","2245.00000"
"MDG","Madagascar","1966","2270.00000"
"MDG","Madagascar","1967","2295.00000"
"MDG","Madagascar","1968","2320.00000"
"MDG","Madagascar","1969","2350.00000"
"MDG","Madagascar","1970","2370.00000"
"MDG","Madagascar","1971","2390.00000"
"MDG","Madagascar","1972","2420.00000"
"MDG","Madagascar","1973","2440.00000"
"MDG","Madagascar","1974","2475.00000"
"MDG","Madagascar","1975","2759.00000"
"MDG","Madagascar","1976","2764.00000"
"MDG","Madagascar","1977","2929.00000"
"MDG","Madagascar","1978","2993.60000"
"MDG","Madagascar","1979","3009.00000"
"MDG","Madagascar","1980","3049.50000"
"MDG","Madagascar","1981","3075.30000"
"MDG","Madagascar","1982","3097.10000"
"MDG","Madagascar","1983","3135.70000"
"MDG","Madagascar","1984","3159.80000"
"MDG","Madagascar","1985","3195.10000"
"MDG","Madagascar","1986","3222.50000"
"MDG","Madagascar","1987","3237.20000"
"MDG","Madagascar","1988","3260.10000"
"MDG","Madagascar","1989","3289.60000"
"MDG","Madagascar","1990","3299.60000"
"MDG","Madagascar","1991","3310.00000"
"MDG","Madagascar","1992","3340.10000"
"MDG","Madagascar","1993","3454.40000"
"MDG","Madagascar","1994","3454.40000"
"MDG","Madagascar","1995","3454.40000"
"MDG","Madagascar","1996","3454.40000"
"MDG","Madagascar","1997","3442.40000"
"MDG","Madagascar","1998","3443.40000"
"MDG","Madagascar","1999","3448.40000"
"MDG","Madagascar","2000","3452.10000"
"MDG","Madagascar","2001","3506.70000"
"MDG","Madagascar","2002","3507.30000"
"MDG","Madagascar","2003","3509.70000"
"MDG","Madagascar","2004","3512.20000"
"MDG","Madagascar","2005","3562.20000"
"MDG","Madagascar","2006","3562.20000"
"MDG","Madagascar","2007","3562.20000"
"MDG","Madagascar","2008","3562.20000"
"MDG","Madagascar","2009","3562.20000"
"MDG","Madagascar","2010","3562.20000"
"MDG","Madagascar","2011","3562.20000"
"MDG","Madagascar","2012","3567.80000"
"MDG","Madagascar","2013","3572.50000"
"MDG","Madagascar","2014","3589.30000"
"MDG","Madagascar","2015","3599.20000"
"MDG","Madagascar","2016","3609.80000"
"MDG","Madagascar","2017","3609.80000"
"MDG","Madagascar","2018","3609.80000"
"MDG","Madagascar","2019","3609.80000"
"MDG","Madagascar","2020","3615.01000"
"MDG","Madagascar","2021","3620.15000"
"MDG","Madagascar","2022","3625.46000"
"MDG","Madagascar","2023","3639.58000"
"MDG","Madagascar","2024","3639.58000"
"MDV","Maldivas","1961","4.00000"
"MDV","Maldivas","1962","4.00000"
"MDV","Maldivas","1963","4.00000"
"MDV","Maldivas","1964","4.00000"
"MDV","Maldivas","1965","4.00000"
"MDV","Maldivas","1966","4.00000"
"MDV","Maldivas","1967","4.00000"
"MDV","Maldivas","1968","4.00000"
"MDV","Maldivas","1969","4.00000"
"MDV","Maldivas","1970","4.00000"
"MDV","Maldivas","1971","5.00000"
"MDV","Maldivas","1972","5.00000"
"MDV","Maldivas","1973","6.00000"
"MDV","Maldivas","1974","6.00000"
"MDV","Maldivas","1975","6.00000"
"MDV","Maldivas","1976","6.00000"
"MDV","Maldivas","1977","6.00000"
"MDV","Maldivas","1978","6.00000"
"MDV","Maldivas","1979","6.00000"
"MDV","Maldivas","1980","6.00000"
"MDV","Maldivas","1981","6.00000"
"MDV","Maldivas","1982","7.00000"
"MDV","Maldivas","1983","7.00000"
"MDV","Maldivas","1984","7.00000"
"MDV","Maldivas","1985","7.00000"
"MDV","Maldivas","1986","7.00000"
"MDV","Maldivas","1987","7.00000"
"MDV","Maldivas","1988","7.00000"
"MDV","Maldivas","1989","7.00000"
"MDV","Maldivas","1990","7.00000"
"MDV","Maldivas","1991","7.00000"
"MDV","Maldivas","1992","7.00000"
"MDV","Maldivas","1993","7.00000"
"MDV","Maldivas","1994","7.00000"
"MDV","Maldivas","1995","7.00000"
"MDV","Maldivas","1996","7.00000"
"MDV","Maldivas","1997","7.00000"
"MDV","Maldivas","1998","7.00000"
"MDV","Maldivas","1999","7.00000"
"MDV","Maldivas","2000","8.00000"
"MDV","Maldivas","2001","9.00000"
"MDV","Maldivas","2002","11.00000"
"MDV","Maldivas","2003","11.00000"
"MDV","Maldivas","2004","10.00000"
"MDV","Maldivas","2005","8.00000"
"MDV","Maldivas","2006","6.00000"
"MDV","Maldivas","2007","6.00000"
"MDV","Maldivas","2008","6.00000"
"MDV","Maldivas","2009","6.00000"
"MDV","Maldivas","2010","5.90000"
"MDV","Maldivas","2011","5.90000"
"MDV","Maldivas","2012","5.40000"
"MDV","Maldivas","2013","5.40000"
"MDV","Maldivas","2014","5.40000"
"MDV","Maldivas","2015","5.40000"
"MDV","Maldivas","2016","5.40000"
"MDV","Maldivas","2017","5.40000"
"MDV","Maldivas","2018","5.40000"
"MDV","Maldivas","2019","5.40000"
"MDV","Maldivas","2020","5.40000"
"MDV","Maldivas","2021","4.90000"
"MDV","Maldivas","2022","4.90000"
"MDV","Maldivas","2023","4.90000"
"MDV","Maldivas","2024","4.90000"
"MEX","México","1961","20817.00000"
"MEX","México","1962","20680.00000"
"MEX","México","1963","20610.00000"
"MEX","México","1964","20550.00000"
"MEX","México","1965","20480.00000"
"MEX","México","1966","20415.00000"
"MEX","México","1967","20340.00000"
"MEX","México","1968","20270.00000"
"MEX","México","1969","20210.00000"
"MEX","México","1970","19138.00000"
"MEX","México","1971","19179.00000"
"MEX","México","1972","19209.00000"
"MEX","México","1973","19288.00000"
"MEX","México","1974","19268.00000"
"MEX","México","1975","19297.00000"
"MEX","México","1976","19326.00000"
"MEX","México","1977","19406.00000"
"MEX","México","1978","19435.00000"
"MEX","México","1979","19265.00000"
"MEX","México","1980","19469.00000"
"MEX","México","1981","19672.00000"
"MEX","México","1982","19800.00000"
"MEX","México","1983","20348.00000"
"MEX","México","1984","20254.00000"
"MEX","México","1985","20359.50000"
"MEX","México","1986","20465.00000"
"MEX","México","1987","21470.00000"
"MEX","México","1988","21876.00000"
"MEX","México","1989","22781.00000"
"MEX","México","1990","23787.00000"
"MEX","México","1991","24696.00000"
"MEX","México","1992","24757.00000"
"MEX","México","1993","24822.00000"
"MEX","México","1994","24887.00000"
"MEX","México","1995","24952.00000"
"MEX","México","1996","25117.00000"
"MEX","México","1997","25182.00000"
"MEX","México","1998","25247.00000"
"MEX","México","1999","25313.00000"
"MEX","México","2000","25378.00000"
"MEX","México","2001","25643.00000"
"MEX","México","2002","25708.00000"
"MEX","México","2003","25773.00000"
"MEX","México","2004","25838.00000"
"MEX","México","2005","25903.00000"
"MEX","México","2006","25968.00000"
"MEX","México","2007","26145.00000"
"MEX","México","2008","25958.00000"
"MEX","México","2009","25771.00000"
"MEX","México","2010","25584.00000"
"MEX","México","2011","25397.00000"
"MEX","México","2012","25210.00000"
"MEX","México","2013","25023.00000"
"MEX","México","2014","24838.00000"
"MEX","México","2015","24743.00000"
"MEX","México","2016","24374.00000"
"MEX","México","2017","22926.00000"
"MEX","México","2018","22607.00000"
"MEX","México","2019","22129.00000"
"MEX","México","2020","25901.47860"
"MEX","México","2021","25926.07070"
"MEX","México","2022","24806.22660"
"MEX","México","2023","24445.71370"
"MEX","México","2024","24393.71770"
"MHL","Islas Marshall","1991","8.50000"
"MHL","Islas Marshall","1992","8.50000"
"MHL","Islas Marshall","1993","8.50000"
"MHL","Islas Marshall","1994","8.50000"
"MHL","Islas Marshall","1995","8.50000"
"MHL","Islas Marshall","1996","8.50000"
"MHL","Islas Marshall","1997","8.50000"
"MHL","Islas Marshall","1998","8.50000"
"MHL","Islas Marshall","1999","8.50000"
"MHL","Islas Marshall","2000","8.50000"
"MHL","Islas Marshall","2001","8.50000"
"MHL","Islas Marshall","2002","8.50000"
"MHL","Islas Marshall","2003","8.50000"
"MHL","Islas Marshall","2004","8.50000"
"MHL","Islas Marshall","2005","8.50000"
"MHL","Islas Marshall","2006","8.50000"
"MHL","Islas Marshall","2007","8.50000"
"MHL","Islas Marshall","2008","8.50000"
"MHL","Islas Marshall","2009","8.50000"
"MHL","Islas Marshall","2010","8.50000"
"MHL","Islas Marshall","2011","8.50000"
"MHL","Islas Marshall","2012","8.12000"
"MHL","Islas Marshall","2013","8.12000"
"MHL","Islas Marshall","2014","8.12000"
"MHL","Islas Marshall","2015","8.12000"
"MHL","Islas Marshall","2016","8.12000"
"MHL","Islas Marshall","2017","8.12000"
"MHL","Islas Marshall","2018","7.28000"
"MHL","Islas Marshall","2019","7.02000"
"MHL","Islas Marshall","2020","7.02000"
"MHL","Islas Marshall","2021","7.02000"
"MHL","Islas Marshall","2022","6.83000"
"MHL","Islas Marshall","2023","7.40000"
"MHL","Islas Marshall","2024","7.27000"
"MKD","Macedonia del Norte","1992","662.00000"
"MKD","Macedonia del Norte","1993","663.00000"
"MKD","Macedonia del Norte","1994","661.00000"
"MKD","Macedonia del Norte","1995","656.00000"
"MKD","Macedonia del Norte","1996","658.00000"
"MKD","Macedonia del Norte","1997","647.00000"
"MKD","Macedonia del Norte","1998","635.00000"
"MKD","Macedonia del Norte","1999","633.00000"
"MKD","Macedonia del Norte","2000","599.00000"
"MKD","Macedonia del Norte","2001","612.00000"
"MKD","Macedonia del Norte","2002","543.00000"
"MKD","Macedonia del Norte","2003","515.00000"
"MKD","Macedonia del Norte","2004","509.00000"
"MKD","Macedonia del Norte","2005","487.00000"
"MKD","Macedonia del Norte","2006","477.00000"
"MKD","Macedonia del Norte","2007","467.00000"
"MKD","Macedonia del Norte","2008","460.00000"
"MKD","Macedonia del Norte","2009","455.00000"
"MKD","Macedonia del Norte","2010","449.00000"
"MKD","Macedonia del Norte","2011","449.00000"
"MKD","Macedonia del Norte","2012","450.00000"
"MKD","Macedonia del Norte","2013","450.00000"
"MKD","Macedonia del Norte","2014","450.00000"
"MKD","Macedonia del Norte","2015","453.00000"
"MKD","Macedonia del Norte","2016","456.00000"
"MKD","Macedonia del Norte","2017","457.00000"
"MKD","Macedonia del Norte","2018","459.00000"
"MKD","Macedonia del Norte","2019","460.00000"
"MKD","Macedonia del Norte","2020","457.00000"
"MKD","Macedonia del Norte","2021","458.00000"
"MKD","Macedonia del Norte","2022","456.00000"
"MKD","Macedonia del Norte","2023","456.00000"
"MKD","Macedonia del Norte","2024","447.00000"
"MLI","Malí","1961","1698.00000"
"MLI","Malí","1962","1703.00000"
"MLI","Malí","1963","1708.00000"
"MLI","Malí","1964","1713.00000"
"MLI","Malí","1965","1718.00000"
"MLI","Malí","1966","1722.00000"
"MLI","Malí","1967","1728.00000"
"MLI","Malí","1968","1728.00000"
"MLI","Malí","1969","1728.00000"
"MLI","Malí","1970","1778.00000"
"MLI","Malí","1971","1778.00000"
"MLI","Malí","1972","1778.00000"
"MLI","Malí","1973","1778.00000"
"MLI","Malí","1974","1828.00000"
"MLI","Malí","1975","1878.00000"
"MLI","Malí","1976","2077.00000"
"MLI","Malí","1977","2075.00000"
"MLI","Malí","1978","2075.00000"
"MLI","Malí","1979","2080.00000"
"MLI","Malí","1980","2080.00000"
"MLI","Malí","1981","2083.00000"
"MLI","Malí","1982","2083.00000"
"MLI","Malí","1983","2083.00000"
"MLI","Malí","1984","2083.00000"
"MLI","Malí","1985","2103.00000"
"MLI","Malí","1986","2106.00000"
"MLI","Malí","1987","2106.00000"
"MLI","Malí","1988","2123.00000"
"MLI","Malí","1989","2123.00000"
"MLI","Malí","1990","2128.00000"
"MLI","Malí","1991","2143.00000"
"MLI","Malí","1992","2253.00000"
"MLI","Malí","1993","3160.00000"
"MLI","Malí","1994","3270.00000"
"MLI","Malí","1995","3419.00000"
"MLI","Malí","1996","4650.00000"
"MLI","Malí","1997","4650.00000"
"MLI","Malí","1998","4650.00000"
"MLI","Malí","1999","4646.10000"
"MLI","Malí","2000","4658.00000"
"MLI","Malí","2001","4665.00000"
"MLI","Malí","2002","5041.20000"
"MLI","Malí","2003","6083.20000"
"MLI","Malí","2004","5055.00000"
"MLI","Malí","2005","5756.00000"
"MLI","Malí","2006","5830.00000"
"MLI","Malí","2007","5977.30000"
"MLI","Malí","2008","6004.74000"
"MLI","Malí","2009","6021.89000"
"MLI","Malí","2010","6053.63000"
"MLI","Malí","2011","6056.98000"
"MLI","Malí","2012","6076.02000"
"MLI","Malí","2013","6086.77000"
"MLI","Malí","2014","6078.41000"
"MLI","Malí","2015","6094.66000"
"MLI","Malí","2016","6110.90000"
"MLI","Malí","2017","6156.05000"
"MLI","Malí","2018","6501.31000"
"MLI","Malí","2019","6649.98000"
"MLI","Malí","2020","7091.24000"
"MLI","Malí","2021","7707.92000"
"MLI","Malí","2022","7038.60000"
"MLI","Malí","2023","7038.60000"
"MLI","Malí","2024","7036.14000"
"MLT","Malta","1961","18.00000"
"MLT","Malta","1962","17.00000"
"MLT","Malta","1963","16.00000"
"MLT","Malta","1964","15.00000"
"MLT","Malta","1965","14.00000"
"MLT","Malta","1966","14.00000"
"MLT","Malta","1967","14.00000"
"MLT","Malta","1968","14.00000"
"MLT","Malta","1969","14.00000"
"MLT","Malta","1970","14.00000"
"MLT","Malta","1971","14.00000"
"MLT","Malta","1972","14.00000"
"MLT","Malta","1973","14.00000"
"MLT","Malta","1974","14.00000"
"MLT","Malta","1975","13.00000"
"MLT","Malta","1976","13.00000"
"MLT","Malta","1977","14.00000"
"MLT","Malta","1978","14.00000"
"MLT","Malta","1979","14.00000"
"MLT","Malta","1980","13.00000"
"MLT","Malta","1981","13.00000"
"MLT","Malta","1982","13.00000"
"MLT","Malta","1983","13.00000"
"MLT","Malta","1984","13.00000"
"MLT","Malta","1985","13.00000"
"MLT","Malta","1986","13.00000"
"MLT","Malta","1987","13.00000"
"MLT","Malta","1988","13.00000"
"MLT","Malta","1989","13.00000"
"MLT","Malta","1990","13.00000"
"MLT","Malta","1991","13.00000"
"MLT","Malta","1992","13.00000"
"MLT","Malta","1993","13.00000"
"MLT","Malta","1994","13.00000"
"MLT","Malta","1995","11.00000"
"MLT","Malta","1996","11.00000"
"MLT","Malta","1997","10.00000"
"MLT","Malta","1998","9.00000"
"MLT","Malta","1999","9.00000"
"MLT","Malta","2000","9.00000"
"MLT","Malta","2001","10.00000"
"MLT","Malta","2002","10.00000"
"MLT","Malta","2003","10.40000"
"MLT","Malta","2004","10.00000"
"MLT","Malta","2005","9.30000"
"MLT","Malta","2006","9.30000"
"MLT","Malta","2007","9.30000"
"MLT","Malta","2008","9.30000"
"MLT","Malta","2009","9.30000"
"MLT","Malta","2010","10.33000"
"MLT","Malta","2011","10.33000"
"MLT","Malta","2012","10.30000"
"MLT","Malta","2013","10.23000"
"MLT","Malta","2014","10.23000"
"MLT","Malta","2015","10.23000"
"MLT","Malta","2016","10.38000"
"MLT","Malta","2017","10.38000"
"MLT","Malta","2018","10.38000"
"MLT","Malta","2019","10.38000"
"MLT","Malta","2020","9.11000"
"MLT","Malta","2021","8.75000"
"MLT","Malta","2022","8.75000"
"MLT","Malta","2023","8.29100"
"MLT","Malta","2024","8.02000"
"MMR","Myanmar","1961","10120.00000"
"MMR","Myanmar","1962","10140.00000"
"MMR","Myanmar","1963","10170.00000"
"MMR","Myanmar","1964","10268.00000"
"MMR","Myanmar","1965","10231.00000"
"MMR","Myanmar","1966","10386.00000"
"MMR","Myanmar","1967","10387.00000"
"MMR","Myanmar","1968","10393.00000"
"MMR","Myanmar","1969","10403.00000"
"MMR","Myanmar","1970","10430.00000"
"MMR","Myanmar","1971","10435.00000"
"MMR","Myanmar","1972","10440.00000"
"MMR","Myanmar","1973","9960.00000"
"MMR","Myanmar","1974","9971.00000"
"MMR","Myanmar","1975","9985.00000"
"MMR","Myanmar","1976","10000.00000"
"MMR","Myanmar","1977","9994.00000"
"MMR","Myanmar","1978","10006.00000"
"MMR","Myanmar","1979","10016.00000"
"MMR","Myanmar","1980","10022.00000"
"MMR","Myanmar","1981","10058.00000"
"MMR","Myanmar","1982","10080.00000"
"MMR","Myanmar","1983","10077.00000"
"MMR","Myanmar","1984","10061.00000"
"MMR","Myanmar","1985","10067.00000"
"MMR","Myanmar","1986","10073.00000"
"MMR","Myanmar","1987","10060.00000"
"MMR","Myanmar","1988","10011.00000"
"MMR","Myanmar","1989","10034.00000"
"MMR","Myanmar","1990","10069.00000"
"MMR","Myanmar","1991","10057.00000"
"MMR","Myanmar","1992","10039.00000"
"MMR","Myanmar","1993","10087.00000"
"MMR","Myanmar","1994","10076.00000"
"MMR","Myanmar","1995","10110.00000"
"MMR","Myanmar","1996","10138.00000"
"MMR","Myanmar","1997","10154.00000"
"MMR","Myanmar","1998","10151.00000"
"MMR","Myanmar","1999","10285.00000"
"MMR","Myanmar","2000","10498.00000"
"MMR","Myanmar","2001","10625.00000"
"MMR","Myanmar","2002","10611.00000"
"MMR","Myanmar","2003","10670.00000"
"MMR","Myanmar","2004","10771.00000"
"MMR","Myanmar","2005","10955.00000"
"MMR","Myanmar","2006","11290.00000"
"MMR","Myanmar","2007","11678.00000"
"MMR","Myanmar","2008","11972.00000"
"MMR","Myanmar","2009","12135.00000"
"MMR","Myanmar","2010","12217.00000"
"MMR","Myanmar","2011","12250.00000"
"MMR","Myanmar","2012","12242.00000"
"MMR","Myanmar","2013","12281.00000"
"MMR","Myanmar","2014","12326.00000"
"MMR","Myanmar","2015","12442.99990"
"MMR","Myanmar","2016","12458.00000"
"MMR","Myanmar","2017","12571.60000"
"MMR","Myanmar","2018","12590.30000"
"MMR","Myanmar","2019","12500.40000"
"MMR","Myanmar","2020","12478.08810"
"MMR","Myanmar","2021","12492.25210"
"MMR","Myanmar","2022","12525.03170"
"MMR","Myanmar","2023","12517.34270"
"MMR","Myanmar","2024","12535.14880"
"MNE","Montenegro","2006","190.00000"
"MNE","Montenegro","2007","190.00000"
"MNE","Montenegro","2008","189.00000"
"MNE","Montenegro","2009","189.00000"
"MNE","Montenegro","2010","188.00000"
"MNE","Montenegro","2011","189.00000"
"MNE","Montenegro","2012","189.00000"
"MNE","Montenegro","2013","12.51000"
"MNE","Montenegro","2014","13.74000"
"MNE","Montenegro","2015","13.80000"
"MNE","Montenegro","2016","14.40000"
"MNE","Montenegro","2017","14.60000"
"MNE","Montenegro","2018","14.60000"
"MNE","Montenegro","2019","15.00000"
"MNE","Montenegro","2020","14.65000"
"MNE","Montenegro","2021","17.40180"
"MNE","Montenegro","2022","17.28900"
"MNE","Montenegro","2023","17.60970"
"MNE","Montenegro","2024","19.05270"
"MNG","Mongolia","1961","624.00000"
"MNG","Mongolia","1962","724.00000"
"MNG","Mongolia","1963","729.00000"
"MNG","Mongolia","1964","850.00000"
"MNG","Mongolia","1965","867.00000"
"MNG","Mongolia","1966","885.00000"
"MNG","Mongolia","1967","819.00000"
"MNG","Mongolia","1968","777.00000"
"MNG","Mongolia","1969","746.00000"
"MNG","Mongolia","1970","744.00000"
"MNG","Mongolia","1971","775.00000"
"MNG","Mongolia","1972","776.00000"
"MNG","Mongolia","1973","789.00000"
"MNG","Mongolia","1974","801.00000"
"MNG","Mongolia","1975","827.00000"
"MNG","Mongolia","1976","950.00000"
"MNG","Mongolia","1977","1100.00000"
"MNG","Mongolia","1978","1154.00000"
"MNG","Mongolia","1979","1160.00000"
"MNG","Mongolia","1980","1182.00000"
"MNG","Mongolia","1981","1212.00000"
"MNG","Mongolia","1982","1251.00000"
"MNG","Mongolia","1983","1313.00000"
"MNG","Mongolia","1984","1335.00000"
"MNG","Mongolia","1985","1354.00000"
"MNG","Mongolia","1986","1307.00000"
"MNG","Mongolia","1987","1335.00000"
"MNG","Mongolia","1988","1366.00000"
"MNG","Mongolia","1989","1375.00000"
"MNG","Mongolia","1990","1371.00000"
"MNG","Mongolia","1991","1369.00000"
"MNG","Mongolia","1992","1363.00000"
"MNG","Mongolia","1993","1353.00000"
"MNG","Mongolia","1994","1322.00000"
"MNG","Mongolia","1995","1322.00000"
"MNG","Mongolia","1996","1322.00000"
"MNG","Mongolia","1997","1228.00000"
"MNG","Mongolia","1998","1347.00000"
"MNG","Mongolia","1999","1191.00000"
"MNG","Mongolia","2000","1176.00000"
"MNG","Mongolia","2001","1177.80000"
"MNG","Mongolia","2002","1179.60000"
"MNG","Mongolia","2003","1181.40000"
"MNG","Mongolia","2004","1176.90000"
"MNG","Mongolia","2005","1175.40000"
"MNG","Mongolia","2006","1177.30000"
"MNG","Mongolia","2007","1177.00000"
"MNG","Mongolia","2008","1199.00000"
"MNG","Mongolia","2009","1218.05620"
"MNG","Mongolia","2010","1239.03000"
"MNG","Mongolia","2011","1294.80000"
"MNG","Mongolia","2012","1323.10330"
"MNG","Mongolia","2013","1291.78000"
"MNG","Mongolia","2014","1317.70000"
"MNG","Mongolia","2015","1333.11000"
"MNG","Mongolia","2016","1328.35000"
"MNG","Mongolia","2017","1327.71000"
"MNG","Mongolia","2018","1332.40000"
"MNG","Mongolia","2019","1117.20000"
"MNG","Mongolia","2020","1127.50000"
"MNG","Mongolia","2021","1126.16950"
"MNG","Mongolia","2022","1140.00000"
"MNG","Mongolia","2023","1148.96850"
"MNG","Mongolia","2024","1128.56000"
"MNP","Islas Marianas","1991","2.00000"
"MNP","Islas Marianas","1992","2.00000"
"MNP","Islas Marianas","1993","2.00000"
"MNP","Islas Marianas","1994","2.00000"
"MNP","Islas Marianas","1995","2.00000"
"MNP","Islas Marianas","1996","2.00000"
"MNP","Islas Marianas","1997","2.00000"
"MNP","Islas Marianas","1998","2.00000"
"MNP","Islas Marianas","1999","2.00000"
"MNP","Islas Marianas","2000","2.00000"
"MNP","Islas Marianas","2001","2.00000"
"MNP","Islas Marianas","2002","2.00000"
"MNP","Islas Marianas","2003","2.00000"
"MNP","Islas Marianas","2004","2.00000"
"MNP","Islas Marianas","2005","2.00000"
"MNP","Islas Marianas","2006","2.00000"
"MNP","Islas Marianas","2007","0.50000"
"MNP","Islas Marianas","2008","0.50000"
"MNP","Islas Marianas","2009","0.50000"
"MNP","Islas Marianas","2010","0.50000"
"MNP","Islas Marianas","2011","0.50000"
"MNP","Islas Marianas","2012","0.50000"
"MNP","Islas Marianas","2013","0.50000"
"MNP","Islas Marianas","2014","0.50000"
"MNP","Islas Marianas","2015","0.50000"
"MNP","Islas Marianas","2016","0.50000"
"MNP","Islas Marianas","2017","0.50000"
"MNP","Islas Marianas","2018","0.17000"
"MNP","Islas Marianas","2019","0.18000"
"MNP","Islas Marianas","2020","0.19000"
"MNP","Islas Marianas","2021","0.20000"
"MNP","Islas Marianas","2022","0.21000"
"MNP","Islas Marianas","2023","0.22460"
"MNP","Islas Marianas","2024","0.22000"
"MOZ","Mozambique","1961","2990.00000"
"MOZ","Mozambique","1962","2995.00000"
"MOZ","Mozambique","1963","3000.00000"
"MOZ","Mozambique","1964","3003.00000"
"MOZ","Mozambique","1965","3003.00000"
"MOZ","Mozambique","1966","3005.00000"
"MOZ","Mozambique","1967","3005.00000"
"MOZ","Mozambique","1968","3005.00000"
"MOZ","Mozambique","1969","3009.00000"
"MOZ","Mozambique","1970","3009.00000"
"MOZ","Mozambique","1971","3100.94000"
"MOZ","Mozambique","1972","3196.88000"
"MOZ","Mozambique","1973","3290.82000"
"MOZ","Mozambique","1974","3382.77000"
"MOZ","Mozambique","1975","3474.71000"
"MOZ","Mozambique","1976","3566.65000"
"MOZ","Mozambique","1977","3658.59000"
"MOZ","Mozambique","1978","3750.53000"
"MOZ","Mozambique","1979","3842.47000"
"MOZ","Mozambique","1980","3934.41000"
"MOZ","Mozambique","1981","4026.36000"
"MOZ","Mozambique","1982","4118.30000"
"MOZ","Mozambique","1983","4210.24000"
"MOZ","Mozambique","1984","4302.18000"
"MOZ","Mozambique","1985","4394.12000"
"MOZ","Mozambique","1986","4486.06000"
"MOZ","Mozambique","1987","4578.01000"
"MOZ","Mozambique","1988","4669.95000"
"MOZ","Mozambique","1989","4761.89000"
"MOZ","Mozambique","1990","4853.83000"
"MOZ","Mozambique","1991","4945.77000"
"MOZ","Mozambique","1992","5037.71000"
"MOZ","Mozambique","1993","5129.65000"
"MOZ","Mozambique","1994","5221.60000"
"MOZ","Mozambique","1995","5313.54000"
"MOZ","Mozambique","1996","5410.48000"
"MOZ","Mozambique","1997","5502.42000"
"MOZ","Mozambique","1998","5594.36000"
"MOZ","Mozambique","1999","5728.70000"
"MOZ","Mozambique","2000","5868.04000"
"MOZ","Mozambique","2001","5991.78000"
"MOZ","Mozambique","2002","6107.75000"
"MOZ","Mozambique","2003","6240.95000"
"MOZ","Mozambique","2004","6335.92000"
"MOZ","Mozambique","2005","6569.54000"
"MOZ","Mozambique","2006","6582.96000"
"MOZ","Mozambique","2007","6736.62000"
"MOZ","Mozambique","2008","6857.59000"
"MOZ","Mozambique","2009","6951.13000"
"MOZ","Mozambique","2010","7090.19000"
"MOZ","Mozambique","2011","7213.15000"
"MOZ","Mozambique","2012","7284.92000"
"MOZ","Mozambique","2013","7427.21000"
"MOZ","Mozambique","2014","7539.17000"
"MOZ","Mozambique","2015","7697.66000"
"MOZ","Mozambique","2016","7830.73000"
"MOZ","Mozambique","2017","7983.36000"
"MOZ","Mozambique","2018","8074.76000"
"MOZ","Mozambique","2019","8216.26000"
"MOZ","Mozambique","2020","8308.43000"
"MOZ","Mozambique","2021","8418.03000"
"MOZ","Mozambique","2022","8541.40000"
"MOZ","Mozambique","2023","8683.28000"
"MOZ","Mozambique","2024","8661.42000"
"MRT","Mauritania","1961","272.00000"
"MRT","Mauritania","1962","272.00000"
"MRT","Mauritania","1963","273.00000"
"MRT","Mauritania","1964","273.00000"
"MRT","Mauritania","1965","273.00000"
"MRT","Mauritania","1966","273.00000"
"MRT","Mauritania","1967","273.00000"
"MRT","Mauritania","1968","273.00000"
"MRT","Mauritania","1969","283.00000"
"MRT","Mauritania","1970","283.00000"
"MRT","Mauritania","1971","243.00000"
"MRT","Mauritania","1972","243.00000"
"MRT","Mauritania","1973","230.00000"
"MRT","Mauritania","1974","200.00000"
"MRT","Mauritania","1975","196.00000"
"MRT","Mauritania","1976","199.00000"
"MRT","Mauritania","1977","200.00000"
"MRT","Mauritania","1978","196.00000"
"MRT","Mauritania","1979","211.57000"
"MRT","Mauritania","1980","227.14000"
"MRT","Mauritania","1981","242.71000"
"MRT","Mauritania","1982","258.29000"
"MRT","Mauritania","1983","273.86000"
"MRT","Mauritania","1984","289.43000"
"MRT","Mauritania","1985","305.00000"
"MRT","Mauritania","1986","325.00000"
"MRT","Mauritania","1987","345.00000"
"MRT","Mauritania","1988","365.00000"
"MRT","Mauritania","1989","385.00000"
"MRT","Mauritania","1990","406.00000"
"MRT","Mauritania","1991","416.00000"
"MRT","Mauritania","1992","428.00000"
"MRT","Mauritania","1993","440.00000"
"MRT","Mauritania","1994","460.00000"
"MRT","Mauritania","1995","460.00000"
"MRT","Mauritania","1996","460.00000"
"MRT","Mauritania","1997","460.00000"
"MRT","Mauritania","1998","460.00000"
"MRT","Mauritania","1999","460.00000"
"MRT","Mauritania","2000","460.00000"
"MRT","Mauritania","2001","460.00000"
"MRT","Mauritania","2002","460.00000"
"MRT","Mauritania","2003","460.00000"
"MRT","Mauritania","2004","460.00000"
"MRT","Mauritania","2005","460.00000"
"MRT","Mauritania","2006","460.00000"
"MRT","Mauritania","2007","460.00000"
"MRT","Mauritania","2008","460.00000"
"MRT","Mauritania","2009","460.00000"
"MRT","Mauritania","2010","460.00000"
"MRT","Mauritania","2011","460.00000"
"MRT","Mauritania","2012","460.00000"
"MRT","Mauritania","2013","460.00000"
"MRT","Mauritania","2014","460.00000"
"MRT","Mauritania","2015","460.00000"
"MRT","Mauritania","2016","460.00000"
"MRT","Mauritania","2017","460.00000"
"MRT","Mauritania","2018","460.00000"
"MRT","Mauritania","2019","460.00000"
"MRT","Mauritania","2020","460.00000"
"MRT","Mauritania","2021","460.00000"
"MRT","Mauritania","2022","460.00000"
"MRT","Mauritania","2023","460.00000"
"MRT","Mauritania","2024","460.00000"
"MSR","Montserrat","1961","4.00000"
"MSR","Montserrat","1962","4.00000"
"MSR","Montserrat","1963","4.00000"
"MSR","Montserrat","1964","3.00000"
"MSR","Montserrat","1965","2.00000"
"MSR","Montserrat","1966","2.00000"
"MSR","Montserrat","1967","2.00000"
"MSR","Montserrat","1968","2.00000"
"MSR","Montserrat","1969","2.00000"
"MSR","Montserrat","1970","2.00000"
"MSR","Montserrat","1971","2.00000"
"MSR","Montserrat","1972","2.00000"
"MSR","Montserrat","1973","1.00000"
"MSR","Montserrat","1974","1.00000"
"MSR","Montserrat","1975","1.00000"
"MSR","Montserrat","1976","1.00000"
"MSR","Montserrat","1977","1.00000"
"MSR","Montserrat","1978","1.00000"
"MSR","Montserrat","1979","1.00000"
"MSR","Montserrat","1980","1.00000"
"MSR","Montserrat","1981","1.00000"
"MSR","Montserrat","1982","2.00000"
"MSR","Montserrat","1983","2.00000"
"MSR","Montserrat","1984","2.00000"
"MSR","Montserrat","1985","2.00000"
"MSR","Montserrat","1986","2.00000"
"MSR","Montserrat","1987","2.00000"
"MSR","Montserrat","1988","2.00000"
"MSR","Montserrat","1989","2.00000"
"MSR","Montserrat","1990","2.00000"
"MSR","Montserrat","1991","2.00000"
"MSR","Montserrat","1992","2.00000"
"MSR","Montserrat","1993","2.00000"
"MSR","Montserrat","1994","2.00000"
"MSR","Montserrat","1995","2.00000"
"MSR","Montserrat","1996","2.00000"
"MSR","Montserrat","1997","2.00000"
"MSR","Montserrat","1998","2.00000"
"MSR","Montserrat","1999","2.00000"
"MSR","Montserrat","2000","2.00000"
"MSR","Montserrat","2001","2.00000"
"MSR","Montserrat","2002","2.00000"
"MSR","Montserrat","2003","2.00000"
"MSR","Montserrat","2004","2.00000"
"MSR","Montserrat","2005","2.00000"
"MSR","Montserrat","2006","2.00000"
"MSR","Montserrat","2007","2.00000"
"MSR","Montserrat","2008","2.00000"
"MSR","Montserrat","2009","2.00000"
"MSR","Montserrat","2010","2.00000"
"MSR","Montserrat","2011","2.00000"
"MSR","Montserrat","2012","2.00000"
"MSR","Montserrat","2013","2.00000"
"MSR","Montserrat","2014","2.00000"
"MSR","Montserrat","2015","2.00000"
"MSR","Montserrat","2016","2.00000"
"MSR","Montserrat","2017","2.00000"
"MSR","Montserrat","2018","2.00000"
"MSR","Montserrat","2019","2.00000"
"MSR","Montserrat","2020","2.00000"
"MSR","Montserrat","2021","2.00000"
"MSR","Montserrat","2022","2.00000"
"MSR","Montserrat","2023","2.00000"
"MSR","Montserrat","2024","2.00000"
"MTQ","Martinica","1961","21.00000"
"MTQ","Martinica","1962","21.00000"
"MTQ","Martinica","1963","21.00000"
"MTQ","Martinica","1964","21.00000"
"MTQ","Martinica","1965","21.00000"
"MTQ","Martinica","1966","22.00000"
"MTQ","Martinica","1967","25.00000"
"MTQ","Martinica","1968","25.00000"
"MTQ","Martinica","1969","25.00000"
"MTQ","Martinica","1970","25.00000"
"MTQ","Martinica","1971","25.00000"
"MTQ","Martinica","1972","25.00000"
"MTQ","Martinica","1973","23.00000"
"MTQ","Martinica","1974","23.00000"
"MTQ","Martinica","1975","23.00000"
"MTQ","Martinica","1976","23.00000"
"MTQ","Martinica","1977","21.00000"
"MTQ","Martinica","1978","21.00000"
"MTQ","Martinica","1979","22.00000"
"MTQ","Martinica","1980","20.00000"
"MTQ","Martinica","1981","19.00000"
"MTQ","Martinica","1982","19.00000"
"MTQ","Martinica","1983","19.00000"
"MTQ","Martinica","1984","20.00000"
"MTQ","Martinica","1985","19.00000"
"MTQ","Martinica","1986","20.00000"
"MTQ","Martinica","1987","21.00000"
"MTQ","Martinica","1988","20.00000"
"MTQ","Martinica","1989","19.00000"
"MTQ","Martinica","1990","20.00000"
"MTQ","Martinica","1991","17.00000"
"MTQ","Martinica","1992","17.00000"
"MTQ","Martinica","1993","17.00000"
"MTQ","Martinica","1994","20.00000"
"MTQ","Martinica","1995","20.00000"
"MTQ","Martinica","1996","21.00000"
"MTQ","Martinica","1997","22.00000"
"MTQ","Martinica","1998","23.00000"
"MTQ","Martinica","1999","23.00000"
"MTQ","Martinica","2000","21.00000"
"MTQ","Martinica","2001","21.00000"
"MTQ","Martinica","2002","21.00000"
"MTQ","Martinica","2003","21.00000"
"MTQ","Martinica","2004","19.00000"
"MTQ","Martinica","2005","18.00000"
"MTQ","Martinica","2006","17.00000"
"MTQ","Martinica","2007","18.10000"
"MTQ","Martinica","2008","18.10000"
"MTQ","Martinica","2009","17.90000"
"MTQ","Martinica","2010","17.73400"
"MTQ","Martinica","2011","17.29100"
"MTQ","Martinica","2012","17.22500"
"MTQ","Martinica","2013","17.75100"
"MTQ","Martinica","2014","15.79700"
"MTQ","Martinica","2015","16.86900"
"MTQ","Martinica","2016","15.24700"
"MTQ","Martinica","2017","13.94600"
"MTQ","Martinica","2018","14.46600"
"MTQ","Martinica","2019","15.07800"
"MTQ","Martinica","2020","15.87300"
"MTQ","Martinica","2021","15.81400"
"MTQ","Martinica","2022","16.92900"
"MTQ","Martinica","2023","16.84800"
"MTQ","Martinica","2024","16.93400"
"MUS","Mauricio","1961","92.00000"
"MUS","Mauricio","1962","93.00000"
"MUS","Mauricio","1963","93.00000"
"MUS","Mauricio","1964","93.00000"
"MUS","Mauricio","1965","94.00000"
"MUS","Mauricio","1966","92.00000"
"MUS","Mauricio","1967","98.50000"
"MUS","Mauricio","1968","104.00000"
"MUS","Mauricio","1969","104.00000"
"MUS","Mauricio","1970","105.00000"
"MUS","Mauricio","1971","105.00000"
"MUS","Mauricio","1972","106.00000"
"MUS","Mauricio","1973","106.00000"
"MUS","Mauricio","1974","106.00000"
"MUS","Mauricio","1975","106.00000"
"MUS","Mauricio","1976","106.10000"
"MUS","Mauricio","1977","106.20000"
"MUS","Mauricio","1978","106.30000"
"MUS","Mauricio","1979","106.40000"
"MUS","Mauricio","1980","106.50000"
"MUS","Mauricio","1981","106.60000"
"MUS","Mauricio","1982","106.70000"
"MUS","Mauricio","1983","106.80000"
"MUS","Mauricio","1984","106.90000"
"MUS","Mauricio","1985","107.00000"
"MUS","Mauricio","1986","107.00000"
"MUS","Mauricio","1987","107.00000"
"MUS","Mauricio","1988","106.00000"
"MUS","Mauricio","1989","105.75000"
"MUS","Mauricio","1990","105.58000"
"MUS","Mauricio","1991","104.79000"
"MUS","Mauricio","1992","104.78000"
"MUS","Mauricio","1993","103.73000"
"MUS","Mauricio","1994","102.57000"
"MUS","Mauricio","1995","100.97000"
"MUS","Mauricio","1996","99.00000"
"MUS","Mauricio","1997","100.09000"
"MUS","Mauricio","1998","101.61000"
"MUS","Mauricio","1999","97.75000"
"MUS","Mauricio","2000","99.34000"
"MUS","Mauricio","2001","100.34000"
"MUS","Mauricio","2002","98.60000"
"MUS","Mauricio","2003","97.85000"
"MUS","Mauricio","2004","96.45000"
"MUS","Mauricio","2005","93.88000"
"MUS","Mauricio","2006","91.88000"
"MUS","Mauricio","2007","89.89000"
"MUS","Mauricio","2008","85.45000"
"MUS","Mauricio","2009","84.46000"
"MUS","Mauricio","2010","83.24000"
"MUS","Mauricio","2011","80.48000"
"MUS","Mauricio","2012","78.31000"
"MUS","Mauricio","2013","77.64000"
"MUS","Mauricio","2014","74.52000"
"MUS","Mauricio","2015","74.36000"
"MUS","Mauricio","2016","74.20000"
"MUS","Mauricio","2017","74.42000"
"MUS","Mauricio","2018","74.56000"
"MUS","Mauricio","2019","74.45000"
"MUS","Mauricio","2020","74.56000"
"MUS","Mauricio","2021","74.66000"
"MUS","Mauricio","2022","74.53000"
"MUS","Mauricio","2023","74.62000"
"MUS","Mauricio","2024","74.72000"
"MWI","Malawi","1961","1360.00000"
"MWI","Malawi","1962","1460.00000"
"MWI","Malawi","1963","1510.00000"
"MWI","Malawi","1964","1560.00000"
"MWI","Malawi","1965","1763.00000"
"MWI","Malawi","1966","1813.00000"
"MWI","Malawi","1967","1765.00000"
"MWI","Malawi","1968","1867.00000"
"MWI","Malawi","1969","1917.00000"
"MWI","Malawi","1970","1867.00000"
"MWI","Malawi","1971","2017.00000"
"MWI","Malawi","1972","2067.00000"
"MWI","Malawi","1973","2117.00000"
"MWI","Malawi","1974","2120.00000"
"MWI","Malawi","1975","2070.00000"
"MWI","Malawi","1976","2072.00000"
"MWI","Malawi","1977","2075.00000"
"MWI","Malawi","1978","2128.00000"
"MWI","Malawi","1979","2130.00000"
"MWI","Malawi","1980","1990.00000"
"MWI","Malawi","1981","2090.00000"
"MWI","Malawi","1982","2190.00000"
"MWI","Malawi","1983","2100.00000"
"MWI","Malawi","1984","2150.00000"
"MWI","Malawi","1985","2165.00000"
"MWI","Malawi","1986","2265.00000"
"MWI","Malawi","1987","2270.00000"
"MWI","Malawi","1988","2275.00000"
"MWI","Malawi","1989","2325.00000"
"MWI","Malawi","1990","2378.00000"
"MWI","Malawi","1991","2480.00000"
"MWI","Malawi","1992","2429.70000"
"MWI","Malawi","1993","2429.70000"
"MWI","Malawi","1994","2229.70000"
"MWI","Malawi","1995","2429.70000"
"MWI","Malawi","1996","2529.70000"
"MWI","Malawi","1997","2579.50000"
"MWI","Malawi","1998","2729.50000"
"MWI","Malawi","1999","2829.50000"
"MWI","Malawi","2000","2879.50000"
"MWI","Malawi","2001","2979.50000"
"MWI","Malawi","2002","2979.50000"
"MWI","Malawi","2003","3129.50000"
"MWI","Malawi","2004","3129.50000"
"MWI","Malawi","2005","3329.50000"
"MWI","Malawi","2006","3429.50000"
"MWI","Malawi","2007","3429.50000"
"MWI","Malawi","2008","3579.50000"
"MWI","Malawi","2009","3629.50000"
"MWI","Malawi","2010","3629.50000"
"MWI","Malawi","2011","3629.50000"
"MWI","Malawi","2012","3629.50000"
"MWI","Malawi","2013","3734.27000"
"MWI","Malawi","2014","3790.27000"
"MWI","Malawi","2015","3845.27000"
"MWI","Malawi","2016","3970.11000"
"MWI","Malawi","2017","4025.11000"
"MWI","Malawi","2018","4081.11000"
"MWI","Malawi","2019","4136.11000"
"MWI","Malawi","2020","4216.19000"
"MWI","Malawi","2021","4282.19000"
"MWI","Malawi","2022","4282.19000"
"MWI","Malawi","2023","4282.19000"
"MWI","Malawi","2024","4282.19000"
"MYS","Malasia","1961","2864.74000"
"MYS","Malasia","1962","2927.95000"
"MYS","Malasia","1963","3050.87000"
"MYS","Malasia","1964","3111.02000"
"MYS","Malasia","1965","3268.34000"
"MYS","Malasia","1966","3277.13000"
"MYS","Malasia","1967","3338.68000"
"MYS","Malasia","1968","3465.30000"
"MYS","Malasia","1969","3518.94000"
"MYS","Malasia","1970","3646.01000"
"MYS","Malasia","1971","3717.78000"
"MYS","Malasia","1972","3837.03000"
"MYS","Malasia","1973","3915.89000"
"MYS","Malasia","1974","3974.47000"
"MYS","Malasia","1975","4105.14000"
"MYS","Malasia","1976","4188.62000"
"MYS","Malasia","1977","4317.74000"
"MYS","Malasia","1978","4475.00000"
"MYS","Malasia","1979","4582.11000"
"MYS","Malasia","1980","4658.00000"
"MYS","Malasia","1981","4783.79000"
"MYS","Malasia","1982","4844.79000"
"MYS","Malasia","1983","4940.44000"
"MYS","Malasia","1984","4951.12000"
"MYS","Malasia","1985","5147.75000"
"MYS","Malasia","1986","5449.90000"
"MYS","Malasia","1987","5801.40000"
"MYS","Malasia","1988","6111.80000"
"MYS","Malasia","1989","6447.70000"
"MYS","Malasia","1990","6480.60000"
"MYS","Malasia","1991","6516.50000"
"MYS","Malasia","1992","6526.50000"
"MYS","Malasia","1993","6610.40000"
"MYS","Malasia","1994","6709.90000"
"MYS","Malasia","1995","6685.00000"
"MYS","Malasia","1996","6742.08000"
"MYS","Malasia","1997","6804.66000"
"MYS","Malasia","1998","6856.63000"
"MYS","Malasia","1999","6925.01000"
"MYS","Malasia","2000","6982.59000"
"MYS","Malasia","2001","7056.87000"
"MYS","Malasia","2002","7213.34000"
"MYS","Malasia","2003","7258.06000"
"MYS","Malasia","2004","7324.50000"
"MYS","Malasia","2005","7393.19000"
"MYS","Malasia","2006","7399.96000"
"MYS","Malasia","2007","7402.93000"
"MYS","Malasia","2008","7512.11000"
"MYS","Malasia","2009","7552.69000"
"MYS","Malasia","2010","7627.97000"
"MYS","Malasia","2011","7705.24000"
"MYS","Malasia","2012","7774.02000"
"MYS","Malasia","2013","7774.30000"
"MYS","Malasia","2014","8029.64000"
"MYS","Malasia","2015","8284.97000"
"MYS","Malasia","2016","8302.11000"
"MYS","Malasia","2017","8319.25000"
"MYS","Malasia","2018","8336.38000"
"MYS","Malasia","2019","8353.52000"
"MYS","Malasia","2020","8164.65000"
"MYS","Malasia","2021","8046.88000"
"MYS","Malasia","2022","7978.73000"
"MYS","Malasia","2023","7925.23000"
"MYS","Malasia","2024","7864.72000"
"MYT","Mayotte","1961","15.00000"
"MYT","Mayotte","1962","15.00000"
"MYT","Mayotte","1963","15.00000"
"MYT","Mayotte","1964","15.00000"
"MYT","Mayotte","1965","16.00000"
"MYT","Mayotte","1966","16.00000"
"MYT","Mayotte","1967","16.00000"
"MYT","Mayotte","1968","16.00000"
"MYT","Mayotte","1969","16.00000"
"MYT","Mayotte","1970","16.00000"
"MYT","Mayotte","1971","16.00000"
"MYT","Mayotte","1972","16.00000"
"MYT","Mayotte","1973","16.00000"
"MYT","Mayotte","1974","16.00000"
"MYT","Mayotte","1975","16.00000"
"MYT","Mayotte","1976","16.00000"
"MYT","Mayotte","1977","16.00000"
"MYT","Mayotte","1978","17.00000"
"MYT","Mayotte","1979","17.00000"
"MYT","Mayotte","1980","17.00000"
"MYT","Mayotte","1981","17.00000"
"MYT","Mayotte","1982","17.00000"
"MYT","Mayotte","1983","17.00000"
"MYT","Mayotte","1984","17.00000"
"MYT","Mayotte","1985","17.00000"
"MYT","Mayotte","1986","17.00000"
"MYT","Mayotte","1987","17.00000"
"MYT","Mayotte","1988","17.00000"
"MYT","Mayotte","1989","18.00000"
"MYT","Mayotte","1990","18.00000"
"MYT","Mayotte","1991","18.50000"
"MYT","Mayotte","1992","18.50000"
"MYT","Mayotte","1993","18.50000"
"MYT","Mayotte","1994","18.50000"
"MYT","Mayotte","1995","18.50000"
"MYT","Mayotte","1996","18.50000"
"MYT","Mayotte","1997","18.50000"
"MYT","Mayotte","1998","20.00000"
"MYT","Mayotte","1999","20.00000"
"MYT","Mayotte","2000","20.00000"
"MYT","Mayotte","2001","20.00000"
"MYT","Mayotte","2002","20.00000"
"MYT","Mayotte","2003","20.00000"
"MYT","Mayotte","2004","19.97000"
"MYT","Mayotte","2005","19.95000"
"MYT","Mayotte","2006","19.92000"
"MYT","Mayotte","2007","19.90000"
"MYT","Mayotte","2008","19.87000"
"MYT","Mayotte","2009","19.84000"
"MYT","Mayotte","2010","19.82000"
"MYT","Mayotte","2011","19.79000"
"MYT","Mayotte","2012","19.77000"
"MYT","Mayotte","2013","19.74000"
"MYT","Mayotte","2014","19.71000"
"MYT","Mayotte","2015","19.69000"
"MYT","Mayotte","2016","19.66100"
"MYT","Mayotte","2017","19.64100"
"MYT","Mayotte","2018","19.10200"
"MYT","Mayotte","2019","19.36300"
"MYT","Mayotte","2020","20.26700"
"MYT","Mayotte","2021","19.86400"
"MYT","Mayotte","2022","19.84400"
"MYT","Mayotte","2023","19.38900"
"MYT","Mayotte","2024","19.38900"
"NAM","Namibia","1961","642.00000"
"NAM","Namibia","1962","642.00000"
"NAM","Namibia","1963","642.00000"
"NAM","Namibia","1964","646.00000"
"NAM","Namibia","1965","646.00000"
"NAM","Namibia","1966","646.00000"
"NAM","Namibia","1967","649.00000"
"NAM","Namibia","1968","649.00000"
"NAM","Namibia","1969","649.00000"
"NAM","Namibia","1970","651.00000"
"NAM","Namibia","1971","653.00000"
"NAM","Namibia","1972","653.00000"
"NAM","Namibia","1973","653.00000"
"NAM","Namibia","1974","653.00000"
"NAM","Namibia","1975","653.00000"
"NAM","Namibia","1976","655.00000"
"NAM","Namibia","1977","655.00000"
"NAM","Namibia","1978","656.00000"
"NAM","Namibia","1979","656.00000"
"NAM","Namibia","1980","657.00000"
"NAM","Namibia","1981","657.00000"
"NAM","Namibia","1982","657.00000"
"NAM","Namibia","1983","662.00000"
"NAM","Namibia","1984","662.00000"
"NAM","Namibia","1985","662.00000"
"NAM","Namibia","1986","662.00000"
"NAM","Namibia","1987","662.00000"
"NAM","Namibia","1988","662.00000"
"NAM","Namibia","1989","662.00000"
"NAM","Namibia","1990","662.00000"
"NAM","Namibia","1991","662.00000"
"NAM","Namibia","1992","662.00000"
"NAM","Namibia","1993","700.00000"
"NAM","Namibia","1994","750.00000"
"NAM","Namibia","1995","820.00000"
"NAM","Namibia","1996","820.00000"
"NAM","Namibia","1997","820.00000"
"NAM","Namibia","1998","820.00000"
"NAM","Namibia","1999","820.00000"
"NAM","Namibia","2000","820.00000"
"NAM","Namibia","2001","820.00000"
"NAM","Namibia","2002","820.00000"
"NAM","Namibia","2003","820.00000"
"NAM","Namibia","2004","820.00000"
"NAM","Namibia","2005","820.00000"
"NAM","Namibia","2006","820.00000"
"NAM","Namibia","2007","808.00000"
"NAM","Namibia","2008","808.00000"
"NAM","Namibia","2009","808.00000"
"NAM","Namibia","2010","809.00000"
"NAM","Namibia","2011","809.00000"
"NAM","Namibia","2012","809.00000"
"NAM","Namibia","2013","809.00000"
"NAM","Namibia","2014","809.00000"
"NAM","Namibia","2015","810.00000"
"NAM","Namibia","2016","810.00000"
"NAM","Namibia","2017","811.00000"
"NAM","Namibia","2018","811.00000"
"NAM","Namibia","2019","811.00000"
"NAM","Namibia","2020","811.00000"
"NAM","Namibia","2021","812.00000"
"NAM","Namibia","2022","812.00000"
"NAM","Namibia","2023","812.00000"
"NAM","Namibia","2024","812.00000"
"NCL","Nueva Caledonia","1961","11.00000"
"NCL","Nueva Caledonia","1962","11.00000"
"NCL","Nueva Caledonia","1963","11.00000"
"NCL","Nueva Caledonia","1964","12.00000"
"NCL","Nueva Caledonia","1965","12.00000"
"NCL","Nueva Caledonia","1966","12.00000"
"NCL","Nueva Caledonia","1967","12.00000"
"NCL","Nueva Caledonia","1968","13.00000"
"NCL","Nueva Caledonia","1969","13.00000"
"NCL","Nueva Caledonia","1970","13.00000"
"NCL","Nueva Caledonia","1971","13.00000"
"NCL","Nueva Caledonia","1972","14.00000"
"NCL","Nueva Caledonia","1973","14.00000"
"NCL","Nueva Caledonia","1974","14.00000"
"NCL","Nueva Caledonia","1975","14.00000"
"NCL","Nueva Caledonia","1976","15.00000"
"NCL","Nueva Caledonia","1977","15.00000"
"NCL","Nueva Caledonia","1978","15.00000"
"NCL","Nueva Caledonia","1979","15.00000"
"NCL","Nueva Caledonia","1980","15.00000"
"NCL","Nueva Caledonia","1981","15.00000"
"NCL","Nueva Caledonia","1982","15.00000"
"NCL","Nueva Caledonia","1983","15.00000"
"NCL","Nueva Caledonia","1984","18.00000"
"NCL","Nueva Caledonia","1985","18.00000"
"NCL","Nueva Caledonia","1986","17.00000"
"NCL","Nueva Caledonia","1987","16.00000"
"NCL","Nueva Caledonia","1988","16.00000"
"NCL","Nueva Caledonia","1989","16.00000"
"NCL","Nueva Caledonia","1990","15.00000"
"NCL","Nueva Caledonia","1991","15.00000"
"NCL","Nueva Caledonia","1992","15.00000"
"NCL","Nueva Caledonia","1993","14.00000"
"NCL","Nueva Caledonia","1994","13.00000"
"NCL","Nueva Caledonia","1995","13.00000"
"NCL","Nueva Caledonia","1996","13.00000"
"NCL","Nueva Caledonia","1997","12.00000"
"NCL","Nueva Caledonia","1998","12.00000"
"NCL","Nueva Caledonia","1999","12.00000"
"NCL","Nueva Caledonia","2000","11.00000"
"NCL","Nueva Caledonia","2001","10.80000"
"NCL","Nueva Caledonia","2002","10.80000"
"NCL","Nueva Caledonia","2003","10.80000"
"NCL","Nueva Caledonia","2004","10.80000"
"NCL","Nueva Caledonia","2005","10.80000"
"NCL","Nueva Caledonia","2006","10.80000"
"NCL","Nueva Caledonia","2007","10.80000"
"NCL","Nueva Caledonia","2008","10.80000"
"NCL","Nueva Caledonia","2009","10.80000"
"NCL","Nueva Caledonia","2010","10.80000"
"NCL","Nueva Caledonia","2011","11.05000"
"NCL","Nueva Caledonia","2012","10.26000"
"NCL","Nueva Caledonia","2013","10.26000"
"NCL","Nueva Caledonia","2014","10.26000"
"NCL","Nueva Caledonia","2015","13.70000"
"NCL","Nueva Caledonia","2016","13.70000"
"NCL","Nueva Caledonia","2017","13.70000"
"NCL","Nueva Caledonia","2018","13.70000"
"NCL","Nueva Caledonia","2019","13.70000"
"NCL","Nueva Caledonia","2020","13.70000"
"NCL","Nueva Caledonia","2021","7.75000"
"NCL","Nueva Caledonia","2022","7.75000"
"NCL","Nueva Caledonia","2023","7.75000"
"NCL","Nueva Caledonia","2024","7.75000"
"NER","Níger","1961","11500.00000"
"NER","Níger","1962","11500.00000"
"NER","Níger","1963","11500.00000"
"NER","Níger","1964","11500.00000"
"NER","Níger","1965","11500.00000"
"NER","Níger","1966","11500.00000"
"NER","Níger","1967","11500.00000"
"NER","Níger","1968","12177.00000"
"NER","Níger","1969","12176.00000"
"NER","Níger","1970","11200.00000"
"NER","Níger","1971","11230.00000"
"NER","Níger","1972","11177.00000"
"NER","Níger","1973","10814.00000"
"NER","Níger","1974","9780.00000"
"NER","Níger","1975","9780.00000"
"NER","Níger","1976","9780.00000"
"NER","Níger","1977","9780.00000"
"NER","Níger","1978","9780.00000"
"NER","Níger","1979","9958.00000"
"NER","Níger","1980","10220.00000"
"NER","Níger","1981","9780.00000"
"NER","Níger","1982","9860.00000"
"NER","Níger","1983","10010.00000"
"NER","Níger","1984","9780.00000"
"NER","Níger","1985","9780.00000"
"NER","Níger","1986","9780.00000"
"NER","Níger","1987","9512.00000"
"NER","Níger","1988","9500.00000"
"NER","Níger","1989","9605.00000"
"NER","Níger","1990","11047.00000"
"NER","Níger","1991","12105.00000"
"NER","Níger","1992","13000.00000"
"NER","Níger","1993","13000.00000"
"NER","Níger","1994","13000.00000"
"NER","Níger","1995","14000.00000"
"NER","Níger","1996","14000.00000"
"NER","Níger","1997","14000.00000"
"NER","Níger","1998","14000.00000"
"NER","Níger","1999","14000.00000"
"NER","Níger","2000","14000.00000"
"NER","Níger","2001","14000.00000"
"NER","Níger","2002","14000.00000"
"NER","Níger","2003","14100.00000"
"NER","Níger","2004","14160.00000"
"NER","Níger","2005","14183.00000"
"NER","Níger","2006","14207.00000"
"NER","Níger","2007","15000.00000"
"NER","Níger","2008","15000.00000"
"NER","Níger","2009","15000.00000"
"NER","Níger","2010","15425.59000"
"NER","Níger","2011","15851.19000"
"NER","Níger","2012","16235.27000"
"NER","Níger","2013","17061.03000"
"NER","Níger","2014","17170.58000"
"NER","Níger","2015","17288.47000"
"NER","Níger","2016","17398.02000"
"NER","Níger","2017","17507.56000"
"NER","Níger","2018","17617.11000"
"NER","Níger","2019","17726.66000"
"NER","Níger","2020","17836.85000"
"NER","Níger","2021","17836.85000"
"NER","Níger","2022","17836.85000"
"NER","Níger","2023","17836.85000"
"NER","Níger","2024","17836.85000"
"NGA","Nigeria","1961","27176.00000"
"NGA","Nigeria","1962","27323.00000"
"NGA","Nigeria","1963","27471.00000"
"NGA","Nigeria","1964","27618.00000"
"NGA","Nigeria","1965","27765.00000"
"NGA","Nigeria","1966","27813.00000"
"NGA","Nigeria","1967","27560.00000"
"NGA","Nigeria","1968","27708.00000"
"NGA","Nigeria","1969","27955.00000"
"NGA","Nigeria","1970","28152.00000"
"NGA","Nigeria","1971","28300.00000"
"NGA","Nigeria","1972","28447.00000"
"NGA","Nigeria","1973","28594.00000"
"NGA","Nigeria","1974","28742.00000"
"NGA","Nigeria","1975","28889.00000"
"NGA","Nigeria","1976","29036.00000"
"NGA","Nigeria","1977","29234.00000"
"NGA","Nigeria","1978","29381.00000"
"NGA","Nigeria","1979","29728.00000"
"NGA","Nigeria","1980","29976.00000"
"NGA","Nigeria","1981","30123.00000"
"NGA","Nigeria","1982","30271.00000"
"NGA","Nigeria","1983","30418.00000"
"NGA","Nigeria","1984","30765.00000"
"NGA","Nigeria","1985","31113.00000"
"NGA","Nigeria","1986","31360.00000"
"NGA","Nigeria","1987","31482.00000"
"NGA","Nigeria","1988","31712.00000"
"NGA","Nigeria","1989","31888.00000"
"NGA","Nigeria","1990","32074.00000"
"NGA","Nigeria","1991","33300.00000"
"NGA","Nigeria","1992","34500.00000"
"NGA","Nigeria","1993","34900.00000"
"NGA","Nigeria","1994","35900.00000"
"NGA","Nigeria","1995","38100.00000"
"NGA","Nigeria","1996","38300.00000"
"NGA","Nigeria","1997","38500.00000"
"NGA","Nigeria","1998","39350.00000"
"NGA","Nigeria","1999","40500.00000"
"NGA","Nigeria","2000","40800.00000"
"NGA","Nigeria","2001","41664.96000"
"NGA","Nigeria","2002","41813.26000"
"NGA","Nigeria","2003","41945.49000"
"NGA","Nigeria","2004","43043.22000"
"NGA","Nigeria","2005","42799.95000"
"NGA","Nigeria","2006","42047.54000"
"NGA","Nigeria","2007","42074.91000"
"NGA","Nigeria","2008","42627.01000"
"NGA","Nigeria","2009","43258.79000"
"NGA","Nigeria","2010","43014.13000"
"NGA","Nigeria","2011","42363.96000"
"NGA","Nigeria","2012","42033.29000"
"NGA","Nigeria","2013","41422.77000"
"NGA","Nigeria","2014","42074.32000"
"NGA","Nigeria","2015","42950.20000"
"NGA","Nigeria","2016","43938.37000"
"NGA","Nigeria","2017","45062.22000"
"NGA","Nigeria","2018","45203.91000"
"NGA","Nigeria","2019","43541.53000"
"NGA","Nigeria","2020","43188.11000"
"NGA","Nigeria","2021","43184.96000"
"NGA","Nigeria","2022","44097.32000"
"NGA","Nigeria","2023","45029.15000"
"NGA","Nigeria","2024","45036.39000"
"NIC","Nicaragua","1961","1180.00000"
"NIC","Nicaragua","1962","1180.00000"
"NIC","Nicaragua","1963","1188.00000"
"NIC","Nicaragua","1964","1188.00000"
"NIC","Nicaragua","1965","1188.00000"
"NIC","Nicaragua","1966","1200.00000"
"NIC","Nicaragua","1967","1200.00000"
"NIC","Nicaragua","1968","1200.00000"
"NIC","Nicaragua","1969","1205.00000"
"NIC","Nicaragua","1970","1205.00000"
"NIC","Nicaragua","1971","1205.00000"
"NIC","Nicaragua","1972","1210.00000"
"NIC","Nicaragua","1973","1220.00000"
"NIC","Nicaragua","1974","1230.00000"
"NIC","Nicaragua","1975","1230.00000"
"NIC","Nicaragua","1976","1230.00000"
"NIC","Nicaragua","1977","1230.00000"
"NIC","Nicaragua","1978","1235.00000"
"NIC","Nicaragua","1979","1240.00000"
"NIC","Nicaragua","1980","1245.00000"
"NIC","Nicaragua","1981","1327.00000"
"NIC","Nicaragua","1982","1329.00000"
"NIC","Nicaragua","1983","1330.00000"
"NIC","Nicaragua","1984","1383.00000"
"NIC","Nicaragua","1985","1405.00000"
"NIC","Nicaragua","1986","1407.00000"
"NIC","Nicaragua","1987","1439.00000"
"NIC","Nicaragua","1988","1470.00000"
"NIC","Nicaragua","1989","1493.00000"
"NIC","Nicaragua","1990","1495.00000"
"NIC","Nicaragua","1991","1500.00000"
"NIC","Nicaragua","1992","1525.00000"
"NIC","Nicaragua","1993","1560.00000"
"NIC","Nicaragua","1994","1565.00000"
"NIC","Nicaragua","1995","1870.00000"
"NIC","Nicaragua","1996","1879.00000"
"NIC","Nicaragua","1997","1980.00000"
"NIC","Nicaragua","1998","2031.00000"
"NIC","Nicaragua","1999","2082.00000"
"NIC","Nicaragua","2000","2151.00000"
"NIC","Nicaragua","2001","2169.00000"
"NIC","Nicaragua","2002","2189.00000"
"NIC","Nicaragua","2003","2201.00000"
"NIC","Nicaragua","2004","2209.00000"
"NIC","Nicaragua","2005","2234.00000"
"NIC","Nicaragua","2006","2158.00000"
"NIC","Nicaragua","2007","2085.00000"
"NIC","Nicaragua","2008","2007.00000"
"NIC","Nicaragua","2009","1929.00000"
"NIC","Nicaragua","2010","1850.00000"
"NIC","Nicaragua","2011","1799.00000"
"NIC","Nicaragua","2012","1799.00000"
"NIC","Nicaragua","2013","1799.00000"
"NIC","Nicaragua","2014","1799.00000"
"NIC","Nicaragua","2015","1799.00000"
"NIC","Nicaragua","2016","1799.00000"
"NIC","Nicaragua","2017","1799.00000"
"NIC","Nicaragua","2018","1799.00000"
"NIC","Nicaragua","2019","1799.00000"
"NIC","Nicaragua","2020","1799.00000"
"NIC","Nicaragua","2021","1799.00000"
"NIC","Nicaragua","2022","1799.00000"
"NIU","Niue","1961","3.00000"
"NIU","Niue","1962","3.00000"
"NIU","Niue","1963","3.00000"
"NIU","Niue","1964","3.00000"
"NIU","Niue","1965","3.00000"
"NIU","Niue","1966","3.00000"
"NIU","Niue","1967","3.00000"
"NIU","Niue","1968","3.00000"
"NIU","Niue","1969","3.00000"
"NIU","Niue","1970","3.00000"
"NIU","Niue","1971","3.00000"
"NIU","Niue","1972","3.00000"
"NIU","Niue","1973","3.00000"
"NIU","Niue","1974","4.00000"
"NIU","Niue","1975","4.00000"
"NIU","Niue","1976","4.00000"
"NIU","Niue","1977","4.00000"
"NIU","Niue","1978","3.80000"
"NIU","Niue","1979","3.80000"
"NIU","Niue","1980","3.80000"
"NIU","Niue","1981","3.80000"
"NIU","Niue","1982","3.80000"
"NIU","Niue","1983","3.80000"
"NIU","Niue","1984","3.80000"
"NIU","Niue","1985","3.80000"
"NIU","Niue","1986","3.80000"
"NIU","Niue","1987","3.80000"
"NIU","Niue","1988","3.80000"
"NIU","Niue","1989","3.80000"
"NIU","Niue","1990","3.80000"
"NIU","Niue","1991","3.80000"
"NIU","Niue","1992","3.80000"
"NIU","Niue","1993","3.80000"
"NIU","Niue","1994","3.80000"
"NIU","Niue","1995","3.80000"
"NIU","Niue","1996","3.80000"
"NIU","Niue","1997","3.80000"
"NIU","Niue","1998","3.80000"
"NIU","Niue","1999","3.80000"
"NIU","Niue","2000","3.80000"
"NIU","Niue","2001","3.80000"
"NIU","Niue","2002","3.80000"
"NIU","Niue","2003","3.80000"
"NIU","Niue","2004","3.80000"
"NIU","Niue","2005","3.80000"
"NIU","Niue","2006","3.80000"
"NIU","Niue","2007","3.80000"
"NIU","Niue","2008","3.80000"
"NIU","Niue","2009","3.80000"
"NIU","Niue","2010","3.80000"
"NIU","Niue","2011","3.80000"
"NIU","Niue","2012","3.80000"
"NIU","Niue","2013","3.80000"
"NIU","Niue","2014","3.80000"
"NIU","Niue","2015","3.80000"
"NIU","Niue","2016","3.80000"
"NIU","Niue","2017","3.80000"
"NIU","Niue","2018","3.80000"
"NIU","Niue","2019","3.80000"
"NIU","Niue","2020","3.80000"
"NIU","Niue","2021","3.80000"
"NIU","Niue","2022","3.80000"
"NIU","Niue","2023","3.80000"
"NIU","Niue","2024","3.80000"
"NLD","Países Bajos","1961","1027.00000"
"NLD","Países Bajos","1962","1002.00000"
"NLD","Países Bajos","1963","988.00000"
"NLD","Países Bajos","1964","977.00000"
"NLD","Países Bajos","1965","968.00000"
"NLD","Países Bajos","1966","955.80000"
"NLD","Países Bajos","1967","930.70000"
"NLD","Países Bajos","1968","920.90000"
"NLD","Países Bajos","1969","899.00000"
"NLD","Países Bajos","1970","875.20000"
"NLD","Países Bajos","1971","855.90000"
"NLD","Países Bajos","1972","849.10000"
"NLD","Países Bajos","1973","841.40000"
"NLD","Países Bajos","1974","844.40000"
"NLD","Países Bajos","1975","846.50000"
"NLD","Países Bajos","1976","849.90000"
"NLD","Países Bajos","1977","869.40000"
"NLD","Países Bajos","1978","861.70000"
"NLD","Países Bajos","1979","865.10000"
"NLD","Países Bajos","1980","877.40000"
"NLD","Países Bajos","1981","878.80000"
"NLD","Países Bajos","1982","884.30000"
"NLD","Países Bajos","1983","865.90000"
"NLD","Países Bajos","1984","873.80000"
"NLD","Países Bajos","1985","893.30000"
"NLD","Países Bajos","1986","910.00000"
"NLD","Países Bajos","1987","924.50000"
"NLD","Países Bajos","1988","934.80000"
"NLD","Países Bajos","1989","938.50000"
"NLD","Países Bajos","1990","956.40000"
"NLD","Países Bajos","1991","925.30000"
"NLD","Países Bajos","1992","934.20000"
"NLD","Países Bajos","1993","937.30000"
"NLD","Países Bajos","1994","938.30000"
"NLD","Países Bajos","1995","954.00000"
"NLD","Países Bajos","1996","961.10000"
"NLD","Países Bajos","1997","1005.20000"
"NLD","Países Bajos","1998","963.90000"
"NLD","Países Bajos","1999","1046.40000"
"NLD","Países Bajos","2000","1057.70000"
"NLD","Países Bajos","2001","1041.80000"
"NLD","Países Bajos","2002","1048.20000"
"NLD","Países Bajos","2003","1123.10000"
"NLD","Países Bajos","2004","1158.60000"
"NLD","Países Bajos","2005","1142.80000"
"NLD","Países Bajos","2006","1102.50000"
"NLD","Países Bajos","2007","1093.70000"
"NLD","Países Bajos","2008","1101.50000"
"NLD","Países Bajos","2009","1090.20000"
"NLD","Países Bajos","2010","1059.00000"
"NLD","Países Bajos","2011","1042.40000"
"NLD","Países Bajos","2012","1046.80000"
"NLD","Países Bajos","2013","1074.50000"
"NLD","Países Bajos","2014","1081.30000"
"NLD","Países Bajos","2015","1080.00000"
"NLD","Países Bajos","2016","1066.00000"
"NLD","Países Bajos","2017","1075.00000"
"NLD","Países Bajos","2018","1059.00000"
"NLD","Países Bajos","2019","1048.80000"
"NLD","Países Bajos","2020","1042.04000"
"NLD","Países Bajos","2021","1040.00000"
"NLD","Países Bajos","2022","1042.00000"
"NLD","Países Bajos","2023","1045.00000"
"NLD","Países Bajos","2024","1038.00000"
"NOR","Noruega","1961","857.00000"
"NOR","Noruega","1962","855.00000"
"NOR","Noruega","1963","853.00000"
"NOR","Noruega","1964","851.00000"
"NOR","Noruega","1965","849.00000"
"NOR","Noruega","1966","847.00000"
"NOR","Noruega","1967","845.00000"
"NOR","Noruega","1968","843.00000"
"NOR","Noruega","1969","827.00000"
"NOR","Noruega","1970","814.00000"
"NOR","Noruega","1971","806.00000"
"NOR","Noruega","1972","795.00000"
"NOR","Noruega","1973","790.00000"
"NOR","Noruega","1974","793.00000"
"NOR","Noruega","1975","792.00000"
"NOR","Noruega","1976","795.00000"
"NOR","Noruega","1977","800.00000"
"NOR","Noruega","1978","806.00000"
"NOR","Noruega","1979","830.00000"
"NOR","Noruega","1980","817.00000"
"NOR","Noruega","1981","828.00000"
"NOR","Noruega","1982","841.00000"
"NOR","Noruega","1983","849.00000"
"NOR","Noruega","1984","855.00000"
"NOR","Noruega","1985","858.00000"
"NOR","Noruega","1986","869.00000"
"NOR","Noruega","1987","869.00000"
"NOR","Noruega","1988","874.00000"
"NOR","Noruega","1989","882.00000"
"NOR","Noruega","1990","864.00000"
"NOR","Noruega","1991","892.00000"
"NOR","Noruega","1992","883.00000"
"NOR","Noruega","1993","890.00000"
"NOR","Noruega","1994","901.00000"
"NOR","Noruega","1995","992.00000"
"NOR","Noruega","1996","1000.00000"
"NOR","Noruega","1997","902.00000"
"NOR","Noruega","1998","903.00000"
"NOR","Noruega","1999","887.00000"
"NOR","Noruega","2000","884.00000"
"NOR","Noruega","2001","886.00000"
"NOR","Noruega","2002","883.00000"
"NOR","Noruega","2003","876.00000"
"NOR","Noruega","2004","874.00000"
"NOR","Noruega","2005","867.00000"
"NOR","Noruega","2006","863.00000"
"NOR","Noruega","2007","857.40000"
"NOR","Noruega","2008","849.70000"
"NOR","Noruega","2009","839.46000"
"NOR","Noruega","2010","830.10000"
"NOR","Noruega","2011","822.40000"
"NOR","Noruega","2012","816.30000"
"NOR","Noruega","2013","810.75390"
"NOR","Noruega","2014","811.13000"
"NOR","Noruega","2015","810.16300"
"NOR","Noruega","2016","808.15800"
"NOR","Noruega","2017","804.50600"
"NOR","Noruega","2018","806.28300"
"NOR","Noruega","2019","805.14600"
"NOR","Noruega","2020","807.66300"
"NOR","Noruega","2021","807.00000"
"NOR","Noruega","2022","807.00000"
"NOR","Noruega","2023","806.00000"
"NOR","Noruega","2024","809.00000"
"NPL","Nepal","1961","1831.00000"
"NPL","Nepal","1962","1831.00000"
"NPL","Nepal","1963","1841.00000"
"NPL","Nepal","1964","1831.00000"
"NPL","Nepal","1965","1831.00000"
"NPL","Nepal","1966","1831.00000"
"NPL","Nepal","1967","1845.00000"
"NPL","Nepal","1968","1845.00000"
"NPL","Nepal","1969","1845.00000"
"NPL","Nepal","1970","1980.00000"
"NPL","Nepal","1971","1980.00000"
"NPL","Nepal","1972","2082.00000"
"NPL","Nepal","1973","2193.00000"
"NPL","Nepal","1974","2208.00000"
"NPL","Nepal","1975","2223.00000"
"NPL","Nepal","1976","2239.00000"
"NPL","Nepal","1977","2254.00000"
"NPL","Nepal","1978","2269.00000"
"NPL","Nepal","1979","2284.00000"
"NPL","Nepal","1980","2299.00000"
"NPL","Nepal","1981","2317.00000"
"NPL","Nepal","1982","2320.60000"
"NPL","Nepal","1983","2324.20000"
"NPL","Nepal","1984","2327.80000"
"NPL","Nepal","1985","2331.40000"
"NPL","Nepal","1986","2335.00000"
"NPL","Nepal","1987","2338.60000"
"NPL","Nepal","1988","2342.20000"
"NPL","Nepal","1989","2345.80000"
"NPL","Nepal","1990","2349.40000"
"NPL","Nepal","1991","2353.00000"
"NPL","Nepal","1992","2365.20000"
"NPL","Nepal","1993","2377.40000"
"NPL","Nepal","1994","2389.60000"
"NPL","Nepal","1995","2401.80000"
"NPL","Nepal","1996","2414.00000"
"NPL","Nepal","1997","2426.20000"
"NPL","Nepal","1998","2438.40000"
"NPL","Nepal","1999","2450.60000"
"NPL","Nepal","2000","2463.10000"
"NPL","Nepal","2001","2473.00000"
"NPL","Nepal","2002","2455.77000"
"NPL","Nepal","2003","2441.54000"
"NPL","Nepal","2004","2427.31000"
"NPL","Nepal","2005","2411.08000"
"NPL","Nepal","2006","2393.85000"
"NPL","Nepal","2007","2374.62000"
"NPL","Nepal","2008","2360.39000"
"NPL","Nepal","2009","2348.16000"
"NPL","Nepal","2010","2333.93000"
"NPL","Nepal","2011","2331.30000"
"NPL","Nepal","2012","2292.65000"
"NPL","Nepal","2013","2261.19000"
"NPL","Nepal","2014","2242.52000"
"NPL","Nepal","2015","2213.35000"
"NPL","Nepal","2016","2179.97000"
"NPL","Nepal","2017","2152.57000"
"NPL","Nepal","2018","2071.33000"
"NPL","Nepal","2019","2042.88000"
"NPL","Nepal","2020","2003.63000"
"NPL","Nepal","2021","1977.66000"
"NPL","Nepal","2022","1949.20000"
"NPL","Nepal","2023","1948.80000"
"NPL","Nepal","2024","1948.80000"
"NRU","Nauru","1961","0.28000"
"NRU","Nauru","1962","0.28000"
"NRU","Nauru","1963","0.28000"
"NRU","Nauru","1964","0.28000"
"NRU","Nauru","1965","0.34000"
"NRU","Nauru","1966","0.34000"
"NRU","Nauru","1967","0.34000"
"NRU","Nauru","1968","0.34000"
"NRU","Nauru","1969","0.34000"
"NRU","Nauru","1970","0.34000"
"NRU","Nauru","1971","0.34000"
"NRU","Nauru","1972","0.34000"
"NRU","Nauru","1973","0.34000"
"NRU","Nauru","1974","0.34000"
"NRU","Nauru","1975","0.34000"
"NRU","Nauru","1976","0.34000"
"NRU","Nauru","1977","0.34000"
"NRU","Nauru","1978","0.34000"
"NRU","Nauru","1979","0.34000"
"NRU","Nauru","1980","0.34000"
"NRU","Nauru","1981","0.34000"
"NRU","Nauru","1982","0.34000"
"NRU","Nauru","1983","0.34000"
"NRU","Nauru","1984","0.34000"
"NRU","Nauru","1985","0.34000"
"NRU","Nauru","1986","0.36000"
"NRU","Nauru","1987","0.36000"
"NRU","Nauru","1988","0.36000"
"NRU","Nauru","1989","0.36000"
"NRU","Nauru","1990","0.36000"
"NRU","Nauru","1991","0.36000"
"NRU","Nauru","1992","0.36000"
"NRU","Nauru","1993","0.36000"
"NRU","Nauru","1994","0.40000"
"NRU","Nauru","1995","0.40000"
"NRU","Nauru","1996","0.40000"
"NRU","Nauru","1997","0.40000"
"NRU","Nauru","1998","0.40000"
"NRU","Nauru","1999","0.40000"
"NRU","Nauru","2000","0.40000"
"NRU","Nauru","2001","0.40000"
"NRU","Nauru","2002","0.40000"
"NRU","Nauru","2003","0.40000"
"NRU","Nauru","2004","0.40000"
"NRU","Nauru","2005","0.40000"
"NRU","Nauru","2006","0.40000"
"NRU","Nauru","2007","0.40000"
"NRU","Nauru","2008","0.40000"
"NRU","Nauru","2009","0.40000"
"NRU","Nauru","2010","0.40000"
"NRU","Nauru","2011","0.40000"
"NRU","Nauru","2012","0.40000"
"NRU","Nauru","2013","0.40000"
"NRU","Nauru","2014","0.40000"
"NRU","Nauru","2015","0.37000"
"NRU","Nauru","2016","0.37000"
"NRU","Nauru","2017","0.37000"
"NRU","Nauru","2018","0.37000"
"NRU","Nauru","2019","0.37000"
"NRU","Nauru","2020","0.37000"
"NRU","Nauru","2021","0.34000"
"NRU","Nauru","2022","0.34000"
"NRU","Nauru","2023","0.34000"
"NRU","Nauru","2024","0.34000"
"NZL","Nueva Zelanda","1961","406.00000"
"NZL","Nueva Zelanda","1962","406.00000"
"NZL","Nueva Zelanda","1963","406.00000"
"NZL","Nueva Zelanda","1964","406.00000"
"NZL","Nueva Zelanda","1965","406.00000"
"NZL","Nueva Zelanda","1966","406.00000"
"NZL","Nueva Zelanda","1967","406.00000"
"NZL","Nueva Zelanda","1968","406.00000"
"NZL","Nueva Zelanda","1969","406.00000"
"NZL","Nueva Zelanda","1970","406.00000"
"NZL","Nueva Zelanda","1971","406.00000"
"NZL","Nueva Zelanda","1972","405.80000"
"NZL","Nueva Zelanda","1973","401.65000"
"NZL","Nueva Zelanda","1974","397.50000"
"NZL","Nueva Zelanda","1975","413.50000"
"NZL","Nueva Zelanda","1976","429.50000"
"NZL","Nueva Zelanda","1977","431.20000"
"NZL","Nueva Zelanda","1978","432.90000"
"NZL","Nueva Zelanda","1979","453.00000"
"NZL","Nueva Zelanda","1980","435.00000"
"NZL","Nueva Zelanda","1981","452.50000"
"NZL","Nueva Zelanda","1982","470.00000"
"NZL","Nueva Zelanda","1983","482.50000"
"NZL","Nueva Zelanda","1984","495.00000"
"NZL","Nueva Zelanda","1985","512.00000"
"NZL","Nueva Zelanda","1986","508.00000"
"NZL","Nueva Zelanda","1987","464.00000"
"NZL","Nueva Zelanda","1988","420.00000"
"NZL","Nueva Zelanda","1989","423.50000"
"NZL","Nueva Zelanda","1990","427.00000"
"NZL","Nueva Zelanda","1991","429.00000"
"NZL","Nueva Zelanda","1992","432.08720"
"NZL","Nueva Zelanda","1993","434.78450"
"NZL","Nueva Zelanda","1994","437.45860"
"NZL","Nueva Zelanda","1995","440.14810"
"NZL","Nueva Zelanda","1996","442.83150"
"NZL","Nueva Zelanda","1997","445.57830"
"NZL","Nueva Zelanda","1998","448.33310"
"NZL","Nueva Zelanda","1999","451.09490"
"NZL","Nueva Zelanda","2000","453.87910"
"NZL","Nueva Zelanda","2001","456.70000"
"NZL","Nueva Zelanda","2002","459.40000"
"NZL","Nueva Zelanda","2003","470.00000"
"NZL","Nueva Zelanda","2004","483.00000"
"NZL","Nueva Zelanda","2005","488.00000"
"NZL","Nueva Zelanda","2006","462.00000"
"NZL","Nueva Zelanda","2007","500.00000"
"NZL","Nueva Zelanda","2008","522.00000"
"NZL","Nueva Zelanda","2009","542.00000"
"NZL","Nueva Zelanda","2010","570.00000"
"NZL","Nueva Zelanda","2011","542.00000"
"NZL","Nueva Zelanda","2012","580.40000"
"NZL","Nueva Zelanda","2013","618.00000"
"NZL","Nueva Zelanda","2014","657.00000"
"NZL","Nueva Zelanda","2015","545.00000"
"NZL","Nueva Zelanda","2016","608.00000"
"NZL","Nueva Zelanda","2017","558.00000"
"NZL","Nueva Zelanda","2018","589.00000"
"NZL","Nueva Zelanda","2019","620.00000"
"NZL","Nueva Zelanda","2020","601.00000"
"NZL","Nueva Zelanda","2021","690.00000"
"NZL","Nueva Zelanda","2022","605.00000"
"NZL","Nueva Zelanda","2023","592.00000"
"NZL","Nueva Zelanda","2024","596.00000"
"OMN","Omán","1961","35.00000"
"OMN","Omán","1962","35.00000"
"OMN","Omán","1963","35.00000"
"OMN","Omán","1964","36.00000"
"OMN","Omán","1965","36.00000"
"OMN","Omán","1966","36.00000"
"OMN","Omán","1967","38.00000"
"OMN","Omán","1968","40.00000"
"OMN","Omán","1969","40.00000"
"OMN","Omán","1970","42.00000"
"OMN","Omán","1971","42.00000"
"OMN","Omán","1972","44.00000"
"OMN","Omán","1973","45.00000"
"OMN","Omán","1974","46.00000"
"OMN","Omán","1975","47.00000"
"OMN","Omán","1976","48.00000"
"OMN","Omán","1977","49.00000"
"OMN","Omán","1978","51.00000"
"OMN","Omán","1979","51.00000"
"OMN","Omán","1980","51.00000"
"OMN","Omán","1981","51.00000"
"OMN","Omán","1982","51.00000"
"OMN","Omán","1983","55.00000"
"OMN","Omán","1984","59.00000"
"OMN","Omán","1985","61.00000"
"OMN","Omán","1986","67.00000"
"OMN","Omán","1987","70.00000"
"OMN","Omán","1988","73.00000"
"OMN","Omán","1989","77.00000"
"OMN","Omán","1990","80.00000"
"OMN","Omán","1991","80.00000"
"OMN","Omán","1992","83.00000"
"OMN","Omán","1993","72.00000"
"OMN","Omán","1994","72.00000"
"OMN","Omán","1995","71.00000"
"OMN","Omán","1996","71.00000"
"OMN","Omán","1997","70.00000"
"OMN","Omán","1998","71.00000"
"OMN","Omán","1999","71.00000"
"OMN","Omán","2000","73.00000"
"OMN","Omán","2001","73.60000"
"OMN","Omán","2002","73.40000"
"OMN","Omán","2003","73.00000"
"OMN","Omán","2004","72.00000"
"OMN","Omán","2005","65.00000"
"OMN","Omán","2006","63.00000"
"OMN","Omán","2007","65.00000"
"OMN","Omán","2008","67.00000"
"OMN","Omán","2009","74.00000"
"OMN","Omán","2010","72.60000"
"OMN","Omán","2011","76.00000"
"OMN","Omán","2012","72.80000"
"OMN","Omán","2013","68.50000"
"OMN","Omán","2014","68.80000"
"OMN","Omán","2015","83.00000"
"OMN","Omán","2016","85.00000"
"OMN","Omán","2017","100.92000"
"OMN","Omán","2018","108.89000"
"OMN","Omán","2019","108.89000"
"OMN","Omán","2020","110.40000"
"OMN","Omán","2021","107.93000"
"OMN","Omán","2022","116.22000"
"OMN","Omán","2023","121.74000"
"OMN","Omán","2024","129.18000"
"PAK","Pakistán","1961","30730.00000"
"PAK","Pakistán","1962","30840.00000"
"PAK","Pakistán","1963","30880.00000"
"PAK","Pakistán","1964","31355.00000"
"PAK","Pakistán","1965","32235.00000"
"PAK","Pakistán","1966","32415.00000"
"PAK","Pakistán","1967","32470.00000"
"PAK","Pakistán","1968","32170.00000"
"PAK","Pakistán","1969","30700.00000"
"PAK","Pakistán","1970","30865.00000"
"PAK","Pakistán","1971","30485.00000"
"PAK","Pakistán","1972","30505.00000"
"PAK","Pakistán","1973","31400.00000"
"PAK","Pakistán","1974","30740.00000"
"PAK","Pakistán","1975","31035.00000"
"PAK","Pakistán","1976","30712.00000"
"PAK","Pakistán","1977","30913.00000"
"PAK","Pakistán","1978","31417.00000"
"PAK","Pakistán","1979","31337.00000"
"PAK","Pakistán","1980","32416.00000"
"PAK","Pakistán","1981","31504.00000"
"PAK","Pakistán","1982","33509.00000"
"PAK","Pakistán","1983","31409.00000"
"PAK","Pakistán","1984","32500.00000"
"PAK","Pakistán","1985","32118.00000"
"PAK","Pakistán","1986","30571.00000"
"PAK","Pakistán","1987","31671.00000"
"PAK","Pakistán","1988","30347.00000"
"PAK","Pakistán","1989","30860.00000"
"PAK","Pakistán","1990","30206.00000"
"PAK","Pakistán","1991","30270.00000"
"PAK","Pakistán","1992","30380.00000"
"PAK","Pakistán","1993","30750.00000"
"PAK","Pakistán","1994","30790.00000"
"PAK","Pakistán","1995","31026.00000"
"PAK","Pakistán","1996","31172.00000"
"PAK","Pakistán","1997","31669.00000"
"PAK","Pakistán","1998","31760.00000"
"PAK","Pakistán","1999","31756.00000"
"PAK","Pakistán","2000","31698.00000"
"PAK","Pakistán","2001","31972.00000"
"PAK","Pakistán","2002","31884.00000"
"PAK","Pakistán","2003","31842.00000"
"PAK","Pakistán","2004","31045.00000"
"PAK","Pakistán","2005","30965.00000"
"PAK","Pakistán","2006","31135.00000"
"PAK","Pakistán","2007","31013.00000"
"PAK","Pakistán","2008","30313.00000"
"PAK","Pakistán","2009","30277.00000"
"PAK","Pakistán","2010","30242.00000"
"PAK","Pakistán","2011","30936.00000"
"PAK","Pakistán","2012","31063.00000"
"PAK","Pakistán","2013","31280.00000"
"PAK","Pakistán","2014","31252.00000"
"PAK","Pakistán","2015","31202.00000"
"PAK","Pakistán","2016","31794.00000"
"PAK","Pakistán","2017","32003.00000"
"PAK","Pakistán","2018","31928.50000"
"PAK","Pakistán","2019","31274.00000"
"PAK","Pakistán","2020","31673.00000"
"PAK","Pakistán","2021","31014.00000"
"PAK","Pakistán","2022","30947.00000"
"PAK","Pakistán","2023","30995.00000"
"PAK","Pakistán","2024","31389.00000"
"PAN","Panamá","1961","564.00000"
"PAN","Panamá","1962","564.00000"
"PAN","Panamá","1963","564.00000"
"PAN","Panamá","1964","558.00000"
"PAN","Panamá","1965","558.00000"
"PAN","Panamá","1966","558.00000"
"PAN","Panamá","1967","549.00000"
"PAN","Panamá","1968","549.00000"
"PAN","Panamá","1969","547.00000"
"PAN","Panamá","1970","543.00000"
"PAN","Panamá","1971","543.00000"
"PAN","Panamá","1972","543.00000"
"PAN","Panamá","1973","543.00000"
"PAN","Panamá","1974","545.00000"
"PAN","Panamá","1975","546.00000"
"PAN","Panamá","1976","547.00000"
"PAN","Panamá","1977","549.00000"
"PAN","Panamá","1978","550.00000"
"PAN","Panamá","1979","552.00000"
"PAN","Panamá","1980","555.00000"
"PAN","Panamá","1981","562.00000"
"PAN","Panamá","1982","574.00000"
"PAN","Panamá","1983","581.00000"
"PAN","Panamá","1984","586.00000"
"PAN","Panamá","1985","595.00000"
"PAN","Panamá","1986","605.00000"
"PAN","Panamá","1987","615.00000"
"PAN","Panamá","1988","625.00000"
"PAN","Panamá","1989","640.00000"
"PAN","Panamá","1990","654.00000"
"PAN","Panamá","1991","654.00000"
"PAN","Panamá","1992","660.00000"
"PAN","Panamá","1993","660.00000"
"PAN","Panamá","1994","665.00000"
"PAN","Panamá","1995","655.00000"
"PAN","Panamá","1996","655.00000"
"PAN","Panamá","1997","665.00000"
"PAN","Panamá","1998","676.00000"
"PAN","Panamá","1999","686.00000"
"PAN","Panamá","2000","695.00000"
"PAN","Panamá","2001","701.24000"
"PAN","Panamá","2002","707.48000"
"PAN","Panamá","2003","713.72000"
"PAN","Panamá","2004","719.96000"
"PAN","Panamá","2005","726.20000"
"PAN","Panamá","2006","732.43000"
"PAN","Panamá","2007","738.67000"
"PAN","Panamá","2008","744.91000"
"PAN","Panamá","2009","751.15000"
"PAN","Panamá","2010","757.39000"
"PAN","Panamá","2011","757.27000"
"PAN","Panamá","2012","746.68000"
"PAN","Panamá","2013","736.08000"
"PAN","Panamá","2014","725.48000"
"PAN","Panamá","2015","714.89000"
"PAN","Panamá","2016","704.29000"
"PAN","Panamá","2017","693.69000"
"PAN","Panamá","2018","674.30000"
"PAN","Panamá","2019","653.24000"
"PAN","Panamá","2020","635.50000"
"PAN","Panamá","2021","633.20000"
"PAN","Panamá","2022","610.14000"
"PAN","Panamá","2023","602.78000"
"PAN","Panamá","2024","593.31640"
"PER","Perú","1961","1956.00000"
"PER","Perú","1962","2099.00000"
"PER","Perú","1963","2599.00000"
"PER","Perú","1964","2618.00000"
"PER","Perú","1965","2700.00000"
"PER","Perú","1966","2625.00000"
"PER","Perú","1967","2634.00000"
"PER","Perú","1968","2680.00000"
"PER","Perú","1969","2719.00000"
"PER","Perú","1970","2813.00000"
"PER","Perú","1971","2822.00000"
"PER","Perú","1972","3436.00000"
"PER","Perú","1973","3509.17000"
"PER","Perú","1974","3582.35000"
"PER","Perú","1975","3655.52000"
"PER","Perú","1976","3728.69000"
"PER","Perú","1977","3801.86000"
"PER","Perú","1978","3875.04000"
"PER","Perú","1979","3948.21000"
"PER","Perú","1980","4021.38000"
"PER","Perú","1981","4094.55000"
"PER","Perú","1982","4167.73000"
"PER","Perú","1983","4240.90000"
"PER","Perú","1984","4314.07000"
"PER","Perú","1985","4387.25000"
"PER","Perú","1986","4460.42000"
"PER","Perú","1987","4533.59000"
"PER","Perú","1988","4606.76000"
"PER","Perú","1989","4679.94000"
"PER","Perú","1990","4753.11000"
"PER","Perú","1991","4826.28000"
"PER","Perú","1992","4899.45000"
"PER","Perú","1993","4972.63000"
"PER","Perú","1994","5045.80000"
"PER","Perú","1995","5057.53000"
"PER","Perú","1996","5069.26000"
"PER","Perú","1997","5080.99000"
"PER","Perú","1998","5092.72000"
"PER","Perú","1999","5104.45000"
"PER","Perú","2000","5116.18000"
"PER","Perú","2001","5127.91000"
"PER","Perú","2002","5139.63000"
"PER","Perú","2003","5151.36000"
"PER","Perú","2004","5163.09000"
"PER","Perú","2005","5174.82000"
"PER","Perú","2006","5186.55000"
"PER","Perú","2007","5198.28000"
"PER","Perú","2008","5210.01000"
"PER","Perú","2009","5221.74000"
"PER","Perú","2010","5233.47000"
"PER","Perú","2011","5245.20000"
"PER","Perú","2012","5256.93000"
"PER","Perú","2013","5349.16000"
"PER","Perú","2014","5441.40000"
"PER","Perú","2015","5895.80400"
"PER","Perú","2016","5643.00000"
"PER","Perú","2017","5718.10800"
"PER","Perú","2018","5898.58900"
"PER","Perú","2019","5678.29000"
"PER","Perú","2020","6196.99000"
"PER","Perú","2021","6715.68900"
"PER","Perú","2022","6198.63800"
"PER","Perú","2023","6197.85000"
"PER","Perú","2024","6197.05000"
"PHL","Filipinas","1961","6854.74000"
"PHL","Filipinas","1962","6947.08000"
"PHL","Filipinas","1963","7050.49000"
"PHL","Filipinas","1964","7132.75000"
"PHL","Filipinas","1965","7257.03000"
"PHL","Filipinas","1966","7238.28000"
"PHL","Filipinas","1967","7411.64000"
"PHL","Filipinas","1968","7305.86000"
"PHL","Filipinas","1969","7373.24000"
"PHL","Filipinas","1970","7408.36000"
"PHL","Filipinas","1971","7444.00000"
"PHL","Filipinas","1972","7661.38000"
"PHL","Filipinas","1973","7726.49000"
"PHL","Filipinas","1974","7850.20000"
"PHL","Filipinas","1975","7981.08000"
"PHL","Filipinas","1976","8516.25000"
"PHL","Filipinas","1977","8824.34000"
"PHL","Filipinas","1978","9042.63000"
"PHL","Filipinas","1979","9306.36000"
"PHL","Filipinas","1980","9546.92000"
"PHL","Filipinas","1981","9550.45000"
"PHL","Filipinas","1982","9597.95000"
"PHL","Filipinas","1983","9597.68000"
"PHL","Filipinas","1984","9663.06000"
"PHL","Filipinas","1985","9797.78000"
"PHL","Filipinas","1986","9809.91000"
"PHL","Filipinas","1987","9815.63000"
"PHL","Filipinas","1988","9798.96000"
"PHL","Filipinas","1989","9721.76000"
"PHL","Filipinas","1990","9785.21000"
"PHL","Filipinas","1991","9798.58000"
"PHL","Filipinas","1992","9732.90000"
"PHL","Filipinas","1993","9691.47000"
"PHL","Filipinas","1994","9664.42000"
"PHL","Filipinas","1995","9651.19000"
"PHL","Filipinas","1996","9715.87000"
"PHL","Filipinas","1997","9654.30000"
"PHL","Filipinas","1998","9584.88000"
"PHL","Filipinas","1999","9584.99000"
"PHL","Filipinas","2000","9526.12000"
"PHL","Filipinas","2001","9527.15000"
"PHL","Filipinas","2002","9560.49000"
"PHL","Filipinas","2003","9658.77000"
"PHL","Filipinas","2004","9865.57000"
"PHL","Filipinas","2005","9760.13000"
"PHL","Filipinas","2006","10026.67000"
"PHL","Filipinas","2007","10260.69000"
"PHL","Filipinas","2008","10495.76000"
"PHL","Filipinas","2009","10601.09000"
"PHL","Filipinas","2010","10589.15000"
"PHL","Filipinas","2011","10766.44000"
"PHL","Filipinas","2012","10933.16000"
"PHL","Filipinas","2013","10955.15000"
"PHL","Filipinas","2014","10965.92000"
"PHL","Filipinas","2015","11020.23000"
"PHL","Filipinas","2016","11038.99000"
"PHL","Filipinas","2017","11104.05000"
"PHL","Filipinas","2018","11139.52000"
"PHL","Filipinas","2019","11167.78000"
"PHL","Filipinas","2020","11177.59000"
"PHL","Filipinas","2021","11176.15000"
"PHL","Filipinas","2022","11112.95000"
"PHL","Filipinas","2023","11194.59000"
"PHL","Filipinas","2024","11245.50000"
"PLW","Palau","1991","2.30000"
"PLW","Palau","1992","2.30000"
"PLW","Palau","1993","2.30000"
"PLW","Palau","1994","2.30000"
"PLW","Palau","1995","2.30000"
"PLW","Palau","1996","2.30000"
"PLW","Palau","1997","2.30000"
"PLW","Palau","1998","2.30000"
"PLW","Palau","1999","2.30000"
"PLW","Palau","2000","2.30000"
"PLW","Palau","2001","2.30000"
"PLW","Palau","2002","2.30000"
"PLW","Palau","2003","2.30000"
"PLW","Palau","2004","2.30000"
"PLW","Palau","2005","2.30000"
"PLW","Palau","2006","2.30000"
"PLW","Palau","2007","2.30000"
"PLW","Palau","2008","2.30000"
"PLW","Palau","2009","2.30000"
"PLW","Palau","2010","2.30000"
"PLW","Palau","2011","2.30000"
"PLW","Palau","2012","2.30000"
"PLW","Palau","2013","2.30000"
"PLW","Palau","2014","2.30000"
"PLW","Palau","2015","2.30000"
"PLW","Palau","2016","2.30000"
"PLW","Palau","2017","2.30000"
"PLW","Palau","2018","2.30000"
"PLW","Palau","2019","2.30000"
"PLW","Palau","2020","2.30000"
"PLW","Palau","2021","2.30000"
"PLW","Palau","2022","2.30000"
"PLW","Palau","2023","2.30000"
"PLW","Palau","2024","2.30000"
"PNG","Papúa Nueva Guinea","1961","447.00000"
"PNG","Papúa Nueva Guinea","1962","457.00000"
"PNG","Papúa Nueva Guinea","1963","461.00000"
"PNG","Papúa Nueva Guinea","1964","490.00000"
"PNG","Papúa Nueva Guinea","1965","490.00000"
"PNG","Papúa Nueva Guinea","1966","481.00000"
"PNG","Papúa Nueva Guinea","1967","497.00000"
"PNG","Papúa Nueva Guinea","1968","507.00000"
"PNG","Papúa Nueva Guinea","1969","522.00000"
"PNG","Papúa Nueva Guinea","1970","535.00000"
"PNG","Papúa Nueva Guinea","1971","547.00000"
"PNG","Papúa Nueva Guinea","1972","558.00000"
"PNG","Papúa Nueva Guinea","1973","578.00000"
"PNG","Papúa Nueva Guinea","1974","602.00000"
"PNG","Papúa Nueva Guinea","1975","619.00000"
"PNG","Papúa Nueva Guinea","1976","639.00000"
"PNG","Papúa Nueva Guinea","1977","652.00000"
"PNG","Papúa Nueva Guinea","1978","677.00000"
"PNG","Papúa Nueva Guinea","1979","685.00000"
"PNG","Papúa Nueva Guinea","1980","687.00000"
"PNG","Papúa Nueva Guinea","1981","692.00000"
"PNG","Papúa Nueva Guinea","1982","695.00000"
"PNG","Papúa Nueva Guinea","1983","699.00000"
"PNG","Papúa Nueva Guinea","1984","712.00000"
"PNG","Papúa Nueva Guinea","1985","723.00000"
"PNG","Papúa Nueva Guinea","1986","741.00000"
"PNG","Papúa Nueva Guinea","1987","742.00000"
"PNG","Papúa Nueva Guinea","1988","762.00000"
"PNG","Papúa Nueva Guinea","1989","776.00000"
"PNG","Papúa Nueva Guinea","1990","793.00000"
"PNG","Papúa Nueva Guinea","1991","793.00000"
"PNG","Papúa Nueva Guinea","1992","797.00000"
"PNG","Papúa Nueva Guinea","1993","821.00000"
"PNG","Papúa Nueva Guinea","1994","823.00000"
"PNG","Papúa Nueva Guinea","1995","834.00000"
"PNG","Papúa Nueva Guinea","1996","846.00000"
"PNG","Papúa Nueva Guinea","1997","848.00000"
"PNG","Papúa Nueva Guinea","1998","889.00000"
"PNG","Papúa Nueva Guinea","1999","901.00000"
"PNG","Papúa Nueva Guinea","2000","908.00000"
"PNG","Papúa Nueva Guinea","2001","913.00000"
"PNG","Papúa Nueva Guinea","2002","923.00000"
"PNG","Papúa Nueva Guinea","2003","928.00000"
"PNG","Papúa Nueva Guinea","2004","933.00000"
"PNG","Papúa Nueva Guinea","2005","943.00000"
"PNG","Papúa Nueva Guinea","2006","961.00000"
"PNG","Papúa Nueva Guinea","2007","1022.00000"
"PNG","Papúa Nueva Guinea","2008","1055.00000"
"PNG","Papúa Nueva Guinea","2009","1077.00000"
"PNG","Papúa Nueva Guinea","2010","1077.00000"
"PNG","Papúa Nueva Guinea","2011","1096.00000"
"PNG","Papúa Nueva Guinea","2012","1096.00000"
"PNG","Papúa Nueva Guinea","2013","1096.00000"
"PNG","Papúa Nueva Guinea","2014","1115.00000"
"PNG","Papúa Nueva Guinea","2015","1132.00000"
"PNG","Papúa Nueva Guinea","2016","1138.00000"
"PNG","Papúa Nueva Guinea","2017","1215.00000"
"PNG","Papúa Nueva Guinea","2018","1215.00000"
"PNG","Papúa Nueva Guinea","2019","1215.00000"
"PNG","Papúa Nueva Guinea","2020","1215.00000"
"PNG","Papúa Nueva Guinea","2021","1215.00000"
"PNG","Papúa Nueva Guinea","2022","1215.00000"
"PNG","Papúa Nueva Guinea","2023","1215.00000"
"PNG","Papúa Nueva Guinea","2024","1215.00000"
"POL","Polonia","1961","16176.00000"
"POL","Polonia","1962","16068.00000"
"POL","Polonia","1963","15971.00000"
"POL","Polonia","1964","15942.00000"
"POL","Polonia","1965","15682.00000"
"POL","Polonia","1966","15682.00000"
"POL","Polonia","1967","15518.00000"
"POL","Polonia","1968","15494.00000"
"POL","Polonia","1969","15333.00000"
"POL","Polonia","1970","15326.00000"
"POL","Polonia","1971","15277.00000"
"POL","Polonia","1972","15147.00000"
"POL","Polonia","1973","15107.00000"
"POL","Polonia","1974","15078.00000"
"POL","Polonia","1975","15099.00000"
"POL","Polonia","1976","15086.00000"
"POL","Polonia","1977","15066.00000"
"POL","Polonia","1978","15040.00000"
"POL","Polonia","1979","14988.00000"
"POL","Polonia","1980","14961.00000"
"POL","Polonia","1981","14858.00000"
"POL","Polonia","1982","14821.00000"
"POL","Polonia","1983","14799.00000"
"POL","Polonia","1984","14863.00000"
"POL","Polonia","1985","14845.00000"
"POL","Polonia","1986","14819.00000"
"POL","Polonia","1987","14817.00000"
"POL","Polonia","1988","14780.00000"
"POL","Polonia","1989","14759.00000"
"POL","Polonia","1990","14733.00000"
"POL","Polonia","1991","14715.00000"
"POL","Polonia","1992","14699.00000"
"POL","Polonia","1993","14668.00000"
"POL","Polonia","1994","14652.00000"
"POL","Polonia","1995","14575.00000"
"POL","Polonia","1996","14349.00000"
"POL","Polonia","1997","14321.00000"
"POL","Polonia","1998","14379.00000"
"POL","Polonia","1999","14401.00000"
"POL","Polonia","2000","14330.00000"
"POL","Polonia","2001","13924.00000"
"POL","Polonia","2002","13337.00000"
"POL","Polonia","2003","12901.00000"
"POL","Polonia","2004","12962.00000"
"POL","Polonia","2005","12519.00000"
"POL","Polonia","2006","12741.00000"
"POL","Polonia","2007","12198.00000"
"POL","Polonia","2008","12417.00000"
"POL","Polonia","2009","12439.00000"
"POL","Polonia","2010","11219.00000"
"POL","Polonia","2011","11488.00000"
"POL","Polonia","2012","11323.00000"
"POL","Polonia","2013","11204.00000"
"POL","Polonia","2014","11304.00000"
"POL","Polonia","2015","11278.00000"
"POL","Polonia","2016","11199.00000"
"POL","Polonia","2017","11291.00000"
"POL","Polonia","2018","11362.00000"
"POL","Polonia","2019","11395.00000"
"POL","Polonia","2020","11530.00000"
"POL","Polonia","2021","11447.00000"
"POL","Polonia","2022","11521.00000"
"POL","Polonia","2023","11546.00000"
"POL","Polonia","2024","11531.00000"
"PRI","Puerto Rico","1961","304.00000"
"PRI","Puerto Rico","1962","293.00000"
"PRI","Puerto Rico","1963","293.00000"
"PRI","Puerto Rico","1964","271.00000"
"PRI","Puerto Rico","1965","295.00000"
"PRI","Puerto Rico","1966","267.00000"
"PRI","Puerto Rico","1967","250.00000"
"PRI","Puerto Rico","1968","244.00000"
"PRI","Puerto Rico","1969","236.00000"
"PRI","Puerto Rico","1970","222.00000"
"PRI","Puerto Rico","1971","200.00000"
"PRI","Puerto Rico","1972","185.00000"
"PRI","Puerto Rico","1973","160.00000"
"PRI","Puerto Rico","1974","160.00000"
"PRI","Puerto Rico","1975","159.00000"
"PRI","Puerto Rico","1976","159.00000"
"PRI","Puerto Rico","1977","161.00000"
"PRI","Puerto Rico","1978","163.00000"
"PRI","Puerto Rico","1979","162.00000"
"PRI","Puerto Rico","1980","139.00000"
"PRI","Puerto Rico","1981","133.00000"
"PRI","Puerto Rico","1982","132.00000"
"PRI","Puerto Rico","1983","129.00000"
"PRI","Puerto Rico","1984","131.00000"
"PRI","Puerto Rico","1985","128.00000"
"PRI","Puerto Rico","1986","129.00000"
"PRI","Puerto Rico","1987","128.00000"
"PRI","Puerto Rico","1988","128.00000"
"PRI","Puerto Rico","1989","120.75000"
"PRI","Puerto Rico","1990","113.50000"
"PRI","Puerto Rico","1991","106.25000"
"PRI","Puerto Rico","1992","99.00000"
"PRI","Puerto Rico","1993","79.00000"
"PRI","Puerto Rico","1994","77.00000"
"PRI","Puerto Rico","1995","81.63000"
"PRI","Puerto Rico","1996","86.25000"
"PRI","Puerto Rico","1997","90.88000"
"PRI","Puerto Rico","1998","95.50000"
"PRI","Puerto Rico","1999","98.63000"
"PRI","Puerto Rico","2000","101.75000"
"PRI","Puerto Rico","2001","104.88000"
"PRI","Puerto Rico","2002","108.00000"
"PRI","Puerto Rico","2003","101.18000"
"PRI","Puerto Rico","2004","94.36000"
"PRI","Puerto Rico","2005","87.54000"
"PRI","Puerto Rico","2006","80.72000"
"PRI","Puerto Rico","2007","73.90000"
"PRI","Puerto Rico","2008","75.94000"
"PRI","Puerto Rico","2009","77.98000"
"PRI","Puerto Rico","2010","80.02000"
"PRI","Puerto Rico","2011","82.06000"
"PRI","Puerto Rico","2012","84.10000"
"PRI","Puerto Rico","2013","81.12000"
"PRI","Puerto Rico","2014","78.13000"
"PRI","Puerto Rico","2015","75.15000"
"PRI","Puerto Rico","2016","72.17000"
"PRI","Puerto Rico","2017","69.18000"
"PRI","Puerto Rico","2018","66.20000"
"PRI","Puerto Rico","2019","67.58000"
"PRI","Puerto Rico","2020","67.69000"
"PRI","Puerto Rico","2021","67.41000"
"PRI","Puerto Rico","2022","79.50200"
"PRI","Puerto Rico","2023","75.26000"
"PRI","Puerto Rico","2024","72.32000"
"PRK","Corea del Norte","1961","2175.10000"
"PRK","Corea del Norte","1962","2175.80000"
"PRK","Corea del Norte","1963","2176.10000"
"PRK","Corea del Norte","1964","2176.10000"
"PRK","Corea del Norte","1965","2177.10000"
"PRK","Corea del Norte","1966","2178.40000"
"PRK","Corea del Norte","1967","2178.90000"
"PRK","Corea del Norte","1968","2179.40000"
"PRK","Corea del Norte","1969","2179.50000"
"PRK","Corea del Norte","1970","2182.00000"
"PRK","Corea del Norte","1971","2197.50000"
"PRK","Corea del Norte","1972","2195.50000"
"PRK","Corea del Norte","1973","2251.00000"
"PRK","Corea del Norte","1974","2255.30000"
"PRK","Corea del Norte","1975","2271.80000"
"PRK","Corea del Norte","1976","2276.80000"
"PRK","Corea del Norte","1977","2281.60000"
"PRK","Corea del Norte","1978","2284.60000"
"PRK","Corea del Norte","1979","2287.00000"
"PRK","Corea del Norte","1980","2387.20000"
"PRK","Corea del Norte","1981","2399.10000"
"PRK","Corea del Norte","1982","2408.40000"
"PRK","Corea del Norte","1983","2420.10000"
"PRK","Corea del Norte","1984","2433.00000"
"PRK","Corea del Norte","1985","2447.00000"
"PRK","Corea del Norte","1986","2447.30000"
"PRK","Corea del Norte","1987","2448.10000"
"PRK","Corea del Norte","1988","2448.20000"
"PRK","Corea del Norte","1989","2448.60000"
"PRK","Corea del Norte","1990","2454.47000"
"PRK","Corea del Norte","1991","2475.70000"
"PRK","Corea del Norte","1992","2477.97000"
"PRK","Corea del Norte","1993","2468.60000"
"PRK","Corea del Norte","1994","2581.41000"
"PRK","Corea del Norte","1995","2570.81000"
"PRK","Corea del Norte","1996","2474.22000"
"PRK","Corea del Norte","1997","2474.67000"
"PRK","Corea del Norte","1998","2475.10000"
"PRK","Corea del Norte","1999","2476.62000"
"PRK","Corea del Norte","2000","2479.18000"
"PRK","Corea del Norte","2001","2482.37000"
"PRK","Corea del Norte","2002","2483.57000"
"PRK","Corea del Norte","2003","2484.33000"
"PRK","Corea del Norte","2004","2488.88000"
"PRK","Corea del Norte","2005","2540.50000"
"PRK","Corea del Norte","2006","2544.53000"
"PRK","Corea del Norte","2007","2546.62000"
"PRK","Corea del Norte","2008","2606.29000"
"PRK","Corea del Norte","2009","2616.22000"
"PRK","Corea del Norte","2010","2623.29000"
"PRK","Corea del Norte","2011","2582.10000"
"PRK","Corea del Norte","2012","2581.30000"
"PRK","Corea del Norte","2013","2581.30000"
"PRK","Corea del Norte","2014","2579.14000"
"PRK","Corea del Norte","2015","2580.59000"
"PRK","Corea del Norte","2016","2553.00000"
"PRK","Corea del Norte","2017","2547.00000"
"PRK","Corea del Norte","2018","2548.00000"
"PRK","Corea del Norte","2019","2544.50000"
"PRK","Corea del Norte","2020","2544.77000"
"PRK","Corea del Norte","2021","2550.86000"
"PRK","Corea del Norte","2022","2545.75000"
"PRK","Corea del Norte","2023","2546.16000"
"PRK","Corea del Norte","2024","2547.55000"
"PRT","Portugal","1961","3037.00000"
"PRT","Portugal","1962","3043.00000"
"PRT","Portugal","1963","3049.00000"
"PRT","Portugal","1964","3055.00000"
"PRT","Portugal","1965","3061.00000"
"PRT","Portugal","1966","3067.00000"
"PRT","Portugal","1967","3073.00000"
"PRT","Portugal","1968","3075.00000"
"PRT","Portugal","1969","3085.00000"
"PRT","Portugal","1970","3091.00000"
"PRT","Portugal","1971","3097.00000"
"PRT","Portugal","1972","3103.00000"
"PRT","Portugal","1973","3108.00000"
"PRT","Portugal","1974","3113.00000"
"PRT","Portugal","1975","3118.00000"
"PRT","Portugal","1976","3123.00000"
"PRT","Portugal","1977","3128.00000"
"PRT","Portugal","1978","3133.00000"
"PRT","Portugal","1979","3138.00000"
"PRT","Portugal","1980","3141.00000"
"PRT","Portugal","1981","3144.00000"
"PRT","Portugal","1982","3147.00000"
"PRT","Portugal","1983","3150.00000"
"PRT","Portugal","1984","3153.00000"
"PRT","Portugal","1985","3156.00000"
"PRT","Portugal","1986","3159.00000"
"PRT","Portugal","1987","3163.00000"
"PRT","Portugal","1988","3167.00000"
"PRT","Portugal","1989","3167.00000"
"PRT","Portugal","1990","3125.00000"
"PRT","Portugal","1991","3082.00000"
"PRT","Portugal","1992","3040.00000"
"PRT","Portugal","1993","2997.00000"
"PRT","Portugal","1994","2952.00000"
"PRT","Portugal","1995","2900.00000"
"PRT","Portugal","1996","2730.00000"
"PRT","Portugal","1997","2590.00000"
"PRT","Portugal","1998","2508.00000"
"PRT","Portugal","1999","2426.00000"
"PRT","Portugal","2000","2539.42000"
"PRT","Portugal","2001","2410.74000"
"PRT","Portugal","2002","2408.52000"
"PRT","Portugal","2003","2318.37000"
"PRT","Portugal","2004","2237.63000"
"PRT","Portugal","2005","2054.89000"
"PRT","Portugal","2006","1982.99000"
"PRT","Portugal","2007","1879.25000"
"PRT","Portugal","2008","1943.21000"
"PRT","Portugal","2009","1910.98000"
"PRT","Portugal","2010","1861.57000"
"PRT","Portugal","2011","1848.77000"
"PRT","Portugal","2012","1855.82000"
"PRT","Portugal","2013","1884.46500"
"PRT","Portugal","2014","1869.31700"
"PRT","Portugal","2015","1868.01100"
"PRT","Portugal","2016","1744.76900"
"PRT","Portugal","2017","1757.32900"
"PRT","Portugal","2018","1744.15100"
"PRT","Portugal","2019","1859.75000"
"PRT","Portugal","2020","1840.94300"
"PRT","Portugal","2021","1834.58000"
"PRT","Portugal","2022","1799.64800"
"PRT","Portugal","2023","1727.48000"
"PRT","Portugal","2024","1735.37690"
"PRY","Paraguay","1961","811.00000"
"PRY","Paraguay","1962","822.00000"
"PRY","Paraguay","1963","840.00000"
"PRY","Paraguay","1964","872.00000"
"PRY","Paraguay","1965","895.00000"
"PRY","Paraguay","1966","920.00000"
"PRY","Paraguay","1967","920.00000"
"PRY","Paraguay","1968","916.00000"
"PRY","Paraguay","1969","916.00000"
"PRY","Paraguay","1970","916.00000"
"PRY","Paraguay","1971","916.00000"
"PRY","Paraguay","1972","916.00000"
"PRY","Paraguay","1973","915.00000"
"PRY","Paraguay","1974","1031.00000"
"PRY","Paraguay","1975","1151.00000"
"PRY","Paraguay","1976","1271.00000"
"PRY","Paraguay","1977","1381.00000"
"PRY","Paraguay","1978","1501.00000"
"PRY","Paraguay","1979","1611.00000"
"PRY","Paraguay","1980","1731.00000"
"PRY","Paraguay","1981","1857.00000"
"PRY","Paraguay","1982","1891.00000"
"PRY","Paraguay","1983","1931.00000"
"PRY","Paraguay","1984","1971.00000"
"PRY","Paraguay","1985","2004.98000"
"PRY","Paraguay","1986","2058.75000"
"PRY","Paraguay","1987","2091.73000"
"PRY","Paraguay","1988","2125.98000"
"PRY","Paraguay","1989","2167.06000"
"PRY","Paraguay","1990","2209.32000"
"PRY","Paraguay","1991","2235.00000"
"PRY","Paraguay","1992","2348.42000"
"PRY","Paraguay","1993","2446.56000"
"PRY","Paraguay","1994","2543.88000"
"PRY","Paraguay","1995","2633.49000"
"PRY","Paraguay","1996","2729.84000"
"PRY","Paraguay","1997","2826.68000"
"PRY","Paraguay","1998","2920.95000"
"PRY","Paraguay","1999","3024.88000"
"PRY","Paraguay","2000","3110.00000"
"PRY","Paraguay","2001","3219.54000"
"PRY","Paraguay","2002","3313.30000"
"PRY","Paraguay","2003","3413.10000"
"PRY","Paraguay","2004","3502.39000"
"PRY","Paraguay","2005","3594.67000"
"PRY","Paraguay","2006","3691.32000"
"PRY","Paraguay","2007","3766.08000"
"PRY","Paraguay","2008","3837.00000"
"PRY","Paraguay","2009","3896.06000"
"PRY","Paraguay","2010","3956.36000"
"PRY","Paraguay","2011","4011.39000"
"PRY","Paraguay","2012","4070.70000"
"PRY","Paraguay","2013","4128.53000"
"PRY","Paraguay","2014","4186.19000"
"PRY","Paraguay","2015","4243.27000"
"PRY","Paraguay","2016","4301.48000"
"PRY","Paraguay","2017","4358.79000"
"PRY","Paraguay","2018","4416.09000"
"PRY","Paraguay","2019","4473.40000"
"PRY","Paraguay","2020","4530.71000"
"PRY","Paraguay","2021","4588.02000"
"PRY","Paraguay","2022","4643.49100"
"PRY","Paraguay","2023","4643.49100"
"PRY","Paraguay","2024","4643.49100"
"PSE","Palestina","1961","202.00000"
"PSE","Palestina","1962","202.00000"
"PSE","Palestina","1963","202.00000"
"PSE","Palestina","1964","202.00000"
"PSE","Palestina","1965","202.00000"
"PSE","Palestina","1966","203.00000"
"PSE","Palestina","1967","205.00000"
"PSE","Palestina","1968","205.00000"
"PSE","Palestina","1969","205.00000"
"PSE","Palestina","1970","207.00000"
"PSE","Palestina","1971","207.00000"
"PSE","Palestina","1972","207.00000"
"PSE","Palestina","1973","208.00000"
"PSE","Palestina","1974","209.00000"
"PSE","Palestina","1975","209.00000"
"PSE","Palestina","1976","212.00000"
"PSE","Palestina","1977","214.00000"
"PSE","Palestina","1978","216.00000"
"PSE","Palestina","1979","216.00000"
"PSE","Palestina","1980","217.00000"
"PSE","Palestina","1981","221.00000"
"PSE","Palestina","1982","223.00000"
"PSE","Palestina","1983","225.00000"
"PSE","Palestina","1984","226.00000"
"PSE","Palestina","1985","225.00000"
"PSE","Palestina","1986","225.00000"
"PSE","Palestina","1987","225.00000"
"PSE","Palestina","1988","225.00000"
"PSE","Palestina","1989","226.00000"
"PSE","Palestina","1990","224.00000"
"PSE","Palestina","1991","222.00000"
"PSE","Palestina","1992","220.00000"
"PSE","Palestina","1993","220.00000"
"PSE","Palestina","1994","189.83000"
"PSE","Palestina","1995","197.93000"
"PSE","Palestina","1996","192.98000"
"PSE","Palestina","1997","191.53000"
"PSE","Palestina","1998","193.10000"
"PSE","Palestina","1999","170.60000"
"PSE","Palestina","2000","191.21000"
"PSE","Palestina","2001","185.22000"
"PSE","Palestina","2002","188.85000"
"PSE","Palestina","2003","185.47000"
"PSE","Palestina","2004","185.46000"
"PSE","Palestina","2005","186.38000"
"PSE","Palestina","2006","186.07000"
"PSE","Palestina","2007","187.21000"
"PSE","Palestina","2008","189.34000"
"PSE","Palestina","2009","150.74000"
"PSE","Palestina","2010","98.36000"
"PSE","Palestina","2011","110.70000"
"PSE","Palestina","2012","124.10000"
"PSE","Palestina","2013","127.26000"
"PSE","Palestina","2014","138.60000"
"PSE","Palestina","2015","153.86000"
"PSE","Palestina","2016","157.88000"
"PSE","Palestina","2017","149.87000"
"PSE","Palestina","2018","149.57000"
"PSE","Palestina","2019","146.77000"
"PSE","Palestina","2020","140.02000"
"PSE","Palestina","2021","113.20000"
"PSE","Palestina","2022","113.20000"
"PSE","Palestina","2023","113.20000"
"PSE","Palestina","2024","113.20000"
"PYF","Polinesia Francesa","1961","24.00000"
"PYF","Polinesia Francesa","1962","24.00000"
"PYF","Polinesia Francesa","1963","24.00000"
"PYF","Polinesia Francesa","1964","24.00000"
"PYF","Polinesia Francesa","1965","24.00000"
"PYF","Polinesia Francesa","1966","24.00000"
"PYF","Polinesia Francesa","1967","24.00000"
"PYF","Polinesia Francesa","1968","24.00000"
"PYF","Polinesia Francesa","1969","24.00000"
"PYF","Polinesia Francesa","1970","24.00000"
"PYF","Polinesia Francesa","1971","24.00000"
"PYF","Polinesia Francesa","1972","24.00000"
"PYF","Polinesia Francesa","1973","24.00000"
"PYF","Polinesia Francesa","1974","24.00000"
"PYF","Polinesia Francesa","1975","24.00000"
"PYF","Polinesia Francesa","1976","24.00000"
"PYF","Polinesia Francesa","1977","24.00000"
"PYF","Polinesia Francesa","1978","24.00000"
"PYF","Polinesia Francesa","1979","24.00000"
"PYF","Polinesia Francesa","1980","24.00000"
"PYF","Polinesia Francesa","1981","24.00000"
"PYF","Polinesia Francesa","1982","24.00000"
"PYF","Polinesia Francesa","1983","24.00000"
"PYF","Polinesia Francesa","1984","24.00000"
"PYF","Polinesia Francesa","1985","24.00000"
"PYF","Polinesia Francesa","1986","24.00000"
"PYF","Polinesia Francesa","1987","23.00000"
"PYF","Polinesia Francesa","1988","22.89000"
"PYF","Polinesia Francesa","1989","22.89000"
"PYF","Polinesia Francesa","1990","22.89000"
"PYF","Polinesia Francesa","1991","23.81000"
"PYF","Polinesia Francesa","1992","23.81000"
"PYF","Polinesia Francesa","1993","23.81000"
"PYF","Polinesia Francesa","1994","24.31000"
"PYF","Polinesia Francesa","1995","24.31000"
"PYF","Polinesia Francesa","1996","25.57000"
"PYF","Polinesia Francesa","1997","25.57000"
"PYF","Polinesia Francesa","1998","25.57000"
"PYF","Polinesia Francesa","1999","25.57000"
"PYF","Polinesia Francesa","2000","25.57000"
"PYF","Polinesia Francesa","2001","25.57000"
"PYF","Polinesia Francesa","2002","25.57000"
"PYF","Polinesia Francesa","2003","25.57000"
"PYF","Polinesia Francesa","2004","25.57000"
"PYF","Polinesia Francesa","2005","25.57000"
"PYF","Polinesia Francesa","2006","25.57000"
"PYF","Polinesia Francesa","2007","25.57000"
"PYF","Polinesia Francesa","2008","26.21000"
"PYF","Polinesia Francesa","2009","26.21000"
"PYF","Polinesia Francesa","2010","26.21000"
"PYF","Polinesia Francesa","2011","26.21000"
"PYF","Polinesia Francesa","2012","26.21000"
"PYF","Polinesia Francesa","2013","26.21000"
"PYF","Polinesia Francesa","2014","26.21000"
"PYF","Polinesia Francesa","2015","26.21000"
"PYF","Polinesia Francesa","2016","26.21000"
"PYF","Polinesia Francesa","2017","27.08000"
"PYF","Polinesia Francesa","2018","27.08000"
"PYF","Polinesia Francesa","2019","27.08000"
"PYF","Polinesia Francesa","2020","27.08000"
"PYF","Polinesia Francesa","2021","27.08000"
"PYF","Polinesia Francesa","2022","27.08000"
"PYF","Polinesia Francesa","2023","27.08000"
"PYF","Polinesia Francesa","2024","27.08000"
"QAT","Qatar","1961","1.00000"
"QAT","Qatar","1962","1.00000"
"QAT","Qatar","1963","1.00000"
"QAT","Qatar","1964","1.00000"
"QAT","Qatar","1965","1.00000"
"QAT","Qatar","1966","1.00000"
"QAT","Qatar","1967","1.00000"
"QAT","Qatar","1968","1.00000"
"QAT","Qatar","1969","1.00000"
"QAT","Qatar","1970","1.00000"
"QAT","Qatar","1971","1.00000"
"QAT","Qatar","1972","1.00000"
"QAT","Qatar","1973","1.00000"
"QAT","Qatar","1974","2.00000"
"QAT","Qatar","1975","2.00000"
"QAT","Qatar","1976","2.00000"
"QAT","Qatar","1977","2.00000"
"QAT","Qatar","1978","2.00000"
"QAT","Qatar","1979","3.00000"
"QAT","Qatar","1980","5.00000"
"QAT","Qatar","1981","6.00000"
"QAT","Qatar","1982","7.00000"
"QAT","Qatar","1983","8.00000"
"QAT","Qatar","1984","9.00000"
"QAT","Qatar","1985","9.00000"
"QAT","Qatar","1986","10.00000"
"QAT","Qatar","1987","11.00000"
"QAT","Qatar","1988","11.00000"
"QAT","Qatar","1989","10.00000"
"QAT","Qatar","1990","11.00000"
"QAT","Qatar","1991","11.00000"
"QAT","Qatar","1992","14.00000"
"QAT","Qatar","1993","15.00000"
"QAT","Qatar","1994","15.00000"
"QAT","Qatar","1995","15.20000"
"QAT","Qatar","1996","15.40000"
"QAT","Qatar","1997","15.60000"
"QAT","Qatar","1998","15.80000"
"QAT","Qatar","1999","16.00000"
"QAT","Qatar","2000","16.00000"
"QAT","Qatar","2001","16.30000"
"QAT","Qatar","2002","15.70000"
"QAT","Qatar","2003","16.20000"
"QAT","Qatar","2004","15.20000"
"QAT","Qatar","2005","14.60000"
"QAT","Qatar","2006","15.32000"
"QAT","Qatar","2007","16.04000"
"QAT","Qatar","2008","16.77000"
"QAT","Qatar","2009","17.39000"
"QAT","Qatar","2010","18.38000"
"QAT","Qatar","2011","19.05000"
"QAT","Qatar","2012","20.10000"
"QAT","Qatar","2013","20.88000"
"QAT","Qatar","2014","21.00000"
"QAT","Qatar","2015","21.00000"
"QAT","Qatar","2016","21.00000"
"QAT","Qatar","2017","22.00000"
"QAT","Qatar","2018","24.00000"
"QAT","Qatar","2019","24.00000"
"QAT","Qatar","2020","24.00000"
"QAT","Qatar","2021","24.00000"
"QAT","Qatar","2022","24.00000"
"QAT","Qatar","2023","24.00000"
"QAT","Qatar","2024","24.00000"
"REU","Reunión","1961","53.00000"
"REU","Reunión","1962","53.00000"
"REU","Reunión","1963","53.00000"
"REU","Reunión","1964","53.00000"
"REU","Reunión","1965","53.00000"
"REU","Reunión","1966","53.00000"
"REU","Reunión","1967","54.00000"
"REU","Reunión","1968","54.00000"
"REU","Reunión","1969","54.00000"
"REU","Reunión","1970","54.00000"
"REU","Reunión","1971","54.00000"
"REU","Reunión","1972","48.00000"
"REU","Reunión","1973","48.00000"
"REU","Reunión","1974","48.00000"
"REU","Reunión","1975","48.00000"
"REU","Reunión","1976","48.00000"
"REU","Reunión","1977","48.00000"
"REU","Reunión","1978","48.00000"
"REU","Reunión","1979","47.00000"
"REU","Reunión","1980","52.00000"
"REU","Reunión","1981","56.00000"
"REU","Reunión","1982","55.00000"
"REU","Reunión","1983","54.00000"
"REU","Reunión","1984","55.00000"
"REU","Reunión","1985","55.00000"
"REU","Reunión","1986","55.00000"
"REU","Reunión","1987","55.00000"
"REU","Reunión","1988","54.00000"
"REU","Reunión","1989","52.00000"
"REU","Reunión","1990","52.00000"
"REU","Reunión","1991","51.00000"
"REU","Reunión","1992","40.00000"
"REU","Reunión","1993","41.00000"
"REU","Reunión","1994","40.00000"
"REU","Reunión","1995","37.00000"
"REU","Reunión","1996","37.00000"
"REU","Reunión","1997","38.00000"
"REU","Reunión","1998","38.00000"
"REU","Reunión","1999","41.00000"
"REU","Reunión","2000","41.00000"
"REU","Reunión","2001","40.00000"
"REU","Reunión","2002","40.00000"
"REU","Reunión","2003","39.00000"
"REU","Reunión","2004","38.00000"
"REU","Reunión","2005","38.00000"
"REU","Reunión","2006","37.00000"
"REU","Reunión","2007","38.10000"
"REU","Reunión","2008","38.10000"
"REU","Reunión","2009","37.90000"
"REU","Reunión","2010","37.07600"
"REU","Reunión","2011","36.02900"
"REU","Reunión","2012","36.38800"
"REU","Reunión","2013","35.61900"
"REU","Reunión","2014","35.06400"
"REU","Reunión","2015","32.95200"
"REU","Reunión","2016","32.63800"
"REU","Reunión","2017","31.59700"
"REU","Reunión","2018","30.98300"
"REU","Reunión","2019","30.21800"
"REU","Reunión","2020","29.71400"
"REU","Reunión","2021","29.51800"
"REU","Reunión","2022","29.03800"
"REU","Reunión","2023","28.66500"
"REU","Reunión","2024","28.19900"
"ROU","Rumania","1961","10393.00000"
"ROU","Rumania","1962","10491.00000"
"ROU","Rumania","1963","10475.00000"
"ROU","Rumania","1964","10496.00000"
"ROU","Rumania","1965","10475.00000"
"ROU","Rumania","1966","10502.00000"
"ROU","Rumania","1967","10526.00000"
"ROU","Rumania","1968","10560.00000"
"ROU","Rumania","1969","10544.00000"
"ROU","Rumania","1970","10512.00000"
"ROU","Rumania","1971","10506.00000"
"ROU","Rumania","1972","10488.00000"
"ROU","Rumania","1973","10426.00000"
"ROU","Rumania","1974","10469.00000"
"ROU","Rumania","1975","10500.00000"
"ROU","Rumania","1976","10518.00000"
"ROU","Rumania","1977","10534.00000"
"ROU","Rumania","1978","10542.00000"
"ROU","Rumania","1979","10481.00000"
"ROU","Rumania","1980","10497.00000"
"ROU","Rumania","1981","10509.00000"
"ROU","Rumania","1982","10524.00000"
"ROU","Rumania","1983","10555.00000"
"ROU","Rumania","1984","10574.00000"
"ROU","Rumania","1985","10622.00000"
"ROU","Rumania","1986","10638.00000"
"ROU","Rumania","1987","10686.00000"
"ROU","Rumania","1988","10707.00000"
"ROU","Rumania","1989","10053.00000"
"ROU","Rumania","1990","10041.00000"
"ROU","Rumania","1991","10020.00000"
"ROU","Rumania","1992","9960.00000"
"ROU","Rumania","1993","9941.00000"
"ROU","Rumania","1994","9926.00000"
"ROU","Rumania","1995","9907.00000"
"ROU","Rumania","1996","9882.00000"
"ROU","Rumania","1997","9898.00000"
"ROU","Rumania","1998","9843.00000"
"ROU","Rumania","1999","9845.00000"
"ROU","Rumania","2000","9908.00000"
"ROU","Rumania","2001","9862.00000"
"ROU","Rumania","2002","9859.00000"
"ROU","Rumania","2003","9842.00000"
"ROU","Rumania","2004","9344.00000"
"ROU","Rumania","2005","9495.00000"
"ROU","Rumania","2006","9408.00000"
"ROU","Rumania","2007","9136.00000"
"ROU","Rumania","2008","9184.00000"
"ROU","Rumania","2009","9249.00000"
"ROU","Rumania","2010","9609.00000"
"ROU","Rumania","2011","9439.00000"
"ROU","Rumania","2012","9244.00000"
"ROU","Rumania","2013","9188.00000"
"ROU","Rumania","2014","9203.00000"
"ROU","Rumania","2015","9203.00000"
"ROU","Rumania","2016","9000.00000"
"ROU","Rumania","2017","8958.00000"
"ROU","Rumania","2018","9126.00000"
"ROU","Rumania","2019","9378.00000"
"ROU","Rumania","2020","8886.00000"
"ROU","Rumania","2021","8989.00000"
"ROU","Rumania","2022","8605.00000"
"ROU","Rumania","2023","8813.00000"
"ROU","Rumania","2024","8786.66000"
"RUS","Rusia","1992","133708.00000"
"RUS","Rusia","1993","131295.00000"
"RUS","Rusia","1994","130404.00000"
"RUS","Rusia","1995","129400.00000"
"RUS","Rusia","1996","127973.00000"
"RUS","Rusia","1997","129384.00000"
"RUS","Rusia","1998","127959.00000"
"RUS","Rusia","1999","126820.00000"
"RUS","Rusia","2000","126238.00000"
"RUS","Rusia","2001","125718.00000"
"RUS","Rusia","2002","125300.00000"
"RUS","Rusia","2003","124373.00000"
"RUS","Rusia","2004","123956.00000"
"RUS","Rusia","2005","123581.00000"
"RUS","Rusia","2006","123371.00000"
"RUS","Rusia","2007","123368.00000"
"RUS","Rusia","2008","123442.00000"
"RUS","Rusia","2009","123442.00000"
"RUS","Rusia","2010","123442.00000"
"RUS","Rusia","2011","123442.00000"
"RUS","Rusia","2012","123442.00000"
"RUS","Rusia","2013","123442.00000"
"RUS","Rusia","2014","123442.00000"
"RUS","Rusia","2015","123442.00000"
"RUS","Rusia","2016","123442.00000"
"RUS","Rusia","2017","123442.00000"
"RUS","Rusia","2018","123442.00000"
"RUS","Rusia","2019","123442.00000"
"RUS","Rusia","2020","123442.00000"
"RUS","Rusia","2021","123574.00000"
"RUS","Rusia","2022","123573.00000"
"RUS","Rusia","2023","123649.00000"
"RUS","Rusia","2024","123660.00000"
"RWA","Ruanda","1961","615.00000"
"RWA","Ruanda","1962","625.00000"
"RWA","Ruanda","1963","635.00000"
"RWA","Ruanda","1964","645.00000"
"RWA","Ruanda","1965","655.00000"
"RWA","Ruanda","1966","665.00000"
"RWA","Ruanda","1967","675.00000"
"RWA","Ruanda","1968","683.00000"
"RWA","Ruanda","1969","697.00000"
"RWA","Ruanda","1970","704.00000"
"RWA","Ruanda","1971","748.00000"
"RWA","Ruanda","1972","808.00000"
"RWA","Ruanda","1973","805.00000"
"RWA","Ruanda","1974","884.00000"
"RWA","Ruanda","1975","912.00000"
"RWA","Ruanda","1976","939.00000"
"RWA","Ruanda","1977","965.00000"
"RWA","Ruanda","1978","980.00000"
"RWA","Ruanda","1979","997.00000"
"RWA","Ruanda","1980","1015.00000"
"RWA","Ruanda","1981","1060.00000"
"RWA","Ruanda","1982","1075.00000"
"RWA","Ruanda","1983","1090.00000"
"RWA","Ruanda","1984","1108.00000"
"RWA","Ruanda","1985","1119.00000"
"RWA","Ruanda","1986","1130.00000"
"RWA","Ruanda","1987","1142.00000"
"RWA","Ruanda","1988","1153.00000"
"RWA","Ruanda","1989","1154.00000"
"RWA","Ruanda","1990","1184.00000"
"RWA","Ruanda","1991","1184.00000"
"RWA","Ruanda","1992","1184.00000"
"RWA","Ruanda","1993","1154.00000"
"RWA","Ruanda","1994","1004.00000"
"RWA","Ruanda","1995","1062.47000"
"RWA","Ruanda","1996","1112.47000"
"RWA","Ruanda","1997","1162.47000"
"RWA","Ruanda","1998","1182.47000"
"RWA","Ruanda","1999","1228.47000"
"RWA","Ruanda","2000","1362.47000"
"RWA","Ruanda","2001","1462.47000"
"RWA","Ruanda","2002","1533.54000"
"RWA","Ruanda","2003","1536.54000"
"RWA","Ruanda","2004","1538.54000"
"RWA","Ruanda","2005","1541.54000"
"RWA","Ruanda","2006","1544.54000"
"RWA","Ruanda","2007","1547.54000"
"RWA","Ruanda","2008","1582.41000"
"RWA","Ruanda","2009","1608.41000"
"RWA","Ruanda","2010","1634.41000"
"RWA","Ruanda","2011","1660.41000"
"RWA","Ruanda","2012","1685.41000"
"RWA","Ruanda","2013","1711.41000"
"RWA","Ruanda","2014","1737.41000"
"RWA","Ruanda","2015","1738.41000"
"RWA","Ruanda","2016","1738.41000"
"RWA","Ruanda","2017","1739.41000"
"RWA","Ruanda","2018","1685.41000"
"RWA","Ruanda","2019","1642.41000"
"RWA","Ruanda","2020","1665.01000"
"RWA","Ruanda","2021","1801.71140"
"RWA","Ruanda","2022","1726.51840"
"RWA","Ruanda","2023","1663.00000"
"RWA","Ruanda","2024","1673.59170"
"SAU","Arabia Saudita","1961","1170.00000"
"SAU","Arabia Saudita","1962","1190.00000"
"SAU","Arabia Saudita","1963","1212.00000"
"SAU","Arabia Saudita","1964","1241.00000"
"SAU","Arabia Saudita","1965","1262.00000"
"SAU","Arabia Saudita","1966","1284.00000"
"SAU","Arabia Saudita","1967","1304.00000"
"SAU","Arabia Saudita","1968","1340.00000"
"SAU","Arabia Saudita","1969","1375.00000"
"SAU","Arabia Saudita","1970","1420.00000"
"SAU","Arabia Saudita","1971","1467.00000"
"SAU","Arabia Saudita","1972","1517.00000"
"SAU","Arabia Saudita","1973","1570.00000"
"SAU","Arabia Saudita","1974","1640.00000"
"SAU","Arabia Saudita","1975","1684.00000"
"SAU","Arabia Saudita","1976","1750.00000"
"SAU","Arabia Saudita","1977","1804.00000"
"SAU","Arabia Saudita","1978","1856.00000"
"SAU","Arabia Saudita","1979","1909.00000"
"SAU","Arabia Saudita","1980","1962.00000"
"SAU","Arabia Saudita","1981","2013.00000"
"SAU","Arabia Saudita","1982","2068.00000"
"SAU","Arabia Saudita","1983","2270.00000"
"SAU","Arabia Saudita","1984","2423.00000"
"SAU","Arabia Saudita","1985","2625.00000"
"SAU","Arabia Saudita","1986","2780.00000"
"SAU","Arabia Saudita","1987","2980.00000"
"SAU","Arabia Saudita","1988","3130.00000"
"SAU","Arabia Saudita","1989","3290.00000"
"SAU","Arabia Saudita","1990","3481.00000"
"SAU","Arabia Saudita","1991","3672.00000"
"SAU","Arabia Saudita","1992","3746.00000"
"SAU","Arabia Saudita","1993","3785.00000"
"SAU","Arabia Saudita","1994","3780.71000"
"SAU","Arabia Saudita","1995","3783.42000"
"SAU","Arabia Saudita","1996","3783.13000"
"SAU","Arabia Saudita","1997","3780.83000"
"SAU","Arabia Saudita","1998","3773.54000"
"SAU","Arabia Saudita","1999","3807.25000"
"SAU","Arabia Saudita","2000","3799.96000"
"SAU","Arabia Saudita","2001","3788.67000"
"SAU","Arabia Saudita","2002","3781.38000"
"SAU","Arabia Saudita","2003","3777.08000"
"SAU","Arabia Saudita","2004","3778.79000"
"SAU","Arabia Saudita","2005","3777.50000"
"SAU","Arabia Saudita","2006","3775.21000"
"SAU","Arabia Saudita","2007","3770.92000"
"SAU","Arabia Saudita","2008","3765.63000"
"SAU","Arabia Saudita","2009","3762.33000"
"SAU","Arabia Saudita","2010","3740.04000"
"SAU","Arabia Saudita","2011","3733.75000"
"SAU","Arabia Saudita","2012","3723.46000"
"SAU","Arabia Saudita","2013","3713.17000"
"SAU","Arabia Saudita","2014","3622.18000"
"SAU","Arabia Saudita","2015","3614.58000"
"SAU","Arabia Saudita","2016","3608.29000"
"SAU","Arabia Saudita","2017","3607.10000"
"SAU","Arabia Saudita","2018","3605.21000"
"SAU","Arabia Saudita","2019","3616.85000"
"SAU","Arabia Saudita","2020","3637.79000"
"SAU","Arabia Saudita","2021","3658.19000"
"SAU","Arabia Saudita","2022","3678.60000"
"SAU","Arabia Saudita","2023","4133.80000"
"SAU","Arabia Saudita","2024","4590.00000"
"SDN","Sudán","2012","20012.16000"
"SDN","Sudán","2013","19999.56000"
"SDN","Sudán","2014","19991.16000"
"SDN","Sudán","2015","20296.08000"
"SDN","Sudán","2016","20601.00000"
"SDN","Sudán","2017","20908.32000"
"SDN","Sudán","2018","21215.50000"
"SDN","Sudán","2019","21217.60000"
"SDN","Sudán","2020","21217.60000"
"SDN","Sudán","2021","21211.00000"
"SDN","Sudán","2022","21211.00000"
"SDN","Sudán","2023","21211.00000"
"SDN","Sudán","2024","21211.00000"
"SEN","Senegal","1961","2947.00000"
"SEN","Senegal","1962","2947.00000"
"SEN","Senegal","1963","3047.00000"
"SEN","Senegal","1964","3047.00000"
"SEN","Senegal","1965","3147.00000"
"SEN","Senegal","1966","3147.00000"
"SEN","Senegal","1967","3247.00000"
"SEN","Senegal","1968","3417.00000"
"SEN","Senegal","1969","3203.00000"
"SEN","Senegal","1970","3164.00000"
"SEN","Senegal","1971","3246.00000"
"SEN","Senegal","1972","3246.00000"
"SEN","Senegal","1973","3296.00000"
"SEN","Senegal","1974","3346.00000"
"SEN","Senegal","1975","3346.00000"
"SEN","Senegal","1976","3345.00000"
"SEN","Senegal","1977","3144.00000"
"SEN","Senegal","1978","3143.00000"
"SEN","Senegal","1979","3142.00000"
"SEN","Senegal","1980","3141.00000"
"SEN","Senegal","1981","3140.00000"
"SEN","Senegal","1982","3139.00000"
"SEN","Senegal","1983","3138.00000"
"SEN","Senegal","1984","3137.00000"
"SEN","Senegal","1985","3136.00000"
"SEN","Senegal","1986","3134.00000"
"SEN","Senegal","1987","3132.00000"
"SEN","Senegal","1988","3130.00000"
"SEN","Senegal","1989","3127.00000"
"SEN","Senegal","1990","3125.00000"
"SEN","Senegal","1991","3009.00000"
"SEN","Senegal","1992","3080.00000"
"SEN","Senegal","1993","3118.00000"
"SEN","Senegal","1994","3215.00000"
"SEN","Senegal","1995","3115.00000"
"SEN","Senegal","1996","3257.00000"
"SEN","Senegal","1997","2978.00000"
"SEN","Senegal","1998","2740.00000"
"SEN","Senegal","1999","3462.00000"
"SEN","Senegal","2000","3377.00000"
"SEN","Senegal","2001","3149.00000"
"SEN","Senegal","2002","3100.00000"
"SEN","Senegal","2003","2982.00000"
"SEN","Senegal","2004","3037.00000"
"SEN","Senegal","2005","3176.00000"
"SEN","Senegal","2006","2890.00000"
"SEN","Senegal","2007","2903.00000"
"SEN","Senegal","2008","3675.00000"
"SEN","Senegal","2009","3678.00000"
"SEN","Senegal","2010","3678.00000"
"SEN","Senegal","2011","3365.00000"
"SEN","Senegal","2012","3365.00000"
"SEN","Senegal","2013","3368.00000"
"SEN","Senegal","2014","3372.00000"
"SEN","Senegal","2015","3728.00000"
"SEN","Senegal","2016","3688.00000"
"SEN","Senegal","2017","3723.00000"
"SEN","Senegal","2018","3758.00000"
"SEN","Senegal","2019","3797.56000"
"SEN","Senegal","2020","3832.56000"
"SEN","Senegal","2021","3912.56000"
"SEN","Senegal","2022","3912.56000"
"SEN","Senegal","2023","3912.56000"
"SEN","Senegal","2024","3912.56000"
"SGP","Singapur","1961","14.00000"
"SGP","Singapur","1962","14.00000"
"SGP","Singapur","1963","13.00000"
"SGP","Singapur","1964","13.00000"
"SGP","Singapur","1965","13.00000"
"SGP","Singapur","1966","13.00000"
"SGP","Singapur","1967","13.00000"
"SGP","Singapur","1968","12.00000"
"SGP","Singapur","1969","12.00000"
"SGP","Singapur","1970","12.00000"
"SGP","Singapur","1971","10.00000"
"SGP","Singapur","1972","11.00000"
"SGP","Singapur","1973","11.00000"
"SGP","Singapur","1974","9.00000"
"SGP","Singapur","1975","8.00000"
"SGP","Singapur","1976","8.00000"
"SGP","Singapur","1977","8.00000"
"SGP","Singapur","1978","8.00000"
"SGP","Singapur","1979","8.00000"
"SGP","Singapur","1980","8.00000"
"SGP","Singapur","1981","7.00000"
"SGP","Singapur","1982","6.00000"
"SGP","Singapur","1983","6.00000"
"SGP","Singapur","1984","6.00000"
"SGP","Singapur","1985","5.00000"
"SGP","Singapur","1986","4.00000"
"SGP","Singapur","1987","3.00000"
"SGP","Singapur","1988","3.00000"
"SGP","Singapur","1989","2.00000"
"SGP","Singapur","1990","2.00000"
"SGP","Singapur","1991","1.20000"
"SGP","Singapur","1992","1.20000"
"SGP","Singapur","1993","1.20000"
"SGP","Singapur","1994","1.20000"
"SGP","Singapur","1995","1.20000"
"SGP","Singapur","1996","1.20000"
"SGP","Singapur","1997","1.20000"
"SGP","Singapur","1998","1.20000"
"SGP","Singapur","1999","1.20000"
"SGP","Singapur","2000","1.20000"
"SGP","Singapur","2001","1.20000"
"SGP","Singapur","2002","1.20000"
"SGP","Singapur","2003","0.80000"
"SGP","Singapur","2004","0.80000"
"SGP","Singapur","2005","0.76000"
"SGP","Singapur","2006","0.75000"
"SGP","Singapur","2007","0.80000"
"SGP","Singapur","2008","0.70000"
"SGP","Singapur","2009","0.70000"
"SGP","Singapur","2010","0.74000"
"SGP","Singapur","2011","0.73000"
"SGP","Singapur","2012","0.73000"
"SGP","Singapur","2013","0.67000"
"SGP","Singapur","2014","0.66000"
"SGP","Singapur","2015","0.66000"
"SGP","Singapur","2016","0.66000"
"SGP","Singapur","2017","0.66000"
"SGP","Singapur","2018","0.66000"
"SGP","Singapur","2019","0.66000"
"SGP","Singapur","2020","0.66000"
"SGP","Singapur","2021","0.66000"
"SGP","Singapur","2022","0.66000"
"SGP","Singapur","2023","0.66000"
"SGP","Singapur","2024","0.66000"
"SHN","Santa Elena","1961","2.00000"
"SHN","Santa Elena","1962","2.00000"
"SHN","Santa Elena","1963","2.00000"
"SHN","Santa Elena","1964","2.00000"
"SHN","Santa Elena","1965","2.00000"
"SHN","Santa Elena","1966","2.00000"
"SHN","Santa Elena","1967","2.00000"
"SHN","Santa Elena","1968","2.00000"
"SHN","Santa Elena","1969","2.00000"
"SHN","Santa Elena","1970","2.00000"
"SHN","Santa Elena","1971","2.00000"
"SHN","Santa Elena","1972","2.00000"
"SHN","Santa Elena","1973","2.00000"
"SHN","Santa Elena","1974","2.00000"
"SHN","Santa Elena","1975","2.00000"
"SHN","Santa Elena","1976","2.00000"
"SHN","Santa Elena","1977","2.00000"
"SHN","Santa Elena","1978","2.00000"
"SHN","Santa Elena","1979","2.00000"
"SHN","Santa Elena","1980","2.00000"
"SHN","Santa Elena","1981","2.00000"
"SHN","Santa Elena","1982","2.00000"
"SHN","Santa Elena","1983","2.00000"
"SHN","Santa Elena","1984","2.00000"
"SHN","Santa Elena","1985","2.00000"
"SHN","Santa Elena","1986","2.00000"
"SHN","Santa Elena","1987","2.00000"
"SHN","Santa Elena","1988","2.00000"
"SHN","Santa Elena","1989","2.00000"
"SHN","Santa Elena","1990","2.00000"
"SHN","Santa Elena","1991","2.00000"
"SHN","Santa Elena","1992","2.00000"
"SHN","Santa Elena","1993","2.00000"
"SHN","Santa Elena","1994","3.00000"
"SHN","Santa Elena","1995","4.00000"
"SHN","Santa Elena","1996","4.00000"
"SHN","Santa Elena","1997","4.00000"
"SHN","Santa Elena","1998","4.00000"
"SHN","Santa Elena","1999","4.00000"
"SHN","Santa Elena","2000","4.00000"
"SHN","Santa Elena","2001","4.00000"
"SHN","Santa Elena","2002","4.00000"
"SHN","Santa Elena","2003","4.00000"
"SHN","Santa Elena","2004","4.00000"
"SHN","Santa Elena","2005","4.00000"
"SHN","Santa Elena","2006","4.00000"
"SHN","Santa Elena","2007","4.00000"
"SHN","Santa Elena","2008","4.00000"
"SHN","Santa Elena","2009","4.00000"
"SHN","Santa Elena","2010","4.00000"
"SHN","Santa Elena","2011","4.00000"
"SHN","Santa Elena","2012","4.00000"
"SHN","Santa Elena","2013","4.00000"
"SHN","Santa Elena","2014","4.00000"
"SHN","Santa Elena","2015","4.00000"
"SHN","Santa Elena","2016","4.00000"
"SHN","Santa Elena","2017","4.00000"
"SHN","Santa Elena","2018","4.00000"
"SHN","Santa Elena","2019","4.00000"
"SHN","Santa Elena","2020","4.00000"
"SHN","Santa Elena","2021","4.00000"
"SHN","Santa Elena","2022","4.00000"
"SHN","Santa Elena","2023","4.00000"
"SHN","Santa Elena","2024","4.00000"
"SLB","Islas Salomón","1961","50.00000"
"SLB","Islas Salomón","1962","50.00000"
"SLB","Islas Salomón","1963","50.00000"
"SLB","Islas Salomón","1964","50.00000"
"SLB","Islas Salomón","1965","50.00000"
"SLB","Islas Salomón","1966","50.00000"
"SLB","Islas Salomón","1967","50.00000"
"SLB","Islas Salomón","1968","50.00000"
"SLB","Islas Salomón","1969","50.00000"
"SLB","Islas Salomón","1970","50.00000"
"SLB","Islas Salomón","1971","50.00000"
"SLB","Islas Salomón","1972","50.00000"
"SLB","Islas Salomón","1973","50.00000"
"SLB","Islas Salomón","1974","50.00000"
"SLB","Islas Salomón","1975","50.00000"
"SLB","Islas Salomón","1976","50.00000"
"SLB","Islas Salomón","1977","51.00000"
"SLB","Islas Salomón","1978","52.00000"
"SLB","Islas Salomón","1979","54.00000"
"SLB","Islas Salomón","1980","54.00000"
"SLB","Islas Salomón","1981","54.00000"
"SLB","Islas Salomón","1982","57.00000"
"SLB","Islas Salomón","1983","57.00000"
"SLB","Islas Salomón","1984","59.00000"
"SLB","Islas Salomón","1985","59.00000"
"SLB","Islas Salomón","1986","61.00000"
"SLB","Islas Salomón","1987","60.00000"
"SLB","Islas Salomón","1988","62.00000"
"SLB","Islas Salomón","1989","63.00000"
"SLB","Islas Salomón","1990","63.00000"
"SLB","Islas Salomón","1991","64.00000"
"SLB","Islas Salomón","1992","66.00000"
"SLB","Islas Salomón","1993","66.00000"
"SLB","Islas Salomón","1994","66.00000"
"SLB","Islas Salomón","1995","67.00000"
"SLB","Islas Salomón","1996","67.00000"
"SLB","Islas Salomón","1997","67.00000"
"SLB","Islas Salomón","1998","68.00000"
"SLB","Islas Salomón","1999","69.00000"
"SLB","Islas Salomón","2000","69.00000"
"SLB","Islas Salomón","2001","69.76000"
"SLB","Islas Salomón","2002","72.26000"
"SLB","Islas Salomón","2003","74.76000"
"SLB","Islas Salomón","2004","74.56000"
"SLB","Islas Salomón","2005","88.09000"
"SLB","Islas Salomón","2006","88.61000"
"SLB","Islas Salomón","2007","92.87000"
"SLB","Islas Salomón","2008","91.55000"
"SLB","Islas Salomón","2009","94.67000"
"SLB","Islas Salomón","2010","85.09000"
"SLB","Islas Salomón","2011","88.89000"
"SLB","Islas Salomón","2012","88.50000"
"SLB","Islas Salomón","2013","90.18000"
"SLB","Islas Salomón","2014","91.90000"
"SLB","Islas Salomón","2015","92.12000"
"SLB","Islas Salomón","2016","92.95000"
"SLB","Islas Salomón","2017","94.22000"
"SLB","Islas Salomón","2018","95.97000"
"SLB","Islas Salomón","2019","95.93000"
"SLB","Islas Salomón","2020","97.02000"
"SLB","Islas Salomón","2021","101.18000"
"SLB","Islas Salomón","2022","99.58000"
"SLB","Islas Salomón","2023","101.53000"
"SLB","Islas Salomón","2024","104.27000"
"SLE","Sierra Leona","1961","410.00000"
"SLE","Sierra Leona","1962","415.00000"
"SLE","Sierra Leona","1963","420.00000"
"SLE","Sierra Leona","1964","425.00000"
"SLE","Sierra Leona","1965","430.00000"
"SLE","Sierra Leona","1966","435.00000"
"SLE","Sierra Leona","1967","440.00000"
"SLE","Sierra Leona","1968","450.00000"
"SLE","Sierra Leona","1969","455.00000"
"SLE","Sierra Leona","1970","460.00000"
"SLE","Sierra Leona","1971","465.00000"
"SLE","Sierra Leona","1972","470.00000"
"SLE","Sierra Leona","1973","475.00000"
"SLE","Sierra Leona","1974","480.00000"
"SLE","Sierra Leona","1975","485.00000"
"SLE","Sierra Leona","1976","490.00000"
"SLE","Sierra Leona","1977","495.00000"
"SLE","Sierra Leona","1978","505.00000"
"SLE","Sierra Leona","1979","515.00000"
"SLE","Sierra Leona","1980","520.00000"
"SLE","Sierra Leona","1981","525.00000"
"SLE","Sierra Leona","1982","540.00000"
"SLE","Sierra Leona","1983","545.00000"
"SLE","Sierra Leona","1984","560.00000"
"SLE","Sierra Leona","1985","610.00000"
"SLE","Sierra Leona","1986","615.00000"
"SLE","Sierra Leona","1987","620.00000"
"SLE","Sierra Leona","1988","621.00000"
"SLE","Sierra Leona","1989","621.00000"
"SLE","Sierra Leona","1990","621.00000"
"SLE","Sierra Leona","1991","621.00000"
"SLE","Sierra Leona","1992","611.00000"
"SLE","Sierra Leona","1993","611.00000"
"SLE","Sierra Leona","1994","610.00000"
"SLE","Sierra Leona","1995","610.00000"
"SLE","Sierra Leona","1996","610.00000"
"SLE","Sierra Leona","1997","609.00000"
"SLE","Sierra Leona","1998","609.00000"
"SLE","Sierra Leona","1999","604.00000"
"SLE","Sierra Leona","2000","610.00000"
"SLE","Sierra Leona","2001","801.52000"
"SLE","Sierra Leona","2002","1030.08000"
"SLE","Sierra Leona","2003","1366.67000"
"SLE","Sierra Leona","2004","1572.73000"
"SLE","Sierra Leona","2005","1612.02000"
"SLE","Sierra Leona","2006","1829.88000"
"SLE","Sierra Leona","2007","1423.72000"
"SLE","Sierra Leona","2008","1512.23000"
"SLE","Sierra Leona","2009","1600.97000"
"SLE","Sierra Leona","2010","1730.38000"
"SLE","Sierra Leona","2011","1817.63000"
"SLE","Sierra Leona","2012","1636.65000"
"SLE","Sierra Leona","2013","1748.65000"
"SLE","Sierra Leona","2014","1749.00000"
"SLE","Sierra Leona","2015","1749.00000"
"SLE","Sierra Leona","2016","1749.00000"
"SLE","Sierra Leona","2017","1749.00000"
"SLE","Sierra Leona","2018","1749.00000"
"SLE","Sierra Leona","2019","1749.00000"
"SLE","Sierra Leona","2020","1749.00000"
"SLE","Sierra Leona","2021","1749.00000"
"SLE","Sierra Leona","2022","1749.00000"
"SLE","Sierra Leona","2023","1749.00000"
"SLE","Sierra Leona","2024","1787.47000"
"SLV","El Salvador","1961","648.00000"
"SLV","El Salvador","1962","648.00000"
"SLV","El Salvador","1963","653.00000"
"SLV","El Salvador","1964","650.00000"
"SLV","El Salvador","1965","646.00000"
"SLV","El Salvador","1966","640.00000"
"SLV","El Salvador","1967","635.00000"
"SLV","El Salvador","1968","629.00000"
"SLV","El Salvador","1969","627.00000"
"SLV","El Salvador","1970","625.00000"
"SLV","El Salvador","1971","668.00000"
"SLV","El Salvador","1972","671.00000"
"SLV","El Salvador","1973","678.00000"
"SLV","El Salvador","1974","688.00000"
"SLV","El Salvador","1975","698.00000"
"SLV","El Salvador","1976","690.00000"
"SLV","El Salvador","1977","699.00000"
"SLV","El Salvador","1978","740.00000"
"SLV","El Salvador","1979","790.00000"
"SLV","El Salvador","1980","800.00000"
"SLV","El Salvador","1981","760.00000"
"SLV","El Salvador","1982","731.00000"
"SLV","El Salvador","1983","727.00000"
"SLV","El Salvador","1984","737.00000"
"SLV","El Salvador","1985","757.00000"
"SLV","El Salvador","1986","777.00000"
"SLV","El Salvador","1987","777.00000"
"SLV","El Salvador","1988","797.00000"
"SLV","El Salvador","1989","797.00000"
"SLV","El Salvador","1990","810.00000"
"SLV","El Salvador","1991","828.00000"
"SLV","El Salvador","1992","851.00000"
"SLV","El Salvador","1993","851.00000"
"SLV","El Salvador","1994","854.00000"
"SLV","El Salvador","1995","855.00000"
"SLV","El Salvador","1996","816.00000"
"SLV","El Salvador","1997","816.00000"
"SLV","El Salvador","1998","848.00000"
"SLV","El Salvador","1999","880.00000"
"SLV","El Salvador","2000","875.14000"
"SLV","El Salvador","2001","870.29000"
"SLV","El Salvador","2002","865.43000"
"SLV","El Salvador","2003","860.57000"
"SLV","El Salvador","2004","891.71000"
"SLV","El Salvador","2005","834.86000"
"SLV","El Salvador","2006","838.00000"
"SLV","El Salvador","2007","867.50000"
"SLV","El Salvador","2008","868.80000"
"SLV","El Salvador","2009","870.10000"
"SLV","El Salvador","2010","871.40000"
"SLV","El Salvador","2011","872.70000"
"SLV","El Salvador","2012","874.00000"
"SLV","El Salvador","2013","875.30000"
"SLV","El Salvador","2014","876.60000"
"SLV","El Salvador","2015","877.90000"
"SLV","El Salvador","2016","879.20000"
"SLV","El Salvador","2017","880.50000"
"SLV","El Salvador","2018","881.00000"
"SLV","El Salvador","2019","881.00000"
"SLV","El Salvador","2020","881.00000"
"SLV","El Salvador","2021","881.00000"
"SLV","El Salvador","2022","881.00000"
"SLV","El Salvador","2023","873.88000"
"SLV","El Salvador","2024","871.66000"
"SMR","San Marino","1961","1.93000"
"SMR","San Marino","1962","1.93000"
"SMR","San Marino","1963","1.93000"
"SMR","San Marino","1964","1.93000"
"SMR","San Marino","1965","1.93000"
"SMR","San Marino","1966","1.93000"
"SMR","San Marino","1967","1.93000"
"SMR","San Marino","1968","1.93000"
"SMR","San Marino","1969","1.93000"
"SMR","San Marino","1970","1.93000"
"SMR","San Marino","1971","1.93000"
"SMR","San Marino","1972","1.93000"
"SMR","San Marino","1973","1.93000"
"SMR","San Marino","1974","1.93000"
"SMR","San Marino","1975","1.93000"
"SMR","San Marino","1976","1.93000"
"SMR","San Marino","1977","1.93000"
"SMR","San Marino","1978","1.93000"
"SMR","San Marino","1979","1.93000"
"SMR","San Marino","1980","1.93000"
"SMR","San Marino","1981","1.93000"
"SMR","San Marino","1982","1.93000"
"SMR","San Marino","1983","1.93000"
"SMR","San Marino","1984","1.93000"
"SMR","San Marino","1985","1.93000"
"SMR","San Marino","1986","1.93000"
"SMR","San Marino","1987","1.93000"
"SMR","San Marino","1988","1.93000"
"SMR","San Marino","1989","1.93000"
"SMR","San Marino","1990","1.93000"
"SMR","San Marino","1991","1.93000"
"SMR","San Marino","1992","1.93000"
"SMR","San Marino","1993","1.93000"
"SMR","San Marino","1994","1.93000"
"SMR","San Marino","1995","1.93000"
"SMR","San Marino","1996","1.93000"
"SMR","San Marino","1997","1.93000"
"SMR","San Marino","1998","1.93000"
"SMR","San Marino","1999","1.93000"
"SMR","San Marino","2000","1.93000"
"SMR","San Marino","2001","1.93000"
"SMR","San Marino","2002","1.93000"
"SMR","San Marino","2003","1.93000"
"SMR","San Marino","2004","1.93390"
"SMR","San Marino","2005","1.87000"
"SMR","San Marino","2006","1.81000"
"SMR","San Marino","2007","1.75000"
"SMR","San Marino","2008","1.69000"
"SMR","San Marino","2009","1.63000"
"SMR","San Marino","2010","1.57000"
"SMR","San Marino","2011","1.51000"
"SMR","San Marino","2012","1.45000"
"SMR","San Marino","2013","1.39000"
"SMR","San Marino","2014","1.33000"
"SMR","San Marino","2015","1.27460"
"SMR","San Marino","2016","1.31000"
"SMR","San Marino","2017","1.35000"
"SMR","San Marino","2018","1.38000"
"SMR","San Marino","2019","1.42000"
"SMR","San Marino","2020","1.45000"
"SMR","San Marino","2021","1.49000"
"SMR","San Marino","2022","1.52690"
"SMR","San Marino","2023","1.58740"
"SMR","San Marino","2024","1.56940"
"SOM","Somalia","1961","905.00000"
"SOM","Somalia","1962","910.00000"
"SOM","Somalia","1963","915.00000"
"SOM","Somalia","1964","920.00000"
"SOM","Somalia","1965","925.00000"
"SOM","Somalia","1966","930.00000"
"SOM","Somalia","1967","935.00000"
"SOM","Somalia","1968","940.00000"
"SOM","Somalia","1969","945.00000"
"SOM","Somalia","1970","950.00000"
"SOM","Somalia","1971","955.00000"
"SOM","Somalia","1972","960.00000"
"SOM","Somalia","1973","965.00000"
"SOM","Somalia","1974","970.00000"
"SOM","Somalia","1975","975.00000"
"SOM","Somalia","1976","980.00000"
"SOM","Somalia","1977","985.00000"
"SOM","Somalia","1978","990.00000"
"SOM","Somalia","1979","995.00000"
"SOM","Somalia","1980","1000.00000"
"SOM","Somalia","1981","1005.00000"
"SOM","Somalia","1982","1010.00000"
"SOM","Somalia","1983","1015.00000"
"SOM","Somalia","1984","1020.00000"
"SOM","Somalia","1985","1025.00000"
"SOM","Somalia","1986","1030.00000"
"SOM","Somalia","1987","1035.00000"
"SOM","Somalia","1988","1039.00000"
"SOM","Somalia","1989","1040.00000"
"SOM","Somalia","1990","1042.00000"
"SOM","Somalia","1991","1042.00000"
"SOM","Somalia","1992","1043.00000"
"SOM","Somalia","1993","1044.00000"
"SOM","Somalia","1994","1050.00000"
"SOM","Somalia","1995","1056.00000"
"SOM","Somalia","1996","1061.00000"
"SOM","Somalia","1997","1066.00000"
"SOM","Somalia","1998","1067.00000"
"SOM","Somalia","1999","1067.00000"
"SOM","Somalia","2000","1067.00000"
"SOM","Somalia","2001","1071.00000"
"SOM","Somalia","2002","1090.00000"
"SOM","Somalia","2003","1109.00000"
"SOM","Somalia","2004","1157.00000"
"SOM","Somalia","2005","1126.00000"
"SOM","Somalia","2006","1076.00000"
"SOM","Somalia","2007","1026.00000"
"SOM","Somalia","2008","1126.00000"
"SOM","Somalia","2009","1126.00000"
"SOM","Somalia","2010","1126.00000"
"SOM","Somalia","2011","1026.00000"
"SOM","Somalia","2012","1026.00000"
"SOM","Somalia","2013","1126.00000"
"SOM","Somalia","2014","1126.00000"
"SOM","Somalia","2015","1126.00000"
"SOM","Somalia","2016","1126.00000"
"SOM","Somalia","2017","1126.74000"
"SOM","Somalia","2018","1126.74000"
"SOM","Somalia","2019","1127.92000"
"SOM","Somalia","2020","1127.92000"
"SOM","Somalia","2021","1127.92000"
"SOM","Somalia","2022","1129.27000"
"SOM","Somalia","2023","1129.27000"
"SOM","Somalia","2024","1130.15000"
"SPM","San Pedro y Miquelón","1961","3.00000"
"SPM","San Pedro y Miquelón","1962","3.00000"
"SPM","San Pedro y Miquelón","1963","3.00000"
"SPM","San Pedro y Miquelón","1964","3.00000"
"SPM","San Pedro y Miquelón","1965","3.00000"
"SPM","San Pedro y Miquelón","1966","3.00000"
"SPM","San Pedro y Miquelón","1967","3.00000"
"SPM","San Pedro y Miquelón","1968","3.00000"
"SPM","San Pedro y Miquelón","1969","3.00000"
"SPM","San Pedro y Miquelón","1970","3.00000"
"SPM","San Pedro y Miquelón","1971","3.00000"
"SPM","San Pedro y Miquelón","1972","3.00000"
"SPM","San Pedro y Miquelón","1973","3.00000"
"SPM","San Pedro y Miquelón","1974","3.00000"
"SPM","San Pedro y Miquelón","1975","3.00000"
"SPM","San Pedro y Miquelón","1976","3.00000"
"SPM","San Pedro y Miquelón","1977","3.00000"
"SPM","San Pedro y Miquelón","1978","3.00000"
"SPM","San Pedro y Miquelón","1979","3.00000"
"SPM","San Pedro y Miquelón","1980","3.00000"
"SPM","San Pedro y Miquelón","1981","3.00000"
"SPM","San Pedro y Miquelón","1982","3.00000"
"SPM","San Pedro y Miquelón","1983","3.00000"
"SPM","San Pedro y Miquelón","1984","3.00000"
"SPM","San Pedro y Miquelón","1985","3.00000"
"SPM","San Pedro y Miquelón","1986","3.00000"
"SPM","San Pedro y Miquelón","1987","3.00000"
"SPM","San Pedro y Miquelón","1988","3.00000"
"SPM","San Pedro y Miquelón","1989","3.00000"
"SPM","San Pedro y Miquelón","1990","3.00000"
"SPM","San Pedro y Miquelón","1991","3.00000"
"SPM","San Pedro y Miquelón","1992","3.00000"
"SPM","San Pedro y Miquelón","1993","3.00000"
"SPM","San Pedro y Miquelón","1994","3.00000"
"SPM","San Pedro y Miquelón","1995","3.00000"
"SPM","San Pedro y Miquelón","1996","3.00000"
"SPM","San Pedro y Miquelón","1997","3.00000"
"SPM","San Pedro y Miquelón","1998","3.00000"
"SPM","San Pedro y Miquelón","1999","3.00000"
"SPM","San Pedro y Miquelón","2000","3.00000"
"SPM","San Pedro y Miquelón","2001","3.00000"
"SPM","San Pedro y Miquelón","2002","3.00000"
"SPM","San Pedro y Miquelón","2003","3.00000"
"SPM","San Pedro y Miquelón","2004","3.00000"
"SPM","San Pedro y Miquelón","2005","3.00000"
"SPM","San Pedro y Miquelón","2006","3.00000"
"SPM","San Pedro y Miquelón","2007","3.00000"
"SPM","San Pedro y Miquelón","2008","3.00000"
"SPM","San Pedro y Miquelón","2009","3.00000"
"SPM","San Pedro y Miquelón","2010","3.00000"
"SPM","San Pedro y Miquelón","2011","2.00000"
"SPM","San Pedro y Miquelón","2012","2.00000"
"SPM","San Pedro y Miquelón","2013","2.00000"
"SPM","San Pedro y Miquelón","2014","2.00000"
"SPM","San Pedro y Miquelón","2015","2.00000"
"SPM","San Pedro y Miquelón","2016","2.00000"
"SPM","San Pedro y Miquelón","2017","2.00000"
"SPM","San Pedro y Miquelón","2018","2.00000"
"SPM","San Pedro y Miquelón","2019","2.00000"
"SPM","San Pedro y Miquelón","2020","2.00000"
"SPM","San Pedro y Miquelón","2021","2.00000"
"SPM","San Pedro y Miquelón","2022","2.00000"
"SPM","San Pedro y Miquelón","2023","2.00000"
"SPM","San Pedro y Miquelón","2024","2.00000"
"SRB","Serbia","2006","2786.90000"
"SRB","Serbia","2007","2806.70000"
"SRB","Serbia","2008","2850.90000"
"SRB","Serbia","2009","2803.00000"
"SRB","Serbia","2010","2844.40000"
"SRB","Serbia","2011","2828.10000"
"SRB","Serbia","2012","2749.40000"
"SRB","Serbia","2013","2778.00000"
"SRB","Serbia","2014","2793.20000"
"SRB","Serbia","2015","2791.00000"
"SRB","Serbia","2016","2802.00000"
"SRB","Serbia","2017","2803.00000"
"SRB","Serbia","2018","2788.00000"
"SRB","Serbia","2019","2785.00000"
"SRB","Serbia","2020","2811.00000"
"SRB","Serbia","2021","2819.00000"
"SRB","Serbia","2022","2807.00000"
"SRB","Serbia","2023","2817.00000"
"SRB","Serbia","2024","2752.29210"
"SSD","Sudán del Sur","2012","2724.71000"
"SSD","Sudán del Sur","2013","2689.43000"
"SSD","Sudán del Sur","2014","2654.14000"
"SSD","Sudán del Sur","2015","2618.85000"
"SSD","Sudán del Sur","2016","2583.56000"
"SSD","Sudán del Sur","2017","2548.28000"
"SSD","Sudán del Sur","2018","2477.70000"
"SSD","Sudán del Sur","2019","2477.70000"
"SSD","Sudán del Sur","2020","2477.70000"
"SSD","Sudán del Sur","2021","2476.70000"
"SSD","Sudán del Sur","2022","2476.81000"
"SSD","Sudán del Sur","2023","2477.35000"
"SSD","Sudán del Sur","2024","2477.89000"
"STP","Santo Tomé y Príncipe","1961","34.00000"
"STP","Santo Tomé y Príncipe","1962","34.00000"
"STP","Santo Tomé y Príncipe","1963","34.00000"
"STP","Santo Tomé y Príncipe","1964","34.00000"
"STP","Santo Tomé y Príncipe","1965","35.00000"
"STP","Santo Tomé y Príncipe","1966","35.00000"
"STP","Santo Tomé y Príncipe","1967","35.00000"
"STP","Santo Tomé y Príncipe","1968","35.00000"
"STP","Santo Tomé y Príncipe","1969","35.00000"
"STP","Santo Tomé y Príncipe","1970","35.00000"
"STP","Santo Tomé y Príncipe","1971","36.00000"
"STP","Santo Tomé y Príncipe","1972","36.00000"
"STP","Santo Tomé y Príncipe","1973","36.00000"
"STP","Santo Tomé y Príncipe","1974","36.00000"
"STP","Santo Tomé y Príncipe","1975","36.00000"
"STP","Santo Tomé y Príncipe","1976","36.00000"
"STP","Santo Tomé y Príncipe","1977","36.00000"
"STP","Santo Tomé y Príncipe","1978","36.00000"
"STP","Santo Tomé y Príncipe","1979","36.00000"
"STP","Santo Tomé y Príncipe","1980","36.00000"
"STP","Santo Tomé y Príncipe","1981","36.00000"
"STP","Santo Tomé y Príncipe","1982","32.00000"
"STP","Santo Tomé y Príncipe","1983","33.00000"
"STP","Santo Tomé y Príncipe","1984","28.00000"
"STP","Santo Tomé y Príncipe","1985","29.00000"
"STP","Santo Tomé y Príncipe","1986","29.00000"
"STP","Santo Tomé y Príncipe","1987","29.00000"
"STP","Santo Tomé y Príncipe","1988","30.00000"
"STP","Santo Tomé y Príncipe","1989","29.00000"
"STP","Santo Tomé y Príncipe","1990","28.00000"
"STP","Santo Tomé y Príncipe","1991","29.00000"
"STP","Santo Tomé y Príncipe","1992","29.00000"
"STP","Santo Tomé y Príncipe","1993","29.00000"
"STP","Santo Tomé y Príncipe","1994","30.00000"
"STP","Santo Tomé y Príncipe","1995","27.00000"
"STP","Santo Tomé y Príncipe","1996","27.00000"
"STP","Santo Tomé y Príncipe","1997","26.00000"
"STP","Santo Tomé y Príncipe","1998","30.00000"
"STP","Santo Tomé y Príncipe","1999","34.00000"
"STP","Santo Tomé y Príncipe","2000","35.00000"
"STP","Santo Tomé y Príncipe","2001","35.00000"
"STP","Santo Tomé y Príncipe","2002","35.00000"
"STP","Santo Tomé y Príncipe","2003","35.00000"
"STP","Santo Tomé y Príncipe","2004","34.00000"
"STP","Santo Tomé y Príncipe","2005","33.00000"
"STP","Santo Tomé y Príncipe","2006","33.00000"
"STP","Santo Tomé y Príncipe","2007","33.00000"
"STP","Santo Tomé y Príncipe","2008","33.00000"
"STP","Santo Tomé y Príncipe","2009","33.00000"
"STP","Santo Tomé y Príncipe","2010","32.00000"
"STP","Santo Tomé y Príncipe","2011","33.00000"
"STP","Santo Tomé y Príncipe","2012","36.28000"
"STP","Santo Tomé y Príncipe","2013","37.16000"
"STP","Santo Tomé y Príncipe","2014","38.05000"
"STP","Santo Tomé y Príncipe","2015","38.93000"
"STP","Santo Tomé y Príncipe","2016","39.82000"
"STP","Santo Tomé y Príncipe","2017","40.85000"
"STP","Santo Tomé y Príncipe","2018","41.88000"
"STP","Santo Tomé y Príncipe","2019","42.37000"
"STP","Santo Tomé y Príncipe","2020","42.82000"
"STP","Santo Tomé y Príncipe","2021","43.26000"
"STP","Santo Tomé y Príncipe","2022","43.26000"
"STP","Santo Tomé y Príncipe","2023","43.26000"
"STP","Santo Tomé y Príncipe","2024","43.26000"
"SUR","Suriname","1961","35.00000"
"SUR","Suriname","1962","36.00000"
"SUR","Suriname","1963","35.00000"
"SUR","Suriname","1964","39.00000"
"SUR","Suriname","1965","38.00000"
"SUR","Suriname","1966","37.00000"
"SUR","Suriname","1967","36.00000"
"SUR","Suriname","1968","36.00000"
"SUR","Suriname","1969","38.00000"
"SUR","Suriname","1970","38.00000"
"SUR","Suriname","1971","41.00000"
"SUR","Suriname","1972","41.00000"
"SUR","Suriname","1973","43.00000"
"SUR","Suriname","1974","43.00000"
"SUR","Suriname","1975","43.00000"
"SUR","Suriname","1976","43.00000"
"SUR","Suriname","1977","44.00000"
"SUR","Suriname","1978","44.00000"
"SUR","Suriname","1979","45.00000"
"SUR","Suriname","1980","49.00000"
"SUR","Suriname","1981","52.00000"
"SUR","Suriname","1982","55.00000"
"SUR","Suriname","1983","57.00000"
"SUR","Suriname","1984","59.00000"
"SUR","Suriname","1985","62.00000"
"SUR","Suriname","1986","64.00000"
"SUR","Suriname","1987","68.00000"
"SUR","Suriname","1988","68.00000"
"SUR","Suriname","1989","68.00000"
"SUR","Suriname","1990","68.00000"
"SUR","Suriname","1991","68.00000"
"SUR","Suriname","1992","68.00000"
"SUR","Suriname","1993","68.00000"
"SUR","Suriname","1994","68.00000"
"SUR","Suriname","1995","68.00000"
"SUR","Suriname","1996","68.00000"
"SUR","Suriname","1997","67.00000"
"SUR","Suriname","1998","67.00000"
"SUR","Suriname","1999","67.00000"
"SUR","Suriname","2000","67.00000"
"SUR","Suriname","2001","65.00000"
"SUR","Suriname","2002","52.00000"
"SUR","Suriname","2003","61.00000"
"SUR","Suriname","2004","59.00000"
"SUR","Suriname","2005","55.00000"
"SUR","Suriname","2006","55.00000"
"SUR","Suriname","2007","52.00000"
"SUR","Suriname","2008","52.00000"
"SUR","Suriname","2009","63.00000"
"SUR","Suriname","2010","61.00000"
"SUR","Suriname","2011","63.00000"
"SUR","Suriname","2012","57.00000"
"SUR","Suriname","2013","66.00000"
"SUR","Suriname","2014","71.00000"
"SUR","Suriname","2015","71.00000"
"SUR","Suriname","2016","71.00000"
"SUR","Suriname","2017","68.00000"
"SUR","Suriname","2018","68.00000"
"SUR","Suriname","2019","67.00000"
"SUR","Suriname","2020","65.00000"
"SUR","Suriname","2021","62.00000"
"SUR","Suriname","2022","53.00000"
"SUR","Suriname","2023","55.43200"
"SUR","Suriname","2024","57.00000"
"SVK","Eslovaquia","1993","1611.00000"
"SVK","Eslovaquia","1994","1611.00000"
"SVK","Eslovaquia","1995","1606.00000"
"SVK","Eslovaquia","1996","1602.00000"
"SVK","Eslovaquia","1997","1599.00000"
"SVK","Eslovaquia","1998","1595.00000"
"SVK","Eslovaquia","1999","1587.00000"
"SVK","Eslovaquia","2000","1575.00000"
"SVK","Eslovaquia","2001","1471.00000"
"SVK","Eslovaquia","2002","1438.00000"
"SVK","Eslovaquia","2003","1441.00000"
"SVK","Eslovaquia","2004","1420.00000"
"SVK","Eslovaquia","2005","1417.00000"
"SVK","Eslovaquia","2006","1403.00000"
"SVK","Eslovaquia","2007","1402.00000"
"SVK","Eslovaquia","2008","1405.00000"
"SVK","Eslovaquia","2009","1406.00000"
"SVK","Eslovaquia","2010","1417.40000"
"SVK","Eslovaquia","2011","1411.50000"
"SVK","Eslovaquia","2012","1412.50000"
"SVK","Eslovaquia","2013","1382.40000"
"SVK","Eslovaquia","2014","1378.00000"
"SVK","Eslovaquia","2015","1368.00000"
"SVK","Eslovaquia","2016","1365.00000"
"SVK","Eslovaquia","2017","1361.00000"
"SVK","Eslovaquia","2018","1365.00000"
"SVK","Eslovaquia","2019","1367.00000"
"SVK","Eslovaquia","2020","1364.00000"
"SVK","Eslovaquia","2021","1344.00000"
"SVK","Eslovaquia","2022","1340.00000"
"SVK","Eslovaquia","2023","1324.00000"
"SVK","Eslovaquia","2024","1320.00000"
"SVN","Eslovenia","1992","236.00000"
"SVN","Eslovenia","1993","235.00000"
"SVN","Eslovenia","1994","230.00000"
"SVN","Eslovenia","1995","229.00000"
"SVN","Eslovenia","1996","224.00000"
"SVN","Eslovenia","1997","205.00000"
"SVN","Eslovenia","1998","203.00000"
"SVN","Eslovenia","1999","202.00000"
"SVN","Eslovenia","2000","204.00000"
"SVN","Eslovenia","2001","203.00000"
"SVN","Eslovenia","2002","198.00000"
"SVN","Eslovenia","2003","202.00000"
"SVN","Eslovenia","2004","205.00000"
"SVN","Eslovenia","2005","204.00000"
"SVN","Eslovenia","2006","206.00000"
"SVN","Eslovenia","2007","201.00000"
"SVN","Eslovenia","2008","233.48000"
"SVN","Eslovenia","2009","235.15000"
"SVN","Eslovenia","2010","236.31000"
"SVN","Eslovenia","2011","236.89000"
"SVN","Eslovenia","2012","235.67000"
"SVN","Eslovenia","2013","237.27000"
"SVN","Eslovenia","2014","237.11000"
"SVN","Eslovenia","2015","237.34000"
"SVN","Eslovenia","2016","237.71000"
"SVN","Eslovenia","2017","238.03000"
"SVN","Eslovenia","2018","235.75000"
"SVN","Eslovenia","2019","234.46000"
"SVN","Eslovenia","2020","233.95000"
"SVN","Eslovenia","2021","233.35000"
"SVN","Eslovenia","2022","232.93000"
"SVN","Eslovenia","2023","233.38000"
"SVN","Eslovenia","2024","230.54000"
"SWE","Suecia","1961","3553.00000"
"SWE","Suecia","1962","3488.00000"
"SWE","Suecia","1963","3297.00000"
"SWE","Suecia","1964","3259.00000"
"SWE","Suecia","1965","3165.00000"
"SWE","Suecia","1966","3113.00000"
"SWE","Suecia","1967","3100.00000"
"SWE","Suecia","1968","3031.00000"
"SWE","Suecia","1969","3055.00000"
"SWE","Suecia","1970","3053.00000"
"SWE","Suecia","1971","3051.00000"
"SWE","Suecia","1972","3031.00000"
"SWE","Suecia","1973","3018.00000"
"SWE","Suecia","1974","3019.00000"
"SWE","Suecia","1975","3006.00000"
"SWE","Suecia","1976","3003.00000"
"SWE","Suecia","1977","2994.00000"
"SWE","Suecia","1978","3000.00000"
"SWE","Suecia","1979","2985.00000"
"SWE","Suecia","1980","2979.00000"
"SWE","Suecia","1981","2960.00000"
"SWE","Suecia","1982","2950.00000"
"SWE","Suecia","1983","2941.00000"
"SWE","Suecia","1984","2933.00000"
"SWE","Suecia","1985","2922.00000"
"SWE","Suecia","1986","2908.00000"
"SWE","Suecia","1987","2890.00000"
"SWE","Suecia","1988","2872.00000"
"SWE","Suecia","1989","2853.00000"
"SWE","Suecia","1990","2845.00000"
"SWE","Suecia","1991","2790.00000"
"SWE","Suecia","1992","2768.00000"
"SWE","Suecia","1993","2780.00000"
"SWE","Suecia","1994","2780.00000"
"SWE","Suecia","1995","2767.00000"
"SWE","Suecia","1996","2812.00000"
"SWE","Suecia","1997","2799.00000"
"SWE","Suecia","1998","2784.00000"
"SWE","Suecia","1999","2747.00000"
"SWE","Suecia","2000","2602.20000"
"SWE","Suecia","2001","2681.70000"
"SWE","Suecia","2002","2657.40000"
"SWE","Suecia","2003","2644.50000"
"SWE","Suecia","2004","2648.60000"
"SWE","Suecia","2005","2690.00000"
"SWE","Suecia","2006","2648.60000"
"SWE","Suecia","2007","2634.50000"
"SWE","Suecia","2008","2617.80000"
"SWE","Suecia","2009","2630.60000"
"SWE","Suecia","2010","2621.50000"
"SWE","Suecia","2011","2606.70000"
"SWE","Suecia","2012","2596.40000"
"SWE","Suecia","2013","2593.18000"
"SWE","Suecia","2014","2584.32000"
"SWE","Suecia","2015","2578.52000"
"SWE","Suecia","2016","2568.98000"
"SWE","Suecia","2017","2558.43000"
"SWE","Suecia","2018","2545.24000"
"SWE","Suecia","2019","2544.00000"
"SWE","Suecia","2020","2542.00000"
"SWE","Suecia","2021","2539.00000"
"SWE","Suecia","2022","2531.00000"
"SWE","Suecia","2023","2529.00000"
"SWE","Suecia","2024","2521.00000"
"SWZ","Eswatini","1961","126.00000"
"SWZ","Eswatini","1962","136.00000"
"SWZ","Eswatini","1963","132.00000"
"SWZ","Eswatini","1964","135.00000"
"SWZ","Eswatini","1965","142.00000"
"SWZ","Eswatini","1966","151.00000"
"SWZ","Eswatini","1967","155.00000"
"SWZ","Eswatini","1968","156.00000"
"SWZ","Eswatini","1969","152.00000"
"SWZ","Eswatini","1970","152.00000"
"SWZ","Eswatini","1971","152.00000"
"SWZ","Eswatini","1972","171.00000"
"SWZ","Eswatini","1973","171.00000"
"SWZ","Eswatini","1974","158.00000"
"SWZ","Eswatini","1975","170.00000"
"SWZ","Eswatini","1976","165.00000"
"SWZ","Eswatini","1977","153.00000"
"SWZ","Eswatini","1978","194.00000"
"SWZ","Eswatini","1979","190.00000"
"SWZ","Eswatini","1980","189.00000"
"SWZ","Eswatini","1981","142.00000"
"SWZ","Eswatini","1982","141.00000"
"SWZ","Eswatini","1983","141.00000"
"SWZ","Eswatini","1984","179.00000"
"SWZ","Eswatini","1985","164.00000"
"SWZ","Eswatini","1986","164.00000"
"SWZ","Eswatini","1987","177.00000"
"SWZ","Eswatini","1988","190.00000"
"SWZ","Eswatini","1989","204.00000"
"SWZ","Eswatini","1990","192.00000"
"SWZ","Eswatini","1991","195.00000"
"SWZ","Eswatini","1992","191.00000"
"SWZ","Eswatini","1993","190.00000"
"SWZ","Eswatini","1994","190.00000"
"SWZ","Eswatini","1995","190.00000"
"SWZ","Eswatini","1996","190.00000"
"SWZ","Eswatini","1997","191.00000"
"SWZ","Eswatini","1998","191.00000"
"SWZ","Eswatini","1999","191.00000"
"SWZ","Eswatini","2000","191.00000"
"SWZ","Eswatini","2001","191.67000"
"SWZ","Eswatini","2002","191.67000"
"SWZ","Eswatini","2003","191.67000"
"SWZ","Eswatini","2004","191.30000"
"SWZ","Eswatini","2005","191.30000"
"SWZ","Eswatini","2006","190.30000"
"SWZ","Eswatini","2007","190.30000"
"SWZ","Eswatini","2008","190.76000"
"SWZ","Eswatini","2009","190.76000"
"SWZ","Eswatini","2010","192.69000"
"SWZ","Eswatini","2011","192.69000"
"SWZ","Eswatini","2012","192.69000"
"SWZ","Eswatini","2013","192.69000"
"SWZ","Eswatini","2014","193.63000"
"SWZ","Eswatini","2015","193.63000"
"SWZ","Eswatini","2016","193.63000"
"SWZ","Eswatini","2017","193.63000"
"SWZ","Eswatini","2018","194.57000"
"SWZ","Eswatini","2019","194.57000"
"SWZ","Eswatini","2020","194.57000"
"SWZ","Eswatini","2021","194.57000"
"SWZ","Eswatini","2022","197.38000"
"SWZ","Eswatini","2023","197.38000"
"SWZ","Eswatini","2024","197.38000"
"SYC","Seychelles","1961","5.00000"
"SYC","Seychelles","1962","5.00000"
"SYC","Seychelles","1963","5.00000"
"SYC","Seychelles","1964","5.00000"
"SYC","Seychelles","1965","5.00000"
"SYC","Seychelles","1966","5.00000"
"SYC","Seychelles","1967","5.00000"
"SYC","Seychelles","1968","5.00000"
"SYC","Seychelles","1969","5.00000"
"SYC","Seychelles","1970","5.00000"
"SYC","Seychelles","1971","5.00000"
"SYC","Seychelles","1972","5.00000"
"SYC","Seychelles","1973","5.00000"
"SYC","Seychelles","1974","5.00000"
"SYC","Seychelles","1975","5.00000"
"SYC","Seychelles","1976","5.00000"
"SYC","Seychelles","1977","5.00000"
"SYC","Seychelles","1978","5.00000"
"SYC","Seychelles","1979","5.00000"
"SYC","Seychelles","1980","5.00000"
"SYC","Seychelles","1981","5.00000"
"SYC","Seychelles","1982","6.00000"
"SYC","Seychelles","1983","6.00000"
"SYC","Seychelles","1984","6.00000"
"SYC","Seychelles","1985","6.00000"
"SYC","Seychelles","1986","6.00000"
"SYC","Seychelles","1987","6.00000"
"SYC","Seychelles","1988","5.00000"
"SYC","Seychelles","1989","5.00000"
"SYC","Seychelles","1990","4.00000"
"SYC","Seychelles","1991","4.00000"
"SYC","Seychelles","1992","4.00000"
"SYC","Seychelles","1993","4.00000"
"SYC","Seychelles","1994","4.00000"
"SYC","Seychelles","1995","4.00000"
"SYC","Seychelles","1996","4.00000"
"SYC","Seychelles","1997","4.00000"
"SYC","Seychelles","1998","4.00000"
"SYC","Seychelles","1999","4.00000"
"SYC","Seychelles","2000","4.00000"
"SYC","Seychelles","2001","4.00000"
"SYC","Seychelles","2002","4.00000"
"SYC","Seychelles","2003","4.00000"
"SYC","Seychelles","2004","4.00000"
"SYC","Seychelles","2005","3.62000"
"SYC","Seychelles","2006","3.36000"
"SYC","Seychelles","2007","3.13000"
"SYC","Seychelles","2008","3.30000"
"SYC","Seychelles","2009","2.85000"
"SYC","Seychelles","2010","2.32000"
"SYC","Seychelles","2011","1.69000"
"SYC","Seychelles","2012","1.52000"
"SYC","Seychelles","2013","1.28000"
"SYC","Seychelles","2014","1.22000"
"SYC","Seychelles","2015","1.43000"
"SYC","Seychelles","2016","1.38000"
"SYC","Seychelles","2017","1.39000"
"SYC","Seychelles","2018","1.38000"
"SYC","Seychelles","2019","1.39000"
"SYC","Seychelles","2020","1.35000"
"SYC","Seychelles","2021","1.45000"
"SYC","Seychelles","2022","1.58000"
"SYC","Seychelles","2023","1.56000"
"SYC","Seychelles","2024","1.54000"
"SYR","Siria","1961","6381.00000"
"SYR","Siria","1962","6440.00000"
"SYR","Siria","1963","6541.00000"
"SYR","Siria","1964","6654.00000"
"SYR","Siria","1965","6599.00000"
"SYR","Siria","1966","6130.00000"
"SYR","Siria","1967","6130.00000"
"SYR","Siria","1968","5861.00000"
"SYR","Siria","1969","5885.00000"
"SYR","Siria","1970","5909.00000"
"SYR","Siria","1971","5908.00000"
"SYR","Siria","1972","6001.00000"
"SYR","Siria","1973","5878.00000"
"SYR","Siria","1974","6027.00000"
"SYR","Siria","1975","5476.00000"
"SYR","Siria","1976","5672.00000"
"SYR","Siria","1977","5509.00000"
"SYR","Siria","1978","5588.00000"
"SYR","Siria","1979","5686.00000"
"SYR","Siria","1980","5684.00000"
"SYR","Siria","1981","5759.00000"
"SYR","Siria","1982","5801.00000"
"SYR","Siria","1983","5607.00000"
"SYR","Siria","1984","5654.00000"
"SYR","Siria","1985","5623.00000"
"SYR","Siria","1986","5627.00000"
"SYR","Siria","1987","5630.00000"
"SYR","Siria","1988","5502.00000"
"SYR","Siria","1989","5503.00000"
"SYR","Siria","1990","5626.00000"
"SYR","Siria","1991","5576.00000"
"SYR","Siria","1992","5554.00000"
"SYR","Siria","1993","5426.00000"
"SYR","Siria","1994","5487.00000"
"SYR","Siria","1995","5502.00000"
"SYR","Siria","1996","5470.00000"
"SYR","Siria","1997","5521.00000"
"SYR","Siria","1998","5484.00000"
"SYR","Siria","1999","5502.00000"
"SYR","Siria","2000","5352.00000"
"SYR","Siria","2001","5450.00000"
"SYR","Siria","2002","5421.00000"
"SYR","Siria","2003","5478.00000"
"SYR","Siria","2004","5626.00000"
"SYR","Siria","2005","5562.00000"
"SYR","Siria","2006","5587.00000"
"SYR","Siria","2007","5683.00000"
"SYR","Siria","2008","5666.00000"
"SYR","Siria","2009","5664.00000"
"SYR","Siria","2010","5696.00000"
"SYR","Siria","2011","5716.00000"
"SYR","Siria","2012","5731.00000"
"SYR","Siria","2013","5733.00000"
"SYR","Siria","2014","5732.20000"
"SYR","Siria","2015","5731.40000"
"SYR","Siria","2016","5730.60000"
"SYR","Siria","2017","5734.45000"
"SYR","Siria","2018","5728.32300"
"SYR","Siria","2019","5724.15300"
"SYR","Siria","2020","5726.61700"
"SYR","Siria","2021","5584.31000"
"SYR","Siria","2022","5442.00000"
"SYR","Siria","2023","5443.30000"
"SYR","Siria","2024","5448.93000"
"TCA","Islas Turcas y Caicos","1961","1.00000"
"TCA","Islas Turcas y Caicos","1962","1.00000"
"TCA","Islas Turcas y Caicos","1963","1.00000"
"TCA","Islas Turcas y Caicos","1964","1.00000"
"TCA","Islas Turcas y Caicos","1965","1.00000"
"TCA","Islas Turcas y Caicos","1966","1.00000"
"TCA","Islas Turcas y Caicos","1967","1.00000"
"TCA","Islas Turcas y Caicos","1968","1.00000"
"TCA","Islas Turcas y Caicos","1969","1.00000"
"TCA","Islas Turcas y Caicos","1970","1.00000"
"TCA","Islas Turcas y Caicos","1971","1.00000"
"TCA","Islas Turcas y Caicos","1972","1.00000"
"TCA","Islas Turcas y Caicos","1973","1.00000"
"TCA","Islas Turcas y Caicos","1974","1.00000"
"TCA","Islas Turcas y Caicos","1975","1.00000"
"TCA","Islas Turcas y Caicos","1976","1.00000"
"TCA","Islas Turcas y Caicos","1977","1.00000"
"TCA","Islas Turcas y Caicos","1978","1.00000"
"TCA","Islas Turcas y Caicos","1979","1.00000"
"TCA","Islas Turcas y Caicos","1980","1.00000"
"TCA","Islas Turcas y Caicos","1981","1.00000"
"TCA","Islas Turcas y Caicos","1982","1.00000"
"TCA","Islas Turcas y Caicos","1983","1.00000"
"TCA","Islas Turcas y Caicos","1984","1.00000"
"TCA","Islas Turcas y Caicos","1985","1.00000"
"TCA","Islas Turcas y Caicos","1986","1.00000"
"TCA","Islas Turcas y Caicos","1987","1.00000"
"TCA","Islas Turcas y Caicos","1988","1.00000"
"TCA","Islas Turcas y Caicos","1989","1.00000"
"TCA","Islas Turcas y Caicos","1990","1.00000"
"TCA","Islas Turcas y Caicos","1991","1.00000"
"TCA","Islas Turcas y Caicos","1992","1.00000"
"TCA","Islas Turcas y Caicos","1993","1.00000"
"TCA","Islas Turcas y Caicos","1994","1.00000"
"TCA","Islas Turcas y Caicos","1995","1.00000"
"TCA","Islas Turcas y Caicos","1996","1.00000"
"TCA","Islas Turcas y Caicos","1997","1.00000"
"TCA","Islas Turcas y Caicos","1998","1.00000"
"TCA","Islas Turcas y Caicos","1999","1.00000"
"TCA","Islas Turcas y Caicos","2000","1.00000"
"TCA","Islas Turcas y Caicos","2001","1.00000"
"TCA","Islas Turcas y Caicos","2002","1.00000"
"TCA","Islas Turcas y Caicos","2003","1.00000"
"TCA","Islas Turcas y Caicos","2004","1.00000"
"TCA","Islas Turcas y Caicos","2005","1.00000"
"TCA","Islas Turcas y Caicos","2006","1.00000"
"TCA","Islas Turcas y Caicos","2007","1.00000"
"TCA","Islas Turcas y Caicos","2008","1.00000"
"TCA","Islas Turcas y Caicos","2009","1.00000"
"TCA","Islas Turcas y Caicos","2010","1.00000"
"TCA","Islas Turcas y Caicos","2011","1.00000"
"TCA","Islas Turcas y Caicos","2012","1.00000"
"TCA","Islas Turcas y Caicos","2013","1.00000"
"TCA","Islas Turcas y Caicos","2014","1.00000"
"TCA","Islas Turcas y Caicos","2015","1.00000"
"TCA","Islas Turcas y Caicos","2016","1.00000"
"TCA","Islas Turcas y Caicos","2017","1.00000"
"TCA","Islas Turcas y Caicos","2018","1.00000"
"TCA","Islas Turcas y Caicos","2019","1.00000"
"TCA","Islas Turcas y Caicos","2020","1.00000"
"TCA","Islas Turcas y Caicos","2021","1.00000"
"TCA","Islas Turcas y Caicos","2022","1.00000"
"TCA","Islas Turcas y Caicos","2023","1.00000"
"TCA","Islas Turcas y Caicos","2024","1.00000"
"TCD","Chad","1961","2900.00000"
"TCD","Chad","1962","2900.00000"
"TCD","Chad","1963","2900.00000"
"TCD","Chad","1964","2900.00000"
"TCD","Chad","1965","2900.00000"
"TCD","Chad","1966","2900.00000"
"TCD","Chad","1967","2900.00000"
"TCD","Chad","1968","2900.00000"
"TCD","Chad","1969","2900.00000"
"TCD","Chad","1970","2900.00000"
"TCD","Chad","1971","2900.00000"
"TCD","Chad","1972","2900.00000"
"TCD","Chad","1973","2910.00000"
"TCD","Chad","1974","2920.00000"
"TCD","Chad","1975","3000.00000"
"TCD","Chad","1976","3100.00000"
"TCD","Chad","1977","3100.00000"
"TCD","Chad","1978","3150.00000"
"TCD","Chad","1979","3150.00000"
"TCD","Chad","1980","3150.00000"
"TCD","Chad","1981","3150.00000"
"TCD","Chad","1982","3150.00000"
"TCD","Chad","1983","3150.00000"
"TCD","Chad","1984","3150.00000"
"TCD","Chad","1985","3155.20000"
"TCD","Chad","1986","3205.20000"
"TCD","Chad","1987","3205.20000"
"TCD","Chad","1988","3228.20000"
"TCD","Chad","1989","3248.20000"
"TCD","Chad","1990","3298.69000"
"TCD","Chad","1991","3345.84000"
"TCD","Chad","1992","3366.33000"
"TCD","Chad","1993","3394.90000"
"TCD","Chad","1994","3415.54000"
"TCD","Chad","1995","3446.01000"
"TCD","Chad","1996","3426.55000"
"TCD","Chad","1997","3627.23000"
"TCD","Chad","1998","3627.03000"
"TCD","Chad","1999","3627.64000"
"TCD","Chad","2000","3628.04000"
"TCD","Chad","2001","3728.27000"
"TCD","Chad","2002","3728.79000"
"TCD","Chad","2003","3829.18000"
"TCD","Chad","2004","3829.84000"
"TCD","Chad","2005","3929.81000"
"TCD","Chad","2006","3931.05000"
"TCD","Chad","2007","3931.38000"
"TCD","Chad","2008","3932.55000"
"TCD","Chad","2009","4033.18000"
"TCD","Chad","2010","4234.38000"
"TCD","Chad","2011","4334.94000"
"TCD","Chad","2012","4686.40000"
"TCD","Chad","2013","5036.00000"
"TCD","Chad","2014","5236.05000"
"TCD","Chad","2015","5237.47000"
"TCD","Chad","2016","5336.92000"
"TCD","Chad","2017","5336.89000"
"TCD","Chad","2018","5337.30000"
"TCD","Chad","2019","5337.21000"
"TCD","Chad","2020","5337.53000"
"TCD","Chad","2021","5337.45000"
"TCD","Chad","2022","5337.45000"
"TCD","Chad","2023","5337.50000"
"TCD","Chad","2024","5337.48000"
"TGO","Togo","1961","1870.00000"
"TGO","Togo","1962","1870.00000"
"TGO","Togo","1963","1870.00000"
"TGO","Togo","1964","1870.00000"
"TGO","Togo","1965","1875.00000"
"TGO","Togo","1966","1875.00000"
"TGO","Togo","1967","1875.00000"
"TGO","Togo","1968","1875.00000"
"TGO","Togo","1969","1875.00000"
"TGO","Togo","1970","1875.00000"
"TGO","Togo","1971","1880.00000"
"TGO","Togo","1972","1880.00000"
"TGO","Togo","1973","1880.00000"
"TGO","Togo","1974","1880.00000"
"TGO","Togo","1975","1880.00000"
"TGO","Togo","1976","1880.00000"
"TGO","Togo","1977","1880.00000"
"TGO","Togo","1978","1980.00000"
"TGO","Togo","1979","2030.00000"
"TGO","Togo","1980","2035.00000"
"TGO","Togo","1981","2035.00000"
"TGO","Togo","1982","2035.00000"
"TGO","Togo","1983","2035.00000"
"TGO","Togo","1984","2085.00000"
"TGO","Togo","1985","2090.00000"
"TGO","Togo","1986","2090.00000"
"TGO","Togo","1987","2110.00000"
"TGO","Togo","1988","2140.00000"
"TGO","Togo","1989","2140.00000"
"TGO","Togo","1990","2160.00000"
"TGO","Togo","1991","2185.00000"
"TGO","Togo","1992","2205.00000"
"TGO","Togo","1993","2230.00000"
"TGO","Togo","1994","2250.00000"
"TGO","Togo","1995","2270.00000"
"TGO","Togo","1996","2290.00000"
"TGO","Togo","1997","2330.00000"
"TGO","Togo","1998","2350.00000"
"TGO","Togo","1999","2370.00000"
"TGO","Togo","2000","2400.00000"
"TGO","Togo","2001","2420.00000"
"TGO","Togo","2002","2440.00000"
"TGO","Togo","2003","2460.00000"
"TGO","Togo","2004","2480.00000"
"TGO","Togo","2005","2507.56000"
"TGO","Togo","2006","2558.01000"
"TGO","Togo","2007","2588.58000"
"TGO","Togo","2008","2636.87000"
"TGO","Togo","2009","2650.03000"
"TGO","Togo","2010","2657.59000"
"TGO","Togo","2011","2657.59000"
"TGO","Togo","2012","2761.93000"
"TGO","Togo","2013","2737.55000"
"TGO","Togo","2014","2753.47000"
"TGO","Togo","2015","2740.40000"
"TGO","Togo","2016","2742.41000"
"TGO","Togo","2017","2734.95000"
"TGO","Togo","2018","2734.39000"
"TGO","Togo","2019","2737.77000"
"TGO","Togo","2020","2739.98000"
"TGO","Togo","2021","2738.99000"
"TGO","Togo","2022","2747.21000"
"TGO","Togo","2023","2753.18000"
"TGO","Togo","2024","2757.06000"
"THA","Tailandia","1961","11393.00000"
"THA","Tailandia","1962","11700.00000"
"THA","Tailandia","1963","12160.00000"
"THA","Tailandia","1964","12370.00000"
"THA","Tailandia","1965","12600.00000"
"THA","Tailandia","1966","12850.00000"
"THA","Tailandia","1967","13080.00000"
"THA","Tailandia","1968","13300.00000"
"THA","Tailandia","1969","13500.00000"
"THA","Tailandia","1970","13808.00000"
"THA","Tailandia","1971","13939.00000"
"THA","Tailandia","1972","14750.00000"
"THA","Tailandia","1973","15580.00000"
"THA","Tailandia","1974","16363.00000"
"THA","Tailandia","1975","16680.00000"
"THA","Tailandia","1976","16988.00000"
"THA","Tailandia","1977","17385.00000"
"THA","Tailandia","1978","17776.00000"
"THA","Tailandia","1979","18082.00000"
"THA","Tailandia","1980","18298.00000"
"THA","Tailandia","1981","18681.00000"
"THA","Tailandia","1982","19099.00000"
"THA","Tailandia","1983","19198.00000"
"THA","Tailandia","1984","19331.00000"
"THA","Tailandia","1985","19847.00000"
"THA","Tailandia","1986","20036.00000"
"THA","Tailandia","1987","20490.00000"
"THA","Tailandia","1988","20568.00000"
"THA","Tailandia","1989","20567.00000"
"THA","Tailandia","1990","20603.00000"
"THA","Tailandia","1991","20726.00000"
"THA","Tailandia","1992","20574.00000"
"THA","Tailandia","1993","20445.00000"
"THA","Tailandia","1994","20521.05000"
"THA","Tailandia","1995","20597.10000"
"THA","Tailandia","1996","20673.14000"
"THA","Tailandia","1997","20749.19000"
"THA","Tailandia","1998","20825.24000"
"THA","Tailandia","1999","20901.29000"
"THA","Tailandia","2000","20977.33000"
"THA","Tailandia","2001","21053.38000"
"THA","Tailandia","2002","21129.43000"
"THA","Tailandia","2003","21205.48000"
"THA","Tailandia","2004","21281.52000"
"THA","Tailandia","2005","21357.57000"
"THA","Tailandia","2006","21433.62000"
"THA","Tailandia","2007","21509.67000"
"THA","Tailandia","2008","21585.71000"
"THA","Tailandia","2009","21661.76000"
"THA","Tailandia","2010","21737.81000"
"THA","Tailandia","2011","21813.86000"
"THA","Tailandia","2012","21889.90000"
"THA","Tailandia","2013","21965.95000"
"THA","Tailandia","2014","22042.00000"
"THA","Tailandia","2015","22046.00000"
"THA","Tailandia","2016","22042.00000"
"THA","Tailandia","2017","22047.00000"
"THA","Tailandia","2018","22045.69650"
"THA","Tailandia","2019","22047.52700"
"THA","Tailandia","2020","22471.89970"
"THA","Tailandia","2021","21885.00000"
"THA","Tailandia","2022","21576.00000"
"THA","Tailandia","2023","21576.11600"
"THA","Tailandia","2024","21576.12000"
"TJK","Tayikistán","1992","985.00000"
"TJK","Tayikistán","1993","998.00000"
"TJK","Tayikistán","1994","970.00000"
"TJK","Tayikistán","1995","959.00000"
"TJK","Tayikistán","1996","919.00000"
"TJK","Tayikistán","1997","917.00000"
"TJK","Tayikistán","1998","887.00000"
"TJK","Tayikistán","1999","886.00000"
"TJK","Tayikistán","2000","886.00000"
"TJK","Tayikistán","2001","883.00000"
"TJK","Tayikistán","2002","881.00000"
"TJK","Tayikistán","2003","880.00000"
"TJK","Tayikistán","2004","877.00000"
"TJK","Tayikistán","2005","874.00000"
"TJK","Tayikistán","2006","877.00000"
"TJK","Tayikistán","2007","873.00000"
"TJK","Tayikistán","2008","871.00000"
"TJK","Tayikistán","2009","884.40000"
"TJK","Tayikistán","2010","880.70000"
"TJK","Tayikistán","2011","877.80000"
"TJK","Tayikistán","2012","874.00000"
"TJK","Tayikistán","2013","905.60000"
"TJK","Tayikistán","2014","937.20000"
"TJK","Tayikistán","2015","968.80000"
"TJK","Tayikistán","2016","1000.40000"
"TJK","Tayikistán","2017","1032.10000"
"TJK","Tayikistán","2018","1036.60000"
"TJK","Tayikistán","2019","1043.20000"
"TJK","Tayikistán","2020","1041.00000"
"TJK","Tayikistán","2021","1042.00000"
"TJK","Tayikistán","2022","1078.10000"
"TJK","Tayikistán","2023","1049.00000"
"TJK","Tayikistán","2024","1050.30000"
"TKL","Tokelau","1961","0.30000"
"TKL","Tokelau","1962","0.40000"
"TKL","Tokelau","1963","0.40000"
"TKL","Tokelau","1964","0.40000"
"TKL","Tokelau","1965","0.40000"
"TKL","Tokelau","1966","0.40000"
"TKL","Tokelau","1967","0.40000"
"TKL","Tokelau","1968","0.40000"
"TKL","Tokelau","1969","0.40000"
"TKL","Tokelau","1970","0.40000"
"TKL","Tokelau","1971","0.40000"
"TKL","Tokelau","1972","0.40000"
"TKL","Tokelau","1973","0.40000"
"TKL","Tokelau","1974","0.40000"
"TKL","Tokelau","1975","0.40000"
"TKL","Tokelau","1976","0.40000"
"TKL","Tokelau","1977","0.40000"
"TKL","Tokelau","1978","0.40000"
"TKL","Tokelau","1979","0.40000"
"TKL","Tokelau","1980","0.40000"
"TKL","Tokelau","1981","0.40000"
"TKL","Tokelau","1982","0.40000"
"TKL","Tokelau","1983","0.40000"
"TKL","Tokelau","1984","0.40000"
"TKL","Tokelau","1985","0.50000"
"TKL","Tokelau","1986","0.50000"
"TKL","Tokelau","1987","0.50000"
"TKL","Tokelau","1988","0.50000"
"TKL","Tokelau","1989","0.50000"
"TKL","Tokelau","1990","0.50000"
"TKL","Tokelau","1991","0.60000"
"TKL","Tokelau","1992","0.60000"
"TKL","Tokelau","1993","0.60000"
"TKL","Tokelau","1994","0.60000"
"TKL","Tokelau","1995","0.60000"
"TKL","Tokelau","1996","0.60000"
"TKL","Tokelau","1997","0.60000"
"TKL","Tokelau","1998","0.60000"
"TKL","Tokelau","1999","0.60000"
"TKL","Tokelau","2000","0.60000"
"TKL","Tokelau","2001","0.60000"
"TKL","Tokelau","2002","0.60000"
"TKL","Tokelau","2003","0.60000"
"TKL","Tokelau","2004","0.60000"
"TKL","Tokelau","2005","0.60000"
"TKL","Tokelau","2006","0.60000"
"TKL","Tokelau","2007","0.60000"
"TKL","Tokelau","2008","0.60000"
"TKL","Tokelau","2009","0.60000"
"TKL","Tokelau","2010","0.60000"
"TKL","Tokelau","2011","0.60000"
"TKL","Tokelau","2012","0.60000"
"TKL","Tokelau","2013","0.60000"
"TKL","Tokelau","2014","0.60000"
"TKL","Tokelau","2015","0.60000"
"TKL","Tokelau","2016","0.60000"
"TKL","Tokelau","2017","0.60000"
"TKL","Tokelau","2018","0.60000"
"TKL","Tokelau","2019","0.60000"
"TKL","Tokelau","2020","0.60000"
"TKL","Tokelau","2021","0.60000"
"TKL","Tokelau","2022","0.60000"
"TKL","Tokelau","2023","0.60000"
"TKL","Tokelau","2024","0.60000"
"TKM","Turkmenistán","1992","1141.40000"
"TKM","Turkmenistán","1993","1203.49000"
"TKM","Turkmenistán","1994","1266.42000"
"TKM","Turkmenistán","1995","1330.25000"
"TKM","Turkmenistán","1996","1381.93000"
"TKM","Turkmenistán","1997","1450.16000"
"TKM","Turkmenistán","1998","1503.30000"
"TKM","Turkmenistán","1999","1562.10000"
"TKM","Turkmenistán","2000","1624.26000"
"TKM","Turkmenistán","2001","1527.49000"
"TKM","Turkmenistán","2002","1589.83000"
"TKM","Turkmenistán","2003","1694.88000"
"TKM","Turkmenistán","2004","1724.54000"
"TKM","Turkmenistán","2005","1903.35000"
"TKM","Turkmenistán","2006","1932.34000"
"TKM","Turkmenistán","2007","1772.47000"
"TKM","Turkmenistán","2008","1768.99000"
"TKM","Turkmenistán","2009","1727.20000"
"TKM","Turkmenistán","2010","1722.73000"
"TKM","Turkmenistán","2011","1703.97000"
"TKM","Turkmenistán","2012","1663.67000"
"TKM","Turkmenistán","2013","1745.96000"
"TKM","Turkmenistán","2014","1577.75000"
"TKM","Turkmenistán","2015","1629.05000"
"TKM","Turkmenistán","2016","1729.10000"
"TKM","Turkmenistán","2017","1730.22000"
"TKM","Turkmenistán","2018","1595.42000"
"TKM","Turkmenistán","2019","1615.10000"
"TKM","Turkmenistán","2020","1643.60000"
"TKM","Turkmenistán","2021","1631.40000"
"TKM","Turkmenistán","2022","1650.20000"
"TKM","Turkmenistán","2023","1638.06000"
"TKM","Turkmenistán","2024","1679.81000"
"TLS","Timor-Leste","1961","80.00000"
"TLS","Timor-Leste","1962","80.00000"
"TLS","Timor-Leste","1963","80.00000"
"TLS","Timor-Leste","1964","80.00000"
"TLS","Timor-Leste","1965","80.00000"
"TLS","Timor-Leste","1966","80.00000"
"TLS","Timor-Leste","1967","82.00000"
"TLS","Timor-Leste","1968","82.00000"
"TLS","Timor-Leste","1969","83.00000"
"TLS","Timor-Leste","1970","93.00000"
"TLS","Timor-Leste","1971","93.00000"
"TLS","Timor-Leste","1972","95.00000"
"TLS","Timor-Leste","1973","100.00000"
"TLS","Timor-Leste","1974","100.00000"
"TLS","Timor-Leste","1975","105.00000"
"TLS","Timor-Leste","1976","108.00000"
"TLS","Timor-Leste","1977","112.00000"
"TLS","Timor-Leste","1978","121.00000"
"TLS","Timor-Leste","1979","126.00000"
"TLS","Timor-Leste","1980","129.00000"
"TLS","Timor-Leste","1981","132.00000"
"TLS","Timor-Leste","1982","134.00000"
"TLS","Timor-Leste","1983","136.00000"
"TLS","Timor-Leste","1984","139.00000"
"TLS","Timor-Leste","1985","142.00000"
"TLS","Timor-Leste","1986","145.00000"
"TLS","Timor-Leste","1987","149.00000"
"TLS","Timor-Leste","1988","153.00000"
"TLS","Timor-Leste","1989","155.00000"
"TLS","Timor-Leste","1990","168.00000"
"TLS","Timor-Leste","1991","180.00000"
"TLS","Timor-Leste","1992","180.00000"
"TLS","Timor-Leste","1993","185.00000"
"TLS","Timor-Leste","1994","190.00000"
"TLS","Timor-Leste","1995","190.00000"
"TLS","Timor-Leste","1996","192.00000"
"TLS","Timor-Leste","1997","193.00000"
"TLS","Timor-Leste","1998","191.00000"
"TLS","Timor-Leste","1999","187.00000"
"TLS","Timor-Leste","2000","187.00000"
"TLS","Timor-Leste","2001","186.60000"
"TLS","Timor-Leste","2002","186.20000"
"TLS","Timor-Leste","2003","183.80000"
"TLS","Timor-Leste","2004","183.40000"
"TLS","Timor-Leste","2005","183.00000"
"TLS","Timor-Leste","2006","182.60000"
"TLS","Timor-Leste","2007","182.20000"
"TLS","Timor-Leste","2008","186.80000"
"TLS","Timor-Leste","2009","188.40000"
"TLS","Timor-Leste","2010","188.00000"
"TLS","Timor-Leste","2011","188.60000"
"TLS","Timor-Leste","2012","189.10000"
"TLS","Timor-Leste","2013","189.60000"
"TLS","Timor-Leste","2014","190.10000"
"TLS","Timor-Leste","2015","190.60000"
"TLS","Timor-Leste","2016","191.10000"
"TLS","Timor-Leste","2017","191.60000"
"TLS","Timor-Leste","2018","192.10000"
"TLS","Timor-Leste","2019","191.40000"
"TLS","Timor-Leste","2020","191.40000"
"TLS","Timor-Leste","2021","191.40000"
"TLS","Timor-Leste","2022","191.40000"
"TLS","Timor-Leste","2023","191.40000"
"TLS","Timor-Leste","2024","191.40000"
"TON","Tonga","1961","26.00000"
"TON","Tonga","1962","27.00000"
"TON","Tonga","1963","27.00000"
"TON","Tonga","1964","27.00000"
"TON","Tonga","1965","28.00000"
"TON","Tonga","1966","29.00000"
"TON","Tonga","1967","29.00000"
"TON","Tonga","1968","29.00000"
"TON","Tonga","1969","31.00000"
"TON","Tonga","1970","30.00000"
"TON","Tonga","1971","30.00000"
"TON","Tonga","1972","30.00000"
"TON","Tonga","1973","30.00000"
"TON","Tonga","1974","30.00000"
"TON","Tonga","1975","30.00000"
"TON","Tonga","1976","29.00000"
"TON","Tonga","1977","29.00000"
"TON","Tonga","1978","29.00000"
"TON","Tonga","1979","29.00000"
"TON","Tonga","1980","30.00000"
"TON","Tonga","1981","30.00000"
"TON","Tonga","1982","30.00000"
"TON","Tonga","1983","29.00000"
"TON","Tonga","1984","29.00000"
"TON","Tonga","1985","29.00000"
"TON","Tonga","1986","29.00000"
"TON","Tonga","1987","29.00000"
"TON","Tonga","1988","29.00000"
"TON","Tonga","1989","28.00000"
"TON","Tonga","1990","28.00000"
"TON","Tonga","1991","28.00000"
"TON","Tonga","1992","28.00000"
"TON","Tonga","1993","28.00000"
"TON","Tonga","1994","28.00000"
"TON","Tonga","1995","29.00000"
"TON","Tonga","1996","29.00000"
"TON","Tonga","1997","27.00000"
"TON","Tonga","1998","27.00000"
"TON","Tonga","1999","27.00000"
"TON","Tonga","2000","26.00000"
"TON","Tonga","2001","26.00000"
"TON","Tonga","2002","26.36000"
"TON","Tonga","2003","26.72000"
"TON","Tonga","2004","27.07000"
"TON","Tonga","2005","27.43000"
"TON","Tonga","2006","27.79000"
"TON","Tonga","2007","28.15000"
"TON","Tonga","2008","28.50000"
"TON","Tonga","2009","28.86000"
"TON","Tonga","2010","29.22000"
"TON","Tonga","2011","29.58000"
"TON","Tonga","2012","29.94000"
"TON","Tonga","2013","30.29000"
"TON","Tonga","2014","28.76000"
"TON","Tonga","2015","29.12000"
"TON","Tonga","2016","30.64000"
"TON","Tonga","2017","30.74000"
"TON","Tonga","2018","30.78000"
"TON","Tonga","2019","30.76000"
"TON","Tonga","2020","30.80000"
"TON","Tonga","2021","30.83000"
"TON","Tonga","2022","30.85000"
"TON","Tonga","2023","30.89000"
"TON","Tonga","2024","30.90000"
"TTO","Trinidad y Tobago","1961","92.00000"
"TTO","Trinidad y Tobago","1962","92.00000"
"TTO","Trinidad y Tobago","1963","92.00000"
"TTO","Trinidad y Tobago","1964","92.00000"
"TTO","Trinidad y Tobago","1965","92.00000"
"TTO","Trinidad y Tobago","1966","92.00000"
"TTO","Trinidad y Tobago","1967","92.00000"
"TTO","Trinidad y Tobago","1968","92.00000"
"TTO","Trinidad y Tobago","1969","92.00000"
"TTO","Trinidad y Tobago","1970","92.00000"
"TTO","Trinidad y Tobago","1971","95.00000"
"TTO","Trinidad y Tobago","1972","95.00000"
"TTO","Trinidad y Tobago","1973","104.00000"
"TTO","Trinidad y Tobago","1974","105.00000"
"TTO","Trinidad y Tobago","1975","100.00000"
"TTO","Trinidad y Tobago","1976","100.00000"
"TTO","Trinidad y Tobago","1977","100.00000"
"TTO","Trinidad y Tobago","1978","100.00000"
"TTO","Trinidad y Tobago","1979","100.00000"
"TTO","Trinidad y Tobago","1980","95.00000"
"TTO","Trinidad y Tobago","1981","89.00000"
"TTO","Trinidad y Tobago","1982","82.00000"
"TTO","Trinidad y Tobago","1983","68.00000"
"TTO","Trinidad y Tobago","1984","68.00000"
"TTO","Trinidad y Tobago","1985","65.00000"
"TTO","Trinidad y Tobago","1986","65.00000"
"TTO","Trinidad y Tobago","1987","65.00000"
"TTO","Trinidad y Tobago","1988","66.00000"
"TTO","Trinidad y Tobago","1989","66.00000"
"TTO","Trinidad y Tobago","1990","71.00000"
"TTO","Trinidad y Tobago","1991","75.00000"
"TTO","Trinidad y Tobago","1992","75.00000"
"TTO","Trinidad y Tobago","1993","75.00000"
"TTO","Trinidad y Tobago","1994","75.00000"
"TTO","Trinidad y Tobago","1995","70.00000"
"TTO","Trinidad y Tobago","1996","70.00000"
"TTO","Trinidad y Tobago","1997","65.00000"
"TTO","Trinidad y Tobago","1998","60.00000"
"TTO","Trinidad y Tobago","1999","60.00000"
"TTO","Trinidad y Tobago","2000","60.00000"
"TTO","Trinidad y Tobago","2001","53.00000"
"TTO","Trinidad y Tobago","2002","53.00000"
"TTO","Trinidad y Tobago","2003","53.00000"
"TTO","Trinidad y Tobago","2004","53.31450"
"TTO","Trinidad y Tobago","2005","53.31000"
"TTO","Trinidad y Tobago","2006","53.31000"
"TTO","Trinidad y Tobago","2007","53.31000"
"TTO","Trinidad y Tobago","2008","53.31000"
"TTO","Trinidad y Tobago","2009","53.31000"
"TTO","Trinidad y Tobago","2010","53.31000"
"TTO","Trinidad y Tobago","2011","53.31000"
"TTO","Trinidad y Tobago","2012","53.31000"
"TTO","Trinidad y Tobago","2013","53.31000"
"TTO","Trinidad y Tobago","2014","53.31000"
"TTO","Trinidad y Tobago","2015","53.31000"
"TTO","Trinidad y Tobago","2016","53.31000"
"TTO","Trinidad y Tobago","2017","53.31000"
"TTO","Trinidad y Tobago","2018","53.31000"
"TTO","Trinidad y Tobago","2019","53.31000"
"TTO","Trinidad y Tobago","2020","53.31000"
"TTO","Trinidad y Tobago","2021","53.31000"
"TTO","Trinidad y Tobago","2022","53.31000"
"TTO","Trinidad y Tobago","2023","53.31000"
"TTO","Trinidad y Tobago","2024","53.31000"
"TUN","Túnez","1961","4250.00000"
"TUN","Túnez","1962","4250.00000"
"TUN","Túnez","1963","4250.00000"
"TUN","Túnez","1964","4334.00000"
"TUN","Túnez","1965","4334.00000"
"TUN","Túnez","1966","4334.00000"
"TUN","Túnez","1967","4334.00000"
"TUN","Túnez","1968","4334.00000"
"TUN","Túnez","1969","4486.00000"
"TUN","Túnez","1970","4673.00000"
"TUN","Túnez","1971","4680.00000"
"TUN","Túnez","1972","4780.00000"
"TUN","Túnez","1973","4870.00000"
"TUN","Túnez","1974","4920.00000"
"TUN","Túnez","1975","4990.00000"
"TUN","Túnez","1976","5060.00000"
"TUN","Túnez","1977","5107.00000"
"TUN","Túnez","1978","4993.00000"
"TUN","Túnez","1979","4931.00000"
"TUN","Túnez","1980","4701.00000"
"TUN","Túnez","1981","4770.00000"
"TUN","Túnez","1982","4860.00000"
"TUN","Túnez","1983","4967.00000"
"TUN","Túnez","1984","4990.00000"
"TUN","Túnez","1985","4938.00000"
"TUN","Túnez","1986","4846.00000"
"TUN","Túnez","1987","4860.00000"
"TUN","Túnez","1988","4826.00000"
"TUN","Túnez","1989","4877.00000"
"TUN","Túnez","1990","4851.00000"
"TUN","Túnez","1991","4875.00000"
"TUN","Túnez","1992","4881.00000"
"TUN","Túnez","1993","4952.00000"
"TUN","Túnez","1994","4813.00000"
"TUN","Túnez","1995","4878.00000"
"TUN","Túnez","1996","4928.00000"
"TUN","Túnez","1997","4917.00000"
"TUN","Túnez","1998","4950.00000"
"TUN","Túnez","1999","5014.00000"
"TUN","Túnez","2000","4990.00000"
"TUN","Túnez","2001","4909.00000"
"TUN","Túnez","2002","4908.00000"
"TUN","Túnez","2003","4930.00000"
"TUN","Túnez","2004","4945.00000"
"TUN","Túnez","2005","4896.00000"
"TUN","Túnez","2006","4945.00000"
"TUN","Túnez","2007","4935.00000"
"TUN","Túnez","2008","5041.00000"
"TUN","Túnez","2009","4936.00000"
"TUN","Túnez","2010","5186.00000"
"TUN","Túnez","2011","5233.00000"
"TUN","Túnez","2012","5123.00000"
"TUN","Túnez","2013","5129.00000"
"TUN","Túnez","2014","4920.00000"
"TUN","Túnez","2015","4917.00000"
"TUN","Túnez","2016","4934.60000"
"TUN","Túnez","2017","4992.90000"
"TUN","Túnez","2018","4950.50000"
"TUN","Túnez","2019","4950.50000"
"TUN","Túnez","2020","4950.50000"
"TUN","Túnez","2021","4950.50000"
"TUN","Túnez","2022","4891.40000"
"TUN","Túnez","2023","4891.40000"
"TUN","Túnez","2024","4891.40000"
"TUR","Turquía","1961","25167.00000"
"TUR","Turquía","1962","25348.00000"
"TUR","Turquía","1963","26120.00000"
"TUR","Turquía","1964","26092.00000"
"TUR","Turquía","1965","26146.00000"
"TUR","Turquía","1966","26384.00000"
"TUR","Turquía","1967","26250.00000"
"TUR","Turquía","1968","26601.00000"
"TUR","Turquía","1969","27743.00000"
"TUR","Turquía","1970","27378.00000"
"TUR","Turquía","1971","27614.00000"
"TUR","Turquía","1972","28226.00000"
"TUR","Turquía","1973","28287.00000"
"TUR","Turquía","1974","27928.00000"
"TUR","Turquía","1975","27662.00000"
"TUR","Turquía","1976","27703.00000"
"TUR","Turquía","1977","27929.00000"
"TUR","Turquía","1978","28045.00000"
"TUR","Turquía","1979","28792.00000"
"TUR","Turquía","1980","28479.00000"
"TUR","Turquía","1981","28513.00000"
"TUR","Turquía","1982","27091.00000"
"TUR","Turquía","1983","26618.00000"
"TUR","Turquía","1984","27413.00000"
"TUR","Turquía","1985","27530.00000"
"TUR","Turquía","1986","27483.00000"
"TUR","Turquía","1987","27927.00000"
"TUR","Turquía","1988","27763.00000"
"TUR","Turquía","1989","27897.00000"
"TUR","Turquía","1990","27677.00000"
"TUR","Turquía","1991","27689.00000"
"TUR","Turquía","1992","27526.00000"
"TUR","Turquía","1993","27535.00000"
"TUR","Turquía","1994","27771.00000"
"TUR","Turquía","1995","27115.00000"
"TUR","Turquía","1996","26986.00000"
"TUR","Turquía","1997","26864.00000"
"TUR","Turquía","1998","26969.00000"
"TUR","Turquía","1999","26802.00000"
"TUR","Turquía","2000","26379.00000"
"TUR","Turquía","2001","26351.00000"
"TUR","Turquía","2002","26579.00000"
"TUR","Turquía","2003","26027.00000"
"TUR","Turquía","2004","26593.00000"
"TUR","Turquía","2005","26606.00000"
"TUR","Turquía","2006","25876.00000"
"TUR","Turquía","2007","24888.00000"
"TUR","Turquía","2008","24505.00000"
"TUR","Turquía","2009","24294.00000"
"TUR","Turquía","2010","24395.00000"
"TUR","Turquía","2011","23630.00000"
"TUR","Turquía","2012","23790.00000"
"TUR","Turquía","2013","23806.00000"
"TUR","Turquía","2014","23937.00000"
"TUR","Turquía","2015","23934.00000"
"TUR","Turquía","2016","23711.00000"
"TUR","Turquía","2017","23347.00000"
"TUR","Turquía","2018","23180.00000"
"TUR","Turquía","2019","23099.00000"
"TUR","Turquía","2020","23145.00000"
"TUR","Turquía","2021","23473.00000"
"TUR","Turquía","2022","23883.00000"
"TUR","Turquía","2023","23971.00000"
"TUR","Turquía","2024","24024.00000"
"TUV","Tuvalu","1961","2.00000"
"TUV","Tuvalu","1962","2.00000"
"TUV","Tuvalu","1963","2.00000"
"TUV","Tuvalu","1964","2.00000"
"TUV","Tuvalu","1965","2.00000"
"TUV","Tuvalu","1966","2.00000"
"TUV","Tuvalu","1967","2.00000"
"TUV","Tuvalu","1968","2.00000"
"TUV","Tuvalu","1969","2.00000"
"TUV","Tuvalu","1970","2.00000"
"TUV","Tuvalu","1971","2.00000"
"TUV","Tuvalu","1972","2.00000"
"TUV","Tuvalu","1973","2.00000"
"TUV","Tuvalu","1974","2.00000"
"TUV","Tuvalu","1975","2.00000"
"TUV","Tuvalu","1976","2.00000"
"TUV","Tuvalu","1977","2.00000"
"TUV","Tuvalu","1978","2.00000"
"TUV","Tuvalu","1979","2.00000"
"TUV","Tuvalu","1980","2.00000"
"TUV","Tuvalu","1981","2.00000"
"TUV","Tuvalu","1982","2.00000"
"TUV","Tuvalu","1983","2.00000"
"TUV","Tuvalu","1984","2.00000"
"TUV","Tuvalu","1985","2.00000"
"TUV","Tuvalu","1986","2.00000"
"TUV","Tuvalu","1987","2.00000"
"TUV","Tuvalu","1988","2.00000"
"TUV","Tuvalu","1989","2.00000"
"TUV","Tuvalu","1990","2.00000"
"TUV","Tuvalu","1991","2.00000"
"TUV","Tuvalu","1992","2.00000"
"TUV","Tuvalu","1993","2.00000"
"TUV","Tuvalu","1994","2.00000"
"TUV","Tuvalu","1995","2.00000"
"TUV","Tuvalu","1996","2.00000"
"TUV","Tuvalu","1997","2.00000"
"TUV","Tuvalu","1998","2.00000"
"TUV","Tuvalu","1999","2.00000"
"TUV","Tuvalu","2000","2.00000"
"TUV","Tuvalu","2001","1.70000"
"TUV","Tuvalu","2002","1.70000"
"TUV","Tuvalu","2003","1.70000"
"TUV","Tuvalu","2004","1.70000"
"TUV","Tuvalu","2005","1.70000"
"TUV","Tuvalu","2006","1.70000"
"TUV","Tuvalu","2007","1.80000"
"TUV","Tuvalu","2008","1.80000"
"TUV","Tuvalu","2009","1.80000"
"TUV","Tuvalu","2010","1.80000"
"TUV","Tuvalu","2011","1.80000"
"TUV","Tuvalu","2012","1.80000"
"TUV","Tuvalu","2013","1.80000"
"TUV","Tuvalu","2014","1.80000"
"TUV","Tuvalu","2015","1.80000"
"TUV","Tuvalu","2016","1.80000"
"TUV","Tuvalu","2017","1.80000"
"TUV","Tuvalu","2018","1.80000"
"TUV","Tuvalu","2019","1.80000"
"TUV","Tuvalu","2020","1.80000"
"TUV","Tuvalu","2021","1.80000"
"TUV","Tuvalu","2022","1.80000"
"TUV","Tuvalu","2023","2.60000"
"TUV","Tuvalu","2024","2.60000"
"TWN","Taiwán","1961","884.00000"
"TWN","Taiwán","1962","887.00000"
"TWN","Taiwán","1963","890.00000"
"TWN","Taiwán","1964","893.00000"
"TWN","Taiwán","1965","896.00000"
"TWN","Taiwán","1966","899.00000"
"TWN","Taiwán","1967","902.00000"
"TWN","Taiwán","1968","900.00000"
"TWN","Taiwán","1969","915.00000"
"TWN","Taiwán","1970","905.00000"
"TWN","Taiwán","1971","903.00000"
"TWN","Taiwán","1972","899.00000"
"TWN","Taiwán","1973","896.00000"
"TWN","Taiwán","1974","917.00000"
"TWN","Taiwán","1975","917.00000"
"TWN","Taiwán","1976","920.00000"
"TWN","Taiwán","1977","923.00000"
"TWN","Taiwán","1978","918.00000"
"TWN","Taiwán","1979","915.00000"
"TWN","Taiwán","1980","907.00000"
"TWN","Taiwán","1981","900.00000"
"TWN","Taiwán","1982","891.00000"
"TWN","Taiwán","1983","894.00000"
"TWN","Taiwán","1984","892.00000"
"TWN","Taiwán","1985","888.00000"
"TWN","Taiwán","1986","888.00000"
"TWN","Taiwán","1987","886.00000"
"TWN","Taiwán","1988","895.00000"
"TWN","Taiwán","1989","895.00000"
"TWN","Taiwán","1990","890.00000"
"TWN","Taiwán","1991","884.00000"
"TWN","Taiwán","1992","876.00000"
"TWN","Taiwán","1993","875.00000"
"TWN","Taiwán","1994","872.00000"
"TWN","Taiwán","1995","873.00000"
"TWN","Taiwán","1996","872.00000"
"TWN","Taiwán","1997","865.00000"
"TWN","Taiwán","1998","859.00000"
"TWN","Taiwán","1999","855.00000"
"TWN","Taiwán","2000","851.00000"
"TWN","Taiwán","2001","849.00000"
"TWN","Taiwán","2002","847.00000"
"TWN","Taiwán","2003","844.00000"
"TWN","Taiwán","2004","836.00000"
"TWN","Taiwán","2005","833.00000"
"TWN","Taiwán","2006","830.00000"
"TWN","Taiwán","2007","826.00000"
"TWN","Taiwán","2008","822.00000"
"TWN","Taiwán","2009","815.00000"
"TWN","Taiwán","2010","813.00000"
"TWN","Taiwán","2011","808.00000"
"TWN","Taiwán","2012","803.00000"
"TWN","Taiwán","2013","800.00000"
"TWN","Taiwán","2014","799.60000"
"TWN","Taiwán","2015","796.60000"
"TWN","Taiwán","2016","794.00000"
"TWN","Taiwán","2017","793.00000"
"TWN","Taiwán","2018","790.70000"
"TWN","Taiwán","2019","790.20000"
"TWN","Taiwán","2020","790.10000"
"TWN","Taiwán","2021","787.00000"
"TWN","Taiwán","2022","780.00000"
"TWN","Taiwán","2023","778.51600"
"TWN","Taiwán","2024","776.89900"
"TZA","Tanzanía","1961","6000.00000"
"TZA","Tanzanía","1962","6000.00000"
"TZA","Tanzanía","1963","7000.00000"
"TZA","Tanzanía","1964","7000.00000"
"TZA","Tanzanía","1965","7000.00000"
"TZA","Tanzanía","1966","7000.00000"
"TZA","Tanzanía","1967","7000.00000"
"TZA","Tanzanía","1968","7000.00000"
"TZA","Tanzanía","1969","7000.00000"
"TZA","Tanzanía","1970","8000.00000"
"TZA","Tanzanía","1971","8000.00000"
"TZA","Tanzanía","1972","8000.00000"
"TZA","Tanzanía","1973","8000.00000"
"TZA","Tanzanía","1974","8000.00000"
"TZA","Tanzanía","1975","8000.00000"
"TZA","Tanzanía","1976","8000.00000"
"TZA","Tanzanía","1977","8000.00000"
"TZA","Tanzanía","1978","9000.00000"
"TZA","Tanzanía","1979","9000.00000"
"TZA","Tanzanía","1980","9000.00000"
"TZA","Tanzanía","1981","9000.00000"
"TZA","Tanzanía","1982","9000.00000"
"TZA","Tanzanía","1983","9000.00000"
"TZA","Tanzanía","1984","9000.00000"
"TZA","Tanzanía","1985","10000.00000"
"TZA","Tanzanía","1986","10000.00000"
"TZA","Tanzanía","1987","10000.00000"
"TZA","Tanzanía","1988","10000.00000"
"TZA","Tanzanía","1989","10000.00000"
"TZA","Tanzanía","1990","10000.00000"
"TZA","Tanzanía","1991","10003.00000"
"TZA","Tanzanía","1992","10002.63000"
"TZA","Tanzanía","1993","10002.25000"
"TZA","Tanzanía","1994","10001.88000"
"TZA","Tanzanía","1995","10001.50000"
"TZA","Tanzanía","1996","10001.13000"
"TZA","Tanzanía","1997","10000.75000"
"TZA","Tanzanía","1998","10000.38000"
"TZA","Tanzanía","1999","10000.00000"
"TZA","Tanzanía","2000","10050.00000"
"TZA","Tanzanía","2001","10100.00000"
"TZA","Tanzanía","2002","10200.00000"
"TZA","Tanzanía","2003","10270.00000"
"TZA","Tanzanía","2004","10757.10000"
"TZA","Tanzanía","2005","11314.20000"
"TZA","Tanzanía","2006","11871.30000"
"TZA","Tanzanía","2007","12418.40000"
"TZA","Tanzanía","2008","12974.40000"
"TZA","Tanzanía","2009","13186.70000"
"TZA","Tanzanía","2010","13399.00000"
"TZA","Tanzanía","2011","13611.30000"
"TZA","Tanzanía","2012","13823.60000"
"TZA","Tanzanía","2013","14035.90000"
"TZA","Tanzanía","2014","14248.20000"
"TZA","Tanzanía","2015","14460.50000"
"TZA","Tanzanía","2016","14672.80000"
"TZA","Tanzanía","2017","14885.10000"
"TZA","Tanzanía","2018","15097.40000"
"TZA","Tanzanía","2019","15309.70000"
"TZA","Tanzanía","2020","15521.20000"
"TZA","Tanzanía","2021","15521.20000"
"TZA","Tanzanía","2022","15900.00000"
"TZA","Tanzanía","2023","15900.00000"
"TZA","Tanzanía","2024","15900.00000"
"UGA","Uganda","1961","4018.00000"
"UGA","Uganda","1962","4114.00000"
"UGA","Uganda","1963","4258.00000"
"UGA","Uganda","1964","4873.00000"
"UGA","Uganda","1965","4871.00000"
"UGA","Uganda","1966","4885.00000"
"UGA","Uganda","1967","4888.00000"
"UGA","Uganda","1968","4925.00000"
"UGA","Uganda","1969","4950.00000"
"UGA","Uganda","1970","4980.00000"
"UGA","Uganda","1971","5030.00000"
"UGA","Uganda","1972","5100.00000"
"UGA","Uganda","1973","5180.00000"
"UGA","Uganda","1974","5264.00000"
"UGA","Uganda","1975","5407.00000"
"UGA","Uganda","1976","5538.00000"
"UGA","Uganda","1977","5538.00000"
"UGA","Uganda","1978","5610.00000"
"UGA","Uganda","1979","5610.00000"
"UGA","Uganda","1980","5680.00000"
"UGA","Uganda","1981","5760.00000"
"UGA","Uganda","1982","5840.00000"
"UGA","Uganda","1983","6300.00000"
"UGA","Uganda","1984","6500.00000"
"UGA","Uganda","1985","6600.00000"
"UGA","Uganda","1986","6705.00000"
"UGA","Uganda","1987","6705.00000"
"UGA","Uganda","1988","6705.00000"
"UGA","Uganda","1989","6750.00000"
"UGA","Uganda","1990","6850.00000"
"UGA","Uganda","1991","6920.00000"
"UGA","Uganda","1992","6940.00000"
"UGA","Uganda","1993","6970.00000"
"UGA","Uganda","1994","6990.00000"
"UGA","Uganda","1995","7010.00000"
"UGA","Uganda","1996","7060.00000"
"UGA","Uganda","1997","7060.00000"
"UGA","Uganda","1998","7130.00000"
"UGA","Uganda","1999","7150.00000"
"UGA","Uganda","2000","7400.00000"
"UGA","Uganda","2001","7710.80000"
"UGA","Uganda","2002","8021.60000"
"UGA","Uganda","2003","8332.40000"
"UGA","Uganda","2004","8643.20000"
"UGA","Uganda","2005","8954.00000"
"UGA","Uganda","2006","9144.60000"
"UGA","Uganda","2007","9335.20000"
"UGA","Uganda","2008","9525.80000"
"UGA","Uganda","2009","9716.40000"
"UGA","Uganda","2010","9907.00000"
"UGA","Uganda","2011","10032.00000"
"UGA","Uganda","2012","10157.00000"
"UGA","Uganda","2013","10282.00000"
"UGA","Uganda","2014","10407.00000"
"UGA","Uganda","2015","10532.00000"
"UGA","Uganda","2016","10599.00000"
"UGA","Uganda","2017","10666.00000"
"UGA","Uganda","2018","10719.50000"
"UGA","Uganda","2019","10773.00000"
"UGA","Uganda","2020","11136.00000"
"UGA","Uganda","2021","11499.00000"
"UGA","Uganda","2022","11499.00000"
"UGA","Uganda","2023","11499.00000"
"UGA","Uganda","2024","11499.00000"
"UKR","Ucrania","1992","34456.00000"
"UKR","Ucrania","1993","34417.00000"
"UKR","Ucrania","1994","34357.00000"
"UKR","Ucrania","1995","34329.00000"
"UKR","Ucrania","1996","34211.00000"
"UKR","Ucrania","1997","34081.00000"
"UKR","Ucrania","1998","33821.00000"
"UKR","Ucrania","1999","33615.00000"
"UKR","Ucrania","2000","33496.00000"
"UKR","Ucrania","2001","33461.00000"
"UKR","Ucrania","2002","33457.00000"
"UKR","Ucrania","2003","33387.00000"
"UKR","Ucrania","2004","33386.00000"
"UKR","Ucrania","2005","33353.00000"
"UKR","Ucrania","2006","33345.00000"
"UKR","Ucrania","2007","33333.00000"
"UKR","Ucrania","2008","33374.00000"
"UKR","Ucrania","2009","33376.00000"
"UKR","Ucrania","2010","33374.00000"
"UKR","Ucrania","2011","33395.00000"
"UKR","Ucrania","2012","33412.00000"
"UKR","Ucrania","2013","33671.00000"
"UKR","Ucrania","2014","33663.00000"
"UKR","Ucrania","2015","33667.00000"
"UKR","Ucrania","2016","33673.00000"
"UKR","Ucrania","2017","33668.00000"
"UKR","Ucrania","2018","33752.00000"
"UKR","Ucrania","2019","33777.00000"
"UKR","Ucrania","2020","33777.00000"
"UKR","Ucrania","2021","33777.00000"
"UKR","Ucrania","2022","33777.00000"
"UKR","Ucrania","2023","33777.00000"
"UKR","Ucrania","2024","33777.00000"
"URY","Uruguay","1961","2507.00000"
"URY","Uruguay","1962","2449.00000"
"URY","Uruguay","1963","2391.00000"
"URY","Uruguay","1964","2334.00000"
"URY","Uruguay","1965","2276.00000"
"URY","Uruguay","1966","2218.00000"
"URY","Uruguay","1967","2145.00000"
"URY","Uruguay","1968","2072.00000"
"URY","Uruguay","1969","1998.00000"
"URY","Uruguay","1970","1852.00000"
"URY","Uruguay","1971","1812.00000"
"URY","Uruguay","1972","1771.00000"
"URY","Uruguay","1973","1731.00000"
"URY","Uruguay","1974","1691.00000"
"URY","Uruguay","1975","1651.00000"
"URY","Uruguay","1976","1610.00000"
"URY","Uruguay","1977","1570.00000"
"URY","Uruguay","1978","1530.00000"
"URY","Uruguay","1979","1489.00000"
"URY","Uruguay","1980","1449.00000"
"URY","Uruguay","1981","1433.00000"
"URY","Uruguay","1982","1416.00000"
"URY","Uruguay","1983","1400.00000"
"URY","Uruguay","1984","1384.00000"
"URY","Uruguay","1985","1368.00000"
"URY","Uruguay","1986","1351.00000"
"URY","Uruguay","1987","1335.00000"
"URY","Uruguay","1988","1319.00000"
"URY","Uruguay","1989","1302.00000"
"URY","Uruguay","1990","1286.00000"
"URY","Uruguay","1991","1299.00000"
"URY","Uruguay","1992","1312.00000"
"URY","Uruguay","1993","1325.00000"
"URY","Uruguay","1994","1338.00000"
"URY","Uruguay","1995","1351.00000"
"URY","Uruguay","1996","1363.00000"
"URY","Uruguay","1997","1376.00000"
"URY","Uruguay","1998","1389.00000"
"URY","Uruguay","1999","1402.00000"
"URY","Uruguay","2000","1415.00000"
"URY","Uruguay","2001","1417.00000"
"URY","Uruguay","2002","1418.36000"
"URY","Uruguay","2003","1419.19000"
"URY","Uruguay","2004","1419.57000"
"URY","Uruguay","2005","1419.59000"
"URY","Uruguay","2006","1427.00000"
"URY","Uruguay","2007","1509.00000"
"URY","Uruguay","2008","1859.00000"
"URY","Uruguay","2009","2226.00000"
"URY","Uruguay","2010","2071.00000"
"URY","Uruguay","2011","2391.00000"
"URY","Uruguay","2012","2199.00000"
"URY","Uruguay","2013","2346.70000"
"URY","Uruguay","2014","2475.10000"
"URY","Uruguay","2015","2467.60000"
"URY","Uruguay","2016","2265.30000"
"URY","Uruguay","2017","2222.90000"
"URY","Uruguay","2018","2190.80000"
"URY","Uruguay","2019","2120.67000"
"URY","Uruguay","2020","2050.13000"
"URY","Uruguay","2021","2050.10000"
"URY","Uruguay","2022","2127.96000"
"URY","Uruguay","2023","2340.23000"
"URY","Uruguay","2024","2208.09000"
"USA","Estados Unidos","1961","182509.00000"
"USA","Estados Unidos","1962","178991.00000"
"USA","Estados Unidos","1963","181443.00000"
"USA","Estados Unidos","1964","179839.00000"
"USA","Estados Unidos","1965","178873.00000"
"USA","Estados Unidos","1966","177550.00000"
"USA","Estados Unidos","1967","176307.00000"
"USA","Estados Unidos","1968","182795.00000"
"USA","Estados Unidos","1969","191014.00000"
"USA","Estados Unidos","1970","190500.00000"
"USA","Estados Unidos","1971","189900.00000"
"USA","Estados Unidos","1972","189300.00000"
"USA","Estados Unidos","1973","188800.00000"
"USA","Estados Unidos","1974","188218.00000"
"USA","Estados Unidos","1975","188218.00000"
"USA","Estados Unidos","1976","188218.00000"
"USA","Estados Unidos","1977","188293.00000"
"USA","Estados Unidos","1978","190624.00000"
"USA","Estados Unidos","1979","190624.00000"
"USA","Estados Unidos","1980","190624.00000"
"USA","Estados Unidos","1981","190624.00000"
"USA","Estados Unidos","1982","189799.00000"
"USA","Estados Unidos","1983","189799.00000"
"USA","Estados Unidos","1984","189799.00000"
"USA","Estados Unidos","1985","189799.00000"
"USA","Estados Unidos","1986","189799.00000"
"USA","Estados Unidos","1987","187776.00000"
"USA","Estados Unidos","1988","187776.00000"
"USA","Estados Unidos","1989","187776.00000"
"USA","Estados Unidos","1990","187776.00000"
"USA","Estados Unidos","1991","187776.00000"
"USA","Estados Unidos","1992","186180.00000"
"USA","Estados Unidos","1993","184948.00000"
"USA","Estados Unidos","1994","184139.00000"
"USA","Estados Unidos","1995","184139.00000"
"USA","Estados Unidos","1996","181306.00000"
"USA","Estados Unidos","1997","180092.00000"
"USA","Estados Unidos","1998","179282.00000"
"USA","Estados Unidos","1999","178068.00000"
"USA","Estados Unidos","2000","178068.00000"
"USA","Estados Unidos","2001","178100.00000"
"USA","Estados Unidos","2002","175707.00000"
"USA","Estados Unidos","2003","173461.60000"
"USA","Estados Unidos","2004","171216.20000"
"USA","Estados Unidos","2005","168970.80000"
"USA","Estados Unidos","2006","166725.40000"
"USA","Estados Unidos","2007","164480.00000"
"USA","Estados Unidos","2008","163125.54000"
"USA","Estados Unidos","2009","161771.08000"
"USA","Estados Unidos","2010","160416.63000"
"USA","Estados Unidos","2011","159062.17000"
"USA","Estados Unidos","2012","157707.71050"
"USA","Estados Unidos","2013","158253.53000"
"USA","Estados Unidos","2014","158799.35000"
"USA","Estados Unidos","2015","159345.16000"
"USA","Estados Unidos","2016","159890.98000"
"USA","Estados Unidos","2017","160436.80000"
"USA","Estados Unidos","2018","159296.27000"
"USA","Estados Unidos","2019","158155.73000"
"USA","Estados Unidos","2020","157015.20000"
"USA","Estados Unidos","2021","155874.66000"
"USA","Estados Unidos","2022","154734.12510"
"USA","Estados Unidos","2023","154734.13000"
"USA","Estados Unidos","2024","154734.13000"
"UZB","Uzbekistán","1992","4854.00000"
"UZB","Uzbekistán","1993","4847.30000"
"UZB","Uzbekistán","1994","4840.60000"
"UZB","Uzbekistán","1995","4843.90000"
"UZB","Uzbekistán","1996","4841.49000"
"UZB","Uzbekistán","1997","4839.07000"
"UZB","Uzbekistán","1998","4836.66000"
"UZB","Uzbekistán","1999","4834.24000"
"UZB","Uzbekistán","2000","4831.83000"
"UZB","Uzbekistán","2001","4829.41000"
"UZB","Uzbekistán","2002","4827.00000"
"UZB","Uzbekistán","2003","4790.27000"
"UZB","Uzbekistán","2004","4753.55000"
"UZB","Uzbekistán","2005","4716.82000"
"UZB","Uzbekistán","2006","4680.09000"
"UZB","Uzbekistán","2007","4643.36000"
"UZB","Uzbekistán","2008","4606.64000"
"UZB","Uzbekistán","2009","4569.91000"
"UZB","Uzbekistán","2010","4533.18000"
"UZB","Uzbekistán","2011","4496.45000"
"UZB","Uzbekistán","2012","4459.73000"
"UZB","Uzbekistán","2013","4423.00000"
"UZB","Uzbekistán","2014","4416.00000"
"UZB","Uzbekistán","2015","4422.00000"
"UZB","Uzbekistán","2016","4421.30000"
"UZB","Uzbekistán","2017","4418.00000"
"UZB","Uzbekistán","2018","4417.80000"
"UZB","Uzbekistán","2019","4437.30000"
"UZB","Uzbekistán","2020","4438.20000"
"UZB","Uzbekistán","2021","4437.50000"
"UZB","Uzbekistán","2022","4336.10000"
"UZB","Uzbekistán","2023","4468.00000"
"UZB","Uzbekistán","2024","4385.10000"
"VCT","San Vicente y las Granadinas","1961","9.00000"
"VCT","San Vicente y las Granadinas","1962","9.00000"
"VCT","San Vicente y las Granadinas","1963","10.00000"
"VCT","San Vicente y las Granadinas","1964","10.00000"
"VCT","San Vicente y las Granadinas","1965","10.00000"
"VCT","San Vicente y las Granadinas","1966","10.00000"
"VCT","San Vicente y las Granadinas","1967","10.00000"
"VCT","San Vicente y las Granadinas","1968","10.00000"
"VCT","San Vicente y las Granadinas","1969","10.00000"
"VCT","San Vicente y las Granadinas","1970","10.00000"
"VCT","San Vicente y las Granadinas","1971","10.00000"
"VCT","San Vicente y las Granadinas","1972","10.00000"
"VCT","San Vicente y las Granadinas","1973","9.00000"
"VCT","San Vicente y las Granadinas","1974","9.00000"
"VCT","San Vicente y las Granadinas","1975","9.00000"
"VCT","San Vicente y las Granadinas","1976","9.00000"
"VCT","San Vicente y las Granadinas","1977","9.00000"
"VCT","San Vicente y las Granadinas","1978","9.00000"
"VCT","San Vicente y las Granadinas","1979","10.00000"
"VCT","San Vicente y las Granadinas","1980","10.00000"
"VCT","San Vicente y las Granadinas","1981","10.00000"
"VCT","San Vicente y las Granadinas","1982","9.00000"
"VCT","San Vicente y las Granadinas","1983","10.00000"
"VCT","San Vicente y las Granadinas","1984","10.00000"
"VCT","San Vicente y las Granadinas","1985","10.00000"
"VCT","San Vicente y las Granadinas","1986","11.00000"
"VCT","San Vicente y las Granadinas","1987","10.12000"
"VCT","San Vicente y las Granadinas","1988","9.73000"
"VCT","San Vicente y las Granadinas","1989","9.33000"
"VCT","San Vicente y las Granadinas","1990","8.94000"
"VCT","San Vicente y las Granadinas","1991","8.54000"
"VCT","San Vicente y las Granadinas","1992","8.15000"
"VCT","San Vicente y las Granadinas","1993","7.75000"
"VCT","San Vicente y las Granadinas","1994","7.35000"
"VCT","San Vicente y las Granadinas","1995","6.96000"
"VCT","San Vicente y las Granadinas","1996","6.56000"
"VCT","San Vicente y las Granadinas","1997","6.17000"
"VCT","San Vicente y las Granadinas","1998","5.77000"
"VCT","San Vicente y las Granadinas","1999","5.38000"
"VCT","San Vicente y las Granadinas","2000","5.00000"
"VCT","San Vicente y las Granadinas","2001","5.00000"
"VCT","San Vicente y las Granadinas","2002","5.00000"
"VCT","San Vicente y las Granadinas","2003","5.00000"
"VCT","San Vicente y las Granadinas","2004","5.00000"
"VCT","San Vicente y las Granadinas","2005","5.00000"
"VCT","San Vicente y las Granadinas","2006","5.00000"
"VCT","San Vicente y las Granadinas","2007","5.00000"
"VCT","San Vicente y las Granadinas","2008","5.00000"
"VCT","San Vicente y las Granadinas","2009","5.00000"
"VCT","San Vicente y las Granadinas","2010","5.00000"
"VCT","San Vicente y las Granadinas","2011","5.00000"
"VCT","San Vicente y las Granadinas","2012","5.00000"
"VCT","San Vicente y las Granadinas","2013","5.00000"
"VCT","San Vicente y las Granadinas","2014","5.00000"
"VCT","San Vicente y las Granadinas","2015","5.00000"
"VCT","San Vicente y las Granadinas","2016","5.00000"
"VCT","San Vicente y las Granadinas","2017","5.00000"
"VCT","San Vicente y las Granadinas","2018","5.00000"
"VCT","San Vicente y las Granadinas","2019","5.00000"
"VCT","San Vicente y las Granadinas","2020","5.00000"
"VCT","San Vicente y las Granadinas","2021","5.00000"
"VCT","San Vicente y las Granadinas","2022","5.00000"
"VCT","San Vicente y las Granadinas","2023","5.00000"
"VCT","San Vicente y las Granadinas","2024","5.00000"
"VEN","Venezuela","1961","3482.00000"
"VEN","Venezuela","1962","3482.00000"
"VEN","Venezuela","1963","3482.00000"
"VEN","Venezuela","1964","3484.00000"
"VEN","Venezuela","1965","3484.00000"
"VEN","Venezuela","1966","3484.00000"
"VEN","Venezuela","1967","3496.00000"
"VEN","Venezuela","1968","3498.00000"
"VEN","Venezuela","1969","3500.00000"
"VEN","Venezuela","1970","3503.00000"
"VEN","Venezuela","1971","3506.00000"
"VEN","Venezuela","1972","3465.00000"
"VEN","Venezuela","1973","3490.00000"
"VEN","Venezuela","1974","3510.00000"
"VEN","Venezuela","1975","3530.00000"
"VEN","Venezuela","1976","3550.00000"
"VEN","Venezuela","1977","3620.00000"
"VEN","Venezuela","1978","3640.00000"
"VEN","Venezuela","1979","3650.00000"
"VEN","Venezuela","1980","3670.00000"
"VEN","Venezuela","1981","3540.00000"
"VEN","Venezuela","1982","3560.00000"
"VEN","Venezuela","1983","3480.00000"
"VEN","Venezuela","1984","3490.00000"
"VEN","Venezuela","1985","3690.00000"
"VEN","Venezuela","1986","3850.00000"
"VEN","Venezuela","1987","3860.00000"
"VEN","Venezuela","1988","3860.00000"
"VEN","Venezuela","1989","3610.00000"
"VEN","Venezuela","1990","3610.00000"
"VEN","Venezuela","1991","3612.00000"
"VEN","Venezuela","1992","3362.00000"
"VEN","Venezuela","1993","3362.00000"
"VEN","Venezuela","1994","3366.00000"
"VEN","Venezuela","1995","3376.00000"
"VEN","Venezuela","1996","3386.00000"
"VEN","Venezuela","1997","3396.00000"
"VEN","Venezuela","1998","3396.00000"
"VEN","Venezuela","1999","3393.00000"
"VEN","Venezuela","2000","3395.00000"
"VEN","Venezuela","2001","3398.00000"
"VEN","Venezuela","2002","3398.00000"
"VEN","Venezuela","2003","3300.00000"
"VEN","Venezuela","2004","3350.00000"
"VEN","Venezuela","2005","3355.00000"
"VEN","Venezuela","2006","3355.00000"
"VEN","Venezuela","2007","3359.00000"
"VEN","Venezuela","2008","3400.00000"
"VEN","Venezuela","2009","3300.00000"
"VEN","Venezuela","2010","3300.00000"
"VEN","Venezuela","2011","3300.00000"
"VEN","Venezuela","2012","3300.00000"
"VEN","Venezuela","2013","3300.00000"
"VEN","Venezuela","2014","3300.00000"
"VEN","Venezuela","2015","3300.00000"
"VEN","Venezuela","2016","3300.00000"
"VEN","Venezuela","2017","3300.00000"
"VEN","Venezuela","2018","3300.00000"
"VEN","Venezuela","2019","3300.00000"
"VEN","Venezuela","2020","3300.00000"
"VEN","Venezuela","2021","3300.00000"
"VEN","Venezuela","2022","3300.00000"
"VEN","Venezuela","2023","3300.00000"
"VEN","Venezuela","2024","3300.00000"
"VGB","Islas Vírgenes Británicas","1961","2.00000"
"VGB","Islas Vírgenes Británicas","1962","2.00000"
"VGB","Islas Vírgenes Británicas","1963","2.00000"
"VGB","Islas Vírgenes Británicas","1964","2.00000"
"VGB","Islas Vírgenes Británicas","1965","2.00000"
"VGB","Islas Vírgenes Británicas","1966","3.00000"
"VGB","Islas Vírgenes Británicas","1967","3.00000"
"VGB","Islas Vírgenes Británicas","1968","3.00000"
"VGB","Islas Vírgenes Británicas","1969","3.00000"
"VGB","Islas Vírgenes Británicas","1970","3.00000"
"VGB","Islas Vírgenes Británicas","1971","3.00000"
"VGB","Islas Vírgenes Británicas","1972","3.00000"
"VGB","Islas Vírgenes Británicas","1973","3.00000"
"VGB","Islas Vírgenes Británicas","1974","3.00000"
"VGB","Islas Vírgenes Británicas","1975","3.00000"
"VGB","Islas Vírgenes Británicas","1976","3.00000"
"VGB","Islas Vírgenes Británicas","1977","3.00000"
"VGB","Islas Vírgenes Británicas","1978","3.00000"
"VGB","Islas Vírgenes Británicas","1979","3.00000"
"VGB","Islas Vírgenes Británicas","1980","3.00000"
"VGB","Islas Vírgenes Británicas","1981","3.00000"
"VGB","Islas Vírgenes Británicas","1982","4.00000"
"VGB","Islas Vírgenes Británicas","1983","4.00000"
"VGB","Islas Vírgenes Británicas","1984","4.00000"
"VGB","Islas Vírgenes Británicas","1985","4.00000"
"VGB","Islas Vírgenes Británicas","1986","4.00000"
"VGB","Islas Vírgenes Británicas","1987","4.00000"
"VGB","Islas Vírgenes Británicas","1988","4.00000"
"VGB","Islas Vírgenes Británicas","1989","4.00000"
"VGB","Islas Vírgenes Británicas","1990","3.00000"
"VGB","Islas Vírgenes Británicas","1991","3.00000"
"VGB","Islas Vírgenes Británicas","1992","3.00000"
"VGB","Islas Vírgenes Británicas","1993","3.00000"
"VGB","Islas Vírgenes Británicas","1994","3.00000"
"VGB","Islas Vírgenes Británicas","1995","3.00000"
"VGB","Islas Vírgenes Británicas","1996","3.00000"
"VGB","Islas Vírgenes Británicas","1997","3.00000"
"VGB","Islas Vírgenes Británicas","1998","3.00000"
"VGB","Islas Vírgenes Británicas","1999","3.00000"
"VGB","Islas Vírgenes Británicas","2000","3.00000"
"VGB","Islas Vírgenes Británicas","2001","3.00000"
"VGB","Islas Vírgenes Británicas","2002","3.00000"
"VGB","Islas Vírgenes Británicas","2003","3.00000"
"VGB","Islas Vírgenes Británicas","2004","3.00000"
"VGB","Islas Vírgenes Británicas","2005","3.00000"
"VGB","Islas Vírgenes Británicas","2006","3.00000"
"VGB","Islas Vírgenes Británicas","2007","3.00000"
"VGB","Islas Vírgenes Británicas","2008","3.00000"
"VGB","Islas Vírgenes Británicas","2009","3.00000"
"VGB","Islas Vírgenes Británicas","2010","3.00000"
"VGB","Islas Vírgenes Británicas","2011","3.00000"
"VGB","Islas Vírgenes Británicas","2012","3.00000"
"VGB","Islas Vírgenes Británicas","2013","3.00000"
"VGB","Islas Vírgenes Británicas","2014","3.00000"
"VGB","Islas Vírgenes Británicas","2015","3.00000"
"VGB","Islas Vírgenes Británicas","2016","3.00000"
"VGB","Islas Vírgenes Británicas","2017","3.00000"
"VGB","Islas Vírgenes Británicas","2018","3.00000"
"VGB","Islas Vírgenes Británicas","2019","3.00000"
"VGB","Islas Vírgenes Británicas","2020","3.00000"
"VGB","Islas Vírgenes Británicas","2021","3.00000"
"VGB","Islas Vírgenes Británicas","2022","3.00000"
"VGB","Islas Vírgenes Británicas","2023","3.00000"
"VGB","Islas Vírgenes Británicas","2024","3.00000"
"VIR","Islas Vírgenes de EEUU","1961","5.00000"
"VIR","Islas Vírgenes de EEUU","1962","5.00000"
"VIR","Islas Vírgenes de EEUU","1963","7.00000"
"VIR","Islas Vírgenes de EEUU","1964","7.00000"
"VIR","Islas Vírgenes de EEUU","1965","7.00000"
"VIR","Islas Vírgenes de EEUU","1966","7.00000"
"VIR","Islas Vírgenes de EEUU","1967","6.00000"
"VIR","Islas Vírgenes de EEUU","1968","6.00000"
"VIR","Islas Vírgenes de EEUU","1969","6.00000"
"VIR","Islas Vírgenes de EEUU","1970","6.00000"
"VIR","Islas Vírgenes de EEUU","1971","6.00000"
"VIR","Islas Vírgenes de EEUU","1972","6.00000"
"VIR","Islas Vírgenes de EEUU","1973","6.00000"
"VIR","Islas Vírgenes de EEUU","1974","6.00000"
"VIR","Islas Vírgenes de EEUU","1975","6.00000"
"VIR","Islas Vírgenes de EEUU","1976","6.00000"
"VIR","Islas Vírgenes de EEUU","1977","6.00000"
"VIR","Islas Vírgenes de EEUU","1978","6.00000"
"VIR","Islas Vírgenes de EEUU","1979","6.00000"
"VIR","Islas Vírgenes de EEUU","1980","7.00000"
"VIR","Islas Vírgenes de EEUU","1981","7.00000"
"VIR","Islas Vírgenes de EEUU","1982","6.00000"
"VIR","Islas Vírgenes de EEUU","1983","6.00000"
"VIR","Islas Vírgenes de EEUU","1984","6.00000"
"VIR","Islas Vírgenes de EEUU","1985","5.00000"
"VIR","Islas Vírgenes de EEUU","1986","5.00000"
"VIR","Islas Vírgenes de EEUU","1987","5.00000"
"VIR","Islas Vírgenes de EEUU","1988","5.00000"
"VIR","Islas Vírgenes de EEUU","1989","5.00000"
"VIR","Islas Vírgenes de EEUU","1990","5.00000"
"VIR","Islas Vírgenes de EEUU","1991","5.00000"
"VIR","Islas Vírgenes de EEUU","1992","5.00000"
"VIR","Islas Vírgenes de EEUU","1993","5.00000"
"VIR","Islas Vírgenes de EEUU","1994","4.00000"
"VIR","Islas Vírgenes de EEUU","1995","4.00000"
"VIR","Islas Vírgenes de EEUU","1996","4.00000"
"VIR","Islas Vírgenes de EEUU","1997","4.00000"
"VIR","Islas Vírgenes de EEUU","1998","4.00000"
"VIR","Islas Vírgenes de EEUU","1999","3.00000"
"VIR","Islas Vírgenes de EEUU","2000","3.00000"
"VIR","Islas Vírgenes de EEUU","2001","3.00000"
"VIR","Islas Vírgenes de EEUU","2002","3.00000"
"VIR","Islas Vírgenes de EEUU","2003","3.00000"
"VIR","Islas Vírgenes de EEUU","2004","3.00000"
"VIR","Islas Vírgenes de EEUU","2005","3.00000"
"VIR","Islas Vírgenes de EEUU","2006","2.00000"
"VIR","Islas Vírgenes de EEUU","2007","2.00000"
"VIR","Islas Vírgenes de EEUU","2008","2.00000"
"VIR","Islas Vírgenes de EEUU","2009","2.00000"
"VIR","Islas Vírgenes de EEUU","2010","2.00000"
"VIR","Islas Vírgenes de EEUU","2011","2.00000"
"VIR","Islas Vírgenes de EEUU","2012","2.00000"
"VIR","Islas Vírgenes de EEUU","2013","2.00000"
"VIR","Islas Vírgenes de EEUU","2014","2.00000"
"VIR","Islas Vírgenes de EEUU","2015","2.00000"
"VIR","Islas Vírgenes de EEUU","2016","2.00000"
"VIR","Islas Vírgenes de EEUU","2017","2.00000"
"VIR","Islas Vírgenes de EEUU","2018","1.10000"
"VIR","Islas Vírgenes de EEUU","2019","1.07000"
"VIR","Islas Vírgenes de EEUU","2020","1.04000"
"VIR","Islas Vírgenes de EEUU","2021","1.01000"
"VIR","Islas Vírgenes de EEUU","2022","0.98000"
"VIR","Islas Vírgenes de EEUU","2023","0.95200"
"VIR","Islas Vírgenes de EEUU","2024","0.95000"
"VNM","Vietnam","1961","6020.00000"
"VNM","Vietnam","1962","6025.00000"
"VNM","Vietnam","1963","6030.00000"
"VNM","Vietnam","1964","6035.00000"
"VNM","Vietnam","1965","6040.00000"
"VNM","Vietnam","1966","6045.00000"
"VNM","Vietnam","1967","6070.00000"
"VNM","Vietnam","1968","6095.00000"
"VNM","Vietnam","1969","6110.00000"
"VNM","Vietnam","1970","6145.00000"
"VNM","Vietnam","1971","6150.00000"
"VNM","Vietnam","1972","6175.00000"
"VNM","Vietnam","1973","6210.00000"
"VNM","Vietnam","1974","6235.00000"
"VNM","Vietnam","1975","6240.00000"
"VNM","Vietnam","1976","6450.00000"
"VNM","Vietnam","1977","6540.00000"
"VNM","Vietnam","1978","6564.00000"
"VNM","Vietnam","1979","6570.00000"
"VNM","Vietnam","1980","6570.00000"
"VNM","Vietnam","1981","6580.00000"
"VNM","Vietnam","1982","6580.00000"
"VNM","Vietnam","1983","6590.00000"
"VNM","Vietnam","1984","6590.00000"
"VNM","Vietnam","1985","6421.00000"
"VNM","Vietnam","1986","6400.00000"
"VNM","Vietnam","1987","6387.00000"
"VNM","Vietnam","1988","6380.00000"
"VNM","Vietnam","1989","6380.00000"
"VNM","Vietnam","1990","6384.00000"
"VNM","Vietnam","1991","6425.00000"
"VNM","Vietnam","1992","6697.00000"
"VNM","Vietnam","1993","6759.00000"
"VNM","Vietnam","1994","6812.00000"
"VNM","Vietnam","1995","6751.00000"
"VNM","Vietnam","1996","7004.00000"
"VNM","Vietnam","1997","7202.00000"
"VNM","Vietnam","1998","7413.00000"
"VNM","Vietnam","1999","7829.33000"
"VNM","Vietnam","2000","8291.67000"
"VNM","Vietnam","2001","8841.00000"
"VNM","Vietnam","2002","8813.00000"
"VNM","Vietnam","2003","8895.00000"
"VNM","Vietnam","2004","9153.55000"
"VNM","Vietnam","2005","9412.10000"
"VNM","Vietnam","2006","9436.00000"
"VNM","Vietnam","2007","9420.60000"
"VNM","Vietnam","2008","9598.80000"
"VNM","Vietnam","2009","9858.45000"
"VNM","Vietnam","2010","10118.10000"
"VNM","Vietnam","2011","10126.60000"
"VNM","Vietnam","2012","10151.30000"
"VNM","Vietnam","2013","10210.80000"
"VNM","Vietnam","2014","10231.70000"
"VNM","Vietnam","2015","11505.80000"
"VNM","Vietnam","2016","11530.20000"
"VNM","Vietnam","2017","11526.80000"
"VNM","Vietnam","2018","11498.50000"
"VNM","Vietnam","2019","11746.00000"
"VNM","Vietnam","2020","11718.00000"
"VNM","Vietnam","2021","11695.50000"
"VNM","Vietnam","2022","11673.00000"
"VNM","Vietnam","2023","11649.03600"
"VNM","Vietnam","2024","11649.03600"
"VUT","Vanuatu","1961","80.00000"
"VUT","Vanuatu","1962","80.00000"
"VUT","Vanuatu","1963","80.00000"
"VUT","Vanuatu","1964","80.00000"
"VUT","Vanuatu","1965","88.00000"
"VUT","Vanuatu","1966","88.00000"
"VUT","Vanuatu","1967","88.00000"
"VUT","Vanuatu","1968","88.00000"
"VUT","Vanuatu","1969","88.00000"
"VUT","Vanuatu","1970","95.00000"
"VUT","Vanuatu","1971","95.00000"
"VUT","Vanuatu","1972","95.00000"
"VUT","Vanuatu","1973","95.00000"
"VUT","Vanuatu","1974","95.00000"
"VUT","Vanuatu","1975","101.00000"
"VUT","Vanuatu","1976","101.00000"
"VUT","Vanuatu","1977","102.00000"
"VUT","Vanuatu","1978","102.00000"
"VUT","Vanuatu","1979","103.00000"
"VUT","Vanuatu","1980","103.00000"
"VUT","Vanuatu","1981","104.00000"
"VUT","Vanuatu","1982","104.00000"
"VUT","Vanuatu","1983","105.00000"
"VUT","Vanuatu","1984","105.00000"
"VUT","Vanuatu","1985","107.00000"
"VUT","Vanuatu","1986","109.00000"
"VUT","Vanuatu","1987","111.00000"
"VUT","Vanuatu","1988","113.00000"
"VUT","Vanuatu","1989","115.00000"
"VUT","Vanuatu","1990","115.00000"
"VUT","Vanuatu","1991","115.00000"
"VUT","Vanuatu","1992","115.00000"
"VUT","Vanuatu","1993","115.00000"
"VUT","Vanuatu","1994","115.00000"
"VUT","Vanuatu","1995","115.00000"
"VUT","Vanuatu","1996","115.00000"
"VUT","Vanuatu","1997","115.00000"
"VUT","Vanuatu","1998","115.00000"
"VUT","Vanuatu","1999","115.00000"
"VUT","Vanuatu","2000","115.00000"
"VUT","Vanuatu","2001","115.00000"
"VUT","Vanuatu","2002","115.00000"
"VUT","Vanuatu","2003","115.00000"
"VUT","Vanuatu","2004","115.00000"
"VUT","Vanuatu","2005","119.68000"
"VUT","Vanuatu","2006","119.68000"
"VUT","Vanuatu","2007","119.68000"
"VUT","Vanuatu","2008","119.68000"
"VUT","Vanuatu","2009","119.68000"
"VUT","Vanuatu","2010","119.68000"
"VUT","Vanuatu","2011","119.68000"
"VUT","Vanuatu","2012","119.68000"
"VUT","Vanuatu","2013","119.68000"
"VUT","Vanuatu","2014","119.68000"
"VUT","Vanuatu","2015","119.68000"
"VUT","Vanuatu","2016","119.68000"
"VUT","Vanuatu","2017","119.68000"
"VUT","Vanuatu","2018","119.68000"
"VUT","Vanuatu","2019","119.68000"
"VUT","Vanuatu","2020","119.68000"
"VUT","Vanuatu","2021","119.68000"
"VUT","Vanuatu","2022","119.68000"
"VUT","Vanuatu","2023","119.68000"
"VUT","Vanuatu","2024","119.68000"
"WLF","Wallis y Futuna","1961","4.00000"
"WLF","Wallis y Futuna","1962","4.00000"
"WLF","Wallis y Futuna","1963","4.00000"
"WLF","Wallis y Futuna","1964","4.00000"
"WLF","Wallis y Futuna","1965","4.00000"
"WLF","Wallis y Futuna","1966","4.00000"
"WLF","Wallis y Futuna","1967","4.00000"
"WLF","Wallis y Futuna","1968","4.00000"
"WLF","Wallis y Futuna","1969","4.00000"
"WLF","Wallis y Futuna","1970","4.00000"
"WLF","Wallis y Futuna","1971","4.00000"
"WLF","Wallis y Futuna","1972","4.00000"
"WLF","Wallis y Futuna","1973","5.00000"
"WLF","Wallis y Futuna","1974","5.00000"
"WLF","Wallis y Futuna","1975","5.00000"
"WLF","Wallis y Futuna","1976","5.00000"
"WLF","Wallis y Futuna","1977","5.00000"
"WLF","Wallis y Futuna","1978","5.00000"
"WLF","Wallis y Futuna","1979","5.00000"
"WLF","Wallis y Futuna","1980","5.00000"
"WLF","Wallis y Futuna","1981","5.00000"
"WLF","Wallis y Futuna","1982","5.00000"
"WLF","Wallis y Futuna","1983","5.00000"
"WLF","Wallis y Futuna","1984","5.00000"
"WLF","Wallis y Futuna","1985","5.00000"
"WLF","Wallis y Futuna","1986","4.00000"
"WLF","Wallis y Futuna","1987","4.00000"
"WLF","Wallis y Futuna","1988","4.00000"
"WLF","Wallis y Futuna","1989","4.00000"
"WLF","Wallis y Futuna","1990","4.00000"
"WLF","Wallis y Futuna","1991","3.50000"
"WLF","Wallis y Futuna","1992","3.50000"
"WLF","Wallis y Futuna","1993","3.50000"
"WLF","Wallis y Futuna","1994","3.50000"
"WLF","Wallis y Futuna","1995","3.50000"
"WLF","Wallis y Futuna","1996","3.50000"
"WLF","Wallis y Futuna","1997","3.50000"
"WLF","Wallis y Futuna","1998","3.50000"
"WLF","Wallis y Futuna","1999","3.50000"
"WLF","Wallis y Futuna","2000","3.50000"
"WLF","Wallis y Futuna","2001","3.50000"
"WLF","Wallis y Futuna","2002","3.50000"
"WLF","Wallis y Futuna","2003","3.50000"
"WLF","Wallis y Futuna","2004","3.50000"
"WLF","Wallis y Futuna","2005","3.50000"
"WLF","Wallis y Futuna","2006","3.50000"
"WLF","Wallis y Futuna","2007","3.50000"
"WLF","Wallis y Futuna","2008","3.50000"
"WLF","Wallis y Futuna","2009","3.50000"
"WLF","Wallis y Futuna","2010","3.50000"
"WLF","Wallis y Futuna","2011","3.50000"
"WLF","Wallis y Futuna","2012","3.50000"
"WLF","Wallis y Futuna","2013","3.50000"
"WLF","Wallis y Futuna","2014","3.50000"
"WLF","Wallis y Futuna","2015","3.50000"
"WLF","Wallis y Futuna","2016","3.50000"
"WLF","Wallis y Futuna","2017","3.50000"
"WLF","Wallis y Futuna","2018","3.50000"
"WLF","Wallis y Futuna","2019","3.50000"
"WLF","Wallis y Futuna","2020","3.50000"
"WLF","Wallis y Futuna","2021","3.50000"
"WLF","Wallis y Futuna","2022","3.50000"
"WLF","Wallis y Futuna","2023","3.50000"
"WLF","Wallis y Futuna","2024","3.50000"
"WSM","Samoa","1961","55.00000"
"WSM","Samoa","1962","56.00000"
"WSM","Samoa","1963","56.00000"
"WSM","Samoa","1964","56.00000"
"WSM","Samoa","1965","61.00000"
"WSM","Samoa","1966","61.00000"
"WSM","Samoa","1967","61.00000"
"WSM","Samoa","1968","62.00000"
"WSM","Samoa","1969","62.00000"
"WSM","Samoa","1970","62.50000"
"WSM","Samoa","1971","63.00000"
"WSM","Samoa","1972","63.00000"
"WSM","Samoa","1973","63.00000"
"WSM","Samoa","1974","63.00000"
"WSM","Samoa","1975","64.00000"
"WSM","Samoa","1976","68.00000"
"WSM","Samoa","1977","70.00000"
"WSM","Samoa","1978","70.00000"
"WSM","Samoa","1979","72.50000"
"WSM","Samoa","1980","73.00000"
"WSM","Samoa","1981","76.00000"
"WSM","Samoa","1982","76.00000"
"WSM","Samoa","1983","76.60000"
"WSM","Samoa","1984","77.00000"
"WSM","Samoa","1985","77.00000"
"WSM","Samoa","1986","77.40000"
"WSM","Samoa","1987","75.70000"
"WSM","Samoa","1988","76.00000"
"WSM","Samoa","1989","52.20000"
"WSM","Samoa","1990","52.00000"
"WSM","Samoa","1991","52.00000"
"WSM","Samoa","1992","50.00000"
"WSM","Samoa","1993","50.00000"
"WSM","Samoa","1994","49.00000"
"WSM","Samoa","1995","49.00000"
"WSM","Samoa","1996","49.00000"
"WSM","Samoa","1997","49.00000"
"WSM","Samoa","1998","49.00000"
"WSM","Samoa","1999","48.30000"
"WSM","Samoa","2000","45.00000"
"WSM","Samoa","2001","45.00000"
"WSM","Samoa","2002","44.00000"
"WSM","Samoa","2003","42.00000"
"WSM","Samoa","2004","40.00000"
"WSM","Samoa","2005","38.00000"
"WSM","Samoa","2006","36.20000"
"WSM","Samoa","2007","34.50000"
"WSM","Samoa","2008","32.00000"
"WSM","Samoa","2009","29.90000"
"WSM","Samoa","2010","35.51000"
"WSM","Samoa","2011","41.11000"
"WSM","Samoa","2012","46.72000"
"WSM","Samoa","2013","52.33000"
"WSM","Samoa","2014","57.93000"
"WSM","Samoa","2015","63.54000"
"WSM","Samoa","2016","58.15000"
"WSM","Samoa","2017","52.75000"
"WSM","Samoa","2018","47.35000"
"WSM","Samoa","2019","43.00000"
"WSM","Samoa","2020","43.00000"
"WSM","Samoa","2021","43.00000"
"WSM","Samoa","2022","43.00000"
"WSM","Samoa","2023","43.00000"
"WSM","Samoa","2024","43.00000"
"YEM","Yemen","1961","1337.00000"
"YEM","Yemen","1962","1348.00000"
"YEM","Yemen","1963","1360.00000"
"YEM","Yemen","1964","1370.00000"
"YEM","Yemen","1965","1380.00000"
"YEM","Yemen","1966","1391.00000"
"YEM","Yemen","1967","1398.00000"
"YEM","Yemen","1968","1403.00000"
"YEM","Yemen","1969","1413.00000"
"YEM","Yemen","1970","1418.00000"
"YEM","Yemen","1971","1426.00000"
"YEM","Yemen","1972","1437.00000"
"YEM","Yemen","1973","1442.00000"
"YEM","Yemen","1974","1447.00000"
"YEM","Yemen","1975","1460.00000"
"YEM","Yemen","1976","1460.00000"
"YEM","Yemen","1977","1460.00000"
"YEM","Yemen","1978","1462.00000"
"YEM","Yemen","1979","1463.00000"
"YEM","Yemen","1980","1463.00000"
"YEM","Yemen","1981","1465.00000"
"YEM","Yemen","1982","1465.00000"
"YEM","Yemen","1983","1465.00000"
"YEM","Yemen","1984","1465.00000"
"YEM","Yemen","1985","1470.00000"
"YEM","Yemen","1986","1470.00000"
"YEM","Yemen","1987","1479.00000"
"YEM","Yemen","1988","1479.00000"
"YEM","Yemen","1989","1481.00000"
"YEM","Yemen","1990","1626.00000"
"YEM","Yemen","1991","1631.00000"
"YEM","Yemen","1992","1481.00000"
"YEM","Yemen","1993","1725.00000"
"YEM","Yemen","1994","1730.00000"
"YEM","Yemen","1995","1736.00000"
"YEM","Yemen","1996","1755.00000"
"YEM","Yemen","1997","1720.00000"
"YEM","Yemen","1998","1680.00000"
"YEM","Yemen","1999","1668.00000"
"YEM","Yemen","2000","1669.00000"
"YEM","Yemen","2001","1595.00000"
"YEM","Yemen","2002","1593.22000"
"YEM","Yemen","2003","1591.44000"
"YEM","Yemen","2004","1589.67000"
"YEM","Yemen","2005","1587.89000"
"YEM","Yemen","2006","1586.11000"
"YEM","Yemen","2007","1584.33000"
"YEM","Yemen","2008","1582.56000"
"YEM","Yemen","2009","1580.78000"
"YEM","Yemen","2010","1579.00000"
"YEM","Yemen","2011","1452.00000"
"YEM","Yemen","2012","1501.00000"
"YEM","Yemen","2013","1499.00000"
"YEM","Yemen","2014","1451.60000"
"YEM","Yemen","2015","1432.60000"
"YEM","Yemen","2016","1385.80000"
"YEM","Yemen","2017","1452.00000"
"YEM","Yemen","2018","1452.00000"
"YEM","Yemen","2019","1452.00000"
"YEM","Yemen","2020","1452.00000"
"YEM","Yemen","2021","1452.00000"
"YEM","Yemen","2022","1452.00000"
"YEM","Yemen","2023","1452.00000"
"YEM","Yemen","2024","1452.00000"
"ZAF","Sudáfrica","1961","12185.00000"
"ZAF","Sudáfrica","1962","12235.00000"
"ZAF","Sudáfrica","1963","12295.00000"
"ZAF","Sudáfrica","1964","12350.00000"
"ZAF","Sudáfrica","1965","12410.00000"
"ZAF","Sudáfrica","1966","12424.00000"
"ZAF","Sudáfrica","1967","12448.00000"
"ZAF","Sudáfrica","1968","12467.00000"
"ZAF","Sudáfrica","1969","12486.00000"
"ZAF","Sudáfrica","1970","12495.00000"
"ZAF","Sudáfrica","1971","12514.00000"
"ZAF","Sudáfrica","1972","12528.00000"
"ZAF","Sudáfrica","1973","12542.00000"
"ZAF","Sudáfrica","1974","12556.00000"
"ZAF","Sudáfrica","1975","12565.00000"
"ZAF","Sudáfrica","1976","12579.00000"
"ZAF","Sudáfrica","1977","12588.00000"
"ZAF","Sudáfrica","1978","12617.00000"
"ZAF","Sudáfrica","1979","12626.00000"
"ZAF","Sudáfrica","1980","12635.00000"
"ZAF","Sudáfrica","1981","12644.00000"
"ZAF","Sudáfrica","1982","12655.00000"
"ZAF","Sudáfrica","1983","12655.00000"
"ZAF","Sudáfrica","1984","12655.00000"
"ZAF","Sudáfrica","1985","12655.00000"
"ZAF","Sudáfrica","1986","12900.00000"
"ZAF","Sudáfrica","1987","12850.00000"
"ZAF","Sudáfrica","1988","12900.00000"
"ZAF","Sudáfrica","1989","13000.00000"
"ZAF","Sudáfrica","1990","13100.00000"
"ZAF","Sudáfrica","1991","13205.00000"
"ZAF","Sudáfrica","1992","13473.00000"
"ZAF","Sudáfrica","1993","13736.00000"
"ZAF","Sudáfrica","1994","13765.00000"
"ZAF","Sudáfrica","1995","13820.00000"
"ZAF","Sudáfrica","1996","13990.00000"
"ZAF","Sudáfrica","1997","14045.00000"
"ZAF","Sudáfrica","1998","14060.00000"
"ZAF","Sudáfrica","1999","14130.00000"
"ZAF","Sudáfrica","2000","14197.00000"
"ZAF","Sudáfrica","2001","14085.00000"
"ZAF","Sudáfrica","2002","14100.00000"
"ZAF","Sudáfrica","2003","14000.00000"
"ZAF","Sudáfrica","2004","13680.00000"
"ZAF","Sudáfrica","2005","13555.00000"
"ZAF","Sudáfrica","2006","12960.00000"
"ZAF","Sudáfrica","2007","12962.00000"
"ZAF","Sudáfrica","2008","13184.67000"
"ZAF","Sudáfrica","2009","13067.33000"
"ZAF","Sudáfrica","2010","12963.00000"
"ZAF","Sudáfrica","2011","12446.00000"
"ZAF","Sudáfrica","2012","12413.00000"
"ZAF","Sudáfrica","2013","12413.00000"
"ZAF","Sudáfrica","2014","12413.00000"
"ZAF","Sudáfrica","2015","12413.00000"
"ZAF","Sudáfrica","2016","12413.00000"
"ZAF","Sudáfrica","2017","12413.00000"
"ZAF","Sudáfrica","2018","12413.00000"
"ZAF","Sudáfrica","2019","12413.00000"
"ZAF","Sudáfrica","2020","12413.00000"
"ZAF","Sudáfrica","2021","12413.00000"
"ZAF","Sudáfrica","2022","12413.00000"
"ZAF","Sudáfrica","2023","12413.00000"
"ZAF","Sudáfrica","2024","12413.00000"
"ZMB","Zambia","1961","2556.36000"
"ZMB","Zambia","1962","2560.01000"
"ZMB","Zambia","1963","2584.26000"
"ZMB","Zambia","1964","2609.36000"
"ZMB","Zambia","1965","2612.36000"
"ZMB","Zambia","1966","2666.46000"
"ZMB","Zambia","1967","2680.96000"
"ZMB","Zambia","1968","2714.61000"
"ZMB","Zambia","1969","2743.58000"
"ZMB","Zambia","1970","2772.97000"
"ZMB","Zambia","1971","2902.91000"
"ZMB","Zambia","1972","2912.83000"
"ZMB","Zambia","1973","2923.13000"
"ZMB","Zambia","1974","2950.91000"
"ZMB","Zambia","1975","2936.61000"
"ZMB","Zambia","1976","2915.10000"
"ZMB","Zambia","1977","2893.06000"
"ZMB","Zambia","1978","2734.14000"
"ZMB","Zambia","1979","2318.97000"
"ZMB","Zambia","1980","2345.84000"
"ZMB","Zambia","1981","2402.53000"
"ZMB","Zambia","1982","2458.79000"
"ZMB","Zambia","1983","2515.73000"
"ZMB","Zambia","1984","2572.09000"
"ZMB","Zambia","1985","2628.65000"
"ZMB","Zambia","1986","2684.17000"
"ZMB","Zambia","1987","2740.32000"
"ZMB","Zambia","1988","2797.03000"
"ZMB","Zambia","1989","2910.21000"
"ZMB","Zambia","1990","2910.98000"
"ZMB","Zambia","1991","2776.01000"
"ZMB","Zambia","1992","2798.99000"
"ZMB","Zambia","1993","2801.61000"
"ZMB","Zambia","1994","2871.84000"
"ZMB","Zambia","1995","2865.84000"
"ZMB","Zambia","1996","2868.16000"
"ZMB","Zambia","1997","2869.41000"
"ZMB","Zambia","1998","2869.89000"
"ZMB","Zambia","1999","2871.92000"
"ZMB","Zambia","2000","2869.92000"
"ZMB","Zambia","2001","2751.05000"
"ZMB","Zambia","2002","2611.26000"
"ZMB","Zambia","2003","2905.67000"
"ZMB","Zambia","2004","2892.70000"
"ZMB","Zambia","2005","2759.33000"
"ZMB","Zambia","2006","3045.40000"
"ZMB","Zambia","2007","2981.03000"
"ZMB","Zambia","2008","3086.81000"
"ZMB","Zambia","2009","3585.59000"
"ZMB","Zambia","2010","3436.24000"
"ZMB","Zambia","2011","3635.75000"
"ZMB","Zambia","2012","3836.26000"
"ZMB","Zambia","2013","3737.01000"
"ZMB","Zambia","2014","3738.09000"
"ZMB","Zambia","2015","3738.85000"
"ZMB","Zambia","2016","3739.25000"
"ZMB","Zambia","2017","3840.22000"
"ZMB","Zambia","2018","3839.70000"
"ZMB","Zambia","2019","3840.98000"
"ZMB","Zambia","2020","3840.22000"
"ZMB","Zambia","2021","3840.31000"
"ZMB","Zambia","2022","3840.44000"
"ZMB","Zambia","2023","3840.43000"
"ZMB","Zambia","2024","3840.49000"
"ZWE","Zimbabwe","1961","995.61000"
"ZWE","Zimbabwe","1962","1033.70000"
"ZWE","Zimbabwe","1963","1099.02000"
"ZWE","Zimbabwe","1964","1132.74000"
"ZWE","Zimbabwe","1965","1176.94000"
"ZWE","Zimbabwe","1966","1156.55000"
"ZWE","Zimbabwe","1967","1224.88000"
"ZWE","Zimbabwe","1968","1244.19000"
"ZWE","Zimbabwe","1969","1334.28000"
"ZWE","Zimbabwe","1970","1398.30000"
"ZWE","Zimbabwe","1971","1482.22000"
"ZWE","Zimbabwe","1972","1586.08000"
"ZWE","Zimbabwe","1973","1644.05000"
"ZWE","Zimbabwe","1974","1736.07000"
"ZWE","Zimbabwe","1975","1793.34000"
"ZWE","Zimbabwe","1976","1838.52000"
"ZWE","Zimbabwe","1977","1928.35000"
"ZWE","Zimbabwe","1978","1950.81000"
"ZWE","Zimbabwe","1979","1994.31000"
"ZWE","Zimbabwe","1980","2070.95000"
"ZWE","Zimbabwe","1981","2196.10000"
"ZWE","Zimbabwe","1982","2280.66000"
"ZWE","Zimbabwe","1983","2460.90000"
"ZWE","Zimbabwe","1984","2520.81000"
"ZWE","Zimbabwe","1985","2575.83000"
"ZWE","Zimbabwe","1986","2693.39000"
"ZWE","Zimbabwe","1987","2594.68000"
"ZWE","Zimbabwe","1988","2688.44000"
"ZWE","Zimbabwe","1989","2928.14000"
"ZWE","Zimbabwe","1990","3044.61000"
"ZWE","Zimbabwe","1991","3101.21000"
"ZWE","Zimbabwe","1992","2842.80000"
"ZWE","Zimbabwe","1993","2944.01000"
"ZWE","Zimbabwe","1994","3216.23000"
"ZWE","Zimbabwe","1995","3192.52000"
"ZWE","Zimbabwe","1996","3377.35000"
"ZWE","Zimbabwe","1997","3308.47000"
"ZWE","Zimbabwe","1998","3287.99000"
"ZWE","Zimbabwe","1999","3509.34000"
"ZWE","Zimbabwe","2000","3757.29000"
"ZWE","Zimbabwe","2001","3656.08000"
"ZWE","Zimbabwe","2002","3707.12000"
"ZWE","Zimbabwe","2003","3709.89000"
"ZWE","Zimbabwe","2004","3857.38000"
"ZWE","Zimbabwe","2005","3955.53000"
"ZWE","Zimbabwe","2006","4151.50000"
"ZWE","Zimbabwe","2007","4048.69000"
"ZWE","Zimbabwe","2008","4289.40000"
"ZWE","Zimbabwe","2009","4138.32000"
"ZWE","Zimbabwe","2010","4036.77000"
"ZWE","Zimbabwe","2011","4237.18000"
"ZWE","Zimbabwe","2012","4090.14000"
"ZWE","Zimbabwe","2013","4087.44000"
"ZWE","Zimbabwe","2014","4085.31000"
"ZWE","Zimbabwe","2015","4082.92000"
"ZWE","Zimbabwe","2016","4080.95000"
"ZWE","Zimbabwe","2017","4078.73000"
"ZWE","Zimbabwe","2018","4076.80000"
"ZWE","Zimbabwe","2019","4077.92000"
"ZWE","Zimbabwe","2020","4076.83000"
"ZWE","Zimbabwe","2021","4073.82000"
"ZWE","Zimbabwe","2022","4069.50000"
"ZWE","Zimbabwe","2023","4066.93000"
"ZWE","Zimbabwe","2024","4067.51000"
