"geocodigoFundar","geonombreFundar","anio","medida_bienestar","reporting_level","poverty_line","promedio","pib_pc"
"AFG","Afganistán","2000","consumo","national","2.15000","2.57490","1617.82647"
"AFG","Afganistán","2001","consumo","national","2.15000","2.49000","1454.11078"
"AFG","Afganistán","2002","consumo","national","2.15000","2.75520","1774.30874"
"AFG","Afganistán","2003","consumo","national","2.15000","2.84450","1815.92820"
"AFG","Afganistán","2004","consumo","national","2.15000","2.86240","1776.91821"
"AFG","Afganistán","2005","consumo","national","2.15000","2.98860","1908.11478"
"AFG","Afganistán","2006","consumo","national","2.15000","3.03730","1929.72390"
"AFG","Afganistán","2007","consumo","national","2.15000","3.23150","2155.35307"
"AFG","Afganistán","2008","consumo","national","2.15000","3.31650","2191.50436"
"AFG","Afganistán","2009","consumo","national","2.15000","3.59770","2565.02209"
"AFG","Afganistán","2010","consumo","national","2.15000","3.81590","2848.58606"
"AFG","Afganistán","2011","consumo","national","2.15000","3.82370","2757.05259"
"AFG","Afganistán","2012","consumo","national","2.15000","4.01500","2985.31914"
"AFG","Afganistán","2013","consumo","national","2.15000","4.10570","3046.57993"
"AFG","Afganistán","2014","consumo","national","2.15000","4.11000","3017.94254"
"AFG","Afganistán","2015","consumo","national","2.15000","4.09730","2967.69207"
"AFG","Afganistán","2016","consumo","national","2.15000","4.13830","2958.78540"
"AFG","Afganistán","2017","consumo","national","2.15000","4.17850","2952.99892"
"AFG","Afganistán","2018","consumo","national","2.15000","4.17410","2902.39211"
"AFG","Afganistán","2019","consumo","national","2.15000","4.23430","2927.24514"
"AFG","Afganistán","2020","consumo","national","2.15000","4.06010","2769.68575"
"AFG","Afganistán","2021","consumo","national","2.15000","3.59640","2144.16657"
"AFG","Afganistán","2022","consumo","national","2.15000","3.77570","1981.71017"
"AFG","Afganistán","2023","consumo","national","2.15000","3.82000","1983.81262"
"AFG","Afganistán","2024","consumo","national","2.15000","3.85840","1964.45229"
"ALB","Albania","1990","consumo","national","2.15000","8.30500","5560.83393"
"ALB","Albania","1991","consumo","national","2.15000","6.70240","4027.88881"
"ALB","Albania","1992","consumo","national","2.15000","6.39170","3761.13981"
"ALB","Albania","1993","consumo","national","2.15000","6.84940","4145.90251"
"ALB","Albania","1994","consumo","national","2.15000","7.27940","4517.78008"
"ALB","Albania","1995","consumo","national","2.15000","7.99410","5151.37596"
"ALB","Albania","1996","consumo","national","2.15000","8.44200","5563.77008"
"ALB","Albania","1997","consumo","national","2.15000","7.54630","4942.98350"
"ALB","Albania","1998","consumo","national","2.15000","7.77010","5387.54589"
"ALB","Albania","1999","consumo","national","2.15000","8.49340","6085.98340"
"ALB","Albania","2000","consumo","national","2.15000","8.53880","6581.98909"
"ALB","Albania","2001","consumo","national","2.15000","8.59720","7232.96055"
"ALB","Albania","2002","consumo","national","2.15000","8.62830","7590.45852"
"ALB","Albania","2003","consumo","national","2.15000","8.99060","8025.24803"
"ALB","Albania","2004","consumo","national","2.15000","9.36600","8483.25882"
"ALB","Albania","2005","consumo","national","2.15000","9.75390","8964.28082"
"ALB","Albania","2006","consumo","national","2.15000","10.02570","9563.98954"
"ALB","Albania","2007","consumo","national","2.15000","10.33650","10262.92424"
"ALB","Albania","2008","consumo","national","2.15000","10.68210","11056.30592"
"ALB","Albania","2009","consumo","national","2.15000","10.52200","11430.57463"
"ALB","Albania","2010","consumo","national","2.15000","10.32040","11829.00424"
"ALB","Albania","2011","consumo","national","2.15000","10.24950","12153.06366"
"ALB","Albania","2012","consumo","national","2.15000","10.12770","12463.51837"
"ALB","Albania","2013","consumo","national","2.15000","10.31450","12873.42982"
"ALB","Albania","2014","consumo","national","2.15000","10.79180","13366.50409"
"ALB","Albania","2015","consumo","national","2.15000","13.03070","13876.76163"
"ALB","Albania","2016","consumo","national","2.15000","13.33590","14643.42856"
"ALB","Albania","2017","consumo","national","2.15000","13.20730","15359.39746"
"ALB","Albania","2018","consumo","national","2.15000","14.17070","16170.92343"
"ALB","Albania","2019","consumo","national","2.15000","14.63180","16761.12302"
"ALB","Albania","2020","consumo","national","2.15000","14.84720","16457.71897"
"ALB","Albania","2021","consumo","national","2.15000","15.48860","18212.79472"
"ALB","Albania","2022","consumo","national","2.15000","16.31890","19388.79273"
"ALB","Albania","2023","consumo","national","2.15000","16.81480","20501.64707"
"ALB","Albania","2024","consumo","national","2.15000","17.43800","21640.98358"
"ALB","Albania","2025","consumo","national","2.15000","17.97560","22724.29382"
"DEU","Alemania","1990","ingreso","national","2.15000","55.90300","42355.28610"
"DEU","Alemania","1991","ingreso","national","2.15000","57.91820","44195.71647"
"DEU","Alemania","1992","ingreso","national","2.15000","58.88560","44744.13997"
"DEU","Alemania","1993","ingreso","national","2.15000","59.09360","44018.43809"
"DEU","Alemania","1994","ingreso","national","2.15000","57.80430","45005.15898"
"DEU","Alemania","1995","ingreso","national","2.15000","58.23430","45548.41811"
"DEU","Alemania","1996","ingreso","national","2.15000","59.08900","45888.12696"
"DEU","Alemania","1997","ingreso","national","2.15000","58.08770","46670.70535"
"DEU","Alemania","1998","ingreso","national","2.15000","60.05860","47641.52718"
"DEU","Alemania","1999","ingreso","national","2.15000","61.74870","48624.64844"
"DEU","Alemania","2000","ingreso","national","2.15000","62.79430","49955.64613"
"DEU","Alemania","2001","ingreso","national","2.15000","62.82170","50687.65004"
"DEU","Alemania","2002","ingreso","national","2.15000","63.98720","50486.99825"
"DEU","Alemania","2003","ingreso","national","2.15000","63.62800","50191.72194"
"DEU","Alemania","2004","ingreso","national","2.15000","64.09790","50786.01765"
"DEU","Alemania","2005","ingreso","national","2.15000","64.16290","51264.81937"
"DEU","Alemania","2006","ingreso","national","2.15000","64.75150","53307.16238"
"DEU","Alemania","2007","ingreso","national","2.15000","65.63040","54920.65893"
"DEU","Alemania","2008","ingreso","national","2.15000","64.97460","55513.75589"
"DEU","Alemania","2009","ingreso","national","2.15000","65.45180","52568.79742"
"DEU","Alemania","2010","ingreso","national","2.15000","65.78630","54826.25545"
"DEU","Alemania","2011","ingreso","national","2.15000","66.07270","57950.95897"
"DEU","Alemania","2012","ingreso","national","2.15000","65.95440","58110.37685"
"DEU","Alemania","2013","ingreso","national","2.15000","66.74520","58182.07662"
"DEU","Alemania","2014","ingreso","national","2.15000","66.72140","59203.23409"
"DEU","Alemania","2015","ingreso","national","2.15000","68.82580","59668.98904"
"DEU","Alemania","2016","ingreso","national","2.15000","70.25440","60504.58574"
"DEU","Alemania","2017","ingreso","national","2.15000","70.86220","61965.43429"
"DEU","Alemania","2018","ingreso","national","2.15000","73.61590","62481.11840"
"DEU","Alemania","2019","ingreso","national","2.15000","74.74890","62949.89325"
"DEU","Alemania","2020","ingreso","national","2.15000","78.19360","60299.57677"
"DEU","Alemania","2021","ingreso","national","2.15000","77.80790","62630.77481"
"DEU","Alemania","2022","ingreso","national","2.15000","75.83950","63777.92910"
"DEU","Alemania","2023","ingreso","national","2.15000","75.19160","63140.19491"
"DEU","Alemania","2024","ingreso","national","2.15000","74.61330","62654.60226"
"DEU","Alemania","2025","ingreso","national","2.15000","74.62400","62823.77366"
"AND","Andorra","1990","ingreso","national","2.15000","48.00870","50036.30078"
"AND","Andorra","1991","ingreso","national","2.15000","46.52770","47624.96686"
"AND","Andorra","1992","ingreso","national","2.15000","45.15760","45246.53307"
"AND","Andorra","1993","ingreso","national","2.15000","43.41720","42605.65958"
"AND","Andorra","1994","ingreso","national","2.15000","44.04370","42716.36564"
"AND","Andorra","1995","ingreso","national","2.15000","45.76580","44375.02472"
"AND","Andorra","1996","ingreso","national","2.15000","47.84000","46386.09120"
"AND","Andorra","1997","ingreso","national","2.15000","51.26770","50032.35291"
"AND","Andorra","1998","ingreso","national","2.15000","52.38600","51092.22224"
"AND","Andorra","1999","ingreso","national","2.15000","54.41310","52921.04526"
"AND","Andorra","2000","ingreso","national","2.15000","56.57190","54809.14417"
"AND","Andorra","2001","ingreso","national","2.15000","60.86640","59109.01368"
"AND","Andorra","2002","ingreso","national","2.15000","63.15380","61188.63709"
"AND","Andorra","2003","ingreso","national","2.15000","65.77260","63656.19583"
"AND","Andorra","2004","ingreso","national","2.15000","66.46900","64353.48581"
"AND","Andorra","2005","ingreso","national","2.15000","67.62120","65114.80537"
"AND","Andorra","2006","ingreso","national","2.15000","69.29540","66390.29373"
"AND","Andorra","2007","ingreso","national","2.15000","69.06340","65534.11686"
"AND","Andorra","2008","ingreso","national","2.15000","65.09860","60691.60515"
"AND","Andorra","2009","ingreso","national","2.15000","62.33400","57203.97089"
"AND","Andorra","2010","ingreso","national","2.15000","63.51600","58285.05778"
"AND","Andorra","2011","ingreso","national","2.15000","65.68000","60470.46624"
"AND","Andorra","2012","ingreso","national","2.15000","63.57380","58172.13239"
"AND","Andorra","2013","ingreso","national","2.15000","62.88010","57332.15856"
"AND","Andorra","2014","ingreso","national","2.15000","65.45870","59929.24447"
"AND","Andorra","2015","ingreso","national","2.15000","67.57540","62105.15424"
"AND","Andorra","2016","ingreso","national","2.15000","69.59930","64402.80924"
"AND","Andorra","2017","ingreso","national","2.15000","68.22900","63239.65777"
"AND","Andorra","2018","ingreso","national","2.15000","67.80170","63048.59856"
"AND","Andorra","2019","ingreso","national","2.15000","67.66410","63215.89979"
"AND","Andorra","2020","ingreso","national","2.15000","56.02440","55488.49030"
"AND","Andorra","2021","ingreso","national","2.15000","62.37780","59332.20291"
"AND","Andorra","2022","ingreso","national","2.15000","68.19720","63913.38351"
"AND","Andorra","2023","ingreso","national","2.15000","68.93000","64631.29639"
"AND","Andorra","2024","ingreso","national","2.15000","70.56560","66232.74442"
"AND","Andorra","2025","ingreso","national","2.15000","73.09340","67993.05242"
"AGO","Angola","1990","consumo","national","2.15000","9.55390","8366.41272"
"AGO","Angola","1991","consumo","national","2.15000","9.39710","8170.24939"
"AGO","Angola","1992","consumo","national","2.15000","8.81350","7445.43837"
"AGO","Angola","1993","consumo","national","2.15000","7.18670","5481.76387"
"AGO","Angola","1994","consumo","national","2.15000","7.09150","5377.99035"
"AGO","Angola","1995","consumo","national","2.15000","7.64840","5981.53258"
"AGO","Angola","1996","consumo","national","2.15000","8.17130","6565.86479"
"AGO","Angola","1997","consumo","national","2.15000","8.38240","6808.33628"
"AGO","Angola","1998","consumo","national","2.15000","8.45550","6893.12265"
"AGO","Angola","1999","consumo","national","2.15000","8.38860","6815.17531"
"AGO","Angola","2000","consumo","national","2.15000","8.37080","6794.53021"
"AGO","Angola","2001","consumo","national","2.15000","8.11690","6846.79270"
"AGO","Angola","2002","consumo","national","2.15000","8.27250","7521.73599"
"AGO","Angola","2003","consumo","national","2.15000","7.86430","7516.81391"
"AGO","Angola","2004","consumo","national","2.15000","7.85090","8079.52613"
"AGO","Angola","2005","consumo","national","2.15000","7.94860","8892.92106"
"AGO","Angola","2006","consumo","national","2.15000","7.90190","9586.17542"
"AGO","Angola","2007","consumo","national","2.15000","7.88140","10434.70872"
"AGO","Angola","2008","consumo","national","2.15000","7.71590","11131.63101"
"AGO","Angola","2009","consumo","national","2.15000","7.20090","10930.25312"
"AGO","Angola","2010","consumo","national","2.15000","7.27590","11074.07238"
"AGO","Angola","2011","consumo","national","2.15000","7.45810","11034.59197"
"AGO","Angola","2012","consumo","national","2.15000","7.63640","11516.81332"
"AGO","Angola","2013","consumo","national","2.15000","7.71980","11622.97835"
"AGO","Angola","2014","consumo","national","2.15000","8.03750","11718.42868"
"AGO","Angola","2015","consumo","national","2.15000","7.16290","11389.76095"
"AGO","Angola","2016","consumo","national","2.15000","6.80520","10963.99679"
"AGO","Angola","2017","consumo","national","2.15000","7.21630","10565.16765"
"AGO","Angola","2018","consumo","national","2.15000","6.34600","10154.83892"
"AGO","Angola","2019","consumo","national","2.15000","6.09000","9712.97945"
"AGO","Angola","2020","consumo","national","2.15000","5.78620","8904.94901"
"AGO","Angola","2021","consumo","national","2.15000","5.74190","8720.18769"
"AGO","Angola","2022","consumo","national","2.15000","5.78180","8750.99363"
"AGO","Angola","2023","consumo","national","2.15000","5.70860","8597.53879"
"AGO","Angola","2024","consumo","national","2.15000","5.76020","8752.79747"
"AGO","Angola","2025","consumo","national","2.15000","5.70530","8760.19082"
"ATG","Antigua y Barbuda","1990","consumo","national","2.15000","18.99910","21074.57644"
"ATG","Antigua y Barbuda","1991","consumo","national","2.15000","19.03180","21424.29119"
"ATG","Antigua y Barbuda","1992","consumo","national","2.15000","18.89760","21330.27319"
"ATG","Antigua y Barbuda","1993","consumo","national","2.15000","19.09480","22051.43732"
"ATG","Antigua y Barbuda","1994","consumo","national","2.15000","19.42920","23081.66391"
"ATG","Antigua y Barbuda","1995","consumo","national","2.15000","18.79100","21639.60206"
"ATG","Antigua y Barbuda","1996","consumo","national","2.15000","19.23650","22597.31451"
"ATG","Antigua y Barbuda","1997","consumo","national","2.15000","19.53790","23350.30939"
"ATG","Antigua y Barbuda","1998","consumo","national","2.15000","19.73280","23996.11440"
"ATG","Antigua y Barbuda","1999","consumo","national","2.15000","19.97990","24462.20340"
"ATG","Antigua y Barbuda","2000","consumo","national","2.15000","20.55200","25547.61203"
"ATG","Antigua y Barbuda","2001","consumo","national","2.15000","20.12540","24014.77546"
"ATG","Antigua y Barbuda","2002","ingreso","national","2.15000","25.24580","23958.16381"
"ATG","Antigua y Barbuda","2003","consumo","national","2.15000","20.66110","25136.00169"
"ATG","Antigua y Barbuda","2004","consumo","national","2.15000","21.10990","26303.61790"
"ATG","Antigua y Barbuda","2005","ingreso","national","2.15000","28.80910","27692.63487"
"ATG","Antigua y Barbuda","2006","ingreso","national","2.15000","31.71810","30827.34168"
"ATG","Antigua y Barbuda","2007","ingreso","national","2.15000","34.00940","33245.26786"
"ATG","Antigua y Barbuda","2008","ingreso","national","2.15000","33.79610","32756.30678"
"ATG","Antigua y Barbuda","2009","consumo","national","2.15000","22.31970","28405.69009"
"ATG","Antigua y Barbuda","2010","consumo","national","2.15000","21.55550","25826.60864"
"ATG","Antigua y Barbuda","2011","consumo","national","2.15000","21.40440","25023.91745"
"ATG","Antigua y Barbuda","2012","ingreso","national","2.15000","27.91320","25592.90661"
"ATG","Antigua y Barbuda","2013","ingreso","national","2.15000","27.58720","25206.84583"
"ATG","Antigua y Barbuda","2014","ingreso","national","2.15000","27.92370","25557.52491"
"ATG","Antigua y Barbuda","2015","ingreso","national","2.15000","28.14720","25734.15164"
"ATG","Antigua y Barbuda","2016","ingreso","national","2.15000","29.08990","26627.71454"
"ATG","Antigua y Barbuda","2017","ingreso","national","2.15000","29.66980","27199.19524"
"ATG","Antigua y Barbuda","2018","ingreso","national","2.15000","31.43500","28878.60677"
"ATG","Antigua y Barbuda","2019","ingreso","national","2.15000","32.27030","29651.86415"
"ATG","Antigua y Barbuda","2020","ingreso","national","2.15000","26.83850","23930.67150"
"ATG","Antigua y Barbuda","2021","ingreso","national","2.15000","28.75800","25745.49581"
"ATG","Antigua y Barbuda","2022","ingreso","national","2.15000","31.10130","27785.55723"
"ATG","Antigua y Barbuda","2023","ingreso","national","2.15000","31.74340","28712.39705"
"ATG","Antigua y Barbuda","2024","ingreso","national","2.15000","32.73230","29298.64742"
"ATG","Antigua y Barbuda","2025","ingreso","national","2.15000","33.47450","30620.30756"
"SAU","Arabia Saudita","1990","consumo","national","2.15000","21.39310","65196.57339"
"SAU","Arabia Saudita","1991","consumo","national","2.15000","22.11470","67268.55185"
"SAU","Arabia Saudita","1992","consumo","national","2.15000","22.53410","67183.91003"
"SAU","Arabia Saudita","1993","consumo","national","2.15000","22.54670","64517.66529"
"SAU","Arabia Saudita","1994","consumo","national","2.15000","22.61180","62403.69373"
"SAU","Arabia Saudita","1995","consumo","national","2.15000","22.61340","60058.31745"
"SAU","Arabia Saudita","1996","consumo","national","2.15000","22.90590","59612.81260"
"SAU","Arabia Saudita","1997","consumo","national","2.15000","23.14160","58875.54737"
"SAU","Arabia Saudita","1998","consumo","national","2.15000","23.39920","58306.62281"
"SAU","Arabia Saudita","1999","consumo","national","2.15000","23.32030","55878.17365"
"SAU","Arabia Saudita","2000","consumo","national","2.15000","23.66710","55962.26613"
"SAU","Arabia Saudita","2001","consumo","national","2.15000","23.52650","53309.11139"
"SAU","Arabia Saudita","2002","consumo","national","2.15000","23.29450","50371.97831"
"SAU","Arabia Saudita","2003","consumo","national","2.15000","24.01330","52234.64928"
"SAU","Arabia Saudita","2004","ingreso","national","2.15000","44.10320","54196.55142"
"SAU","Arabia Saudita","2005","ingreso","national","2.15000","45.27460","54931.79425"
"SAU","Arabia Saudita","2006","ingreso","national","2.15000","45.57260","54373.73770"
"SAU","Arabia Saudita","2007","ingreso","national","2.15000","45.44010","53318.41916"
"SAU","Arabia Saudita","2008","ingreso","national","2.15000","46.85060","54407.70817"
"SAU","Arabia Saudita","2009","ingreso","national","2.15000","45.33660","51760.76440"
"SAU","Arabia Saudita","2010","ingreso","national","2.15000","48.36320","54911.54752"
"SAU","Arabia Saudita","2011","ingreso","national","2.15000","51.84560","58645.44594"
"SAU","Arabia Saudita","2012","ingreso","national","2.15000","53.19920","59471.70019"
"SAU","Arabia Saudita","2013","ingreso","national","2.15000","52.87940","57998.46446"
"SAU","Arabia Saudita","2014","ingreso","national","2.15000","54.53880","58872.26714"
"SAU","Arabia Saudita","2015","ingreso","national","2.15000","55.26070","58498.53990"
"SAU","Arabia Saudita","2016","ingreso","national","2.15000","55.23030","57308.44841"
"SAU","Arabia Saudita","2017","ingreso","national","2.15000","56.53990","57942.54850"
"SAU","Arabia Saudita","2018","ingreso","national","2.15000","59.93260","61359.46537"
"SAU","Arabia Saudita","2019","ingreso","national","2.15000","61.12660","62647.72995"
"SAU","Arabia Saudita","2020","ingreso","national","2.15000","56.54640","57420.73357"
"SAU","Arabia Saudita","2021","ingreso","national","2.15000","61.01560","62690.49666"
"SAU","Arabia Saudita","2022","ingreso","national","2.15000","65.44780","67178.59023"
"SAU","Arabia Saudita","2023","ingreso","national","2.15000","64.87260","64481.84419"
"SAU","Arabia Saudita","2024","ingreso","national","2.15000","62.00590","63194.43325"
"SAU","Arabia Saudita","2025","ingreso","national","2.15000","62.87280","63051.04673"
"DZA","Argelia","1990","consumo","national","2.15000","8.07440","11728.54573"
"DZA","Argelia","1991","consumo","national","2.15000","8.06840","11314.86474"
"DZA","Argelia","1992","consumo","national","2.15000","8.06730","11241.41542"
"DZA","Argelia","1993","consumo","national","2.15000","8.06010","10743.70635"
"DZA","Argelia","1994","consumo","national","2.15000","7.88850","10414.03482"
"DZA","Argelia","1995","consumo","national","2.15000","8.05780","10588.44337"
"DZA","Argelia","1996","consumo","national","2.15000","8.15070","10808.87887"
"DZA","Argelia","1997","consumo","national","2.15000","8.11590","10725.96735"
"DZA","Argelia","1998","consumo","national","2.15000","8.27080","11094.88754"
"DZA","Argelia","1999","consumo","national","2.15000","8.35270","11292.03730"
"DZA","Argelia","2000","consumo","national","2.15000","8.46280","11558.22047"
"DZA","Argelia","2001","consumo","national","2.15000","8.53850","11742.59468"
"DZA","Argelia","2002","consumo","national","2.15000","8.73070","12213.12635"
"DZA","Argelia","2003","consumo","national","2.15000","8.98200","12835.18144"
"DZA","Argelia","2004","consumo","national","2.15000","9.13780","13226.76505"
"DZA","Argelia","2005","consumo","national","2.15000","9.33970","13738.49564"
"DZA","Argelia","2006","consumo","national","2.15000","9.41080","13920.69406"
"DZA","Argelia","2007","consumo","national","2.15000","9.48620","14114.67452"
"DZA","Argelia","2008","consumo","national","2.15000","9.72020","14206.77671"
"DZA","Argelia","2009","consumo","national","2.15000","9.99430","14104.42817"
"DZA","Argelia","2010","consumo","national","2.15000","10.20160","14496.42113"
"DZA","Argelia","2011","consumo","national","2.15000","10.40180","14641.96409"
"DZA","Argelia","2012","consumo","national","2.15000","10.75460","14697.53961"
"DZA","Argelia","2013","consumo","national","2.15000","11.05410","14778.19143"
"DZA","Argelia","2014","consumo","national","2.15000","11.30750","15073.76294"
"DZA","Argelia","2015","consumo","national","2.15000","11.44880","15239.51715"
"DZA","Argelia","2016","consumo","national","2.15000","11.49770","15511.68588"
"DZA","Argelia","2017","consumo","national","2.15000","11.51720","15427.66419"
"DZA","Argelia","2018","consumo","national","2.15000","11.56800","15343.42612"
"DZA","Argelia","2019","consumo","national","2.15000","11.49190","15199.19900"
"DZA","Argelia","2020","consumo","national","2.15000","10.96000","14194.15575"
"DZA","Argelia","2021","consumo","national","2.15000","11.12360","14496.86547"
"DZA","Argelia","2022","consumo","national","2.15000","11.27690","14782.20030"
"DZA","Argelia","2023","consumo","national","2.15000","11.47050","15159.32424"
"DZA","Argelia","2024","consumo","national","2.15000","11.66780","15501.91970"
"DZA","Argelia","2025","consumo","national","2.15000","11.83050","15882.71388"
"ARG","Argentina","1990","ingreso","urban","2.15000","24.89030","17007.28443"
"ARG","Argentina","1991","ingreso","urban","2.15000","24.92440","18295.60920"
"ARG","Argentina","1992","ingreso","urban","2.15000","25.13670","19476.28406"
"ARG","Argentina","1993","ingreso","urban","2.15000","25.18960","20791.34515"
"ARG","Argentina","1994","ingreso","urban","2.15000","24.88630","21711.84279"
"ARG","Argentina","1995","ingreso","urban","2.15000","23.64120","20819.49995"
"ARG","Argentina","1996","ingreso","urban","2.15000","23.16050","21695.59495"
"ARG","Argentina","1997","ingreso","urban","2.15000","24.26700","23172.15834"
"ARG","Argentina","1998","ingreso","urban","2.15000","23.56370","23783.10172"
"ARG","Argentina","1999","ingreso","urban","2.15000","22.46180","22714.51113"
"ARG","Argentina","2000","ingreso","urban","2.15000","21.97020","22281.38143"
"ARG","Argentina","2001","ingreso","urban","2.15000","20.23450","21066.45813"
"ARG","Argentina","2002","ingreso","urban","2.15000","14.21220","18571.70205"
"ARG","Argentina","2003","ingreso","urban","2.15000","20.09140","20005.13851"
"ARG","Argentina","2004","ingreso","urban","2.15000","21.65700","21591.44940"
"ARG","Argentina","2005","ingreso","urban","2.15000","23.82200","23262.40758"
"ARG","Argentina","2006","ingreso","urban","2.15000","26.40900","24877.24939"
"ARG","Argentina","2007","ingreso","urban","2.15000","27.24090","26850.66459"
"ARG","Argentina","2008","ingreso","urban","2.15000","27.88140","27658.48534"
"ARG","Argentina","2009","ingreso","urban","2.15000","28.85580","25747.19768"
"ARG","Argentina","2010","ingreso","urban","2.15000","29.73860","28056.25702"
"ARG","Argentina","2011","ingreso","urban","2.15000","31.63230","29425.75939"
"ARG","Argentina","2012","ingreso","urban","2.15000","31.34880","28825.96669"
"ARG","Argentina","2013","ingreso","urban","2.15000","31.37430","29227.66018"
"ARG","Argentina","2014","ingreso","urban","2.15000","29.26190","28200.81526"
"ARG","Argentina","2015","ingreso","urban","2.15000","30.45770","28669.20613"
"ARG","Argentina","2016","ingreso","urban","2.15000","30.36300","27802.10572"
"ARG","Argentina","2017","ingreso","urban","2.15000","31.78890","28334.90418"
"ARG","Argentina","2018","ingreso","urban","2.15000","28.64970","27367.11509"
"ARG","Argentina","2019","ingreso","urban","2.15000","27.90030","26629.55294"
"ARG","Argentina","2020","ingreso","urban","2.15000","24.33880","23877.09314"
"ARG","Argentina","2021","ingreso","urban","2.15000","26.44470","26300.27426"
"ARG","Argentina","2022","ingreso","urban","2.15000","24.97620","27825.02735"
"ARG","Argentina","2023","ingreso","urban","2.15000","25.00220","27230.39685"
"ARG","Argentina","2024","ingreso","urban","2.15000","25.94390","26771.96577"
"ARG","Argentina","2025","ingreso","urban","2.15000","26.83430","27846.59846"
"ARM","Armenia","1990","ingreso","national","2.15000","12.84490","6137.60046"
"ARM","Armenia","1991","ingreso","national","2.15000","11.14790","5326.75286"
"ARM","Armenia","1992","ingreso","national","2.15000","6.56460","3136.72428"
"ARM","Armenia","1993","ingreso","national","2.15000","6.19240","2958.88037"
"ARM","Armenia","1994","ingreso","national","2.15000","6.69890","3200.89649"
"ARM","Armenia","1995","ingreso","national","2.15000","7.28460","3480.75594"
"ARM","Armenia","1996","ingreso","national","2.15000","7.77970","3717.33577"
"ARM","Armenia","1997","ingreso","national","2.15000","8.11840","3879.17938"
"ARM","Armenia","1998","consumo","national","2.15000","5.67840","4211.51277"
"ARM","Armenia","1999","consumo","national","2.15000","5.86290","4406.96707"
"ARM","Armenia","2000","consumo","national","2.15000","5.62090","4589.00825"
"ARM","Armenia","2001","consumo","national","2.15000","5.57090","5044.11648"
"ARM","Armenia","2002","consumo","national","2.15000","5.84370","5731.35347"
"ARM","Armenia","2003","consumo","national","2.15000","6.00600","6569.26023"
"ARM","Armenia","2004","consumo","national","2.15000","7.44640","7299.40002"
"ARM","Armenia","2005","consumo","national","2.15000","8.20500","8362.90084"
"ARM","Armenia","2006","consumo","national","2.15000","7.91990","9525.23147"
"ARM","Armenia","2007","consumo","national","2.15000","8.82200","10898.84838"
"ARM","Armenia","2008","consumo","national","2.15000","9.01700","11727.48213"
"ARM","Armenia","2009","consumo","national","2.15000","8.01420","10143.23508"
"ARM","Armenia","2010","consumo","national","2.15000","8.18210","10438.56419"
"ARM","Armenia","2011","consumo","national","2.15000","8.35250","10990.17710"
"ARM","Armenia","2012","consumo","national","2.15000","8.65270","11796.27412"
"ARM","Armenia","2013","consumo","national","2.15000","8.97810","12194.01895"
"ARM","Armenia","2014","consumo","national","2.15000","9.20830","12667.37573"
"ARM","Armenia","2015","consumo","national","2.15000","9.87150","13112.76009"
"ARM","Armenia","2016","consumo","national","2.15000","10.39220","13192.99407"
"ARM","Armenia","2017","consumo","national","2.15000","10.11090","14243.87490"
"ARM","Armenia","2018","consumo","national","2.15000","10.10830","15037.04524"
"ARM","Armenia","2019","consumo","national","2.15000","9.08770","16215.36080"
"ARM","Armenia","2020","consumo","national","2.15000","8.58980","15052.93598"
"ARM","Armenia","2021","consumo","national","2.15000","8.94160","15921.70528"
"ARM","Armenia","2022","consumo","national","2.15000","8.86470","17886.17839"
"ARM","Armenia","2023","consumo","national","2.15000","8.84850","19402.75109"
"ARM","Armenia","2024","consumo","national","2.15000","9.80470","20078.78490"
"ARM","Armenia","2025","consumo","national","2.15000","10.15630","21153.47833"
"ABW","Aruba","1990","ingreso","national","2.15000","32.83390","33146.67055"
"ABW","Aruba","1991","consumo","national","2.15000","23.13790","34079.23046"
"ABW","Aruba","1992","consumo","national","2.15000","23.30780","34458.14230"
"ABW","Aruba","1993","consumo","national","2.15000","23.39400","34627.74348"
"ABW","Aruba","1994","ingreso","national","2.15000","35.13630","35580.53398"
"ABW","Aruba","1995","ingreso","national","2.15000","35.08960","35476.40999"
"ABW","Aruba","1996","ingreso","national","2.15000","34.29560","34506.53308"
"ABW","Aruba","1997","ingreso","national","2.15000","35.22820","35534.27450"
"ABW","Aruba","1998","ingreso","national","2.15000","35.12940","35361.16589"
"ABW","Aruba","1999","ingreso","national","2.15000","35.08630","35316.62294"
"ABW","Aruba","2000","ingreso","national","2.15000","37.14500","37618.99262"
"ABW","Aruba","2001","ingreso","national","2.15000","38.28640","38827.46727"
"ABW","Aruba","2002","ingreso","national","2.15000","37.85760","38195.31761"
"ABW","Aruba","2003","ingreso","national","2.15000","37.97040","38182.39253"
"ABW","Aruba","2004","ingreso","national","2.15000","39.68710","40101.78761"
"ABW","Aruba","2005","ingreso","national","2.15000","38.86990","38926.47500"
"ABW","Aruba","2006","ingreso","national","2.15000","38.77860","38664.39951"
"ABW","Aruba","2007","ingreso","national","2.15000","39.73250","39562.44885"
"ABW","Aruba","2008","ingreso","national","2.15000","40.27560","39982.51199"
"ABW","Aruba","2009","ingreso","national","2.15000","36.15180","35074.68412"
"ABW","Aruba","2010","ingreso","national","2.15000","35.47550","34037.54232"
"ABW","Aruba","2011","ingreso","national","2.15000","36.50880","34926.10089"
"ABW","Aruba","2012","ingreso","national","2.15000","35.94150","34058.31023"
"ABW","Aruba","2013","ingreso","national","2.15000","37.65380","35711.92905"
"ABW","Aruba","2014","ingreso","national","2.15000","37.95270","35837.32409"
"ABW","Aruba","2015","ingreso","national","2.15000","38.95210","36753.40417"
"ABW","Aruba","2016","ingreso","national","2.15000","39.26700","36926.11307"
"ABW","Aruba","2017","ingreso","national","2.15000","40.57660","38213.28924"
"ABW","Aruba","2018","ingreso","national","2.15000","41.88360","39378.22841"
"ABW","Aruba","2019","ingreso","national","2.15000","42.39660","39754.56007"
"ABW","Aruba","2020","ingreso","national","2.15000","33.41830","30408.82709"
"ABW","Aruba","2021","ingreso","national","2.15000","36.90470","35207.17091"
"ABW","Aruba","2022","ingreso","national","2.15000","42.19390","39083.46164"
"ABW","Aruba","2023","ingreso","national","2.15000","45.17150","42783.24891"
"ABW","Aruba","2024","ingreso","national","2.15000","48.18810","45428.00273"
"AUS","Australia","1990","ingreso","national","2.15000","43.67460","36267.74106"
"AUS","Australia","1991","ingreso","national","2.15000","42.70630","35670.66786"
"AUS","Australia","1992","ingreso","national","2.15000","41.99740","35426.28483"
"AUS","Australia","1993","ingreso","national","2.15000","41.25700","36533.14683"
"AUS","Australia","1994","ingreso","national","2.15000","40.94930","37622.65248"
"AUS","Australia","1995","ingreso","national","2.15000","40.79110","38653.33668"
"AUS","Australia","1996","ingreso","national","2.15000","41.44530","39663.16177"
"AUS","Australia","1997","ingreso","national","2.15000","42.45020","40773.56605"
"AUS","Australia","1998","ingreso","national","2.15000","43.94910","42257.17181"
"AUS","Australia","1999","ingreso","national","2.15000","45.30770","43899.07379"
"AUS","Australia","2000","ingreso","national","2.15000","46.26090","45099.07521"
"AUS","Australia","2001","ingreso","national","2.15000","46.99630","45428.20008"
"AUS","Australia","2002","ingreso","national","2.15000","47.57610","46688.39478"
"AUS","Australia","2003","ingreso","national","2.15000","48.46620","47581.22853"
"AUS","Australia","2004","ingreso","national","2.15000","52.74930","49061.27615"
"AUS","Australia","2005","ingreso","national","2.15000","56.68400","49997.06650"
"AUS","Australia","2006","ingreso","national","2.15000","60.84790","50693.72486"
"AUS","Australia","2007","ingreso","national","2.15000","65.78920","51663.24040"
"AUS","Australia","2008","ingreso","national","2.15000","66.69460","52473.38192"
"AUS","Australia","2009","ingreso","national","2.15000","65.88510","52407.91154"
"AUS","Australia","2010","ingreso","national","2.15000","66.45450","52739.26816"
"AUS","Australia","2011","ingreso","national","2.15000","68.52540","53257.04732"
"AUS","Australia","2012","ingreso","national","2.15000","69.34060","54403.88369"
"AUS","Australia","2013","ingreso","national","2.15000","69.94560","54895.00526"
"AUS","Australia","2014","ingreso","national","2.15000","71.04180","55489.06884"
"AUS","Australia","2015","ingreso","national","2.15000","70.29150","55879.99588"
"AUS","Australia","2016","ingreso","national","2.15000","69.40100","56529.95182"
"AUS","Australia","2017","ingreso","national","2.15000","69.92380","56881.85699"
"AUS","Australia","2018","ingreso","national","2.15000","70.29950","57647.84551"
"AUS","Australia","2019","ingreso","national","2.15000","71.49760","58048.61884"
"AUS","Australia","2020","ingreso","national","2.15000","72.71120","57260.46505"
"AUS","Australia","2021","ingreso","national","2.15000","74.00200","58327.41468"
"AUS","Australia","2022","ingreso","national","2.15000","76.59130","60029.13292"
"AUS","Australia","2023","ingreso","national","2.15000","77.72560","60684.95962"
"AUS","Australia","2024","ingreso","national","2.15000","77.24260","60309.58318"
"AUS","Australia","2025","ingreso","national","2.15000","77.66980","60194.06335"
"AUT","Austria","1990","ingreso","national","2.15000","59.61740","43258.11441"
"AUT","Austria","1991","ingreso","national","2.15000","60.79290","44302.35931"
"AUT","Austria","1992","ingreso","national","2.15000","62.21950","44734.79112"
"AUT","Austria","1993","ingreso","national","2.15000","61.77390","44601.14423"
"AUT","Austria","1994","ingreso","national","2.15000","62.79380","45497.07475"
"AUT","Austria","1995","ingreso","national","2.15000","61.45820","46639.46674"
"AUT","Austria","1996","ingreso","national","2.15000","58.96560","47608.56430"
"AUT","Austria","1997","ingreso","national","2.15000","58.90660","48575.09071"
"AUT","Austria","1998","ingreso","national","2.15000","61.76800","50216.62823"
"AUT","Austria","1999","ingreso","national","2.15000","63.60510","52004.45978"
"AUT","Austria","2000","ingreso","national","2.15000","61.81580","53534.26699"
"AUT","Austria","2001","ingreso","national","2.15000","63.26120","54032.07575"
"AUT","Austria","2002","ingreso","national","2.15000","63.56770","54565.00042"
"AUT","Austria","2003","ingreso","national","2.15000","65.60810","54919.71019"
"AUT","Austria","2004","ingreso","national","2.15000","69.23690","55980.15317"
"AUT","Austria","2005","ingreso","national","2.15000","66.17240","56890.19962"
"AUT","Austria","2006","ingreso","national","2.15000","67.74370","58460.15505"
"AUT","Austria","2007","ingreso","national","2.15000","70.55610","60470.82514"
"AUT","Austria","2008","ingreso","national","2.15000","71.73590","61157.90150"
"AUT","Austria","2009","ingreso","national","2.15000","74.28670","58810.35968"
"AUT","Austria","2010","ingreso","national","2.15000","75.03740","59730.46739"
"AUT","Austria","2011","ingreso","national","2.15000","73.63030","61272.17247"
"AUT","Austria","2012","ingreso","national","2.15000","71.94710","61376.63459"
"AUT","Austria","2013","ingreso","national","2.15000","75.47190","60862.96937"
"AUT","Austria","2014","ingreso","national","2.15000","74.30840","60845.57440"
"AUT","Austria","2015","ingreso","national","2.15000","74.03090","60951.60373"
"AUT","Austria","2016","ingreso","national","2.15000","77.38430","61572.62574"
"AUT","Austria","2017","ingreso","national","2.15000","76.34840","62535.81057"
"AUT","Austria","2018","ingreso","national","2.15000","77.14860","63777.93622"
"AUT","Austria","2019","ingreso","national","2.15000","78.69560","64609.28364"
"AUT","Austria","2020","ingreso","national","2.15000","78.89990","60276.33077"
"AUT","Austria","2021","ingreso","national","2.15000","78.75370","62968.85388"
"AUT","Austria","2022","ingreso","national","2.15000","82.42670","65694.45915"
"AUT","Austria","2023","ingreso","national","2.15000","81.63120","64536.20763"
"AUT","Austria","2024","ingreso","national","2.15000","80.68480","63787.98917"
"AUT","Austria","2025","ingreso","national","2.15000","80.70120","63970.40085"
"AZE","Azerbaiyán","1990","consumo","national","2.15000","11.56280","10776.06770"
"AZE","Azerbaiyán","1991","consumo","national","2.15000","11.39990","10559.21194"
"AZE","Azerbaiyán","1992","consumo","national","2.15000","9.50380","8050.21624"
"AZE","Azerbaiyán","1993","consumo","national","2.15000","7.89010","6097.48622"
"AZE","Azerbaiyán","1994","consumo","national","2.15000","6.74260","4830.69940"
"AZE","Azerbaiyán","1995","consumo","national","2.15000","6.13780","4211.72114"
"AZE","Azerbaiyán","1996","consumo","national","2.15000","6.14640","4223.52297"
"AZE","Azerbaiyán","1997","consumo","national","2.15000","6.29300","4425.58824"
"AZE","Azerbaiyán","1998","consumo","national","2.15000","6.57660","4822.16019"
"AZE","Azerbaiyán","1999","consumo","national","2.15000","6.79400","5133.74812"
"AZE","Azerbaiyán","2000","consumo","national","2.15000","7.15240","5656.92989"
"AZE","Azerbaiyán","2001","consumo","national","2.15000","7.49340","6168.98512"
"AZE","Azerbaiyán","2002","consumo","national","2.15000","9.45730","6701.08174"
"AZE","Azerbaiyán","2003","consumo","national","2.15000","9.85270","7329.40602"
"AZE","Azerbaiyán","2004","consumo","national","2.15000","10.13930","7937.85948"
"AZE","Azerbaiyán","2005","consumo","national","2.15000","11.27460","10054.10034"
"AZE","Azerbaiyán","2006","consumo","national","2.15000","13.87880","13371.65852"
"AZE","Azerbaiyán","2007","consumo","national","2.15000","16.21520","16587.36572"
"AZE","Azerbaiyán","2008","consumo","national","2.15000","17.15650","17963.02081"
"AZE","Azerbaiyán","2009","consumo","national","2.15000","18.01190","19242.39001"
"AZE","Azerbaiyán","2010","consumo","national","2.15000","18.45940","19925.39007"
"AZE","Azerbaiyán","2011","consumo","national","2.15000","18.09150","19358.07781"
"AZE","Azerbaiyán","2012","consumo","national","2.15000","18.19960","19523.37372"
"AZE","Azerbaiyán","2013","consumo","national","2.15000","18.77080","20398.64623"
"AZE","Azerbaiyán","2014","consumo","national","2.15000","18.97080","20709.20161"
"AZE","Azerbaiyán","2015","consumo","national","2.15000","18.95130","20678.75396"
"AZE","Azerbaiyán","2016","consumo","national","2.15000","18.40190","19822.41059"
"AZE","Azerbaiyán","2017","consumo","national","2.15000","18.29580","19659.00486"
"AZE","Azerbaiyán","2018","consumo","national","2.15000","18.37580","19781.85091"
"AZE","Azerbaiyán","2019","consumo","national","2.15000","18.58360","20101.49188"
"AZE","Azerbaiyán","2020","consumo","national","2.15000","17.95240","19126.09685"
"AZE","Azerbaiyán","2021","consumo","national","2.15000","18.59980","20111.37570"
"AZE","Azerbaiyán","2022","consumo","national","2.15000","19.20820","21051.24423"
"AZE","Azerbaiyán","2023","consumo","national","2.15000","19.37400","21310.73869"
"AZE","Azerbaiyán","2024","consumo","national","2.15000","19.85850","22090.52980"
"AZE","Azerbaiyán","2025","consumo","national","2.15000","20.10780","22314.21690"
"BHS","Bahamas","1990","ingreso","national","2.15000","33.18770","33072.15961"
"BHS","Bahamas","1991","ingreso","national","2.15000","31.84770","31148.90526"
"BHS","Bahamas","1992","ingreso","national","2.15000","30.54080","29412.88050"
"BHS","Bahamas","1993","ingreso","national","2.15000","30.44240","28955.35106"
"BHS","Bahamas","1994","ingreso","national","2.15000","31.02590","29346.36048"
"BHS","Bahamas","1995","ingreso","national","2.15000","31.95730","30128.19356"
"BHS","Bahamas","1996","ingreso","national","2.15000","32.89880","30907.82080"
"BHS","Bahamas","1997","ingreso","national","2.15000","33.07660","30839.02480"
"BHS","Bahamas","1998","ingreso","national","2.15000","34.26090","31836.52649"
"BHS","Bahamas","1999","ingreso","national","2.15000","36.19500","33657.80459"
"BHS","Bahamas","2000","ingreso","national","2.15000","37.31210","34597.16211"
"BHS","Bahamas","2001","ingreso","national","2.15000","37.92560","35072.36590"
"BHS","Bahamas","2002","ingreso","national","2.15000","38.56390","35610.67864"
"BHS","Bahamas","2003","ingreso","national","2.15000","37.83890","34740.76355"
"BHS","Bahamas","2004","ingreso","national","2.15000","37.58460","34617.80511"
"BHS","Bahamas","2005","ingreso","national","2.15000","38.54430","35365.46640"
"BHS","Bahamas","2006","ingreso","national","2.15000","39.03200","35789.13221"
"BHS","Bahamas","2007","ingreso","national","2.15000","39.11280","35797.11897"
"BHS","Bahamas","2008","ingreso","national","2.15000","37.98860","34498.03514"
"BHS","Bahamas","2009","ingreso","national","2.15000","36.32300","32630.26307"
"BHS","Bahamas","2010","ingreso","national","2.15000","36.51810","32711.45925"
"BHS","Bahamas","2011","ingreso","national","2.15000","36.53170","32535.66251"
"BHS","Bahamas","2012","ingreso","national","2.15000","37.80740","33667.55471"
"BHS","Bahamas","2013","ingreso","national","2.15000","36.81240","32402.91635"
"BHS","Bahamas","2014","ingreso","national","2.15000","37.26410","32712.63567"
"BHS","Bahamas","2015","ingreso","national","2.15000","36.88020","32777.58494"
"BHS","Bahamas","2016","ingreso","national","2.15000","36.88670","32172.33652"
"BHS","Bahamas","2017","ingreso","national","2.15000","37.80770","33050.03501"
"BHS","Bahamas","2018","ingreso","national","2.15000","38.47020","33650.21644"
"BHS","Bahamas","2019","ingreso","national","2.15000","33.45700","33202.49021"
"BHS","Bahamas","2020","ingreso","national","2.15000","30.85260","26452.69576"
"BHS","Bahamas","2021","ingreso","national","2.15000","34.38220","31064.68222"
"BHS","Bahamas","2022","ingreso","national","2.15000","39.62770","34342.92853"
"BHS","Bahamas","2023","ingreso","national","2.15000","40.62380","35221.26969"
"BHS","Bahamas","2024","ingreso","national","2.15000","41.81170","36244.05001"
"BHR","Bahrein","1990","consumo","national","2.15000","21.27000","41856.54451"
"BHR","Bahrein","1991","consumo","national","2.15000","22.62480","47644.02347"
"BHR","Bahrein","1992","consumo","national","2.15000","23.16940","49511.94740"
"BHR","Bahrein","1993","consumo","national","2.15000","24.36390","54433.13751"
"BHR","Bahrein","1994","consumo","national","2.15000","24.34660","52886.57890"
"BHR","Bahrein","1995","consumo","national","2.15000","24.81130","53537.68289"
"BHR","Bahrein","1996","consumo","national","2.15000","25.33220","54289.43804"
"BHR","Bahrein","1997","consumo","national","2.15000","25.76170","54512.85511"
"BHR","Bahrein","1998","consumo","national","2.15000","26.36950","55638.69359"
"BHR","Bahrein","1999","consumo","national","2.15000","26.90800","56522.22619"
"BHR","Bahrein","2000","consumo","national","2.15000","27.53440","57968.99561"
"BHR","Bahrein","2001","ingreso","national","2.15000","50.52430","57280.69867"
"BHR","Bahrein","2002","ingreso","national","2.15000","49.37680","55096.65716"
"BHR","Bahrein","2003","ingreso","national","2.15000","49.40790","54431.87636"
"BHR","Bahrein","2004","ingreso","national","2.15000","49.70180","54045.09289"
"BHR","Bahrein","2005","ingreso","national","2.15000","49.91710","53478.26624"
"BHR","Bahrein","2006","ingreso","national","2.15000","50.02840","52691.93234"
"BHR","Bahrein","2007","ingreso","national","2.15000","50.90380","52731.79217"
"BHR","Bahrein","2008","ingreso","national","2.15000","51.86640","52765.38995"
"BHR","Bahrein","2009","ingreso","national","2.15000","51.04880","50665.75075"
"BHR","Bahrein","2010","ingreso","national","2.15000","52.03320","50704.84797"
"BHR","Bahrein","2011","ingreso","national","2.15000","54.89180","53132.32842"
"BHR","Bahrein","2012","ingreso","national","2.15000","56.78210","54516.84066"
"BHR","Bahrein","2013","ingreso","national","2.15000","58.11410","55376.40051"
"BHR","Bahrein","2014","ingreso","national","2.15000","58.23270","55065.81895"
"BHR","Bahrein","2015","ingreso","national","2.15000","57.69750","54149.91315"
"BHR","Bahrein","2016","ingreso","national","2.15000","57.90520","54107.07522"
"BHR","Bahrein","2017","ingreso","national","2.15000","57.86490","53859.77496"
"BHR","Bahrein","2018","ingreso","national","2.15000","59.02390","54893.07244"
"BHR","Bahrein","2019","ingreso","national","2.15000","61.00580","56749.96284"
"BHR","Bahrein","2020","ingreso","national","2.15000","54.50150","53814.24526"
"BHR","Bahrein","2021","ingreso","national","2.15000","57.77040","54954.67579"
"BHR","Bahrein","2022","ingreso","national","2.15000","62.92300","57572.99798"
"BHR","Bahrein","2023","ingreso","national","2.15000","63.66060","57819.90518"
"BHR","Bahrein","2024","ingreso","national","2.15000","65.10100","59060.18184"
"BHR","Bahrein","2025","ingreso","national","2.15000","65.85990","60669.63078"
"BGD","Bangladesh","1990","consumo","national","2.15000","3.45900","2069.78230"
"BGD","Bangladesh","1991","consumo","national","2.15000","3.43090","2101.38366"
"BGD","Bangladesh","1992","consumo","national","2.15000","3.52600","2174.38233"
"BGD","Bangladesh","1993","consumo","national","2.15000","3.68550","2234.81012"
"BGD","Bangladesh","1994","consumo","national","2.15000","3.86230","2279.09435"
"BGD","Bangladesh","1995","consumo","national","2.15000","4.06410","2351.70388"
"BGD","Bangladesh","1996","consumo","national","2.15000","4.16870","2413.54298"
"BGD","Bangladesh","1997","consumo","national","2.15000","4.19690","2475.59575"
"BGD","Bangladesh","1998","consumo","national","2.15000","4.22630","2555.06119"
"BGD","Bangladesh","1999","consumo","national","2.15000","4.25720","2624.06554"
"BGD","Bangladesh","2000","consumo","national","2.15000","4.29210","2712.93512"
"BGD","Bangladesh","2001","consumo","national","2.15000","4.36180","2803.55472"
"BGD","Bangladesh","2002","consumo","national","2.15000","4.43180","2866.43454"
"BGD","Bangladesh","2003","consumo","national","2.15000","4.52360","2958.91503"
"BGD","Bangladesh","2004","consumo","national","2.15000","4.64420","3071.83779"
"BGD","Bangladesh","2005","consumo","national","2.15000","4.79080","3231.61371"
"BGD","Bangladesh","2006","consumo","national","2.15000","4.86200","3407.42735"
"BGD","Bangladesh","2007","consumo","national","2.15000","4.93270","3608.91544"
"BGD","Bangladesh","2008","consumo","national","2.15000","4.99370","3787.93828"
"BGD","Bangladesh","2009","consumo","national","2.15000","5.05460","3942.13631"
"BGD","Bangladesh","2010","consumo","national","2.15000","5.12780","4125.46390"
"BGD","Bangladesh","2011","consumo","national","2.15000","5.20230","4352.42643"
"BGD","Bangladesh","2012","consumo","national","2.15000","5.27630","4592.04841"
"BGD","Bangladesh","2013","consumo","national","2.15000","5.35020","4822.72621"
"BGD","Bangladesh","2014","consumo","national","2.15000","5.43110","5068.63966"
"BGD","Bangladesh","2015","consumo","national","2.15000","5.52340","5352.71133"
"BGD","Bangladesh","2016","consumo","national","2.15000","5.61990","5682.53553"
"BGD","Bangladesh","2017","consumo","national","2.15000","5.93490","6005.70719"
"BGD","Bangladesh","2018","consumo","national","2.15000","6.29780","6392.59334"
"BGD","Bangladesh","2019","consumo","national","2.15000","6.56410","6838.32612"
"BGD","Bangladesh","2020","consumo","national","2.15000","6.81840","7015.19793"
"BGD","Bangladesh","2021","consumo","national","2.15000","7.18210","7441.06914"
"BGD","Bangladesh","2022","consumo","national","2.15000","7.51020","7888.16389"
"BGD","Bangladesh","2023","consumo","national","2.15000","7.70530","8242.39799"
"BGD","Bangladesh","2024","consumo","national","2.15000","7.87630","8486.78496"
"BGD","Bangladesh","2025","consumo","national","2.15000","8.02690","8676.75576"
"BRB","Barbados","1990","consumo","national","2.15000","17.55290","19195.88712"
"BRB","Barbados","1991","consumo","national","2.15000","17.03770","18391.00740"
"BRB","Barbados","1992","consumo","national","2.15000","16.32020","17284.51966"
"BRB","Barbados","1993","consumo","national","2.15000","16.37730","17370.87349"
"BRB","Barbados","1994","consumo","national","2.15000","16.58130","17679.99855"
"BRB","Barbados","1995","consumo","national","2.15000","16.79610","18007.23377"
"BRB","Barbados","1996","consumo","national","2.15000","17.25220","18705.79763"
"BRB","Barbados","1997","consumo","national","2.15000","17.81940","19584.40760"
"BRB","Barbados","1998","consumo","national","2.15000","18.28220","20311.19928"
"BRB","Barbados","1999","consumo","national","2.15000","18.32110","20372.88393"
"BRB","Barbados","2000","consumo","national","2.15000","18.91470","21315.76843"
"BRB","Barbados","2001","consumo","national","2.15000","18.58360","20782.84325"
"BRB","Barbados","2002","consumo","national","2.15000","18.60050","20809.85672"
"BRB","Barbados","2003","consumo","national","2.15000","18.80230","21132.32820"
"BRB","Barbados","2004","consumo","national","2.15000","18.91210","21308.60526"
"BRB","Barbados","2005","consumo","national","2.15000","19.36360","22035.38596"
"BRB","Barbados","2006","consumo","national","2.15000","20.11740","23260.86454"
"BRB","Barbados","2007","consumo","national","2.15000","20.34210","23631.94339"
"BRB","Barbados","2008","consumo","national","2.15000","20.35740","23657.29007"
"BRB","Barbados","2009","consumo","national","2.15000","19.57280","22354.84048"
"BRB","Barbados","2010","consumo","national","2.15000","19.21450","20464.79397"
"BRB","Barbados","2011","consumo","national","2.15000","19.12920","20383.25309"
"BRB","Barbados","2012","consumo","national","2.15000","18.63480","19743.57827"
"BRB","Barbados","2013","consumo","national","2.15000","18.37020","19730.34697"
"BRB","Barbados","2014","consumo","national","2.15000","18.43520","19840.83062"
"BRB","Barbados","2015","consumo","national","2.15000","18.25480","19642.23225"
"BRB","Barbados","2016","consumo","national","2.15000","18.41780","19877.11201"
"BRB","Barbados","2017","consumo","national","2.15000","18.48260","19966.32024"
"BRB","Barbados","2018","consumo","national","2.15000","18.29290","19877.67596"
"BRB","Barbados","2019","consumo","national","2.15000","18.29940","19890.45571"
"BRB","Barbados","2020","consumo","national","2.15000","16.44040","16399.70201"
"BRB","Barbados","2021","consumo","national","2.15000","16.41100","17686.74694"
"BRB","Barbados","2022","consumo","national","2.15000","18.38160","20494.53438"
"BRB","Barbados","2023","consumo","national","2.15000","18.75570","20865.01554"
"BRB","Barbados","2024","consumo","national","2.15000","19.07540","21557.52764"
"BRB","Barbados","2025","consumo","national","2.15000","19.40150","22127.36050"
"BLR","Belarús","1990","ingreso","national","2.15000","7.83400","12351.63571"
"BLR","Belarús","1991","ingreso","national","2.15000","7.34200","12197.78779"
"BLR","Belarús","1992","ingreso","national","2.15000","6.92430","11002.60176"
"BLR","Belarús","1993","ingreso","national","2.15000","6.57070","10143.98401"
"BLR","Belarús","1994","ingreso","national","2.15000","8.36090","8967.73073"
"BLR","Belarús","1995","ingreso","national","2.15000","9.80990","8061.19604"
"BLR","Belarús","1996","ingreso","national","2.15000","10.11860","8314.85657"
"BLR","Belarús","1997","consumo","national","2.15000","3.96090","9301.32718"
"BLR","Belarús","1998","consumo","national","2.15000","4.20740","10128.15605"
"BLR","Belarús","1999","consumo","national","2.15000","4.46400","10519.74891"
"BLR","Belarús","2000","consumo","national","2.15000","4.95520","11182.45483"
"BLR","Belarús","2001","consumo","national","2.15000","6.15120","11771.08720"
"BLR","Belarús","2002","consumo","national","2.15000","6.75690","12443.93226"
"BLR","Belarús","2003","consumo","national","2.15000","6.97180","13413.92655"
"BLR","Belarús","2004","consumo","national","2.15000","7.82970","15052.11822"
"BLR","Belarús","2005","consumo","national","2.15000","9.62940","16579.87317"
"BLR","Belarús","2006","consumo","national","2.15000","11.13410","18349.87191"
"BLR","Belarús","2007","consumo","national","2.15000","12.79560","20019.61117"
"BLR","Belarús","2008","consumo","national","2.15000","13.29610","22137.94729"
"BLR","Belarús","2009","consumo","national","2.15000","13.42850","22236.83877"
"BLR","Belarús","2010","consumo","national","2.15000","15.14950","24012.61330"
"BLR","Belarús","2011","consumo","national","2.15000","15.51890","25404.75661"
"BLR","Belarús","2012","consumo","national","2.15000","17.37910","25879.13194"
"BLR","Belarús","2013","consumo","national","2.15000","19.37470","26147.62536"
"BLR","Belarús","2014","consumo","national","2.15000","20.17740","26564.43472"
"BLR","Belarús","2015","consumo","national","2.15000","18.07430","25513.21330"
"BLR","Belarús","2016","consumo","national","2.15000","17.36400","24846.83015"
"BLR","Belarús","2017","consumo","national","2.15000","17.83170","25503.98098"
"BLR","Belarús","2018","consumo","national","2.15000","19.36000","26363.46298"
"BLR","Belarús","2019","consumo","national","2.15000","20.40580","26798.82064"
"BLR","Belarús","2020","consumo","national","2.15000","20.54720","26731.49539"
"BLR","Belarús","2021","consumo","national","2.15000","21.35730","27611.18011"
"BLR","Belarús","2022","consumo","national","2.15000","21.43880","26537.50831"
"BLR","Belarús","2023","consumo","national","2.15000","22.73720","27782.43801"
"BLR","Belarús","2024","consumo","national","2.15000","24.80060","29135.94651"
"BLR","Belarús","2025","consumo","national","2.15000","25.25360","29666.21157"
"BLZ","Belice","1990","ingreso","national","2.15000","10.20510","8251.61763"
"BLZ","Belice","1991","ingreso","national","2.15000","11.16490","9028.07344"
"BLZ","Belice","1992","ingreso","national","2.15000","12.32670","9967.77779"
"BLZ","Belice","1993","ingreso","national","2.15000","12.82010","10366.85906"
"BLZ","Belice","1994","ingreso","national","2.15000","12.46400","10146.39968"
"BLZ","Belice","1995","consumo","national","2.15000","15.82150","9967.84688"
"BLZ","Belice","1996","ingreso","national","2.15000","10.02060","9782.64416"
"BLZ","Belice","1997","ingreso","national","2.15000","10.35730","9862.26635"
"BLZ","Belice","1998","ingreso","national","2.15000","9.43370","9894.59920"
"BLZ","Belice","1999","ingreso","national","2.15000","9.45700","10460.63461"
"BLZ","Belice","2000","consumo","national","2.15000","18.28850","11363.68688"
"BLZ","Belice","2001","consumo","national","2.15000","18.70550","11567.02657"
"BLZ","Belice","2002","consumo","national","2.15000","19.49240","11828.18657"
"BLZ","Belice","2003","consumo","national","2.15000","19.83010","12589.26794"
"BLZ","Belice","2004","consumo","national","2.15000","19.59210","12807.16588"
"BLZ","Belice","2005","consumo","national","2.15000","19.22780","12714.96974"
"BLZ","Belice","2006","consumo","national","2.15000","18.74300","12912.53002"
"BLZ","Belice","2007","consumo","national","2.15000","18.86100","12973.20672"
"BLZ","Belice","2008","consumo","national","2.15000","18.46700","12415.68113"
"BLZ","Belice","2009","consumo","national","2.15000","17.06080","12033.90968"
"BLZ","Belice","2010","consumo","national","2.15000","18.28000","11913.66360"
"BLZ","Belice","2011","consumo","national","2.15000","18.15370","11641.77174"
"BLZ","Belice","2012","consumo","national","2.15000","18.62300","11843.41534"
"BLZ","Belice","2013","consumo","national","2.15000","19.16650","12064.79726"
"BLZ","Belice","2014","consumo","national","2.15000","19.48360","12272.29579"
"BLZ","Belice","2015","consumo","national","2.15000","19.81910","12348.79450"
"BLZ","Belice","2016","consumo","national","2.15000","19.80000","12063.06004"
"BLZ","Belice","2017","consumo","national","2.15000","16.77260","11572.30079"
"BLZ","Belice","2018","consumo","national","2.15000","18.09960","11451.89794"
"BLZ","Belice","2019","consumo","national","2.15000","20.23800","11765.97487"
"BLZ","Belice","2020","consumo","national","2.15000","18.16600","10045.14042"
"BLZ","Belice","2021","consumo","national","2.15000","20.00400","11716.32678"
"BLZ","Belice","2022","consumo","national","2.15000","21.15460","12565.36458"
"BLZ","Belice","2023","consumo","national","2.15000","21.00340","12371.00865"
"BLZ","Belice","2024","consumo","national","2.15000","21.47300","12621.40820"
"BLZ","Belice","2025","consumo","national","2.15000","21.45660","12788.84237"
"BEN","Benin","1990","consumo","national","2.15000","2.55330","2207.06796"
"BEN","Benin","1991","consumo","national","2.15000","2.57230","2230.46055"
"BEN","Benin","1992","consumo","national","2.15000","2.56910","2226.56666"
"BEN","Benin","1993","consumo","national","2.15000","2.59150","2254.24565"
"BEN","Benin","1994","consumo","national","2.15000","2.56020","2215.36617"
"BEN","Benin","1995","consumo","national","2.15000","2.62880","2300.14122"
"BEN","Benin","1996","consumo","national","2.15000","2.65880","2337.63031"
"BEN","Benin","1997","consumo","national","2.15000","2.70830","2399.78593"
"BEN","Benin","1998","consumo","national","2.15000","2.72350","2419.10014"
"BEN","Benin","1999","consumo","national","2.15000","2.76420","2470.68504"
"BEN","Benin","2000","consumo","national","2.15000","2.81550","2536.16886"
"BEN","Benin","2001","consumo","national","2.15000","2.85810","2591.06485"
"BEN","Benin","2002","consumo","national","2.15000","2.88830","2630.18061"
"BEN","Benin","2003","consumo","national","2.15000","2.89510","2639.04370"
"BEN","Benin","2004","consumo","national","2.15000","2.97260","2672.84404"
"BEN","Benin","2005","consumo","national","2.15000","2.92880","2632.47251"
"BEN","Benin","2006","consumo","national","2.15000","2.92570","2652.21842"
"BEN","Benin","2007","consumo","national","2.15000","3.10180","2729.13741"
"BEN","Benin","2008","consumo","national","2.15000","3.10150","2777.61974"
"BEN","Benin","2009","consumo","national","2.15000","3.10620","2758.07243"
"BEN","Benin","2010","consumo","national","2.15000","3.11230","2733.57400"
"BEN","Benin","2011","consumo","national","2.15000","3.10870","2732.01250"
"BEN","Benin","2012","consumo","national","2.15000","3.14630","2779.72648"
"BEN","Benin","2013","consumo","national","2.15000","3.15290","2893.04670"
"BEN","Benin","2014","consumo","national","2.15000","3.22410","2987.38236"
"BEN","Benin","2015","consumo","national","2.15000","3.15620","2952.00218"
"BEN","Benin","2016","consumo","national","2.15000","3.22630","2962.66382"
"BEN","Benin","2017","consumo","national","2.15000","3.74530","3041.77930"
"BEN","Benin","2018","consumo","national","2.15000","4.48520","3155.45107"
"BEN","Benin","2019","consumo","national","2.15000","4.96070","3281.10470"
"BEN","Benin","2020","consumo","national","2.15000","5.00170","3317.85972"
"BEN","Benin","2021","consumo","national","2.15000","5.16460","3464.28863"
"BEN","Benin","2022","consumo","national","2.15000","5.29920","3588.32520"
"BEN","Benin","2023","consumo","national","2.15000","5.43660","3721.21255"
"BEN","Benin","2024","consumo","national","2.15000","5.62080","3901.32588"
"BEN","Benin","2025","consumo","national","2.15000","5.77850","4116.21516"
"BMU","Bermuda","1990","ingreso","national","2.15000","70.21030","79750.85677"
"BMU","Bermuda","1991","ingreso","national","2.15000","68.49480","76368.27420"
"BMU","Bermuda","1992","ingreso","national","2.15000","68.96330","75769.90294"
"BMU","Bermuda","1993","ingreso","national","2.15000","71.46000","77506.74374"
"BMU","Bermuda","1994","ingreso","national","2.15000","72.89440","77473.57561"
"BMU","Bermuda","1995","ingreso","national","2.15000","77.07400","80430.64365"
"BMU","Bermuda","1996","ingreso","national","2.15000","80.34170","82126.25738"
"BMU","Bermuda","1997","ingreso","national","2.15000","84.83980","85384.44746"
"BMU","Bermuda","1998","ingreso","national","2.15000","88.75820","88038.53816"
"BMU","Bermuda","1999","ingreso","national","2.15000","92.25130","90294.38285"
"BMU","Bermuda","2000","ingreso","national","2.15000","100.27540","98024.07888"
"BMU","Bermuda","2001","ingreso","national","2.15000","107.02220","104565.26395"
"BMU","Bermuda","2002","ingreso","national","2.15000","105.65170","102564.10888"
"BMU","Bermuda","2003","ingreso","national","2.15000","105.65750","105647.44605"
"BMU","Bermuda","2004","ingreso","national","2.15000","110.09120","107807.76071"
"BMU","Bermuda","2005","ingreso","national","2.15000","111.22690","109340.01212"
"BMU","Bermuda","2006","ingreso","national","2.15000","116.26360","115175.77302"
"BMU","Bermuda","2007","ingreso","national","2.15000","119.65890","118696.09207"
"BMU","Bermuda","2008","ingreso","national","2.15000","117.68210","115947.63293"
"BMU","Bermuda","2009","ingreso","national","2.15000","112.10060","108967.42737"
"BMU","Bermuda","2010","ingreso","national","2.15000","110.16940","105973.35885"
"BMU","Bermuda","2011","ingreso","national","2.15000","107.53550","101994.24268"
"BMU","Bermuda","2012","ingreso","national","2.15000","103.54300","96715.16600"
"BMU","Bermuda","2013","ingreso","national","2.15000","104.21120","96553.87268"
"BMU","Bermuda","2014","ingreso","national","2.15000","101.80920","93046.21010"
"BMU","Bermuda","2015","ingreso","national","2.15000","103.47850","93863.84834"
"BMU","Bermuda","2016","ingreso","national","2.15000","103.86350","93269.01376"
"BMU","Bermuda","2017","ingreso","national","2.15000","108.17090","96441.27188"
"BMU","Bermuda","2018","ingreso","national","2.15000","108.85490","95643.27341"
"BMU","Bermuda","2019","ingreso","national","2.15000","110.18430","95523.96231"
"BMU","Bermuda","2020","ingreso","national","2.15000","104.55440","88484.81560"
"BMU","Bermuda","2021","ingreso","national","2.15000","109.77260","92319.67149"
"BMU","Bermuda","2022","ingreso","national","2.15000","117.32480","97943.05490"
"BMU","Bermuda","2023","ingreso","national","2.15000","123.90250","102268.92280"
"BMU","Bermuda","2024","ingreso","national","2.15000","131.42210","104299.94436"
"BTN","Bhután","1990","consumo","national","2.15000","4.43900","3411.38376"
"BTN","Bhután","1991","consumo","national","2.15000","4.37210","3338.00942"
"BTN","Bhután","1992","consumo","national","2.15000","4.63490","3624.59782"
"BTN","Bhután","1993","consumo","national","2.15000","4.83720","3850.55129"
"BTN","Bhután","1994","consumo","national","2.15000","5.00590","4042.49418"
"BTN","Bhután","1995","consumo","national","2.15000","5.29840","4379.87047"
"BTN","Bhután","1996","consumo","national","2.15000","5.49910","4616.91979"
"BTN","Bhután","1997","consumo","national","2.15000","5.63400","4778.70512"
"BTN","Bhután","1998","consumo","national","2.15000","5.78850","4965.87646"
"BTN","Bhután","1999","consumo","national","2.15000","6.01330","5241.36664"
"BTN","Bhután","2000","consumo","national","2.15000","6.05040","5287.57435"
"BTN","Bhután","2001","consumo","national","2.15000","6.25710","5545.63055"
"BTN","Bhután","2002","consumo","national","2.15000","6.60900","5991.25498"
"BTN","Bhután","2003","consumo","national","2.15000","6.86560","6323.54120"
"BTN","Bhután","2004","consumo","national","2.15000","7.01890","6517.99683"
"BTN","Bhután","2005","consumo","national","2.15000","7.27880","6850.80442"
"BTN","Bhután","2006","consumo","national","2.15000","7.50210","7140.85609"
"BTN","Bhután","2007","consumo","national","2.15000","8.30360","8195.07074"
"BTN","Bhután","2008","consumo","national","2.15000","8.59910","8470.03472"
"BTN","Bhután","2009","consumo","national","2.15000","9.18350","9019.11861"
"BTN","Bhután","2010","consumo","national","2.15000","10.19300","9985.28455"
"BTN","Bhután","2011","consumo","national","2.15000","10.93300","10714.68657"
"BTN","Bhután","2012","consumo","national","2.15000","11.35960","11143.94454"
"BTN","Bhután","2013","consumo","national","2.15000","11.38900","11212.47943"
"BTN","Bhután","2014","consumo","national","2.15000","11.61700","11744.51891"
"BTN","Bhután","2015","consumo","national","2.15000","11.89430","12400.29832"
"BTN","Bhután","2016","consumo","national","2.15000","12.27730","13320.97590"
"BTN","Bhután","2017","consumo","national","2.15000","12.34300","13482.34253"
"BTN","Bhután","2018","consumo","national","2.15000","16.21040","13854.85440"
"BTN","Bhután","2019","consumo","national","2.15000","15.48300","14555.18840"
"BTN","Bhután","2020","consumo","national","2.15000","15.44500","12979.93695"
"BTN","Bhután","2021","consumo","national","2.15000","12.47180","13458.81267"
"BTN","Bhután","2022","consumo","national","2.15000","18.74190","14061.31203"
"BTN","Bhután","2023","consumo","national","2.15000","19.25410","14610.29591"
"BTN","Bhután","2024","consumo","national","2.15000","19.73550","15603.88713"
"BTN","Bhután","2025","consumo","national","2.15000","20.57840","16743.87039"
"BOL","Bolivia","1990","ingreso","national","2.15000","13.07400","6247.10447"
"BOL","Bolivia","1991","ingreso","national","2.15000","13.47850","6440.48571"
"BOL","Bolivia","1992","ingreso","national","2.15000","13.42380","6414.32867"
"BOL","Bolivia","1993","ingreso","national","2.15000","13.72190","6556.81641"
"BOL","Bolivia","1994","ingreso","national","2.15000","14.08690","6731.28488"
"BOL","Bolivia","1995","ingreso","national","2.15000","14.46980","6914.34190"
"BOL","Bolivia","1996","ingreso","national","2.15000","14.82400","7083.61313"
"BOL","Bolivia","1997","ingreso","national","2.15000","15.27980","7301.50936"
"BOL","Bolivia","1998","ingreso","national","2.15000","14.66320","7534.51656"
"BOL","Bolivia","1999","ingreso","national","2.15000","13.38120","7435.72544"
"BOL","Bolivia","2000","ingreso","national","2.15000","12.49560","7492.43382"
"BOL","Bolivia","2001","ingreso","national","2.15000","12.95730","7491.15258"
"BOL","Bolivia","2002","ingreso","national","2.15000","12.95070","7550.01555"
"BOL","Bolivia","2003","ingreso","national","2.15000","13.51560","7625.90516"
"BOL","Bolivia","2004","ingreso","national","2.15000","14.89760","7811.59684"
"BOL","Bolivia","2005","ingreso","national","2.15000","15.84820","8020.63569"
"BOL","Bolivia","2006","ingreso","national","2.15000","16.88220","8263.31897"
"BOL","Bolivia","2007","ingreso","national","2.15000","16.81750","8493.94848"
"BOL","Bolivia","2008","ingreso","national","2.15000","17.63520","8865.27247"
"BOL","Bolivia","2009","ingreso","national","2.15000","18.64250","9011.55630"
"BOL","Bolivia","2010","ingreso","national","2.15000","19.38320","9230.39808"
"BOL","Bolivia","2011","ingreso","national","2.15000","20.47990","9554.44503"
"BOL","Bolivia","2012","ingreso","national","2.15000","20.96180","9884.46164"
"BOL","Bolivia","2013","ingreso","national","2.15000","23.10760","10391.38338"
"BOL","Bolivia","2014","ingreso","national","2.15000","23.23520","10790.84729"
"BOL","Bolivia","2015","ingreso","national","2.15000","22.39930","11144.64157"
"BOL","Bolivia","2016","ingreso","national","2.15000","21.34170","11448.02180"
"BOL","Bolivia","2017","ingreso","national","2.15000","21.56310","11755.25562"
"BOL","Bolivia","2018","ingreso","national","2.15000","21.18580","11920.31351"
"BOL","Bolivia","2019","ingreso","national","2.15000","22.15840","11930.91591"
"BOL","Bolivia","2020","ingreso","national","2.15000","22.14330","10285.65908"
"BOL","Bolivia","2021","ingreso","national","2.15000","22.09280","11202.44098"
"BOL","Bolivia","2022","ingreso","national","2.15000","21.71980","11487.71488"
"BOL","Bolivia","2023","ingreso","national","2.15000","22.93240","11616.15756"
"BOL","Bolivia","2024","ingreso","national","2.15000","22.14170","11329.15181"
"BOL","Bolivia","2025","ingreso","national","2.15000","21.98700","11000.53452"
"BIH","Bosnia y Herzegovina","1990","consumo","national","2.15000","6.06680","2413.93823"
"BIH","Bosnia y Herzegovina","1991","consumo","national","2.15000","5.66140","2183.52605"
"BIH","Bosnia y Herzegovina","1992","consumo","national","2.15000","5.60220","2150.91074"
"BIH","Bosnia y Herzegovina","1993","consumo","national","2.15000","5.84100","2281.88984"
"BIH","Bosnia y Herzegovina","1994","consumo","national","2.15000","6.51460","2657.80295"
"BIH","Bosnia y Herzegovina","1995","consumo","national","2.15000","7.25680","3090.37824"
"BIH","Bosnia y Herzegovina","1996","consumo","national","2.15000","9.68720","4568.98266"
"BIH","Bosnia y Herzegovina","1997","consumo","national","2.15000","11.84210","6020.96024"
"BIH","Bosnia y Herzegovina","1998","consumo","national","2.15000","13.05140","6899.29706"
"BIH","Bosnia y Herzegovina","1999","consumo","national","2.15000","13.82210","7481.30399"
"BIH","Bosnia y Herzegovina","2000","consumo","national","2.15000","14.27370","7830.50186"
"BIH","Bosnia y Herzegovina","2001","consumo","national","2.15000","14.46770","7982.51885"
"BIH","Bosnia y Herzegovina","2002","consumo","national","2.15000","16.59310","8366.69156"
"BIH","Bosnia y Herzegovina","2003","consumo","national","2.15000","18.46610","8709.95672"
"BIH","Bosnia y Herzegovina","2004","consumo","national","2.15000","21.88920","9344.83016"
"BIH","Bosnia y Herzegovina","2005","consumo","national","2.15000","20.83420","9814.46964"
"BIH","Bosnia y Herzegovina","2006","consumo","national","2.15000","19.84420","10430.41200"
"BIH","Bosnia y Herzegovina","2007","consumo","national","2.15000","18.83980","11178.68148"
"BIH","Bosnia y Herzegovina","2008","consumo","national","2.15000","19.23290","11983.71996"
"BIH","Bosnia y Herzegovina","2009","consumo","national","2.15000","18.58100","11826.65014"
"BIH","Bosnia y Herzegovina","2010","consumo","national","2.15000","18.34590","12142.86170"
"BIH","Bosnia y Herzegovina","2011","consumo","national","2.15000","18.11580","12487.64906"
"BIH","Bosnia y Herzegovina","2012","consumo","national","2.15000","17.80350","12626.92632"
"BIH","Bosnia y Herzegovina","2013","consumo","national","2.15000","17.51660","13135.71751"
"BIH","Bosnia y Herzegovina","2014","consumo","national","2.15000","17.36200","13458.85258"
"BIH","Bosnia y Herzegovina","2015","consumo","national","2.15000","17.15020","14220.09000"
"BIH","Bosnia y Herzegovina","2016","consumo","national","2.15000","17.33090","14873.64111"
"BIH","Bosnia y Herzegovina","2017","consumo","national","2.15000","17.55150","15554.65874"
"BIH","Bosnia y Herzegovina","2018","consumo","national","2.15000","17.79990","16348.99971"
"BIH","Bosnia y Herzegovina","2019","consumo","national","2.15000","18.03500","17029.29720"
"BIH","Bosnia y Herzegovina","2020","consumo","national","2.15000","17.91140","16747.03539"
"BIH","Bosnia y Herzegovina","2021","consumo","national","2.15000","18.39290","18286.66150"
"BIH","Bosnia y Herzegovina","2022","consumo","national","2.15000","19.22630","19298.11708"
"BIH","Bosnia y Herzegovina","2023","consumo","national","2.15000","19.85580","19804.91815"
"BIH","Bosnia y Herzegovina","2024","consumo","national","2.15000","20.56730","20578.49954"
"BIH","Bosnia y Herzegovina","2025","consumo","national","2.15000","20.95540","21178.22601"
"BWA","Botswana","1990","consumo","national","2.15000","7.27900","10520.91840"
"BWA","Botswana","1991","consumo","national","2.15000","7.53680","11001.80136"
"BWA","Botswana","1992","consumo","national","2.15000","7.37330","11008.68102"
"BWA","Botswana","1993","consumo","national","2.15000","7.38580","10902.95128"
"BWA","Botswana","1994","consumo","national","2.15000","7.55410","10989.67006"
"BWA","Botswana","1995","consumo","national","2.15000","8.78030","11457.69944"
"BWA","Botswana","1996","consumo","national","2.15000","9.75130","11832.93878"
"BWA","Botswana","1997","consumo","national","2.15000","9.34500","12526.35224"
"BWA","Botswana","1998","consumo","national","2.15000","9.58660","12306.25048"
"BWA","Botswana","1999","consumo","national","2.15000","9.69350","13207.44735"
"BWA","Botswana","2000","consumo","national","2.15000","9.70590","13185.81715"
"BWA","Botswana","2001","consumo","national","2.15000","9.21820","12949.64031"
"BWA","Botswana","2002","consumo","national","2.15000","9.93680","13479.69607"
"BWA","Botswana","2003","consumo","national","2.15000","9.93100","13857.25883"
"BWA","Botswana","2004","consumo","national","2.15000","10.08020","13984.84151"
"BWA","Botswana","2005","consumo","national","2.15000","10.36580","14361.95763"
"BWA","Botswana","2006","consumo","national","2.15000","10.88500","15275.58288"
"BWA","Botswana","2007","consumo","national","2.15000","11.14230","15850.23435"
"BWA","Botswana","2008","consumo","national","2.15000","11.50950","16040.31532"
"BWA","Botswana","2009","consumo","national","2.15000","11.63290","13489.95092"
"BWA","Botswana","2010","consumo","national","2.15000","11.73630","14545.01981"
"BWA","Botswana","2011","consumo","national","2.15000","11.63190","15236.71888"
"BWA","Botswana","2012","consumo","national","2.15000","11.79630","14957.61891"
"BWA","Botswana","2013","consumo","national","2.15000","11.93970","16369.42530"
"BWA","Botswana","2014","consumo","national","2.15000","11.59400","17052.19241"
"BWA","Botswana","2015","consumo","national","2.15000","11.36260","15994.96430"
"BWA","Botswana","2016","consumo","national","2.15000","11.10810","16905.58874"
"BWA","Botswana","2017","consumo","national","2.15000","11.10860","17352.89585"
"BWA","Botswana","2018","consumo","national","2.15000","11.41030","17825.01857"
"BWA","Botswana","2019","consumo","national","2.15000","11.54500","18106.01055"
"BWA","Botswana","2020","consumo","national","2.15000","11.61550","16289.39136"
"BWA","Botswana","2021","consumo","national","2.15000","11.69540","17960.62544"
"BWA","Botswana","2022","consumo","national","2.15000","11.81260","18647.37346"
"BWA","Botswana","2023","consumo","national","2.15000","12.13150","18932.48027"
"BWA","Botswana","2024","consumo","national","2.15000","12.15030","18107.61445"
"BWA","Botswana","2025","consumo","national","2.15000","11.94260","17687.20424"
"BRA","Brasil","1990","ingreso","national","2.15000","10.97060","12633.28846"
"BRA","Brasil","1991","ingreso","national","2.15000","10.12200","12546.56050"
"BRA","Brasil","1992","ingreso","national","2.15000","8.73690","12271.97885"
"BRA","Brasil","1993","ingreso","national","2.15000","10.98950","12669.42872"
"BRA","Brasil","1994","ingreso","national","2.15000","11.82980","13202.93080"
"BRA","Brasil","1995","ingreso","national","2.15000","14.73040","13550.43937"
"BRA","Brasil","1996","ingreso","national","2.15000","14.81110","13641.62960"
"BRA","Brasil","1997","ingreso","national","2.15000","14.63950","13896.62499"
"BRA","Brasil","1998","ingreso","national","2.15000","15.08530","13737.70264"
"BRA","Brasil","1999","ingreso","national","2.15000","14.14710","13602.41371"
"BRA","Brasil","2000","ingreso","national","2.15000","15.22300","14005.34719"
"BRA","Brasil","2001","ingreso","national","2.15000","15.84440","14016.13138"
"BRA","Brasil","2002","ingreso","national","2.15000","16.08800","14265.90488"
"BRA","Brasil","2003","ingreso","national","2.15000","15.30260","14259.36641"
"BRA","Brasil","2004","ingreso","national","2.15000","15.37940","14911.26096"
"BRA","Brasil","2005","ingreso","national","2.15000","16.15650","15221.01383"
"BRA","Brasil","2006","ingreso","national","2.15000","17.35500","15657.47957"
"BRA","Brasil","2007","ingreso","national","2.15000","17.94620","16440.58374"
"BRA","Brasil","2008","ingreso","national","2.15000","18.90880","17113.36798"
"BRA","Brasil","2009","ingreso","national","2.15000","19.48890","16939.44078"
"BRA","Brasil","2010","ingreso","national","2.15000","20.32530","18062.15811"
"BRA","Brasil","2011","ingreso","national","2.15000","20.98020","18627.81045"
"BRA","Brasil","2012","ingreso","national","2.15000","22.50780","18832.21955"
"BRA","Brasil","2013","ingreso","national","2.15000","23.45540","19241.50598"
"BRA","Brasil","2014","ingreso","national","2.15000","23.94860","19183.17274"
"BRA","Brasil","2015","ingreso","national","2.15000","23.20310","18357.06906"
"BRA","Brasil","2016","ingreso","national","2.15000","23.18410","17620.92724"
"BRA","Brasil","2017","ingreso","national","2.15000","23.12800","17724.47996"
"BRA","Brasil","2018","ingreso","national","2.15000","23.94150","17917.74921"
"BRA","Brasil","2019","ingreso","national","2.15000","24.04650","18018.62092"
"BRA","Brasil","2020","ingreso","national","2.15000","23.94420","17327.51572"
"BRA","Brasil","2021","ingreso","national","2.15000","21.80640","18075.70600"
"BRA","Brasil","2022","ingreso","national","2.15000","24.26670","18554.04618"
"BRA","Brasil","2023","ingreso","national","2.15000","25.46240","19079.81221"
"BRA","Brasil","2024","ingreso","national","2.15000","26.54510","19652.36550"
"BRA","Brasil","2025","ingreso","national","2.15000","27.08290","20024.69683"
"BRN","Brunei","1990","ingreso","national","2.15000","83.77860","118163.68337"
"BRN","Brunei","1991","ingreso","national","2.15000","84.45340","118220.68360"
"BRN","Brunei","1992","ingreso","national","2.15000","80.84620","111457.22088"
"BRN","Brunei","1993","ingreso","national","2.15000","79.21080","107899.13634"
"BRN","Brunei","1994","ingreso","national","2.15000","78.77710","106239.23269"
"BRN","Brunei","1995","ingreso","national","2.15000","78.70390","105043.85310"
"BRN","Brunei","1996","ingreso","national","2.15000","77.75690","102522.12542"
"BRN","Brunei","1997","ingreso","national","2.15000","81.11280","106503.42027"
"BRN","Brunei","1998","ingreso","national","2.15000","75.65990","97171.63726"
"BRN","Brunei","1999","ingreso","national","2.15000","77.64220","99083.32053"
"BRN","Brunei","2000","ingreso","national","2.15000","79.15950","100323.43992"
"BRN","Brunei","2001","ingreso","national","2.15000","79.34120","99680.76268"
"BRN","Brunei","2002","ingreso","national","2.15000","81.18540","101571.58378"
"BRN","Brunei","2003","ingreso","national","2.15000","82.82490","103226.91445"
"BRN","Brunei","2004","ingreso","national","2.15000","81.99820","101497.75480"
"BRN","Brunei","2005","ingreso","national","2.15000","81.10770","99795.68509"
"BRN","Brunei","2006","ingreso","national","2.15000","83.07090","102248.51030"
"BRN","Brunei","2007","ingreso","national","2.15000","79.34310","96752.62041"
"BRN","Brunei","2008","ingreso","national","2.15000","75.52280","91275.50009"
"BRN","Brunei","2009","ingreso","national","2.15000","73.09790","87875.82835"
"BRN","Brunei","2010","ingreso","national","2.15000","73.59690","88586.51337"
"BRN","Brunei","2011","ingreso","national","2.15000","74.78530","90279.66340"
"BRN","Brunei","2012","ingreso","national","2.15000","74.32750","89718.46360"
"BRN","Brunei","2013","ingreso","national","2.15000","72.04020","86606.65189"
"BRN","Brunei","2014","ingreso","national","2.15000","69.61390","83310.61518"
"BRN","Brunei","2015","ingreso","national","2.15000","68.57520","81910.18830"
"BRN","Brunei","2016","ingreso","national","2.15000","66.37850","78880.62285"
"BRN","Brunei","2017","ingreso","national","2.15000","66.47420","78966.86431"
"BRN","Brunei","2018","ingreso","national","2.15000","65.89810","78099.05078"
"BRN","Brunei","2019","ingreso","national","2.15000","67.52360","80228.15982"
"BRN","Brunei","2020","ingreso","national","2.15000","67.65720","80280.89806"
"BRN","Brunei","2021","ingreso","national","2.15000","65.98480","78248.79713"
"BRN","Brunei","2022","ingreso","national","2.15000","62.87730","76357.82911"
"BRN","Brunei","2023","ingreso","national","2.15000","65.31400","76616.70149"
"BRN","Brunei","2024","ingreso","national","2.15000","67.69070","79071.73338"
"BRN","Brunei","2025","ingreso","national","2.15000","69.08880","78985.12203"
"BGR","Bulgaria","1990","consumo","national","2.15000","23.16240","14954.13466"
"BGR","Bulgaria","1991","consumo","national","2.15000","18.74400","13827.47979"
"BGR","Bulgaria","1992","ingreso","national","2.15000","23.61920","12960.32213"
"BGR","Bulgaria","1993","consumo","national","2.15000","17.38420","12870.73865"
"BGR","Bulgaria","1994","consumo","national","2.15000","16.03700","13149.30769"
"BGR","Bulgaria","1995","consumo","national","2.15000","14.85000","13591.34311"
"BGR","Bulgaria","1996","consumo","national","2.15000","12.33610","14372.77151"
"BGR","Bulgaria","1997","consumo","national","2.15000","8.34700","12419.37977"
"BGR","Bulgaria","1998","consumo","national","2.15000","10.46060","12976.26700"
"BGR","Bulgaria","1999","consumo","national","2.15000","9.53080","11953.59836"
"BGR","Bulgaria","2000","consumo","national","2.15000","8.97410","12563.83623"
"BGR","Bulgaria","2001","consumo","national","2.15000","11.78630","13306.50446"
"BGR","Bulgaria","2002","consumo","national","2.15000","11.52570","14397.00132"
"BGR","Bulgaria","2003","consumo","national","2.15000","11.03920","15271.48395"
"BGR","Bulgaria","2004","consumo","national","2.15000","11.70090","16388.96001"
"BGR","Bulgaria","2005","consumo","national","2.15000","12.44850","17678.03397"
"BGR","Bulgaria","2006","ingreso","national","2.15000","12.29980","19024.54381"
"BGR","Bulgaria","2007","consumo","national","2.15000","14.70320","20440.25259"
"BGR","Bulgaria","2008","ingreso","national","2.15000","19.13980","21845.95472"
"BGR","Bulgaria","2009","ingreso","national","2.15000","19.97260","21251.21686"
"BGR","Bulgaria","2010","ingreso","national","2.15000","19.12600","21724.28635"
"BGR","Bulgaria","2011","ingreso","national","2.15000","17.72200","22321.03317"
"BGR","Bulgaria","2012","ingreso","national","2.15000","18.63050","22618.81043"
"BGR","Bulgaria","2013","ingreso","national","2.15000","20.80380","22954.39640"
"BGR","Bulgaria","2014","ingreso","national","2.15000","22.17380","23455.48300"
"BGR","Bulgaria","2015","ingreso","national","2.15000","21.16340","24562.64888"
"BGR","Bulgaria","2016","ingreso","national","2.15000","25.29010","25636.74439"
"BGR","Bulgaria","2017","ingreso","national","2.15000","25.16630","26691.75800"
"BGR","Bulgaria","2018","ingreso","national","2.15000","29.18210","27690.89366"
"BGR","Bulgaria","2019","ingreso","national","2.15000","30.14930","29149.92151"
"BGR","Bulgaria","2020","ingreso","national","2.15000","33.94150","28521.20625"
"BGR","Bulgaria","2021","ingreso","national","2.15000","33.48340","30958.98302"
"BGR","Bulgaria","2022","ingreso","national","2.15000","35.41060","32433.65876"
"BGR","Bulgaria","2023","ingreso","national","2.15000","39.41160","33073.68031"
"BGR","Bulgaria","2024","ingreso","national","2.15000","41.39390","34221.38669"
"BGR","Bulgaria","2025","ingreso","national","2.15000","43.84440","35325.53179"
"BFA","Burkina Faso","1990","consumo","national","2.15000","1.67290","1107.85590"
"BFA","Burkina Faso","1991","consumo","national","2.15000","1.74700","1178.07705"
"BFA","Burkina Faso","1992","consumo","national","2.15000","1.72000","1152.04476"
"BFA","Burkina Faso","1993","consumo","national","2.15000","1.73110","1162.64923"
"BFA","Burkina Faso","1994","consumo","national","2.15000","1.71650","1148.60721"
"BFA","Burkina Faso","1995","consumo","national","2.15000","1.76800","1183.52861"
"BFA","Burkina Faso","1996","consumo","national","2.15000","1.92320","1280.69609"
"BFA","Burkina Faso","1997","consumo","national","2.15000","1.99540","1326.94231"
"BFA","Burkina Faso","1998","consumo","national","2.15000","2.08520","1385.09311"
"BFA","Burkina Faso","1999","consumo","national","2.15000","2.40850","1444.56690"
"BFA","Burkina Faso","2000","consumo","national","2.15000","2.32270","1428.57401"
"BFA","Burkina Faso","2001","consumo","national","2.15000","2.58500","1477.28492"
"BFA","Burkina Faso","2002","consumo","national","2.15000","2.67780","1494.67801"
"BFA","Burkina Faso","2003","consumo","national","2.15000","3.03470","1561.83310"
"BFA","Burkina Faso","2004","consumo","national","2.15000","3.03770","1581.25621"
"BFA","Burkina Faso","2005","consumo","national","2.15000","3.05050","1664.99543"
"BFA","Burkina Faso","2006","consumo","national","2.15000","3.05790","1714.76035"
"BFA","Burkina Faso","2007","consumo","national","2.15000","3.06050","1731.93046"
"BFA","Burkina Faso","2008","consumo","national","2.15000","3.11060","1779.32711"
"BFA","Burkina Faso","2009","consumo","national","2.15000","3.06750","1779.32306"
"BFA","Burkina Faso","2010","consumo","national","2.15000","3.21860","1873.97146"
"BFA","Burkina Faso","2011","consumo","national","2.15000","3.32220","1939.86660"
"BFA","Burkina Faso","2012","consumo","national","2.15000","3.42150","2003.66461"
"BFA","Burkina Faso","2013","consumo","national","2.15000","3.50380","2057.06393"
"BFA","Burkina Faso","2014","consumo","national","2.15000","3.54380","2083.19845"
"BFA","Burkina Faso","2015","consumo","national","2.15000","3.61920","2101.70266"
"BFA","Burkina Faso","2016","consumo","national","2.15000","3.86720","2162.72579"
"BFA","Burkina Faso","2017","consumo","national","2.15000","4.14760","2232.28781"
"BFA","Burkina Faso","2018","consumo","national","2.15000","4.48340","2316.39432"
"BFA","Burkina Faso","2019","consumo","national","2.15000","4.63350","2391.53627"
"BFA","Burkina Faso","2020","consumo","national","2.15000","4.51900","2380.93172"
"BFA","Burkina Faso","2021","consumo","national","2.15000","4.55590","2486.43093"
"BFA","Burkina Faso","2022","consumo","national","2.15000","4.46490","2469.19957"
"BFA","Burkina Faso","2023","consumo","national","2.15000","4.48640","2486.20670"
"BFA","Burkina Faso","2024","consumo","national","2.15000","4.56410","2548.50248"
"BFA","Burkina Faso","2025","consumo","national","2.15000","4.61680","2624.82858"
"BDI","Burundi","1990","consumo","national","2.15000","1.99970","1455.82623"
"BDI","Burundi","1991","consumo","national","2.15000","2.03960","1497.26901"
"BDI","Burundi","1992","consumo","national","2.15000","2.01590","1472.49317"
"BDI","Burundi","1993","consumo","national","2.15000","1.99670","1424.76601"
"BDI","Burundi","1994","consumo","national","2.15000","1.97080","1361.32213"
"BDI","Burundi","1995","consumo","national","2.15000","1.89610","1180.67489"
"BDI","Burundi","1996","consumo","national","2.15000","1.85490","1085.47116"
"BDI","Burundi","1997","consumo","national","2.15000","1.78730","1068.29383"
"BDI","Burundi","1998","consumo","national","2.15000","1.86040","1097.86452"
"BDI","Burundi","1999","consumo","national","2.15000","1.86500","1061.04411"
"BDI","Burundi","2000","consumo","national","2.15000","1.89500","1030.32235"
"BDI","Burundi","2001","consumo","national","2.15000","1.95630","1025.48375"
"BDI","Burundi","2002","consumo","national","2.15000","2.04550","1041.29719"
"BDI","Burundi","2003","consumo","national","2.15000","2.05030","996.56943"
"BDI","Burundi","2004","consumo","national","2.15000","2.13120","1006.51242"
"BDI","Burundi","2005","consumo","national","2.15000","2.15500","978.54196"
"BDI","Burundi","2006","consumo","national","2.15000","2.24640","995.02781"
"BDI","Burundi","2007","consumo","national","2.15000","2.27850","991.93141"
"BDI","Burundi","2008","consumo","national","2.15000","2.30120","998.56506"
"BDI","Burundi","2009","consumo","national","2.15000","2.34120","985.18477"
"BDI","Burundi","2010","consumo","national","2.15000","2.38270","988.01868"
"BDI","Burundi","2011","consumo","national","2.15000","2.42580","991.65988"
"BDI","Burundi","2012","consumo","national","2.15000","2.31200","999.22007"
"BDI","Burundi","2013","consumo","national","2.15000","2.50050","1011.43131"
"BDI","Burundi","2014","consumo","national","2.15000","2.57660","1019.17607"
"BDI","Burundi","2015","consumo","national","2.15000","2.52690","992.28581"
"BDI","Burundi","2016","consumo","national","2.15000","2.55730","1006.55907"
"BDI","Burundi","2017","consumo","national","2.15000","2.58440","1020.84983"
"BDI","Burundi","2018","consumo","national","2.15000","2.63280","1043.40558"
"BDI","Burundi","2019","consumo","national","2.15000","2.65790","1054.72593"
"BDI","Burundi","2020","consumo","national","2.15000","2.61410","1027.62896"
"BDI","Burundi","2021","consumo","national","2.15000","2.62430","1032.38274"
"BDI","Burundi","2022","consumo","national","2.15000","2.61670","1028.11135"
"BDI","Burundi","2023","consumo","national","2.15000","2.62550","1033.00937"
"BDI","Burundi","2024","consumo","national","2.15000","2.65220","1048.05557"
"BDI","Burundi","2025","consumo","national","2.15000","2.67660","1066.51299"
"BEL","Bélgica","1990","ingreso","national","2.15000","43.50140","41640.05836"
"BEL","Bélgica","1991","ingreso","national","2.15000","44.36130","42246.07605"
"BEL","Bélgica","1992","ingreso","national","2.15000","44.86160","42719.04861"
"BEL","Bélgica","1993","ingreso","national","2.15000","46.97600","42143.19606"
"BEL","Bélgica","1994","ingreso","national","2.15000","49.04700","43369.27594"
"BEL","Bélgica","1995","ingreso","national","2.15000","53.75900","44310.62787"
"BEL","Bélgica","1996","ingreso","national","2.15000","53.44790","44808.52436"
"BEL","Bélgica","1997","ingreso","national","2.15000","52.86040","46396.00213"
"BEL","Bélgica","1998","ingreso","national","2.15000","56.94940","47205.30985"
"BEL","Bélgica","1999","ingreso","national","2.15000","59.65820","48765.76686"
"BEL","Bélgica","2000","ingreso","national","2.15000","63.42970","50455.73389"
"BEL","Bélgica","2001","ingreso","national","2.15000","61.40440","50835.39699"
"BEL","Bélgica","2002","ingreso","national","2.15000","59.09600","51471.85326"
"BEL","Bélgica","2003","ingreso","national","2.15000","56.85670","51788.84396"
"BEL","Bélgica","2004","ingreso","national","2.15000","61.35110","53406.69186"
"BEL","Bélgica","2005","ingreso","national","2.15000","61.28100","54346.89342"
"BEL","Bélgica","2006","ingreso","national","2.15000","60.24340","55367.62275"
"BEL","Bélgica","2007","ingreso","national","2.15000","61.99400","56983.46122"
"BEL","Bélgica","2008","ingreso","national","2.15000","62.82560","56787.73663"
"BEL","Bélgica","2009","ingreso","national","2.15000","63.47650","55258.70710"
"BEL","Bélgica","2010","ingreso","national","2.15000","63.00800","56240.20309"
"BEL","Bélgica","2011","ingreso","national","2.15000","61.47280","56585.30250"
"BEL","Bélgica","2012","ingreso","national","2.15000","63.21950","56356.82513"
"BEL","Bélgica","2013","ingreso","national","2.15000","63.08800","56263.17527"
"BEL","Bélgica","2014","ingreso","national","2.15000","63.84450","57002.90922"
"BEL","Bélgica","2015","ingreso","national","2.15000","64.60020","57509.02457"
"BEL","Bélgica","2016","ingreso","national","2.15000","63.90190","57901.49769"
"BEL","Bélgica","2017","ingreso","national","2.15000","64.60860","58529.33030"
"BEL","Bélgica","2018","ingreso","national","2.15000","66.12360","59357.68969"
"BEL","Bélgica","2019","ingreso","national","2.15000","68.41860","60479.97700"
"BEL","Bélgica","2020","ingreso","national","2.15000","68.14170","57333.54241"
"BEL","Bélgica","2021","ingreso","national","2.15000","70.83820","60669.21377"
"BEL","Bélgica","2022","ingreso","national","2.15000","68.39120","62602.92705"
"BEL","Bélgica","2023","ingreso","national","2.15000","69.92360","63042.00999"
"BEL","Bélgica","2024","ingreso","national","2.15000","70.20330","63311.27669"
"BEL","Bélgica","2025","ingreso","national","2.15000","70.65280","63488.42176"
"CPV","Cabo Verde","1990","consumo","national","2.15000","3.51410","1848.75865"
"CPV","Cabo Verde","1991","consumo","national","2.15000","3.48930","1830.07600"
"CPV","Cabo Verde","1992","consumo","national","2.15000","3.69560","1984.68063"
"CPV","Cabo Verde","1993","consumo","national","2.15000","3.86100","2111.62141"
"CPV","Cabo Verde","1994","consumo","national","2.15000","4.31440","2465.99393"
"CPV","Cabo Verde","1995","consumo","national","2.15000","4.67860","2763.39733"
"CPV","Cabo Verde","1996","consumo","national","2.15000","4.98610","3022.88825"
"CPV","Cabo Verde","1997","consumo","national","2.15000","5.30950","3302.97403"
"CPV","Cabo Verde","1998","consumo","national","2.15000","5.70820","3657.38119"
"CPV","Cabo Verde","1999","consumo","national","2.15000","6.08960","4006.47965"
"CPV","Cabo Verde","2000","consumo","national","2.15000","6.62540","4510.13574"
"CPV","Cabo Verde","2001","consumo","national","2.15000","6.65710","4540.90732"
"CPV","Cabo Verde","2002","consumo","national","2.15000","6.80550","4710.24105"
"CPV","Cabo Verde","2003","consumo","national","2.15000","6.85410","4841.26540"
"CPV","Cabo Verde","2004","consumo","national","2.15000","7.01130","5268.30312"
"CPV","Cabo Verde","2005","consumo","national","2.15000","7.11810","5565.76951"
"CPV","Cabo Verde","2006","consumo","national","2.15000","7.25080","5941.38218"
"CPV","Cabo Verde","2007","consumo","national","2.15000","7.53710","6767.40677"
"CPV","Cabo Verde","2008","consumo","national","2.15000","8.05310","7169.13944"
"CPV","Cabo Verde","2009","consumo","national","2.15000","7.75230","6994.57410"
"CPV","Cabo Verde","2010","consumo","national","2.15000","7.88690","7072.12150"
"CPV","Cabo Verde","2011","consumo","national","2.15000","8.32580","7325.78442"
"CPV","Cabo Verde","2012","consumo","national","2.15000","8.44920","7397.82221"
"CPV","Cabo Verde","2013","consumo","national","2.15000","8.52230","7440.66243"
"CPV","Cabo Verde","2014","consumo","national","2.15000","8.60810","7491.02198"
"CPV","Cabo Verde","2015","consumo","national","2.15000","8.72570","7560.13649"
"CPV","Cabo Verde","2016","consumo","national","2.15000","8.98510","7881.30336"
"CPV","Cabo Verde","2017","consumo","national","2.15000","9.26710","8234.56000"
"CPV","Cabo Verde","2018","consumo","national","2.15000","9.50070","8531.12962"
"CPV","Cabo Verde","2019","consumo","national","2.15000","9.95320","9111.62993"
"CPV","Cabo Verde","2020","consumo","national","2.15000","8.49750","7207.86854"
"CPV","Cabo Verde","2021","consumo","national","2.15000","8.89160","7685.41921"
"CPV","Cabo Verde","2022","consumo","national","2.15000","9.83480","8850.10669"
"CPV","Cabo Verde","2023","consumo","national","2.15000","10.12910","9228.46045"
"CPV","Cabo Verde","2024","consumo","national","2.15000","10.73600","9825.53410"
"CPV","Cabo Verde","2025","consumo","national","2.15000","11.08780","10395.74150"
"KHM","Camboya","1990","consumo","national","2.15000","3.21970","2646.09799"
"KHM","Camboya","1991","consumo","national","2.15000","3.28730","2731.37974"
"KHM","Camboya","1992","consumo","national","2.15000","3.32010","2769.48826"
"KHM","Camboya","1993","consumo","national","2.15000","3.30770","2714.59150"
"KHM","Camboya","1994","consumo","national","2.15000","2.67330","1650.39100"
"KHM","Camboya","1995","consumo","national","2.15000","2.70690","1672.73929"
"KHM","Camboya","1996","consumo","national","2.15000","2.69980","1643.01579"
"KHM","Camboya","1997","consumo","national","2.15000","2.69140","1595.17131"
"KHM","Camboya","1998","consumo","national","2.15000","2.73280","1602.38371"
"KHM","Camboya","1999","consumo","national","2.15000","2.90840","1775.41240"
"KHM","Camboya","2000","consumo","national","2.15000","3.07490","1922.03179"
"KHM","Camboya","2001","consumo","national","2.15000","3.23380","2032.08092"
"KHM","Camboya","2002","consumo","national","2.15000","3.38730","2126.34150"
"KHM","Camboya","2003","consumo","national","2.15000","3.60980","2309.83931"
"KHM","Camboya","2004","consumo","national","2.15000","3.83310","2491.30930"
"KHM","Camboya","2005","consumo","national","2.15000","4.12660","2781.89029"
"KHM","Camboya","2006","consumo","national","2.15000","4.39490","3041.10471"
"KHM","Camboya","2007","consumo","national","2.15000","4.65950","3308.15747"
"KHM","Camboya","2008","consumo","national","2.15000","4.88010","3501.92570"
"KHM","Camboya","2009","consumo","national","2.15000","5.04050","3587.60890"
"KHM","Camboya","2010","consumo","national","2.15000","5.22940","3711.53751"
"KHM","Camboya","2011","consumo","national","2.15000","5.47140","3921.97912"
"KHM","Camboya","2012","consumo","national","2.15000","5.74400","4159.16354"
"KHM","Camboya","2013","consumo","national","2.15000","6.01080","4419.39887"
"KHM","Camboya","2014","consumo","national","2.15000","6.30390","4702.73062"
"KHM","Camboya","2015","consumo","national","2.15000","6.57750","4968.57277"
"KHM","Camboya","2016","consumo","national","2.15000","6.87400","5283.72965"
"KHM","Camboya","2017","consumo","national","2.15000","7.18620","5632.03126"
"KHM","Camboya","2018","consumo","national","2.15000","7.53070","6050.59088"
"KHM","Camboya","2019","consumo","national","2.15000","7.84480","6448.88456"
"KHM","Camboya","2020","consumo","national","2.15000","7.71720","6128.78244"
"KHM","Camboya","2021","consumo","national","2.15000","7.73800","6225.53265"
"KHM","Camboya","2022","consumo","national","2.15000","8.04960","6458.36815"
"KHM","Camboya","2023","consumo","national","2.15000","8.24550","6695.29195"
"KHM","Camboya","2024","consumo","national","2.15000","8.47080","7011.58147"
"KHM","Camboya","2025","consumo","national","2.15000","8.69920","7300.08078"
"CMR","Camerún","1990","consumo","national","2.15000","4.95260","4517.61888"
"CMR","Camerún","1991","consumo","national","2.15000","4.72470","4220.65297"
"CMR","Camerún","1992","consumo","national","2.15000","4.53160","3974.27760"
"CMR","Camerún","1993","consumo","national","2.15000","4.19800","3556.31854"
"CMR","Camerún","1994","consumo","national","2.15000","4.17030","3522.74885"
"CMR","Camerún","1995","consumo","national","2.15000","4.17350","3526.54368"
"CMR","Camerún","1996","consumo","national","2.15000","4.21570","3577.59204"
"CMR","Camerún","1997","consumo","national","2.15000","4.58470","3641.70750"
"CMR","Camerún","1998","consumo","national","2.15000","4.99940","3714.13213"
"CMR","Camerún","1999","consumo","national","2.15000","5.37460","3780.06217"
"CMR","Camerún","2000","consumo","national","2.15000","5.61740","3822.94425"
"CMR","Camerún","2001","consumo","national","2.15000","5.96680","3884.87305"
"CMR","Camerún","2002","consumo","national","2.15000","5.91700","3951.41936"
"CMR","Camerún","2003","consumo","national","2.15000","5.90170","4054.78133"
"CMR","Camerún","2004","consumo","national","2.15000","5.94580","4222.96639"
"CMR","Camerún","2005","consumo","national","2.15000","5.79620","4199.72271"
"CMR","Camerún","2006","consumo","national","2.15000","5.70900","4241.51745"
"CMR","Camerún","2007","consumo","national","2.15000","5.63770","4302.61926"
"CMR","Camerún","2008","consumo","national","2.15000","5.83200","4300.26640"
"CMR","Camerún","2009","consumo","national","2.15000","6.01510","4286.57718"
"CMR","Camerún","2010","consumo","national","2.15000","6.21120","4286.58303"
"CMR","Camerún","2011","consumo","national","2.15000","5.66910","4307.85196"
"CMR","Camerún","2012","consumo","national","2.15000","6.11350","4382.11121"
"CMR","Camerún","2013","consumo","national","2.15000","6.65800","4473.57232"
"CMR","Camerún","2014","consumo","national","2.15000","7.33790","4588.48649"
"CMR","Camerún","2015","consumo","national","2.15000","7.36520","4698.66678"
"CMR","Camerún","2016","consumo","national","2.15000","7.34340","4767.13186"
"CMR","Camerún","2017","consumo","national","2.15000","7.27920","4797.97544"
"CMR","Camerún","2018","consumo","national","2.15000","7.23780","4851.48004"
"CMR","Camerún","2019","consumo","national","2.15000","7.17140","4882.35560"
"CMR","Camerún","2020","consumo","national","2.15000","6.95230","4763.48194"
"CMR","Camerún","2021","consumo","national","2.15000","6.88560","4793.55628"
"CMR","Camerún","2022","consumo","national","2.15000","6.87030","4843.65038"
"CMR","Camerún","2023","consumo","national","2.15000","6.90160","4875.25121"
"CMR","Camerún","2024","consumo","national","2.15000","6.94290","4916.93354"
"CMR","Camerún","2025","consumo","national","2.15000","7.00040","4945.95641"
"CAN","Canadá","1990","ingreso","national","2.15000","54.80470","40475.09644"
"CAN","Canadá","1991","ingreso","national","2.15000","53.04750","39139.29683"
"CAN","Canadá","1992","ingreso","national","2.15000","53.62390","39023.16681"
"CAN","Canadá","1993","ingreso","national","2.15000","51.98370","39622.46341"
"CAN","Canadá","1994","ingreso","national","2.15000","53.09060","40952.11977"
"CAN","Canadá","1995","ingreso","national","2.15000","52.94890","41617.70692"
"CAN","Canadá","1996","ingreso","national","2.15000","50.91370","41880.53559"
"CAN","Canadá","1997","ingreso","national","2.15000","51.73880","43241.22365"
"CAN","Canadá","1998","ingreso","national","2.15000","53.61560","44553.26517"
"CAN","Canadá","1999","ingreso","national","2.15000","54.97380","46464.52745"
"CAN","Canadá","2000","ingreso","national","2.15000","56.72000","48399.28644"
"CAN","Canadá","2001","ingreso","national","2.15000","58.87600","48774.14832"
"CAN","Canadá","2002","ingreso","national","2.15000","59.38230","49694.98709"
"CAN","Canadá","2003","ingreso","national","2.15000","59.46890","50139.76646"
"CAN","Canadá","2004","ingreso","national","2.15000","60.79960","51210.65940"
"CAN","Canadá","2005","ingreso","national","2.15000","62.27900","52356.53715"
"CAN","Canadá","2006","ingreso","national","2.15000","64.04930","53195.76086"
"CAN","Canadá","2007","ingreso","national","2.15000","66.58230","53761.84080"
"CAN","Canadá","2008","ingreso","national","2.15000","67.75700","53711.65803"
"CAN","Canadá","2009","ingreso","national","2.15000","68.07360","51552.40203"
"CAN","Canadá","2010","ingreso","national","2.15000","68.05680","52558.42006"
"CAN","Canadá","2011","ingreso","national","2.15000","68.43320","53681.10848"
"CAN","Canadá","2012","ingreso","national","2.15000","69.14360","54034.78217"
"CAN","Canadá","2013","ingreso","national","2.15000","70.47390","54712.15686"
"CAN","Canadá","2014","ingreso","national","2.15000","70.77890","55723.46157"
"CAN","Canadá","2015","ingreso","national","2.15000","71.33550","55660.84558"
"CAN","Canadá","2016","ingreso","national","2.15000","70.72390","55606.13299"
"CAN","Canadá","2017","ingreso","national","2.15000","73.29970","56612.30622"
"CAN","Canadá","2018","ingreso","national","2.15000","73.57140","57337.46829"
"CAN","Canadá","2019","ingreso","national","2.15000","73.56570","57583.82307"
"CAN","Canadá","2020","ingreso","national","2.15000","77.79200","54092.85769"
"CAN","Canadá","2021","ingreso","national","2.15000","77.73000","56995.09520"
"CAN","Canadá","2022","ingreso","national","2.15000","75.73450","58583.12999"
"CAN","Canadá","2023","ingreso","national","2.15000","74.82890","58088.37781"
"CAN","Canadá","2024","ingreso","national","2.15000","73.77430","57534.09152"
"CAN","Canadá","2025","ingreso","national","2.15000","73.86110","57989.57847"
"TCD","Chad","1990","consumo","national","2.15000","2.75040","1711.36988"
"TCD","Chad","1991","consumo","national","2.15000","2.83970","1790.73791"
"TCD","Chad","1992","consumo","national","2.15000","2.90950","1853.67668"
"TCD","Chad","1993","consumo","national","2.15000","2.54970","1526.05433"
"TCD","Chad","1994","consumo","national","2.15000","2.68580","1642.51653"
"TCD","Chad","1995","consumo","national","2.15000","2.62710","1591.14154"
"TCD","Chad","1996","consumo","national","2.15000","2.58640","1555.91392"
"TCD","Chad","1997","consumo","national","2.15000","2.62380","1588.09860"
"TCD","Chad","1998","consumo","national","2.15000","2.68500","1641.05715"
"TCD","Chad","1999","consumo","national","2.15000","2.60780","1573.58531"
"TCD","Chad","2000","consumo","national","2.15000","2.53020","1506.71577"
"TCD","Chad","2001","consumo","national","2.15000","2.67110","1626.56683"
"TCD","Chad","2002","consumo","national","2.15000","2.76030","1704.27295"
"TCD","Chad","2003","consumo","national","2.15000","2.95790","1878.58579"
"TCD","Chad","2004","consumo","national","2.15000","3.90720","2400.97005"
"TCD","Chad","2005","consumo","national","2.15000","4.42500","2705.81651"
"TCD","Chad","2006","consumo","national","2.15000","4.24480","2596.03235"
"TCD","Chad","2007","consumo","national","2.15000","4.27380","2613.47387"
"TCD","Chad","2008","consumo","national","2.15000","4.25370","2601.36126"
"TCD","Chad","2009","consumo","national","2.15000","4.04340","2474.70758"
"TCD","Chad","2010","consumo","national","2.15000","4.45270","2717.40540"
"TCD","Chad","2011","consumo","national","2.15000","4.49150","2741.07083"
"TCD","Chad","2012","consumo","national","2.15000","4.68470","2886.27475"
"TCD","Chad","2013","consumo","national","2.15000","4.68610","2864.11301"
"TCD","Chad","2014","consumo","national","2.15000","4.66260","2820.67795"
"TCD","Chad","2015","consumo","national","2.15000","4.69110","2822.57930"
"TCD","Chad","2016","consumo","national","2.15000","4.48340","2622.59781"
"TCD","Chad","2017","consumo","national","2.15000","4.35630","2496.26214"
"TCD","Chad","2018","consumo","national","2.15000","4.44940","2552.37036"
"TCD","Chad","2019","consumo","national","2.15000","4.56140","2604.53154"
"TCD","Chad","2020","consumo","national","2.15000","4.51950","2513.02923"
"TCD","Chad","2021","consumo","national","2.15000","4.49000","2435.07275"
"TCD","Chad","2022","consumo","national","2.15000","4.57750","2449.48251"
"TCD","Chad","2023","consumo","national","2.15000","4.55610","2433.53331"
"TCD","Chad","2024","consumo","national","2.15000","4.52960","2430.73298"
"TCD","Chad","2025","consumo","national","2.15000","4.54490","2480.50963"
"CZE","Chequia","1990","ingreso","national","2.15000","26.64180","27918.13752"
"CZE","Chequia","1991","ingreso","national","2.15000","20.98340","24734.77021"
"CZE","Chequia","1992","ingreso","national","2.15000","20.85580","24584.32996"
"CZE","Chequia","1993","ingreso","national","2.15000","22.59690","24573.99149"
"CZE","Chequia","1994","ingreso","national","2.15000","23.31420","25279.79180"
"CZE","Chequia","1995","ingreso","national","2.15000","24.15180","26869.01971"
"CZE","Chequia","1996","ingreso","national","2.15000","25.58190","28021.67046"
"CZE","Chequia","1997","ingreso","national","2.15000","26.11110","27884.73976"
"CZE","Chequia","1998","ingreso","national","2.15000","26.05640","27801.43878"
"CZE","Chequia","1999","ingreso","national","2.15000","26.64610","28213.45550"
"CZE","Chequia","2000","ingreso","national","2.15000","26.97970","29427.40700"
"CZE","Chequia","2001","ingreso","national","2.15000","27.61710","30399.87308"
"CZE","Chequia","2002","ingreso","national","2.15000","28.25650","30919.54966"
"CZE","Chequia","2003","ingreso","national","2.15000","29.61930","31949.29631"
"CZE","Chequia","2004","ingreso","national","2.15000","30.41090","33452.34080"
"CZE","Chequia","2005","ingreso","national","2.15000","31.22480","35535.74800"
"CZE","Chequia","2006","ingreso","national","2.15000","32.94680","37786.87817"
"CZE","Chequia","2007","ingreso","national","2.15000","34.68870","39629.00613"
"CZE","Chequia","2008","ingreso","national","2.15000","35.54190","40328.34266"
"CZE","Chequia","2009","ingreso","national","2.15000","36.05660","38175.14228"
"CZE","Chequia","2010","ingreso","national","2.15000","35.99220","39097.38862"
"CZE","Chequia","2011","ingreso","national","2.15000","35.95390","39708.16263"
"CZE","Chequia","2012","ingreso","national","2.15000","35.34820","39347.04930"
"CZE","Chequia","2013","ingreso","national","2.15000","35.58240","39317.55357"
"CZE","Chequia","2014","ingreso","national","2.15000","36.41290","40158.01643"
"CZE","Chequia","2015","ingreso","national","2.15000","37.91530","42066.57598"
"CZE","Chequia","2016","ingreso","national","2.15000","39.32200","43069.46597"
"CZE","Chequia","2017","ingreso","national","2.15000","40.64380","45177.52261"
"CZE","Chequia","2018","ingreso","national","2.15000","42.56710","46301.08204"
"CZE","Chequia","2019","ingreso","national","2.15000","44.54430","47763.61655"
"CZE","Chequia","2020","ingreso","national","2.15000","45.30270","45119.93873"
"CZE","Chequia","2021","ingreso","national","2.15000","47.78310","47796.03374"
"CZE","Chequia","2022","ingreso","national","2.15000","44.75620","48390.66168"
"CZE","Chequia","2023","ingreso","national","2.15000","43.34940","47558.41068"
"CZE","Chequia","2024","ingreso","national","2.15000","43.71900","47972.53172"
"CZE","Chequia","2025","ingreso","national","2.15000","44.85410","49292.48787"
"CHL","Chile","1990","ingreso","national","2.15000","13.33580","10955.24865"
"CHL","Chile","1991","ingreso","national","2.15000","13.65810","11610.27833"
"CHL","Chile","1992","ingreso","national","2.15000","14.21310","12738.61632"
"CHL","Chile","1993","ingreso","national","2.15000","15.00010","13380.47222"
"CHL","Chile","1994","ingreso","national","2.15000","15.94620","13849.62610"
"CHL","Chile","1995","ingreso","national","2.15000","16.59250","14911.56407"
"CHL","Chile","1996","ingreso","national","2.15000","17.26430","15748.46536"
"CHL","Chile","1997","ingreso","national","2.15000","17.98870","16687.85559"
"CHL","Chile","1998","ingreso","national","2.15000","18.51430","17161.03356"
"CHL","Chile","1999","ingreso","national","2.15000","16.80140","16900.12440"
"CHL","Chile","2000","ingreso","national","2.15000","15.94730","17529.42060"
"CHL","Chile","2001","ingreso","national","2.15000","15.73290","17874.53139"
"CHL","Chile","2002","ingreso","national","2.15000","15.62030","18244.51968"
"CHL","Chile","2003","ingreso","national","2.15000","15.70330","18907.34587"
"CHL","Chile","2004","ingreso","national","2.15000","16.55520","19966.70931"
"CHL","Chile","2005","ingreso","national","2.15000","17.36450","20923.47976"
"CHL","Chile","2006","ingreso","national","2.15000","18.15820","21973.73829"
"CHL","Chile","2007","ingreso","national","2.15000","19.44740","22884.29971"
"CHL","Chile","2008","ingreso","national","2.15000","19.79090","23515.34732"
"CHL","Chile","2009","ingreso","national","2.15000","19.60570","23019.02995"
"CHL","Chile","2010","ingreso","national","2.15000","20.35630","24122.47879"
"CHL","Chile","2011","ingreso","national","2.15000","21.01210","25372.27415"
"CHL","Chile","2012","ingreso","national","2.15000","23.53000","26676.81102"
"CHL","Chile","2013","ingreso","national","2.15000","25.68590","27297.81851"
"CHL","Chile","2014","ingreso","national","2.15000","26.31270","27511.56100"
"CHL","Chile","2015","ingreso","national","2.15000","26.94790","27817.95848"
"CHL","Chile","2016","ingreso","national","2.15000","28.22100","27965.34735"
"CHL","Chile","2017","ingreso","national","2.15000","29.43530","27899.59798"
"CHL","Chile","2018","ingreso","national","2.15000","30.82870","28499.40640"
"CHL","Chile","2019","ingreso","national","2.15000","31.37590","28227.97905"
"CHL","Chile","2020","ingreso","national","2.15000","29.53760","26258.40386"
"CHL","Chile","2021","ingreso","national","2.15000","32.33520","29106.63565"
"CHL","Chile","2022","ingreso","national","2.15000","32.51110","29560.45138"
"CHL","Chile","2023","ingreso","national","2.15000","32.97120","29600.41886"
"CHL","Chile","2024","ingreso","national","2.15000","35.36010","30267.64409"
"CHL","Chile","2025","ingreso","national","2.15000","36.03280","30863.42232"
"CHN","China","1990","consumo","national","2.15000","2.11460","1666.81412"
"CHN","China","1991","consumo","national","2.15000","2.17290","1798.38258"
"CHN","China","1992","consumo","national","2.15000","2.26670","2030.47127"
"CHN","China","1993","consumo","national","2.15000","2.36930","2286.79564"
"CHN","China","1994","consumo","national","2.15000","2.62670","2556.90688"
"CHN","China","1995","consumo","national","2.15000","2.85960","2807.88647"
"CHN","China","1996","consumo","national","2.15000","3.09990","3055.72828"
"CHN","China","1997","consumo","national","2.15000","3.20970","3305.83026"
"CHN","China","1998","consumo","national","2.15000","3.31750","3533.69840"
"CHN","China","1999","consumo","national","2.15000","3.43430","3774.42758"
"CHN","China","2000","consumo","national","2.15000","3.72640","4065.86708"
"CHN","China","2001","consumo","national","2.15000","4.02300","4372.43561"
"CHN","China","2002","consumo","national","2.15000","4.38610","4744.38182"
"CHN","China","2003","consumo","national","2.15000","4.77850","5191.78118"
"CHN","China","2004","consumo","national","2.15000","5.19320","5684.38817"
"CHN","China","2005","consumo","national","2.15000","5.69380","6298.29930"
"CHN","China","2006","consumo","national","2.15000","6.10950","7057.11132"
"CHN","China","2007","consumo","national","2.15000","6.62520","8013.78376"
"CHN","China","2008","consumo","national","2.15000","7.01160","8743.70200"
"CHN","China","2009","consumo","national","2.15000","7.54220","9518.68128"
"CHN","China","2010","consumo","national","2.15000","8.21020","10476.15257"
"CHN","China","2011","consumo","national","2.15000","8.89670","11404.91798"
"CHN","China","2012","consumo","national","2.15000","9.71620","12217.93438"
"CHN","China","2013","consumo","national","2.15000","10.92490","13080.87879"
"CHN","China","2014","consumo","national","2.15000","11.76470","13968.51878"
"CHN","China","2015","consumo","national","2.15000","12.61390","14857.10882"
"CHN","China","2016","consumo","national","2.15000","13.46400","15772.83726"
"CHN","China","2017","consumo","national","2.15000","14.22580","16758.04640"
"CHN","China","2018","consumo","national","2.15000","15.12400","17807.04906"
"CHN","China","2019","consumo","national","2.15000","15.99740","18820.58716"
"CHN","China","2020","consumo","national","2.15000","15.33360","19215.10125"
"CHN","China","2021","consumo","national","2.15000","17.28780","20843.29783"
"CHN","China","2022","consumo","national","2.15000","17.21530","21499.31256"
"CHN","China","2023","consumo","national","2.15000","18.41380","22687.25195"
"CHN","China","2024","consumo","national","2.15000","19.09810","23841.47691"
"CHN","China","2025","consumo","national","2.15000","19.80400","25066.52153"
"CYP","Chipre","1990","ingreso","national","2.15000","26.90450","27666.53516"
"CYP","Chipre","1991","ingreso","national","2.15000","28.81680","27158.92578"
"CYP","Chipre","1992","ingreso","national","2.15000","28.95160","28931.81445"
"CYP","Chipre","1993","ingreso","national","2.15000","26.94990","28439.21484"
"CYP","Chipre","1994","ingreso","national","2.15000","28.20200","29500.62305"
"CYP","Chipre","1995","ingreso","national","2.15000","35.74640","31393.24609"
"CYP","Chipre","1996","ingreso","national","2.15000","36.48690","31282.60938"
"CYP","Chipre","1997","ingreso","national","2.15000","36.86840","31656.83008"
"CYP","Chipre","1998","ingreso","national","2.15000","39.04470","33181.98828"
"CYP","Chipre","1999","ingreso","national","2.15000","40.22300","34452.72266"
"CYP","Chipre","2000","ingreso","national","2.15000","42.99010","36121.66406"
"CYP","Chipre","2001","ingreso","national","2.15000","44.88690","37146.84375"
"CYP","Chipre","2002","ingreso","national","2.15000","45.74370","38090.77734"
"CYP","Chipre","2003","ingreso","national","2.15000","47.16130","38617.81250"
"CYP","Chipre","2004","ingreso","national","2.15000","49.88200","40019.92578"
"CYP","Chipre","2005","ingreso","national","2.15000","53.25990","41362.09375"
"CYP","Chipre","2006","ingreso","national","2.15000","58.50350","42595.20312"
"CYP","Chipre","2007","ingreso","national","2.15000","58.61520","43823.76172"
"CYP","Chipre","2008","ingreso","national","2.15000","58.16360","44295.62891"
"CYP","Chipre","2009","ingreso","national","2.15000","57.53000","42253.38672"
"CYP","Chipre","2010","ingreso","national","2.15000","58.43310","42102.28125"
"CYP","Chipre","2011","ingreso","national","2.15000","58.16420","41212.68750"
"CYP","Chipre","2012","ingreso","national","2.15000","54.93190","39190.22266"
"CYP","Chipre","2013","ingreso","national","2.15000","52.72240","36650.57031"
"CYP","Chipre","2014","ingreso","national","2.15000","49.13700","36104.90234"
"CYP","Chipre","2015","ingreso","national","2.15000","50.06590","37258.50000"
"CYP","Chipre","2016","ingreso","national","2.15000","51.73990","39500.85156"
"CYP","Chipre","2017","ingreso","national","2.15000","52.81400","41417.98828"
"CYP","Chipre","2018","ingreso","national","2.15000","56.86500","43510.03125"
"CYP","Chipre","2019","ingreso","national","2.15000","57.26740","45454.17578"
"CYP","Chipre","2020","ingreso","national","2.15000","58.77010","43402.35938"
"CYP","Chipre","2021","ingreso","national","2.15000","60.30180","47632.57031"
"CYP","Chipre","2022","ingreso","national","2.15000","59.53940","50840.91406"
"CYP","Chipre","2023","ingreso","national","2.15000","63.37520","51674.90234"
"CYP","Chipre","2024","ingreso","national","2.15000","64.86370","52861.83594"
"CYP","Chipre","2025","ingreso","national","2.15000","66.37110","54103.26172"
"COL","Colombia","1990","ingreso","national","2.15000","10.85460","9998.81070"
"COL","Colombia","1991","ingreso","national","2.15000","10.85160","9996.09786"
"COL","Colombia","1992","ingreso","national","2.15000","11.06900","10196.43297"
"COL","Colombia","1993","ingreso","national","2.15000","10.91660","10533.11496"
"COL","Colombia","1994","ingreso","national","2.15000","10.78820","10927.93895"
"COL","Colombia","1995","ingreso","national","2.15000","10.57980","11279.00046"
"COL","Colombia","1996","ingreso","national","2.15000","10.04640","11303.13089"
"COL","Colombia","1997","ingreso","national","2.15000","10.24970","11483.50501"
"COL","Colombia","1998","ingreso","national","2.15000","10.16750","11343.87991"
"COL","Colombia","1999","ingreso","national","2.15000","9.61210","10679.70927"
"COL","Colombia","2000","ingreso","national","2.15000","10.72600","10813.49423"
"COL","Colombia","2001","ingreso","national","2.15000","8.92930","10823.45049"
"COL","Colombia","2002","ingreso","national","2.15000","11.25310","10925.14856"
"COL","Colombia","2003","ingreso","national","2.15000","10.67440","11183.29118"
"COL","Colombia","2004","ingreso","national","2.15000","11.31900","11607.93849"
"COL","Colombia","2005","ingreso","national","2.15000","11.93370","11999.25496"
"COL","Colombia","2006","ingreso","national","2.15000","12.52710","12636.62466"
"COL","Colombia","2007","ingreso","national","2.15000","13.16170","13318.30331"
"COL","Colombia","2008","ingreso","national","2.15000","13.51750","13591.06090"
"COL","Colombia","2009","ingreso","national","2.15000","13.58530","13586.75184"
"COL","Colombia","2010","ingreso","national","2.15000","14.62090","14037.06427"
"COL","Colombia","2011","ingreso","national","2.15000","15.24990","14852.36995"
"COL","Colombia","2012","ingreso","national","2.15000","15.39490","15279.47900"
"COL","Colombia","2013","ingreso","national","2.15000","16.12930","15912.24713"
"COL","Colombia","2014","ingreso","national","2.15000","16.90990","16480.36315"
"COL","Colombia","2015","ingreso","national","2.15000","16.47240","16821.38014"
"COL","Colombia","2016","ingreso","national","2.15000","16.26490","17003.24437"
"COL","Colombia","2017","ingreso","national","2.15000","16.17580","16986.03342"
"COL","Colombia","2018","ingreso","national","2.15000","16.40740","17104.13135"
"COL","Colombia","2019","ingreso","national","2.15000","16.38750","17336.77160"
"COL","Colombia","2020","ingreso","national","2.15000","14.42700","15861.49993"
"COL","Colombia","2021","ingreso","national","2.15000","17.01990","17383.09017"
"COL","Colombia","2022","ingreso","national","2.15000","18.49540","18458.72095"
"COL","Colombia","2023","ingreso","national","2.15000","18.98150","18406.62423"
"COL","Colombia","2024","ingreso","national","2.15000","19.71360","18481.83749"
"COL","Colombia","2025","ingreso","national","2.15000","20.05290","18778.64826"
"COM","Comoras","1990","consumo","national","2.15000","9.54750","3178.85477"
"COM","Comoras","1991","consumo","national","2.15000","8.98450","2911.05350"
"COM","Comoras","1992","consumo","national","2.15000","9.30850","3061.03259"
"COM","Comoras","1993","consumo","national","2.15000","9.35360","3082.22242"
"COM","Comoras","1994","consumo","national","2.15000","8.98230","2907.42228"
"COM","Comoras","1995","consumo","national","2.15000","9.22240","3018.45799"
"COM","Comoras","1996","consumo","national","2.15000","9.07980","2951.78313"
"COM","Comoras","1997","consumo","national","2.15000","9.24680","3029.34647"
"COM","Comoras","1998","consumo","national","2.15000","9.13790","2978.37124"
"COM","Comoras","1999","consumo","national","2.15000","9.19440","3004.69062"
"COM","Comoras","2000","consumo","national","2.15000","9.00850","2917.87154"
"COM","Comoras","2001","consumo","national","2.15000","9.21490","3013.38883"
"COM","Comoras","2002","consumo","national","2.15000","9.37020","3085.93815"
"COM","Comoras","2003","consumo","national","2.15000","9.36950","3085.59675"
"COM","Comoras","2004","consumo","national","2.15000","9.44580","3121.51678"
"COM","Comoras","2005","consumo","national","2.15000","9.32770","3231.72506"
"COM","Comoras","2006","consumo","national","2.15000","8.74260","3111.62571"
"COM","Comoras","2007","consumo","national","2.15000","8.33050","3074.73468"
"COM","Comoras","2008","consumo","national","2.15000","8.09830","3133.75035"
"COM","Comoras","2009","consumo","national","2.15000","7.81970","3171.60355"
"COM","Comoras","2010","consumo","national","2.15000","7.56340","3226.63502"
"COM","Comoras","2011","consumo","national","2.15000","7.31730","3293.83408"
"COM","Comoras","2012","consumo","national","2.15000","7.01520","3330.52446"
"COM","Comoras","2013","consumo","national","2.15000","6.76230","3406.49919"
"COM","Comoras","2014","consumo","national","2.15000","6.39340","3403.41291"
"COM","Comoras","2015","consumo","national","2.15000","6.51620","3370.55572"
"COM","Comoras","2016","consumo","national","2.15000","6.59690","3411.77124"
"COM","Comoras","2017","consumo","national","2.15000","6.99240","3472.07859"
"COM","Comoras","2018","consumo","national","2.15000","7.24410","3528.95868"
"COM","Comoras","2019","consumo","national","2.15000","7.40630","3522.66867"
"COM","Comoras","2020","consumo","national","2.15000","7.46430","3447.47275"
"COM","Comoras","2021","consumo","national","2.15000","7.46480","3449.04357"
"COM","Comoras","2022","consumo","national","2.15000","7.53040","3465.84023"
"COM","Comoras","2023","consumo","national","2.15000","7.63810","3508.15862"
"COM","Comoras","2024","consumo","national","2.15000","7.78510","3556.03843"
"COM","Comoras","2025","consumo","national","2.15000","7.86870","3621.76626"
"COG","Congo","1990","consumo","national","2.15000","4.58280","8699.52684"
"COG","Congo","1991","consumo","national","2.15000","4.56760","8658.16145"
"COG","Congo","1992","consumo","national","2.15000","4.55960","8636.63719"
"COG","Congo","1993","consumo","national","2.15000","4.43620","8302.69727"
"COG","Congo","1994","consumo","national","2.15000","4.18000","7617.60750"
"COG","Congo","1995","consumo","national","2.15000","4.21210","7701.32469"
"COG","Congo","1996","consumo","national","2.15000","4.25450","7812.04780"
"COG","Congo","1997","consumo","national","2.15000","4.17330","7599.04815"
"COG","Congo","1998","consumo","national","2.15000","4.21660","7711.63213"
"COG","Congo","1999","consumo","national","2.15000","4.06380","7312.32665"
"COG","Congo","2000","consumo","national","2.15000","4.16420","7570.58279"
"COG","Congo","2001","consumo","national","2.15000","4.16300","7567.43917"
"COG","Congo","2002","consumo","national","2.15000","4.22540","7729.38890"
"COG","Congo","2003","consumo","national","2.15000","4.16720","7577.45630"
"COG","Congo","2004","consumo","national","2.15000","4.16720","7577.44597"
"COG","Congo","2005","consumo","national","2.15000","4.28220","7876.11807"
"COG","Congo","2006","consumo","national","2.15000","4.75250","8192.57980"
"COG","Congo","2007","consumo","national","2.15000","4.39230","7375.82454"
"COG","Congo","2008","consumo","national","2.15000","4.63180","7587.28826"
"COG","Congo","2009","consumo","national","2.15000","4.70320","8138.45034"
"COG","Congo","2010","consumo","national","2.15000","5.35960","8583.66180"
"COG","Congo","2011","consumo","national","2.15000","5.22720","8492.42098"
"COG","Congo","2012","consumo","national","2.15000","5.88980","9079.68656"
"COG","Congo","2013","consumo","national","2.15000","5.76210","8798.49383"
"COG","Congo","2014","consumo","national","2.15000","5.92750","9159.25664"
"COG","Congo","2015","consumo","national","2.15000","5.84530","8977.70682"
"COG","Congo","2016","consumo","national","2.15000","5.40050","8001.82552"
"COG","Congo","2017","consumo","national","2.15000","5.10330","7372.77047"
"COG","Congo","2018","consumo","national","2.15000","4.93690","7029.33652"
"COG","Congo","2019","consumo","national","2.15000","4.89270","6939.36913"
"COG","Congo","2020","consumo","national","2.15000","4.60210","6350.50913"
"COG","Congo","2021","consumo","national","2.15000","4.55780","6263.21161"
"COG","Congo","2022","consumo","national","2.15000","4.52820","6205.10504"
"COG","Congo","2023","consumo","national","2.15000","4.51140","6172.28777"
"COG","Congo","2024","consumo","national","2.15000","4.51610","6152.56509"
"COG","Congo","2025","consumo","national","2.15000","4.51160","6194.08981"
"KOR","Corea del Sur","1990","ingreso","national","2.15000","18.59730","14377.88392"
"KOR","Corea del Sur","1991","ingreso","national","2.15000","20.08990","15784.46687"
"KOR","Corea del Sur","1992","ingreso","national","2.15000","21.30970","16613.49070"
"KOR","Corea del Sur","1993","ingreso","national","2.15000","22.59910","17595.90361"
"KOR","Corea del Sur","1994","ingreso","national","2.15000","24.48350","19052.29909"
"KOR","Corea del Sur","1995","ingreso","national","2.15000","26.87300","20697.89698"
"KOR","Corea del Sur","1996","ingreso","national","2.15000","28.71850","22139.79638"
"KOR","Corea del Sur","1997","ingreso","national","2.15000","29.69130","23311.04209"
"KOR","Corea del Sur","1998","ingreso","national","2.15000","25.99260","22000.33876"
"KOR","Corea del Sur","1999","ingreso","national","2.15000","28.95540","24382.25085"
"KOR","Corea del Sur","2000","ingreso","national","2.15000","31.31150","26404.15886"
"KOR","Corea del Sur","2001","ingreso","national","2.15000","32.88400","27440.65649"
"KOR","Corea del Sur","2002","ingreso","national","2.15000","35.67800","29395.27660"
"KOR","Corea del Sur","2003","ingreso","national","2.15000","35.43760","30142.46056"
"KOR","Corea del Sur","2004","ingreso","national","2.15000","35.49280","31579.52830"
"KOR","Corea del Sur","2005","ingreso","national","2.15000","37.08930","32886.04725"
"KOR","Corea del Sur","2006","ingreso","national","2.15000","38.73540","34429.62220"
"KOR","Corea del Sur","2007","ingreso","national","2.15000","39.80680","36257.34017"
"KOR","Corea del Sur","2008","ingreso","national","2.15000","40.03020","37064.15185"
"KOR","Corea del Sur","2009","ingreso","national","2.15000","39.47330","37176.19393"
"KOR","Corea del Sur","2010","ingreso","national","2.15000","40.58420","39574.05007"
"KOR","Corea del Sur","2011","ingreso","national","2.15000","42.06230","40719.22738"
"KOR","Corea del Sur","2012","ingreso","national","2.15000","42.84280","41537.67286"
"KOR","Corea del Sur","2013","ingreso","national","2.15000","43.84810","42709.97519"
"KOR","Corea del Sur","2014","ingreso","national","2.15000","44.93010","43806.92510"
"KOR","Corea del Sur","2015","ingreso","national","2.15000","48.91830","44849.10677"
"KOR","Corea del Sur","2016","ingreso","national","2.15000","53.66170","46088.24308"
"KOR","Corea del Sur","2017","ingreso","national","2.15000","55.46410","47536.78986"
"KOR","Corea del Sur","2018","ingreso","national","2.15000","56.96430","48834.44712"
"KOR","Corea del Sur","2019","ingreso","national","2.15000","59.10280","49790.86799"
"KOR","Corea del Sur","2020","ingreso","national","2.15000","61.32640","49374.09261"
"KOR","Corea del Sur","2021","ingreso","national","2.15000","64.39010","51718.25187"
"KOR","Corea del Sur","2022","ingreso","national","2.15000","67.23130","53228.60357"
"KOR","Corea del Sur","2023","ingreso","national","2.15000","68.53670","54029.34350"
"KOR","Corea del Sur","2024","ingreso","national","2.15000","69.21830","55070.93862"
"KOR","Corea del Sur","2025","ingreso","national","2.15000","69.93250","55697.08481"
"CRI","Costa Rica","1990","ingreso","national","2.15000","11.20490","10979.78811"
"CRI","Costa Rica","1991","ingreso","national","2.15000","10.27780","10946.38110"
"CRI","Costa Rica","1992","ingreso","national","2.15000","10.91890","11654.81873"
"CRI","Costa Rica","1993","ingreso","national","2.15000","12.65050","12173.67707"
"CRI","Costa Rica","1994","ingreso","national","2.15000","14.28750","12415.26292"
"CRI","Costa Rica","1995","ingreso","national","2.15000","13.63160","12623.53394"
"CRI","Costa Rica","1996","ingreso","national","2.15000","12.91680","12497.62736"
"CRI","Costa Rica","1997","ingreso","national","2.15000","13.62620","12887.52557"
"CRI","Costa Rica","1998","ingreso","national","2.15000","15.31210","13505.08410"
"CRI","Costa Rica","1999","ingreso","national","2.15000","14.91710","13776.58294"
"CRI","Costa Rica","2000","ingreso","national","2.15000","14.79290","14025.68995"
"CRI","Costa Rica","2001","ingreso","national","2.15000","20.15960","14257.52507"
"CRI","Costa Rica","2002","ingreso","national","2.15000","20.48810","14503.17648"
"CRI","Costa Rica","2003","ingreso","national","2.15000","20.08110","14898.71974"
"CRI","Costa Rica","2004","ingreso","national","2.15000","18.77130","15330.88323"
"CRI","Costa Rica","2005","ingreso","national","2.15000","19.51140","15711.74513"
"CRI","Costa Rica","2006","ingreso","national","2.15000","20.30820","16628.37230"
"CRI","Costa Rica","2007","ingreso","national","2.15000","22.61020","17752.41620"
"CRI","Costa Rica","2008","ingreso","national","2.15000","22.77010","18343.09969"
"CRI","Costa Rica","2009","ingreso","national","2.15000","24.88970","17941.50191"
"CRI","Costa Rica","2010","ingreso","national","2.15000","25.40420","18670.16788"
"CRI","Costa Rica","2011","ingreso","national","2.15000","26.20500","19264.45665"
"CRI","Costa Rica","2012","ingreso","national","2.15000","27.06710","19970.68560"
"CRI","Costa Rica","2013","ingreso","national","2.15000","27.89800","20242.29386"
"CRI","Costa Rica","2014","ingreso","national","2.15000","27.26190","20735.19273"
"CRI","Costa Rica","2015","ingreso","national","2.15000","27.28000","21265.31763"
"CRI","Costa Rica","2016","ingreso","national","2.15000","28.32330","21936.46606"
"CRI","Costa Rica","2017","ingreso","national","2.15000","28.77430","22633.76487"
"CRI","Costa Rica","2018","ingreso","national","2.15000","28.10350","23069.86222"
"CRI","Costa Rica","2019","ingreso","national","2.15000","27.97870","23496.82946"
"CRI","Costa Rica","2020","ingreso","national","2.15000","24.27110","22368.13781"
"CRI","Costa Rica","2021","ingreso","national","2.15000","27.59830","24083.59882"
"CRI","Costa Rica","2022","ingreso","national","2.15000","26.80950","25290.00875"
"CRI","Costa Rica","2023","ingreso","national","2.15000","28.57810","26378.54099"
"CRI","Costa Rica","2024","ingreso","national","2.15000","30.73430","27325.04705"
"CRI","Costa Rica","2025","ingreso","national","2.15000","34.09600","28443.41277"
"CIV","Costa de Marfil","1990","consumo","national","2.15000","5.58880","5255.54850"
"CIV","Costa de Marfil","1991","consumo","national","2.15000","5.30530","5052.88905"
"CIV","Costa de Marfil","1992","consumo","national","2.15000","5.00870","4843.32932"
"CIV","Costa de Marfil","1993","consumo","national","2.15000","4.83140","4645.50187"
"CIV","Costa de Marfil","1994","consumo","national","2.15000","4.82970","4502.49284"
"CIV","Costa de Marfil","1995","consumo","national","2.15000","5.03650","4638.79164"
"CIV","Costa de Marfil","1996","consumo","national","2.15000","4.84350","4807.45984"
"CIV","Costa de Marfil","1997","consumo","national","2.15000","4.69680","5072.63456"
"CIV","Costa de Marfil","1998","consumo","national","2.15000","4.37560","5093.16937"
"CIV","Costa de Marfil","1999","consumo","national","2.15000","4.50940","4987.39398"
"CIV","Costa de Marfil","2000","consumo","national","2.15000","4.60830","4838.37603"
"CIV","Costa de Marfil","2001","consumo","national","2.15000","4.64240","4609.17879"
"CIV","Costa de Marfil","2002","consumo","national","2.15000","4.65310","4368.96041"
"CIV","Costa de Marfil","2003","consumo","national","2.15000","4.42500","4060.03041"
"CIV","Costa de Marfil","2004","consumo","national","2.15000","4.44930","4088.97542"
"CIV","Costa de Marfil","2005","consumo","national","2.15000","4.40830","4032.27571"
"CIV","Costa de Marfil","2006","consumo","national","2.15000","4.42350","4049.29028"
"CIV","Costa de Marfil","2007","consumo","national","2.15000","4.38780","3999.72054"
"CIV","Costa de Marfil","2008","consumo","national","2.15000","4.46450","4096.75377"
"CIV","Costa de Marfil","2009","consumo","national","2.15000","4.40370","4151.08432"
"CIV","Costa de Marfil","2010","consumo","national","2.15000","4.43760","4338.68458"
"CIV","Costa de Marfil","2011","consumo","national","2.15000","4.10760","4017.43754"
"CIV","Costa de Marfil","2012","consumo","national","2.15000","4.15890","4234.21188"
"CIV","Costa de Marfil","2013","consumo","national","2.15000","4.29850","4597.22036"
"CIV","Costa de Marfil","2014","consumo","national","2.15000","4.38640","4907.61081"
"CIV","Costa de Marfil","2015","consumo","national","2.15000","4.39500","5110.90021"
"CIV","Costa de Marfil","2016","consumo","national","2.15000","5.00270","5320.88582"
"CIV","Costa de Marfil","2017","consumo","national","2.15000","5.67560","5556.15476"
"CIV","Costa de Marfil","2018","consumo","national","2.15000","5.99780","5670.24200"
"CIV","Costa de Marfil","2019","consumo","national","2.15000","6.31570","5894.92235"
"CIV","Costa de Marfil","2020","consumo","national","2.15000","6.06990","5787.85815"
"CIV","Costa de Marfil","2021","consumo","national","2.15000","6.08820","6045.20480"
"CIV","Costa de Marfil","2022","consumo","national","2.15000","6.11690","6272.26396"
"CIV","Costa de Marfil","2023","consumo","national","2.15000","6.28660","6520.89886"
"CIV","Costa de Marfil","2024","consumo","national","2.15000","6.43930","6747.03797"
"CIV","Costa de Marfil","2025","consumo","national","2.15000","6.59470","7014.84578"
"HRV","Croacia","1990","ingreso","national","2.15000","23.11240","23399.63972"
"HRV","Croacia","1991","ingreso","national","2.15000","18.45710","18812.86574"
"HRV","Croacia","1992","ingreso","national","2.15000","16.58550","17020.16691"
"HRV","Croacia","1993","ingreso","national","2.15000","15.06940","15570.33884"
"HRV","Croacia","1994","ingreso","national","2.15000","15.66910","16301.68585"
"HRV","Croacia","1995","ingreso","national","2.15000","16.72650","17522.51425"
"HRV","Croacia","1996","ingreso","national","2.15000","17.15290","18850.16331"
"HRV","Croacia","1997","ingreso","national","2.15000","19.14520","20110.20262"
"HRV","Croacia","1998","consumo","national","2.15000","43.05980","20576.01277"
"HRV","Croacia","1999","consumo","national","2.15000","21.64970","20489.35401"
"HRV","Croacia","2000","consumo","national","2.15000","24.33760","21302.41172"
"HRV","Croacia","2001","consumo","national","2.15000","22.97180","22826.72176"
"HRV","Croacia","2002","consumo","national","2.15000","29.35290","24136.78102"
"HRV","Croacia","2003","consumo","national","2.15000","32.61910","25473.56720"
"HRV","Croacia","2004","consumo","national","2.15000","36.01310","26528.53691"
"HRV","Croacia","2005","consumo","national","2.15000","36.19030","27641.13747"
"HRV","Croacia","2006","consumo","national","2.15000","35.56170","29035.67498"
"HRV","Croacia","2007","consumo","national","2.15000","35.83330","30508.30613"
"HRV","Croacia","2008","consumo","national","2.15000","35.60530","31113.55501"
"HRV","Croacia","2009","consumo","national","2.15000","35.03410","29024.66406"
"HRV","Croacia","2010","consumo","national","2.15000","29.32320","28701.87546"
"HRV","Croacia","2011","ingreso","national","2.15000","23.99510","28769.02295"
"HRV","Croacia","2012","ingreso","national","2.15000","22.80930","28259.16381"
"HRV","Croacia","2013","ingreso","national","2.15000","22.46530","28397.98207"
"HRV","Croacia","2014","ingreso","national","2.15000","23.70880","28456.33538"
"HRV","Croacia","2015","ingreso","national","2.15000","24.74210","29466.45064"
"HRV","Croacia","2016","ingreso","national","2.15000","26.72650","30820.80504"
"HRV","Croacia","2017","ingreso","national","2.15000","28.11810","32348.58886"
"HRV","Croacia","2018","ingreso","national","2.15000","30.19430","33729.54558"
"HRV","Croacia","2019","ingreso","national","2.15000","32.05360","35122.79662"
"HRV","Croacia","2020","ingreso","national","2.15000","33.38750","32493.40170"
"HRV","Croacia","2021","ingreso","national","2.15000","35.45190","36930.07610"
"HRV","Croacia","2022","ingreso","national","2.15000","36.12730","39863.91094"
"HRV","Croacia","2023","ingreso","national","2.15000","41.35410","41320.25800"
"HRV","Croacia","2024","ingreso","national","2.15000","43.76700","42828.79973"
"HRV","Croacia","2025","ingreso","national","2.15000","45.14610","44172.04423"
"CUW","Curazao","2000","ingreso","national","2.15000","38.08160","34307.12506"
"CUW","Curazao","2001","ingreso","national","2.15000","39.18500","35339.06486"
"CUW","Curazao","2002","ingreso","national","2.15000","39.41740","35435.99758"
"CUW","Curazao","2003","ingreso","national","2.15000","38.98660","34812.79117"
"CUW","Curazao","2004","ingreso","national","2.15000","38.66780","34288.74024"
"CUW","Curazao","2005","ingreso","national","2.15000","38.25660","33651.50458"
"CUW","Curazao","2006","ingreso","national","2.15000","38.15030","33334.85678"
"CUW","Curazao","2007","ingreso","national","2.15000","38.55980","33490.25516"
"CUW","Curazao","2008","ingreso","national","2.15000","39.14200","33795.13112"
"CUW","Curazao","2009","ingreso","national","2.15000","39.03060","33397.39740"
"CUW","Curazao","2010","ingreso","national","2.15000","39.18850","33004.55429"
"CUW","Curazao","2011","ingreso","national","2.15000","39.35050","32704.35587"
"CUW","Curazao","2012","ingreso","national","2.15000","39.39120","32320.87704"
"CUW","Curazao","2013","ingreso","national","2.15000","39.17550","31753.38455"
"CUW","Curazao","2014","ingreso","national","2.15000","38.80730","31128.64734"
"CUW","Curazao","2015","ingreso","national","2.15000","38.77540","30861.32077"
"CUW","Curazao","2016","ingreso","national","2.15000","38.15800","30209.78826"
"CUW","Curazao","2017","ingreso","national","2.15000","37.83380","29729.10136"
"CUW","Curazao","2018","ingreso","national","2.15000","37.46980","29256.81579"
"CUW","Curazao","2019","ingreso","national","2.15000","36.89970","28659.65590"
"CUW","Curazao","2020","ingreso","national","2.15000","31.34080","23669.77115"
"CUW","Curazao","2021","ingreso","national","2.15000","32.35440","24905.76843"
"CUW","Curazao","2022","ingreso","national","2.15000","35.02920","26734.64590"
"CUW","Curazao","2023","ingreso","national","2.15000","36.10920","27617.92043"
"CUW","Curazao","2024","ingreso","national","2.15000","37.70500","28762.05816"
"DNK","Dinamarca","1990","ingreso","national","2.15000","52.86170","45943.88754"
"DNK","Dinamarca","1991","ingreso","national","2.15000","53.12150","46493.01760"
"DNK","Dinamarca","1992","ingreso","national","2.15000","53.83550","47276.89366"
"DNK","Dinamarca","1993","ingreso","national","2.15000","52.76050","47082.46744"
"DNK","Dinamarca","1994","ingreso","national","2.15000","55.41600","49408.20382"
"DNK","Dinamarca","1995","ingreso","national","2.15000","55.79540","50644.70746"
"DNK","Dinamarca","1996","ingreso","national","2.15000","56.96550","51817.17354"
"DNK","Dinamarca","1997","ingreso","national","2.15000","58.56510","53237.29519"
"DNK","Dinamarca","1998","ingreso","national","2.15000","59.66900","54278.27912"
"DNK","Dinamarca","1999","ingreso","national","2.15000","59.55660","55704.25840"
"DNK","Dinamarca","2000","ingreso","national","2.15000","59.59080","57585.89656"
"DNK","Dinamarca","2001","ingreso","national","2.15000","58.66350","57925.05430"
"DNK","Dinamarca","2002","ingreso","national","2.15000","58.46260","58003.88826"
"DNK","Dinamarca","2003","ingreso","national","2.15000","58.21330","58101.48095"
"DNK","Dinamarca","2004","ingreso","national","2.15000","59.23330","59560.45995"
"DNK","Dinamarca","2005","ingreso","national","2.15000","59.91530","60798.13515"
"DNK","Dinamarca","2006","ingreso","national","2.15000","61.80250","62911.39314"
"DNK","Dinamarca","2007","ingreso","national","2.15000","62.93800","63251.31694"
"DNK","Dinamarca","2008","ingreso","national","2.15000","62.27790","62618.44994"
"DNK","Dinamarca","2009","ingreso","national","2.15000","63.18840","59185.96775"
"DNK","Dinamarca","2010","ingreso","national","2.15000","66.32140","59856.34909"
"DNK","Dinamarca","2011","ingreso","national","2.15000","65.26400","60391.77993"
"DNK","Dinamarca","2012","ingreso","national","2.15000","64.87510","60161.70107"
"DNK","Dinamarca","2013","ingreso","national","2.15000","66.45580","60745.77848"
"DNK","Dinamarca","2014","ingreso","national","2.15000","66.91320","61210.94909"
"DNK","Dinamarca","2015","ingreso","national","2.15000","67.56050","62059.12860"
"DNK","Dinamarca","2016","ingreso","national","2.15000","68.69730","63468.98882"
"DNK","Dinamarca","2017","ingreso","national","2.15000","70.36020","64989.44599"
"DNK","Dinamarca","2018","ingreso","national","2.15000","71.04370","65870.83026"
"DNK","Dinamarca","2019","ingreso","national","2.15000","71.03970","66758.63233"
"DNK","Dinamarca","2020","ingreso","national","2.15000","73.05790","65379.30661"
"DNK","Dinamarca","2021","ingreso","national","2.15000","74.90730","69327.99822"
"DNK","Dinamarca","2022","ingreso","national","2.15000","71.86420","69089.46925"
"DNK","Dinamarca","2023","ingreso","national","2.15000","72.67380","68993.90311"
"DNK","Dinamarca","2024","ingreso","national","2.15000","74.82330","71034.57897"
"DNK","Dinamarca","2025","ingreso","national","2.15000","75.68640","72723.27479"
"DJI","Djibouti","2013","consumo","national","2.15000","5.97420","4469.07410"
"DJI","Djibouti","2014","consumo","national","2.15000","6.04860","4705.04927"
"DJI","Djibouti","2015","consumo","national","2.15000","6.12830","4961.86819"
"DJI","Djibouti","2016","consumo","national","2.15000","6.20910","5226.50026"
"DJI","Djibouti","2017","consumo","national","2.15000","6.26790","5421.95649"
"DJI","Djibouti","2018","consumo","national","2.15000","6.40430","5590.50427"
"DJI","Djibouti","2019","consumo","national","2.15000","6.57980","5809.30455"
"DJI","Djibouti","2020","consumo","national","2.15000","6.56560","5791.47768"
"DJI","Djibouti","2021","consumo","national","2.15000","6.69940","5960.10807"
"DJI","Djibouti","2022","consumo","national","2.15000","6.87300","6180.67999"
"DJI","Djibouti","2023","consumo","national","2.15000","7.12990","6510.67859"
"DJI","Djibouti","2024","consumo","national","2.15000","7.40620","6871.12440"
"DJI","Djibouti","2025","consumo","national","2.15000","7.64970","7222.54989"
"DMA","Dominica","1990","consumo","national","2.15000","14.46290","11311.55198"
"DMA","Dominica","1991","consumo","national","2.15000","14.60940","11518.76467"
"DMA","Dominica","1992","consumo","national","2.15000","14.77770","11747.61171"
"DMA","Dominica","1993","consumo","national","2.15000","14.95210","11982.85926"
"DMA","Dominica","1994","consumo","national","2.15000","14.99410","11979.39925"
"DMA","Dominica","1995","consumo","national","2.15000","15.15550","12343.90012"
"DMA","Dominica","1996","consumo","national","2.15000","15.44520","12737.89724"
"DMA","Dominica","1997","consumo","national","2.15000","15.61850","13037.14913"
"DMA","Dominica","1998","consumo","national","2.15000","15.89960","13563.45282"
"DMA","Dominica","1999","consumo","national","2.15000","15.95850","13661.67858"
"DMA","Dominica","2000","consumo","national","2.15000","16.16170","14054.65480"
"DMA","Dominica","2001","consumo","national","2.15000","16.17340","14091.54914"
"DMA","Dominica","2002","consumo","national","2.15000","15.91700","13640.70331"
"DMA","Dominica","2003","consumo","national","2.15000","16.24450","14398.00176"
"DMA","Dominica","2004","consumo","national","2.15000","16.47350","14962.24563"
"DMA","Dominica","2005","consumo","national","2.15000","16.48020","15080.52060"
"DMA","Dominica","2006","consumo","national","2.15000","16.72040","15727.70532"
"DMA","Dominica","2007","consumo","national","2.15000","16.96750","16560.51790"
"DMA","Dominica","2008","consumo","national","2.15000","17.46800","17738.04057"
"DMA","Dominica","2009","consumo","national","2.15000","17.28820","17534.03396"
"DMA","Dominica","2010","consumo","national","2.15000","17.17770","17516.78796"
"DMA","Dominica","2011","consumo","national","2.15000","17.05500","17475.04111"
"DMA","Dominica","2012","consumo","national","2.15000","16.93980","17431.12880"
"DMA","Dominica","2013","consumo","national","2.15000","16.77380","17282.63680"
"DMA","Dominica","2014","consumo","national","2.15000","16.80080","17520.85463"
"DMA","Dominica","2015","consumo","national","2.15000","15.77540","16920.91266"
"DMA","Dominica","2016","consumo","national","2.15000","16.61970","17364.07730"
"DMA","Dominica","2017","consumo","national","2.15000","14.78820","16314.22956"
"DMA","Dominica","2018","consumo","national","2.15000","16.36010","16877.12449"
"DMA","Dominica","2019","consumo","national","2.15000","16.59860","17619.43354"
"DMA","Dominica","2020","consumo","national","2.15000","15.41100","14919.53077"
"DMA","Dominica","2021","consumo","national","2.15000","15.44800","15808.97435"
"DMA","Dominica","2022","consumo","national","2.15000","16.41720","17550.80099"
"DMA","Dominica","2023","consumo","national","2.15000","16.68650","18278.22534"
"DMA","Dominica","2024","consumo","national","2.15000","17.00850","18739.36404"
"DMA","Dominica","2025","consumo","national","2.15000","17.33660","19409.29007"
"ECU","Ecuador","1990","ingreso","national","2.15000","9.41890","9104.81600"
"ECU","Ecuador","1991","ingreso","national","2.15000","9.61310","9292.61779"
"ECU","Ecuador","1992","ingreso","national","2.15000","9.61180","9291.37105"
"ECU","Ecuador","1993","ingreso","national","2.15000","9.60450","9284.31503"
"ECU","Ecuador","1994","ingreso","national","2.15000","9.82150","9494.17506"
"ECU","Ecuador","1995","ingreso","national","2.15000","9.95670","9525.17702"
"ECU","Ecuador","1996","ingreso","national","2.15000","10.04300","9509.27541"
"ECU","Ecuador","1997","ingreso","national","2.15000","10.39140","9739.26682"
"ECU","Ecuador","1998","ingreso","national","2.15000","10.64500","9876.75075"
"ECU","Ecuador","1999","ingreso","national","2.15000","10.06200","9242.96681"
"ECU","Ecuador","2000","ingreso","national","2.15000","7.74670","9183.05155"
"ECU","Ecuador","2001","ingreso","national","2.15000","9.10120","9405.11681"
"ECU","Ecuador","2002","ingreso","national","2.15000","10.88460","9697.55518"
"ECU","Ecuador","2003","ingreso","national","2.15000","11.52650","9802.81408"
"ECU","Ecuador","2004","ingreso","national","2.15000","11.31830","10290.66343"
"ECU","Ecuador","2005","ingreso","national","2.15000","13.43360","10660.20462"
"ECU","Ecuador","2006","ingreso","national","2.15000","14.78080","10933.48975"
"ECU","Ecuador","2007","ingreso","national","2.15000","15.57540","10952.82269"
"ECU","Ecuador","2008","ingreso","national","2.15000","14.88680","11474.52570"
"ECU","Ecuador","2009","ingreso","national","2.15000","14.34460","11403.52780"
"ECU","Ecuador","2010","ingreso","national","2.15000","15.87600","11665.69786"
"ECU","Ecuador","2011","ingreso","national","2.15000","16.39920","12449.07855"
"ECU","Ecuador","2012","ingreso","national","2.15000","17.47180","12961.02674"
"ECU","Ecuador","2013","ingreso","national","2.15000","18.08100","13689.15205"
"ECU","Ecuador","2014","ingreso","national","2.15000","18.28450","14064.79922"
"ECU","Ecuador","2015","ingreso","national","2.15000","18.41360","13881.57007"
"ECU","Ecuador","2016","ingreso","national","2.15000","18.03380","13586.51608"
"ECU","Ecuador","2017","ingreso","national","2.15000","18.54900","14179.15375"
"ECU","Ecuador","2018","ingreso","national","2.15000","18.50590","14083.50700"
"ECU","Ecuador","2019","ingreso","national","2.15000","18.17710","13870.48951"
"ECU","Ecuador","2020","ingreso","national","2.15000","16.16420","12440.32637"
"ECU","Ecuador","2021","ingreso","national","2.15000","17.35350","13507.44456"
"ECU","Ecuador","2022","ingreso","national","2.15000","17.96750","14186.63885"
"ECU","Ecuador","2023","ingreso","national","2.15000","17.63280","14321.16483"
"ECU","Ecuador","2024","ingreso","national","2.15000","16.93050","13922.42228"
"ECU","Ecuador","2025","ingreso","national","2.15000","18.96870","14319.24066"
"EGY","Egipto","1990","consumo","national","2.15000","7.33870","8006.62144"
"EGY","Egipto","1991","consumo","national","2.15000","7.28170","7876.55258"
"EGY","Egipto","1992","consumo","national","2.15000","7.21350","8034.56230"
"EGY","Egipto","1993","consumo","national","2.15000","7.13770","8079.05481"
"EGY","Egipto","1994","consumo","national","2.15000","7.10710","8221.04685"
"EGY","Egipto","1995","consumo","national","2.15000","7.10030","8423.57817"
"EGY","Egipto","1996","consumo","national","2.15000","7.18910","8662.33148"
"EGY","Egipto","1997","consumo","national","2.15000","7.53780","8950.65411"
"EGY","Egipto","1998","consumo","national","2.15000","7.91570","9245.47890"
"EGY","Egipto","1999","consumo","national","2.15000","8.34730","9588.85939"
"EGY","Egipto","2000","consumo","national","2.15000","8.55320","9981.62775"
"EGY","Egipto","2001","consumo","national","2.15000","8.34510","10117.33318"
"EGY","Egipto","2002","consumo","national","2.15000","8.12590","10143.50635"
"EGY","Egipto","2003","consumo","national","2.15000","7.95170","10250.37655"
"EGY","Egipto","2004","consumo","national","2.15000","7.80850","10451.82175"
"EGY","Egipto","2005","consumo","national","2.15000","7.77860","10700.60904"
"EGY","Egipto","2006","consumo","national","2.15000","7.79200","11211.83202"
"EGY","Egipto","2007","consumo","national","2.15000","7.80650","11782.00607"
"EGY","Egipto","2008","consumo","national","2.15000","7.81800","12391.58476"
"EGY","Egipto","2009","consumo","national","2.15000","8.36270","12728.08146"
"EGY","Egipto","2010","consumo","national","2.15000","8.53920","13128.98783"
"EGY","Egipto","2011","consumo","national","2.15000","8.72170","13082.42637"
"EGY","Egipto","2012","consumo","national","2.15000","8.81300","13076.80524"
"EGY","Egipto","2013","consumo","national","2.15000","8.89030","13058.07482"
"EGY","Egipto","2014","consumo","national","2.15000","9.16700","13136.36563"
"EGY","Egipto","2015","consumo","national","2.15000","9.60950","13425.91196"
"EGY","Egipto","2016","consumo","national","2.15000","9.13430","13727.32016"
"EGY","Egipto","2017","consumo","national","2.15000","8.67570","14018.36059"
"EGY","Egipto","2018","consumo","national","2.15000","8.47030","14488.20943"
"EGY","Egipto","2019","consumo","national","2.15000","8.85030","15026.56824"
"EGY","Egipto","2020","consumo","national","2.15000","8.96910","15309.23599"
"EGY","Egipto","2021","consumo","national","2.15000","9.00140","15579.01609"
"EGY","Egipto","2022","consumo","national","2.15000","9.07720","16360.39078"
"EGY","Egipto","2023","consumo","national","2.15000","9.16140","16691.38740"
"EGY","Egipto","2024","consumo","national","2.15000","9.18680","16798.15158"
"EGY","Egipto","2025","consumo","national","2.15000","9.32980","17265.14886"
"SLV","El Salvador","1990","ingreso","national","2.15000","8.63520","5976.01763"
"SLV","El Salvador","1991","ingreso","national","2.15000","8.38700","5960.05893"
"SLV","El Salvador","1992","ingreso","national","2.15000","8.75170","6275.18767"
"SLV","El Salvador","1993","ingreso","national","2.15000","9.07330","6553.07234"
"SLV","El Salvador","1994","ingreso","national","2.15000","9.35370","6795.50609"
"SLV","El Salvador","1995","ingreso","national","2.15000","9.65730","7057.92025"
"SLV","El Salvador","1996","ingreso","national","2.15000","9.62780","7062.30008"
"SLV","El Salvador","1997","ingreso","national","2.15000","9.71140","7234.94456"
"SLV","El Salvador","1998","ingreso","national","2.15000","9.78210","7381.11460"
"SLV","El Salvador","1999","ingreso","national","2.15000","10.21180","7498.46741"
"SLV","El Salvador","2000","ingreso","national","2.15000","11.55070","7545.44796"
"SLV","El Salvador","2001","ingreso","national","2.15000","11.05850","7580.32338"
"SLV","El Salvador","2002","ingreso","national","2.15000","11.15310","7675.67106"
"SLV","El Salvador","2003","ingreso","national","2.15000","10.32240","7780.27178"
"SLV","El Salvador","2004","ingreso","national","2.15000","10.61650","7841.53238"
"SLV","El Salvador","2005","ingreso","national","2.15000","10.80020","8050.53451"
"SLV","El Salvador","2006","ingreso","national","2.15000","10.76850","8404.24675"
"SLV","El Salvador","2007","ingreso","national","2.15000","11.52360","8548.83476"
"SLV","El Salvador","2008","ingreso","national","2.15000","11.11570","8704.80585"
"SLV","El Salvador","2009","ingreso","national","2.15000","10.73290","8494.49847"
"SLV","El Salvador","2010","ingreso","national","2.15000","10.62400","8648.92983"
"SLV","El Salvador","2011","ingreso","national","2.15000","10.37200","8945.93133"
"SLV","El Salvador","2012","ingreso","national","2.15000","10.73310","9162.56213"
"SLV","El Salvador","2013","ingreso","national","2.15000","11.83900","9329.46202"
"SLV","El Salvador","2014","ingreso","national","2.15000","11.55420","9451.74461"
"SLV","El Salvador","2015","ingreso","national","2.15000","11.88820","9646.15432"
"SLV","El Salvador","2016","ingreso","national","2.15000","11.98190","9863.76121"
"SLV","El Salvador","2017","ingreso","national","2.15000","12.03020","10064.79349"
"SLV","El Salvador","2018","ingreso","national","2.15000","12.93840","10297.20361"
"SLV","El Salvador","2019","ingreso","national","2.15000","14.07360","10543.93833"
"SLV","El Salvador","2020","ingreso","national","2.15000","12.81080","9692.44932"
"SLV","El Salvador","2021","ingreso","national","2.15000","14.14650","10809.71340"
"SLV","El Salvador","2022","ingreso","national","2.15000","14.23810","11085.61662"
"SLV","El Salvador","2023","ingreso","national","2.15000","15.45540","11404.33423"
"SLV","El Salvador","2024","ingreso","national","2.15000","15.88010","11647.02345"
"SLV","El Salvador","2025","ingreso","national","2.15000","16.19580","12050.02827"
"ARE","Emiratos Árabes Unidos","1990","ingreso","national","2.15000","185.11020","111376.98437"
"ARE","Emiratos Árabes Unidos","1991","ingreso","national","2.15000","176.61590","106266.15763"
"ARE","Emiratos Árabes Unidos","1992","ingreso","national","2.15000","173.19310","104207.05913"
"ARE","Emiratos Árabes Unidos","1993","ingreso","national","2.15000","166.90390","100422.83247"
"ARE","Emiratos Árabes Unidos","1994","ingreso","national","2.15000","170.28350","102456.23994"
"ARE","Emiratos Árabes Unidos","1995","ingreso","national","2.15000","173.72690","104527.84824"
"ARE","Emiratos Árabes Unidos","1996","ingreso","national","2.15000","172.27360","103653.54271"
"ARE","Emiratos Árabes Unidos","1997","ingreso","national","2.15000","171.83970","103392.37946"
"ARE","Emiratos Árabes Unidos","1998","ingreso","national","2.15000","159.70040","96088.65873"
"ARE","Emiratos Árabes Unidos","1999","ingreso","national","2.15000","152.98440","92047.61047"
"ARE","Emiratos Árabes Unidos","2000","ingreso","national","2.15000","158.54070","95390.83289"
"ARE","Emiratos Árabes Unidos","2001","ingreso","national","2.15000","150.82840","90750.32579"
"ARE","Emiratos Árabes Unidos","2002","ingreso","national","2.15000","150.74420","87479.15454"
"ARE","Emiratos Árabes Unidos","2003","ingreso","national","2.15000","145.11110","89828.49340"
"ARE","Emiratos Árabes Unidos","2004","ingreso","national","2.15000","153.05140","93166.15689"
"ARE","Emiratos Árabes Unidos","2005","ingreso","national","2.15000","149.19140","92750.92263"
"ARE","Emiratos Árabes Unidos","2006","ingreso","national","2.15000","160.11800","94872.51213"
"ARE","Emiratos Árabes Unidos","2007","ingreso","national","2.15000","160.13630","87180.60016"
"ARE","Emiratos Árabes Unidos","2008","ingreso","national","2.15000","159.93210","80285.16131"
"ARE","Emiratos Árabes Unidos","2009","ingreso","national","2.15000","108.18950","71488.96968"
"ARE","Emiratos Árabes Unidos","2010","ingreso","national","2.15000","76.77280","70913.75693"
"ARE","Emiratos Árabes Unidos","2011","ingreso","national","2.15000","82.40710","73190.40563"
"ARE","Emiratos Árabes Unidos","2012","ingreso","national","2.15000","69.72010","73644.05499"
"ARE","Emiratos Árabes Unidos","2013","ingreso","national","2.15000","72.59050","74237.20380"
"ARE","Emiratos Árabes Unidos","2014","ingreso","national","2.15000","78.72640","74145.11754"
"ARE","Emiratos Árabes Unidos","2015","ingreso","national","2.15000","77.90820","75238.55719"
"ARE","Emiratos Árabes Unidos","2016","ingreso","national","2.15000","78.48700","75671.03686"
"ARE","Emiratos Árabes Unidos","2017","ingreso","national","2.15000","80.14500","72529.04235"
"ARE","Emiratos Árabes Unidos","2018","ingreso","national","2.15000","81.18100","72671.07873"
"ARE","Emiratos Árabes Unidos","2019","ingreso","national","2.15000","85.52260","72822.94664"
"ARE","Emiratos Árabes Unidos","2020","ingreso","national","2.15000","85.02360","66808.62093"
"ARE","Emiratos Árabes Unidos","2021","ingreso","national","2.15000","85.53520","68580.13129"
"ARE","Emiratos Árabes Unidos","2022","ingreso","national","2.15000","97.06720","70075.63837"
"ARE","Emiratos Árabes Unidos","2023","ingreso","national","2.15000","106.44440","70239.83283"
"ARE","Emiratos Árabes Unidos","2024","ingreso","national","2.15000","105.62910","69701.78584"
"SVK","Eslovaquia","1990","ingreso","national","2.15000","21.66980","17521.02506"
"SVK","Eslovaquia","1991","ingreso","national","2.15000","18.49730","14955.95421"
"SVK","Eslovaquia","1992","ingreso","national","2.15000","17.24840","13946.16308"
"SVK","Eslovaquia","1993","ingreso","national","2.15000","17.27640","14157.18144"
"SVK","Eslovaquia","1994","ingreso","national","2.15000","17.38500","14976.57736"
"SVK","Eslovaquia","1995","ingreso","national","2.15000","17.49480","15805.41333"
"SVK","Eslovaquia","1996","ingreso","national","2.15000","17.65350","16737.17222"
"SVK","Eslovaquia","1997","ingreso","national","2.15000","18.09810","17622.77975"
"SVK","Eslovaquia","1998","ingreso","national","2.15000","18.72140","18272.52245"
"SVK","Eslovaquia","1999","ingreso","national","2.15000","18.61920","18167.49572"
"SVK","Eslovaquia","2000","ingreso","national","2.15000","18.97770","18335.68345"
"SVK","Eslovaquia","2001","ingreso","national","2.15000","19.73640","18906.60143"
"SVK","Eslovaquia","2002","ingreso","national","2.15000","20.56670","19748.93187"
"SVK","Eslovaquia","2003","ingreso","national","2.15000","20.71440","20721.71281"
"SVK","Eslovaquia","2004","consumo","national","2.15000","15.36250","21842.95638"
"SVK","Eslovaquia","2005","consumo","national","2.15000","17.69500","23257.17585"
"SVK","Eslovaquia","2006","consumo","national","2.15000","19.57750","25331.87402"
"SVK","Eslovaquia","2007","consumo","national","2.15000","19.91750","28064.24573"
"SVK","Eslovaquia","2008","consumo","national","2.15000","20.23650","29544.09060"
"SVK","Eslovaquia","2009","consumo","national","2.15000","18.61650","27880.41112"
"SVK","Eslovaquia","2010","ingreso","national","2.15000","26.62820","29745.91967"
"SVK","Eslovaquia","2011","ingreso","national","2.15000","27.63540","30468.82570"
"SVK","Eslovaquia","2012","ingreso","national","2.15000","25.35870","30894.31180"
"SVK","Eslovaquia","2013","ingreso","national","2.15000","26.02100","31078.18482"
"SVK","Eslovaquia","2014","ingreso","national","2.15000","25.37190","31888.80535"
"SVK","Eslovaquia","2015","ingreso","national","2.15000","25.90250","33507.79136"
"SVK","Eslovaquia","2016","ingreso","national","2.15000","26.20230","34116.45020"
"SVK","Eslovaquia","2017","ingreso","national","2.15000","27.02410","35042.78589"
"SVK","Eslovaquia","2018","ingreso","national","2.15000","28.55110","36415.79205"
"SVK","Eslovaquia","2019","ingreso","national","2.15000","29.27950","37194.21045"
"SVK","Eslovaquia","2020","ingreso","national","2.15000","28.09850","36201.48638"
"SVK","Eslovaquia","2021","ingreso","national","2.15000","27.93110","38330.30274"
"SVK","Eslovaquia","2022","ingreso","national","2.15000","25.30400","38648.98557"
"SVK","Eslovaquia","2023","ingreso","national","2.15000","25.44760","39501.94742"
"SVK","Eslovaquia","2024","ingreso","national","2.15000","25.96320","40302.45143"
"SVK","Eslovaquia","2025","ingreso","national","2.15000","26.22470","40689.81796"
"SVN","Eslovenia","1990","ingreso","national","2.15000","28.19130","25349.79772"
"SVN","Eslovenia","1991","ingreso","national","2.15000","27.04260","23078.99295"
"SVN","Eslovenia","1992","ingreso","national","2.15000","24.54050","21850.05710"
"SVN","Eslovenia","1993","ingreso","national","2.15000","26.24140","22524.95919"
"SVN","Eslovenia","1994","ingreso","national","2.15000","26.98320","23752.43772"
"SVN","Eslovenia","1995","ingreso","national","2.15000","28.67500","24722.65692"
"SVN","Eslovenia","1996","ingreso","national","2.15000","29.24790","25458.89667"
"SVN","Eslovenia","1997","ingreso","national","2.15000","29.87320","26811.48732"
"SVN","Eslovenia","1998","consumo","national","2.15000","29.47880","27693.28274"
"SVN","Eslovenia","1999","ingreso","national","2.15000","30.03420","29131.35061"
"SVN","Eslovenia","2000","consumo","national","2.15000","30.25720","30061.20619"
"SVN","Eslovenia","2001","consumo","national","2.15000","30.61570","30862.89599"
"SVN","Eslovenia","2002","consumo","national","2.15000","30.92270","31836.52157"
"SVN","Eslovenia","2003","consumo","national","2.15000","30.52840","32833.90460"
"SVN","Eslovenia","2004","ingreso","national","2.15000","37.38550","34304.55650"
"SVN","Eslovenia","2005","ingreso","national","2.15000","38.70350","35565.04272"
"SVN","Eslovenia","2006","ingreso","national","2.15000","40.07110","37546.49561"
"SVN","Eslovenia","2007","ingreso","national","2.15000","42.16130","40002.70190"
"SVN","Eslovenia","2008","ingreso","national","2.15000","43.41640","41286.34625"
"SVN","Eslovenia","2009","ingreso","national","2.15000","43.70110","37809.17355"
"SVN","Eslovenia","2010","ingreso","national","2.15000","43.76220","38063.31468"
"SVN","Eslovenia","2011","ingreso","national","2.15000","43.38850","38233.29056"
"SVN","Eslovenia","2012","ingreso","national","2.15000","41.59760","37040.70827"
"SVN","Eslovenia","2013","ingreso","national","2.15000","41.37480","36685.74966"
"SVN","Eslovenia","2014","ingreso","national","2.15000","42.39290","37662.25599"
"SVN","Eslovenia","2015","ingreso","national","2.15000","42.55220","38534.64374"
"SVN","Eslovenia","2016","ingreso","national","2.15000","43.83370","39674.89316"
"SVN","Eslovenia","2017","ingreso","national","2.15000","44.86090","41700.65109"
"SVN","Eslovenia","2018","ingreso","national","2.15000","47.68550","43369.22195"
"SVN","Eslovenia","2019","ingreso","national","2.15000","48.70850","44577.94186"
"SVN","Eslovenia","2020","ingreso","national","2.15000","51.11350","42471.52280"
"SVN","Eslovenia","2021","ingreso","national","2.15000","53.80640","45922.66326"
"SVN","Eslovenia","2022","ingreso","national","2.15000","53.83740","47058.88660"
"SVN","Eslovenia","2023","ingreso","national","2.15000","54.70970","47986.41959"
"SVN","Eslovenia","2024","ingreso","national","2.15000","55.47540","48658.02652"
"SVN","Eslovenia","2025","ingreso","national","2.15000","55.90460","49091.01844"
"ESP","España","1990","ingreso","national","2.15000","29.85880","31773.22674"
"ESP","España","1991","ingreso","national","2.15000","31.66030","32499.34814"
"ESP","España","1992","ingreso","national","2.15000","33.22500","32641.08272"
"ESP","España","1993","ingreso","national","2.15000","33.43400","32137.31384"
"ESP","España","1994","ingreso","national","2.15000","33.05810","32746.92878"
"ESP","España","1995","ingreso","national","2.15000","33.09000","33501.73142"
"ESP","España","1996","ingreso","national","2.15000","33.26280","34232.37869"
"ESP","España","1997","ingreso","national","2.15000","34.70020","35312.08629"
"ESP","España","1998","ingreso","national","2.15000","37.19430","36679.09423"
"ESP","España","1999","ingreso","national","2.15000","39.60910","38141.31688"
"ESP","España","2000","ingreso","national","2.15000","41.66920","39945.89713"
"ESP","España","2001","ingreso","national","2.15000","42.46610","41224.29241"
"ESP","España","2002","ingreso","national","2.15000","42.89060","41766.03782"
"ESP","España","2003","ingreso","national","2.15000","43.03120","42223.13017"
"ESP","España","2004","ingreso","national","2.15000","43.59220","42793.39023"
"ESP","España","2005","ingreso","national","2.15000","44.71200","43570.76526"
"ESP","España","2006","ingreso","national","2.15000","45.12430","44572.68155"
"ESP","España","2007","ingreso","national","2.15000","53.79430","45301.28434"
"ESP","España","2008","ingreso","national","2.15000","54.70070","44926.34895"
"ESP","España","2009","ingreso","national","2.15000","54.63570","42852.22089"
"ESP","España","2010","ingreso","national","2.15000","51.66580","42695.52742"
"ESP","España","2011","ingreso","national","2.15000","49.73350","42271.83468"
"ESP","España","2012","ingreso","national","2.15000","47.38230","41034.04816"
"ESP","España","2013","ingreso","national","2.15000","46.08620","40594.91401"
"ESP","España","2014","ingreso","national","2.15000","46.32200","41339.41112"
"ESP","España","2015","ingreso","national","2.15000","47.65520","43053.76143"
"ESP","España","2016","ingreso","national","2.15000","49.39580","44274.66761"
"ESP","España","2017","ingreso","national","2.15000","49.93060","45446.25086"
"ESP","España","2018","ingreso","national","2.15000","50.21100","46325.20994"
"ESP","España","2019","ingreso","national","2.15000","52.46730","46896.41711"
"ESP","España","2020","ingreso","national","2.15000","52.61640","41553.44779"
"ESP","España","2021","ingreso","national","2.15000","54.05780","44251.66582"
"ESP","España","2022","ingreso","national","2.15000","54.04650","46733.48098"
"ESP","España","2023","ingreso","national","2.15000","54.84950","47322.59370"
"ESP","España","2024","ingreso","national","2.15000","56.16810","48460.29141"
"ESP","España","2025","ingreso","national","2.15000","57.05340","49318.10556"
"USA","Estados Unidos","1990","ingreso","national","2.15000","65.07790","44384.21019"
"USA","Estados Unidos","1991","ingreso","national","2.15000","64.38450","43747.63074"
"USA","Estados Unidos","1992","ingreso","national","2.15000","64.40170","44664.87359"
"USA","Estados Unidos","1993","ingreso","national","2.15000","65.73270","45292.73807"
"USA","Estados Unidos","1994","ingreso","national","2.15000","66.88660","46543.31992"
"USA","Estados Unidos","1995","ingreso","national","2.15000","67.90150","47227.00833"
"USA","Estados Unidos","1996","ingreso","national","2.15000","68.98580","48441.90611"
"USA","Estados Unidos","1997","ingreso","national","2.15000","70.99490","49990.67407"
"USA","Estados Unidos","1998","ingreso","national","2.15000","72.94790","51626.48383"
"USA","Estados Unidos","1999","ingreso","national","2.15000","74.66630","53480.89700"
"USA","Estados Unidos","2000","ingreso","national","2.15000","75.52400","55045.67453"
"USA","Estados Unidos","2001","ingreso","national","2.15000","75.50430","55024.35428"
"USA","Estados Unidos","2002","ingreso","national","2.15000","75.69000","55443.21994"
"USA","Estados Unidos","2003","ingreso","national","2.15000","76.83880","56505.44688"
"USA","Estados Unidos","2004","ingreso","national","2.15000","75.98950","58139.08202"
"USA","Estados Unidos","2005","ingreso","national","2.15000","77.61980","59612.39072"
"USA","Estados Unidos","2006","ingreso","national","2.15000","78.96260","60684.33998"
"USA","Estados Unidos","2007","ingreso","national","2.15000","78.44120","61314.45208"
"USA","Estados Unidos","2008","ingreso","national","2.15000","76.33940","60806.22387"
"USA","Estados Unidos","2009","ingreso","national","2.15000","77.37260","58722.49677"
"USA","Estados Unidos","2010","ingreso","national","2.15000","75.45960","59797.07365"
"USA","Estados Unidos","2011","ingreso","national","2.15000","76.38890","60253.20358"
"USA","Estados Unidos","2012","ingreso","national","2.15000","76.68720","61142.36370"
"USA","Estados Unidos","2013","ingreso","national","2.15000","76.22020","61966.66214"
"USA","Estados Unidos","2014","ingreso","national","2.15000","76.70550","63026.87792"
"USA","Estados Unidos","2015","ingreso","national","2.15000","79.62900","64367.71889"
"USA","Estados Unidos","2016","ingreso","national","2.15000","83.32260","65025.98560"
"USA","Estados Unidos","2017","ingreso","national","2.15000","84.38060","66164.03200"
"USA","Estados Unidos","2018","ingreso","national","2.15000","88.27110","67728.44249"
"USA","Estados Unidos","2019","ingreso","national","2.15000","94.12700","69121.45800"
"USA","Estados Unidos","2020","ingreso","national","2.15000","96.53040","67406.83113"
"USA","Estados Unidos","2021","ingreso","national","2.15000","96.93530","71441.23198"
"USA","Estados Unidos","2022","ingreso","national","2.15000","89.94960","72828.74309"
"USA","Estados Unidos","2023","ingreso","national","2.15000","92.95210","74351.67182"
"USA","Estados Unidos","2024","ingreso","national","2.15000","95.59530","75698.17734"
"USA","Estados Unidos","2025","ingreso","national","2.15000","97.06820","76931.31070"
"EST","Estonia","1990","ingreso","national","2.15000","18.57290","19161.44516"
"EST","Estonia","1991","ingreso","national","2.15000","17.17310","17717.30523"
"EST","Estonia","1992","ingreso","national","2.15000","13.78700","14223.90757"
"EST","Estonia","1993","ingreso","national","2.15000","13.33440","13757.01556"
"EST","Estonia","1994","ingreso","national","2.15000","13.36380","13823.55660"
"EST","Estonia","1995","consumo","national","2.15000","10.96260","14709.59981"
"EST","Estonia","1996","consumo","national","2.15000","11.71870","15666.13305"
"EST","Estonia","1997","consumo","national","2.15000","13.48770","17913.78700"
"EST","Estonia","1998","consumo","national","2.15000","14.10310","18871.61968"
"EST","Estonia","1999","consumo","national","2.15000","13.24660","18736.15453"
"EST","Estonia","2000","consumo","national","2.15000","12.94650","20526.66064"
"EST","Estonia","2001","consumo","national","2.15000","12.56980","21872.65940"
"EST","Estonia","2002","consumo","national","2.15000","12.84550","23537.71568"
"EST","Estonia","2003","consumo","national","2.15000","13.01990","25485.16130"
"EST","Estonia","2004","consumo","national","2.15000","14.97150","27381.53506"
"EST","Estonia","2005","ingreso","national","2.15000","21.17350","30161.19961"
"EST","Estonia","2006","ingreso","national","2.15000","24.65510","33301.49455"
"EST","Estonia","2007","ingreso","national","2.15000","27.74360","35986.51613"
"EST","Estonia","2008","ingreso","national","2.15000","28.69750","34233.76438"
"EST","Estonia","2009","ingreso","national","2.15000","27.01940","29281.67983"
"EST","Estonia","2010","ingreso","national","2.15000","25.39880","30067.50104"
"EST","Estonia","2011","ingreso","national","2.15000","26.32630","32453.10085"
"EST","Estonia","2012","ingreso","national","2.15000","27.84150","33765.43021"
"EST","Estonia","2013","ingreso","national","2.15000","30.32370","34481.01489"
"EST","Estonia","2014","ingreso","national","2.15000","32.76130","35720.30253"
"EST","Estonia","2015","ingreso","national","2.15000","35.02950","36353.05805"
"EST","Estonia","2016","ingreso","national","2.15000","37.25370","37466.55618"
"EST","Estonia","2017","ingreso","national","2.15000","39.38840","39529.78597"
"EST","Estonia","2018","ingreso","national","2.15000","41.74500","40849.84735"
"EST","Estonia","2019","ingreso","national","2.15000","43.95440","42215.03438"
"EST","Estonia","2020","ingreso","national","2.15000","45.92220","40916.71941"
"EST","Estonia","2021","ingreso","national","2.15000","52.01750","44247.41990"
"EST","Estonia","2022","ingreso","national","2.15000","44.21570","43124.61966"
"EST","Estonia","2023","ingreso","national","2.15000","43.79760","41284.77469"
"EST","Estonia","2024","ingreso","national","2.15000","43.69260","41185.83484"
"EST","Estonia","2025","ingreso","national","2.15000","43.85510","41604.32266"
"SWZ","Eswatini","1990","consumo","national","2.15000","1.65190","5447.73900"
"SWZ","Eswatini","1991","consumo","national","2.15000","1.62660","5325.35246"
"SWZ","Eswatini","1992","consumo","national","2.15000","1.61960","5291.89629"
"SWZ","Eswatini","1993","consumo","national","2.15000","1.62120","5299.53230"
"SWZ","Eswatini","1994","consumo","national","2.15000","1.64790","5427.35002"
"SWZ","Eswatini","1995","consumo","national","2.15000","1.91750","5693.82195"
"SWZ","Eswatini","1996","consumo","national","2.15000","2.41860","5796.65255"
"SWZ","Eswatini","1997","consumo","national","2.15000","2.80700","5876.80342"
"SWZ","Eswatini","1998","consumo","national","2.15000","3.17400","5952.85423"
"SWZ","Eswatini","1999","consumo","national","2.15000","3.70030","6062.34806"
"SWZ","Eswatini","2000","consumo","national","2.15000","3.90940","6106.07479"
"SWZ","Eswatini","2001","consumo","national","2.15000","4.03870","6135.45300"
"SWZ","Eswatini","2002","consumo","national","2.15000","4.06390","6335.81352"
"SWZ","Eswatini","2003","consumo","national","2.15000","4.09410","6578.30153"
"SWZ","Eswatini","2004","consumo","national","2.15000","4.11840","6775.22174"
"SWZ","Eswatini","2005","consumo","national","2.15000","4.16320","7142.19219"
"SWZ","Eswatini","2006","consumo","national","2.15000","4.21640","7584.72031"
"SWZ","Eswatini","2007","consumo","national","2.15000","4.24970","7866.73073"
"SWZ","Eswatini","2008","consumo","national","2.15000","4.25670","7926.37961"
"SWZ","Eswatini","2009","consumo","national","2.15000","4.26390","7988.59750"
"SWZ","Eswatini","2010","consumo","national","2.15000","4.57970","8245.64153"
"SWZ","Eswatini","2011","consumo","national","2.15000","4.74640","8350.89191"
"SWZ","Eswatini","2012","consumo","national","2.15000","5.21190","8645.84478"
"SWZ","Eswatini","2013","consumo","national","2.15000","5.68860","8951.05750"
"SWZ","Eswatini","2014","consumo","national","2.15000","5.89490","9084.49406"
"SWZ","Eswatini","2015","consumo","national","2.15000","6.05220","9186.65345"
"SWZ","Eswatini","2016","consumo","national","2.15000","6.38330","9402.50834"
"SWZ","Eswatini","2017","consumo","national","2.15000","6.55270","9660.55162"
"SWZ","Eswatini","2018","consumo","national","2.15000","6.51350","9578.10061"
"SWZ","Eswatini","2019","consumo","national","2.15000","6.76180","10099.58631"
"SWZ","Eswatini","2020","consumo","national","2.15000","6.57250","9695.82498"
"SWZ","Eswatini","2021","consumo","national","2.15000","6.71230","9990.43492"
"SWZ","Eswatini","2022","consumo","national","2.15000","6.68280","9927.60567"
"SWZ","Eswatini","2023","consumo","national","2.15000","6.80240","10181.50407"
"SWZ","Eswatini","2024","consumo","national","2.15000","6.89540","10386.21457"
"SWZ","Eswatini","2025","consumo","national","2.15000","7.05260","10706.77780"
"ETH","Etiopía","1990","consumo","national","2.15000","3.09120","874.34694"
"ETH","Etiopía","1991","consumo","national","2.15000","2.83830","777.52357"
"ETH","Etiopía","1992","consumo","national","2.15000","2.78410","680.83477"
"ETH","Etiopía","1993","consumo","national","2.15000","2.87020","743.70849"
"ETH","Etiopía","1994","consumo","national","2.15000","2.89150","741.17662"
"ETH","Etiopía","1995","consumo","national","2.15000","3.00480","760.26435"
"ETH","Etiopía","1996","consumo","national","2.15000","3.07980","826.99166"
"ETH","Etiopía","1997","consumo","national","2.15000","2.99120","826.00522"
"ETH","Etiopía","1998","consumo","national","2.15000","2.91760","772.78665"
"ETH","Etiopía","1999","consumo","national","2.15000","2.94590","787.67958"
"ETH","Etiopía","2000","consumo","national","2.15000","3.09380","810.27075"
"ETH","Etiopía","2001","consumo","national","2.15000","3.20480","851.31343"
"ETH","Etiopía","2002","consumo","national","2.15000","3.00480","838.29805"
"ETH","Etiopía","2003","consumo","national","2.15000","3.13160","795.77214"
"ETH","Etiopía","2004","consumo","national","2.15000","3.70890","877.11449"
"ETH","Etiopía","2005","consumo","national","2.15000","3.99880","952.11567"
"ETH","Etiopía","2006","consumo","national","2.15000","4.04970","1024.72912"
"ETH","Etiopía","2007","consumo","national","2.15000","4.10350","1109.14330"
"ETH","Etiopía","2008","consumo","national","2.15000","4.15140","1193.74728"
"ETH","Etiopía","2009","consumo","national","2.15000","4.20810","1262.46398"
"ETH","Etiopía","2010","consumo","national","2.15000","4.27700","1381.19045"
"ETH","Etiopía","2011","consumo","national","2.15000","4.34460","1492.53396"
"ETH","Etiopía","2012","consumo","national","2.15000","4.42350","1576.76876"
"ETH","Etiopía","2013","consumo","national","2.15000","4.51680","1696.86516"
"ETH","Etiopía","2014","consumo","national","2.15000","4.61400","1821.39162"
"ETH","Etiopía","2015","consumo","national","2.15000","4.71050","1957.41454"
"ETH","Etiopía","2016","consumo","national","2.15000","4.75200","2084.84056"
"ETH","Etiopía","2017","consumo","national","2.15000","4.69420","2222.82824"
"ETH","Etiopía","2018","consumo","national","2.15000","4.60720","2311.16512"
"ETH","Etiopía","2019","consumo","national","2.15000","4.49870","2437.97046"
"ETH","Etiopía","2020","consumo","national","2.15000","4.33990","2516.54908"
"ETH","Etiopía","2021","consumo","national","2.15000","4.16320","2588.41310"
"ETH","Etiopía","2022","consumo","national","2.15000","4.25680","2655.59277"
"ETH","Etiopía","2023","consumo","national","2.15000","4.38640","2757.95924"
"ETH","Etiopía","2024","consumo","national","2.15000","4.55130","2892.22220"
"ETH","Etiopía","2025","consumo","national","2.15000","4.72690","3094.86812"
"FJI","Fiji","1990","consumo","national","2.15000","9.33020","7820.71719"
"FJI","Fiji","1991","consumo","national","2.15000","9.10220","7547.67823"
"FJI","Fiji","1992","consumo","national","2.15000","9.44190","7950.06641"
"FJI","Fiji","1993","consumo","national","2.15000","9.53980","8067.80452"
"FJI","Fiji","1994","consumo","national","2.15000","9.84150","8432.29830"
"FJI","Fiji","1995","consumo","national","2.15000","9.97860","8600.09282"
"FJI","Fiji","1996","consumo","national","2.15000","10.26790","8956.35015"
"FJI","Fiji","1997","consumo","national","2.15000","10.03750","8669.25171"
"FJI","Fiji","1998","consumo","national","2.15000","10.04130","8673.87812"
"FJI","Fiji","1999","consumo","national","2.15000","10.57180","9328.60660"
"FJI","Fiji","2000","consumo","national","2.15000","10.36750","9070.99318"
"FJI","Fiji","2001","consumo","national","2.15000","10.43690","9157.80845"
"FJI","Fiji","2002","consumo","national","2.15000","10.59640","9357.75383"
"FJI","Fiji","2003","consumo","national","2.15000","10.60660","9361.46417"
"FJI","Fiji","2004","consumo","national","2.15000","11.18180","9766.52775"
"FJI","Fiji","2005","consumo","national","2.15000","11.33910","9745.58144"
"FJI","Fiji","2006","consumo","national","2.15000","11.58880","9837.08587"
"FJI","Fiji","2007","consumo","national","2.15000","11.62600","9672.29020"
"FJI","Fiji","2008","consumo","national","2.15000","11.83300","9711.96604"
"FJI","Fiji","2009","consumo","national","2.15000","11.64950","9536.81722"
"FJI","Fiji","2010","consumo","national","2.15000","11.61710","9784.30360"
"FJI","Fiji","2011","consumo","national","2.15000","11.56540","10020.69575"
"FJI","Fiji","2012","consumo","national","2.15000","11.41220","10140.69359"
"FJI","Fiji","2013","consumo","national","2.15000","11.51900","10604.15591"
"FJI","Fiji","2014","consumo","national","2.15000","11.36660","11183.31353"
"FJI","Fiji","2015","consumo","national","2.15000","10.99910","11674.06337"
"FJI","Fiji","2016","consumo","national","2.15000","10.45370","11951.91967"
"FJI","Fiji","2017","consumo","national","2.15000","10.09260","12597.32749"
"FJI","Fiji","2018","consumo","national","2.15000","9.59730","13100.09594"
"FJI","Fiji","2019","consumo","national","2.15000","8.79930","13056.33109"
"FJI","Fiji","2020","consumo","national","2.15000","7.63820","10812.03550"
"FJI","Fiji","2021","consumo","national","2.15000","7.39610","10322.42796"
"FJI","Fiji","2022","consumo","national","2.15000","8.29680","12118.31827"
"FJI","Fiji","2023","consumo","national","2.15000","8.81280","13194.80476"
"FJI","Fiji","2024","consumo","national","2.15000","8.99870","13592.46359"
"FJI","Fiji","2025","consumo","national","2.15000","9.16120","13961.11837"
"PHL","Filipinas","1990","consumo","national","2.15000","5.26610","4504.46230"
"PHL","Filipinas","1991","consumo","national","2.15000","5.26710","4378.39532"
"PHL","Filipinas","1992","consumo","national","2.15000","5.22090","4293.71810"
"PHL","Filipinas","1993","consumo","national","2.15000","5.23700","4283.15968"
"PHL","Filipinas","1994","consumo","national","2.15000","5.34020","4374.06722"
"PHL","Filipinas","1995","consumo","national","2.15000","5.70730","4477.32318"
"PHL","Filipinas","1996","consumo","national","2.15000","6.25260","4631.77198"
"PHL","Filipinas","1997","consumo","national","2.15000","6.69630","4758.70846"
"PHL","Filipinas","1998","consumo","national","2.15000","6.44650","4616.67293"
"PHL","Filipinas","1999","consumo","national","2.15000","6.36930","4650.75927"
"PHL","Filipinas","2000","consumo","national","2.15000","6.34330","4740.43892"
"PHL","Filipinas","2001","consumo","national","2.15000","6.36010","4778.40084"
"PHL","Filipinas","2002","consumo","national","2.15000","6.39460","4856.49948"
"PHL","Filipinas","2003","consumo","national","2.15000","6.45930","5003.38318"
"PHL","Filipinas","2004","consumo","national","2.15000","6.50450","5229.45081"
"PHL","Filipinas","2005","consumo","national","2.15000","6.53550","5386.81654"
"PHL","Filipinas","2006","consumo","national","2.15000","6.57300","5578.57225"
"PHL","Filipinas","2007","consumo","national","2.15000","6.79310","5840.06810"
"PHL","Filipinas","2008","consumo","national","2.15000","6.91260","5987.03758"
"PHL","Filipinas","2009","consumo","national","2.15000","6.89720","5965.30731"
"PHL","Filipinas","2010","consumo","national","2.15000","6.92660","6273.03928"
"PHL","Filipinas","2011","consumo","national","2.15000","6.79310","6388.31297"
"PHL","Filipinas","2012","consumo","national","2.15000","6.79330","6697.55621"
"PHL","Filipinas","2013","consumo","national","2.15000","6.94220","7016.53846"
"PHL","Filipinas","2014","consumo","national","2.15000","7.09140","7340.36159"
"PHL","Filipinas","2015","consumo","national","2.15000","7.25110","7691.76309"
"PHL","Filipinas","2016","consumo","national","2.15000","7.35580","8131.82538"
"PHL","Filipinas","2017","consumo","national","2.15000","7.46170","8584.13623"
"PHL","Filipinas","2018","consumo","national","2.15000","7.56120","9016.28660"
"PHL","Filipinas","2019","consumo","national","2.15000","7.66080","9452.29397"
"PHL","Filipinas","2020","consumo","national","2.15000","6.95030","8455.18457"
"PHL","Filipinas","2021","consumo","national","2.15000","7.03230","8857.78995"
"PHL","Filipinas","2022","consumo","national","2.15000","7.16170","9457.10395"
"PHL","Filipinas","2023","consumo","national","2.15000","7.25520","9898.53295"
"PHL","Filipinas","2024","consumo","national","2.15000","7.50020","10378.17177"
"PHL","Filipinas","2025","consumo","national","2.15000","7.72710","10747.54544"
"FIN","Finlandia","1990","ingreso","national","2.15000","45.97990","38807.11852"
"FIN","Finlandia","1991","ingreso","national","2.15000","45.09050","36326.08289"
"FIN","Finlandia","1992","ingreso","national","2.15000","42.35100","34926.38336"
"FIN","Finlandia","1993","ingreso","national","2.15000","40.43240","34486.75226"
"FIN","Finlandia","1994","ingreso","national","2.15000","40.70160","35699.72031"
"FIN","Finlandia","1995","ingreso","national","2.15000","41.91270","37069.62898"
"FIN","Finlandia","1996","ingreso","national","2.15000","43.24940","38301.51262"
"FIN","Finlandia","1997","ingreso","national","2.15000","44.53620","40630.92177"
"FIN","Finlandia","1998","ingreso","national","2.15000","46.42820","42733.44557"
"FIN","Finlandia","1999","ingreso","national","2.15000","47.77900","44505.71148"
"FIN","Finlandia","2000","ingreso","national","2.15000","48.62670","46968.84171"
"FIN","Finlandia","2001","ingreso","national","2.15000","49.44090","48099.30143"
"FIN","Finlandia","2002","ingreso","national","2.15000","50.20760","48792.48648"
"FIN","Finlandia","2003","ingreso","national","2.15000","51.55820","49655.54516"
"FIN","Finlandia","2004","ingreso","national","2.15000","54.04690","51494.70586"
"FIN","Finlandia","2005","ingreso","national","2.15000","55.87780","52744.04803"
"FIN","Finlandia","2006","ingreso","national","2.15000","56.74590","54653.98120"
"FIN","Finlandia","2007","ingreso","national","2.15000","58.84810","57313.29165"
"FIN","Finlandia","2008","ingreso","national","2.15000","59.51840","57494.58535"
"FIN","Finlandia","2009","ingreso","national","2.15000","60.68650","52599.14871"
"FIN","Finlandia","2010","ingreso","national","2.15000","61.60150","54017.94586"
"FIN","Finlandia","2011","ingreso","national","2.15000","61.95310","55053.39069"
"FIN","Finlandia","2012","ingreso","national","2.15000","62.10160","53957.66810"
"FIN","Finlandia","2013","ingreso","national","2.15000","61.85790","53183.42867"
"FIN","Finlandia","2014","ingreso","national","2.15000","61.53790","52710.73349"
"FIN","Finlandia","2015","ingreso","national","2.15000","62.10080","52782.48739"
"FIN","Finlandia","2016","ingreso","national","2.15000","62.80620","53984.63163"
"FIN","Finlandia","2017","ingreso","national","2.15000","64.11750","55637.22628"
"FIN","Finlandia","2018","ingreso","national","2.15000","65.12610","56226.33724"
"FIN","Finlandia","2019","ingreso","national","2.15000","66.26790","56922.48732"
"FIN","Finlandia","2020","ingreso","national","2.15000","66.24010","55424.85750"
"FIN","Finlandia","2021","ingreso","national","2.15000","67.60260","56790.37662"
"FIN","Finlandia","2022","ingreso","national","2.15000","65.84580","57068.30565"
"FIN","Finlandia","2023","ingreso","national","2.15000","64.46310","56051.77011"
"FIN","Finlandia","2024","ingreso","national","2.15000","64.31670","55901.32023"
"FIN","Finlandia","2025","ingreso","national","2.15000","64.55210","55735.21749"
"FRA","Francia","1990","ingreso","national","2.15000","47.80360","38655.88568"
"FRA","Francia","1991","ingreso","national","2.15000","47.90960","38937.95225"
"FRA","Francia","1992","ingreso","national","2.15000","48.35230","39331.90419"
"FRA","Francia","1993","ingreso","national","2.15000","48.00010","39020.61416"
"FRA","Francia","1994","ingreso","national","2.15000","48.92270","39801.38890"
"FRA","Francia","1995","ingreso","national","2.15000","49.89870","40570.71696"
"FRA","Francia","1996","ingreso","national","2.15000","51.06640","40990.73951"
"FRA","Francia","1997","ingreso","national","2.15000","51.40090","41876.93303"
"FRA","Francia","1998","ingreso","national","2.15000","52.71990","43162.54239"
"FRA","Francia","1999","ingreso","national","2.15000","54.17740","44400.13579"
"FRA","Francia","2000","ingreso","national","2.15000","55.49250","45922.47894"
"FRA","Francia","2001","ingreso","national","2.15000","56.94850","46454.87069"
"FRA","Francia","2002","ingreso","national","2.15000","58.36730","46610.78207"
"FRA","Francia","2003","ingreso","national","2.15000","54.18460","46730.97581"
"FRA","Francia","2004","ingreso","national","2.15000","55.06730","47720.44134"
"FRA","Francia","2005","ingreso","national","2.15000","54.39380","48257.46509"
"FRA","Francia","2006","ingreso","national","2.15000","53.65940","49223.24720"
"FRA","Francia","2007","ingreso","national","2.15000","65.17990","50157.78375"
"FRA","Francia","2008","ingreso","national","2.15000","65.75330","50068.29691"
"FRA","Francia","2009","ingreso","national","2.15000","66.31530","48404.96578"
"FRA","Francia","2010","ingreso","national","2.15000","66.60150","49130.42294"
"FRA","Francia","2011","ingreso","national","2.15000","66.94910","50085.68298"
"FRA","Francia","2012","ingreso","national","2.15000","66.36790","49935.62691"
"FRA","Francia","2013","ingreso","national","2.15000","65.72430","50066.53043"
"FRA","Francia","2014","ingreso","national","2.15000","66.47000","50326.56786"
"FRA","Francia","2015","ingreso","national","2.15000","67.32770","50682.89536"
"FRA","Francia","2016","ingreso","national","2.15000","67.56820","50984.07530"
"FRA","Francia","2017","ingreso","national","2.15000","67.18490","51895.56630"
"FRA","Francia","2018","ingreso","national","2.15000","68.29520","52560.95362"
"FRA","Francia","2019","ingreso","national","2.15000","64.40560","53448.55488"
"FRA","Francia","2020","ingreso","national","2.15000","65.79020","49311.33341"
"FRA","Francia","2021","ingreso","national","2.15000","65.97080","52517.33549"
"FRA","Francia","2022","ingreso","national","2.15000","66.08130","53673.81374"
"FRA","Francia","2023","ingreso","national","2.15000","66.80170","54296.72309"
"FRA","Francia","2024","ingreso","national","2.15000","67.42010","54799.34827"
"FRA","Francia","2025","ingreso","national","2.15000","67.68290","55124.53926"
"GAB","Gabón","1990","consumo","national","2.15000","12.23000","23884.81070"
"GAB","Gabón","1991","consumo","national","2.15000","11.83990","24665.67923"
"GAB","Gabón","1992","consumo","national","2.15000","11.43010","23268.99747"
"GAB","Gabón","1993","consumo","national","2.15000","11.15690","23551.68125"
"GAB","Gabón","1994","consumo","national","2.15000","10.14700","23794.31493"
"GAB","Gabón","1995","consumo","national","2.15000","10.08270","24344.18574"
"GAB","Gabón","1996","consumo","national","2.15000","9.25350","24595.97196"
"GAB","Gabón","1997","consumo","national","2.15000","9.04620","25359.65966"
"GAB","Gabón","1998","consumo","national","2.15000","10.18560","25585.50780"
"GAB","Gabón","1999","consumo","national","2.15000","10.40690","22713.71444"
"GAB","Gabón","2000","consumo","national","2.15000","10.53830","21717.22408"
"GAB","Gabón","2001","consumo","national","2.15000","10.32540","21604.78044"
"GAB","Gabón","2002","consumo","national","2.15000","10.28560","20981.47986"
"GAB","Gabón","2003","consumo","national","2.15000","10.11150","20875.45493"
"GAB","Gabón","2004","consumo","national","2.15000","10.10940","20438.93071"
"GAB","Gabón","2005","consumo","national","2.15000","10.25140","20385.28999"
"GAB","Gabón","2006","consumo","national","2.15000","10.86660","19224.12687"
"GAB","Gabón","2007","consumo","national","2.15000","10.94850","19751.87622"
"GAB","Gabón","2008","consumo","national","2.15000","10.95080","18493.09211"
"GAB","Gabón","2009","consumo","national","2.15000","11.27960","17911.14585"
"GAB","Gabón","2010","consumo","national","2.15000","12.09370","18530.57609"
"GAB","Gabón","2011","consumo","national","2.15000","12.84670","19153.08782"
"GAB","Gabón","2012","consumo","national","2.15000","13.39830","19450.40271"
"GAB","Gabón","2013","consumo","national","2.15000","14.39310","19836.45549"
"GAB","Gabón","2014","consumo","national","2.15000","13.93230","20008.98998"
"GAB","Gabón","2015","consumo","national","2.15000","14.25030","20147.71162"
"GAB","Gabón","2016","consumo","national","2.15000","14.42000","19988.17560"
"GAB","Gabón","2017","consumo","national","2.15000","14.42140","19555.70788"
"GAB","Gabón","2018","consumo","national","2.15000","14.12920","19225.59826"
"GAB","Gabón","2019","consumo","national","2.15000","13.97890","19491.40676"
"GAB","Gabón","2020","consumo","national","2.15000","13.55680","18681.48407"
"GAB","Gabón","2021","consumo","national","2.15000","13.20760","18523.57980"
"GAB","Gabón","2022","consumo","national","2.15000","12.97340","18662.04980"
"GAB","Gabón","2023","consumo","national","2.15000","12.96440","18701.42278"
"GAB","Gabón","2024","consumo","national","2.15000","13.07830","18923.66166"
"GAB","Gabón","2025","consumo","national","2.15000","13.05290","18986.47388"
"GMB","Gambia","1990","consumo","national","2.15000","2.55960","2653.78291"
"GMB","Gambia","1991","consumo","national","2.15000","2.53920","2623.64162"
"GMB","Gambia","1992","consumo","national","2.15000","2.52610","2604.26903"
"GMB","Gambia","1993","consumo","national","2.15000","2.51380","2586.13042"
"GMB","Gambia","1994","consumo","national","2.15000","2.46070","2508.10392"
"GMB","Gambia","1995","consumo","national","2.15000","2.42500","2456.00078"
"GMB","Gambia","1996","consumo","national","2.15000","2.41330","2439.04552"
"GMB","Gambia","1997","consumo","national","2.15000","2.44640","2486.93798"
"GMB","Gambia","1998","consumo","national","2.15000","2.45730","2502.76477"
"GMB","Gambia","1999","consumo","national","2.15000","3.17350","2589.97774"
"GMB","Gambia","2000","consumo","national","2.15000","3.73140","2658.61771"
"GMB","Gambia","2001","consumo","national","2.15000","3.52970","2737.69611"
"GMB","Gambia","2002","consumo","national","2.15000","3.09710","2578.55715"
"GMB","Gambia","2003","consumo","national","2.15000","3.94310","2682.47993"
"GMB","Gambia","2004","consumo","national","2.15000","5.48540","2794.19353"
"GMB","Gambia","2005","consumo","national","2.15000","4.45990","2653.64239"
"GMB","Gambia","2006","consumo","national","2.15000","4.53850","2564.68654"
"GMB","Gambia","2007","consumo","national","2.15000","4.72490","2567.15729"
"GMB","Gambia","2008","consumo","national","2.15000","5.01860","2649.61120"
"GMB","Gambia","2009","consumo","national","2.15000","4.74360","2745.32541"
"GMB","Gambia","2010","consumo","national","2.15000","5.64110","2824.21259"
"GMB","Gambia","2011","consumo","national","2.15000","5.46000","2519.83983"
"GMB","Gambia","2012","consumo","national","2.15000","5.79730","2574.93510"
"GMB","Gambia","2013","consumo","national","2.15000","6.04700","2572.44729"
"GMB","Gambia","2014","consumo","national","2.15000","6.11650","2465.10971"
"GMB","Gambia","2015","consumo","national","2.15000","6.41850","2495.95742"
"GMB","Gambia","2016","consumo","national","2.15000","6.40720","2478.46056"
"GMB","Gambia","2017","consumo","national","2.15000","6.42340","2533.18684"
"GMB","Gambia","2018","consumo","national","2.15000","6.54760","2651.43281"
"GMB","Gambia","2019","consumo","national","2.15000","6.63150","2750.82132"
"GMB","Gambia","2020","consumo","national","2.15000","6.46290","2702.31919"
"GMB","Gambia","2021","consumo","national","2.15000","6.58220","2777.79621"
"GMB","Gambia","2022","consumo","national","2.15000","6.72380","2863.18050"
"GMB","Gambia","2023","consumo","national","2.15000","6.88890","2963.59873"
"GMB","Gambia","2024","consumo","national","2.15000","7.04200","3057.68418"
"GMB","Gambia","2025","consumo","national","2.15000","7.18500","3166.62130"
"GEO","Georgia","1990","consumo","national","2.15000","17.61050","12917.09443"
"GEO","Georgia","1991","consumo","national","2.15000","14.94130","10120.16289"
"GEO","Georgia","1992","consumo","national","2.15000","10.20080","5533.21082"
"GEO","Georgia","1993","consumo","national","2.15000","8.06990","3882.02030"
"GEO","Georgia","1994","consumo","national","2.15000","7.56110","3532.32008"
"GEO","Georgia","1995","consumo","national","2.15000","7.90640","3762.81154"
"GEO","Georgia","1996","consumo","national","2.15000","8.75390","4339.00467"
"GEO","Georgia","1997","consumo","national","2.15000","5.99080","4951.81292"
"GEO","Georgia","1998","consumo","national","2.15000","6.14860","5233.28838"
"GEO","Georgia","1999","consumo","national","2.15000","5.31020","5495.24505"
"GEO","Georgia","2000","consumo","national","2.15000","5.11560","5706.27237"
"GEO","Georgia","2001","consumo","national","2.15000","4.89100","6074.08643"
"GEO","Georgia","2002","consumo","national","2.15000","6.23930","6464.32540"
"GEO","Georgia","2003","consumo","national","2.15000","6.17460","7227.73706"
"GEO","Georgia","2004","consumo","national","2.15000","6.38780","7693.91525"
"GEO","Georgia","2005","consumo","national","2.15000","6.30290","8485.58671"
"GEO","Georgia","2006","consumo","national","2.15000","6.18610","9337.98906"
"GEO","Georgia","2007","consumo","national","2.15000","6.10080","10567.27472"
"GEO","Georgia","2008","consumo","national","2.15000","6.59370","10856.10313"
"GEO","Georgia","2009","consumo","national","2.15000","6.53590","10553.08964"
"GEO","Georgia","2010","consumo","national","2.15000","6.49660","11294.36859"
"GEO","Georgia","2011","consumo","national","2.15000","6.73340","12288.68289"
"GEO","Georgia","2012","consumo","national","2.15000","7.22650","13193.95970"
"GEO","Georgia","2013","consumo","national","2.15000","7.93270","13913.00182"
"GEO","Georgia","2014","consumo","national","2.15000","8.28610","14475.31354"
"GEO","Georgia","2015","consumo","national","2.15000","8.36080","14936.84341"
"GEO","Georgia","2016","consumo","national","2.15000","8.42980","15442.95644"
"GEO","Georgia","2017","consumo","national","2.15000","8.68990","16237.62422"
"GEO","Georgia","2018","consumo","national","2.15000","8.51180","17228.67908"
"GEO","Georgia","2019","consumo","national","2.15000","8.51920","18186.88165"
"GEO","Georgia","2020","consumo","national","2.15000","7.75130","17031.14403"
"GEO","Georgia","2021","consumo","national","2.15000","8.06220","18915.65340"
"GEO","Georgia","2022","consumo","national","2.15000","8.94170","20966.52804"
"GEO","Georgia","2023","consumo","national","2.15000","10.18690","22590.52936"
"GEO","Georgia","2024","consumo","national","2.15000","10.71410","24146.62341"
"GEO","Georgia","2025","consumo","national","2.15000","11.25800","25135.78225"
"GHA","Ghana","1990","consumo","national","2.15000","2.30370","2785.67114"
"GHA","Ghana","1991","consumo","national","2.15000","2.26590","2859.82702"
"GHA","Ghana","1992","consumo","national","2.15000","2.24380","2897.83543"
"GHA","Ghana","1993","consumo","national","2.15000","2.38440","2964.26601"
"GHA","Ghana","1994","consumo","national","2.15000","2.43710","2989.34731"
"GHA","Ghana","1995","consumo","national","2.15000","2.54260","3039.68873"
"GHA","Ghana","1996","consumo","national","2.15000","2.68130","3106.18555"
"GHA","Ghana","1997","consumo","national","2.15000","2.79380","3160.44504"
"GHA","Ghana","1998","consumo","national","2.15000","2.93610","3229.48228"
"GHA","Ghana","1999","consumo","national","2.15000","2.99680","3290.26865"
"GHA","Ghana","2000","consumo","national","2.15000","3.02510","3327.35199"
"GHA","Ghana","2001","consumo","national","2.15000","3.05710","3369.50703"
"GHA","Ghana","2002","consumo","national","2.15000","3.09960","3425.61821"
"GHA","Ghana","2003","consumo","national","2.15000","3.16150","3507.75106"
"GHA","Ghana","2004","consumo","national","2.15000","3.23600","3607.36522"
"GHA","Ghana","2005","consumo","national","2.15000","3.32050","3721.30786"
"GHA","Ghana","2006","consumo","national","2.15000","3.42720","3857.86155"
"GHA","Ghana","2007","consumo","national","2.15000","3.48380","3923.12568"
"GHA","Ghana","2008","consumo","national","2.15000","3.70090","4174.78124"
"GHA","Ghana","2009","consumo","national","2.15000","3.78080","4269.16006"
"GHA","Ghana","2010","consumo","national","2.15000","3.97140","4495.68917"
"GHA","Ghana","2011","consumo","national","2.15000","4.39380","5005.36732"
"GHA","Ghana","2012","consumo","national","2.15000","4.66240","5339.71322"
"GHA","Ghana","2013","consumo","national","2.15000","4.85700","5593.77482"
"GHA","Ghana","2014","consumo","national","2.15000","4.87390","5619.07234"
"GHA","Ghana","2015","consumo","national","2.15000","4.86610","5607.36636"
"GHA","Ghana","2016","consumo","national","2.15000","4.90540","5666.07795"
"GHA","Ghana","2017","consumo","national","2.15000","5.11860","5993.63085"
"GHA","Ghana","2018","consumo","national","2.15000","5.26260","6234.51208"
"GHA","Ghana","2019","consumo","national","2.15000","5.42440","6508.24652"
"GHA","Ghana","2020","consumo","national","2.15000","5.36860","6412.68542"
"GHA","Ghana","2021","consumo","national","2.15000","5.48280","6607.50297"
"GHA","Ghana","2022","consumo","national","2.15000","5.55300","6728.45414"
"GHA","Ghana","2023","consumo","national","2.15000","5.59930","6808.53775"
"GHA","Ghana","2024","consumo","national","2.15000","5.74150","7072.79880"
"GHA","Ghana","2025","consumo","national","2.15000","5.82750","7357.83333"
"GRD","Granada","1990","consumo","national","2.15000","13.31330","8883.91902"
"GRD","Granada","1991","consumo","national","2.15000","13.36410","8932.30360"
"GRD","Granada","1992","consumo","national","2.15000","13.21060","8785.75882"
"GRD","Granada","1993","consumo","national","2.15000","12.96040","8548.03860"
"GRD","Granada","1994","consumo","national","2.15000","13.04640","8629.08629"
"GRD","Granada","1995","consumo","national","2.15000","13.17520","8750.81832"
"GRD","Granada","1996","consumo","national","2.15000","13.51870","9076.71903"
"GRD","Granada","1997","consumo","national","2.15000","13.92640","9467.77705"
"GRD","Granada","1998","consumo","national","2.15000","14.99860","10509.10981"
"GRD","Granada","1999","consumo","national","2.15000","15.64740","11158.48973"
"GRD","Granada","2000","consumo","national","2.15000","16.10540","11625.05094"
"GRD","Granada","2001","consumo","national","2.15000","15.82240","11333.23771"
"GRD","Granada","2002","consumo","national","2.15000","16.15900","11677.70342"
"GRD","Granada","2003","consumo","national","2.15000","17.17490","12726.52662"
"GRD","Granada","2004","consumo","national","2.15000","17.04910","12593.35463"
"GRD","Granada","2005","consumo","national","2.15000","18.58290","14211.84266"
"GRD","Granada","2006","consumo","national","2.15000","18.01770","13594.35516"
"GRD","Granada","2007","consumo","national","2.15000","18.74320","14376.28245"
"GRD","Granada","2008","consumo","national","2.15000","18.82280","14463.56001"
"GRD","Granada","2009","consumo","national","2.15000","17.91190","13463.58029"
"GRD","Granada","2010","consumo","national","2.15000","17.81070","13354.90850"
"GRD","Granada","2011","consumo","national","2.15000","17.85080","13397.85004"
"GRD","Granada","2012","consumo","national","2.15000","17.63020","13161.39553"
"GRD","Granada","2013","consumo","national","2.15000","17.84110","13386.31891"
"GRD","Granada","2014","consumo","national","2.15000","18.68230","14287.95387"
"GRD","Granada","2015","consumo","national","2.15000","19.45920","15136.69667"
"GRD","Granada","2016","consumo","national","2.15000","19.91280","15640.82745"
"GRD","Granada","2017","consumo","national","2.15000","20.49270","16291.48946"
"GRD","Granada","2018","consumo","national","2.15000","21.08560","16964.85200"
"GRD","Granada","2019","consumo","national","2.15000","21.14830","17036.91517"
"GRD","Granada","2020","consumo","national","2.15000","19.07230","14647.74514"
"GRD","Granada","2021","consumo","national","2.15000","19.65790","15290.25090"
"GRD","Granada","2022","consumo","national","2.15000","20.63540","16376.42731"
"GRD","Granada","2023","consumo","national","2.15000","21.26760","17093.15629"
"GRD","Granada","2024","consumo","national","2.15000","21.84100","17484.51539"
"GRD","Granada","2025","consumo","national","2.15000","22.25660","18240.99342"
"GRC","Grecia","1990","ingreso","national","2.15000","29.20090","26916.31252"
"GRC","Grecia","1991","ingreso","national","2.15000","29.68630","27419.60293"
"GRC","Grecia","1992","ingreso","national","2.15000","30.12990","27401.42400"
"GRC","Grecia","1993","ingreso","national","2.15000","29.72410","26804.85376"
"GRC","Grecia","1994","ingreso","national","2.15000","30.15080","27204.39587"
"GRC","Grecia","1995","ingreso","national","2.15000","30.76750","27646.14764"
"GRC","Grecia","1996","ingreso","national","2.15000","31.30510","27905.10657"
"GRC","Grecia","1997","ingreso","national","2.15000","32.28080","28768.24015"
"GRC","Grecia","1998","ingreso","national","2.15000","33.30540","29592.52548"
"GRC","Grecia","1999","ingreso","national","2.15000","34.13400","30263.05437"
"GRC","Grecia","2000","ingreso","national","2.15000","34.71380","31386.63978"
"GRC","Grecia","2001","ingreso","national","2.15000","36.84100","32675.92923"
"GRC","Grecia","2002","ingreso","national","2.15000","40.18110","34081.02898"
"GRC","Grecia","2003","ingreso","national","2.15000","39.32150","35970.70168"
"GRC","Grecia","2004","ingreso","national","2.15000","41.44240","37811.49137"
"GRC","Grecia","2005","ingreso","national","2.15000","41.89650","38146.96297"
"GRC","Grecia","2006","ingreso","national","2.15000","42.28190","40483.15692"
"GRC","Grecia","2007","ingreso","national","2.15000","43.51160","41796.23369"
"GRC","Grecia","2008","ingreso","national","2.15000","44.21060","41709.38774"
"GRC","Grecia","2009","ingreso","national","2.15000","44.88180","39886.21355"
"GRC","Grecia","2010","ingreso","national","2.15000","38.91080","37566.74837"
"GRC","Grecia","2011","ingreso","national","2.15000","32.28750","33906.49174"
"GRC","Grecia","2012","ingreso","national","2.15000","28.02770","31250.22686"
"GRC","Grecia","2013","ingreso","national","2.15000","26.76890","30762.44322"
"GRC","Grecia","2014","ingreso","national","2.15000","26.67560","31213.37651"
"GRC","Grecia","2015","ingreso","national","2.15000","27.11100","31347.97657"
"GRC","Grecia","2016","ingreso","national","2.15000","27.68180","31468.61985"
"GRC","Grecia","2017","ingreso","national","2.15000","28.09720","31995.41088"
"GRC","Grecia","2018","ingreso","national","2.15000","29.07070","32722.33104"
"GRC","Grecia","2019","ingreso","national","2.15000","30.90590","33502.75065"
"GRC","Grecia","2020","ingreso","national","2.15000","31.26140","30487.11293"
"GRC","Grecia","2021","ingreso","national","2.15000","33.34850","33528.22712"
"GRC","Grecia","2022","ingreso","national","2.15000","33.10910","35828.17566"
"GRC","Grecia","2023","ingreso","national","2.15000","34.24090","36700.51346"
"GRC","Grecia","2024","ingreso","national","2.15000","34.96280","37474.27982"
"GRC","Grecia","2025","ingreso","national","2.15000","35.72110","38218.72163"
"GRL","Groenlandia","1990","ingreso","national","2.15000","24.28630","38137.56849"
"GRL","Groenlandia","1991","ingreso","national","2.15000","24.50580","38162.93422"
"GRL","Groenlandia","1992","ingreso","national","2.15000","23.70000","36343.12572"
"GRL","Groenlandia","1993","ingreso","national","2.15000","22.92620","34578.34650"
"GRL","Groenlandia","1994","ingreso","national","2.15000","24.09500","36428.91240"
"GRL","Groenlandia","1995","ingreso","national","2.15000","25.04280","37584.07191"
"GRL","Groenlandia","1996","ingreso","national","2.15000","25.61890","38090.70900"
"GRL","Groenlandia","1997","ingreso","national","2.15000","26.22020","38581.21519"
"GRL","Groenlandia","1998","ingreso","national","2.15000","28.30740","41500.23127"
"GRL","Groenlandia","1999","ingreso","national","2.15000","29.17450","42072.05650"
"GRL","Groenlandia","2000","ingreso","national","2.15000","31.53690","44991.67515"
"GRL","Groenlandia","2001","ingreso","national","2.15000","32.49230","45405.85437"
"GRL","Groenlandia","2002","ingreso","national","2.15000","32.84670","44793.27043"
"GRL","Groenlandia","2003","ingreso","national","2.15000","34.70990","46649.04808"
"GRL","Groenlandia","2004","ingreso","national","2.15000","37.03300","49742.05823"
"GRL","Groenlandia","2005","ingreso","national","2.15000","39.08330","52189.00149"
"GRL","Groenlandia","2006","ingreso","national","2.15000","41.62220","55243.71028"
"GRL","Groenlandia","2007","ingreso","national","2.15000","43.07760","56763.23873"
"GRL","Groenlandia","2008","ingreso","national","2.15000","45.90620","60506.19463"
"GRL","Groenlandia","2009","ingreso","national","2.15000","46.53150","61035.56730"
"GRL","Groenlandia","2010","ingreso","national","2.15000","47.40830","61863.28269"
"GRL","Groenlandia","2011","ingreso","national","2.15000","47.39840","61170.92037"
"GRL","Groenlandia","2012","ingreso","national","2.15000","48.60770","62111.10331"
"GRL","Groenlandia","2013","ingreso","national","2.15000","48.78580","61659.64152"
"GRL","Groenlandia","2014","ingreso","national","2.15000","51.24510","64799.30566"
"GRL","Groenlandia","2015","ingreso","national","2.15000","50.45210","63364.05361"
"GRL","Groenlandia","2016","ingreso","national","2.15000","52.56990","66245.72947"
"GRL","Groenlandia","2017","ingreso","national","2.15000","52.60110","66297.17907"
"GRL","Groenlandia","2018","ingreso","national","2.15000","52.98270","66887.67793"
"GRL","Groenlandia","2019","ingreso","national","2.15000","54.01540","68534.94190"
"GRL","Groenlandia","2020","ingreso","national","2.15000","53.90430","68533.73399"
"GRL","Groenlandia","2021","ingreso","national","2.15000","54.30650","69302.00888"
"GRL","Groenlandia","2022","ingreso","national","2.15000","55.20120","70681.22539"
"GRL","Groenlandia","2023","ingreso","national","2.15000","55.40230","71037.53722"
"GTM","Guatemala","1990","ingreso","national","2.15000","8.88680","7594.73215"
"GTM","Guatemala","1991","ingreso","national","2.15000","9.22530","7662.17100"
"GTM","Guatemala","1992","ingreso","national","2.15000","10.02880","7822.26344"
"GTM","Guatemala","1993","ingreso","national","2.15000","10.49630","7915.41060"
"GTM","Guatemala","1994","ingreso","national","2.15000","11.01260","8018.28331"
"GTM","Guatemala","1995","ingreso","national","2.15000","11.90120","8195.34971"
"GTM","Guatemala","1996","ingreso","national","2.15000","12.03530","8222.06920"
"GTM","Guatemala","1997","ingreso","national","2.15000","12.74850","8364.16519"
"GTM","Guatemala","1998","ingreso","national","2.15000","13.73130","8559.99026"
"GTM","Guatemala","1999","ingreso","national","2.15000","15.67400","8668.43100"
"GTM","Guatemala","2000","ingreso","national","2.15000","17.50100","8770.40815"
"GTM","Guatemala","2001","ingreso","national","2.15000","17.50160","8771.15927"
"GTM","Guatemala","2002","ingreso","national","2.15000","17.61200","8901.54046"
"GTM","Guatemala","2003","ingreso","national","2.15000","17.63280","8926.15772"
"GTM","Guatemala","2004","ingreso","national","2.15000","17.69860","9003.86136"
"GTM","Guatemala","2005","ingreso","national","2.15000","17.77970","9099.72751"
"GTM","Guatemala","2006","ingreso","national","2.15000","18.02200","9386.00550"
"GTM","Guatemala","2007","ingreso","national","2.15000","18.03680","9772.80992"
"GTM","Guatemala","2008","ingreso","national","2.15000","17.51570","9889.57668"
"GTM","Guatemala","2009","ingreso","national","2.15000","16.52660","9740.71388"
"GTM","Guatemala","2010","ingreso","national","2.15000","15.93780","9825.02223"
"GTM","Guatemala","2011","ingreso","national","2.15000","15.52650","10032.09328"
"GTM","Guatemala","2012","ingreso","national","2.15000","14.91880","10126.83306"
"GTM","Guatemala","2013","ingreso","national","2.15000","14.40370","10297.83930"
"GTM","Guatemala","2014","ingreso","national","2.15000","13.97540","10553.56399"
"GTM","Guatemala","2015","ingreso","national","2.15000","13.87670","10785.95831"
"GTM","Guatemala","2016","ingreso","national","2.15000","13.57850","10872.59389"
"GTM","Guatemala","2017","ingreso","national","2.15000","13.35480","11005.45929"
"GTM","Guatemala","2018","ingreso","national","2.15000","13.17700","11192.37192"
"GTM","Guatemala","2019","ingreso","national","2.15000","13.15430","11466.37649"
"GTM","Guatemala","2020","ingreso","national","2.15000","12.32800","11097.15039"
"GTM","Guatemala","2021","ingreso","national","2.15000","12.74600","11825.14127"
"GTM","Guatemala","2022","ingreso","national","2.15000","12.64240","12144.48005"
"GTM","Guatemala","2023","ingreso","national","2.15000","12.51170","12380.37151"
"GTM","Guatemala","2024","ingreso","national","2.15000","13.00930","12643.98412"
"GTM","Guatemala","2025","ingreso","national","2.15000","13.32730","12986.52411"
"GIN","Guinea","1990","consumo","national","2.15000","1.59200","2105.74729"
"GIN","Guinea","1991","consumo","national","2.15000","1.57630","2075.99194"
"GIN","Guinea","1992","consumo","national","2.15000","1.61450","2076.55063"
"GIN","Guinea","1993","consumo","national","2.15000","4.28580","2115.86650"
"GIN","Guinea","1994","consumo","national","2.15000","5.57180","2134.89769"
"GIN","Guinea","1995","consumo","national","2.15000","5.61380","2171.72552"
"GIN","Guinea","1996","consumo","national","2.15000","5.43220","2205.32363"
"GIN","Guinea","1997","consumo","national","2.15000","5.30040","2272.41100"
"GIN","Guinea","1998","consumo","national","2.15000","5.11340","2311.32735"
"GIN","Guinea","1999","consumo","national","2.15000","4.91430","2346.27018"
"GIN","Guinea","2000","consumo","national","2.15000","4.67790","2358.28766"
"GIN","Guinea","2001","consumo","national","2.15000","4.49530","2412.75162"
"GIN","Guinea","2002","consumo","national","2.15000","4.34210","2498.13177"
"GIN","Guinea","2003","consumo","national","2.15000","4.26290","2473.23418"
"GIN","Guinea","2004","consumo","national","2.15000","4.29050","2477.50283"
"GIN","Guinea","2005","consumo","national","2.15000","4.29050","2501.22160"
"GIN","Guinea","2006","consumo","national","2.15000","4.33670","2478.61320"
"GIN","Guinea","2007","consumo","national","2.15000","4.49260","2587.00489"
"GIN","Guinea","2008","consumo","national","2.15000","4.79400","2629.53975"
"GIN","Guinea","2009","consumo","national","2.15000","4.82160","2537.30646"
"GIN","Guinea","2010","consumo","national","2.15000","4.55370","2594.83050"
"GIN","Guinea","2011","consumo","national","2.15000","5.11020","2673.40873"
"GIN","Guinea","2012","consumo","national","2.15000","5.73840","2762.90351"
"GIN","Guinea","2013","consumo","national","2.15000","5.78230","2802.56007"
"GIN","Guinea","2014","consumo","national","2.15000","5.81790","2834.96634"
"GIN","Guinea","2015","consumo","national","2.15000","5.85620","2869.85157"
"GIN","Guinea","2016","consumo","national","2.15000","6.10760","3099.78874"
"GIN","Guinea","2017","consumo","national","2.15000","6.35670","3332.76576"
"GIN","Guinea","2018","consumo","national","2.15000","6.48530","3455.64513"
"GIN","Guinea","2019","consumo","national","2.15000","6.60470","3557.46234"
"GIN","Guinea","2020","consumo","national","2.15000","6.70030","3630.99331"
"GIN","Guinea","2021","consumo","national","2.15000","6.83950","3738.80513"
"GIN","Guinea","2022","consumo","national","2.15000","6.90770","3792.01069"
"GIN","Guinea","2023","consumo","national","2.15000","7.05150","3904.82396"
"GIN","Guinea","2024","consumo","national","2.15000","7.19250","4016.34191"
"GIN","Guinea","2025","consumo","national","2.15000","7.42380","4216.85971"
"GNQ","Guinea Ecuatorial","1990","consumo","national","2.15000","0.53750","1122.81767"
"GNQ","Guinea Ecuatorial","1991","consumo","national","2.15000","0.52300","1070.82764"
"GNQ","Guinea Ecuatorial","1992","consumo","national","2.15000","0.61550","1390.47918"
"GNQ","Guinea Ecuatorial","1993","consumo","national","2.15000","0.64260","1487.81203"
"GNQ","Guinea Ecuatorial","1994","consumo","national","2.15000","0.69350","1672.34548"
"GNQ","Guinea Ecuatorial","1995","consumo","national","2.15000","0.75310","1892.11653"
"GNQ","Guinea Ecuatorial","1996","consumo","national","2.15000","1.06050","3033.84031"
"GNQ","Guinea Ecuatorial","1997","consumo","national","2.15000","2.09860","7296.10010"
"GNQ","Guinea Ecuatorial","1998","consumo","national","2.15000","2.37810","8684.65731"
"GNQ","Guinea Ecuatorial","1999","consumo","national","2.15000","2.72470","10492.46495"
"GNQ","Guinea Ecuatorial","2000","consumo","national","2.15000","2.95640","11767.47088"
"GNQ","Guinea Ecuatorial","2001","consumo","national","2.15000","4.05810","18031.96498"
"GNQ","Guinea Ecuatorial","2002","consumo","national","2.15000","4.40640","20242.43097"
"GNQ","Guinea Ecuatorial","2003","consumo","national","2.15000","4.62990","21709.57512"
"GNQ","Guinea Ecuatorial","2004","consumo","national","2.15000","5.60270","28225.98582"
"GNQ","Guinea Ecuatorial","2005","consumo","national","2.15000","6.03030","31302.95795"
"GNQ","Guinea Ecuatorial","2006","consumo","national","2.15000","8.58610","32251.76801"
"GNQ","Guinea Ecuatorial","2007","consumo","national","2.15000","8.88130","35540.44776"
"GNQ","Guinea Ecuatorial","2008","consumo","national","2.15000","9.22940","39994.61598"
"GNQ","Guinea Ecuatorial","2009","consumo","national","2.15000","9.03630","38706.60525"
"GNQ","Guinea Ecuatorial","2010","consumo","national","2.15000","9.25910","33668.87407"
"GNQ","Guinea Ecuatorial","2011","consumo","national","2.15000","9.23300","34341.93426"
"GNQ","Guinea Ecuatorial","2012","consumo","national","2.15000","9.39650","35711.49193"
"GNQ","Guinea Ecuatorial","2013","consumo","national","2.15000","10.26860","32894.36932"
"GNQ","Guinea Ecuatorial","2014","consumo","national","2.15000","10.24280","31765.89971"
"GNQ","Guinea Ecuatorial","2015","consumo","national","2.15000","10.10870","27797.79428"
"GNQ","Guinea Ecuatorial","2016","consumo","national","2.15000","10.04770","24435.06456"
"GNQ","Guinea Ecuatorial","2017","consumo","national","2.15000","10.03460","22250.43892"
"GNQ","Guinea Ecuatorial","2018","consumo","national","2.15000","10.03070","20165.47956"
"GNQ","Guinea Ecuatorial","2019","consumo","national","2.15000","10.03580","18446.59166"
"GNQ","Guinea Ecuatorial","2020","consumo","national","2.15000","9.30460","17089.15373"
"GNQ","Guinea Ecuatorial","2021","consumo","national","2.15000","9.27620","16821.44865"
"GNQ","Guinea Ecuatorial","2022","consumo","national","2.15000","9.36460","16932.77068"
"GNQ","Guinea Ecuatorial","2023","consumo","national","2.15000","9.49000","15302.15178"
"GNQ","Guinea Ecuatorial","2024","consumo","national","2.15000","9.20030","14997.75644"
"GNQ","Guinea Ecuatorial","2025","consumo","national","2.15000","8.91620","13786.39329"
"GNB","Guinea-Bissau","1990","consumo","national","2.15000","4.82320","1968.09061"
"GNB","Guinea-Bissau","1991","consumo","national","2.15000","4.92020","2024.85377"
"GNB","Guinea-Bissau","1992","consumo","national","2.15000","4.36470","1987.73914"
"GNB","Guinea-Bissau","1993","consumo","national","2.15000","3.99910","1963.56225"
"GNB","Guinea-Bissau","1994","consumo","national","2.15000","3.86200","1964.63002"
"GNB","Guinea-Bissau","1995","consumo","national","2.15000","3.77020","1999.94474"
"GNB","Guinea-Bissau","1996","consumo","national","2.15000","3.86610","2185.90345"
"GNB","Guinea-Bissau","1997","consumo","national","2.15000","3.83330","2284.02577"
"GNB","Guinea-Bissau","1998","consumo","national","2.15000","3.06420","1738.64947"
"GNB","Guinea-Bissau","1999","consumo","national","2.15000","3.23620","1992.85255"
"GNB","Guinea-Bissau","2000","consumo","national","2.15000","3.07500","1974.74466"
"GNB","Guinea-Bissau","2001","consumo","national","2.15000","2.98730","2025.72675"
"GNB","Guinea-Bissau","2002","consumo","national","2.15000","2.87200","2054.08977"
"GNB","Guinea-Bissau","2003","consumo","national","2.15000","2.80900","2002.40207"
"GNB","Guinea-Bissau","2004","consumo","national","2.15000","2.77440","1979.69783"
"GNB","Guinea-Bissau","2005","consumo","national","2.15000","2.87220","2060.66663"
"GNB","Guinea-Bissau","2006","consumo","national","2.15000","2.87230","2065.21228"
"GNB","Guinea-Bissau","2007","consumo","national","2.15000","2.87230","2065.98984"
"GNB","Guinea-Bissau","2008","consumo","national","2.15000","2.87350","2105.67394"
"GNB","Guinea-Bissau","2009","consumo","national","2.15000","2.87340","2103.05813"
"GNB","Guinea-Bissau","2010","consumo","national","2.15000","2.87520","2164.26824"
"GNB","Guinea-Bissau","2011","consumo","national","2.15000","3.73430","2278.54752"
"GNB","Guinea-Bissau","2012","consumo","national","2.15000","3.01010","2180.74339"
"GNB","Guinea-Bissau","2013","consumo","national","2.15000","3.09910","2192.59279"
"GNB","Guinea-Bissau","2014","consumo","national","2.15000","3.55800","2156.33644"
"GNB","Guinea-Bissau","2015","consumo","national","2.15000","3.38610","2230.52993"
"GNB","Guinea-Bissau","2016","consumo","national","2.15000","3.85460","2293.37861"
"GNB","Guinea-Bissau","2017","consumo","national","2.15000","4.21820","2342.56111"
"GNB","Guinea-Bissau","2018","consumo","national","2.15000","4.44650","2373.64936"
"GNB","Guinea-Bissau","2019","consumo","national","2.15000","4.61730","2442.25868"
"GNB","Guinea-Bissau","2020","consumo","national","2.15000","4.46210","2456.01139"
"GNB","Guinea-Bissau","2021","consumo","national","2.15000","4.37050","2522.12869"
"GNB","Guinea-Bissau","2022","consumo","national","2.15000","4.33260","2600.80247"
"GNB","Guinea-Bissau","2023","consumo","national","2.15000","4.43800","2660.81445"
"GNB","Guinea-Bissau","2024","consumo","national","2.15000","4.49630","2717.54207"
"GNB","Guinea-Bissau","2025","consumo","national","2.15000","4.58840","2814.08356"
"GUY","Guyana","1990","ingreso","national","2.15000","4.45960","5074.43110"
"GUY","Guyana","1991","ingreso","national","2.15000","4.74260","5396.46343"
"GUY","Guyana","1992","ingreso","national","2.15000","5.09660","5799.21836"
"GUY","Guyana","1993","ingreso","national","2.15000","5.93170","6247.86625"
"GUY","Guyana","1994","ingreso","national","2.15000","7.37460","6755.32867"
"GUY","Guyana","1995","ingreso","national","2.15000","8.27270","7071.21280"
"GUY","Guyana","1996","ingreso","national","2.15000","9.81050","7612.30424"
"GUY","Guyana","1997","ingreso","national","2.15000","10.18440","8064.56715"
"GUY","Guyana","1998","ingreso","national","2.15000","10.67120","7915.22956"
"GUY","Guyana","1999","ingreso","national","2.15000","10.97420","8139.97018"
"GUY","Guyana","2000","ingreso","national","2.15000","10.81960","8025.29326"
"GUY","Guyana","2001","ingreso","national","2.15000","11.07140","8212.04322"
"GUY","Guyana","2002","ingreso","national","2.15000","11.20890","8314.02728"
"GUY","Guyana","2003","ingreso","national","2.15000","11.14600","8267.42911"
"GUY","Guyana","2004","ingreso","national","2.15000","11.33040","8404.20016"
"GUY","Guyana","2005","ingreso","national","2.15000","11.13130","8256.52519"
"GUY","Guyana","2006","ingreso","national","2.15000","11.73240","8702.33133"
"GUY","Guyana","2007","ingreso","national","2.15000","12.61110","9354.08018"
"GUY","Guyana","2008","ingreso","national","2.15000","12.87080","9546.70876"
"GUY","Guyana","2009","ingreso","national","2.15000","13.38010","9924.52661"
"GUY","Guyana","2010","ingreso","national","2.15000","13.98660","10374.39476"
"GUY","Guyana","2011","ingreso","national","2.15000","14.77460","10958.85988"
"GUY","Guyana","2012","ingreso","national","2.15000","15.55130","11534.99856"
"GUY","Guyana","2013","ingreso","national","2.15000","16.03930","11896.90699"
"GUY","Guyana","2014","ingreso","national","2.15000","16.21880","12030.05293"
"GUY","Guyana","2015","ingreso","national","2.15000","16.23230","12040.08253"
"GUY","Guyana","2016","ingreso","national","2.15000","16.74510","12420.47247"
"GUY","Guyana","2017","ingreso","national","2.15000","17.25900","12801.64085"
"GUY","Guyana","2018","ingreso","national","2.15000","17.50000","12980.35760"
"GUY","Guyana","2019","ingreso","national","2.15000","18.06900","13402.42195"
"GUY","Guyana","2020","ingreso","national","2.15000","25.93120","19234.13020"
"GUY","Guyana","2021","ingreso","national","2.15000","30.82760","22865.92710"
"GUY","Guyana","2022","ingreso","national","2.15000","49.97490","37068.19938"
"GUY","Guyana","2023","ingreso","national","2.15000","66.48230","49312.36032"
"GUY","Guyana","2024","ingreso","national","2.15000","95.06980","70516.70279"
"GUY","Guyana","2025","ingreso","national","2.15000","104.56320","83658.67735"
"HTI","Haití","1990","ingreso","national","2.15000","3.72830","3923.22196"
"HTI","Haití","1991","ingreso","national","2.15000","3.65660","3916.43139"
"HTI","Haití","1992","ingreso","national","2.15000","3.39330","3635.13893"
"HTI","Haití","1993","ingreso","national","2.15000","3.09570","3370.99533"
"HTI","Haití","1994","ingreso","national","2.15000","2.82360","2911.49975"
"HTI","Haití","1995","ingreso","national","2.15000","3.00090","3139.26417"
"HTI","Haití","1996","ingreso","national","2.15000","3.05570","3207.74580"
"HTI","Haití","1997","ingreso","national","2.15000","3.07590","3232.95525"
"HTI","Haití","1998","ingreso","national","2.15000","3.08910","3242.45890"
"HTI","Haití","1999","ingreso","national","2.15000","3.10080","3269.39882"
"HTI","Haití","2000","ingreso","national","2.15000","3.06150","3237.53078"
"HTI","Haití","2001","ingreso","national","2.15000","3.00660","3168.14454"
"HTI","Haití","2002","ingreso","national","2.15000","3.00270","3145.03690"
"HTI","Haití","2003","ingreso","national","2.15000","3.01770","3197.93653"
"HTI","Haití","2004","ingreso","national","2.15000","2.96000","3102.54174"
"HTI","Haití","2005","ingreso","national","2.15000","2.99020","3144.56354"
"HTI","Haití","2006","ingreso","national","2.15000","3.01340","3146.26344"
"HTI","Haití","2007","consumo","national","2.15000","4.71790","3239.25746"
"HTI","Haití","2008","consumo","national","2.15000","4.77620","3270.41272"
"HTI","Haití","2009","consumo","national","2.15000","4.82120","3406.29487"
"HTI","Haití","2010","consumo","national","2.15000","4.67880","3176.50949"
"HTI","Haití","2011","consumo","national","2.15000","4.76530","3300.87444"
"HTI","Haití","2012","consumo","national","2.15000","4.76200","3266.43833"
"HTI","Haití","2013","consumo","national","2.15000","4.84260","3356.83732"
"HTI","Haití","2014","consumo","national","2.15000","4.87740","3403.57497"
"HTI","Haití","2015","consumo","national","2.15000","4.87970","3402.02840"
"HTI","Haití","2016","consumo","national","2.15000","4.89950","3415.58218"
"HTI","Haití","2017","consumo","national","2.15000","4.93120","3453.97142"
"HTI","Haití","2018","consumo","national","2.15000","4.91380","3465.25481"
"HTI","Haití","2019","consumo","national","2.15000","4.79830","3361.75329"
"HTI","Haití","2020","consumo","national","2.15000","4.66000","3210.53610"
"HTI","Haití","2021","consumo","national","2.15000","4.56570","3116.56505"
"HTI","Haití","2022","consumo","national","2.15000","4.47500","3029.77866"
"HTI","Haití","2023","consumo","national","2.15000","4.36390","2939.12379"
"HTI","Haití","2024","consumo","national","2.15000","4.19730","2783.79141"
"HTI","Haití","2025","consumo","national","2.15000","4.06850","2677.89385"
"HND","Honduras","1990","ingreso","national","2.15000","5.14540","1172.07981"
"HND","Honduras","1991","ingreso","national","2.15000","5.91330","1436.05066"
"HND","Honduras","1992","ingreso","national","2.15000","6.56880","1521.94722"
"HND","Honduras","1993","ingreso","national","2.15000","7.86310","1681.08239"
"HND","Honduras","1994","ingreso","national","2.15000","7.95350","2108.27415"
"HND","Honduras","1995","ingreso","national","2.15000","7.79280","2555.02623"
"HND","Honduras","1996","ingreso","national","2.15000","7.18200","3054.15774"
"HND","Honduras","1997","ingreso","national","2.15000","8.67540","3635.98071"
"HND","Honduras","1998","ingreso","national","2.15000","9.00370","3950.83499"
"HND","Honduras","1999","ingreso","national","2.15000","8.35480","4293.82723"
"HND","Honduras","2000","ingreso","national","2.15000","9.92770","4579.68961"
"HND","Honduras","2001","ingreso","national","2.15000","10.94260","4578.94788"
"HND","Honduras","2002","ingreso","national","2.15000","9.58970","4627.02279"
"HND","Honduras","2003","ingreso","national","2.15000","9.02930","4714.86701"
"HND","Honduras","2004","ingreso","national","2.15000","9.33370","4885.34258"
"HND","Honduras","2005","ingreso","national","2.15000","10.18400","5056.67544"
"HND","Honduras","2006","ingreso","national","2.15000","11.10490","5263.15029"
"HND","Honduras","2007","ingreso","national","2.15000","12.02640","5461.90152"
"HND","Honduras","2008","ingreso","national","2.15000","12.41720","5566.70639"
"HND","Honduras","2009","ingreso","national","2.15000","12.20280","5313.75574"
"HND","Honduras","2010","ingreso","national","2.15000","12.10560","5396.07228"
"HND","Honduras","2011","ingreso","national","2.15000","11.63930","5488.43372"
"HND","Honduras","2012","ingreso","national","2.15000","10.40770","5600.60776"
"HND","Honduras","2013","ingreso","national","2.15000","10.39070","5644.13385"
"HND","Honduras","2014","ingreso","national","2.15000","10.61870","5705.16246"
"HND","Honduras","2015","ingreso","national","2.15000","10.52750","5812.53489"
"HND","Honduras","2016","ingreso","national","2.15000","11.05780","5926.49026"
"HND","Honduras","2017","ingreso","national","2.15000","10.89030","6099.60735"
"HND","Honduras","2018","ingreso","national","2.15000","10.86490","6219.27974"
"HND","Honduras","2019","ingreso","national","2.15000","10.96240","6264.01884"
"HND","Honduras","2020","ingreso","national","2.15000","9.72740","5603.26398"
"HND","Honduras","2021","ingreso","national","2.15000","10.68130","6202.98079"
"HND","Honduras","2022","ingreso","national","2.15000","10.84970","6352.58710"
"HND","Honduras","2023","ingreso","national","2.15000","10.95570","6467.88004"
"HND","Honduras","2024","ingreso","national","2.15000","11.54620","6590.84384"
"HND","Honduras","2025","ingreso","national","2.15000","11.77750","6726.16685"
"HKG","Hong Kong","1990","ingreso","national","2.15000","34.81090","31598.72646"
"HKG","Hong Kong","1991","ingreso","national","2.15000","36.76830","33124.64460"
"HKG","Hong Kong","1992","ingreso","national","2.15000","39.05580","34895.73847"
"HKG","Hong Kong","1993","ingreso","national","2.15000","41.16440","36428.52383"
"HKG","Hong Kong","1994","ingreso","national","2.15000","43.15480","37767.18276"
"HKG","Hong Kong","1995","ingreso","national","2.15000","43.96550","37905.64829"
"HKG","Hong Kong","1996","ingreso","national","2.15000","44.50210","37804.07979"
"HKG","Hong Kong","1997","ingreso","national","2.15000","46.33530","39402.57369"
"HKG","Hong Kong","1998","ingreso","national","2.15000","44.62000","36776.36571"
"HKG","Hong Kong","1999","ingreso","national","2.15000","45.76320","37339.89318"
"HKG","Hong Kong","2000","ingreso","national","2.15000","48.96000","39848.55935"
"HKG","Hong Kong","2001","ingreso","national","2.15000","49.35490","39777.82624"
"HKG","Hong Kong","2002","ingreso","national","2.15000","50.21690","40258.14888"
"HKG","Hong Kong","2003","ingreso","national","2.15000","51.05530","41570.56344"
"HKG","Hong Kong","2004","ingreso","national","2.15000","55.65890","44836.17687"
"HKG","Hong Kong","2005","ingreso","national","2.15000","59.30210","47938.85336"
"HKG","Hong Kong","2006","ingreso","national","2.15000","62.95100","50981.72962"
"HKG","Hong Kong","2007","ingreso","national","2.15000","66.36010","53813.02214"
"HKG","Hong Kong","2008","ingreso","national","2.15000","67.67650","54630.32991"
"HKG","Hong Kong","2009","ingreso","national","2.15000","66.67590","53172.28843"
"HKG","Hong Kong","2010","ingreso","national","2.15000","70.78350","56355.40909"
"HKG","Hong Kong","2011","ingreso","national","2.15000","74.09520","58672.80502"
"HKG","Hong Kong","2012","ingreso","national","2.15000","75.28250","59015.31796"
"HKG","Hong Kong","2013","ingreso","national","2.15000","77.92760","60601.61092"
"HKG","Hong Kong","2014","ingreso","national","2.15000","80.17810","61839.80442"
"HKG","Hong Kong","2015","ingreso","national","2.15000","82.10170","62779.75524"
"HKG","Hong Kong","2016","ingreso","national","2.15000","84.08320","63749.42850"
"HKG","Hong Kong","2017","ingreso","national","2.15000","87.21320","65662.85434"
"HKG","Hong Kong","2018","ingreso","national","2.15000","89.74740","66993.95926"
"HKG","Hong Kong","2019","ingreso","national","2.15000","88.79630","65388.33664"
"HKG","Hong Kong","2020","ingreso","national","2.15000","83.87960","61328.53670"
"HKG","Hong Kong","2021","ingreso","national","2.15000","90.22150","65884.93763"
"HKG","Hong Kong","2022","ingreso","national","2.15000","86.53150","64035.64849"
"HKG","Hong Kong","2023","ingreso","national","2.15000","90.05220","64387.66541"
"HKG","Hong Kong","2024","ingreso","national","2.15000","91.39950","66186.04486"
"HKG","Hong Kong","2025","ingreso","national","2.15000","94.01620","68724.55659"
"HUN","Hungría","1990","ingreso","national","2.15000","16.25600","21297.00064"
"HUN","Hungría","1991","ingreso","national","2.15000","19.61880","18765.41625"
"HUN","Hungría","1992","ingreso","national","2.15000","17.76120","18197.53055"
"HUN","Hungría","1993","ingreso","national","2.15000","16.24720","18113.33691"
"HUN","Hungría","1994","ingreso","national","2.15000","17.69570","18672.70724"
"HUN","Hungría","1995","ingreso","national","2.15000","16.22060","18977.24370"
"HUN","Hungría","1996","ingreso","national","2.15000","15.65560","19029.11373"
"HUN","Hungría","1997","ingreso","national","2.15000","15.80580","19635.29496"
"HUN","Hungría","1998","consumo","national","2.15000","12.94230","20438.38296"
"HUN","Hungría","1999","consumo","national","2.15000","13.12980","21128.88846"
"HUN","Hungría","2000","consumo","national","2.15000","13.33950","22117.92043"
"HUN","Hungría","2001","consumo","national","2.15000","15.22620","23069.21147"
"HUN","Hungría","2002","consumo","national","2.15000","15.55200","24229.29536"
"HUN","Hungría","2003","consumo","national","2.15000","17.37420","25255.87113"
"HUN","Hungría","2004","consumo","national","2.15000","18.05580","26568.11886"
"HUN","Hungría","2005","consumo","national","2.15000","18.42470","27765.78861"
"HUN","Hungría","2006","consumo","national","2.15000","18.19740","28903.04754"
"HUN","Hungría","2007","consumo","national","2.15000","18.63140","29044.06690"
"HUN","Hungría","2008","ingreso","national","2.15000","20.88140","29384.00704"
"HUN","Hungría","2009","ingreso","national","2.15000","19.89420","27445.95946"
"HUN","Hungría","2010","ingreso","national","2.15000","20.70310","27801.83382"
"HUN","Hungría","2011","ingreso","national","2.15000","20.93380","28415.11734"
"HUN","Hungría","2012","ingreso","national","2.15000","19.81270","28179.65646"
"HUN","Hungría","2013","ingreso","national","2.15000","20.50170","28891.02175"
"HUN","Hungría","2014","ingreso","national","2.15000","21.54670","30264.94923"
"HUN","Hungría","2015","ingreso","national","2.15000","22.61310","31485.56754"
"HUN","Hungría","2016","ingreso","national","2.15000","23.60250","32378.96750"
"HUN","Hungría","2017","ingreso","national","2.15000","24.81580","33828.71494"
"HUN","Hungría","2018","ingreso","national","2.15000","26.13660","35798.04128"
"HUN","Hungría","2019","ingreso","national","2.15000","27.47700","37662.67681"
"HUN","Hungría","2020","ingreso","national","2.15000","27.22710","36119.52117"
"HUN","Hungría","2021","ingreso","national","2.15000","28.59010","38887.19095"
"HUN","Hungría","2022","ingreso","national","2.15000","30.68900","40610.97114"
"HUN","Hungría","2023","ingreso","national","2.15000","30.11250","40333.25469"
"HUN","Hungría","2024","ingreso","national","2.15000","30.37650","40747.19867"
"HUN","Hungría","2025","ingreso","national","2.15000","30.63690","41160.64191"
"IND","India","1990","consumo","national","2.15000","3.50360","2139.82749"
"IND","India","1991","consumo","national","2.15000","3.50320","2116.06939"
"IND","India","1992","consumo","national","2.15000","3.52040","2185.04046"
"IND","India","1993","consumo","national","2.15000","3.54270","2241.28536"
"IND","India","1994","consumo","national","2.15000","3.56460","2342.15609"
"IND","India","1995","consumo","national","2.15000","3.57850","2469.35163"
"IND","India","1996","consumo","national","2.15000","3.59360","2603.24633"
"IND","India","1997","consumo","national","2.15000","3.60170","2655.92939"
"IND","India","1998","consumo","national","2.15000","3.61240","2766.11049"
"IND","India","1999","consumo","national","2.15000","3.63090","2954.06886"
"IND","India","2000","consumo","national","2.15000","3.64060","3010.42156"
"IND","India","2001","consumo","national","2.15000","3.64910","3097.16224"
"IND","India","2002","consumo","national","2.15000","3.65610","3157.26904"
"IND","India","2003","consumo","national","2.15000","3.67270","3346.88829"
"IND","India","2004","consumo","national","2.15000","3.69360","3551.04731"
"IND","India","2005","consumo","national","2.15000","3.75370","3770.39653"
"IND","India","2006","consumo","national","2.15000","3.85880","4011.08648"
"IND","India","2007","consumo","national","2.15000","3.96510","4253.82139"
"IND","India","2008","consumo","national","2.15000","4.01350","4322.48379"
"IND","India","2009","consumo","national","2.15000","4.10840","4595.37991"
"IND","India","2010","consumo","national","2.15000","4.32890","4913.87640"
"IND","India","2011","consumo","national","2.15000","4.54610","5098.67459"
"IND","India","2012","consumo","national","2.15000","4.69790","5303.50198"
"IND","India","2013","consumo","national","2.15000","4.83020","5567.49439"
"IND","India","2014","consumo","national","2.15000","4.99750","5905.10618"
"IND","India","2015","consumo","national","2.15000","5.19420","6301.67347"
"IND","India","2016","consumo","national","2.15000","5.41100","6741.14883"
"IND","India","2017","consumo","national","2.15000","5.60500","7116.03659"
"IND","India","2018","consumo","national","2.15000","5.78840","7492.62577"
"IND","India","2019","consumo","national","2.15000","5.90910","7702.17635"
"IND","India","2020","consumo","national","2.15000","5.75020","7186.86447"
"IND","India","2021","consumo","national","2.15000","5.91650","7818.65702"
"IND","India","2022","consumo","national","2.15000","6.18020","8347.38479"
"IND","India","2023","consumo","national","2.15000","6.49780","8870.55028"
"IND","India","2024","consumo","national","2.15000","6.77890","9416.05137"
"IND","India","2025","consumo","national","2.15000","7.04960","10039.07089"
"IDN","Indonesia","1990","consumo","national","2.15000","2.43850","4873.05380"
"IDN","Indonesia","1991","consumo","national","2.15000","2.45560","5118.46790"
"IDN","Indonesia","1992","consumo","national","2.15000","2.47200","5357.37590"
"IDN","Indonesia","1993","consumo","national","2.15000","2.48910","5609.15179"
"IDN","Indonesia","1994","consumo","national","2.15000","2.64240","5931.23473"
"IDN","Indonesia","1995","consumo","national","2.15000","2.82110","6312.93454"
"IDN","Indonesia","1996","consumo","national","2.15000","2.99690","6695.40976"
"IDN","Indonesia","1997","consumo","national","2.15000","2.76500","6897.00237"
"IDN","Indonesia","1998","consumo","national","2.15000","2.21950","5897.68531"
"IDN","Indonesia","1999","consumo","national","2.15000","3.01860","5855.65801"
"IDN","Indonesia","2000","consumo","national","2.15000","3.00980","6056.38198"
"IDN","Indonesia","2001","consumo","national","2.15000","3.18430","6190.51954"
"IDN","Indonesia","2002","consumo","national","2.15000","3.82120","6381.94955"
"IDN","Indonesia","2003","consumo","national","2.15000","3.81140","6599.09194"
"IDN","Indonesia","2004","consumo","national","2.15000","3.83670","6843.54655"
"IDN","Indonesia","2005","consumo","national","2.15000","4.00960","7140.85456"
"IDN","Indonesia","2006","consumo","national","2.15000","3.81020","7434.48785"
"IDN","Indonesia","2007","consumo","national","2.15000","4.25400","7802.46407"
"IDN","Indonesia","2008","consumo","national","2.15000","4.37430","8165.06155"
"IDN","Indonesia","2009","consumo","national","2.15000","4.42360","8435.45575"
"IDN","Indonesia","2010","consumo","national","2.15000","4.86520","8848.22474"
"IDN","Indonesia","2011","consumo","national","2.15000","5.42480","9274.96955"
"IDN","Indonesia","2012","consumo","national","2.15000","5.69470","9708.61183"
"IDN","Indonesia","2013","consumo","national","2.15000","5.92830","10121.81415"
"IDN","Indonesia","2014","consumo","national","2.15000","6.06040","10504.38694"
"IDN","Indonesia","2015","consumo","national","2.15000","6.25360","10893.66211"
"IDN","Indonesia","2016","consumo","national","2.15000","6.61660","11319.66343"
"IDN","Indonesia","2017","consumo","national","2.15000","7.03940","11772.57433"
"IDN","Indonesia","2018","consumo","national","2.15000","7.42870","12262.23103"
"IDN","Indonesia","2019","consumo","national","2.15000","7.50810","12757.78509"
"IDN","Indonesia","2020","consumo","national","2.15000","7.70100","12388.54493"
"IDN","Indonesia","2021","consumo","national","2.15000","7.95820","12757.07464"
"IDN","Indonesia","2022","consumo","national","2.15000","7.91340","13334.26539"
"IDN","Indonesia","2023","consumo","national","2.15000","8.16050","13889.94950"
"IDN","Indonesia","2024","consumo","national","2.15000","8.25540","14470.71798"
"IDN","Indonesia","2025","consumo","national","2.15000","8.61270","15091.00886"
"IRQ","Iraq","1990","consumo","national","2.15000","9.53550","10735.09411"
"IRQ","Iraq","1991","consumo","national","2.15000","5.23530","3819.16195"
"IRQ","Iraq","1992","consumo","national","2.15000","6.28810","4916.26440"
"IRQ","Iraq","1993","consumo","national","2.15000","7.35240","6105.04166"
"IRQ","Iraq","1994","consumo","national","2.15000","7.30170","6044.87105"
"IRQ","Iraq","1995","consumo","national","2.15000","7.23810","5969.66964"
"IRQ","Iraq","1996","consumo","national","2.15000","7.61980","6419.36982"
"IRQ","Iraq","1997","consumo","national","2.15000","8.55560","7545.72976"
"IRQ","Iraq","1998","consumo","national","2.15000","10.40180","9871.73398"
"IRQ","Iraq","1999","consumo","national","2.15000","11.40940","11237.85374"
"IRQ","Iraq","2000","consumo","national","2.15000","12.45000","12702.16420"
"IRQ","Iraq","2001","consumo","national","2.15000","12.33170","12529.60841"
"IRQ","Iraq","2002","consumo","national","2.15000","11.37710","11144.05053"
"IRQ","Iraq","2003","consumo","national","2.15000","8.30790","6849.33201"
"IRQ","Iraq","2004","consumo","national","2.15000","11.16180","10210.56310"
"IRQ","Iraq","2005","consumo","national","2.15000","11.06070","10078.44376"
"IRQ","Iraq","2006","consumo","national","2.15000","11.43750","10568.91377"
"IRQ","Iraq","2007","consumo","national","2.15000","11.63270","10853.81610"
"IRQ","Iraq","2008","consumo","national","2.15000","11.81250","11511.93876"
"IRQ","Iraq","2009","consumo","national","2.15000","11.80140","11470.51781"
"IRQ","Iraq","2010","consumo","national","2.15000","11.89440","11816.84102"
"IRQ","Iraq","2011","consumo","national","2.15000","12.01450","12267.58489"
"IRQ","Iraq","2012","consumo","national","2.15000","12.30140","13357.01439"
"IRQ","Iraq","2013","consumo","national","2.15000","12.59630","13712.93171"
"IRQ","Iraq","2014","consumo","national","2.15000","12.54790","13536.82277"
"IRQ","Iraq","2015","consumo","national","2.15000","12.59920","13516.02720"
"IRQ","Iraq","2016","consumo","national","2.15000","13.64790","15016.09206"
"IRQ","Iraq","2017","consumo","national","2.15000","13.33500","14417.63069"
"IRQ","Iraq","2018","consumo","national","2.15000","13.42800","14456.23571"
"IRQ","Iraq","2019","consumo","national","2.15000","13.79270","14910.22503"
"IRQ","Iraq","2020","consumo","national","2.15000","12.50680","12827.63454"
"IRQ","Iraq","2021","consumo","national","2.15000","12.50370","12731.75358"
"IRQ","Iraq","2022","consumo","national","2.15000","13.05090","13433.39772"
"IRQ","Iraq","2023","consumo","national","2.15000","12.95770","13202.32281"
"IRQ","Iraq","2024","consumo","national","2.15000","12.62980","12725.04313"
"IRQ","Iraq","2025","consumo","national","2.15000","12.45390","12191.55647"
"IRL","Irlanda","1990","ingreso","national","2.15000","25.02590","29504.87727"
"IRL","Irlanda","1991","ingreso","national","2.15000","25.53150","29901.80630"
"IRL","Irlanda","1992","ingreso","national","2.15000","26.44800","30691.39560"
"IRL","Irlanda","1993","ingreso","national","2.15000","27.47270","31360.64907"
"IRL","Irlanda","1994","ingreso","national","2.15000","29.20610","33035.23626"
"IRL","Irlanda","1995","ingreso","national","2.15000","30.14410","36032.77747"
"IRL","Irlanda","1996","ingreso","national","2.15000","31.57770","38386.91167"
"IRL","Irlanda","1997","ingreso","national","2.15000","32.95660","42192.58481"
"IRL","Irlanda","1998","ingreso","national","2.15000","34.66910","45415.04552"
"IRL","Irlanda","1999","ingreso","national","2.15000","36.88500","49634.50267"
"IRL","Irlanda","2000","ingreso","national","2.15000","39.48040","53582.83135"
"IRL","Irlanda","2001","ingreso","national","2.15000","41.91400","55534.56981"
"IRL","Irlanda","2002","ingreso","national","2.15000","43.46480","57828.01163"
"IRL","Irlanda","2003","ingreso","national","2.15000","44.59170","58608.33538"
"IRL","Irlanda","2004","ingreso","national","2.15000","46.31420","61452.86604"
"IRL","Irlanda","2005","ingreso","national","2.15000","48.62390","63579.71344"
"IRL","Irlanda","2006","ingreso","national","2.15000","51.84870","64975.40865"
"IRL","Irlanda","2007","ingreso","national","2.15000","51.48490","66475.84101"
"IRL","Irlanda","2008","ingreso","national","2.15000","47.56710","62213.64533"
"IRL","Irlanda","2009","ingreso","national","2.15000","46.79550","58446.72633"
"IRL","Irlanda","2010","ingreso","national","2.15000","44.98440","59107.42207"
"IRL","Irlanda","2011","ingreso","national","2.15000","43.78150","59797.05373"
"IRL","Irlanda","2012","ingreso","national","2.15000","44.11460","59303.03198"
"IRL","Irlanda","2013","ingreso","national","2.15000","44.01540","60285.23761"
"IRL","Irlanda","2014","ingreso","national","2.15000","46.17530","65463.19525"
"IRL","Irlanda","2015","ingreso","national","2.15000","47.64050","80815.64153"
"IRL","Irlanda","2016","ingreso","national","2.15000","50.89230","80760.09741"
"IRL","Irlanda","2017","ingreso","national","2.15000","54.07140","87731.78970"
"IRL","Irlanda","2018","ingreso","national","2.15000","55.36530","93115.83935"
"IRL","Irlanda","2019","ingreso","national","2.15000","56.89390","96205.79616"
"IRL","Irlanda","2020","ingreso","national","2.15000","59.42420","101793.44753"
"IRL","Irlanda","2021","ingreso","national","2.15000","60.64300","116702.85817"
"IRL","Irlanda","2022","ingreso","national","2.15000","59.45630","123007.47649"
"IRL","Irlanda","2023","ingreso","national","2.15000","59.15730","117659.72859"
"IRL","Irlanda","2024","ingreso","national","2.15000","59.74740","118833.31207"
"IRL","Irlanda","2025","ingreso","national","2.15000","64.37570","131338.44475"
"IRN","Irán","1990","consumo","national","2.15000","7.76720","9656.00117"
"IRN","Irán","1991","consumo","national","2.15000","8.46800","10592.33193"
"IRN","Irán","1992","consumo","national","2.15000","8.81580","10727.41837"
"IRN","Irán","1993","consumo","national","2.15000","8.91370","10531.99528"
"IRN","Irán","1994","consumo","national","2.15000","8.96330","10333.43300"
"IRN","Irán","1995","consumo","national","2.15000","9.02210","10465.02596"
"IRN","Irán","1996","consumo","national","2.15000","9.47480","11010.00950"
"IRN","Irán","1997","consumo","national","2.15000","9.60520","11025.72024"
"IRN","Irán","1998","consumo","national","2.15000","9.66660","11101.50787"
"IRN","Irán","1999","consumo","national","2.15000","9.78710","11163.69507"
"IRN","Irán","2000","consumo","national","2.15000","10.50210","11643.12181"
"IRN","Irán","2001","consumo","national","2.15000","10.83170","11739.00909"
"IRN","Irán","2002","consumo","national","2.15000","12.06650","12583.04499"
"IRN","Irán","2003","consumo","national","2.15000","13.70470","13519.45019"
"IRN","Irán","2004","consumo","national","2.15000","14.45910","13807.19531"
"IRN","Irán","2005","consumo","national","2.15000","14.74310","13935.77431"
"IRN","Irán","2006","consumo","national","2.15000","15.11790","14320.65685"
"IRN","Irán","2007","consumo","national","2.15000","15.47500","15237.42379"
"IRN","Irán","2008","consumo","national","2.15000","15.17580","15091.25065"
"IRN","Irán","2009","consumo","national","2.15000","14.76530","15055.14946"
"IRN","Irán","2010","consumo","national","2.15000","13.83040","15729.91317"
"IRN","Irán","2011","consumo","national","2.15000","12.64950","15947.76610"
"IRN","Irán","2012","consumo","national","2.15000","12.41290","15159.29482"
"IRN","Irán","2013","consumo","national","2.15000","11.98210","14734.74059"
"IRN","Irán","2014","consumo","national","2.15000","11.66640","15262.85158"
"IRN","Irán","2015","consumo","national","2.15000","11.69080","14841.90483"
"IRN","Irán","2016","consumo","national","2.15000","11.92690","15920.37180"
"IRN","Irán","2017","consumo","national","2.15000","12.62330","16167.96772"
"IRN","Irán","2018","consumo","national","2.15000","12.38070","15364.80491"
"IRN","Irán","2019","consumo","national","2.15000","11.11540","14841.07515"
"IRN","Irán","2020","consumo","national","2.15000","10.77880","15381.58454"
"IRN","Irán","2021","consumo","national","2.15000","11.38750","15884.42768"
"IRN","Irán","2022","consumo","national","2.15000","12.04450","16377.96106"
"IRN","Irán","2023","consumo","national","2.15000","12.55350","17044.81734"
"IRN","Irán","2024","consumo","national","2.15000","12.92030","17484.13201"
"IRN","Irán","2025","consumo","national","2.15000","12.88800","16833.78217"
"ISL","Islandia","1990","ingreso","national","2.15000","43.06350","43099.57864"
"ISL","Islandia","1991","ingreso","national","2.15000","43.84760","42507.64617"
"ISL","Islandia","1992","ingreso","national","2.15000","41.89880","40560.57007"
"ISL","Islandia","1993","ingreso","national","2.15000","39.55040","40677.58812"
"ISL","Islandia","1994","ingreso","national","2.15000","40.33590","41781.83027"
"ISL","Islandia","1995","ingreso","national","2.15000","40.98500","41604.23812"
"ISL","Islandia","1996","ingreso","national","2.15000","42.81520","43241.35544"
"ISL","Islandia","1997","ingreso","national","2.15000","45.13630","44664.53063"
"ISL","Islandia","1998","ingreso","national","2.15000","49.91670","47286.63587"
"ISL","Islandia","1999","ingreso","national","2.15000","52.90680","48539.34331"
"ISL","Islandia","2000","ingreso","national","2.15000","54.24820","50227.84087"
"ISL","Islandia","2001","ingreso","national","2.15000","52.03870","51468.32823"
"ISL","Islandia","2002","ingreso","national","2.15000","51.20240","51287.59373"
"ISL","Islandia","2003","ingreso","national","2.15000","53.86880","52095.64027"
"ISL","Islandia","2004","ingreso","national","2.15000","55.09230","55576.60998"
"ISL","Islandia","2005","ingreso","national","2.15000","57.47110","58549.13589"
"ISL","Islandia","2006","ingreso","national","2.15000","65.86870","60434.38379"
"ISL","Islandia","2007","ingreso","national","2.15000","69.57150","64075.30982"
"ISL","Islandia","2008","ingreso","national","2.15000","72.49610","63963.76014"
"ISL","Islandia","2009","ingreso","national","2.15000","60.85460","58441.27197"
"ISL","Islandia","2010","ingreso","national","2.15000","54.02280","57225.10243"
"ISL","Islandia","2011","ingreso","national","2.15000","53.99110","57837.86046"
"ISL","Islandia","2012","ingreso","national","2.15000","55.11560","58203.63795"
"ISL","Islandia","2013","ingreso","national","2.15000","56.31680","59729.54398"
"ISL","Islandia","2014","ingreso","national","2.15000","59.41890","60199.19949"
"ISL","Islandia","2015","ingreso","national","2.15000","63.44490","61820.36189"
"ISL","Islandia","2016","ingreso","national","2.15000","68.73520","64759.22754"
"ISL","Islandia","2017","ingreso","national","2.15000","71.22760","65462.50333"
"ISL","Islandia","2018","ingreso","national","2.15000","66.63860","66703.02194"
"ISL","Islandia","2019","ingreso","national","2.15000","68.33210","65994.98600"
"ISL","Islandia","2020","ingreso","national","2.15000","65.14340","60617.14327"
"ISL","Islandia","2021","ingreso","national","2.15000","68.53590","62720.79168"
"ISL","Islandia","2022","ingreso","national","2.15000","72.38050","66581.24418"
"ISL","Islandia","2023","ingreso","national","2.15000","72.01980","69268.12214"
"ISL","Islandia","2024","ingreso","national","2.15000","71.16520","68230.35665"
"ISL","Islandia","2025","ingreso","national","2.15000","70.82140","68064.68546"
"CYM","Islas Caimán","2006","ingreso","national","2.15000","111.84520","92213.07600"
"CYM","Islas Caimán","2007","ingreso","national","2.15000","113.03790","92343.72508"
"CYM","Islas Caimán","2008","ingreso","national","2.15000","111.32780","89380.15075"
"CYM","Islas Caimán","2009","ingreso","national","2.15000","103.44400","80631.84422"
"CYM","Islas Caimán","2010","ingreso","national","2.15000","100.46780","76294.76500"
"CYM","Islas Caimán","2011","ingreso","national","2.15000","101.15530","75094.83130"
"CYM","Islas Caimán","2012","ingreso","national","2.15000","101.95950","73982.67813"
"CYM","Islas Caimán","2013","ingreso","national","2.15000","102.76650","72988.70634"
"CYM","Islas Caimán","2014","ingreso","national","2.15000","104.24740","73051.81123"
"CYM","Islas Caimán","2015","ingreso","national","2.15000","105.95040","73315.38453"
"CYM","Islas Caimán","2016","ingreso","national","2.15000","108.05970","73941.85924"
"CYM","Islas Caimán","2017","ingreso","national","2.15000","110.27150","74599.67996"
"CYM","Islas Caimán","2018","ingreso","national","2.15000","113.67460","76124.55060"
"CYM","Islas Caimán","2019","ingreso","national","2.15000","117.06800","77476.84099"
"CYM","Islas Caimán","2020","ingreso","national","2.15000","111.80310","72183.13590"
"CYM","Islas Caimán","2021","ingreso","national","2.15000","115.94530","74160.49140"
"CYM","Islas Caimán","2022","ingreso","national","2.15000","122.72950","76735.37443"
"CYM","Islas Caimán","2023","ingreso","national","2.15000","129.25440","79580.88728"
"CYM","Islas Caimán","2024","ingreso","national","2.15000","105.99580","80996.65066"
"FRO","Islas Feroe","2008","ingreso","national","2.15000","45.10870","54263.32641"
"FRO","Islas Feroe","2009","ingreso","national","2.15000","43.27360","51534.60101"
"FRO","Islas Feroe","2010","ingreso","national","2.15000","43.36670","51480.25200"
"FRO","Islas Feroe","2011","ingreso","national","2.15000","44.93730","53441.43694"
"FRO","Islas Feroe","2012","ingreso","national","2.15000","48.03390","57524.51510"
"FRO","Islas Feroe","2013","ingreso","national","2.15000","50.71380","60950.03098"
"FRO","Islas Feroe","2014","ingreso","national","2.15000","53.12970","64019.41567"
"FRO","Islas Feroe","2015","ingreso","national","2.15000","53.33570","64010.16140"
"FRO","Islas Feroe","2016","ingreso","national","2.15000","53.65910","64156.32416"
"FRO","Islas Feroe","2017","ingreso","national","2.15000","54.77560","65461.91133"
"FRO","Islas Feroe","2018","ingreso","national","2.15000","55.48820","66192.04944"
"FRO","Islas Feroe","2019","ingreso","national","2.15000","57.03730","68136.66180"
"FRO","Islas Feroe","2020","ingreso","national","2.15000","55.67510","66037.93615"
"FRO","Islas Feroe","2021","ingreso","national","2.15000","57.28990","68433.21443"
"FRO","Islas Feroe","2022","ingreso","national","2.15000","58.17200","70268.44972"
"FRO","Islas Feroe","2023","ingreso","national","2.15000","60.33200","71828.43428"
"FRO","Islas Feroe","2024","ingreso","national","2.15000","61.63110","72113.65139"
"MHL","Islas Marshall","1990","consumo","national","2.15000","9.17660","3906.08627"
"MHL","Islas Marshall","1991","consumo","national","2.15000","9.16400","3828.95409"
"MHL","Islas Marshall","1992","consumo","national","2.15000","9.48670","4029.85753"
"MHL","Islas Marshall","1993","consumo","national","2.15000","9.78170","4207.94886"
"MHL","Islas Marshall","1994","consumo","national","2.15000","10.13370","4397.47802"
"MHL","Islas Marshall","1995","consumo","national","2.15000","10.28870","4704.03570"
"MHL","Islas Marshall","1996","consumo","national","2.15000","9.54300","4175.34884"
"MHL","Islas Marshall","1997","consumo","national","2.15000","9.14200","3867.83839"
"MHL","Islas Marshall","1998","consumo","national","2.15000","9.02930","3806.37456"
"MHL","Islas Marshall","1999","consumo","national","2.15000","8.94250","3719.28761"
"MHL","Islas Marshall","2000","consumo","national","2.15000","9.10550","3772.69913"
"MHL","Islas Marshall","2001","consumo","national","2.15000","9.44110","4001.24312"
"MHL","Islas Marshall","2002","consumo","national","2.15000","9.55680","4122.36777"
"MHL","Islas Marshall","2003","consumo","national","2.15000","9.44590","4041.17284"
"MHL","Islas Marshall","2004","consumo","national","2.15000","9.43690","4012.85860"
"MHL","Islas Marshall","2005","consumo","national","2.15000","9.51430","4075.68079"
"MHL","Islas Marshall","2006","consumo","national","2.15000","9.57480","4076.09863"
"MHL","Islas Marshall","2007","consumo","national","2.15000","9.62430","4222.95394"
"MHL","Islas Marshall","2008","consumo","national","2.15000","9.29360","3903.80571"
"MHL","Islas Marshall","2009","consumo","national","2.15000","9.56350","4047.74537"
"MHL","Islas Marshall","2010","consumo","national","2.15000","9.83120","4269.90546"
"MHL","Islas Marshall","2011","consumo","national","2.15000","9.81270","4259.66173"
"MHL","Islas Marshall","2012","consumo","national","2.15000","10.09020","4244.58813"
"MHL","Islas Marshall","2013","consumo","national","2.15000","10.49600","4470.42630"
"MHL","Islas Marshall","2014","consumo","national","2.15000","10.37280","4492.56749"
"MHL","Islas Marshall","2015","consumo","national","2.15000","10.55040","4670.70756"
"MHL","Islas Marshall","2016","consumo","national","2.15000","11.11490","4897.14934"
"MHL","Islas Marshall","2017","consumo","national","2.15000","11.88220","5200.01067"
"MHL","Islas Marshall","2018","consumo","national","2.15000","12.20130","5636.02955"
"MHL","Islas Marshall","2019","consumo","national","2.15000","12.79060","6405.89632"
"MHL","Islas Marshall","2020","consumo","national","2.15000","12.77530","6418.00664"
"MHL","Islas Marshall","2021","consumo","national","2.15000","12.93700","6768.82579"
"MHL","Islas Marshall","2022","consumo","national","2.15000","13.37580","6937.75357"
"MHL","Islas Marshall","2023","consumo","national","2.15000","13.09850","6774.78266"
"MHL","Islas Marshall","2024","consumo","national","2.15000","13.86980","7236.86794"
"MHL","Islas Marshall","2025","consumo","national","2.15000","14.63890","7660.37696"
"SLB","Islas Salomón","1990","consumo","national","2.15000","3.56210","2352.70062"
"SLB","Islas Salomón","1991","consumo","national","2.15000","3.63200","2418.67568"
"SLB","Islas Salomón","1992","consumo","national","2.15000","3.86980","2644.83937"
"SLB","Islas Salomón","1993","consumo","national","2.15000","3.89560","2670.01803"
"SLB","Islas Salomón","1994","consumo","national","2.15000","4.03100","2802.59157"
"SLB","Islas Salomón","1995","consumo","national","2.15000","4.22630","2996.65555"
"SLB","Islas Salomón","1996","consumo","national","2.15000","4.18840","2958.19818"
"SLB","Islas Salomón","1997","consumo","national","2.15000","4.07980","2848.68466"
"SLB","Islas Salomón","1998","consumo","national","2.15000","4.03670","2805.62563"
"SLB","Islas Salomón","1999","consumo","national","2.15000","3.94830","2717.87534"
"SLB","Islas Salomón","2000","consumo","national","2.15000","3.50010","2277.11364"
"SLB","Islas Salomón","2001","consumo","national","2.15000","3.26180","2055.53771"
"SLB","Islas Salomón","2002","consumo","national","2.15000","3.15640","1960.67505"
"SLB","Islas Salomón","2003","consumo","national","2.15000","3.25770","2050.57140"
"SLB","Islas Salomón","2004","consumo","national","2.15000","3.38910","2168.78372"
"SLB","Islas Salomón","2005","consumo","national","2.15000","3.51900","2287.56669"
"SLB","Islas Salomón","2006","consumo","national","2.15000","3.60110","2340.95144"
"SLB","Islas Salomón","2007","consumo","national","2.15000","3.68790","2384.62333"
"SLB","Islas Salomón","2008","consumo","national","2.15000","3.89640","2490.10207"
"SLB","Islas Salomón","2009","consumo","national","2.15000","3.94540","2515.21324"
"SLB","Islas Salomón","2010","consumo","national","2.15000","4.27110","2682.62900"
"SLB","Islas Salomón","2011","consumo","national","2.15000","4.34890","2777.83439"
"SLB","Islas Salomón","2012","consumo","national","2.15000","4.38850","2743.81002"
"SLB","Islas Salomón","2013","consumo","national","2.15000","4.45810","2783.94857"
"SLB","Islas Salomón","2014","consumo","national","2.15000","4.38280","2716.77005"
"SLB","Islas Salomón","2015","consumo","national","2.15000","4.32450","2665.06621"
"SLB","Islas Salomón","2016","consumo","national","2.15000","4.38180","2715.58152"
"SLB","Islas Salomón","2017","consumo","national","2.15000","4.36880","2704.00988"
"SLB","Islas Salomón","2018","consumo","national","2.15000","4.34890","2686.46317"
"SLB","Islas Salomón","2019","consumo","national","2.15000","4.32110","2661.95771"
"SLB","Islas Salomón","2020","consumo","national","2.15000","4.15470","2515.46369"
"SLB","Islas Salomón","2021","consumo","national","2.15000","4.07920","2450.18400"
"SLB","Islas Salomón","2022","consumo","national","2.15000","3.93960","2330.40165"
"SLB","Islas Salomón","2023","consumo","national","2.15000","3.95080","2339.87470"
"SLB","Islas Salomón","2024","consumo","national","2.15000","3.96700","2353.54960"
"SLB","Islas Salomón","2025","consumo","national","2.15000","3.98990","2382.13145"
"TCA","Islas Turcas y Caicos","2007","ingreso","national","2.15000","30.18530","21878.82060"
"TCA","Islas Turcas y Caicos","2008","ingreso","national","2.15000","30.16410","22689.31601"
"TCA","Islas Turcas y Caicos","2009","ingreso","national","2.15000","25.23800","17512.19778"
"TCA","Islas Turcas y Caicos","2010","ingreso","national","2.15000","24.74810","17000.22278"
"TCA","Islas Turcas y Caicos","2011","ingreso","national","2.15000","25.06740","17147.42476"
"TCA","Islas Turcas y Caicos","2012","ingreso","national","2.15000","23.76910","16024.69157"
"TCA","Islas Turcas y Caicos","2013","ingreso","national","2.15000","23.17470","15461.87351"
"TCA","Islas Turcas y Caicos","2014","ingreso","national","2.15000","24.17860","16138.84876"
"TCA","Islas Turcas y Caicos","2015","ingreso","national","2.15000","25.68560","17201.77203"
"TCA","Islas Turcas y Caicos","2016","ingreso","national","2.15000","26.37710","17625.72028"
"TCA","Islas Turcas y Caicos","2017","ingreso","national","2.15000","41.41560","29540.35375"
"TCA","Islas Turcas y Caicos","2018","ingreso","national","2.15000","42.54080","30286.11961"
"TCA","Islas Turcas y Caicos","2019","ingreso","national","2.15000","43.16840","30611.21302"
"TCA","Islas Turcas y Caicos","2020","ingreso","national","2.15000","29.53000","19702.53682"
"TCA","Islas Turcas y Caicos","2021","ingreso","national","2.15000","36.29700","25056.48805"
"TCA","Islas Turcas y Caicos","2022","ingreso","national","2.15000","40.85220","28209.62425"
"TCA","Islas Turcas y Caicos","2023","ingreso","national","2.15000","45.60480","31839.37054"
"TCA","Islas Turcas y Caicos","2024","ingreso","national","2.15000","47.88240","33390.52671"
"VIR","Islas Vírgenes de EEUU","2002","ingreso","national","2.15000","60.15280","54299.22987"
"VIR","Islas Vírgenes de EEUU","2003","ingreso","national","2.15000","59.97370","54086.15479"
"VIR","Islas Vírgenes de EEUU","2004","ingreso","national","2.15000","61.54890","55883.45455"
"VIR","Islas Vírgenes de EEUU","2005","ingreso","national","2.15000","63.78480","57838.09771"
"VIR","Islas Vírgenes de EEUU","2006","ingreso","national","2.15000","66.05390","59911.72245"
"VIR","Islas Vírgenes de EEUU","2007","ingreso","national","2.15000","68.63300","62332.94454"
"VIR","Islas Vírgenes de EEUU","2008","ingreso","national","2.15000","69.68040","63057.62631"
"VIR","Islas Vírgenes de EEUU","2009","ingreso","national","2.15000","66.30690","58895.30569"
"VIR","Islas Vírgenes de EEUU","2010","ingreso","national","2.15000","67.42400","59272.24569"
"VIR","Islas Vírgenes de EEUU","2011","ingreso","national","2.15000","63.25220","54443.06869"
"VIR","Islas Vírgenes de EEUU","2012","ingreso","national","2.15000","55.74880","46422.41512"
"VIR","Islas Vírgenes de EEUU","2013","ingreso","national","2.15000","53.33280","43563.88649"
"VIR","Islas Vírgenes de EEUU","2014","ingreso","national","2.15000","53.12300","42853.89866"
"VIR","Islas Vírgenes de EEUU","2015","ingreso","national","2.15000","53.42590","42739.08350"
"VIR","Islas Vírgenes de EEUU","2016","ingreso","national","2.15000","54.68050","43502.43369"
"VIR","Islas Vírgenes de EEUU","2017","ingreso","national","2.15000","53.95650","43277.15465"
"VIR","Islas Vírgenes de EEUU","2018","ingreso","national","2.15000","56.33680","44205.40713"
"VIR","Islas Vírgenes de EEUU","2019","ingreso","national","2.15000","58.42480","45632.63647"
"VIR","Islas Vírgenes de EEUU","2020","ingreso","national","2.15000","57.99120","45055.78293"
"VIR","Islas Vírgenes de EEUU","2021","ingreso","national","2.15000","60.19840","46893.54970"
"VIR","Islas Vírgenes de EEUU","2022","ingreso","national","2.15000","60.52800","46479.29967"
"ISR","Israel","1990","ingreso","national","2.15000","24.58750","25340.98133"
"ISR","Israel","1991","ingreso","national","2.15000","24.83930","25704.72074"
"ISR","Israel","1992","ingreso","national","2.15000","25.85160","26758.42907"
"ISR","Israel","1993","ingreso","national","2.15000","26.06670","27129.21938"
"ISR","Israel","1994","ingreso","national","2.15000","26.41210","28399.39819"
"ISR","Israel","1995","ingreso","national","2.15000","26.71680","29477.45829"
"ISR","Israel","1996","ingreso","national","2.15000","26.89930","30392.89731"
"ISR","Israel","1997","ingreso","national","2.15000","26.98590","30713.15980"
"ISR","Israel","1998","ingreso","national","2.15000","28.02080","31250.10717"
"ISR","Israel","1999","ingreso","national","2.15000","28.53890","31466.16837"
"ISR","Israel","2000","ingreso","national","2.15000","30.28970","33278.54123"
"ISR","Israel","2001","ingreso","national","2.15000","30.78730","32591.21168"
"ISR","Israel","2002","ingreso","national","2.15000","27.60370","31892.53960"
"ISR","Israel","2003","ingreso","national","2.15000","28.54390","31771.21159"
"ISR","Israel","2004","ingreso","national","2.15000","29.70640","32665.85371"
"ISR","Israel","2005","ingreso","national","2.15000","31.07660","33491.99140"
"ISR","Israel","2006","ingreso","national","2.15000","31.66880","34744.86751"
"ISR","Israel","2007","ingreso","national","2.15000","33.20920","36288.06551"
"ISR","Israel","2008","ingreso","national","2.15000","34.08800","36795.47991"
"ISR","Israel","2009","ingreso","national","2.15000","34.13170","36364.78432"
"ISR","Israel","2010","ingreso","national","2.15000","34.93750","37686.34208"
"ISR","Israel","2011","ingreso","national","2.15000","34.78890","39036.02474"
"ISR","Israel","2012","ingreso","national","2.15000","36.73570","39245.50781"
"ISR","Israel","2013","ingreso","national","2.15000","38.15840","40095.47568"
"ISR","Israel","2014","ingreso","national","2.15000","38.92000","40795.62909"
"ISR","Israel","2015","ingreso","national","2.15000","40.14160","40889.59891"
"ISR","Israel","2016","ingreso","national","2.15000","40.64410","41914.58030"
"ISR","Israel","2017","ingreso","national","2.15000","42.48140","42895.58513"
"ISR","Israel","2018","ingreso","national","2.15000","44.12140","43782.65265"
"ISR","Israel","2019","ingreso","national","2.15000","42.61560","44492.12270"
"ISR","Israel","2020","ingreso","national","2.15000","42.20190","42926.54154"
"ISR","Israel","2021","ingreso","national","2.15000","42.77830","46151.10082"
"ISR","Israel","2022","ingreso","national","2.15000","45.20060","48132.36372"
"ISR","Israel","2023","ingreso","national","2.15000","43.54130","47671.24769"
"ISR","Israel","2024","ingreso","national","2.15000","43.36880","47388.72367"
"ISR","Israel","2025","ingreso","national","2.15000","43.62140","48196.63452"
"ITA","Italia","1990","ingreso","national","2.15000","41.78610","42656.74451"
"ITA","Italia","1991","ingreso","national","2.15000","41.48820","43283.02044"
"ITA","Italia","1992","ingreso","national","2.15000","41.98130","43614.48509"
"ITA","Italia","1993","ingreso","national","2.15000","40.49220","43216.10964"
"ITA","Italia","1994","ingreso","national","2.15000","40.34470","44136.70591"
"ITA","Italia","1995","ingreso","national","2.15000","40.18940","45410.13917"
"ITA","Italia","1996","ingreso","national","2.15000","40.62420","46008.23893"
"ITA","Italia","1997","ingreso","national","2.15000","42.10200","46869.42561"
"ITA","Italia","1998","ingreso","national","2.15000","43.58710","47701.39742"
"ITA","Italia","1999","ingreso","national","2.15000","44.00920","48493.66512"
"ITA","Italia","2000","ingreso","national","2.15000","44.42360","50353.42004"
"ITA","Italia","2001","ingreso","national","2.15000","44.61650","51332.29044"
"ITA","Italia","2002","ingreso","national","2.15000","44.44370","51369.11491"
"ITA","Italia","2003","ingreso","national","2.15000","54.55480","51126.25855"
"ITA","Italia","2004","ingreso","national","2.15000","56.12450","51495.00288"
"ITA","Italia","2005","ingreso","national","2.15000","55.25550","51585.64458"
"ITA","Italia","2006","ingreso","national","2.15000","56.32190","52304.24029"
"ITA","Italia","2007","ingreso","national","2.15000","56.67020","52747.19055"
"ITA","Italia","2008","ingreso","national","2.15000","55.84920","51806.39062"
"ITA","Italia","2009","ingreso","national","2.15000","56.46390","48774.39168"
"ITA","Italia","2010","ingreso","national","2.15000","55.43910","49301.69591"
"ITA","Italia","2011","ingreso","national","2.15000","54.61210","49473.01492"
"ITA","Italia","2012","ingreso","national","2.15000","52.14760","47795.95794"
"ITA","Italia","2013","ingreso","national","2.15000","51.55440","46833.36153"
"ITA","Italia","2014","ingreso","national","2.15000","51.33580","46825.65112"
"ITA","Italia","2015","ingreso","national","2.15000","52.61790","47311.82553"
"ITA","Italia","2016","ingreso","national","2.15000","53.87540","47987.83796"
"ITA","Italia","2017","ingreso","national","2.15000","54.81710","48849.21835"
"ITA","Italia","2018","ingreso","national","2.15000","55.05030","49355.87519"
"ITA","Italia","2019","ingreso","national","2.15000","57.16730","49690.62985"
"ITA","Italia","2020","ingreso","national","2.15000","57.00960","45505.06887"
"ITA","Italia","2021","ingreso","national","2.15000","59.08100","49825.39341"
"ITA","Italia","2022","ingreso","national","2.15000","58.25790","52333.32743"
"ITA","Italia","2023","ingreso","national","2.15000","57.50910","52842.62888"
"ITA","Italia","2024","ingreso","national","2.15000","57.93840","53284.87450"
"ITA","Italia","2025","ingreso","national","2.15000","58.29050","53606.07896"
"JAM","Jamaica","1990","consumo","national","2.15000","8.92590","8879.65295"
"JAM","Jamaica","1991","consumo","national","2.15000","8.08890","9227.87614"
"JAM","Jamaica","1992","consumo","national","2.15000","7.05360","9315.85819"
"JAM","Jamaica","1993","consumo","national","2.15000","6.31050","10088.23236"
"JAM","Jamaica","1994","consumo","national","2.15000","8.27000","10123.23394"
"JAM","Jamaica","1995","consumo","national","2.15000","8.61000","10257.80654"
"JAM","Jamaica","1996","consumo","national","2.15000","9.64940","10147.46411"
"JAM","Jamaica","1997","consumo","national","2.15000","10.76230","9939.66173"
"JAM","Jamaica","1998","consumo","national","2.15000","11.74710","9624.92936"
"JAM","Jamaica","1999","consumo","national","2.15000","12.99460","9650.43726"
"JAM","Jamaica","2000","consumo","national","2.15000","13.09210","9667.92474"
"JAM","Jamaica","2001","consumo","national","2.15000","13.47190","9736.06292"
"JAM","Jamaica","2002","consumo","national","2.15000","14.21530","9869.71292"
"JAM","Jamaica","2003","consumo","national","2.15000","14.30970","10169.75002"
"JAM","Jamaica","2004","consumo","national","2.15000","14.17390","10244.20667"
"JAM","Jamaica","2005","consumo","national","2.15000","14.47980","10278.68344"
"JAM","Jamaica","2006","consumo","national","2.15000","16.63890","10522.23675"
"JAM","Jamaica","2007","consumo","national","2.15000","17.52100","10622.44428"
"JAM","Jamaica","2008","consumo","national","2.15000","16.36250","10490.46861"
"JAM","Jamaica","2009","consumo","national","2.15000","15.01040","9992.97700"
"JAM","Jamaica","2010","consumo","national","2.15000","15.02610","9805.90173"
"JAM","Jamaica","2011","consumo","national","2.15000","15.37610","9932.48381"
"JAM","Jamaica","2012","consumo","national","2.15000","15.47680","9829.03510"
"JAM","Jamaica","2013","consumo","national","2.15000","15.70180","9839.96507"
"JAM","Jamaica","2014","consumo","national","2.15000","15.95110","9872.15914"
"JAM","Jamaica","2015","consumo","national","2.15000","16.23300","9931.89876"
"JAM","Jamaica","2016","consumo","national","2.15000","16.73400","10179.25365"
"JAM","Jamaica","2017","consumo","national","2.15000","15.54130","10391.03782"
"JAM","Jamaica","2018","consumo","national","2.15000","17.70780","10636.09298"
"JAM","Jamaica","2019","consumo","national","2.15000","18.41440","10816.37204"
"JAM","Jamaica","2020","consumo","national","2.15000","17.77960","9891.96933"
"JAM","Jamaica","2021","consumo","national","2.15000","18.94200","10430.69098"
"JAM","Jamaica","2022","consumo","national","2.15000","19.78860","11096.63771"
"JAM","Jamaica","2023","consumo","national","2.15000","20.16580","11398.81204"
"JAM","Jamaica","2024","consumo","national","2.15000","20.09330","11340.26388"
"JAM","Jamaica","2025","consumo","national","2.15000","20.37320","11357.91559"
"JPN","Japón","1990","ingreso","national","2.15000","40.60560","36137.84426"
"JPN","Japón","1991","ingreso","national","2.15000","41.34420","37226.33390"
"JPN","Japón","1992","ingreso","national","2.15000","42.12810","37402.94424"
"JPN","Japón","1993","ingreso","national","2.15000","42.44410","37088.80200"
"JPN","Japón","1994","ingreso","national","2.15000","43.29270","37352.68686"
"JPN","Japón","1995","ingreso","national","2.15000","44.25480","38137.93463"
"JPN","Japón","1996","ingreso","national","2.15000","45.01910","39221.76512"
"JPN","Japón","1997","ingreso","national","2.15000","45.16100","39661.73128"
"JPN","Japón","1998","ingreso","national","2.15000","44.74710","38852.95266"
"JPN","Japón","1999","ingreso","national","2.15000","45.14240","38647.27053"
"JPN","Japón","2000","ingreso","national","2.15000","45.76100","39731.79537"
"JPN","Japón","2001","ingreso","national","2.15000","46.58700","39748.98377"
"JPN","Japón","2002","ingreso","national","2.15000","47.07770","39690.36768"
"JPN","Japón","2003","ingreso","national","2.15000","47.27500","40152.12826"
"JPN","Japón","2004","ingreso","national","2.15000","47.88360","40986.72257"
"JPN","Japón","2005","ingreso","national","2.15000","48.61200","41740.35204"
"JPN","Japón","2006","ingreso","national","2.15000","49.03220","42358.93373"
"JPN","Japón","2007","ingreso","national","2.15000","49.34580","43041.56971"
"JPN","Japón","2008","ingreso","national","2.15000","48.76300","42518.84234"
"JPN","Japón","2009","ingreso","national","2.15000","47.41080","39999.94642"
"JPN","Japón","2010","ingreso","national","2.15000","48.24630","41647.04585"
"JPN","Japón","2011","ingreso","national","2.15000","46.30960","41640.66087"
"JPN","Japón","2012","ingreso","national","2.15000","46.75160","42394.94332"
"JPN","Japón","2013","ingreso","national","2.15000","45.79170","43304.11819"
"JPN","Japón","2014","ingreso","national","2.15000","46.64440","43754.43801"
"JPN","Japón","2015","ingreso","national","2.15000","47.25960","44589.30329"
"JPN","Japón","2016","ingreso","national","2.15000","46.77100","44926.62029"
"JPN","Japón","2017","ingreso","national","2.15000","47.48110","45693.37761"
"JPN","Japón","2018","ingreso","national","2.15000","46.21330","46133.02260"
"JPN","Japón","2019","ingreso","national","2.15000","46.60280","46055.34987"
"JPN","Japón","2020","ingreso","national","2.15000","48.10820","44212.55034"
"JPN","Japón","2021","ingreso","national","2.15000","48.70850","45999.46180"
"JPN","Japón","2022","ingreso","national","2.15000","49.97930","46819.36061"
"JPN","Japón","2023","ingreso","national","2.15000","50.96430","47387.21725"
"JPN","Japón","2024","ingreso","national","2.15000","51.24020","47479.84485"
"JPN","Japón","2025","ingreso","national","2.15000","52.04390","48283.37240"
"JOR","Jordania","1990","consumo","national","2.15000","13.81050","8241.80479"
"JOR","Jordania","1991","consumo","national","2.15000","13.07550","7747.14379"
"JOR","Jordania","1992","consumo","national","2.15000","13.68600","8402.68031"
"JOR","Jordania","1993","consumo","national","2.15000","13.25840","8334.81403"
"JOR","Jordania","1994","consumo","national","2.15000","12.91360","8339.88428"
"JOR","Jordania","1995","consumo","national","2.15000","12.73380","8501.61906"
"JOR","Jordania","1996","consumo","national","2.15000","12.27060","8395.63209"
"JOR","Jordania","1997","consumo","national","2.15000","11.96610","8443.48146"
"JOR","Jordania","1998","consumo","national","2.15000","12.08180","8499.07690"
"JOR","Jordania","1999","consumo","national","2.15000","12.29220","8600.36944"
"JOR","Jordania","2000","consumo","national","2.15000","12.66740","8781.60905"
"JOR","Jordania","2001","consumo","national","2.15000","13.23210","9056.19447"
"JOR","Jordania","2002","consumo","national","2.15000","13.89240","9380.11324"
"JOR","Jordania","2003","consumo","national","2.15000","14.15860","9556.48164"
"JOR","Jordania","2004","consumo","national","2.15000","14.72810","10127.85275"
"JOR","Jordania","2005","consumo","national","2.15000","15.27390","10684.94242"
"JOR","Jordania","2006","consumo","national","2.15000","15.41850","10834.87373"
"JOR","Jordania","2007","consumo","national","2.15000","15.30230","11034.29222"
"JOR","Jordania","2008","consumo","national","2.15000","15.43160","11555.72883"
"JOR","Jordania","2009","consumo","national","2.15000","17.18200","11888.66172"
"JOR","Jordania","2010","consumo","national","2.15000","17.28730","11942.57201"
"JOR","Jordania","2011","consumo","national","2.15000","17.34780","11988.49631"
"JOR","Jordania","2012","consumo","national","2.15000","17.46780","12104.12174"
"JOR","Jordania","2013","consumo","national","2.15000","17.15160","11804.12253"
"JOR","Jordania","2014","consumo","national","2.15000","16.42860","11086.69055"
"JOR","Jordania","2015","consumo","national","2.15000","15.78580","10469.63063"
"JOR","Jordania","2016","consumo","national","2.15000","15.48620","10197.50450"
"JOR","Jordania","2017","consumo","national","2.15000","15.50700","10220.49278"
"JOR","Jordania","2018","consumo","national","2.15000","15.47410","10183.02484"
"JOR","Jordania","2019","consumo","national","2.15000","15.44740","10168.35885"
"JOR","Jordania","2020","consumo","national","2.15000","15.13790","9872.30945"
"JOR","Jordania","2021","consumo","national","2.15000","15.32560","10056.56113"
"JOR","Jordania","2022","consumo","national","2.15000","15.42380","10158.47388"
"JOR","Jordania","2023","consumo","national","2.15000","15.55760","10308.78220"
"JOR","Jordania","2024","consumo","national","2.15000","15.71880","10468.26533"
"JOR","Jordania","2025","consumo","national","2.15000","15.95910","10794.24027"
"KAZ","Kazajstán","1990","ingreso","national","2.15000","9.00740","16837.69075"
"KAZ","Kazajstán","1991","ingreso","national","2.15000","7.95880","14877.52735"
"KAZ","Kazajstán","1992","ingreso","national","2.15000","7.51350","14045.10358"
"KAZ","Kazajstán","1993","ingreso","national","2.15000","6.84520","12795.87464"
"KAZ","Kazajstán","1994","ingreso","national","2.15000","6.06370","11334.98313"
"KAZ","Kazajstán","1995","consumo","national","2.15000","7.17860","10600.33023"
"KAZ","Kazajstán","1996","consumo","national","2.15000","7.30050","10857.43539"
"KAZ","Kazajstán","1997","consumo","national","2.15000","7.06330","11298.58055"
"KAZ","Kazajstán","1998","consumo","national","2.15000","6.64540","11364.03078"
"KAZ","Kazajstán","1999","consumo","national","2.15000","6.37130","11815.77321"
"KAZ","Kazajstán","2000","consumo","national","2.15000","6.30450","12935.86437"
"KAZ","Kazajstán","2001","consumo","national","2.15000","6.34250","14612.02901"
"KAZ","Kazajstán","2002","consumo","national","2.15000","6.70330","15960.87385"
"KAZ","Kazajstán","2003","consumo","national","2.15000","7.20730","17344.75267"
"KAZ","Kazajstán","2004","consumo","national","2.15000","7.63410","18886.58119"
"KAZ","Kazajstán","2005","consumo","national","2.15000","8.34900","20565.52945"
"KAZ","Kazajstán","2006","consumo","national","2.15000","9.33480","22574.34296"
"KAZ","Kazajstán","2007","consumo","national","2.15000","10.81790","24351.34641"
"KAZ","Kazajstán","2008","consumo","national","2.15000","10.75310","24895.66457"
"KAZ","Kazajstán","2009","consumo","national","2.15000","10.61240","24901.35273"
"KAZ","Kazajstán","2010","consumo","national","2.15000","11.28580","26374.84077"
"KAZ","Kazajstán","2011","consumo","national","2.15000","13.39270","27946.16034"
"KAZ","Kazajstán","2012","consumo","national","2.15000","13.61620","28881.24176"
"KAZ","Kazajstán","2013","consumo","national","2.15000","14.25930","30177.48872"
"KAZ","Kazajstán","2014","consumo","national","2.15000","13.91610","30986.43792"
"KAZ","Kazajstán","2015","consumo","national","2.15000","13.28010","30893.75949"
"KAZ","Kazajstán","2016","consumo","national","2.15000","12.29880","30758.32273"
"KAZ","Kazajstán","2017","consumo","national","2.15000","13.23610","31524.44163"
"KAZ","Kazajstán","2018","consumo","national","2.15000","14.07860","32330.22745"
"KAZ","Kazajstán","2019","consumo","national","2.15000","14.05590","33298.21237"
"KAZ","Kazajstán","2020","consumo","national","2.15000","14.39510","32011.54915"
"KAZ","Kazajstán","2021","consumo","national","2.15000","15.09350","32945.85157"
"KAZ","Kazajstán","2022","consumo","national","2.15000","15.34470","33506.26149"
"KAZ","Kazajstán","2023","consumo","national","2.15000","15.98540","34703.23493"
"KAZ","Kazajstán","2024","consumo","national","2.15000","16.58700","35973.96333"
"KAZ","Kazajstán","2025","consumo","national","2.15000","17.13280","37850.57910"
"KEN","Kenia","1990","consumo","national","2.15000","8.76330","4177.48603"
"KEN","Kenia","1991","consumo","national","2.15000","8.65320","4102.47678"
"KEN","Kenia","1992","consumo","national","2.15000","8.42340","3946.84093"
"KEN","Kenia","1993","consumo","national","2.15000","5.99200","3844.92030"
"KEN","Kenia","1994","consumo","national","2.15000","5.71060","3833.22358"
"KEN","Kenia","1995","consumo","national","2.15000","5.90920","3890.09855"
"KEN","Kenia","1996","consumo","national","2.15000","6.10430","3941.40919"
"KEN","Kenia","1997","consumo","national","2.15000","6.14720","3853.37139"
"KEN","Kenia","1998","consumo","national","2.15000","6.02790","3871.82176"
"KEN","Kenia","1999","consumo","national","2.15000","5.86310","3848.46471"
"KEN","Kenia","2000","consumo","national","2.15000","5.62820","3756.63622"
"KEN","Kenia","2001","consumo","national","2.15000","5.51340","3778.25855"
"KEN","Kenia","2002","consumo","national","2.15000","5.27930","3681.25694"
"KEN","Kenia","2003","consumo","national","2.15000","5.13720","3674.08593"
"KEN","Kenia","2004","consumo","national","2.15000","5.06860","3743.56786"
"KEN","Kenia","2005","consumo","national","2.15000","5.02520","3844.73557"
"KEN","Kenia","2006","consumo","national","2.15000","5.02680","3970.73350"
"KEN","Kenia","2007","consumo","national","2.15000","5.04760","4116.45095"
"KEN","Kenia","2008","consumo","national","2.15000","5.03160","4002.88364"
"KEN","Kenia","2009","consumo","national","2.15000","5.03290","4012.19428"
"KEN","Kenia","2010","consumo","national","2.15000","5.06120","4211.52463"
"KEN","Kenia","2011","consumo","national","2.15000","5.07460","4307.10612"
"KEN","Kenia","2012","consumo","national","2.15000","5.08590","4387.93790"
"KEN","Kenia","2013","consumo","national","2.15000","5.09350","4443.37122"
"KEN","Kenia","2014","consumo","national","2.15000","5.10940","4558.55155"
"KEN","Kenia","2015","consumo","national","2.15000","5.12600","4679.62183"
"KEN","Kenia","2016","consumo","national","2.15000","5.07390","4770.31046"
"KEN","Kenia","2017","consumo","national","2.15000","4.87630","4846.86211"
"KEN","Kenia","2018","consumo","national","2.15000","4.73580","5017.66785"
"KEN","Kenia","2019","consumo","national","2.15000","4.57110","5171.71264"
"KEN","Kenia","2020","consumo","national","2.15000","4.23800","5057.40116"
"KEN","Kenia","2021","consumo","national","2.15000","4.34320","5338.85243"
"KEN","Kenia","2022","consumo","national","2.15000","4.39530","5491.69378"
"KEN","Kenia","2023","consumo","national","2.15000","4.47730","5691.82513"
"KEN","Kenia","2024","consumo","national","2.15000","4.56180","5841.59866"
"KEN","Kenia","2025","consumo","national","2.15000","4.65820","5995.40178"
"KGZ","Kirguistán","1990","ingreso","national","2.15000","8.68510","6095.68109"
"KGZ","Kirguistán","1991","ingreso","national","2.15000","7.86550","5520.42980"
"KGZ","Kirguistán","1992","ingreso","national","2.15000","6.69940","4701.99138"
"KGZ","Kirguistán","1993","ingreso","national","2.15000","5.66200","3973.88324"
"KGZ","Kirguistán","1994","ingreso","national","2.15000","4.52670","3176.92382"
"KGZ","Kirguistán","1995","ingreso","national","2.15000","4.23880","2974.71164"
"KGZ","Kirguistán","1996","ingreso","national","2.15000","4.47220","3138.66616"
"KGZ","Kirguistán","1997","ingreso","national","2.15000","4.84420","3399.93427"
"KGZ","Kirguistán","1998","ingreso","national","2.15000","4.87170","3419.22331"
"KGZ","Kirguistán","1999","consumo","national","2.15000","2.85130","3491.93773"
"KGZ","Kirguistán","2000","consumo","national","2.15000","2.93510","3638.46314"
"KGZ","Kirguistán","2001","consumo","national","2.15000","3.10670","3795.89059"
"KGZ","Kirguistán","2002","consumo","national","2.15000","3.18620","3760.53240"
"KGZ","Kirguistán","2003","consumo","national","2.15000","3.34950","3982.92722"
"KGZ","Kirguistán","2004","consumo","national","2.15000","4.99770","4211.52248"
"KGZ","Kirguistán","2005","consumo","national","2.15000","4.46760","4156.95849"
"KGZ","Kirguistán","2006","consumo","national","2.15000","5.86450","4240.17018"
"KGZ","Kirguistán","2007","consumo","national","2.15000","5.57230","4558.71268"
"KGZ","Kirguistán","2008","consumo","national","2.15000","6.25830","4894.94278"
"KGZ","Kirguistán","2009","consumo","national","2.15000","6.38980","4969.96133"
"KGZ","Kirguistán","2010","consumo","national","2.15000","6.08700","4876.47965"
"KGZ","Kirguistán","2011","consumo","national","2.15000","6.06950","5092.85166"
"KGZ","Kirguistán","2012","consumo","national","2.15000","5.86090","4993.39432"
"KGZ","Kirguistán","2013","consumo","national","2.15000","5.77710","5418.54062"
"KGZ","Kirguistán","2014","consumo","national","2.15000","6.03740","5513.75447"
"KGZ","Kirguistán","2015","consumo","national","2.15000","5.93770","5600.21433"
"KGZ","Kirguistán","2016","consumo","national","2.15000","6.05570","5715.01041"
"KGZ","Kirguistán","2017","consumo","national","2.15000","6.09730","5861.22200"
"KGZ","Kirguistán","2018","consumo","national","2.15000","6.51690","5951.82877"
"KGZ","Kirguistán","2019","consumo","national","2.15000","6.90410","6087.60194"
"KGZ","Kirguistán","2020","consumo","national","2.15000","6.28240","5537.79547"
"KGZ","Kirguistán","2021","consumo","national","2.15000","6.85120","5736.47883"
"KGZ","Kirguistán","2022","consumo","national","2.15000","6.76190","6139.77789"
"KGZ","Kirguistán","2023","consumo","national","2.15000","7.38900","6575.77541"
"KGZ","Kirguistán","2024","consumo","national","2.15000","8.03420","7210.57670"
"KGZ","Kirguistán","2025","consumo","national","2.15000","8.35790","7878.44914"
"KIR","Kiribati","1990","consumo","national","2.15000","6.00180","2213.82384"
"KIR","Kiribati","1991","consumo","national","2.15000","5.68600","2047.41606"
"KIR","Kiribati","1992","consumo","national","2.15000","6.55860","2496.31621"
"KIR","Kiribati","1993","consumo","national","2.15000","6.48400","2455.76449"
"KIR","Kiribati","1994","consumo","national","2.15000","6.50860","2469.03750"
"KIR","Kiribati","1995","consumo","national","2.15000","6.56410","2499.10778"
"KIR","Kiribati","1996","consumo","national","2.15000","6.48450","2455.81569"
"KIR","Kiribati","1997","consumo","national","2.15000","6.45470","2439.72267"
"KIR","Kiribati","1998","consumo","national","2.15000","6.57220","2503.18276"
"KIR","Kiribati","1999","consumo","national","2.15000","6.31760","2364.64913"
"KIR","Kiribati","2000","consumo","national","2.15000","6.53660","2481.73318"
"KIR","Kiribati","2001","consumo","national","2.15000","6.30830","2357.88396"
"KIR","Kiribati","2002","consumo","national","2.15000","6.27850","2341.99558"
"KIR","Kiribati","2003","consumo","national","2.15000","6.12150","2258.32314"
"KIR","Kiribati","2004","consumo","national","2.15000","6.01070","2199.95258"
"KIR","Kiribati","2005","consumo","national","2.15000","5.98030","2184.06094"
"KIR","Kiribati","2006","consumo","national","2.15000","6.13440","2264.45168"
"KIR","Kiribati","2007","consumo","national","2.15000","6.16210","2286.73944"
"KIR","Kiribati","2008","consumo","national","2.15000","5.91080","2172.63602"
"KIR","Kiribati","2009","consumo","national","2.15000","5.82050","2138.23987"
"KIR","Kiribati","2010","consumo","national","2.15000","5.76100","2119.91177"
"KIR","Kiribati","2011","consumo","national","2.15000","5.79460","2150.65854"
"KIR","Kiribati","2012","consumo","national","2.15000","5.94180","2242.30106"
"KIR","Kiribati","2013","consumo","national","2.15000","6.28380","2382.67559"
"KIR","Kiribati","2014","consumo","national","2.15000","6.28260","2381.65349"
"KIR","Kiribati","2015","consumo","national","2.15000","6.56950","2616.17636"
"KIR","Kiribati","2016","consumo","national","2.15000","6.74350","2762.28741"
"KIR","Kiribati","2017","consumo","national","2.15000","6.81470","2822.02092"
"KIR","Kiribati","2018","consumo","national","2.15000","6.87860","2875.41766"
"KIR","Kiribati","2019","consumo","national","2.15000","6.95750","2926.59366"
"KIR","Kiribati","2020","consumo","national","2.15000","7.06240","2839.17275"
"KIR","Kiribati","2021","consumo","national","2.15000","7.79780","3024.21030"
"KIR","Kiribati","2022","consumo","national","2.15000","8.44030","3127.17745"
"KIR","Kiribati","2023","consumo","national","2.15000","8.67970","3175.02476"
"KIR","Kiribati","2024","consumo","national","2.15000","9.17060","3275.00187"
"KIR","Kiribati","2025","consumo","national","2.15000","9.31730","3363.99521"
"XKX","Kosovo","2008","consumo","national","2.15000","6.73370","7098.40302"
"XKX","Kosovo","2009","consumo","national","2.15000","7.12240","7481.45890"
"XKX","Kosovo","2010","consumo","national","2.15000","7.38820","7877.10200"
"XKX","Kosovo","2011","consumo","national","2.15000","7.12380","8359.93621"
"XKX","Kosovo","2012","consumo","national","2.15000","8.52460","8431.66233"
"XKX","Kosovo","2013","consumo","national","2.15000","8.61410","8828.27683"
"XKX","Kosovo","2014","consumo","national","2.15000","8.60240","9150.74997"
"XKX","Kosovo","2015","consumo","national","2.15000","8.96090","9824.99106"
"XKX","Kosovo","2016","consumo","national","2.15000","9.07710","10434.88883"
"XKX","Kosovo","2017","consumo","national","2.15000","9.36100","10856.29021"
"XKX","Kosovo","2018","ingreso","national","2.15000","9.38170","11188.22446"
"XKX","Kosovo","2019","ingreso","national","2.15000","12.63280","11774.11785"
"XKX","Kosovo","2020","ingreso","national","2.15000","17.90210","11137.50286"
"XKX","Kosovo","2021","ingreso","national","2.15000","11.90410","12362.42102"
"XKX","Kosovo","2022","ingreso","national","2.15000","12.34610","13022.46274"
"XKX","Kosovo","2023","ingreso","national","2.15000","13.38000","14240.20303"
"XKX","Kosovo","2024","ingreso","national","2.15000","14.89480","15716.29256"
"XKX","Kosovo","2025","ingreso","national","2.15000","15.57610","16461.29436"
"KWT","Kuwait","1990","ingreso","national","2.15000","33.37400","38932.94353"
"KWT","Kuwait","1991","ingreso","national","2.15000","26.44600","28633.96959"
"KWT","Kuwait","1992","ingreso","national","2.15000","39.36200","43266.93287"
"KWT","Kuwait","1993","ingreso","national","2.15000","50.03450","56684.18633"
"KWT","Kuwait","1994","ingreso","national","2.15000","54.14350","61753.84900"
"KWT","Kuwait","1995","ingreso","national","2.15000","56.15200","64093.51788"
"KWT","Kuwait","1996","ingreso","national","2.15000","55.29320","62665.22435"
"KWT","Kuwait","1997","ingreso","national","2.15000","55.12860","62151.95183"
"KWT","Kuwait","1998","ingreso","national","2.15000","55.67400","62450.08844"
"KWT","Kuwait","1999","ingreso","national","2.15000","53.74370","59533.95428"
"KWT","Kuwait","2000","ingreso","national","2.15000","54.90660","60585.30268"
"KWT","Kuwait","2001","ingreso","national","2.15000","54.07660","59099.66531"
"KWT","Kuwait","2002","ingreso","national","2.15000","54.59250","59348.61727"
"KWT","Kuwait","2003","ingreso","national","2.15000","61.71010","67984.31451"
"KWT","Kuwait","2004","ingreso","national","2.15000","66.14320","73298.06218"
"KWT","Kuwait","2005","ingreso","national","2.15000","70.21540","78193.90121"
"KWT","Kuwait","2006","ingreso","national","2.15000","71.53190","79521.34843"
"KWT","Kuwait","2007","ingreso","national","2.15000","71.84230","79474.76113"
"KWT","Kuwait","2008","ingreso","national","2.15000","70.36160","77036.50838"
"KWT","Kuwait","2009","ingreso","national","2.15000","63.56210","67896.26805"
"KWT","Kuwait","2010","ingreso","national","2.15000","60.05690","62956.21529"
"KWT","Kuwait","2011","ingreso","national","2.15000","62.18140","64844.50190"
"KWT","Kuwait","2012","ingreso","national","2.15000","62.81650","64908.26264"
"KWT","Kuwait","2013","ingreso","national","2.15000","61.31220","62458.80892"
"KWT","Kuwait","2014","ingreso","national","2.15000","59.78290","60065.65441"
"KWT","Kuwait","2015","ingreso","national","2.15000","58.18120","57763.51746"
"KWT","Kuwait","2016","ingreso","national","2.15000","57.90210","56936.62084"
"KWT","Kuwait","2017","ingreso","national","2.15000","54.07340","52285.58712"
"KWT","Kuwait","2018","ingreso","national","2.15000","53.70190","51623.80786"
"KWT","Kuwait","2019","ingreso","national","2.15000","53.66300","51380.64554"
"KWT","Kuwait","2020","ingreso","national","2.15000","50.62780","49372.81879"
"KWT","Kuwait","2021","ingreso","national","2.15000","51.36960","50651.95753"
"KWT","Kuwait","2022","ingreso","national","2.15000","52.93900","51379.88332"
"KWT","Kuwait","2023","ingreso","national","2.15000","50.93330","47790.19332"
"KWT","Kuwait","2024","ingreso","national","2.15000","50.42380","46664.21951"
"KWT","Kuwait","2025","ingreso","national","2.15000","48.71570","48253.96389"
"LAO","Laos","1990","consumo","national","2.15000","4.21500","2005.50049"
"LAO","Laos","1991","consumo","national","2.15000","4.25630","2033.58258"
"LAO","Laos","1992","consumo","national","2.15000","4.33600","2088.02004"
"LAO","Laos","1993","consumo","national","2.15000","4.18720","2152.27660"
"LAO","Laos","1994","consumo","national","2.15000","4.03040","2267.78216"
"LAO","Laos","1995","consumo","national","2.15000","3.83130","2368.05475"
"LAO","Laos","1996","consumo","national","2.15000","3.61700","2473.77286"
"LAO","Laos","1997","consumo","national","2.15000","3.39030","2589.20763"
"LAO","Laos","1998","consumo","national","2.15000","3.38910","2642.56619"
"LAO","Laos","1999","consumo","national","2.15000","3.58400","2786.52040"
"LAO","Laos","2000","consumo","national","2.15000","3.73410","2899.01962"
"LAO","Laos","2001","consumo","national","2.15000","3.88770","3015.63258"
"LAO","Laos","2002","consumo","national","2.15000","4.05390","3143.22328"
"LAO","Laos","2003","consumo","national","2.15000","4.16420","3282.98540"
"LAO","Laos","2004","consumo","national","2.15000","4.26140","3441.17000"
"LAO","Laos","2005","consumo","national","2.15000","4.37630","3630.55879"
"LAO","Laos","2006","consumo","national","2.15000","4.52600","3881.53737"
"LAO","Laos","2007","consumo","national","2.15000","4.66110","4112.25302"
"LAO","Laos","2008","consumo","national","2.15000","4.86690","4367.16288"
"LAO","Laos","2009","consumo","national","2.15000","5.08900","4625.07173"
"LAO","Laos","2010","consumo","national","2.15000","5.36080","4946.10564"
"LAO","Laos","2011","consumo","national","2.15000","5.62720","5266.87867"
"LAO","Laos","2012","consumo","national","2.15000","5.90600","5608.96956"
"LAO","Laos","2013","consumo","national","2.15000","6.13940","5974.47369"
"LAO","Laos","2014","consumo","national","2.15000","6.34990","6341.21230"
"LAO","Laos","2015","consumo","national","2.15000","6.55440","6703.74124"
"LAO","Laos","2016","consumo","national","2.15000","6.75390","7063.25545"
"LAO","Laos","2017","consumo","national","2.15000","6.95560","7432.45963"
"LAO","Laos","2018","consumo","national","2.15000","7.14000","7775.08574"
"LAO","Laos","2019","consumo","national","2.15000","7.37610","8075.27502"
"LAO","Laos","2020","consumo","national","2.15000","7.29960","7995.59503"
"LAO","Laos","2021","consumo","national","2.15000","7.38130","8080.43553"
"LAO","Laos","2022","consumo","national","2.15000","7.47980","8183.03286"
"LAO","Laos","2023","consumo","national","2.15000","7.66080","8372.15592"
"LAO","Laos","2024","consumo","national","2.15000","7.87750","8600.32455"
"LAO","Laos","2025","consumo","national","2.15000","7.99460","8872.69396"
"LSO","Lesotho","1990","consumo","national","2.15000","4.19150","1422.15057"
"LSO","Lesotho","1991","consumo","national","2.15000","4.34620","1494.24032"
"LSO","Lesotho","1992","consumo","national","2.15000","4.51010","1571.82704"
"LSO","Lesotho","1993","consumo","national","2.15000","4.57420","1602.59633"
"LSO","Lesotho","1994","consumo","national","2.15000","4.72490","1675.59772"
"LSO","Lesotho","1995","consumo","national","2.15000","4.61980","1709.69434"
"LSO","Lesotho","1996","consumo","national","2.15000","4.43930","1786.18229"
"LSO","Lesotho","1997","consumo","national","2.15000","4.19710","1837.69657"
"LSO","Lesotho","1998","consumo","national","2.15000","3.89320","1856.69078"
"LSO","Lesotho","1999","consumo","national","2.15000","3.56440","1860.70052"
"LSO","Lesotho","2000","consumo","national","2.15000","3.31620","1932.15793"
"LSO","Lesotho","2001","consumo","national","2.15000","3.04950","2004.03350"
"LSO","Lesotho","2002","consumo","national","2.15000","2.71610","2024.78727"
"LSO","Lesotho","2003","consumo","national","2.15000","2.60160","2127.37302"
"LSO","Lesotho","2004","consumo","national","2.15000","2.77360","2178.66475"
"LSO","Lesotho","2005","consumo","national","2.15000","3.09450","2275.01614"
"LSO","Lesotho","2006","consumo","national","2.15000","3.44290","2381.02025"
"LSO","Lesotho","2007","consumo","national","2.15000","3.73250","2470.31462"
"LSO","Lesotho","2008","consumo","national","2.15000","4.11380","2589.16636"
"LSO","Lesotho","2009","consumo","national","2.15000","3.95260","2538.19342"
"LSO","Lesotho","2010","consumo","national","2.15000","4.31280","2651.37805"
"LSO","Lesotho","2011","consumo","national","2.15000","4.62060","2749.31958"
"LSO","Lesotho","2012","consumo","national","2.15000","5.07100","2894.22705"
"LSO","Lesotho","2013","consumo","national","2.15000","5.13270","2914.37516"
"LSO","Lesotho","2014","consumo","national","2.15000","4.72280","2930.61724"
"LSO","Lesotho","2015","consumo","national","2.15000","4.92550","2986.95867"
"LSO","Lesotho","2016","consumo","national","2.15000","5.14810","3057.26092"
"LSO","Lesotho","2017","consumo","national","2.15000","5.12900","2924.68096"
"LSO","Lesotho","2018","consumo","national","2.15000","5.05170","2846.41828"
"LSO","Lesotho","2019","consumo","national","2.15000","4.96090","2773.28640"
"LSO","Lesotho","2020","consumo","national","2.15000","4.64010","2517.11044"
"LSO","Lesotho","2021","consumo","national","2.15000","4.67580","2544.78250"
"LSO","Lesotho","2022","consumo","national","2.15000","4.71800","2577.54544"
"LSO","Lesotho","2023","consumo","national","2.15000","4.74140","2592.45701"
"LSO","Lesotho","2024","consumo","national","2.15000","4.79820","2697.62738"
"LSO","Lesotho","2025","consumo","national","2.15000","4.80460","2720.95738"
"LVA","Letonia","1990","ingreso","national","2.15000","16.64450","17508.78710"
"LVA","Letonia","1991","ingreso","national","2.15000","14.61710","15376.09119"
"LVA","Letonia","1992","ingreso","national","2.15000","10.05980","10582.20746"
"LVA","Letonia","1993","ingreso","national","2.15000","9.74890","10255.14193"
"LVA","Letonia","1994","ingreso","national","2.15000","11.34410","10656.60901"
"LVA","Letonia","1995","ingreso","national","2.15000","11.54640","10707.51500"
"LVA","Letonia","1996","ingreso","national","2.15000","11.19850","11077.86184"
"LVA","Letonia","1997","consumo","national","2.15000","11.04390","12215.01519"
"LVA","Letonia","1998","consumo","national","2.15000","11.26230","13138.40125"
"LVA","Letonia","1999","consumo","national","2.15000","11.81600","13619.09880"
"LVA","Letonia","2000","consumo","national","2.15000","12.88180","14554.21317"
"LVA","Letonia","2001","consumo","national","2.15000","13.93750","15695.90672"
"LVA","Letonia","2002","consumo","national","2.15000","15.19490","17096.55944"
"LVA","Letonia","2003","consumo","national","2.15000","17.33330","18717.66755"
"LVA","Letonia","2004","consumo","national","2.15000","17.31550","20574.11820"
"LVA","Letonia","2005","ingreso","national","2.15000","17.59860","23213.35394"
"LVA","Letonia","2006","ingreso","national","2.15000","20.89440","26431.81402"
"LVA","Letonia","2007","consumo","national","2.15000","24.35490","29423.73712"
"LVA","Letonia","2008","consumo","national","2.15000","24.36670","28726.97229"
"LVA","Letonia","2009","consumo","national","2.15000","19.83190","24520.67915"
"LVA","Letonia","2010","ingreso","national","2.15000","20.59710","24119.73078"
"LVA","Letonia","2011","ingreso","national","2.15000","21.04260","25308.73221"
"LVA","Letonia","2012","ingreso","national","2.15000","21.61600","27496.54546"
"LVA","Letonia","2013","ingreso","national","2.15000","23.92770","28375.18429"
"LVA","Letonia","2014","ingreso","national","2.15000","26.22530","29243.74125"
"LVA","Letonia","2015","ingreso","national","2.15000","28.18210","30599.61331"
"LVA","Letonia","2016","ingreso","national","2.15000","29.60020","31668.51484"
"LVA","Letonia","2017","ingreso","national","2.15000","32.09370","33036.39159"
"LVA","Letonia","2018","ingreso","national","2.15000","34.94530","34729.70628"
"LVA","Letonia","2019","ingreso","national","2.15000","36.29730","35208.19346"
"LVA","Letonia","2020","ingreso","national","2.15000","39.13220","34225.89760"
"LVA","Letonia","2021","ingreso","national","2.15000","40.90220","36912.01306"
"LVA","Letonia","2022","ingreso","national","2.15000","37.98610","37718.70980"
"LVA","Letonia","2023","ingreso","national","2.15000","40.01810","37277.72172"
"LVA","Letonia","2024","ingreso","national","2.15000","40.37660","37615.07625"
"LVA","Letonia","2025","ingreso","national","2.15000","40.87370","38800.54253"
"LBR","Liberia","1990","consumo","national","2.15000","3.41640","1866.40548"
"LBR","Liberia","1991","consumo","national","2.15000","3.35630","1819.49785"
"LBR","Liberia","1992","consumo","national","2.15000","2.44720","1115.03771"
"LBR","Liberia","1993","consumo","national","2.15000","1.83940","718.68324"
"LBR","Liberia","1994","consumo","national","2.15000","1.56240","563.64036"
"LBR","Liberia","1995","consumo","national","2.15000","1.50670","534.80972"
"LBR","Liberia","1996","consumo","national","2.15000","1.60070","582.67798"
"LBR","Liberia","1997","consumo","national","2.15000","2.61560","1111.93760"
"LBR","Liberia","1998","consumo","national","2.15000","2.93890","1308.40568"
"LBR","Liberia","1999","consumo","national","2.15000","3.25140","1507.31470"
"LBR","Liberia","2000","consumo","national","2.15000","3.79630","1868.17976"
"LBR","Liberia","2001","consumo","national","2.15000","3.79480","1867.11911"
"LBR","Liberia","2002","consumo","national","2.15000","3.82400","1887.64602"
"LBR","Liberia","2003","consumo","national","2.15000","3.00240","1308.15090"
"LBR","Liberia","2004","consumo","national","2.15000","3.03190","1326.53566"
"LBR","Liberia","2005","consumo","national","2.15000","3.04640","1335.61729"
"LBR","Liberia","2006","consumo","national","2.15000","3.09260","1364.60347"
"LBR","Liberia","2007","consumo","national","2.15000","3.18380","1422.10020"
"LBR","Liberia","2008","consumo","national","2.15000","3.39310","1463.12408"
"LBR","Liberia","2009","consumo","national","2.15000","3.54430","1492.99817"
"LBR","Liberia","2010","consumo","national","2.15000","3.77490","1538.85083"
"LBR","Liberia","2011","consumo","national","2.15000","4.08490","1601.03374"
"LBR","Liberia","2012","consumo","national","2.15000","4.41960","1668.97290"
"LBR","Liberia","2013","consumo","national","2.15000","4.70020","1774.52058"
"LBR","Liberia","2014","consumo","national","2.15000","4.81670","1750.14385"
"LBR","Liberia","2015","consumo","national","2.15000","4.86420","1714.09048"
"LBR","Liberia","2016","consumo","national","2.15000","4.85760","1653.31050"
"LBR","Liberia","2017","consumo","national","2.15000","4.87400","1661.30291"
"LBR","Liberia","2018","consumo","national","2.15000","4.84670","1647.97444"
"LBR","Liberia","2019","consumo","national","2.15000","4.69800","1575.76665"
"LBR","Liberia","2020","consumo","national","2.15000","4.53440","1497.37692"
"LBR","Liberia","2021","consumo","national","2.15000","4.62310","1539.20892"
"LBR","Liberia","2022","consumo","national","2.15000","4.70680","1578.99837"
"LBR","Liberia","2023","consumo","national","2.15000","4.78590","1616.92373"
"LBR","Liberia","2024","consumo","national","2.15000","4.84620","1646.05861"
"LBR","Liberia","2025","consumo","national","2.15000","4.92890","1692.92591"
"LBY","Libia","1990","consumo","national","2.15000","12.61700","18126.58696"
"LBY","Libia","1991","consumo","national","2.15000","13.49960","20506.87627"
"LBY","Libia","1992","consumo","national","2.15000","13.41050","19538.13870"
"LBY","Libia","1993","consumo","national","2.15000","13.24670","18434.64113"
"LBY","Libia","1994","consumo","national","2.15000","13.40530","18444.51336"
"LBY","Libia","1995","consumo","national","2.15000","13.31470","17723.26792"
"LBY","Libia","1996","consumo","national","2.15000","13.46310","17809.15192"
"LBY","Libia","1997","consumo","national","2.15000","13.76510","18451.69985"
"LBY","Libia","1998","consumo","national","2.15000","13.54530","17532.92610"
"LBY","Libia","1999","consumo","national","2.15000","13.58020","17402.56838"
"LBY","Libia","2000","consumo","national","2.15000","13.76720","17747.01889"
"LBY","Libia","2001","consumo","national","2.15000","13.67020","17115.98886"
"LBY","Libia","2002","consumo","national","2.15000","13.61870","16629.43643"
"LBY","Libia","2003","consumo","national","2.15000","14.38030","18422.73360"
"LBY","Libia","2004","consumo","national","2.15000","14.68070","18851.20391"
"LBY","Libia","2005","consumo","national","2.15000","15.44540","20649.46246"
"LBY","Libia","2006","consumo","national","2.15000","15.90730","21545.29864"
"LBY","Libia","2007","consumo","national","2.15000","16.36790","22422.01176"
"LBY","Libia","2008","consumo","national","2.15000","16.39000","21915.19762"
"LBY","Libia","2009","consumo","national","2.15000","16.10350","20518.96424"
"LBY","Libia","2010","consumo","national","2.15000","16.47640","21115.52598"
"LBY","Libia","2011","consumo","national","2.15000","11.61140","10741.92068"
"LBY","Libia","2012","consumo","national","2.15000","16.53960","20601.00266"
"LBY","Libia","2013","consumo","national","2.15000","15.15010","16557.50094"
"LBY","Libia","2014","consumo","national","2.15000","13.19810","12499.08300"
"LBY","Libia","2015","consumo","national","2.15000","13.17660","12195.34870"
"LBY","Libia","2016","consumo","national","2.15000","13.10110","11831.82577"
"LBY","Libia","2017","consumo","national","2.15000","15.04270","15428.11644"
"LBY","Libia","2018","consumo","national","2.15000","15.67120","16385.16448"
"LBY","Libia","2019","consumo","national","2.15000","14.71170","14337.19630"
"LBY","Libia","2020","consumo","national","2.15000","12.60120","9978.66400"
"LBY","Libia","2021","consumo","national","2.15000","14.10550","12641.50977"
"LBY","Libia","2022","consumo","national","2.15000","14.06400","11450.05986"
"LBY","Libia","2023","consumo","national","2.15000","11.39150","12476.59749"
"LBY","Libia","2024","consumo","national","2.15000","13.22680","12583.83387"
"LBY","Libia","2025","consumo","national","2.15000","14.11670","14118.20644"
"LTU","Lituania","1990","ingreso","national","2.15000","10.40390","20594.06238"
"LTU","Lituania","1991","ingreso","national","2.15000","9.79670","19392.19507"
"LTU","Lituania","1992","ingreso","national","2.15000","7.72240","15286.20396"
"LTU","Lituania","1993","ingreso","national","2.15000","6.50010","12866.58979"
"LTU","Lituania","1994","ingreso","national","2.15000","6.11630","11690.88611"
"LTU","Lituania","1995","ingreso","national","2.15000","6.58510","12168.83327"
"LTU","Lituania","1996","consumo","national","2.15000","12.85010","12878.10015"
"LTU","Lituania","1997","consumo","national","2.15000","13.27240","14050.34988"
"LTU","Lituania","1998","consumo","national","2.15000","13.67930","15208.69785"
"LTU","Lituania","1999","consumo","national","2.15000","13.50740","15148.95703"
"LTU","Lituania","2000","consumo","national","2.15000","12.72850","15777.42938"
"LTU","Lituania","2001","consumo","national","2.15000","12.66700","16939.46706"
"LTU","Lituania","2002","consumo","national","2.15000","12.65370","18223.47826"
"LTU","Lituania","2003","consumo","national","2.15000","17.42020","20310.71196"
"LTU","Lituania","2004","consumo","national","2.15000","18.05660","21875.60858"
"LTU","Lituania","2005","ingreso","national","2.15000","18.22060","23953.81507"
"LTU","Lituania","2006","ingreso","national","2.15000","22.69180","26139.28378"
"LTU","Lituania","2007","ingreso","national","2.15000","26.92650","29381.95215"
"LTU","Lituania","2008","consumo","national","2.15000","23.31390","30457.36825"
"LTU","Lituania","2009","ingreso","national","2.15000","23.88770","26227.52302"
"LTU","Lituania","2010","ingreso","national","2.15000","21.49250","26897.72437"
"LTU","Lituania","2011","ingreso","national","2.15000","23.50040","29251.87747"
"LTU","Lituania","2012","ingreso","national","2.15000","25.30440","30932.09832"
"LTU","Lituania","2013","ingreso","national","2.15000","26.43110","32487.00082"
"LTU","Lituania","2014","ingreso","national","2.15000","28.87820","33988.01490"
"LTU","Lituania","2015","ingreso","national","2.15000","31.79250","35264.71492"
"LTU","Lituania","2016","ingreso","national","2.15000","34.01290","36632.08328"
"LTU","Lituania","2017","ingreso","national","2.15000","36.22010","38789.24632"
"LTU","Lituania","2018","ingreso","national","2.15000","38.89330","41035.40182"
"LTU","Lituania","2019","ingreso","national","2.15000","42.81070","43078.71186"
"LTU","Lituania","2020","ingreso","national","2.15000","48.70670","43108.19761"
"LTU","Lituania","2021","ingreso","national","2.15000","50.22820","45897.37150"
"LTU","Lituania","2022","ingreso","national","2.15000","46.82380","46642.59473"
"LTU","Lituania","2023","ingreso","national","2.15000","46.52850","46333.90070"
"LTU","Lituania","2024","ingreso","national","2.15000","47.54220","47462.00394"
"LTU","Lituania","2025","ingreso","national","2.15000","48.83130","48839.54365"
"LUX","Luxemburgo","1990","ingreso","national","2.15000","68.69240","81455.03123"
"LUX","Luxemburgo","1991","ingreso","national","2.15000","68.92840","87318.49767"
"LUX","Luxemburgo","1992","ingreso","national","2.15000","71.74360","87734.20298"
"LUX","Luxemburgo","1993","ingreso","national","2.15000","71.84850","90200.60127"
"LUX","Luxemburgo","1994","ingreso","national","2.15000","68.46780","92380.41629"
"LUX","Luxemburgo","1995","ingreso","national","2.15000","70.10380","92396.39827"
"LUX","Luxemburgo","1996","ingreso","national","2.15000","70.28450","92421.57918"
"LUX","Luxemburgo","1997","ingreso","national","2.15000","72.80750","96216.90387"
"LUX","Luxemburgo","1998","ingreso","national","2.15000","74.27900","101369.82340"
"LUX","Luxemburgo","1999","ingreso","national","2.15000","76.83750","108186.85297"
"LUX","Luxemburgo","2000","ingreso","national","2.15000","76.64630","114148.35391"
"LUX","Luxemburgo","2001","ingreso","national","2.15000","78.86550","116265.23037"
"LUX","Luxemburgo","2002","ingreso","national","2.15000","83.68840","118764.33151"
"LUX","Luxemburgo","2003","ingreso","national","2.15000","81.79890","120403.00202"
"LUX","Luxemburgo","2004","ingreso","national","2.15000","84.01060","123725.75512"
"LUX","Luxemburgo","2005","ingreso","national","2.15000","86.84290","124871.95252"
"LUX","Luxemburgo","2006","ingreso","national","2.15000","85.83610","130290.17408"
"LUX","Luxemburgo","2007","ingreso","national","2.15000","86.95830","138683.31985"
"LUX","Luxemburgo","2008","ingreso","national","2.15000","86.69680","135814.60886"
"LUX","Luxemburgo","2009","ingreso","national","2.15000","86.38270","129004.50895"
"LUX","Luxemburgo","2010","ingreso","national","2.15000","84.75650","131434.36002"
"LUX","Luxemburgo","2011","ingreso","national","2.15000","83.76750","129887.62696"
"LUX","Luxemburgo","2012","ingreso","national","2.15000","84.91700","128897.40322"
"LUX","Luxemburgo","2013","ingreso","national","2.15000","84.36050","129947.33618"
"LUX","Luxemburgo","2014","ingreso","national","2.15000","85.14880","130249.55048"
"LUX","Luxemburgo","2015","ingreso","national","2.15000","79.52550","130097.33829"
"LUX","Luxemburgo","2016","ingreso","national","2.15000","86.16540","133661.73454"
"LUX","Luxemburgo","2017","ingreso","national","2.15000","86.33430","132169.82958"
"LUX","Luxemburgo","2018","ingreso","national","2.15000","90.66810","131733.88447"
"LUX","Luxemburgo","2019","ingreso","national","2.15000","91.25810","132724.75467"
"LUX","Luxemburgo","2020","ingreso","national","2.15000","100.84720","129865.63187"
"LUX","Luxemburgo","2021","ingreso","national","2.15000","100.59610","136772.44375"
"LUX","Luxemburgo","2022","ingreso","national","2.15000","103.26740","132570.83227"
"LUX","Luxemburgo","2023","ingreso","national","2.15000","106.09600","130048.92227"
"LUX","Luxemburgo","2024","ingreso","national","2.15000","104.81220","128475.28354"
"LUX","Luxemburgo","2025","ingreso","national","2.15000","103.96660","127420.60163"
"LBN","Líbano","1990","consumo","national","2.15000","11.28810","5345.51210"
"LBN","Líbano","1991","consumo","national","2.15000","14.95800","7828.17201"
"LBN","Líbano","1992","consumo","national","2.15000","16.42390","8924.15265"
"LBN","Líbano","1993","consumo","national","2.15000","17.41740","9695.31549"
"LBN","Líbano","1994","consumo","national","2.15000","18.17130","10294.81277"
"LBN","Líbano","1995","consumo","national","2.15000","18.74900","10762.44270"
"LBN","Líbano","1996","consumo","national","2.15000","19.96220","11757.28249"
"LBN","Líbano","1997","consumo","national","2.15000","19.22510","11668.40069"
"LBN","Líbano","1998","consumo","national","2.15000","19.24180","11885.30723"
"LBN","Líbano","1999","consumo","national","2.15000","19.13990","11617.24977"
"LBN","Líbano","2000","consumo","national","2.15000","19.09510","11571.73260"
"LBN","Líbano","2001","consumo","national","2.15000","19.57140","11817.93050"
"LBN","Líbano","2002","consumo","national","2.15000","19.72020","12053.83416"
"LBN","Líbano","2003","consumo","national","2.15000","20.00760","12272.34407"
"LBN","Líbano","2004","consumo","national","2.15000","20.57330","12882.07580"
"LBN","Líbano","2005","consumo","national","2.15000","19.89680","13024.66489"
"LBN","Líbano","2006","consumo","national","2.15000","20.10040","13003.68080"
"LBN","Líbano","2007","consumo","national","2.15000","20.83490","13941.56142"
"LBN","Líbano","2008","consumo","national","2.15000","21.95790","14955.14136"
"LBN","Líbano","2009","consumo","national","2.15000","23.72870","16264.35062"
"LBN","Líbano","2010","consumo","national","2.15000","25.01300","17390.75840"
"LBN","Líbano","2011","consumo","national","2.15000","24.30000","17353.19608"
"LBN","Líbano","2012","consumo","national","2.15000","25.17150","17323.30138"
"LBN","Líbano","2013","consumo","national","2.15000","22.84220","16396.49693"
"LBN","Líbano","2014","consumo","national","2.15000","19.52160","15205.87327"
"LBN","Líbano","2015","consumo","national","2.15000","19.48480","14980.02052"
"LBN","Líbano","2016","consumo","national","2.15000","21.11240","15572.36117"
"LBN","Líbano","2017","consumo","national","2.15000","22.69620","16128.58382"
"LBN","Líbano","2018","consumo","national","2.15000","22.91560","16290.05165"
"LBN","Líbano","2019","consumo","national","2.15000","23.42280","15659.56610"
"LBN","Líbano","2020","consumo","national","2.15000","15.39110","12507.43664"
"LBN","Líbano","2021","consumo","national","2.15000","11.19520","11599.77551"
"LBN","Líbano","2022","consumo","national","2.15000","10.60370","11474.75058"
"LBN","Líbano","2023","consumo","national","2.15000","10.03720","11330.26874"
"LBN","Líbano","2024","consumo","national","2.15000","9.51060","10469.22110"
"MAC","Macao","1990","consumo","national","2.15000","28.40590","55300.74426"
"MAC","Macao","1991","consumo","national","2.15000","28.52010","54602.05449"
"MAC","Macao","1992","consumo","national","2.15000","29.85300","58652.78992"
"MAC","Macao","1993","consumo","national","2.15000","30.49550","59589.97591"
"MAC","Macao","1994","ingreso","national","2.15000","57.49640","60120.65824"
"MAC","Macao","1995","ingreso","national","2.15000","58.42140","60205.70864"
"MAC","Macao","1996","ingreso","national","2.15000","57.66830","59115.23361"
"MAC","Macao","1997","ingreso","national","2.15000","58.60950","58639.52503"
"MAC","Macao","1998","ingreso","national","2.15000","56.43860","55296.50076"
"MAC","Macao","1999","ingreso","national","2.15000","55.48450","53348.01269"
"MAC","Macao","2000","ingreso","national","2.15000","58.59810","55994.76070"
"MAC","Macao","2001","ingreso","national","2.15000","60.48130","57173.85910"
"MAC","Macao","2002","ingreso","national","2.15000","65.31730","61625.95601"
"MAC","Macao","2003","ingreso","national","2.15000","71.79570","67994.77753"
"MAC","Macao","2004","ingreso","national","2.15000","87.10490","84004.45581"
"MAC","Macao","2005","ingreso","national","2.15000","90.79600","87185.52544"
"MAC","Macao","2006","ingreso","national","2.15000","97.74920","93828.31988"
"MAC","Macao","2007","ingreso","national","2.15000","106.99800","102879.63916"
"MAC","Macao","2008","ingreso","national","2.15000","107.77560","102474.66856"
"MAC","Macao","2009","ingreso","national","2.15000","111.28540","104911.14034"
"MAC","Macao","2010","ingreso","national","2.15000","135.90050","130758.28070"
"MAC","Macao","2011","ingreso","national","2.15000","159.54740","155385.32421"
"MAC","Macao","2012","ingreso","national","2.15000","169.07910","164239.26192"
"MAC","Macao","2013","ingreso","national","2.15000","179.82920","174569.52317"
"MAC","Macao","2014","ingreso","national","2.15000","170.76470","162813.43935"
"MAC","Macao","2015","ingreso","national","2.15000","135.36880","123194.06729"
"MAC","Macao","2016","ingreso","national","2.15000","133.63590","120530.05286"
"MAC","Macao","2017","ingreso","national","2.15000","145.46770","133322.63268"
"MAC","Macao","2018","ingreso","national","2.15000","153.90670","139541.15725"
"MAC","Macao","2019","ingreso","national","2.15000","148.53480","133453.89603"
"MAC","Macao","2020","ingreso","national","2.15000","75.67820","59662.48559"
"MAC","Macao","2021","ingreso","national","2.15000","90.01260","73374.44868"
"MAC","Macao","2022","ingreso","national","2.15000","73.98730","59921.44169"
"MAC","Macao","2023","ingreso","national","2.15000","122.30300","104815.20003"
"MAC","Macao","2024","ingreso","national","2.15000","127.11980","111693.50283"
"MAC","Macao","2025","ingreso","national","2.15000","137.67600","117098.27485"
"MKD","Macedonia del Norte","1990","consumo","national","2.15000","11.09110","12904.48682"
"MKD","Macedonia del Norte","1991","consumo","national","2.15000","10.51230","12153.49840"
"MKD","Macedonia del Norte","1992","consumo","national","2.15000","10.10860","11486.72830"
"MKD","Macedonia del Norte","1993","consumo","national","2.15000","9.66380","10764.70224"
"MKD","Macedonia del Norte","1994","consumo","national","2.15000","9.59220","10650.73918"
"MKD","Macedonia del Norte","1995","consumo","national","2.15000","9.49790","10501.08885"
"MKD","Macedonia del Norte","1996","consumo","national","2.15000","9.52980","10551.52251"
"MKD","Macedonia del Norte","1997","consumo","national","2.15000","9.67900","10787.53063"
"MKD","Macedonia del Norte","1998","consumo","national","2.15000","9.87080","11092.82862"
"MKD","Macedonia del Norte","1999","consumo","national","2.15000","9.31630","11518.95673"
"MKD","Macedonia del Norte","2000","consumo","national","2.15000","8.73860","11988.24488"
"MKD","Macedonia del Norte","2001","consumo","national","2.15000","11.42300","11571.81123"
"MKD","Macedonia del Norte","2002","consumo","national","2.15000","14.54380","11830.26261"
"MKD","Macedonia del Norte","2003","consumo","national","2.15000","14.21650","12077.84901"
"MKD","Macedonia del Norte","2004","consumo","national","2.15000","17.76070","12683.38091"
"MKD","Macedonia del Norte","2005","consumo","national","2.15000","15.30790","13354.46115"
"MKD","Macedonia del Norte","2006","consumo","national","2.15000","15.78030","14118.22979"
"MKD","Macedonia del Norte","2007","consumo","national","2.15000","18.76090","15118.24367"
"MKD","Macedonia del Norte","2008","consumo","national","2.15000","21.14400","16038.04135"
"MKD","Macedonia del Norte","2009","ingreso","national","2.15000","12.04480","16084.22797"
"MKD","Macedonia del Norte","2010","ingreso","national","2.15000","12.04580","16731.09018"
"MKD","Macedonia del Norte","2011","ingreso","national","2.15000","12.44480","17201.23616"
"MKD","Macedonia del Norte","2012","ingreso","national","2.15000","12.51550","17189.99563"
"MKD","Macedonia del Norte","2013","ingreso","national","2.15000","12.51890","17758.22756"
"MKD","Macedonia del Norte","2014","ingreso","national","2.15000","13.33080","18452.20623"
"MKD","Macedonia del Norte","2015","ingreso","national","2.15000","13.91050","19215.07404"
"MKD","Macedonia del Norte","2016","ingreso","national","2.15000","14.74520","19825.77247"
"MKD","Macedonia del Norte","2017","ingreso","national","2.15000","15.35270","20121.05102"
"MKD","Macedonia del Norte","2018","ingreso","national","2.15000","15.76130","20805.92212"
"MKD","Macedonia del Norte","2019","ingreso","national","2.15000","17.21670","21766.88421"
"MKD","Macedonia del Norte","2020","ingreso","national","2.15000","16.78410","20971.44210"
"MKD","Macedonia del Norte","2021","ingreso","national","2.15000","18.41350","22144.19243"
"MKD","Macedonia del Norte","2022","ingreso","national","2.15000","19.48460","22822.23340"
"MKD","Macedonia del Norte","2023","ingreso","national","2.15000","19.84890","23455.22213"
"MKD","Macedonia del Norte","2024","ingreso","national","2.15000","20.31130","24203.18558"
"MKD","Macedonia del Norte","2025","ingreso","national","2.15000","21.10790","25094.62250"
"MDG","Madagascar","1990","consumo","national","2.15000","2.69260","1968.27240"
"MDG","Madagascar","1991","consumo","national","2.15000","2.38240","1789.84169"
"MDG","Madagascar","1992","consumo","national","2.15000","2.32410","1757.29460"
"MDG","Madagascar","1993","consumo","national","2.15000","2.29350","1740.29514"
"MDG","Madagascar","1994","consumo","national","2.15000","2.21490","1686.34191"
"MDG","Madagascar","1995","consumo","national","2.15000","2.18180","1661.27062"
"MDG","Madagascar","1996","consumo","national","2.15000","2.16840","1643.32580"
"MDG","Madagascar","1997","consumo","national","2.15000","2.16610","1649.44809"
"MDG","Madagascar","1998","consumo","national","2.15000","2.17910","1658.88849"
"MDG","Madagascar","1999","consumo","national","2.15000","2.20980","1681.35933"
"MDG","Madagascar","2000","consumo","national","2.15000","2.77990","1701.44320"
"MDG","Madagascar","2001","consumo","national","2.15000","4.11080","1748.50351"
"MDG","Madagascar","2002","consumo","national","2.15000","3.65130","1486.43430"
"MDG","Madagascar","2003","consumo","national","2.15000","3.79080","1584.74925"
"MDG","Madagascar","2004","consumo","national","2.15000","3.82000","1620.11954"
"MDG","Madagascar","2005","consumo","national","2.15000","3.83590","1648.17632"
"MDG","Madagascar","2006","consumo","national","2.15000","3.80080","1686.86335"
"MDG","Madagascar","2007","consumo","national","2.15000","3.77140","1731.61752"
"MDG","Madagascar","2008","consumo","national","2.15000","3.76460","1794.40236"
"MDG","Madagascar","2009","consumo","national","2.15000","3.48890","1673.15551"
"MDG","Madagascar","2010","consumo","national","2.15000","3.33740","1635.24511"
"MDG","Madagascar","2011","consumo","national","2.15000","3.15260","1614.55138"
"MDG","Madagascar","2012","consumo","national","2.15000","3.18170","1617.79083"
"MDG","Madagascar","2013","consumo","national","2.15000","3.10260","1610.60231"
"MDG","Madagascar","2014","consumo","national","2.15000","3.11620","1620.35789"
"MDG","Madagascar","2015","consumo","national","2.15000","3.10300","1627.58061"
"MDG","Madagascar","2016","consumo","national","2.15000","3.10830","1648.91227"
"MDG","Madagascar","2017","consumo","national","2.15000","3.11240","1669.72764"
"MDG","Madagascar","2018","consumo","national","2.15000","3.10080","1678.78623"
"MDG","Madagascar","2019","consumo","national","2.15000","3.11460","1707.83154"
"MDG","Madagascar","2020","consumo","national","2.15000","2.88550","1545.72714"
"MDG","Madagascar","2021","consumo","national","2.15000","2.90450","1577.43246"
"MDG","Madagascar","2022","consumo","national","2.15000","2.92000","1602.42805"
"MDG","Madagascar","2023","consumo","national","2.15000","2.95420","1629.60552"
"MDG","Madagascar","2024","consumo","national","2.15000","2.98920","1659.15031"
"MDG","Madagascar","2025","consumo","national","2.15000","3.01090","1668.47702"
"MYS","Malasia","1990","ingreso","national","2.15000","14.89280","12013.69695"
"MYS","Malasia","1991","ingreso","national","2.15000","15.61820","12795.04990"
"MYS","Malasia","1992","ingreso","national","2.15000","15.84620","13567.89361"
"MYS","Malasia","1993","ingreso","national","2.15000","15.95920","14533.79040"
"MYS","Malasia","1994","ingreso","national","2.15000","16.17710","15474.01446"
"MYS","Malasia","1995","ingreso","national","2.15000","16.48680","16568.51606"
"MYS","Malasia","1996","ingreso","national","2.15000","19.32120","17771.71188"
"MYS","Malasia","1997","ingreso","national","2.15000","20.54930","18604.51453"
"MYS","Malasia","1998","ingreso","national","2.15000","17.64570","16817.17192"
"MYS","Malasia","1999","ingreso","national","2.15000","17.36820","17428.62566"
"MYS","Malasia","2000","ingreso","national","2.15000","18.78490","18532.90967"
"MYS","Malasia","2001","ingreso","national","2.15000","18.50050","18186.44113"
"MYS","Malasia","2002","ingreso","national","2.15000","18.35870","18708.86949"
"MYS","Malasia","2003","ingreso","national","2.15000","18.96290","19329.00628"
"MYS","Malasia","2004","ingreso","national","2.15000","19.61560","20168.50621"
"MYS","Malasia","2005","ingreso","national","2.15000","20.25170","20767.58572"
"MYS","Malasia","2006","ingreso","national","2.15000","20.68570","21444.48577"
"MYS","Malasia","2007","ingreso","national","2.15000","21.18630","22305.11826"
"MYS","Malasia","2008","ingreso","national","2.15000","21.90820","22898.00276"
"MYS","Malasia","2009","ingreso","national","2.15000","22.03550","22106.64173"
"MYS","Malasia","2010","ingreso","national","2.15000","23.54540","23307.96985"
"MYS","Malasia","2011","ingreso","national","2.15000","26.24700","24115.81812"
"MYS","Malasia","2012","ingreso","national","2.15000","28.33250","25006.35878"
"MYS","Malasia","2013","ingreso","national","2.15000","30.18400","25736.35256"
"MYS","Malasia","2014","ingreso","national","2.15000","31.47820","26818.43173"
"MYS","Malasia","2015","ingreso","national","2.15000","32.58540","27699.62789"
"MYS","Malasia","2016","ingreso","national","2.15000","33.67320","28425.37076"
"MYS","Malasia","2017","ingreso","national","2.15000","34.99340","29551.54576"
"MYS","Malasia","2018","ingreso","national","2.15000","36.68810","30459.96553"
"MYS","Malasia","2019","ingreso","national","2.15000","38.86990","31300.50866"
"MYS","Malasia","2020","ingreso","national","2.15000","37.19140","29200.45263"
"MYS","Malasia","2021","ingreso","national","2.15000","37.77430","29822.84918"
"MYS","Malasia","2022","ingreso","national","2.15000","41.76270","32129.22178"
"MYS","Malasia","2023","ingreso","national","2.15000","43.15510","32857.66766"
"MYS","Malasia","2024","ingreso","national","2.15000","44.80710","34116.23178"
"MYS","Malasia","2025","ingreso","national","2.15000","46.28150","35461.44658"
"MWI","Malawi","1990","consumo","national","2.15000","5.11110","1047.46436"
"MWI","Malawi","1991","consumo","national","2.15000","5.30550","1104.39046"
"MWI","Malawi","1992","consumo","national","2.15000","4.93440","994.03650"
"MWI","Malawi","1993","consumo","national","2.15000","5.21430","1074.58485"
"MWI","Malawi","1994","consumo","national","2.15000","4.87900","975.84964"
"MWI","Malawi","1995","consumo","national","2.15000","5.45610","1140.75609"
"MWI","Malawi","1996","consumo","national","2.15000","5.65550","1200.32058"
"MWI","Malawi","1997","consumo","national","2.15000","5.72400","1221.09405"
"MWI","Malawi","1998","consumo","national","2.15000","5.71130","1241.52433"
"MWI","Malawi","1999","consumo","national","2.15000","5.26660","1249.77523"
"MWI","Malawi","2000","consumo","national","2.15000","4.76740","1239.39175"
"MWI","Malawi","2001","consumo","national","2.15000","4.08080","1149.58040"
"MWI","Malawi","2002","consumo","national","2.15000","3.61670","1140.84275"
"MWI","Malawi","2003","consumo","national","2.15000","3.24300","1176.12386"
"MWI","Malawi","2004","consumo","national","2.15000","2.84430","1208.21970"
"MWI","Malawi","2005","consumo","national","2.15000","2.74260","1214.74264"
"MWI","Malawi","2006","consumo","national","2.15000","2.75080","1237.27387"
"MWI","Malawi","2007","consumo","national","2.15000","2.78030","1318.33196"
"MWI","Malawi","2008","consumo","national","2.15000","2.80180","1378.42887"
"MWI","Malawi","2009","consumo","national","2.15000","2.82690","1449.72602"
"MWI","Malawi","2010","consumo","national","2.15000","2.84580","1504.37514"
"MWI","Malawi","2011","consumo","national","2.15000","2.91940","1533.22890"
"MWI","Malawi","2012","consumo","national","2.15000","2.87130","1518.14804"
"MWI","Malawi","2013","consumo","national","2.15000","2.99080","1555.50607"
"MWI","Malawi","2014","consumo","national","2.15000","3.12430","1597.56484"
"MWI","Malawi","2015","consumo","national","2.15000","3.12470","1597.69145"
"MWI","Malawi","2016","consumo","national","2.15000","3.11180","1593.59549"
"MWI","Malawi","2017","consumo","national","2.15000","3.00470","1613.05936"
"MWI","Malawi","2018","consumo","national","2.15000","2.82660","1638.91666"
"MWI","Malawi","2019","consumo","national","2.15000","2.66880","1687.28945"
"MWI","Malawi","2020","consumo","national","2.15000","2.56850","1656.43985"
"MWI","Malawi","2021","consumo","national","2.15000","2.60230","1687.59358"
"MWI","Malawi","2022","consumo","national","2.15000","2.57250","1659.95934"
"MWI","Malawi","2023","consumo","national","2.15000","2.56100","1649.29873"
"MWI","Malawi","2024","consumo","national","2.15000","2.54460","1634.24660"
"MWI","Malawi","2025","consumo","national","2.15000","2.53520","1623.02179"
"MDV","Maldivas","1990","consumo","national","2.15000","4.75420","8945.80479"
"MDV","Maldivas","1991","consumo","national","2.15000","4.69960","8799.25511"
"MDV","Maldivas","1992","consumo","national","2.15000","4.81990","9120.99183"
"MDV","Maldivas","1993","consumo","national","2.15000","4.91520","9378.52244"
"MDV","Maldivas","1994","consumo","national","2.15000","5.09400","9866.07503"
"MDV","Maldivas","1995","consumo","national","2.15000","5.46560","10894.17302"
"MDV","Maldivas","1996","consumo","national","2.15000","5.67670","11495.09886"
"MDV","Maldivas","1997","consumo","national","2.15000","5.92410","12210.96872"
"MDV","Maldivas","1998","consumo","national","2.15000","6.15290","12884.72232"
"MDV","Maldivas","1999","consumo","national","2.15000","6.34160","13449.20267"
"MDV","Maldivas","2000","consumo","national","2.15000","6.43700","13738.28094"
"MDV","Maldivas","2001","consumo","national","2.15000","6.18770","12977.99907"
"MDV","Maldivas","2002","consumo","national","2.15000","6.42530","13689.80656"
"MDV","Maldivas","2003","consumo","national","2.15000","7.30460","15316.11928"
"MDV","Maldivas","2004","consumo","national","2.15000","7.77290","15958.65578"
"MDV","Maldivas","2005","consumo","national","2.15000","6.81220","13942.87539"
"MDV","Maldivas","2006","consumo","national","2.15000","7.92860","16829.97682"
"MDV","Maldivas","2007","consumo","national","2.15000","8.26200","17439.95049"
"MDV","Maldivas","2008","consumo","national","2.15000","8.69910","18344.48665"
"MDV","Maldivas","2009","consumo","national","2.15000","8.09400","16230.00894"
"MDV","Maldivas","2010","consumo","national","2.15000","9.01630","16730.01442"
"MDV","Maldivas","2011","consumo","national","2.15000","11.52110","17581.76767"
"MDV","Maldivas","2012","consumo","national","2.15000","10.96580","17390.14750"
"MDV","Maldivas","2013","consumo","national","2.15000","12.70090","17986.89074"
"MDV","Maldivas","2014","consumo","national","2.15000","14.94190","18765.35921"
"MDV","Maldivas","2015","consumo","national","2.15000","13.83450","18829.44815"
"MDV","Maldivas","2016","consumo","national","2.15000","18.44400","19345.17923"
"MDV","Maldivas","2017","consumo","national","2.15000","19.12520","20036.71654"
"MDV","Maldivas","2018","consumo","national","2.15000","19.52740","21072.58052"
"MDV","Maldivas","2019","consumo","national","2.15000","19.51790","21855.50122"
"MDV","Maldivas","2020","consumo","national","2.15000","16.74400","14242.97507"
"MDV","Maldivas","2021","consumo","national","2.15000","17.48780","19052.62249"
"MDV","Maldivas","2022","consumo","national","2.15000","19.12370","21357.81125"
"MDV","Maldivas","2023","consumo","national","2.15000","20.58770","22333.04771"
"MDV","Maldivas","2024","consumo","national","2.15000","21.60870","23034.40984"
"MDV","Maldivas","2025","consumo","national","2.15000","22.07140","24401.31593"
"MLT","Malta","1990","ingreso","national","2.15000","19.80140","18208.10560"
"MLT","Malta","1991","ingreso","national","2.15000","20.48080","18832.83082"
"MLT","Malta","1992","ingreso","national","2.15000","21.22150","19513.91074"
"MLT","Malta","1993","ingreso","national","2.15000","21.95200","20185.66449"
"MLT","Malta","1994","ingreso","national","2.15000","22.97660","21127.84953"
"MLT","Malta","1995","ingreso","national","2.15000","24.26420","22311.79294"
"MLT","Malta","1996","ingreso","national","2.15000","25.01590","23003.06672"
"MLT","Malta","1997","ingreso","national","2.15000","26.13250","24029.78793"
"MLT","Malta","1998","ingreso","national","2.15000","27.29390","25097.80834"
"MLT","Malta","1999","ingreso","national","2.15000","28.41320","26127.06143"
"MLT","Malta","2000","ingreso","national","2.15000","33.78660","31068.07845"
"MLT","Malta","2001","ingreso","national","2.15000","34.09820","30602.11000"
"MLT","Malta","2002","ingreso","national","2.15000","33.31860","31207.43221"
"MLT","Malta","2003","ingreso","national","2.15000","35.02740","32147.87575"
"MLT","Malta","2004","ingreso","national","2.15000","35.50810","32062.76412"
"MLT","Malta","2005","ingreso","national","2.15000","36.49540","32776.96837"
"MLT","Malta","2006","ingreso","national","2.15000","37.40970","33420.71411"
"MLT","Malta","2007","ingreso","national","2.15000","40.77510","34981.70210"
"MLT","Malta","2008","ingreso","national","2.15000","41.83360","36287.72610"
"MLT","Malta","2009","ingreso","national","2.15000","41.03110","35512.67746"
"MLT","Malta","2010","ingreso","national","2.15000","41.54750","37528.73415"
"MLT","Malta","2011","ingreso","national","2.15000","42.39120","37740.84737"
"MLT","Malta","2012","ingreso","national","2.15000","43.91050","38937.14878"
"MLT","Malta","2013","ingreso","national","2.15000","46.27050","40921.31678"
"MLT","Malta","2014","ingreso","national","2.15000","48.99790","43163.14730"
"MLT","Malta","2015","ingreso","national","2.15000","49.23500","46171.88934"
"MLT","Malta","2016","ingreso","national","2.15000","52.35180","46967.34863"
"MLT","Malta","2017","ingreso","national","2.15000","52.71330","51628.26774"
"MLT","Malta","2018","ingreso","national","2.15000","54.03300","53419.00227"
"MLT","Malta","2019","ingreso","national","2.15000","58.86090","53393.42316"
"MLT","Malta","2020","ingreso","national","2.15000","61.49340","50389.69633"
"MLT","Malta","2021","ingreso","national","2.15000","64.53080","56823.99585"
"MLT","Malta","2022","ingreso","national","2.15000","65.44730","56874.43393"
"MLT","Malta","2023","ingreso","national","2.15000","65.08070","60459.76552"
"MLT","Malta","2024","ingreso","national","2.15000","67.14530","62398.48924"
"MLT","Malta","2025","ingreso","national","2.15000","68.48450","63655.51607"
"MLI","Malí","1990","consumo","national","2.15000","1.47440","1890.50213"
"MLI","Malí","1991","consumo","national","2.15000","1.58130","2087.91903"
"MLI","Malí","1992","consumo","national","2.15000","1.50490","1942.72857"
"MLI","Malí","1993","consumo","national","2.15000","1.52780","1985.38065"
"MLI","Malí","1994","consumo","national","2.15000","1.56320","2051.75478"
"MLI","Malí","1995","consumo","national","2.15000","1.67860","2022.40378"
"MLI","Malí","1996","consumo","national","2.15000","1.73490","2105.27530"
"MLI","Malí","1997","consumo","national","2.15000","1.85340","2142.78769"
"MLI","Malí","1998","consumo","national","2.15000","2.12180","2228.20056"
"MLI","Malí","1999","consumo","national","2.15000","2.24890","2269.08741"
"MLI","Malí","2000","consumo","national","2.15000","1.99750","2187.71894"
"MLI","Malí","2001","consumo","national","2.15000","2.83090","2458.46156"
"MLI","Malí","2002","consumo","national","2.15000","2.88960","2455.61936"
"MLI","Malí","2003","consumo","national","2.15000","3.07390","2611.83686"
"MLI","Malí","2004","consumo","national","2.15000","3.09110","2565.97745"
"MLI","Malí","2005","consumo","national","2.15000","3.12920","2546.33281"
"MLI","Malí","2006","consumo","national","2.15000","3.19150","2555.07476"
"MLI","Malí","2007","consumo","national","2.15000","3.12280","2515.94692"
"MLI","Malí","2008","consumo","national","2.15000","3.06490","2523.19961"
"MLI","Malí","2009","consumo","national","2.15000","3.04420","2575.54550"
"MLI","Malí","2010","consumo","national","2.15000","3.08330","2632.26468"
"MLI","Malí","2011","consumo","national","2.15000","3.28260","2623.34627"
"MLI","Malí","2012","consumo","national","2.15000","3.41810","2520.52931"
"MLI","Malí","2013","consumo","national","2.15000","3.65180","2528.53007"
"MLI","Malí","2014","consumo","national","2.15000","3.96440","2609.16733"
"MLI","Malí","2015","consumo","national","2.15000","3.57930","2686.56065"
"MLI","Malí","2016","consumo","national","2.15000","4.22360","2759.11051"
"MLI","Malí","2017","consumo","national","2.15000","4.72670","2816.19424"
"MLI","Malí","2018","consumo","national","2.15000","5.13140","2862.40729"
"MLI","Malí","2019","consumo","national","2.15000","5.35410","2916.17168"
"MLI","Malí","2020","consumo","national","2.15000","5.03120","2796.41038"
"MLI","Malí","2021","consumo","national","2.15000","4.86210","2796.22794"
"MLI","Malí","2022","consumo","national","2.15000","4.78680","2813.81096"
"MLI","Malí","2023","consumo","national","2.15000","4.84230","2861.48058"
"MLI","Malí","2024","consumo","national","2.15000","4.90840","2917.93246"
"MLI","Malí","2025","consumo","national","2.15000","4.97190","2993.25166"
"MAR","Marruecos","1990","consumo","national","2.15000","8.01330","4418.66016"
"MAR","Marruecos","1991","consumo","national","2.15000","8.51000","4656.12598"
"MAR","Marruecos","1992","consumo","national","2.15000","8.06540","4483.24951"
"MAR","Marruecos","1993","consumo","national","2.15000","7.71520","4379.76416"
"MAR","Marruecos","1994","consumo","national","2.15000","7.96410","4771.09277"
"MAR","Marruecos","1995","consumo","national","2.15000","7.35980","4444.22852"
"MAR","Marruecos","1996","consumo","national","2.15000","7.66830","4916.47998"
"MAR","Marruecos","1997","consumo","national","2.15000","7.27030","4766.11035"
"MAR","Marruecos","1998","consumo","national","2.15000","7.31320","5033.92334"
"MAR","Marruecos","1999","consumo","national","2.15000","7.28340","5043.66504"
"MAR","Marruecos","2000","consumo","national","2.15000","7.31860","5100.11572"
"MAR","Marruecos","2001","consumo","national","2.15000","7.55270","5417.57861"
"MAR","Marruecos","2002","consumo","national","2.15000","7.71460","5544.07178"
"MAR","Marruecos","2003","consumo","national","2.15000","8.05260","5810.05322"
"MAR","Marruecos","2004","consumo","national","2.15000","8.28610","5996.39014"
"MAR","Marruecos","2005","consumo","national","2.15000","8.41900","6103.42236"
"MAR","Marruecos","2006","consumo","national","2.15000","8.89480","6488.67383"
"MAR","Marruecos","2007","consumo","national","2.15000","9.06430","6620.59033"
"MAR","Marruecos","2008","consumo","national","2.15000","9.62640","6901.95068"
"MAR","Marruecos","2009","consumo","national","2.15000","9.94560","7063.72705"
"MAR","Marruecos","2010","consumo","national","2.15000","10.23350","7210.63672"
"MAR","Marruecos","2011","consumo","national","2.15000","10.80450","7503.79297"
"MAR","Marruecos","2012","consumo","national","2.15000","11.04480","7628.64404"
"MAR","Marruecos","2013","consumo","national","2.15000","11.44780","7839.03223"
"MAR","Marruecos","2014","consumo","national","2.15000","11.61280","7951.79834"
"MAR","Marruecos","2015","consumo","national","2.15000","11.86540","8198.80859"
"MAR","Marruecos","2016","consumo","national","2.15000","11.80780","8141.94043"
"MAR","Marruecos","2017","consumo","national","2.15000","12.12050","8450.00879"
"MAR","Marruecos","2018","consumo","national","2.15000","12.28290","8611.75000"
"MAR","Marruecos","2019","consumo","national","2.15000","12.43910","8768.17578"
"MAR","Marruecos","2020","consumo","national","2.15000","11.73040","8054.56299"
"MAR","Marruecos","2021","consumo","national","2.15000","12.31020","8623.26562"
"MAR","Marruecos","2022","consumo","national","2.15000","12.37730","8690.44824"
"MAR","Marruecos","2023","consumo","national","2.15000","12.60150","8915.35156"
"MAR","Marruecos","2024","consumo","national","2.15000","12.84630","9162.74707"
"MAR","Marruecos","2025","consumo","national","2.15000","13.15640","9495.40527"
"MUS","Mauricio","1990","consumo","national","2.15000","8.76000","8986.03307"
"MUS","Mauricio","1991","consumo","national","2.15000","8.96320","9283.84516"
"MUS","Mauricio","1992","consumo","national","2.15000","9.17920","9759.21929"
"MUS","Mauricio","1993","consumo","national","2.15000","9.44280","10134.32738"
"MUS","Mauricio","1994","consumo","national","2.15000","9.73180","10406.77139"
"MUS","Mauricio","1995","consumo","national","2.15000","9.99660","10760.05800"
"MUS","Mauricio","1996","consumo","national","2.15000","10.26670","11245.70597"
"MUS","Mauricio","1997","consumo","national","2.15000","10.53890","11737.41515"
"MUS","Mauricio","1998","consumo","national","2.15000","10.91150","12319.88665"
"MUS","Mauricio","1999","consumo","national","2.15000","11.12150","12481.86220"
"MUS","Mauricio","2000","consumo","national","2.15000","11.34570","13373.65580"
"MUS","Mauricio","2001","consumo","national","2.15000","11.51680","13712.57939"
"MUS","Mauricio","2002","consumo","national","2.15000","11.72570","13837.62580"
"MUS","Mauricio","2003","consumo","national","2.15000","12.04940","14551.87844"
"MUS","Mauricio","2004","consumo","national","2.15000","12.69500","15087.06878"
"MUS","Mauricio","2005","consumo","national","2.15000","13.28050","15264.59818"
"MUS","Mauricio","2006","consumo","national","2.15000","13.78620","15932.81922"
"MUS","Mauricio","2007","consumo","national","2.15000","14.18230","16774.56851"
"MUS","Mauricio","2008","consumo","national","2.15000","14.84650","17627.11219"
"MUS","Mauricio","2009","consumo","national","2.15000","15.04610","18171.68700"
"MUS","Mauricio","2010","consumo","national","2.15000","15.31190","18925.57139"
"MUS","Mauricio","2011","consumo","national","2.15000","15.57620","19678.60226"
"MUS","Mauricio","2012","consumo","national","2.15000","15.85820","20313.03289"
"MUS","Mauricio","2013","consumo","national","2.15000","16.13860","20952.37757"
"MUS","Mauricio","2014","consumo","national","2.15000","16.43020","21721.30964"
"MUS","Mauricio","2015","consumo","national","2.15000","16.76940","22499.02546"
"MUS","Mauricio","2016","consumo","national","2.15000","17.12600","23357.23001"
"MUS","Mauricio","2017","consumo","national","2.15000","17.52180","24258.98882"
"MUS","Mauricio","2018","consumo","national","2.15000","17.90920","25243.88646"
"MUS","Mauricio","2019","consumo","national","2.15000","18.30010","25958.49003"
"MUS","Mauricio","2020","consumo","national","2.15000","16.33760","22272.53987"
"MUS","Mauricio","2021","consumo","national","2.15000","16.68100","23010.20138"
"MUS","Mauricio","2022","consumo","national","2.15000","17.15470","25005.06661"
"MUS","Mauricio","2023","consumo","national","2.15000","17.70470","26471.03514"
"MUS","Mauricio","2024","consumo","national","2.15000","18.11970","27844.89561"
"MUS","Mauricio","2025","consumo","national","2.15000","18.54550","28769.51283"
"MRT","Mauritania","1990","consumo","national","2.15000","4.23230","5519.61034"
"MRT","Mauritania","1991","consumo","national","2.15000","4.31940","5456.55576"
"MRT","Mauritania","1992","consumo","national","2.15000","4.37970","5350.11804"
"MRT","Mauritania","1993","consumo","national","2.15000","4.55180","5439.82229"
"MRT","Mauritania","1994","consumo","national","2.15000","4.57150","5097.20839"
"MRT","Mauritania","1995","consumo","national","2.15000","4.62220","5446.26956"
"MRT","Mauritania","1996","consumo","national","2.15000","5.36410","5650.34118"
"MRT","Mauritania","1997","consumo","national","2.15000","5.30150","5302.36663"
"MRT","Mauritania","1998","consumo","national","2.15000","5.47570","5310.15819"
"MRT","Mauritania","1999","consumo","national","2.15000","5.68160","5359.98882"
"MRT","Mauritania","2000","consumo","national","2.15000","5.58300","5008.60807"
"MRT","Mauritania","2001","consumo","national","2.15000","5.52190","4847.41086"
"MRT","Mauritania","2002","consumo","national","2.15000","5.46060","4806.89853"
"MRT","Mauritania","2003","consumo","national","2.15000","5.64550","5023.65213"
"MRT","Mauritania","2004","consumo","national","2.15000","5.69880","5139.22552"
"MRT","Mauritania","2005","consumo","national","2.15000","6.01730","5445.82951"
"MRT","Mauritania","2006","consumo","national","2.15000","6.71520","6284.70209"
"MRT","Mauritania","2007","consumo","national","2.15000","6.63710","6002.77832"
"MRT","Mauritania","2008","consumo","national","2.15000","6.62030","5813.35609"
"MRT","Mauritania","2009","consumo","national","2.15000","6.58470","5639.78745"
"MRT","Mauritania","2010","consumo","national","2.15000","6.65310","5605.76389"
"MRT","Mauritania","2011","consumo","national","2.15000","6.78930","5653.21720"
"MRT","Mauritania","2012","consumo","national","2.15000","6.93990","5716.25195"
"MRT","Mauritania","2013","consumo","national","2.15000","7.08350","5769.72871"
"MRT","Mauritania","2014","consumo","national","2.15000","7.24110","5837.85203"
"MRT","Mauritania","2015","consumo","national","2.15000","7.31770","5969.54239"
"MRT","Mauritania","2016","consumo","national","2.15000","7.19180","5866.28145"
"MRT","Mauritania","2017","consumo","national","2.15000","7.31190","6050.62180"
"MRT","Mauritania","2018","consumo","national","2.15000","7.36050","6153.63790"
"MRT","Mauritania","2019","consumo","national","2.15000","7.32910","6162.21044"
"MRT","Mauritania","2020","consumo","national","2.15000","7.14080","5963.23550"
"MRT","Mauritania","2021","consumo","national","2.15000","7.03460","5836.56581"
"MRT","Mauritania","2022","consumo","national","2.15000","7.21750","6053.26178"
"MRT","Mauritania","2023","consumo","national","2.15000","7.40380","6276.47521"
"MRT","Mauritania","2024","consumo","national","2.15000","7.57400","6482.69017"
"MRT","Mauritania","2025","consumo","national","2.15000","7.66430","6559.04322"
"FSM","Micronesia","1990","consumo","national","2.15000","7.89350","3119.81175"
"FSM","Micronesia","1991","consumo","national","2.15000","8.14580","3290.66674"
"FSM","Micronesia","1992","consumo","national","2.15000","8.31440","3355.54827"
"FSM","Micronesia","1993","consumo","national","2.15000","8.53050","3552.11500"
"FSM","Micronesia","1994","consumo","national","2.15000","8.51030","3468.05347"
"FSM","Micronesia","1995","consumo","national","2.15000","8.71140","3672.43126"
"FSM","Micronesia","1996","consumo","national","2.15000","8.44130","3534.41609"
"FSM","Micronesia","1997","consumo","national","2.15000","8.18370","3304.11609"
"FSM","Micronesia","1998","consumo","national","2.15000","8.30520","3388.51252"
"FSM","Micronesia","1999","consumo","national","2.15000","8.40500","3417.46540"
"FSM","Micronesia","2000","consumo","national","2.15000","8.61530","3563.89180"
"FSM","Micronesia","2001","consumo","national","2.15000","8.68980","3618.39396"
"FSM","Micronesia","2002","consumo","national","2.15000","8.73580","3631.74876"
"FSM","Micronesia","2003","consumo","national","2.15000","8.77830","3701.13265"
"FSM","Micronesia","2004","consumo","national","2.15000","8.68660","3594.57719"
"FSM","Micronesia","2005","consumo","national","2.15000","8.81920","3710.19850"
"FSM","Micronesia","2006","consumo","national","2.15000","8.49250","3717.65782"
"FSM","Micronesia","2007","consumo","national","2.15000","8.09550","3684.20209"
"FSM","Micronesia","2008","consumo","national","2.15000","7.72300","3622.04887"
"FSM","Micronesia","2009","consumo","national","2.15000","7.50680","3702.36132"
"FSM","Micronesia","2010","consumo","national","2.15000","7.31410","3780.25133"
"FSM","Micronesia","2011","consumo","national","2.15000","7.08480","3917.44641"
"FSM","Micronesia","2012","consumo","national","2.15000","6.63030","3847.14744"
"FSM","Micronesia","2013","consumo","national","2.15000","6.13320","3696.74550"
"FSM","Micronesia","2014","consumo","national","2.15000","6.08470","3592.81901"
"FSM","Micronesia","2015","consumo","national","2.15000","6.22190","3739.35969"
"FSM","Micronesia","2016","consumo","national","2.15000","6.26140","3774.03193"
"FSM","Micronesia","2017","consumo","national","2.15000","6.31590","3838.04534"
"FSM","Micronesia","2018","consumo","national","2.15000","6.34410","3838.64055"
"FSM","Micronesia","2019","consumo","national","2.15000","6.44170","3965.05377"
"FSM","Micronesia","2020","consumo","national","2.15000","6.39280","3861.29320"
"FSM","Micronesia","2021","consumo","national","2.15000","6.43640","3955.73141"
"FSM","Micronesia","2022","consumo","national","2.15000","6.32290","3815.79466"
"FSM","Micronesia","2023","consumo","national","2.15000","6.32540","3841.27117"
"FSM","Micronesia","2024","consumo","national","2.15000","6.36290","3911.26632"
"FSM","Micronesia","2025","consumo","national","2.15000","6.40700","3934.64268"
"MDA","Moldavia","1990","consumo","national","2.15000","12.30420","15902.89432"
"MDA","Moldavia","1991","consumo","national","2.15000","10.91720","13342.06002"
"MDA","Moldavia","1992","consumo","national","2.15000","8.69450","9461.42773"
"MDA","Moldavia","1993","consumo","national","2.15000","8.63150","9363.59310"
"MDA","Moldavia","1994","consumo","national","2.15000","6.77750","6490.35310"
"MDA","Moldavia","1995","consumo","national","2.15000","6.73260","6428.83979"
"MDA","Moldavia","1996","consumo","national","2.15000","6.46450","6063.14052"
"MDA","Moldavia","1997","consumo","national","2.15000","6.55600","6185.83952"
"MDA","Moldavia","1998","consumo","national","2.15000","5.38670","5783.48594"
"MDA","Moldavia","1999","consumo","national","2.15000","4.71700","5597.46513"
"MDA","Moldavia","2000","consumo","national","2.15000","4.36780","5727.07923"
"MDA","Moldavia","2001","consumo","national","2.15000","5.19750","6090.03474"
"MDA","Moldavia","2002","consumo","national","2.15000","6.40500","6580.27841"
"MDA","Moldavia","2003","consumo","national","2.15000","7.64570","7034.35785"
"MDA","Moldavia","2004","consumo","national","2.15000","7.51160","7573.61785"
"MDA","Moldavia","2005","consumo","national","2.15000","6.79260","8161.47345"
"MDA","Moldavia","2006","consumo","national","2.15000","11.55080","8577.02858"
"MDA","Moldavia","2007","consumo","national","2.15000","13.05940","8854.83398"
"MDA","Moldavia","2008","consumo","national","2.15000","12.73550","9563.69814"
"MDA","Moldavia","2009","consumo","national","2.15000","12.71360","9001.23432"
"MDA","Moldavia","2010","consumo","national","2.15000","12.98610","9649.95099"
"MDA","Moldavia","2011","consumo","national","2.15000","13.32110","10217.30878"
"MDA","Moldavia","2012","consumo","national","2.15000","13.01130","10158.38547"
"MDA","Moldavia","2013","consumo","national","2.15000","13.91950","11080.06346"
"MDA","Moldavia","2014","consumo","national","2.15000","13.56950","11641.12084"
"MDA","Moldavia","2015","consumo","national","2.15000","14.01240","11691.07975"
"MDA","Moldavia","2016","consumo","national","2.15000","13.60270","12377.36668"
"MDA","Moldavia","2017","consumo","national","2.15000","13.65510","13118.82194"
"MDA","Moldavia","2018","consumo","national","2.15000","14.14510","13895.50437"
"MDA","Moldavia","2019","consumo","national","2.15000","14.39010","14621.24014"
"MDA","Moldavia","2020","consumo","national","2.15000","13.78860","13559.26002"
"MDA","Moldavia","2021","consumo","national","2.15000","14.38260","15682.07033"
"MDA","Moldavia","2022","consumo","national","2.15000","13.35210","15350.31204"
"MDA","Moldavia","2023","consumo","national","2.15000","13.52880","15980.56689"
"MDA","Moldavia","2024","consumo","national","2.15000","14.24740","16393.86333"
"MDA","Moldavia","2025","consumo","national","2.15000","14.59580","17087.18740"
"MNG","Mongolia","1990","consumo","national","2.15000","6.68050","6637.81927"
"MNG","Mongolia","1991","consumo","national","2.15000","6.14250","5874.25558"
"MNG","Mongolia","1992","consumo","national","2.15000","5.74010","5324.48760"
"MNG","Mongolia","1993","consumo","national","2.15000","5.61760","5162.09987"
"MNG","Mongolia","1994","consumo","national","2.15000","5.65700","5213.84633"
"MNG","Mongolia","1995","consumo","national","2.15000","5.84220","5457.68502"
"MNG","Mongolia","1996","consumo","national","2.15000","5.17830","5494.32134"
"MNG","Mongolia","1997","consumo","national","2.15000","4.56350","5628.10663"
"MNG","Mongolia","1998","consumo","national","2.15000","3.91220","5735.84384"
"MNG","Mongolia","1999","consumo","national","2.15000","4.39180","5829.16641"
"MNG","Mongolia","2000","consumo","national","2.15000","4.33590","5818.24308"
"MNG","Mongolia","2001","consumo","national","2.15000","4.84160","5917.07088"
"MNG","Mongolia","2002","consumo","national","2.15000","5.86450","6117.98242"
"MNG","Mongolia","2003","consumo","national","2.15000","6.54370","6463.78967"
"MNG","Mongolia","2004","consumo","national","2.15000","7.39230","7070.66716"
"MNG","Mongolia","2005","consumo","national","2.15000","7.97690","7499.84804"
"MNG","Mongolia","2006","consumo","national","2.15000","8.70550","8043.99678"
"MNG","Mongolia","2007","consumo","national","2.15000","9.63170","8750.13407"
"MNG","Mongolia","2008","consumo","national","2.15000","10.18210","9379.85490"
"MNG","Mongolia","2009","consumo","national","2.15000","9.77240","9095.97699"
"MNG","Mongolia","2010","consumo","national","2.15000","9.88140","9507.11882"
"MNG","Mongolia","2011","consumo","national","2.15000","10.87690","10960.09593"
"MNG","Mongolia","2012","consumo","national","2.15000","12.51090","12078.91853"
"MNG","Mongolia","2013","consumo","national","2.15000","12.87900","13210.09457"
"MNG","Mongolia","2014","consumo","national","2.15000","13.04650","13943.42771"
"MNG","Mongolia","2015","consumo","national","2.15000","11.95290","13974.59673"
"MNG","Mongolia","2016","consumo","national","2.15000","10.79740","13898.14570"
"MNG","Mongolia","2017","consumo","national","2.15000","11.05700","14401.53751"
"MNG","Mongolia","2018","consumo","national","2.15000","11.47990","15230.24088"
"MNG","Mongolia","2019","consumo","national","2.15000","12.49050","15790.69611"
"MNG","Mongolia","2020","consumo","national","2.15000","12.62630","14801.34208"
"MNG","Mongolia","2021","consumo","national","2.15000","13.30420","14792.25091"
"MNG","Mongolia","2022","consumo","national","2.15000","14.33050","15310.43495"
"MNG","Mongolia","2023","consumo","national","2.15000","15.15850","16222.86389"
"MNG","Mongolia","2024","consumo","national","2.15000","16.40380","16842.65059"
"MNG","Mongolia","2025","consumo","national","2.15000","16.90440","17772.53422"
"MNE","Montenegro","1997","consumo","national","2.15000","14.69690","14638.73635"
"MNE","Montenegro","1998","consumo","national","2.15000","15.23400","15402.98800"
"MNE","Montenegro","1999","consumo","national","2.15000","14.25810","13993.35774"
"MNE","Montenegro","2000","consumo","national","2.15000","14.58530","14452.21614"
"MNE","Montenegro","2001","consumo","national","2.15000","14.65620","14552.49568"
"MNE","Montenegro","2002","consumo","national","2.15000","14.80970","14770.25522"
"MNE","Montenegro","2003","consumo","national","2.15000","15.02470","15076.65139"
"MNE","Montenegro","2004","consumo","national","2.15000","15.47080","15716.07557"
"MNE","Montenegro","2005","consumo","national","2.15000","15.90690","16348.89945"
"MNE","Montenegro","2006","consumo","national","2.15000","16.46410","17727.36604"
"MNE","Montenegro","2007","consumo","national","2.15000","20.25290","18966.45296"
"MNE","Montenegro","2008","consumo","national","2.15000","21.29630","20238.92165"
"MNE","Montenegro","2009","consumo","national","2.15000","20.89420","18984.93791"
"MNE","Montenegro","2010","consumo","national","2.15000","18.88860","19476.16262"
"MNE","Montenegro","2011","consumo","national","2.15000","18.59820","20110.48697"
"MNE","Montenegro","2012","consumo","national","2.15000","17.44640","19576.41205"
"MNE","Montenegro","2013","consumo","national","2.15000","17.73690","20201.29163"
"MNE","Montenegro","2014","consumo","national","2.15000","18.63250","20641.76452"
"MNE","Montenegro","2015","ingreso","national","2.15000","17.70070","21131.84103"
"MNE","Montenegro","2016","ingreso","national","2.15000","19.34020","21834.09187"
"MNE","Montenegro","2017","ingreso","national","2.15000","19.06730","22513.78076"
"MNE","Montenegro","2018","ingreso","national","2.15000","18.53940","23562.17626"
"MNE","Montenegro","2019","ingreso","national","2.15000","19.37770","24585.11595"
"MNE","Montenegro","2020","ingreso","national","2.15000","19.08030","20904.59993"
"MNE","Montenegro","2021","ingreso","national","2.15000","20.63700","23689.97911"
"MNE","Montenegro","2022","ingreso","national","2.15000","23.46950","25583.31557"
"MNE","Montenegro","2023","ingreso","national","2.15000","25.14050","27243.40423"
"MNE","Montenegro","2024","ingreso","national","2.15000","27.74270","28105.59277"
"MNE","Montenegro","2025","ingreso","national","2.15000","28.61640","28895.31720"
"MOZ","Mozambique","1990","consumo","national","2.15000","1.67680","547.62278"
"MOZ","Mozambique","1991","consumo","national","2.15000","1.71060","563.51210"
"MOZ","Mozambique","1992","consumo","national","2.15000","1.59970","510.82282"
"MOZ","Mozambique","1993","consumo","national","2.15000","1.68260","549.04876"
"MOZ","Mozambique","1994","consumo","national","2.15000","1.67660","546.20969"
"MOZ","Mozambique","1995","consumo","national","2.15000","1.63240","525.41867"
"MOZ","Mozambique","1996","consumo","national","2.15000","1.71300","562.85746"
"MOZ","Mozambique","1997","consumo","national","2.15000","1.76750","612.37155"
"MOZ","Mozambique","1998","consumo","national","2.15000","1.80180","660.65018"
"MOZ","Mozambique","1999","consumo","national","2.15000","1.84460","722.30556"
"MOZ","Mozambique","2000","consumo","national","2.15000","1.83760","711.97639"
"MOZ","Mozambique","2001","consumo","national","2.15000","1.88770","785.79017"
"MOZ","Mozambique","2002","consumo","national","2.15000","1.92510","842.64527"
"MOZ","Mozambique","2003","consumo","national","2.15000","1.96550","883.23912"
"MOZ","Mozambique","2004","consumo","national","2.15000","2.03270","934.13396"
"MOZ","Mozambique","2005","consumo","national","2.15000","2.07980","970.38996"
"MOZ","Mozambique","2006","consumo","national","2.15000","2.17140","1041.80472"
"MOZ","Mozambique","2007","consumo","national","2.15000","2.23840","1095.12569"
"MOZ","Mozambique","2008","consumo","national","2.15000","2.29620","1141.94256"
"MOZ","Mozambique","2009","consumo","national","2.15000","2.35940","1178.70910"
"MOZ","Mozambique","2010","consumo","national","2.15000","2.48230","1224.23020"
"MOZ","Mozambique","2011","consumo","national","2.15000","2.61910","1275.52960"
"MOZ","Mozambique","2012","consumo","national","2.15000","2.78510","1338.51595"
"MOZ","Mozambique","2013","consumo","national","2.15000","2.90790","1385.83255"
"MOZ","Mozambique","2014","consumo","national","2.15000","3.07260","1449.92927"
"MOZ","Mozambique","2015","consumo","national","2.15000","3.11500","1512.59975"
"MOZ","Mozambique","2016","consumo","national","2.15000","3.00680","1537.90853"
"MOZ","Mozambique","2017","consumo","national","2.15000","2.85440","1532.00736"
"MOZ","Mozambique","2018","consumo","national","2.15000","2.71860","1538.83512"
"MOZ","Mozambique","2019","consumo","national","2.15000","2.56220","1528.88988"
"MOZ","Mozambique","2020","consumo","national","2.15000","2.36010","1466.12476"
"MOZ","Mozambique","2021","consumo","national","2.15000","2.35280","1457.23541"
"MOZ","Mozambique","2022","consumo","national","2.15000","2.37560","1476.73433"
"MOZ","Mozambique","2023","consumo","national","2.15000","2.41770","1512.66730"
"MOZ","Mozambique","2024","consumo","national","2.15000","2.40430","1500.70759"
"MOZ","Mozambique","2025","consumo","national","2.15000","2.39870","1450.95955"
"MMR","Myanmar","1990","consumo","national","2.15000","1.60850","775.32825"
"MMR","Myanmar","1991","consumo","national","2.15000","1.61360","759.28276"
"MMR","Myanmar","1992","consumo","national","2.15000","1.69520","821.32776"
"MMR","Myanmar","1993","consumo","national","2.15000","1.75450","859.34553"
"MMR","Myanmar","1994","consumo","national","2.15000","1.82740","911.46843"
"MMR","Myanmar","1995","consumo","national","2.15000","1.89700","962.20942"
"MMR","Myanmar","1996","consumo","national","2.15000","1.96190","1011.15993"
"MMR","Myanmar","1997","consumo","national","2.15000","2.02200","1054.76743"
"MMR","Myanmar","1998","consumo","national","2.15000","2.10500","1102.79096"
"MMR","Myanmar","1999","consumo","national","2.15000","2.25810","1209.01643"
"MMR","Myanmar","2000","consumo","national","2.15000","2.44550","1359.93039"
"MMR","Myanmar","2001","consumo","national","2.15000","2.62300","1498.31163"
"MMR","Myanmar","2002","consumo","national","2.15000","2.83260","1661.73589"
"MMR","Myanmar","2003","consumo","national","2.15000","3.08510","1874.17128"
"MMR","Myanmar","2004","consumo","national","2.15000","3.35760","2110.23728"
"MMR","Myanmar","2005","consumo","national","2.15000","3.65300","2377.90258"
"MMR","Myanmar","2006","consumo","national","2.15000","3.95900","2669.32700"
"MMR","Myanmar","2007","consumo","national","2.15000","4.25780","2968.30332"
"MMR","Myanmar","2008","consumo","national","2.15000","4.54770","3254.73898"
"MMR","Myanmar","2009","consumo","national","2.15000","4.85450","3578.17425"
"MMR","Myanmar","2010","consumo","national","2.15000","5.11740","3893.79031"
"MMR","Myanmar","2011","consumo","national","2.15000","5.30300","4078.61221"
"MMR","Myanmar","2012","consumo","national","2.15000","5.55230","4340.99945"
"MMR","Myanmar","2013","consumo","national","2.15000","5.84170","4666.95376"
"MMR","Myanmar","2014","consumo","national","2.15000","6.12700","5006.50667"
"MMR","Myanmar","2015","consumo","national","2.15000","6.37790","5313.88616"
"MMR","Myanmar","2016","consumo","national","2.15000","6.45640","5580.98977"
"MMR","Myanmar","2017","consumo","national","2.15000","6.54200","5877.87466"
"MMR","Myanmar","2018","consumo","national","2.15000","6.79780","6201.26341"
"MMR","Myanmar","2019","consumo","national","2.15000","6.88270","6562.98898"
"MMR","Myanmar","2020","consumo","national","2.15000","6.38300","5926.83450"
"MMR","Myanmar","2021","consumo","national","2.15000","5.97960","5178.44718"
"MMR","Myanmar","2022","consumo","national","2.15000","6.08570","5350.47667"
"MMR","Myanmar","2023","consumo","national","2.15000","6.07640","5364.13797"
"MMR","Myanmar","2024","consumo","national","2.15000","6.00770","5276.29434"
"MMR","Myanmar","2025","consumo","national","2.15000","5.87620","5137.10049"
"MEX","México","1990","ingreso","national","2.15000","11.80540","17169.59259"
"MEX","México","1991","ingreso","national","2.15000","12.43380","17511.73131"
"MEX","México","1992","ingreso","national","2.15000","12.87210","17796.40597"
"MEX","México","1993","ingreso","national","2.15000","12.79470","17970.58719"
"MEX","México","1994","ingreso","national","2.15000","13.34680","18422.81993"
"MEX","México","1995","ingreso","national","2.15000","10.93320","17028.12150"
"MEX","México","1996","ingreso","national","2.15000","9.72540","17775.87279"
"MEX","México","1997","ingreso","national","2.15000","10.16840","18737.64265"
"MEX","México","1998","ingreso","national","2.15000","10.57620","19573.06546"
"MEX","México","1999","ingreso","national","2.15000","11.10960","19793.28529"
"MEX","México","2000","ingreso","national","2.15000","12.59170","20470.49377"
"MEX","México","2001","ingreso","national","2.15000","12.61780","20078.21839"
"MEX","México","2002","ingreso","national","2.15000","12.62200","19744.79337"
"MEX","México","2003","ingreso","national","2.15000","12.92170","19701.46339"
"MEX","México","2004","ingreso","national","2.15000","13.32550","20127.22429"
"MEX","México","2005","ingreso","national","2.15000","13.70760","20277.25529"
"MEX","México","2006","ingreso","national","2.15000","14.30510","20965.82561"
"MEX","México","2007","ingreso","national","2.15000","14.49850","21102.26883"
"MEX","México","2008","ingreso","national","2.15000","14.65320","20992.56027"
"MEX","México","2009","ingreso","national","2.15000","13.35400","19385.54373"
"MEX","México","2010","ingreso","national","2.15000","13.71510","20058.38549"
"MEX","México","2011","ingreso","national","2.15000","14.69320","20457.60017"
"MEX","México","2012","ingreso","national","2.15000","14.93820","20898.93572"
"MEX","México","2013","ingreso","national","2.15000","14.53750","20805.34804"
"MEX","México","2014","ingreso","national","2.15000","14.05450","21069.76617"
"MEX","México","2015","ingreso","national","2.15000","15.18650","21408.92832"
"MEX","México","2016","ingreso","national","2.15000","15.86690","21578.26335"
"MEX","México","2017","ingreso","national","2.15000","16.06250","21777.52251"
"MEX","México","2018","ingreso","national","2.15000","16.19120","21997.77302"
"MEX","México","2019","ingreso","national","2.15000","16.18710","21704.18595"
"MEX","México","2020","ingreso","national","2.15000","15.41730","19728.48178"
"MEX","México","2021","ingreso","national","2.15000","16.95060","20782.58774"
"MEX","México","2022","ingreso","national","2.15000","17.81860","21391.85737"
"MEX","México","2023","ingreso","national","2.15000","19.20120","21864.92361"
"MEX","México","2024","ingreso","national","2.15000","20.02170","21970.35204"
"MEX","México","2025","ingreso","national","2.15000","20.05440","21911.92928"
"NAM","Namibia","1990","ingreso","national","2.15000","6.75150","7281.77893"
"NAM","Namibia","1991","ingreso","national","2.15000","7.06350","7618.33278"
"NAM","Namibia","1992","ingreso","national","2.15000","7.33490","7911.01026"
"NAM","Namibia","1993","ingreso","national","2.15000","6.99230","7541.56082"
"NAM","Namibia","1994","ingreso","national","2.15000","6.89570","7437.33529"
"NAM","Namibia","1995","ingreso","national","2.15000","6.95950","7506.10484"
"NAM","Namibia","1996","ingreso","national","2.15000","6.98990","7538.92462"
"NAM","Namibia","1997","ingreso","national","2.15000","7.09870","7656.32513"
"NAM","Namibia","1998","ingreso","national","2.15000","7.14840","7709.89004"
"NAM","Namibia","1999","consumo","national","2.15000","7.16820","7773.94354"
"NAM","Namibia","2000","consumo","national","2.15000","7.22270","7858.38790"
"NAM","Namibia","2001","consumo","national","2.15000","7.17650","7786.54169"
"NAM","Namibia","2002","consumo","national","2.15000","7.32540","8017.28134"
"NAM","Namibia","2003","consumo","national","2.15000","7.46610","8237.36597"
"NAM","Namibia","2004","consumo","national","2.15000","7.93390","9130.82442"
"NAM","Namibia","2005","consumo","national","2.15000","7.96710","9245.13653"
"NAM","Namibia","2006","consumo","national","2.15000","8.11960","9773.29833"
"NAM","Namibia","2007","consumo","national","2.15000","8.23010","10162.24007"
"NAM","Namibia","2008","consumo","national","2.15000","8.55030","10286.51241"
"NAM","Namibia","2009","consumo","national","2.15000","9.14120","10166.28995"
"NAM","Namibia","2010","consumo","national","2.15000","8.70280","10614.62016"
"NAM","Namibia","2011","consumo","national","2.15000","9.18480","10965.27298"
"NAM","Namibia","2012","consumo","national","2.15000","9.97740","11266.60895"
"NAM","Namibia","2013","consumo","national","2.15000","10.74740","11593.57538"
"NAM","Namibia","2014","consumo","national","2.15000","10.94950","11982.69636"
"NAM","Namibia","2015","consumo","national","2.15000","12.26960","12166.56584"
"NAM","Namibia","2016","consumo","national","2.15000","13.53130","11846.78808"
"NAM","Namibia","2017","consumo","national","2.15000","12.65300","11408.72531"
"NAM","Namibia","2018","consumo","national","2.15000","12.39440","11214.38604"
"NAM","Namibia","2019","consumo","national","2.15000","12.14640","10813.30447"
"NAM","Namibia","2020","consumo","national","2.15000","11.08940","9652.24827"
"NAM","Namibia","2021","consumo","national","2.15000","11.96280","9709.09931"
"NAM","Namibia","2022","consumo","national","2.15000","12.50640","9953.09752"
"NAM","Namibia","2023","consumo","national","2.15000","12.69190","10126.23596"
"NAM","Namibia","2024","consumo","national","2.15000","12.81780","10276.36864"
"NAM","Namibia","2025","consumo","national","2.15000","12.95900","10242.28405"
"NRU","Nauru","1990","consumo","national","2.15000","14.88990","30127.22588"
"NRU","Nauru","1991","consumo","national","2.15000","12.86120","23840.01390"
"NRU","Nauru","1992","consumo","national","2.15000","11.30520","19622.90299"
"NRU","Nauru","1993","consumo","national","2.15000","10.42910","16328.22672"
"NRU","Nauru","1994","consumo","national","2.15000","9.98050","15642.76126"
"NRU","Nauru","1995","consumo","national","2.15000","9.28080","14363.64034"
"NRU","Nauru","1996","consumo","national","2.15000","8.58960","12637.79533"
"NRU","Nauru","1997","consumo","national","2.15000","7.96590","11490.46230"
"NRU","Nauru","1998","consumo","national","2.15000","7.44730","10134.97319"
"NRU","Nauru","1999","consumo","national","2.15000","7.10480","9479.51290"
"NRU","Nauru","2000","consumo","national","2.15000","6.77890","8846.08125"
"NRU","Nauru","2001","consumo","national","2.15000","6.40290","8278.92548"
"NRU","Nauru","2002","consumo","national","2.15000","6.18920","7488.89153"
"NRU","Nauru","2003","consumo","national","2.15000","6.10640","7527.37549"
"NRU","Nauru","2004","consumo","national","2.15000","6.01430","7201.87094"
"NRU","Nauru","2005","consumo","national","2.15000","6.19800","7209.75437"
"NRU","Nauru","2006","consumo","national","2.15000","5.88080","7830.71819"
"NRU","Nauru","2007","consumo","national","2.15000","5.73610","6110.38388"
"NRU","Nauru","2008","consumo","national","2.15000","5.98010","7340.51911"
"NRU","Nauru","2009","consumo","national","2.15000","5.85360","6927.86734"
"NRU","Nauru","2010","consumo","national","2.15000","6.13620","6909.24219"
"NRU","Nauru","2011","consumo","national","2.15000","6.92940","7882.14106"
"NRU","Nauru","2012","consumo","national","2.15000","7.46020","9640.80144"
"NRU","Nauru","2013","consumo","national","2.15000","7.85610","9799.73803"
"NRU","Nauru","2014","consumo","national","2.15000","8.24320","11114.39123"
"NRU","Nauru","2015","consumo","national","2.15000","8.35060","11271.91227"
"NRU","Nauru","2016","consumo","national","2.15000","8.18690","11531.36301"
"NRU","Nauru","2017","consumo","national","2.15000","7.89510","10633.27664"
"NRU","Nauru","2018","consumo","national","2.15000","8.03990","10402.61310"
"NRU","Nauru","2019","consumo","national","2.15000","8.27540","11184.52849"
"NRU","Nauru","2020","consumo","national","2.15000","8.51480","11306.02077"
"NRU","Nauru","2021","consumo","national","2.15000","8.78430","12113.78776"
"NRU","Nauru","2022","consumo","national","2.15000","8.84970","12019.34929"
"NRU","Nauru","2023","consumo","national","2.15000","8.87610","11858.51847"
"NRU","Nauru","2024","consumo","national","2.15000","8.93690","11957.87855"
"NRU","Nauru","2025","consumo","national","2.15000","9.00300","12134.89209"
"NPL","Nepal","1990","consumo","national","2.15000","2.55720","1808.26490"
"NPL","Nepal","1991","consumo","national","2.15000","2.60200","1874.27514"
"NPL","Nepal","1992","consumo","national","2.15000","2.62270","1896.97166"
"NPL","Nepal","1993","consumo","national","2.15000","2.68030","1916.94353"
"NPL","Nepal","1994","consumo","national","2.15000","2.74390","2023.11520"
"NPL","Nepal","1995","consumo","national","2.15000","2.78130","2043.60517"
"NPL","Nepal","1996","consumo","national","2.15000","2.91230","2105.50833"
"NPL","Nepal","1997","consumo","national","2.15000","3.05340","2166.31263"
"NPL","Nepal","1998","consumo","national","2.15000","3.17450","2188.22202"
"NPL","Nepal","1999","consumo","national","2.15000","3.41800","2242.65012"
"NPL","Nepal","2000","consumo","national","2.15000","3.69750","2340.81563"
"NPL","Nepal","2001","consumo","national","2.15000","3.77320","2413.81421"
"NPL","Nepal","2002","consumo","national","2.15000","3.80300","2380.24425"
"NPL","Nepal","2003","consumo","national","2.15000","4.02500","2439.49480"
"NPL","Nepal","2004","consumo","national","2.15000","4.20990","2521.54105"
"NPL","Nepal","2005","consumo","national","2.15000","4.35280","2580.23106"
"NPL","Nepal","2006","consumo","national","2.15000","4.50460","2641.34799"
"NPL","Nepal","2007","consumo","national","2.15000","4.74670","2708.71439"
"NPL","Nepal","2008","consumo","national","2.15000","5.04450","2852.60983"
"NPL","Nepal","2009","consumo","national","2.15000","5.31070","2961.83900"
"NPL","Nepal","2010","consumo","national","2.15000","5.55740","3085.31407"
"NPL","Nepal","2011","consumo","national","2.15000","5.82560","3176.65041"
"NPL","Nepal","2012","consumo","national","2.15000","6.12240","3316.50073"
"NPL","Nepal","2013","consumo","national","2.15000","6.47020","3426.55796"
"NPL","Nepal","2014","consumo","national","2.15000","6.84260","3621.73169"
"NPL","Nepal","2015","consumo","national","2.15000","6.99160","3745.26182"
"NPL","Nepal","2016","consumo","national","2.15000","7.33190","3743.74458"
"NPL","Nepal","2017","consumo","national","2.15000","8.03390","4071.70432"
"NPL","Nepal","2018","consumo","national","2.15000","8.62310","4371.38572"
"NPL","Nepal","2019","consumo","national","2.15000","8.70190","4607.52455"
"NPL","Nepal","2020","consumo","national","2.15000","8.61000","4412.54204"
"NPL","Nepal","2021","consumo","national","2.15000","8.97890","4546.22970"
"NPL","Nepal","2022","consumo","national","2.15000","9.32190","4763.38751"
"NPL","Nepal","2023","consumo","national","2.15000","9.56130","4861.23030"
"NPL","Nepal","2024","consumo","national","2.15000","9.81740","5047.42449"
"NPL","Nepal","2025","consumo","national","2.15000","10.11560","5276.92388"
"NIC","Nicaragua","1990","consumo","national","2.15000","7.17820","4217.60862"
"NIC","Nicaragua","1991","consumo","national","2.15000","7.05440","4113.68724"
"NIC","Nicaragua","1992","consumo","national","2.15000","6.96260","4037.27524"
"NIC","Nicaragua","1993","consumo","national","2.15000","6.83810","3934.09251"
"NIC","Nicaragua","1994","consumo","national","2.15000","6.74750","3979.98509"
"NIC","Nicaragua","1995","consumo","national","2.15000","6.77550","4130.28587"
"NIC","Nicaragua","1996","consumo","national","2.15000","6.82860","4311.49290"
"NIC","Nicaragua","1997","consumo","national","2.15000","6.77860","4408.32863"
"NIC","Nicaragua","1998","consumo","national","2.15000","6.72040","4502.59809"
"NIC","Nicaragua","1999","consumo","national","2.15000","6.64640","4750.94857"
"NIC","Nicaragua","2000","consumo","national","2.15000","6.43130","4878.24747"
"NIC","Nicaragua","2001","consumo","national","2.15000","6.16160","4958.32740"
"NIC","Nicaragua","2002","consumo","national","2.15000","6.04450","4935.48508"
"NIC","Nicaragua","2003","consumo","national","2.15000","6.00230","5000.61146"
"NIC","Nicaragua","2004","consumo","national","2.15000","6.07270","5204.38171"
"NIC","Nicaragua","2005","consumo","national","2.15000","6.09440","5356.95818"
"NIC","Nicaragua","2006","consumo","national","2.15000","6.20860","5500.40544"
"NIC","Nicaragua","2007","consumo","national","2.15000","6.36410","5697.21074"
"NIC","Nicaragua","2008","ingreso","national","2.15000","9.87660","5809.09929"
"NIC","Nicaragua","2009","ingreso","national","2.15000","9.41630","5538.36555"
"NIC","Nicaragua","2010","ingreso","national","2.15000","9.90130","5701.12755"
"NIC","Nicaragua","2011","ingreso","national","2.15000","10.72110","5976.25248"
"NIC","Nicaragua","2012","ingreso","national","2.15000","11.61360","6275.78730"
"NIC","Nicaragua","2013","ingreso","national","2.15000","12.26430","6494.14921"
"NIC","Nicaragua","2014","ingreso","national","2.15000","12.91410","6712.21708"
"NIC","Nicaragua","2015","ingreso","national","2.15000","13.35040","6939.03243"
"NIC","Nicaragua","2016","ingreso","national","2.15000","13.77320","7158.75755"
"NIC","Nicaragua","2017","ingreso","national","2.15000","14.22040","7391.19638"
"NIC","Nicaragua","2018","ingreso","national","2.15000","13.56210","7049.02710"
"NIC","Nicaragua","2019","ingreso","national","2.15000","12.99940","6756.59334"
"NIC","Nicaragua","2020","ingreso","national","2.15000","12.55070","6523.36945"
"NIC","Nicaragua","2021","ingreso","national","2.15000","13.69700","7119.16875"
"NIC","Nicaragua","2022","ingreso","national","2.15000","14.00230","7277.82042"
"NIC","Nicaragua","2023","ingreso","national","2.15000","14.42300","7496.53057"
"NIC","Nicaragua","2024","ingreso","national","2.15000","14.74060","7661.09410"
"NIC","Nicaragua","2025","ingreso","national","2.15000","15.00850","7933.48888"
"NGA","Nigeria","1990","consumo","national","2.15000","3.86830","5423.80690"
"NGA","Nigeria","1991","consumo","national","2.15000","3.75800","5301.36342"
"NGA","Nigeria","1992","consumo","national","2.15000","3.75850","5403.15312"
"NGA","Nigeria","1993","consumo","national","2.15000","3.72030","5154.75758"
"NGA","Nigeria","1994","consumo","national","2.15000","3.68650","4929.26828"
"NGA","Nigeria","1995","consumo","national","2.15000","3.69600","4797.51152"
"NGA","Nigeria","1996","consumo","national","2.15000","3.81430","4869.82113"
"NGA","Nigeria","1997","consumo","national","2.15000","3.78240","4884.04743"
"NGA","Nigeria","1998","consumo","national","2.15000","3.70130","4880.87997"
"NGA","Nigeria","1999","consumo","national","2.15000","3.57040","4781.67311"
"NGA","Nigeria","2000","consumo","national","2.15000","3.54700","4889.00322"
"NGA","Nigeria","2001","consumo","national","2.15000","3.54230","5039.54870"
"NGA","Nigeria","2002","consumo","national","2.15000","3.75690","5654.89706"
"NGA","Nigeria","2003","consumo","national","2.15000","3.78250","5905.31483"
"NGA","Nigeria","2004","consumo","national","2.15000","3.88240","6275.29895"
"NGA","Nigeria","2005","consumo","national","2.15000","3.97410","6496.93228"
"NGA","Nigeria","2006","consumo","national","2.15000","4.05840","6702.94533"
"NGA","Nigeria","2007","consumo","national","2.15000","4.15840","6949.42651"
"NGA","Nigeria","2008","consumo","national","2.15000","4.26530","7215.76946"
"NGA","Nigeria","2009","consumo","national","2.15000","4.41050","7581.40572"
"NGA","Nigeria","2010","consumo","national","2.15000","4.55960","7962.63957"
"NGA","Nigeria","2011","consumo","national","2.15000","4.61400","8153.53179"
"NGA","Nigeria","2012","consumo","national","2.15000","4.63450","8265.90551"
"NGA","Nigeria","2013","consumo","national","2.15000","4.75360","8581.20782"
"NGA","Nigeria","2014","consumo","national","2.15000","4.86860","8884.77429"
"NGA","Nigeria","2015","consumo","national","2.15000","4.88950","8892.05799"
"NGA","Nigeria","2016","consumo","national","2.15000","4.81560","8534.69281"
"NGA","Nigeria","2017","consumo","national","2.15000","4.80460","8396.78452"
"NGA","Nigeria","2018","consumo","national","2.15000","4.80190","8362.62331"
"NGA","Nigeria","2019","consumo","national","2.15000","4.80160","8361.78665"
"NGA","Nigeria","2020","consumo","national","2.15000","4.38810","7664.21100"
"NGA","Nigeria","2021","consumo","national","2.15000","4.25190","7588.47886"
"NGA","Nigeria","2022","consumo","national","2.15000","4.20870","7752.26206"
"NGA","Nigeria","2023","consumo","national","2.15000","4.16650","7843.00399"
"NGA","Nigeria","2024","consumo","national","2.15000","4.22240","7994.03754"
"NGA","Nigeria","2025","consumo","national","2.15000","4.27530","8145.14808"
"NOR","Noruega","1990","ingreso","national","2.15000","45.88070","56608.25475"
"NOR","Noruega","1991","ingreso","national","2.15000","47.41010","57949.69868"
"NOR","Noruega","1992","ingreso","national","2.15000","47.53830","59669.75902"
"NOR","Noruega","1993","ingreso","national","2.15000","47.66060","61019.81610"
"NOR","Noruega","1994","ingreso","national","2.15000","47.87040","63730.89646"
"NOR","Noruega","1995","ingreso","national","2.15000","48.10670","66033.88378"
"NOR","Noruega","1996","ingreso","national","2.15000","51.43950","68964.97562"
"NOR","Noruega","1997","ingreso","national","2.15000","53.00140","72084.81392"
"NOR","Noruega","1998","ingreso","national","2.15000","54.38780","73610.18967"
"NOR","Noruega","1999","ingreso","national","2.15000","56.32110","74703.51991"
"NOR","Noruega","2000","ingreso","national","2.15000","58.62250","76775.94206"
"NOR","Noruega","2001","ingreso","national","2.15000","59.47140","78041.01463"
"NOR","Noruega","2002","ingreso","national","2.15000","60.90910","78752.59316"
"NOR","Noruega","2003","ingreso","national","2.15000","62.38840","79150.39629"
"NOR","Noruega","2004","ingreso","national","2.15000","65.92420","82091.19350"
"NOR","Noruega","2005","ingreso","national","2.15000","67.54510","83955.33650"
"NOR","Noruega","2006","ingreso","national","2.15000","64.89080","85653.13678"
"NOR","Noruega","2007","ingreso","national","2.15000","71.72130","87670.86180"
"NOR","Noruega","2008","ingreso","national","2.15000","74.29370","87297.39803"
"NOR","Noruega","2009","ingreso","national","2.15000","74.37080","84812.68513"
"NOR","Noruega","2010","ingreso","national","2.15000","74.59580","84604.51439"
"NOR","Noruega","2011","ingreso","national","2.15000","78.26820","84670.83444"
"NOR","Noruega","2012","ingreso","national","2.15000","80.07190","85925.87234"
"NOR","Noruega","2013","ingreso","national","2.15000","84.03030","85973.76950"
"NOR","Noruega","2014","ingreso","national","2.15000","85.36620","86790.79246"
"NOR","Noruega","2015","ingreso","national","2.15000","86.39040","87688.11967"
"NOR","Noruega","2016","ingreso","national","2.15000","85.95490","88041.64148"
"NOR","Noruega","2017","ingreso","national","2.15000","84.28300","89664.90864"
"NOR","Noruega","2018","ingreso","national","2.15000","84.94590","90064.06880"
"NOR","Noruega","2019","ingreso","national","2.15000","87.23400","90772.90170"
"NOR","Noruega","2020","ingreso","national","2.15000","84.39290","89012.27238"
"NOR","Noruega","2021","ingreso","national","2.15000","87.08480","92205.76986"
"NOR","Noruega","2022","ingreso","national","2.15000","84.81490","95109.82016"
"NOR","Noruega","2023","ingreso","national","2.15000","86.74120","94364.96418"
"NOR","Noruega","2024","ingreso","national","2.15000","87.72310","94803.67049"
"NOR","Noruega","2025","ingreso","national","2.15000","88.08510","95173.43082"
"NZL","Nueva Zelanda","1990","ingreso","national","2.15000","30.01050","30785.70175"
"NZL","Nueva Zelanda","1991","ingreso","national","2.15000","29.19310","29014.14994"
"NZL","Nueva Zelanda","1992","ingreso","national","2.15000","29.71470","29029.58114"
"NZL","Nueva Zelanda","1993","ingreso","national","2.15000","31.10670","30532.58802"
"NZL","Nueva Zelanda","1994","ingreso","national","2.15000","32.54080","31669.54065"
"NZL","Nueva Zelanda","1995","ingreso","national","2.15000","33.69400","32687.46577"
"NZL","Nueva Zelanda","1996","ingreso","national","2.15000","33.89540","33329.53010"
"NZL","Nueva Zelanda","1997","ingreso","national","2.15000","34.61680","33577.72550"
"NZL","Nueva Zelanda","1998","ingreso","national","2.15000","36.17190","33565.73122"
"NZL","Nueva Zelanda","1999","ingreso","national","2.15000","37.35350","35187.23572"
"NZL","Nueva Zelanda","2000","ingreso","national","2.15000","37.95070","35984.62880"
"NZL","Nueva Zelanda","2001","ingreso","national","2.15000","39.71130","36995.06032"
"NZL","Nueva Zelanda","2002","ingreso","national","2.15000","40.69690","38072.27138"
"NZL","Nueva Zelanda","2003","ingreso","national","2.15000","42.24330","39092.34552"
"NZL","Nueva Zelanda","2004","ingreso","national","2.15000","42.98190","40091.13995"
"NZL","Nueva Zelanda","2005","ingreso","national","2.15000","44.64680","40970.29584"
"NZL","Nueva Zelanda","2006","ingreso","national","2.15000","45.33130","41596.83113"
"NZL","Nueva Zelanda","2007","ingreso","national","2.15000","45.90570","42473.11826"
"NZL","Nueva Zelanda","2008","ingreso","national","2.15000","45.82710","41682.24591"
"NZL","Nueva Zelanda","2009","ingreso","national","2.15000","45.59140","41250.99857"
"NZL","Nueva Zelanda","2010","ingreso","national","2.15000","45.92860","41395.37038"
"NZL","Nueva Zelanda","2011","ingreso","national","2.15000","47.06910","41961.92023"
"NZL","Nueva Zelanda","2012","ingreso","national","2.15000","48.44950","42693.42345"
"NZL","Nueva Zelanda","2013","ingreso","national","2.15000","49.58450","43453.28142"
"NZL","Nueva Zelanda","2014","ingreso","national","2.15000","48.48530","44369.76642"
"NZL","Nueva Zelanda","2015","ingreso","national","2.15000","51.14550","45097.01647"
"NZL","Nueva Zelanda","2016","ingreso","national","2.15000","53.62670","45746.13598"
"NZL","Nueva Zelanda","2017","ingreso","national","2.15000","52.94350","46285.98110"
"NZL","Nueva Zelanda","2018","ingreso","national","2.15000","54.10040","46974.68184"
"NZL","Nueva Zelanda","2019","ingreso","national","2.15000","52.83440","47392.19331"
"NZL","Nueva Zelanda","2020","ingreso","national","2.15000","54.17440","46326.38047"
"NZL","Nueva Zelanda","2021","ingreso","national","2.15000","54.12640","48202.09134"
"NZL","Nueva Zelanda","2022","ingreso","national","2.15000","53.72740","49842.98453"
"NZL","Nueva Zelanda","2023","ingreso","national","2.15000","55.22680","49592.58755"
"NZL","Nueva Zelanda","2024","ingreso","national","2.15000","56.45440","48325.36510"
"NZL","Nueva Zelanda","2025","ingreso","national","2.15000","55.69160","48232.66520"
"NER","Níger","1990","consumo","national","2.15000","2.01200","1420.23063"
"NER","Níger","1991","consumo","national","2.15000","1.96300","1370.83565"
"NER","Níger","1992","consumo","national","2.15000","1.94740","1355.33099"
"NER","Níger","1993","consumo","national","2.15000","1.86580","1317.38597"
"NER","Níger","1994","consumo","national","2.15000","1.70870","1299.34992"
"NER","Níger","1995","consumo","national","2.15000","1.69790","1287.93638"
"NER","Níger","1996","consumo","national","2.15000","1.70860","1246.83503"
"NER","Níger","1997","consumo","national","2.15000","1.73520","1224.53934"
"NER","Níger","1998","consumo","national","2.15000","1.86180","1301.84495"
"NER","Níger","1999","consumo","national","2.15000","1.86380","1255.05402"
"NER","Níger","2000","consumo","national","2.15000","1.85140","1197.63477"
"NER","Níger","2001","consumo","national","2.15000","1.94600","1240.38544"
"NER","Níger","2002","consumo","national","2.15000","2.01230","1256.23701"
"NER","Níger","2003","consumo","national","2.15000","2.04080","1238.58781"
"NER","Níger","2004","consumo","national","2.15000","2.04270","1199.15938"
"NER","Níger","2005","consumo","national","2.15000","2.14120","1241.20065"
"NER","Níger","2006","consumo","national","2.15000","2.21760","1267.60141"
"NER","Níger","2007","consumo","national","2.15000","2.19630","1260.18545"
"NER","Níger","2008","consumo","national","2.15000","2.66550","1308.27517"
"NER","Níger","2009","consumo","national","2.15000","2.37330","1285.27757"
"NER","Níger","2010","consumo","national","2.15000","2.76160","1344.49887"
"NER","Níger","2011","consumo","national","2.15000","2.89570","1325.92647"
"NER","Níger","2012","consumo","national","2.15000","3.06920","1411.52001"
"NER","Níger","2013","consumo","national","2.15000","3.10940","1431.71115"
"NER","Níger","2014","consumo","national","2.15000","3.18830","1471.50555"
"NER","Níger","2015","consumo","national","2.15000","3.21320","1480.39815"
"NER","Níger","2016","consumo","national","2.15000","3.29280","1488.08648"
"NER","Níger","2017","consumo","national","2.15000","3.34870","1515.48307"
"NER","Níger","2018","consumo","national","2.15000","3.49990","1565.01970"
"NER","Níger","2019","consumo","national","2.15000","3.54420","1605.19477"
"NER","Níger","2020","consumo","national","2.15000","3.45190","1622.27874"
"NER","Níger","2021","consumo","national","2.15000","3.31120","1587.84785"
"NER","Níger","2022","consumo","national","2.15000","3.45340","1724.89699"
"NER","Níger","2023","consumo","national","2.15000","3.41400","1712.97032"
"NER","Níger","2024","consumo","national","2.15000","3.57510","1795.65267"
"NER","Níger","2025","consumo","national","2.15000","3.64530","1860.54858"
"OMN","Omán","1990","consumo","national","2.15000","16.43940","35201.55249"
"OMN","Omán","1991","consumo","national","2.15000","16.93150","35574.67614"
"OMN","Omán","1992","consumo","national","2.15000","17.59750","36841.40116"
"OMN","Omán","1993","consumo","national","2.15000","18.11770","37455.34026"
"OMN","Omán","1994","consumo","national","2.15000","18.56600","37782.72383"
"OMN","Omán","1995","consumo","national","2.15000","19.19980","38946.77427"
"OMN","Omán","1996","consumo","national","2.15000","19.68970","39455.82641"
"OMN","Omán","1997","consumo","national","2.15000","20.43740","41191.03124"
"OMN","Omán","1998","consumo","national","2.15000","20.66880","40574.67449"
"OMN","Omán","1999","consumo","national","2.15000","20.92020","40145.93128"
"OMN","Omán","2000","consumo","national","2.15000","21.68450","42086.04315"
"OMN","Omán","2001","consumo","national","2.15000","22.30910","43492.28638"
"OMN","Omán","2002","consumo","national","2.15000","22.39630","42654.14827"
"OMN","Omán","2003","consumo","national","2.15000","22.28730","41247.58737"
"OMN","Omán","2004","consumo","national","2.15000","22.59760","41351.76874"
"OMN","Omán","2005","consumo","national","2.15000","22.87140","41551.14138"
"OMN","Omán","2006","consumo","national","2.15000","23.34020","42540.43985"
"OMN","Omán","2007","ingreso","national","2.15000","38.46960","43696.96914"
"OMN","Omán","2008","ingreso","national","2.15000","41.38390","46586.39559"
"OMN","Omán","2009","ingreso","national","2.15000","43.20230","48304.11789"
"OMN","Omán","2010","ingreso","national","2.15000","43.61860","48191.61451"
"OMN","Omán","2011","ingreso","national","2.15000","41.11700","44440.30926"
"OMN","Omán","2012","ingreso","national","2.15000","39.48580","41964.08286"
"OMN","Omán","2013","ingreso","national","2.15000","38.92720","40854.48535"
"OMN","Omán","2014","ingreso","national","2.15000","38.23730","39639.98705"
"OMN","Omán","2015","ingreso","national","2.15000","38.65650","39813.78871"
"OMN","Omán","2016","ingreso","national","2.15000","38.93380","39860.98939"
"OMN","Omán","2017","ingreso","national","2.15000","38.15020","38691.10771"
"OMN","Omán","2018","ingreso","national","2.15000","38.32290","38673.60454"
"OMN","Omán","2019","ingreso","national","2.15000","38.15850","38292.38597"
"OMN","Omán","2020","ingreso","national","2.15000","36.47600","37560.59987"
"OMN","Omán","2021","ingreso","national","2.15000","36.56590","38719.45877"
"OMN","Omán","2022","ingreso","national","2.15000","38.51920","39780.21228"
"OMN","Omán","2023","ingreso","national","2.15000","37.99450","37793.61640"
"OMN","Omán","2024","ingreso","national","2.15000","37.31650","36721.08045"
"OMN","Omán","2025","ingreso","national","2.15000","36.73220","36142.94398"
"PAK","Pakistán","1990","consumo","national","2.15000","2.36080","3199.72963"
"PAK","Pakistán","1991","consumo","national","2.15000","2.74440","3252.35104"
"PAK","Pakistán","1992","consumo","national","2.15000","3.16920","3404.12138"
"PAK","Pakistán","1993","consumo","national","2.15000","3.13800","3369.23796"
"PAK","Pakistán","1994","consumo","national","2.15000","3.47530","3395.50432"
"PAK","Pakistán","1995","consumo","national","2.15000","3.49300","3462.47336"
"PAK","Pakistán","1996","consumo","national","2.15000","3.71850","3526.14161"
"PAK","Pakistán","1997","consumo","national","2.15000","3.79630","3462.58146"
"PAK","Pakistán","1998","consumo","national","2.15000","3.79010","3454.17665"
"PAK","Pakistán","1999","consumo","national","2.15000","3.73040","3484.45678"
"PAK","Pakistán","2000","consumo","national","2.15000","3.59310","3531.71292"
"PAK","Pakistán","2001","consumo","national","2.15000","3.43860","3559.72785"
"PAK","Pakistán","2002","consumo","national","2.15000","3.41980","3563.67847"
"PAK","Pakistán","2003","consumo","national","2.15000","3.66940","3668.77939"
"PAK","Pakistán","2004","consumo","national","2.15000","3.98050","3859.64602"
"PAK","Pakistán","2005","consumo","national","2.15000","4.13320","4042.15458"
"PAK","Pakistán","2006","consumo","national","2.15000","4.27740","4185.86656"
"PAK","Pakistán","2007","consumo","national","2.15000","4.33510","4257.92557"
"PAK","Pakistán","2008","consumo","national","2.15000","4.58240","4233.34831"
"PAK","Pakistán","2009","consumo","national","2.15000","4.40750","4270.43882"
"PAK","Pakistán","2010","consumo","national","2.15000","4.61740","4228.78177"
"PAK","Pakistán","2011","consumo","national","2.15000","4.71740","4246.06711"
"PAK","Pakistán","2012","consumo","national","2.15000","4.85510","4292.02110"
"PAK","Pakistán","2013","consumo","national","2.15000","5.01940","4407.14706"
"PAK","Pakistán","2014","consumo","national","2.15000","5.18930","4520.23463"
"PAK","Pakistán","2015","consumo","national","2.15000","5.44860","4645.28631"
"PAK","Pakistán","2016","consumo","national","2.15000","5.58830","4886.61212"
"PAK","Pakistán","2017","consumo","national","2.15000","5.58290","5031.56061"
"PAK","Pakistán","2018","consumo","national","2.15000","5.52980","5255.06351"
"PAK","Pakistán","2019","consumo","national","2.15000","5.39450","5295.95295"
"PAK","Pakistán","2020","consumo","national","2.15000","5.43140","5135.01459"
"PAK","Pakistán","2021","consumo","national","2.15000","5.43230","5367.27365"
"PAK","Pakistán","2022","consumo","national","2.15000","5.43240","5526.27928"
"PAK","Pakistán","2023","consumo","national","2.15000","5.43240","5418.76932"
"PAK","Pakistán","2024","consumo","national","2.15000","5.43250","5502.07361"
"PAK","Pakistán","2025","consumo","national","2.15000","5.44370","5617.25078"
"PLW","Palau","1990","consumo","national","2.15000","11.38570","17807.53008"
"PLW","Palau","1991","consumo","national","2.15000","11.56470","18256.29920"
"PLW","Palau","1992","consumo","national","2.15000","11.18900","16687.11632"
"PLW","Palau","1993","consumo","national","2.15000","10.52470","14292.23830"
"PLW","Palau","1994","consumo","national","2.15000","10.81130","14971.62059"
"PLW","Palau","1995","consumo","national","2.15000","11.26300","16193.14492"
"PLW","Palau","1996","consumo","national","2.15000","11.70610","17412.42784"
"PLW","Palau","1997","consumo","national","2.15000","11.78020","17366.31228"
"PLW","Palau","1998","consumo","national","2.15000","11.84920","17315.83418"
"PLW","Palau","1999","consumo","national","2.15000","11.56100","16054.05035"
"PLW","Palau","2000","consumo","national","2.15000","11.46010","15410.17403"
"PLW","Palau","2001","consumo","national","2.15000","11.91740","16393.45210"
"PLW","Palau","2002","consumo","national","2.15000","12.29230","17033.49027"
"PLW","Palau","2003","consumo","national","2.15000","12.34110","16538.76884"
"PLW","Palau","2004","consumo","national","2.15000","12.67970","16974.06829"
"PLW","Palau","2005","consumo","national","2.15000","13.01820","17464.62082"
"PLW","Palau","2006","consumo","national","2.15000","13.26070","17706.36736"
"PLW","Palau","2007","consumo","national","2.15000","13.59780","18096.79895"
"PLW","Palau","2008","consumo","national","2.15000","13.53190","17355.24230"
"PLW","Palau","2009","consumo","national","2.15000","13.36720","16541.12063"
"PLW","Palau","2010","consumo","national","2.15000","13.41100","16313.42877"
"PLW","Palau","2011","consumo","national","2.15000","13.87440","17354.93368"
"PLW","Palau","2012","consumo","national","2.15000","14.11290","18024.75410"
"PLW","Palau","2013","consumo","national","2.15000","13.98430","17891.37844"
"PLW","Palau","2014","consumo","national","2.15000","14.22380","18574.78895"
"PLW","Palau","2015","consumo","national","2.15000","14.61180","20104.23154"
"PLW","Palau","2016","ingreso","national","2.15000","17.07700","20408.26133"
"PLW","Palau","2017","ingreso","national","2.15000","16.55410","19693.40824"
"PLW","Palau","2018","ingreso","national","2.15000","16.32060","19608.96170"
"PLW","Palau","2019","ingreso","national","2.15000","16.25370","19685.60380"
"PLW","Palau","2020","ingreso","national","2.15000","15.22030","18509.24919"
"PLW","Palau","2021","consumo","national","2.15000","12.88620","16312.19022"
"PLW","Palau","2022","consumo","national","2.15000","13.06810","16258.62713"
"PLW","Palau","2023","ingreso","national","2.15000","14.12410","16487.15375"
"PLW","Palau","2024","ingreso","national","2.15000","14.61950","18499.99219"
"PLW","Palau","2025","ingreso","national","2.15000","16.33090","19698.59470"
"PSE","Palestina","1994","consumo","national","2.15000","12.18590","3966.68875"
"PSE","Palestina","1995","consumo","national","2.15000","12.39300","4062.96290"
"PSE","Palestina","1996","consumo","national","2.15000","12.11380","3932.22695"
"PSE","Palestina","1997","consumo","national","2.15000","12.93180","4311.53877"
"PSE","Palestina","1998","consumo","national","2.15000","13.96820","4805.19157"
"PSE","Palestina","1999","consumo","national","2.15000","14.51080","5071.82122"
"PSE","Palestina","2000","consumo","national","2.15000","13.40740","4520.88993"
"PSE","Palestina","2001","consumo","national","2.15000","12.31880","3996.50878"
"PSE","Palestina","2002","consumo","national","2.15000","11.05150","3409.17287"
"PSE","Palestina","2003","consumo","national","2.15000","11.91330","3788.92653"
"PSE","Palestina","2004","consumo","national","2.15000","13.48510","4503.08034"
"PSE","Palestina","2005","consumo","national","2.15000","14.05620","4885.07252"
"PSE","Palestina","2006","consumo","national","2.15000","14.08840","4714.37332"
"PSE","Palestina","2007","consumo","national","2.15000","12.96490","4769.52328"
"PSE","Palestina","2008","consumo","national","2.15000","13.78670","4984.80580"
"PSE","Palestina","2009","consumo","national","2.15000","14.86380","5270.66332"
"PSE","Palestina","2010","consumo","national","2.15000","14.99850","5432.24363"
"PSE","Palestina","2011","consumo","national","2.15000","14.96900","5805.32115"
"PSE","Palestina","2012","consumo","national","2.15000","15.07150","6009.10926"
"PSE","Palestina","2013","consumo","national","2.15000","15.03590","6142.20204"
"PSE","Palestina","2014","consumo","national","2.15000","14.51110","5990.42662"
"PSE","Palestina","2015","consumo","national","2.15000","14.38330","6072.65032"
"PSE","Palestina","2016","consumo","national","2.15000","14.75310","6464.13353"
"PSE","Palestina","2017","consumo","national","2.15000","14.52820","6426.79522"
"PSE","Palestina","2018","consumo","national","2.15000","14.56730","6342.93748"
"PSE","Palestina","2019","consumo","national","2.15000","14.62040","6269.89135"
"PSE","Palestina","2020","consumo","national","2.15000","13.39350","5423.68255"
"PSE","Palestina","2021","consumo","national","2.15000","13.96650","5663.12161"
"PSE","Palestina","2022","consumo","national","2.15000","15.59440","5753.08396"
"PSE","Palestina","2023","consumo","national","2.15000","15.01800","5562.42443"
"PSE","Palestina","2024","consumo","national","2.15000","12.04600","4190.90911"
"PSE","Palestina","2025","consumo","national","2.15000","12.22720","4272.45762"
"PAN","Panamá","1990","ingreso","national","2.15000","11.09880","10263.69284"
"PAN","Panamá","1991","ingreso","national","2.15000","11.50950","10994.55388"
"PAN","Panamá","1992","ingreso","national","2.15000","13.42090","11649.80024"
"PAN","Panamá","1993","ingreso","national","2.15000","14.53760","12032.81226"
"PAN","Panamá","1994","ingreso","national","2.15000","14.22710","12123.35393"
"PAN","Panamá","1995","ingreso","national","2.15000","14.69450","12086.64812"
"PAN","Panamá","1996","ingreso","national","2.15000","14.83200","12327.85629"
"PAN","Panamá","1997","ingreso","national","2.15000","15.22230","13013.89599"
"PAN","Panamá","1998","ingreso","national","2.15000","14.57970","13826.53768"
"PAN","Panamá","1999","ingreso","national","2.15000","15.31640","14261.74646"
"PAN","Panamá","2000","ingreso","national","2.15000","16.26620","14572.98087"
"PAN","Panamá","2001","ingreso","national","2.15000","14.31350","14427.83554"
"PAN","Panamá","2002","ingreso","national","2.15000","15.63630","14507.14942"
"PAN","Panamá","2003","ingreso","national","2.15000","15.90620","14957.55905"
"PAN","Panamá","2004","ingreso","national","2.15000","16.19030","15875.11882"
"PAN","Panamá","2005","ingreso","national","2.15000","15.97980","16867.96745"
"PAN","Panamá","2006","ingreso","national","2.15000","16.18670","18190.28115"
"PAN","Panamá","2007","ingreso","national","2.15000","16.91660","20208.82939"
"PAN","Panamá","2008","ingreso","national","2.15000","20.38410","21867.82722"
"PAN","Panamá","2009","ingreso","national","2.15000","20.43970","21822.99614"
"PAN","Panamá","2010","ingreso","national","2.15000","20.92990","22739.11941"
"PAN","Panamá","2011","ingreso","national","2.15000","23.16710","24999.47027"
"PAN","Panamá","2012","ingreso","national","2.15000","23.44770","26926.89569"
"PAN","Panamá","2013","ingreso","national","2.15000","24.28980","28135.33878"
"PAN","Panamá","2014","ingreso","national","2.15000","24.40200","28931.81564"
"PAN","Panamá","2015","ingreso","national","2.15000","26.65510","29933.16715"
"PAN","Panamá","2016","ingreso","national","2.15000","28.01210","30765.24907"
"PAN","Panamá","2017","ingreso","national","2.15000","27.85710","31979.82464"
"PAN","Panamá","2018","ingreso","national","2.15000","29.36740","32681.47299"
"PAN","Panamá","2019","ingreso","national","2.15000","30.37280","33163.71728"
"PAN","Panamá","2020","ingreso","national","2.15000","27.07300","26881.82772"
"PAN","Panamá","2021","ingreso","national","2.15000","27.98920","30932.76278"
"PAN","Panamá","2022","ingreso","national","2.15000","27.41670","33915.16933"
"PAN","Panamá","2023","ingreso","national","2.15000","27.32280","35872.97192"
"PAN","Panamá","2024","ingreso","national","2.15000","28.70010","36394.92354"
"PAN","Panamá","2025","ingreso","national","2.15000","29.48140","37516.17964"
"PNG","Papúa Nueva Guinea","1990","consumo","national","2.15000","2.75320","3164.55429"
"PNG","Papúa Nueva Guinea","1991","consumo","national","2.15000","2.87130","3358.61893"
"PNG","Papúa Nueva Guinea","1992","consumo","national","2.15000","3.07000","3690.81787"
"PNG","Papúa Nueva Guinea","1993","consumo","national","2.15000","3.37040","4206.96808"
"PNG","Papúa Nueva Guinea","1994","consumo","national","2.15000","3.42170","4298.44185"
"PNG","Papúa Nueva Guinea","1995","consumo","national","2.15000","3.26060","4009.23567"
"PNG","Papúa Nueva Guinea","1996","consumo","national","2.15000","3.35070","4167.57014"
"PNG","Papúa Nueva Guinea","1997","consumo","national","2.15000","3.24770","3864.72542"
"PNG","Papúa Nueva Guinea","1998","consumo","national","2.15000","3.15050","3590.56012"
"PNG","Papúa Nueva Guinea","1999","consumo","national","2.15000","3.17780","3532.11204"
"PNG","Papúa Nueva Guinea","2000","consumo","national","2.15000","3.10950","3327.22486"
"PNG","Papúa Nueva Guinea","2001","consumo","national","2.15000","3.09350","3212.17085"
"PNG","Papúa Nueva Guinea","2002","consumo","national","2.15000","3.07650","3101.19240"
"PNG","Papúa Nueva Guinea","2003","consumo","national","2.15000","3.10860","3064.83667"
"PNG","Papúa Nueva Guinea","2004","consumo","national","2.15000","3.15280","3046.72322"
"PNG","Papúa Nueva Guinea","2005","consumo","national","2.15000","3.27640","3136.98757"
"PNG","Papúa Nueva Guinea","2006","consumo","national","2.15000","3.38370","3202.89764"
"PNG","Papúa Nueva Guinea","2007","consumo","national","2.15000","3.55070","3346.27900"
"PNG","Papúa Nueva Guinea","2008","consumo","national","2.15000","3.52710","3234.33248"
"PNG","Papúa Nueva Guinea","2009","consumo","national","2.15000","3.67640","3350.07264"
"PNG","Papúa Nueva Guinea","2010","consumo","national","2.15000","3.89560","3579.63001"
"PNG","Papúa Nueva Guinea","2011","consumo","national","2.15000","3.84660","3515.28313"
"PNG","Papúa Nueva Guinea","2012","consumo","national","2.15000","3.89460","3577.91015"
"PNG","Papúa Nueva Guinea","2013","consumo","national","2.15000","3.92340","3615.74646"
"PNG","Papúa Nueva Guinea","2014","consumo","national","2.15000","4.21460","3999.13039"
"PNG","Papúa Nueva Guinea","2015","consumo","national","2.15000","4.32960","4155.05564"
"PNG","Papúa Nueva Guinea","2016","consumo","national","2.15000","4.41810","4276.29643"
"PNG","Papúa Nueva Guinea","2017","consumo","national","2.15000","4.45170","4322.77662"
"PNG","Papúa Nueva Guinea","2018","consumo","national","2.15000","4.37160","4211.68504"
"PNG","Papúa Nueva Guinea","2019","consumo","national","2.15000","4.43740","4302.16255"
"PNG","Papúa Nueva Guinea","2020","consumo","national","2.15000","4.27560","4078.15378"
"PNG","Papúa Nueva Guinea","2021","consumo","national","2.15000","4.20170","3977.44297"
"PNG","Papúa Nueva Guinea","2022","consumo","national","2.15000","4.31160","4126.03032"
"PNG","Papúa Nueva Guinea","2023","consumo","national","2.15000","4.37040","4206.37835"
"PNG","Papúa Nueva Guinea","2024","consumo","national","2.15000","4.43050","4292.71205"
"PNG","Papúa Nueva Guinea","2025","consumo","national","2.15000","4.51040","4456.23106"
"PRY","Paraguay","1990","ingreso","national","2.15000","16.63830","9961.22171"
"PRY","Paraguay","1991","ingreso","national","2.15000","16.29850","10039.04385"
"PRY","Paraguay","1992","ingreso","national","2.15000","15.68400","9947.16439"
"PRY","Paraguay","1993","ingreso","national","2.15000","15.57040","10177.16894"
"PRY","Paraguay","1994","ingreso","national","2.15000","15.51040","10457.76855"
"PRY","Paraguay","1995","ingreso","national","2.15000","15.66610","10906.89461"
"PRY","Paraguay","1996","ingreso","national","2.15000","16.02520","10823.91992"
"PRY","Paraguay","1997","ingreso","national","2.15000","16.82010","11031.62192"
"PRY","Paraguay","1998","ingreso","national","2.15000","16.23110","10801.19505"
"PRY","Paraguay","1999","ingreso","national","2.15000","15.29270","10434.08037"
"PRY","Paraguay","2000","ingreso","national","2.15000","15.32420","9997.32973"
"PRY","Paraguay","2001","ingreso","national","2.15000","15.59680","9748.02703"
"PRY","Paraguay","2002","ingreso","national","2.15000","12.64580","9609.53365"
"PRY","Paraguay","2003","ingreso","national","2.15000","14.32380","9902.19918"
"PRY","Paraguay","2004","ingreso","national","2.15000","14.01400","10185.90744"
"PRY","Paraguay","2005","ingreso","national","2.15000","14.72260","10288.80087"
"PRY","Paraguay","2006","ingreso","national","2.15000","13.74160","10671.64500"
"PRY","Paraguay","2007","ingreso","national","2.15000","14.71990","11140.46291"
"PRY","Paraguay","2008","ingreso","national","2.15000","15.30720","11749.65464"
"PRY","Paraguay","2009","ingreso","national","2.15000","14.88100","11599.81986"
"PRY","Paraguay","2010","ingreso","national","2.15000","16.20100","12736.96729"
"PRY","Paraguay","2011","ingreso","national","2.15000","17.84580","13107.81044"
"PRY","Paraguay","2012","ingreso","national","2.15000","17.72240","12833.18016"
"PRY","Paraguay","2013","ingreso","national","2.15000","19.80200","13698.97223"
"PRY","Paraguay","2014","ingreso","national","2.15000","21.12730","14217.55809"
"PRY","Paraguay","2015","ingreso","national","2.15000","19.97130","14425.77759"
"PRY","Paraguay","2016","ingreso","national","2.15000","19.36670","14824.79063"
"PRY","Paraguay","2017","ingreso","national","2.15000","20.39500","15318.40122"
"PRY","Paraguay","2018","ingreso","national","2.15000","20.20790","15591.01427"
"PRY","Paraguay","2019","ingreso","national","2.15000","20.44530","15319.38900"
"PRY","Paraguay","2020","ingreso","national","2.15000","18.07520","14989.76671"
"PRY","Paraguay","2021","ingreso","national","2.15000","18.19550","15400.94463"
"PRY","Paraguay","2022","ingreso","national","2.15000","19.33350","15222.89202"
"PRY","Paraguay","2023","ingreso","national","2.15000","20.34240","15831.58498"
"PRY","Paraguay","2024","ingreso","national","2.15000","21.27470","16367.49402"
"PRY","Paraguay","2025","ingreso","national","2.15000","21.94030","17245.84584"
"NLD","Países Bajos","1990","ingreso","national","2.15000","54.27700","43128.30717"
"NLD","Países Bajos","1991","ingreso","national","2.15000","53.54810","43833.47851"
"NLD","Países Bajos","1992","ingreso","national","2.15000","51.76460","44245.51982"
"NLD","Países Bajos","1993","ingreso","national","2.15000","50.05960","44490.75045"
"NLD","Países Bajos","1994","ingreso","national","2.15000","50.56620","45532.79867"
"NLD","Países Bajos","1995","ingreso","national","2.15000","51.39430","46720.28193"
"NLD","Países Bajos","1996","ingreso","national","2.15000","53.13550","48095.98684"
"NLD","Países Bajos","1997","ingreso","national","2.15000","54.62590","49881.89475"
"NLD","Países Bajos","1998","ingreso","national","2.15000","56.73300","51879.35967"
"NLD","Países Bajos","1999","ingreso","national","2.15000","59.07240","54134.35145"
"NLD","Países Bajos","2000","ingreso","national","2.15000","59.35950","56016.83279"
"NLD","Países Bajos","2001","ingreso","national","2.15000","59.48850","56887.39764"
"NLD","Países Bajos","2002","ingreso","national","2.15000","60.54100","56664.40274"
"NLD","Países Bajos","2003","ingreso","national","2.15000","59.48000","56452.86955"
"NLD","Países Bajos","2004","ingreso","national","2.15000","59.52190","57391.35163"
"NLD","Países Bajos","2005","ingreso","national","2.15000","60.15700","58422.03041"
"NLD","Países Bajos","2006","ingreso","national","2.15000","63.89840","60391.51550"
"NLD","Países Bajos","2007","ingreso","national","2.15000","66.95260","62601.66128"
"NLD","Países Bajos","2008","ingreso","national","2.15000","66.86850","63678.40055"
"NLD","Países Bajos","2009","ingreso","national","2.15000","65.89990","61029.73298"
"NLD","Países Bajos","2010","ingreso","national","2.15000","65.09320","61518.57690"
"NLD","Países Bajos","2011","ingreso","national","2.15000","64.34290","62318.13912"
"NLD","Países Bajos","2012","ingreso","national","2.15000","63.45040","61480.84164"
"NLD","Países Bajos","2013","ingreso","national","2.15000","62.16640","61281.31257"
"NLD","Países Bajos","2014","ingreso","national","2.15000","63.17650","62045.84920"
"NLD","Países Bajos","2015","ingreso","national","2.15000","66.94800","63081.40835"
"NLD","Países Bajos","2016","ingreso","national","2.15000","69.16810","64267.74766"
"NLD","Países Bajos","2017","ingreso","national","2.15000","69.71740","65665.99102"
"NLD","Países Bajos","2018","ingreso","national","2.15000","69.86600","66758.24543"
"NLD","Países Bajos","2019","ingreso","national","2.15000","72.54300","67847.88185"
"NLD","Países Bajos","2020","ingreso","national","2.15000","74.23180","64862.18904"
"NLD","Países Bajos","2021","ingreso","national","2.15000","75.49590","68573.56488"
"NLD","Países Bajos","2022","ingreso","national","2.15000","79.68010","71324.03602"
"NLD","Países Bajos","2023","ingreso","national","2.15000","79.22070","70198.95460"
"NLD","Países Bajos","2024","ingreso","national","2.15000","79.55920","70493.90512"
"NLD","Países Bajos","2025","ingreso","national","2.15000","80.22940","71378.48563"
"PER","Perú","1990","consumo","national","2.15000","9.27780","6316.22691"
"PER","Perú","1991","consumo","national","2.15000","8.60830","6321.72201"
"PER","Perú","1992","consumo","national","2.15000","7.79170","6160.80457"
"PER","Perú","1993","consumo","national","2.15000","7.28530","6354.40466"
"PER","Perú","1994","consumo","national","2.15000","7.07510","6996.76186"
"PER","Perú","1995","consumo","national","2.15000","7.34000","7371.04799"
"PER","Perú","1996","ingreso","national","2.15000","8.92110","7436.18932"
"PER","Perú","1997","ingreso","national","2.15000","9.32480","7772.77834"
"PER","Perú","1998","ingreso","national","2.15000","9.78760","7602.78356"
"PER","Perú","1999","ingreso","national","2.15000","9.55540","7584.30465"
"PER","Perú","2000","ingreso","national","2.15000","8.41910","7668.06078"
"PER","Perú","2001","ingreso","national","2.15000","8.50220","7610.63949"
"PER","Perú","2002","ingreso","national","2.15000","9.81640","7930.50981"
"PER","Perú","2003","ingreso","national","2.15000","10.18140","8173.27673"
"PER","Perú","2004","ingreso","national","2.15000","9.27100","8494.84031"
"PER","Perú","2005","ingreso","national","2.15000","8.86950","8948.74711"
"PER","Perú","2006","ingreso","national","2.15000","9.98230","9546.62530"
"PER","Perú","2007","ingreso","national","2.15000","11.21850","10284.96722"
"PER","Perú","2008","ingreso","national","2.15000","11.63860","11150.02622"
"PER","Perú","2009","ingreso","national","2.15000","12.14400","11202.86544"
"PER","Perú","2010","ingreso","national","2.15000","12.70790","12057.39130"
"PER","Perú","2011","ingreso","national","2.15000","13.13430","12724.88320"
"PER","Perú","2012","ingreso","national","2.15000","13.85980","13393.59239"
"PER","Perú","2013","ingreso","national","2.15000","13.99750","14050.24203"
"PER","Perú","2014","ingreso","national","2.15000","14.06720","14242.64448"
"PER","Perú","2015","ingreso","national","2.15000","14.20190","14540.83132"
"PER","Perú","2016","ingreso","national","2.15000","14.68800","14915.43663"
"PER","Perú","2017","ingreso","national","2.15000","14.47590","15067.48928"
"PER","Perú","2018","ingreso","national","2.15000","14.85680","15384.18461"
"PER","Perú","2019","ingreso","national","2.15000","15.05590","15461.45726"
"PER","Perú","2020","ingreso","national","2.15000","11.86850","13607.76407"
"PER","Perú","2021","ingreso","national","2.15000","13.21720","15285.77069"
"PER","Perú","2022","ingreso","national","2.15000","13.55010","15566.52426"
"PER","Perú","2023","ingreso","national","2.15000","13.52360","15342.27414"
"PER","Perú","2024","ingreso","national","2.15000","13.86220","15708.83294"
"PER","Perú","2025","ingreso","national","2.15000","14.12690","16079.12474"
"POL","Polonia","1990","ingreso","national","2.15000","20.26960","12821.46363"
"POL","Polonia","1991","ingreso","national","2.15000","18.59700","11879.75393"
"POL","Polonia","1992","ingreso","national","2.15000","18.19320","12141.23513"
"POL","Polonia","1993","consumo","national","2.15000","10.64660","12563.10454"
"POL","Polonia","1994","consumo","national","2.15000","9.56930","13200.16142"
"POL","Polonia","1995","ingreso","national","2.15000","14.97290","14227.56637"
"POL","Polonia","1996","consumo","national","2.15000","7.44750","15083.09812"
"POL","Polonia","1997","consumo","national","2.15000","12.68020","16031.72115"
"POL","Polonia","1998","consumo","national","2.15000","16.42070","16766.64929"
"POL","Polonia","1999","consumo","national","2.15000","16.15320","17556.00269"
"POL","Polonia","2000","consumo","national","2.15000","16.15260","18566.35463"
"POL","Polonia","2001","consumo","national","2.15000","15.94810","18800.60186"
"POL","Polonia","2002","consumo","national","2.15000","16.08590","19166.91371"
"POL","Polonia","2003","consumo","national","2.15000","17.77210","19855.63180"
"POL","Polonia","2004","consumo","national","2.15000","18.53480","20878.65450"
"POL","Polonia","2005","consumo","national","2.15000","16.61520","21568.94766"
"POL","Polonia","2006","consumo","national","2.15000","17.68110","22921.19759"
"POL","Polonia","2007","consumo","national","2.15000","18.77940","24484.06567"
"POL","Polonia","2008","consumo","national","2.15000","20.12290","25553.90584"
"POL","Polonia","2009","consumo","national","2.15000","20.48630","26204.41037"
"POL","Polonia","2010","consumo","national","2.15000","20.66300","27112.13338"
"POL","Polonia","2011","consumo","national","2.15000","20.36600","28521.66126"
"POL","Polonia","2012","consumo","national","2.15000","20.24320","28952.91573"
"POL","Polonia","2013","consumo","national","2.15000","20.46700","29168.62421"
"POL","Polonia","2014","consumo","national","2.15000","20.74980","30334.87866"
"POL","Polonia","2015","consumo","national","2.15000","21.16050","31700.36824"
"POL","Polonia","2016","consumo","national","2.15000","22.12840","32675.30523"
"POL","Polonia","2017","consumo","national","2.15000","22.55090","34354.59876"
"POL","Polonia","2018","consumo","national","2.15000","22.31320","36500.41143"
"POL","Polonia","2019","consumo","national","2.15000","22.97380","38181.62303"
"POL","Polonia","2020","ingreso","national","2.15000","40.69130","37852.80213"
"POL","Polonia","2021","ingreso","national","2.15000","43.01270","41059.58478"
"POL","Polonia","2022","ingreso","national","2.15000","43.47290","43405.02158"
"POL","Polonia","2023","ingreso","national","2.15000","44.05460","43672.76680"
"POL","Polonia","2024","ingreso","national","2.15000","45.53510","45153.04398"
"POL","Polonia","2025","ingreso","national","2.15000","47.17110","46924.58879"
"PRT","Portugal","1990","ingreso","national","2.15000","24.73930","27190.57203"
"PRT","Portugal","1991","ingreso","national","2.15000","25.84520","28443.79454"
"PRT","Portugal","1992","ingreso","national","2.15000","27.09040","28776.04758"
"PRT","Portugal","1993","ingreso","national","2.15000","27.35540","28153.61552"
"PRT","Portugal","1994","ingreso","national","2.15000","27.56160","28348.86584"
"PRT","Portugal","1995","ingreso","national","2.15000","27.63010","29460.81419"
"PRT","Portugal","1996","ingreso","national","2.15000","28.49450","30378.75578"
"PRT","Portugal","1997","ingreso","national","2.15000","29.33250","31574.40220"
"PRT","Portugal","1998","ingreso","national","2.15000","30.58100","32925.66387"
"PRT","Portugal","1999","ingreso","national","2.15000","32.00960","34018.96371"
"PRT","Portugal","2000","ingreso","national","2.15000","32.95750","35069.82757"
"PRT","Portugal","2001","ingreso","national","2.15000","33.01710","35500.22668"
"PRT","Portugal","2002","ingreso","national","2.15000","33.25800","35578.52003"
"PRT","Portugal","2003","ingreso","national","2.15000","33.02770","35115.37951"
"PRT","Portugal","2004","ingreso","national","2.15000","34.12010","35658.12983"
"PRT","Portugal","2005","ingreso","national","2.15000","34.01980","35870.30927"
"PRT","Portugal","2006","ingreso","national","2.15000","34.62390","36387.53674"
"PRT","Portugal","2007","ingreso","national","2.15000","34.87830","37226.47026"
"PRT","Portugal","2008","ingreso","national","2.15000","34.56950","37291.50490"
"PRT","Portugal","2009","ingreso","national","2.15000","35.33850","36092.81093"
"PRT","Portugal","2010","ingreso","national","2.15000","34.73070","36703.11419"
"PRT","Portugal","2011","ingreso","national","2.15000","33.25720","36127.29498"
"PRT","Portugal","2012","ingreso","national","2.15000","31.31330","34804.63333"
"PRT","Portugal","2013","ingreso","national","2.15000","31.23960","34651.77195"
"PRT","Portugal","2014","ingreso","national","2.15000","31.79740","35097.40983"
"PRT","Portugal","2015","ingreso","national","2.15000","33.47220","35803.35756"
"PRT","Portugal","2016","ingreso","national","2.15000","34.32440","36636.29784"
"PRT","Portugal","2017","ingreso","national","2.15000","34.56620","37943.11505"
"PRT","Portugal","2018","ingreso","national","2.15000","36.48100","39123.61513"
"PRT","Portugal","2019","ingreso","national","2.15000","38.99340","40188.28688"
"PRT","Portugal","2020","ingreso","national","2.15000","40.45370","36852.22873"
"PRT","Portugal","2021","ingreso","national","2.15000","40.41730","38657.66772"
"PRT","Portugal","2022","ingreso","national","2.15000","40.85450","41070.86115"
"PRT","Portugal","2023","ingreso","national","2.15000","41.06720","41768.25831"
"PRT","Portugal","2024","ingreso","national","2.15000","41.48890","42228.15804"
"PRT","Portugal","2025","ingreso","national","2.15000","41.97090","42576.81397"
"PRI","Puerto Rico","1990","consumo","national","2.15000","21.89320","26738.81444"
"PRI","Puerto Rico","1991","consumo","national","2.15000","22.95040","27162.15079"
"PRI","Puerto Rico","1992","consumo","national","2.15000","23.27530","28219.11605"
"PRI","Puerto Rico","1993","consumo","national","2.15000","23.73970","29282.11218"
"PRI","Puerto Rico","1994","consumo","national","2.15000","24.62150","30225.78076"
"PRI","Puerto Rico","1995","consumo","national","2.15000","25.03550","31310.18016"
"PRI","Puerto Rico","1996","consumo","national","2.15000","25.84840","31677.23025"
"PRI","Puerto Rico","1997","consumo","national","2.15000","26.71530","32915.79057"
"PRI","Puerto Rico","1998","consumo","national","2.15000","27.65840","34537.18519"
"PRI","Puerto Rico","1999","consumo","national","2.15000","28.83180","36216.83809"
"PRI","Puerto Rico","2000","consumo","national","2.15000","29.64590","37298.54504"
"PRI","Puerto Rico","2001","consumo","national","2.15000","31.05620","39568.55284"
"PRI","Puerto Rico","2002","ingreso","national","2.15000","49.60790","39879.72956"
"PRI","Puerto Rico","2003","ingreso","national","2.15000","49.78740","39876.06702"
"PRI","Puerto Rico","2004","ingreso","national","2.15000","54.22510","43355.82264"
"PRI","Puerto Rico","2005","ingreso","national","2.15000","52.38150","42555.70812"
"PRI","Puerto Rico","2006","ingreso","national","2.15000","52.98730","42133.96827"
"PRI","Puerto Rico","2007","ingreso","national","2.15000","53.09900","41888.62327"
"PRI","Puerto Rico","2008","ingreso","national","2.15000","53.13450","41358.06891"
"PRI","Puerto Rico","2009","ingreso","national","2.15000","53.19320","40772.35142"
"PRI","Puerto Rico","2010","ingreso","national","2.15000","53.50030","40777.68928"
"PRI","Puerto Rico","2011","ingreso","national","2.15000","53.33520","40972.53641"
"PRI","Puerto Rico","2012","ingreso","national","2.15000","53.75140","41347.45420"
"PRI","Puerto Rico","2013","ingreso","national","2.15000","56.94550","41556.78524"
"PRI","Puerto Rico","2014","ingreso","national","2.15000","56.88900","41593.67983"
"PRI","Puerto Rico","2015","ingreso","national","2.15000","57.68820","41737.60686"
"PRI","Puerto Rico","2016","ingreso","national","2.15000","56.96410","41858.26267"
"PRI","Puerto Rico","2017","ingreso","national","2.15000","52.46110","41479.99777"
"PRI","Puerto Rico","2018","ingreso","national","2.15000","57.79440","41119.30881"
"PRI","Puerto Rico","2019","ingreso","national","2.15000","58.71990","41656.32916"
"PRI","Puerto Rico","2020","ingreso","national","2.15000","56.75260","40171.37445"
"PRI","Puerto Rico","2021","ingreso","national","2.15000","56.86960","40559.22619"
"PRI","Puerto Rico","2022","ingreso","national","2.15000","58.90410","42310.81397"
"PRI","Puerto Rico","2023","ingreso","national","2.15000","61.84530","42837.87274"
"PRI","Puerto Rico","2024","ingreso","national","2.15000","62.94280","44216.43334"
"PRI","Puerto Rico","2025","ingreso","national","2.15000","65.16550","44603.21806"
"QAT","Qatar","1990","ingreso","national","2.15000","54.97020","75303.56017"
"QAT","Qatar","1991","ingreso","national","2.15000","52.31210","71662.20430"
"QAT","Qatar","1992","ingreso","national","2.15000","56.40360","77267.11455"
"QAT","Qatar","1993","ingreso","national","2.15000","53.94610","73900.59136"
"QAT","Qatar","1994","ingreso","national","2.15000","53.07770","72711.02421"
"QAT","Qatar","1995","ingreso","national","2.15000","52.78020","72303.47796"
"QAT","Qatar","1996","ingreso","national","2.15000","53.55860","73369.82924"
"QAT","Qatar","1997","ingreso","national","2.15000","66.91550","91667.42398"
"QAT","Qatar","1998","ingreso","national","2.15000","70.57160","96675.81247"
"QAT","Qatar","1999","ingreso","national","2.15000","69.75470","95556.85225"
"QAT","Qatar","2000","ingreso","national","2.15000","71.55900","98028.52329"
"QAT","Qatar","2001","ingreso","national","2.15000","70.73640","96901.59437"
"QAT","Qatar","2002","ingreso","national","2.15000","72.26900","99001.49400"
"QAT","Qatar","2003","ingreso","national","2.15000","71.58770","98068.12325"
"QAT","Qatar","2004","ingreso","national","2.15000","82.18430","112583.92992"
"QAT","Qatar","2005","ingreso","national","2.15000","82.76850","113384.26700"
"QAT","Qatar","2006","ingreso","national","2.15000","88.60400","121378.43896"
"QAT","Qatar","2007","ingreso","national","2.15000","84.14710","115272.51000"
"QAT","Qatar","2008","ingreso","national","2.15000","83.86040","114879.22173"
"QAT","Qatar","2009","ingreso","national","2.15000","83.26870","114069.65234"
"QAT","Qatar","2010","ingreso","national","2.15000","99.09450","132502.28183"
"QAT","Qatar","2011","ingreso","national","2.15000","111.80030","149025.11633"
"QAT","Qatar","2012","ingreso","national","2.15000","110.44860","147077.40609"
"QAT","Qatar","2013","ingreso","national","2.15000","104.78410","138046.59632"
"QAT","Qatar","2014","ingreso","national","2.15000","98.30290","128013.98705"
"QAT","Qatar","2015","ingreso","national","2.15000","94.50710","123070.88788"
"QAT","Qatar","2016","ingreso","national","2.15000","92.19060","120054.40874"
"QAT","Qatar","2017","ingreso","national","2.15000","88.35920","115064.94366"
"QAT","Qatar","2018","ingreso","national","2.15000","88.24010","114909.94549"
"QAT","Qatar","2019","ingreso","national","2.15000","86.89710","113160.97378"
"QAT","Qatar","2020","ingreso","national","2.15000","79.14210","103061.91342"
"QAT","Qatar","2021","ingreso","national","2.15000","89.71670","116832.57029"
"QAT","Qatar","2022","ingreso","national","2.15000","88.10990","114740.12361"
"QAT","Qatar","2023","ingreso","national","2.15000","89.51040","116159.14256"
"QAT","Qatar","2024","ingreso","national","2.15000","85.15320","111314.25036"
"QAT","Qatar","2025","ingreso","national","2.15000","87.17130","110135.69630"
"GBR","Reino Unido","1990","ingreso","national","2.15000","42.63720","33530.95782"
"GBR","Reino Unido","1991","ingreso","national","2.15000","43.03350","32995.39487"
"GBR","Reino Unido","1992","ingreso","national","2.15000","41.57020","33332.33264"
"GBR","Reino Unido","1993","ingreso","national","2.15000","41.37470","34413.19049"
"GBR","Reino Unido","1994","ingreso","national","2.15000","45.07320","36025.98310"
"GBR","Reino Unido","1995","ingreso","national","2.15000","45.16710","37200.37900"
"GBR","Reino Unido","1996","ingreso","national","2.15000","46.94160","38076.06245"
"GBR","Reino Unido","1997","ingreso","national","2.15000","48.63100","39831.44926"
"GBR","Reino Unido","1998","ingreso","national","2.15000","51.26420","41004.83863"
"GBR","Reino Unido","1999","ingreso","national","2.15000","52.50090","42071.70554"
"GBR","Reino Unido","2000","ingreso","national","2.15000","57.54520","43818.34631"
"GBR","Reino Unido","2001","ingreso","national","2.15000","58.25350","44693.66126"
"GBR","Reino Unido","2002","ingreso","national","2.15000","56.55540","45265.45652"
"GBR","Reino Unido","2003","ingreso","national","2.15000","57.60610","46505.27988"
"GBR","Reino Unido","2004","ingreso","national","2.15000","59.60430","47317.02707"
"GBR","Reino Unido","2005","ingreso","national","2.15000","60.78290","48304.67532"
"GBR","Reino Unido","2006","ingreso","national","2.15000","61.88450","49000.95354"
"GBR","Reino Unido","2007","ingreso","national","2.15000","61.75930","50045.91631"
"GBR","Reino Unido","2008","ingreso","national","2.15000","62.86220","49629.04987"
"GBR","Reino Unido","2009","ingreso","national","2.15000","62.33540","46995.54500"
"GBR","Reino Unido","2010","ingreso","national","2.15000","60.72110","47682.65252"
"GBR","Reino Unido","2011","ingreso","national","2.15000","59.36500","47714.28943"
"GBR","Reino Unido","2012","ingreso","national","2.15000","59.16710","48099.65944"
"GBR","Reino Unido","2013","ingreso","national","2.15000","59.51150","48600.51008"
"GBR","Reino Unido","2014","ingreso","national","2.15000","61.28620","49763.17388"
"GBR","Reino Unido","2015","ingreso","national","2.15000","62.20740","50462.83300"
"GBR","Reino Unido","2016","ingreso","national","2.15000","62.56240","51168.29258"
"GBR","Reino Unido","2017","ingreso","national","2.15000","62.19050","52429.12755"
"GBR","Reino Unido","2018","ingreso","national","2.15000","63.45090","52983.03954"
"GBR","Reino Unido","2019","ingreso","national","2.15000","64.31630","53374.09276"
"GBR","Reino Unido","2020","ingreso","national","2.15000","63.45310","47930.54904"
"GBR","Reino Unido","2021","ingreso","national","2.15000","64.32050","51840.44242"
"GBR","Reino Unido","2022","ingreso","national","2.15000","66.90810","53979.76791"
"GBR","Reino Unido","2023","ingreso","national","2.15000","66.23630","53423.42263"
"GBR","Reino Unido","2024","ingreso","national","2.15000","66.27220","53412.06472"
"GBR","Reino Unido","2025","ingreso","national","2.15000","66.52280","53993.11726"
"CAF","Rep. Centroafricana","1990","consumo","national","2.15000","2.01800","1481.25255"
"CAF","Rep. Centroafricana","1991","consumo","national","2.15000","1.96690","1427.69018"
"CAF","Rep. Centroafricana","1992","consumo","national","2.15000","1.83820","1294.20255"
"CAF","Rep. Centroafricana","1993","consumo","national","2.15000","1.87110","1257.82840"
"CAF","Rep. Centroafricana","1994","consumo","national","2.15000","1.94010","1278.91509"
"CAF","Rep. Centroafricana","1995","consumo","national","2.15000","2.20030","1334.10323"
"CAF","Rep. Centroafricana","1996","consumo","national","2.15000","2.22120","1247.96875"
"CAF","Rep. Centroafricana","1997","consumo","national","2.15000","2.13500","1278.48826"
"CAF","Rep. Centroafricana","1998","consumo","national","2.15000","2.53520","1302.75143"
"CAF","Rep. Centroafricana","1999","consumo","national","2.15000","2.67350","1313.23571"
"CAF","Rep. Centroafricana","2000","consumo","national","2.15000","2.69750","1245.81400"
"CAF","Rep. Centroafricana","2001","consumo","national","2.15000","2.85940","1272.85711"
"CAF","Rep. Centroafricana","2002","consumo","national","2.15000","3.00940","1290.38315"
"CAF","Rep. Centroafricana","2003","consumo","national","2.15000","2.96550","1191.87315"
"CAF","Rep. Centroafricana","2004","consumo","national","2.15000","3.16130","1236.28535"
"CAF","Rep. Centroafricana","2005","consumo","national","2.15000","3.24940","1219.59394"
"CAF","Rep. Centroafricana","2006","consumo","national","2.15000","3.42940","1251.87082"
"CAF","Rep. Centroafricana","2007","consumo","national","2.15000","3.61420","1284.55284"
"CAF","Rep. Centroafricana","2008","consumo","national","2.15000","3.73390","1283.27283"
"CAF","Rep. Centroafricana","2009","consumo","national","2.15000","3.91180","1402.68165"
"CAF","Rep. Centroafricana","2010","consumo","national","2.15000","3.99380","1479.41368"
"CAF","Rep. Centroafricana","2011","consumo","national","2.15000","3.99610","1517.14839"
"CAF","Rep. Centroafricana","2012","consumo","national","2.15000","4.03740","1577.98053"
"CAF","Rep. Centroafricana","2013","consumo","national","2.15000","2.94450","996.89636"
"CAF","Rep. Centroafricana","2014","consumo","national","2.15000","2.90180","1001.85598"
"CAF","Rep. Centroafricana","2015","consumo","national","2.15000","2.93260","1043.92172"
"CAF","Rep. Centroafricana","2016","consumo","national","2.15000","2.93610","1073.94478"
"CAF","Rep. Centroafricana","2017","consumo","national","2.15000","2.93670","1103.86609"
"CAF","Rep. Centroafricana","2018","consumo","national","2.15000","2.92000","1125.70092"
"CAF","Rep. Centroafricana","2019","consumo","national","2.15000","2.90300","1145.09564"
"CAF","Rep. Centroafricana","2020","consumo","national","2.15000","2.82570","1136.57053"
"CAF","Rep. Centroafricana","2021","consumo","national","2.15000","2.75290","1128.55238"
"CAF","Rep. Centroafricana","2022","consumo","national","2.15000","2.76700","1136.80171"
"CAF","Rep. Centroafricana","2023","consumo","national","2.15000","2.76000","1132.67643"
"CAF","Rep. Centroafricana","2024","consumo","national","2.15000","2.72340","1111.21942"
"CAF","Rep. Centroafricana","2025","consumo","national","2.15000","2.71530","1122.76083"
"COD","Rep. Dem. Congo","1990","consumo","national","2.15000","2.03510","2403.97025"
"COD","Rep. Dem. Congo","1991","consumo","national","2.15000","1.87240","2129.44892"
"COD","Rep. Dem. Congo","1992","consumo","national","2.15000","1.69580","1842.54849"
"COD","Rep. Dem. Congo","1993","consumo","national","2.15000","1.49990","1538.39691"
"COD","Rep. Dem. Congo","1994","consumo","national","2.15000","1.41230","1410.05655"
"COD","Rep. Dem. Congo","1995","consumo","national","2.15000","1.37870","1362.18780"
"COD","Rep. Dem. Congo","1996","consumo","national","2.15000","1.35070","1322.58012"
"COD","Rep. Dem. Congo","1997","consumo","national","2.15000","1.28330","1228.39077"
"COD","Rep. Dem. Congo","1998","consumo","national","2.15000","1.24500","1176.05050"
"COD","Rep. Dem. Congo","1999","consumo","national","2.15000","1.18030","1088.65044"
"COD","Rep. Dem. Congo","2000","consumo","national","2.15000","1.09930","981.42208"
"COD","Rep. Dem. Congo","2001","consumo","national","2.15000","1.06040","930.85783"
"COD","Rep. Dem. Congo","2002","consumo","national","2.15000","1.05930","929.45281"
"COD","Rep. Dem. Congo","2003","consumo","national","2.15000","1.07770","953.04464"
"COD","Rep. Dem. Congo","2004","consumo","national","2.15000","1.10470","987.74692"
"COD","Rep. Dem. Congo","2005","consumo","national","2.15000","1.13790","1016.63389"
"COD","Rep. Dem. Congo","2006","consumo","national","2.15000","1.21910","1036.13330"
"COD","Rep. Dem. Congo","2007","consumo","national","2.15000","1.44500","1091.54081"
"COD","Rep. Dem. Congo","2008","consumo","national","2.15000","1.63120","1137.84087"
"COD","Rep. Dem. Congo","2009","consumo","national","2.15000","1.51790","1109.18312"
"COD","Rep. Dem. Congo","2010","consumo","national","2.15000","1.71720","1166.98307"
"COD","Rep. Dem. Congo","2011","consumo","national","2.15000","1.90710","1124.77205"
"COD","Rep. Dem. Congo","2012","consumo","national","2.15000","2.14890","1182.14075"
"COD","Rep. Dem. Congo","2013","consumo","national","2.15000","2.29090","1342.74156"
"COD","Rep. Dem. Congo","2014","consumo","national","2.15000","2.29790","1392.75841"
"COD","Rep. Dem. Congo","2015","consumo","national","2.15000","2.29090","1433.21580"
"COD","Rep. Dem. Congo","2016","consumo","national","2.15000","2.18860","1388.80163"
"COD","Rep. Dem. Congo","2017","consumo","national","2.15000","2.14340","1395.71962"
"COD","Rep. Dem. Congo","2018","consumo","national","2.15000","2.12830","1431.72853"
"COD","Rep. Dem. Congo","2019","consumo","national","2.15000","2.03710","1394.76461"
"COD","Rep. Dem. Congo","2020","consumo","national","2.15000","1.95070","1361.02791"
"COD","Rep. Dem. Congo","2021","consumo","national","2.15000","1.99220","1402.38560"
"COD","Rep. Dem. Congo","2022","consumo","national","2.15000","2.07370","1484.33842"
"COD","Rep. Dem. Congo","2023","consumo","national","2.15000","2.14700","1559.33806"
"COD","Rep. Dem. Congo","2024","consumo","national","2.15000","2.18820","1601.70927"
"COD","Rep. Dem. Congo","2025","consumo","national","2.15000","2.21770","1640.56622"
"DOM","Rep. Dominicana","1990","ingreso","national","2.15000","10.14510","7327.72670"
"DOM","Rep. Dominicana","1991","ingreso","national","2.15000","11.10190","7246.24670"
"DOM","Rep. Dominicana","1992","ingreso","national","2.15000","13.27100","7900.76809"
"DOM","Rep. Dominicana","1993","ingreso","national","2.15000","13.82480","8318.49179"
"DOM","Rep. Dominicana","1994","ingreso","national","2.15000","13.89580","8372.07170"
"DOM","Rep. Dominicana","1995","ingreso","national","2.15000","14.31070","8685.01649"
"DOM","Rep. Dominicana","1996","ingreso","national","2.15000","14.77710","9036.88352"
"DOM","Rep. Dominicana","1997","ingreso","national","2.15000","16.18410","9671.14818"
"DOM","Rep. Dominicana","1998","ingreso","national","2.15000","16.66450","10150.44602"
"DOM","Rep. Dominicana","1999","ingreso","national","2.15000","17.09710","10582.07759"
"DOM","Rep. Dominicana","2000","ingreso","national","2.15000","17.41210","10896.31842"
"DOM","Rep. Dominicana","2001","ingreso","national","2.15000","16.72460","10991.13634"
"DOM","Rep. Dominicana","2002","ingreso","national","2.15000","16.23870","11313.06903"
"DOM","Rep. Dominicana","2003","ingreso","national","2.15000","14.47960","11000.86841"
"DOM","Rep. Dominicana","2004","ingreso","national","2.15000","12.33360","11131.27092"
"DOM","Rep. Dominicana","2005","ingreso","national","2.15000","14.23880","12022.50805"
"DOM","Rep. Dominicana","2006","ingreso","national","2.15000","16.23200","12961.91836"
"DOM","Rep. Dominicana","2007","ingreso","national","2.15000","14.85640","13754.92127"
"DOM","Rep. Dominicana","2008","ingreso","national","2.15000","14.33570","14030.14111"
"DOM","Rep. Dominicana","2009","ingreso","national","2.15000","15.49200","13992.41033"
"DOM","Rep. Dominicana","2010","ingreso","national","2.15000","15.27230","14975.00101"
"DOM","Rep. Dominicana","2011","ingreso","national","2.15000","15.84810","15258.08581"
"DOM","Rep. Dominicana","2012","ingreso","national","2.15000","15.15290","15487.27764"
"DOM","Rep. Dominicana","2013","ingreso","national","2.15000","16.00640","16054.76773"
"DOM","Rep. Dominicana","2014","ingreso","national","2.15000","16.59410","16993.58744"
"DOM","Rep. Dominicana","2015","ingreso","national","2.15000","18.21760","17973.18703"
"DOM","Rep. Dominicana","2016","ingreso","national","2.15000","19.51640","18968.97524"
"DOM","Rep. Dominicana","2017","ingreso","national","2.15000","18.46640","19501.87431"
"DOM","Rep. Dominicana","2018","ingreso","national","2.15000","20.27000","20662.84859"
"DOM","Rep. Dominicana","2019","ingreso","national","2.15000","20.56540","21451.28644"
"DOM","Rep. Dominicana","2020","ingreso","national","2.15000","18.14320","19545.40996"
"DOM","Rep. Dominicana","2021","ingreso","national","2.15000","17.53630","22053.45899"
"DOM","Rep. Dominicana","2022","ingreso","national","2.15000","17.94770","22986.95808"
"DOM","Rep. Dominicana","2023","ingreso","national","2.15000","20.26100","23282.48951"
"DOM","Rep. Dominicana","2024","ingreso","national","2.15000","22.72950","24229.88949"
"DOM","Rep. Dominicana","2025","ingreso","national","2.15000","23.21260","24543.34218"
"RWA","Ruanda","1990","consumo","national","2.15000","2.37960","1165.72605"
"RWA","Ruanda","1991","consumo","national","2.15000","2.30510","1113.51792"
"RWA","Ruanda","1992","consumo","national","2.15000","2.36500","1154.92927"
"RWA","Ruanda","1993","consumo","national","2.15000","2.17420","1021.67131"
"RWA","Ruanda","1994","consumo","national","2.15000","1.54370","597.26280"
"RWA","Ruanda","1995","consumo","national","2.15000","2.20980","966.81041"
"RWA","Ruanda","1996","consumo","national","2.15000","2.13810","921.92828"
"RWA","Ruanda","1997","consumo","national","2.15000","2.11550","907.98069"
"RWA","Ruanda","1998","consumo","national","2.15000","2.18150","948.49066"
"RWA","Ruanda","1999","consumo","national","2.15000","2.23490","981.72250"
"RWA","Ruanda","2000","consumo","national","2.15000","2.35210","1055.35042"
"RWA","Ruanda","2001","consumo","national","2.15000","2.49190","1134.78453"
"RWA","Ruanda","2002","consumo","national","2.15000","2.73580","1267.19397"
"RWA","Ruanda","2003","consumo","national","2.15000","2.73540","1266.94449"
"RWA","Ruanda","2004","consumo","national","2.15000","2.84040","1325.79557"
"RWA","Ruanda","2005","consumo","national","2.15000","2.99230","1412.06108"
"RWA","Ruanda","2006","consumo","national","2.15000","3.11880","1501.76462"
"RWA","Ruanda","2007","consumo","national","2.15000","3.15110","1573.96811"
"RWA","Ruanda","2008","consumo","national","2.15000","3.20870","1704.25449"
"RWA","Ruanda","2009","consumo","national","2.15000","3.23480","1764.63485"
"RWA","Ruanda","2010","consumo","national","2.15000","3.27000","1846.86327"
"RWA","Ruanda","2011","consumo","national","2.15000","3.32020","1945.53705"
"RWA","Ruanda","2012","consumo","national","2.15000","3.42890","2063.66475"
"RWA","Ruanda","2013","consumo","national","2.15000","3.47060","2109.74669"
"RWA","Ruanda","2014","consumo","national","2.15000","3.51990","2176.09492"
"RWA","Ruanda","2015","consumo","national","2.15000","3.57330","2313.09717"
"RWA","Ruanda","2016","consumo","national","2.15000","3.55670","2386.74841"
"RWA","Ruanda","2017","consumo","national","2.15000","3.51830","2441.08541"
"RWA","Ruanda","2018","consumo","national","2.15000","3.75170","2577.69730"
"RWA","Ruanda","2019","consumo","national","2.15000","4.03310","2753.53960"
"RWA","Ruanda","2020","consumo","national","2.15000","3.79980","2617.70706"
"RWA","Ruanda","2021","consumo","national","2.15000","4.14370","2776.39276"
"RWA","Ruanda","2022","consumo","national","2.15000","4.39430","2983.10774"
"RWA","Ruanda","2023","consumo","national","2.15000","4.65860","3168.03075"
"RWA","Ruanda","2024","consumo","national","2.15000","4.94530","3325.00770"
"RWA","Ruanda","2025","consumo","national","2.15000","5.11130","3558.68004"
"ROU","Rumania","1990","ingreso","national","2.15000","17.46510","16316.84467"
"ROU","Rumania","1991","ingreso","national","2.15000","14.36520","14332.97068"
"ROU","Rumania","1992","ingreso","national","2.15000","12.58720","13195.04181"
"ROU","Rumania","1993","ingreso","national","2.15000","8.98560","13415.01880"
"ROU","Rumania","1994","ingreso","national","2.15000","5.38550","13962.77386"
"ROU","Rumania","1995","ingreso","national","2.15000","10.32840","14863.18559"
"ROU","Rumania","1996","ingreso","national","2.15000","10.34150","15488.55748"
"ROU","Rumania","1997","ingreso","national","2.15000","9.46620","14779.99773"
"ROU","Rumania","1998","consumo","national","2.15000","9.72020","14509.99318"
"ROU","Rumania","1999","consumo","national","2.15000","6.59810","14478.04935"
"ROU","Rumania","2000","consumo","national","2.15000","6.36600","14853.60637"
"ROU","Rumania","2001","consumo","national","2.15000","7.01760","15848.30391"
"ROU","Rumania","2002","consumo","national","2.15000","7.25570","17061.62937"
"ROU","Rumania","2003","consumo","national","2.15000","7.70080","17587.46262"
"ROU","Rumania","2004","consumo","national","2.15000","8.58180","19532.48002"
"ROU","Rumania","2005","consumo","national","2.15000","9.06520","20570.92551"
"ROU","Rumania","2006","consumo","national","2.15000","9.26360","22354.56379"
"ROU","Rumania","2007","consumo","national","2.15000","10.13690","24328.39313"
"ROU","Rumania","2008","consumo","national","2.15000","12.02480","27039.60009"
"ROU","Rumania","2009","consumo","national","2.15000","12.22960","25761.63055"
"ROU","Rumania","2010","consumo","national","2.15000","11.73970","24902.90449"
"ROU","Rumania","2011","consumo","national","2.15000","11.49700","26150.74762"
"ROU","Rumania","2012","consumo","national","2.15000","11.72140","26767.45565"
"ROU","Rumania","2013","consumo","national","2.15000","11.79730","26941.93188"
"ROU","Rumania","2014","ingreso","national","2.15000","12.89830","28156.13078"
"ROU","Rumania","2015","ingreso","national","2.15000","13.91560","29181.87817"
"ROU","Rumania","2016","consumo","national","2.15000","13.52690","30189.14772"
"ROU","Rumania","2017","ingreso","national","2.15000","19.85660","32852.63557"
"ROU","Rumania","2018","consumo","national","2.15000","16.17540","34828.89586"
"ROU","Rumania","2019","consumo","national","2.15000","17.14050","36399.47461"
"ROU","Rumania","2020","consumo","national","2.15000","16.63600","35283.60604"
"ROU","Rumania","2021","consumo","national","2.15000","18.15320","37534.00026"
"ROU","Rumania","2022","ingreso","national","2.15000","30.34160","39256.82609"
"ROU","Rumania","2023","ingreso","national","2.15000","32.65550","40116.68914"
"ROU","Rumania","2024","ingreso","national","2.15000","34.53620","40503.83233"
"ROU","Rumania","2025","ingreso","national","2.15000","35.07540","40845.98434"
"RUS","Rusia","1990","consumo","national","2.15000","19.45790","29643.59570"
"RUS","Rusia","1991","consumo","national","2.15000","18.73350","28066.92188"
"RUS","Rusia","1992","consumo","national","2.15000","16.81710","23965.24414"
"RUS","Rusia","1993","consumo","national","2.15000","15.80240","21899.51758"
"RUS","Rusia","1994","consumo","national","2.15000","15.21230","19153.36328"
"RUS","Rusia","1995","consumo","national","2.15000","15.54720","18363.71289"
"RUS","Rusia","1996","consumo","national","2.15000","15.90820","17699.86914"
"RUS","Rusia","1997","consumo","national","2.15000","14.52890","17977.35156"
"RUS","Rusia","1998","consumo","national","2.15000","13.06930","17052.75586"
"RUS","Rusia","1999","consumo","national","2.15000","10.41140","18200.32031"
"RUS","Rusia","2000","consumo","national","2.15000","11.40970","20104.75000"
"RUS","Rusia","2001","consumo","national","2.15000","12.84270","21219.90430"
"RUS","Rusia","2002","consumo","national","2.15000","14.23090","22319.67773"
"RUS","Rusia","2003","consumo","national","2.15000","15.67490","24057.92773"
"RUS","Rusia","2004","consumo","national","2.15000","16.90290","25894.14648"
"RUS","Rusia","2005","consumo","national","2.15000","18.59060","27656.65820"
"RUS","Rusia","2006","consumo","national","2.15000","20.24330","30022.67188"
"RUS","Rusia","2007","consumo","national","2.15000","23.47490","32630.36914"
"RUS","Rusia","2008","consumo","national","2.15000","25.97520","34342.22656"
"RUS","Rusia","2009","consumo","national","2.15000","24.78140","31654.00391"
"RUS","Rusia","2010","consumo","national","2.15000","26.65590","33063.58594"
"RUS","Rusia","2011","consumo","national","2.15000","27.69800","34444.64453"
"RUS","Rusia","2012","consumo","national","2.15000","29.14380","35740.69922"
"RUS","Rusia","2013","consumo","national","2.15000","29.76900","36260.06641"
"RUS","Rusia","2014","consumo","national","2.15000","29.23010","35853.24609"
"RUS","Rusia","2015","consumo","national","2.15000","26.90620","35037.15234"
"RUS","Rusia","2016","consumo","national","2.15000","26.14490","35005.44531"
"RUS","Rusia","2017","consumo","national","2.15000","26.19900","35570.70312"
"RUS","Rusia","2018","consumo","national","2.15000","26.54280","36536.69531"
"RUS","Rusia","2019","consumo","national","2.15000","27.63360","37319.32031"
"RUS","Rusia","2020","consumo","national","2.15000","26.26650","36376.33594"
"RUS","Rusia","2021","ingreso","national","2.15000","38.46760","38638.42969"
"RUS","Rusia","2022","ingreso","national","2.15000","37.91950","38214.69141"
"RUS","Rusia","2023","ingreso","national","2.15000","41.11270","39881.44922"
"RUS","Rusia","2024","ingreso","national","2.15000","43.41930","41891.17188"
"RUS","Rusia","2025","ingreso","national","2.15000","43.83410","42357.98828"
"KNA","Saint Kitts y Nevis","1990","consumo","national","2.15000","12.64310","14326.04107"
"KNA","Saint Kitts y Nevis","1991","consumo","national","2.15000","12.64930","14084.68319"
"KNA","Saint Kitts y Nevis","1992","consumo","national","2.15000","12.93570","14557.18426"
"KNA","Saint Kitts y Nevis","1993","consumo","national","2.15000","13.33610","15348.68878"
"KNA","Saint Kitts y Nevis","1994","consumo","national","2.15000","13.65070","15955.83750"
"KNA","Saint Kitts y Nevis","1995","consumo","national","2.15000","13.96450","16596.26563"
"KNA","Saint Kitts y Nevis","1996","consumo","national","2.15000","14.32670","17340.22346"
"KNA","Saint Kitts y Nevis","1997","consumo","national","2.15000","14.77990","18288.49437"
"KNA","Saint Kitts y Nevis","1998","consumo","national","2.15000","14.63090","17963.69924"
"KNA","Saint Kitts y Nevis","1999","consumo","national","2.15000","15.11500","18291.42292"
"KNA","Saint Kitts y Nevis","2000","consumo","national","2.15000","15.86030","19840.58006"
"KNA","Saint Kitts y Nevis","2001","consumo","national","2.15000","16.35270","20648.78897"
"KNA","Saint Kitts y Nevis","2002","consumo","national","2.15000","16.60760","20813.40500"
"KNA","Saint Kitts y Nevis","2003","consumo","national","2.15000","16.49060","19927.18183"
"KNA","Saint Kitts y Nevis","2004","consumo","national","2.15000","16.91050","20661.34586"
"KNA","Saint Kitts y Nevis","2005","consumo","national","2.15000","17.71870","22612.71266"
"KNA","Saint Kitts y Nevis","2006","consumo","national","2.15000","18.05340","23258.98423"
"KNA","Saint Kitts y Nevis","2007","consumo","national","2.15000","18.14380","23330.04424"
"KNA","Saint Kitts y Nevis","2008","consumo","national","2.15000","19.02270","25898.78236"
"KNA","Saint Kitts y Nevis","2009","consumo","national","2.15000","18.74250","24973.80453"
"KNA","Saint Kitts y Nevis","2010","consumo","national","2.15000","18.74250","24997.56725"
"KNA","Saint Kitts y Nevis","2011","ingreso","national","2.15000","24.17560","25380.00873"
"KNA","Saint Kitts y Nevis","2012","ingreso","national","2.15000","23.94300","25114.05726"
"KNA","Saint Kitts y Nevis","2013","ingreso","national","2.15000","25.08680","26532.10166"
"KNA","Saint Kitts y Nevis","2014","ingreso","national","2.15000","26.70760","28530.30722"
"KNA","Saint Kitts y Nevis","2015","ingreso","national","2.15000","26.90040","28729.56645"
"KNA","Saint Kitts y Nevis","2016","ingreso","national","2.15000","27.88340","29867.02656"
"KNA","Saint Kitts y Nevis","2017","ingreso","national","2.15000","28.05050","29948.92001"
"KNA","Saint Kitts y Nevis","2018","ingreso","national","2.15000","28.64210","30576.24867"
"KNA","Saint Kitts y Nevis","2019","ingreso","national","2.15000","29.63320","31512.19431"
"KNA","Saint Kitts y Nevis","2020","ingreso","national","2.15000","25.68540","26736.92836"
"KNA","Saint Kitts y Nevis","2021","ingreso","national","2.15000","25.23610","26896.61771"
"KNA","Saint Kitts y Nevis","2022","ingreso","national","2.15000","28.07400","29749.87009"
"KNA","Saint Kitts y Nevis","2023","ingreso","national","2.15000","29.67580","30616.57728"
"KNA","Saint Kitts y Nevis","2024","ingreso","national","2.15000","29.91060","30656.44101"
"KNA","Saint Kitts y Nevis","2025","ingreso","national","2.15000","31.86440","31427.66308"
"WSM","Samoa","1990","consumo","national","2.15000","9.08320","3991.43807"
"WSM","Samoa","1991","consumo","national","2.15000","8.97910","3892.12847"
"WSM","Samoa","1992","consumo","national","2.15000","9.05600","3862.38380"
"WSM","Samoa","1993","consumo","national","2.15000","9.04970","3986.96466"
"WSM","Samoa","1994","consumo","national","2.15000","9.12360","3854.53322"
"WSM","Samoa","1995","consumo","national","2.15000","9.50970","4078.51336"
"WSM","Samoa","1996","consumo","national","2.15000","9.70530","4334.06812"
"WSM","Samoa","1997","consumo","national","2.15000","9.74690","4325.69240"
"WSM","Samoa","1998","consumo","national","2.15000","9.84330","4387.08120"
"WSM","Samoa","1999","consumo","national","2.15000","10.03990","4448.88974"
"WSM","Samoa","2000","consumo","national","2.15000","10.42110","4639.18880"
"WSM","Samoa","2001","consumo","national","2.15000","10.83600","4941.74832"
"WSM","Samoa","2002","consumo","national","2.15000","11.19880","5184.11871"
"WSM","Samoa","2003","consumo","national","2.15000","11.36510","5426.13899"
"WSM","Samoa","2004","consumo","national","2.15000","11.57430","5569.06081"
"WSM","Samoa","2005","consumo","national","2.15000","11.76380","5915.64757"
"WSM","Samoa","2006","consumo","national","2.15000","11.80490","6018.24805"
"WSM","Samoa","2007","consumo","national","2.15000","11.87370","6014.04676"
"WSM","Samoa","2008","consumo","national","2.15000","11.91140","6183.55547"
"WSM","Samoa","2009","consumo","national","2.15000","11.92200","6104.90963"
"WSM","Samoa","2010","consumo","national","2.15000","12.10370","6428.13509"
"WSM","Samoa","2011","consumo","national","2.15000","11.87010","6617.61890"
"WSM","Samoa","2012","consumo","national","2.15000","11.48660","6312.76945"
"WSM","Samoa","2013","consumo","national","2.15000","11.29060","6263.12610"
"WSM","Samoa","2014","consumo","national","2.15000","11.35880","6248.70535"
"WSM","Samoa","2015","consumo","national","2.15000","11.75980","6433.18396"
"WSM","Samoa","2016","consumo","national","2.15000","12.07380","6888.18770"
"WSM","Samoa","2017","consumo","national","2.15000","12.03630","6919.90225"
"WSM","Samoa","2018","consumo","national","2.15000","11.85710","6805.91709"
"WSM","Samoa","2019","consumo","national","2.15000","11.93150","7034.42233"
"WSM","Samoa","2020","consumo","national","2.15000","11.51730","6746.15668"
"WSM","Samoa","2021","consumo","national","2.15000","11.33510","6350.92787"
"WSM","Samoa","2022","consumo","national","2.15000","11.97580","6450.19152"
"WSM","Samoa","2023","consumo","national","2.15000","12.72540","7384.69164"
"WSM","Samoa","2024","consumo","national","2.15000","13.04050","7687.23426"
"WSM","Samoa","2025","consumo","national","2.15000","13.22990","7963.42749"
"SMR","San Marino","1997","ingreso","national","2.15000","66.44030","66923.03258"
"SMR","San Marino","1998","ingreso","national","2.15000","71.16940","71024.56188"
"SMR","San Marino","1999","ingreso","national","2.15000","77.21490","76474.13228"
"SMR","San Marino","2000","ingreso","national","2.15000","79.17490","77149.41858"
"SMR","San Marino","2001","ingreso","national","2.15000","83.45610","80420.77255"
"SMR","San Marino","2002","ingreso","national","2.15000","84.06930","79649.53505"
"SMR","San Marino","2003","ingreso","national","2.15000","87.26390","81688.38142"
"SMR","San Marino","2004","ingreso","national","2.15000","87.71860","80724.81147"
"SMR","San Marino","2005","ingreso","national","2.15000","90.05130","81632.17763"
"SMR","San Marino","2006","ingreso","national","2.15000","93.64090","83781.55020"
"SMR","San Marino","2007","ingreso","national","2.15000","98.16150","86785.02102"
"SMR","San Marino","2008","ingreso","national","2.15000","98.01030","85120.28973"
"SMR","San Marino","2009","ingreso","national","2.15000","87.25030","73093.83415"
"SMR","San Marino","2010","ingreso","national","2.15000","83.74590","68669.25495"
"SMR","San Marino","2011","ingreso","national","2.15000","80.02080","64214.12091"
"SMR","San Marino","2012","ingreso","national","2.15000","74.37350","58176.37975"
"SMR","San Marino","2013","ingreso","national","2.15000","75.57050","58467.97891"
"SMR","San Marino","2014","ingreso","national","2.15000","76.73400","58743.58639"
"SMR","San Marino","2015","ingreso","national","2.15000","78.62920","59647.66001"
"SMR","San Marino","2016","ingreso","national","2.15000","80.61210","60669.82289"
"SMR","San Marino","2017","ingreso","national","2.15000","80.07050","59524.56068"
"SMR","San Marino","2018","ingreso","national","2.15000","80.43680","59194.04441"
"SMR","San Marino","2019","ingreso","national","2.15000","82.34950","60171.05060"
"SMR","San Marino","2020","ingreso","national","2.15000","75.07180","55998.07346"
"SMR","San Marino","2021","ingreso","national","2.15000","86.74540","64745.13228"
"SMR","San Marino","2022","ingreso","national","2.15000","97.36740","70887.57806"
"SMR","San Marino","2023","ingreso","national","2.15000","98.07360","70951.79197"
"SXM","San Martín (parte holandesa)","2009","ingreso","national","2.15000","55.64240","50980.94008"
"SXM","San Martín (parte holandesa)","2010","ingreso","national","2.15000","56.78120","52140.59966"
"SXM","San Martín (parte holandesa)","2011","ingreso","national","2.15000","58.42210","53786.24620"
"SXM","San Martín (parte holandesa)","2012","ingreso","national","2.15000","58.55240","53357.00346"
"SXM","San Martín (parte holandesa)","2013","ingreso","national","2.15000","58.58540","52801.40311"
"SXM","San Martín (parte holandesa)","2014","ingreso","national","2.15000","58.91630","52439.47368"
"SXM","San Martín (parte holandesa)","2015","ingreso","national","2.15000","58.22480","51375.60325"
"SXM","San Martín (parte holandesa)","2016","ingreso","national","2.15000","57.80610","50817.68149"
"SXM","San Martín (parte holandesa)","2017","ingreso","national","2.15000","52.03110","46088.35838"
"SXM","San Martín (parte holandesa)","2018","ingreso","national","2.15000","48.82890","42154.10203"
"SXM","San Martín (parte holandesa)","2019","ingreso","national","2.15000","52.64820","45996.79123"
"SXM","San Martín (parte holandesa)","2020","ingreso","national","2.15000","45.59480","39265.76168"
"SXM","San Martín (parte holandesa)","2021","ingreso","national","2.15000","46.60140","40507.06724"
"SXM","San Martín (parte holandesa)","2022","ingreso","national","2.15000","53.07520","45515.65284"
"SXM","San Martín (parte holandesa)","2023","ingreso","national","2.15000","54.46460","46571.08813"
"SXM","San Martín (parte holandesa)","2024","ingreso","national","2.15000","55.58570","47303.19465"
"SXM","San Martín (parte holandesa)","2025","ingreso","national","2.15000","55.75640","48273.42546"
"VCT","San Vicente y las Granadinas","1990","consumo","national","2.15000","10.84290","7467.37875"
"VCT","San Vicente y las Granadinas","1991","consumo","national","2.15000","10.91970","7524.58478"
"VCT","San Vicente y las Granadinas","1992","consumo","national","2.15000","11.42020","7984.07960"
"VCT","San Vicente y las Granadinas","1993","consumo","national","2.15000","11.48170","8306.77527"
"VCT","San Vicente y las Granadinas","1994","consumo","national","2.15000","11.45290","8189.84363"
"VCT","San Vicente y las Granadinas","1995","consumo","national","2.15000","11.86370","8815.84872"
"VCT","San Vicente y las Granadinas","1996","consumo","national","2.15000","11.92500","8923.70556"
"VCT","San Vicente y las Granadinas","1997","consumo","national","2.15000","12.10240","9234.69888"
"VCT","San Vicente y las Granadinas","1998","consumo","national","2.15000","12.26690","9609.10379"
"VCT","San Vicente y las Granadinas","1999","consumo","national","2.15000","12.41030","9853.34737"
"VCT","San Vicente y las Granadinas","2000","consumo","national","2.15000","12.47790","9999.05879"
"VCT","San Vicente y las Granadinas","2001","consumo","national","2.15000","12.55820","10177.80946"
"VCT","San Vicente y las Granadinas","2002","consumo","national","2.15000","13.30730","10736.08787"
"VCT","San Vicente y las Granadinas","2003","consumo","national","2.15000","13.18050","11475.33124"
"VCT","San Vicente y las Granadinas","2004","consumo","national","2.15000","13.39890","11979.90729"
"VCT","San Vicente y las Granadinas","2005","consumo","national","2.15000","13.52930","12320.07100"
"VCT","San Vicente y las Granadinas","2006","consumo","national","2.15000","13.91840","13233.40689"
"VCT","San Vicente y las Granadinas","2007","consumo","national","2.15000","14.12570","13732.36226"
"VCT","San Vicente y las Granadinas","2008","consumo","national","2.15000","14.30530","13850.39368"
"VCT","San Vicente y las Granadinas","2009","consumo","national","2.15000","14.35330","13723.78383"
"VCT","San Vicente y las Granadinas","2010","consumo","national","2.15000","14.17710","13175.72302"
"VCT","San Vicente y las Granadinas","2011","consumo","national","2.15000","14.28380","13168.89643"
"VCT","San Vicente y las Granadinas","2012","consumo","national","2.15000","14.49330","13397.96330"
"VCT","San Vicente y las Granadinas","2013","consumo","national","2.15000","14.71030","13804.18380"
"VCT","San Vicente y las Granadinas","2014","consumo","national","2.15000","14.97210","14040.24607"
"VCT","San Vicente y las Granadinas","2015","consumo","national","2.15000","15.25490","14508.86095"
"VCT","San Vicente y las Granadinas","2016","consumo","national","2.15000","15.88100","15197.74825"
"VCT","San Vicente y las Granadinas","2017","consumo","national","2.15000","16.26510","15533.22128"
"VCT","San Vicente y las Granadinas","2018","consumo","national","2.15000","16.55380","16139.06611"
"VCT","San Vicente y las Granadinas","2019","consumo","national","2.15000","16.74550","16365.32558"
"VCT","San Vicente y las Granadinas","2020","consumo","national","2.15000","15.69480","15763.70544"
"VCT","San Vicente y las Granadinas","2021","consumo","national","2.15000","15.62530","16200.89946"
"VCT","San Vicente y las Granadinas","2022","consumo","national","2.15000","16.98520","16835.02351"
"VCT","San Vicente y las Granadinas","2023","consumo","national","2.15000","17.45320","17858.24465"
"VCT","San Vicente y las Granadinas","2024","consumo","national","2.15000","17.96140","18714.19885"
"VCT","San Vicente y las Granadinas","2025","consumo","national","2.15000","18.46110","19483.01276"
"LCA","Santa Lucía","1990","ingreso","national","2.15000","4.55570","17056.71849"
"LCA","Santa Lucía","1991","ingreso","national","2.15000","4.51830","16916.72656"
"LCA","Santa Lucía","1992","ingreso","national","2.15000","4.80540","17991.70932"
"LCA","Santa Lucía","1993","ingreso","national","2.15000","4.76250","17831.09132"
"LCA","Santa Lucía","1994","ingreso","national","2.15000","4.76690","17847.41377"
"LCA","Santa Lucía","1995","ingreso","national","2.15000","4.77440","17875.41014"
"LCA","Santa Lucía","1996","ingreso","national","2.15000","4.84110","18125.35755"
"LCA","Santa Lucía","1997","ingreso","national","2.15000","4.74030","17747.90029"
"LCA","Santa Lucía","1998","ingreso","national","2.15000","4.96960","18606.53601"
"LCA","Santa Lucía","1999","ingreso","national","2.15000","5.03640","18856.57634"
"LCA","Santa Lucía","2000","ingreso","national","2.15000","4.97810","18638.11771"
"LCA","Santa Lucía","2001","ingreso","national","2.15000","4.75980","17820.79643"
"LCA","Santa Lucía","2002","ingreso","national","2.15000","4.73810","17739.57668"
"LCA","Santa Lucía","2003","ingreso","national","2.15000","4.89970","18344.59193"
"LCA","Santa Lucía","2004","ingreso","national","2.15000","5.21530","19526.44614"
"LCA","Santa Lucía","2005","ingreso","national","2.15000","5.15590","19303.99213"
"LCA","Santa Lucía","2006","consumo","national","2.15000","32.95450","20353.65337"
"LCA","Santa Lucía","2007","consumo","national","2.15000","33.18820","20559.89748"
"LCA","Santa Lucía","2008","consumo","national","2.15000","34.18640","21443.25930"
"LCA","Santa Lucía","2009","consumo","national","2.15000","33.36420","20706.50553"
"LCA","Santa Lucía","2010","consumo","national","2.15000","33.29910","20648.78610"
"LCA","Santa Lucía","2011","consumo","national","2.15000","34.18100","21430.02259"
"LCA","Santa Lucía","2012","consumo","national","2.15000","34.04610","21309.22513"
"LCA","Santa Lucía","2013","consumo","national","2.15000","33.50710","20827.28860"
"LCA","Santa Lucía","2014","consumo","national","2.15000","33.71370","21010.69819"
"LCA","Santa Lucía","2015","consumo","national","2.15000","33.63410","20939.88103"
"LCA","Santa Lucía","2016","consumo","national","2.15000","34.33840","21566.30588"
"LCA","Santa Lucía","2017","consumo","national","2.15000","35.05280","22207.21310"
"LCA","Santa Lucía","2018","consumo","national","2.15000","35.66480","22761.16135"
"LCA","Santa Lucía","2019","consumo","national","2.15000","35.40010","22445.20805"
"LCA","Santa Lucía","2020","consumo","national","2.15000","29.30140","17247.95787"
"LCA","Santa Lucía","2021","consumo","national","2.15000","31.64560","19141.32723"
"LCA","Santa Lucía","2022","consumo","national","2.15000","36.12330","22811.25245"
"LCA","Santa Lucía","2023","consumo","national","2.15000","36.60950","23636.02659"
"LCA","Santa Lucía","2024","consumo","national","2.15000","37.53880","24699.96947"
"LCA","Santa Lucía","2025","consumo","national","2.15000","37.99480","24502.96286"
"STP","Santo Tomé y Príncipe","1990","consumo","national","2.15000","6.20640","3883.20430"
"STP","Santo Tomé y Príncipe","1991","consumo","national","2.15000","6.16350","3844.89638"
"STP","Santo Tomé y Príncipe","1992","consumo","national","2.15000","6.11190","3798.88353"
"STP","Santo Tomé y Príncipe","1993","consumo","national","2.15000","6.08080","3771.28612"
"STP","Santo Tomé y Príncipe","1994","consumo","national","2.15000","6.10020","3788.48370"
"STP","Santo Tomé y Príncipe","1995","consumo","national","2.15000","6.11580","3802.29132"
"STP","Santo Tomé y Príncipe","1996","consumo","national","2.15000","6.11440","3801.08165"
"STP","Santo Tomé y Príncipe","1997","consumo","national","2.15000","6.09610","3784.79023"
"STP","Santo Tomé y Príncipe","1998","consumo","national","2.15000","6.14590","3828.99824"
"STP","Santo Tomé y Príncipe","1999","consumo","national","2.15000","6.20110","3878.13109"
"STP","Santo Tomé y Príncipe","2000","consumo","national","2.15000","6.17290","3852.89043"
"STP","Santo Tomé y Príncipe","2001","consumo","national","2.15000","6.16240","3907.01928"
"STP","Santo Tomé y Príncipe","2002","consumo","national","2.15000","6.05860","3942.76041"
"STP","Santo Tomé y Príncipe","2003","consumo","national","2.15000","6.14520","4161.63833"
"STP","Santo Tomé y Príncipe","2004","consumo","national","2.15000","6.03760","4202.56187"
"STP","Santo Tomé y Príncipe","2005","consumo","national","2.15000","6.05340","4371.49722"
"STP","Santo Tomé y Príncipe","2006","consumo","national","2.15000","6.15690","4644.18045"
"STP","Santo Tomé y Príncipe","2007","consumo","national","2.15000","6.04480","4698.08417"
"STP","Santo Tomé y Príncipe","2008","consumo","national","2.15000","6.03620","4873.18131"
"STP","Santo Tomé y Príncipe","2009","consumo","national","2.15000","5.90860","4919.19530"
"STP","Santo Tomé y Príncipe","2010","consumo","national","2.15000","5.71080","4882.04796"
"STP","Santo Tomé y Príncipe","2011","consumo","national","2.15000","5.95600","4876.47316"
"STP","Santo Tomé y Príncipe","2012","consumo","national","2.15000","5.85510","4919.55294"
"STP","Santo Tomé y Príncipe","2013","consumo","national","2.15000","6.44050","5072.11200"
"STP","Santo Tomé y Príncipe","2014","consumo","national","2.15000","7.01460","5223.09573"
"STP","Santo Tomé y Príncipe","2015","consumo","national","2.15000","6.96600","5210.20378"
"STP","Santo Tomé y Príncipe","2016","consumo","national","2.15000","7.63870","5388.50913"
"STP","Santo Tomé y Príncipe","2017","consumo","national","2.15000","8.13430","5521.20250"
"STP","Santo Tomé y Príncipe","2018","consumo","national","2.15000","8.29260","5674.72379"
"STP","Santo Tomé y Príncipe","2019","consumo","national","2.15000","8.32060","5702.08347"
"STP","Santo Tomé y Príncipe","2020","consumo","national","2.15000","8.36230","5742.94725"
"STP","Santo Tomé y Príncipe","2021","consumo","national","2.15000","8.35190","5732.69456"
"STP","Santo Tomé y Príncipe","2022","consumo","national","2.15000","8.24930","5632.13891"
"STP","Santo Tomé y Príncipe","2023","consumo","national","2.15000","8.15620","5541.30168"
"STP","Santo Tomé y Príncipe","2024","consumo","national","2.15000","8.10470","5511.87785"
"STP","Santo Tomé y Príncipe","2025","consumo","national","2.15000","8.15430","5459.21312"
"SEN","Senegal","1990","consumo","national","2.15000","2.56390","2923.34412"
"SEN","Senegal","1991","consumo","national","2.15000","2.56010","2917.01428"
"SEN","Senegal","1992","consumo","national","2.15000","2.60470","2874.00298"
"SEN","Senegal","1993","consumo","national","2.15000","2.67320","2834.02797"
"SEN","Senegal","1994","consumo","national","2.15000","2.71500","2757.86088"
"SEN","Senegal","1995","consumo","national","2.15000","2.84670","2835.03273"
"SEN","Senegal","1996","consumo","national","2.15000","2.82660","2822.46837"
"SEN","Senegal","1997","consumo","national","2.15000","2.85570","2840.60809"
"SEN","Senegal","1998","consumo","national","2.15000","3.01300","2938.69163"
"SEN","Senegal","1999","consumo","national","2.15000","3.19000","3050.17801"
"SEN","Senegal","2000","consumo","national","2.15000","3.25770","3093.28792"
"SEN","Senegal","2001","consumo","national","2.15000","3.31270","3149.33114"
"SEN","Senegal","2002","consumo","national","2.15000","3.31580","3075.23158"
"SEN","Senegal","2003","consumo","national","2.15000","3.41880","3170.03495"
"SEN","Senegal","2004","consumo","national","2.15000","3.59130","3240.30202"
"SEN","Senegal","2005","consumo","national","2.15000","3.68680","3301.82076"
"SEN","Senegal","2006","consumo","national","2.15000","3.73960","3301.03152"
"SEN","Senegal","2007","consumo","national","2.15000","3.75120","3316.42038"
"SEN","Senegal","2008","consumo","national","2.15000","3.78320","3359.70567"
"SEN","Senegal","2009","consumo","national","2.15000","3.79190","3371.46167"
"SEN","Senegal","2010","consumo","national","2.15000","3.81790","3403.56707"
"SEN","Senegal","2011","consumo","national","2.15000","3.78570","3362.87941"
"SEN","Senegal","2012","consumo","national","2.15000","3.93210","3405.10864"
"SEN","Senegal","2013","consumo","national","2.15000","3.84220","3385.42591"
"SEN","Senegal","2014","consumo","national","2.15000","4.29310","3484.01220"
"SEN","Senegal","2015","consumo","national","2.15000","4.79090","3593.79477"
"SEN","Senegal","2016","consumo","national","2.15000","5.31330","3710.05532"
"SEN","Senegal","2017","consumo","national","2.15000","6.03160","3871.45147"
"SEN","Senegal","2018","consumo","national","2.15000","6.58910","3998.28635"
"SEN","Senegal","2019","consumo","national","2.15000","6.72170","4070.61227"
"SEN","Senegal","2020","consumo","national","2.15000","6.52760","4018.04129"
"SEN","Senegal","2021","consumo","national","2.15000","6.56760","4173.67741"
"SEN","Senegal","2022","consumo","national","2.15000","6.53010","4228.73383"
"SEN","Senegal","2023","consumo","national","2.15000","6.61230","4304.76149"
"SEN","Senegal","2024","consumo","national","2.15000","6.78020","4477.81737"
"SEN","Senegal","2025","consumo","national","2.15000","6.92830","4668.54168"
"SRB","Serbia","1995","consumo","national","2.15000","14.51470","9444.75162"
"SRB","Serbia","1996","consumo","national","2.15000","15.14970","10035.01398"
"SRB","Serbia","1997","consumo","national","2.15000","16.13300","10965.48241"
"SRB","Serbia","1998","consumo","national","2.15000","16.78480","11598.33075"
"SRB","Serbia","1999","consumo","national","2.15000","15.60980","10438.46102"
"SRB","Serbia","2000","consumo","national","2.15000","16.30850","11105.94882"
"SRB","Serbia","2001","consumo","national","2.15000","17.10330","11879.17639"
"SRB","Serbia","2002","consumo","national","2.15000","17.89220","12661.93961"
"SRB","Serbia","2003","consumo","national","2.15000","15.98170","13273.69007"
"SRB","Serbia","2004","consumo","national","2.15000","14.95070","14194.36513"
"SRB","Serbia","2005","consumo","national","2.15000","15.97390","15077.55865"
"SRB","Serbia","2006","consumo","national","2.15000","14.98940","15727.40337"
"SRB","Serbia","2007","consumo","national","2.15000","15.13240","17028.08670"
"SRB","Serbia","2008","consumo","national","2.15000","15.41240","17983.28119"
"SRB","Serbia","2009","consumo","national","2.15000","15.16980","17488.12272"
"SRB","Serbia","2010","consumo","national","2.15000","14.68450","17841.43126"
"SRB","Serbia","2011","consumo","national","2.15000","14.81490","17986.58403"
"SRB","Serbia","2012","ingreso","national","2.15000","15.51920","17993.81472"
"SRB","Serbia","2013","consumo","national","2.15000","14.55610","18163.20473"
"SRB","Serbia","2014","ingreso","national","2.15000","14.32610","17922.43577"
"SRB","Serbia","2015","consumo","national","2.15000","16.41780","18247.80911"
"SRB","Serbia","2016","ingreso","national","2.15000","15.02660","18889.38164"
"SRB","Serbia","2017","ingreso","national","2.15000","15.11620","19438.99171"
"SRB","Serbia","2018","consumo","national","2.15000","17.82700","20454.22588"
"SRB","Serbia","2019","consumo","national","2.15000","16.69900","21541.12640"
"SRB","Serbia","2020","ingreso","national","2.15000","21.00050","21479.07886"
"SRB","Serbia","2021","ingreso","national","2.15000","21.90370","23406.30657"
"SRB","Serbia","2022","ingreso","national","2.15000","21.97370","24651.84782"
"SRB","Serbia","2023","ingreso","national","2.15000","24.10260","25735.13348"
"SRB","Serbia","2024","ingreso","national","2.15000","25.49400","26900.74153"
"SRB","Serbia","2025","ingreso","national","2.15000","26.28590","27603.39163"
"SYC","Seychelles","1990","consumo","national","2.15000","24.21140","15478.84754"
"SYC","Seychelles","1991","consumo","national","2.15000","23.81910","15695.67084"
"SYC","Seychelles","1992","consumo","national","2.15000","27.28340","16744.50808"
"SYC","Seychelles","1993","consumo","national","2.15000","29.85210","17596.89776"
"SYC","Seychelles","1994","consumo","national","2.15000","26.33740","16716.52072"
"SYC","Seychelles","1995","consumo","national","2.15000","29.24730","16552.45478"
"SYC","Seychelles","1996","consumo","national","2.15000","29.69620","17942.17330"
"SYC","Seychelles","1997","consumo","national","2.15000","30.32580","19895.14222"
"SYC","Seychelles","1998","consumo","national","2.15000","29.95260","19991.22932"
"SYC","Seychelles","1999","consumo","national","2.15000","26.60780","19969.35137"
"SYC","Seychelles","2000","consumo","national","2.15000","18.48900","20633.67470"
"SYC","Seychelles","2001","consumo","national","2.15000","19.78230","20147.41877"
"SYC","Seychelles","2002","consumo","national","2.15000","16.26000","19777.75252"
"SYC","Seychelles","2003","consumo","national","2.15000","17.31040","18825.22069"
"SYC","Seychelles","2004","consumo","national","2.15000","17.79230","18356.47114"
"SYC","Seychelles","2005","consumo","national","2.15000","19.57340","19917.11945"
"SYC","Seychelles","2006","consumo","national","2.15000","21.15790","21341.85975"
"SYC","Seychelles","2007","consumo","national","2.15000","18.29090","23117.85552"
"SYC","Seychelles","2008","consumo","national","2.15000","25.33540","21990.36853"
"SYC","Seychelles","2009","consumo","national","2.15000","23.94950","21361.13079"
"SYC","Seychelles","2010","ingreso","national","2.15000","28.57440","21708.75545"
"SYC","Seychelles","2011","ingreso","national","2.15000","33.55870","24406.41298"
"SYC","Seychelles","2012","ingreso","national","2.15000","33.99680","24919.95521"
"SYC","Seychelles","2013","ingreso","national","2.15000","25.97940","24770.65146"
"SYC","Seychelles","2014","ingreso","national","2.15000","30.18840","25379.41807"
"SYC","Seychelles","2015","ingreso","national","2.15000","26.20470","27032.20839"
"SYC","Seychelles","2016","ingreso","national","2.15000","27.77030","29905.13474"
"SYC","Seychelles","2017","ingreso","national","2.15000","26.03230","31595.66806"
"SYC","Seychelles","2018","ingreso","national","2.15000","24.27970","32841.42425"
"SYC","Seychelles","2019","ingreso","national","2.15000","24.15440","34346.07089"
"SYC","Seychelles","2020","ingreso","national","2.15000","23.89620","30056.19943"
"SYC","Seychelles","2021","ingreso","national","2.15000","26.51000","29979.82727"
"SYC","Seychelles","2022","ingreso","national","2.15000","21.88320","27275.68838"
"SYC","Seychelles","2023","ingreso","national","2.15000","21.88010","28713.66724"
"SYC","Seychelles","2024","ingreso","national","2.15000","24.09080","29288.01918"
"SYC","Seychelles","2025","ingreso","national","2.15000","24.81080","30638.72172"
"SLE","Sierra Leona","1990","consumo","national","2.15000","3.18820","2703.59919"
"SLE","Sierra Leona","1991","consumo","national","2.15000","3.21410","2734.96862"
"SLE","Sierra Leona","1992","consumo","national","2.15000","2.82130","2257.44940"
"SLE","Sierra Leona","1993","consumo","national","2.15000","2.85290","2293.56354"
"SLE","Sierra Leona","1994","consumo","national","2.15000","2.80650","2240.29005"
"SLE","Sierra Leona","1995","consumo","national","2.15000","2.64670","2058.07683"
"SLE","Sierra Leona","1996","consumo","national","2.15000","2.67020","2084.18223"
"SLE","Sierra Leona","1997","consumo","national","2.15000","2.53780","1936.55653"
"SLE","Sierra Leona","1998","consumo","national","2.15000","2.55180","1951.82091"
"SLE","Sierra Leona","1999","consumo","national","2.15000","2.50750","1903.32696"
"SLE","Sierra Leona","2000","consumo","national","2.15000","2.57950","1981.50609"
"SLE","Sierra Leona","2001","consumo","national","2.15000","2.36800","1749.35086"
"SLE","Sierra Leona","2002","consumo","national","2.15000","2.69010","2089.26153"
"SLE","Sierra Leona","2003","consumo","national","2.15000","2.78650","2196.28134"
"SLE","Sierra Leona","2004","consumo","national","2.15000","2.90780","2260.83819"
"SLE","Sierra Leona","2005","consumo","national","2.15000","2.98630","2296.65768"
"SLE","Sierra Leona","2006","consumo","national","2.15000","3.08680","2342.75461"
"SLE","Sierra Leona","2007","consumo","national","2.15000","3.16280","2377.80530"
"SLE","Sierra Leona","2008","consumo","national","2.15000","3.22070","2404.65199"
"SLE","Sierra Leona","2009","consumo","national","2.15000","3.16040","2376.58254"
"SLE","Sierra Leona","2010","consumo","national","2.15000","3.33990","2459.76814"
"SLE","Sierra Leona","2011","consumo","national","2.15000","3.61930","2590.52839"
"SLE","Sierra Leona","2012","consumo","national","2.15000","3.90410","2792.92626"
"SLE","Sierra Leona","2013","consumo","national","2.15000","4.32270","3124.72832"
"SLE","Sierra Leona","2014","consumo","national","2.15000","4.10790","2812.52832"
"SLE","Sierra Leona","2015","consumo","national","2.15000","3.83170","2628.17058"
"SLE","Sierra Leona","2016","consumo","national","2.15000","4.26570","2732.26094"
"SLE","Sierra Leona","2017","consumo","national","2.15000","4.35290","2753.42720"
"SLE","Sierra Leona","2018","consumo","national","2.15000","4.41030","2767.38003"
"SLE","Sierra Leona","2019","consumo","national","2.15000","4.50550","2852.66270"
"SLE","Sierra Leona","2020","consumo","national","2.15000","4.39490","2752.62615"
"SLE","Sierra Leona","2021","consumo","national","2.15000","4.50300","2849.38866"
"SLE","Sierra Leona","2022","consumo","national","2.15000","4.59740","2934.73326"
"SLE","Sierra Leona","2023","consumo","national","2.15000","4.70730","3034.94608"
"SLE","Sierra Leona","2024","consumo","national","2.15000","4.77660","3098.76290"
"SLE","Sierra Leona","2025","consumo","national","2.15000","4.85310","3176.23681"
"SGP","Singapur","1990","ingreso","national","2.15000","45.83400","45961.05983"
"SGP","Singapur","1991","ingreso","national","2.15000","48.24430","47659.49669"
"SGP","Singapur","1992","ingreso","national","2.15000","50.55430","49319.81927"
"SGP","Singapur","1993","ingreso","national","2.15000","55.18530","53598.46396"
"SGP","Singapur","1994","ingreso","national","2.15000","59.55550","57706.87116"
"SGP","Singapur","1995","ingreso","national","2.15000","62.30000","59997.00744"
"SGP","Singapur","1996","ingreso","national","2.15000","64.89020","61911.50304"
"SGP","Singapur","1997","ingreso","national","2.15000","68.45120","64846.06293"
"SGP","Singapur","1998","ingreso","national","2.15000","66.17700","61306.77345"
"SGP","Singapur","1999","ingreso","national","2.15000","69.96580","64296.63849"
"SGP","Singapur","2000","ingreso","national","2.15000","75.44750","68904.12802"
"SGP","Singapur","2001","ingreso","national","2.15000","74.24040","66352.14929"
"SGP","Singapur","2002","ingreso","national","2.15000","77.31250","68328.93217"
"SGP","Singapur","2003","ingreso","national","2.15000","82.26580","72497.86860"
"SGP","Singapur","2004","ingreso","national","2.15000","89.79240","78712.53473"
"SGP","Singapur","2005","ingreso","national","2.15000","94.87590","82547.48284"
"SGP","Singapur","2006","ingreso","national","2.15000","100.40500","87210.04805"
"SGP","Singapur","2007","ingreso","national","2.15000","105.02310","91198.15157"
"SGP","Singapur","2008","ingreso","national","2.15000","102.44390","88083.28537"
"SGP","Singapur","2009","ingreso","national","2.15000","100.53320","85575.75511"
"SGP","Singapur","2010","ingreso","national","2.15000","111.77800","96280.01688"
"SGP","Singapur","2011","ingreso","national","2.15000","116.28160","100153.72941"
"SGP","Singapur","2012","ingreso","national","2.15000","118.82030","102061.11936"
"SGP","Singapur","2013","ingreso","national","2.15000","122.66070","105259.69356"
"SGP","Singapur","2014","ingreso","national","2.15000","125.88210","107990.89120"
"SGP","Singapur","2015","ingreso","national","2.15000","128.27310","109894.04134"
"SGP","Singapur","2016","ingreso","national","2.15000","131.53020","112719.94795"
"SGP","Singapur","2017","ingreso","national","2.15000","137.32900","117492.96799"
"SGP","Singapur","2018","ingreso","national","2.15000","142.00160","120668.88873"
"SGP","Singapur","2019","ingreso","national","2.15000","143.48760","120678.34198"
"SGP","Singapur","2020","ingreso","national","2.15000","136.99680","116684.21360"
"SGP","Singapur","2021","ingreso","national","2.15000","156.63830","133990.18678"
"SGP","Singapur","2022","ingreso","national","2.15000","156.01960","134828.00139"
"SGP","Singapur","2023","ingreso","national","2.15000","155.42280","130296.84379"
"SGP","Singapur","2024","ingreso","national","2.15000","158.76500","134548.76414"
"SGP","Singapur","2025","ingreso","national","2.15000","162.84050","139592.61221"
"SYR","Siria","1990","consumo","national","2.15000","9.48520","5952.35830"
"SYR","Siria","1991","consumo","national","2.15000","9.77300","6210.41568"
"SYR","Siria","1992","consumo","national","2.15000","10.42680","6803.92916"
"SYR","Siria","1993","consumo","national","2.15000","10.64540","7007.72494"
"SYR","Siria","1994","consumo","national","2.15000","10.95080","7294.86310"
"SYR","Siria","1995","consumo","national","2.15000","11.26030","7589.39693"
"SYR","Siria","1996","consumo","national","2.15000","11.80340","8112.37387"
"SYR","Siria","1997","consumo","national","2.15000","12.21830","8299.18932"
"SYR","Siria","1998","consumo","national","2.15000","14.17180","8636.63340"
"SYR","Siria","1999","consumo","national","2.15000","12.62420","8120.49248"
"SYR","Siria","2000","consumo","national","2.15000","12.81810","7973.98132"
"SYR","Siria","2001","consumo","national","2.15000","13.04200","8075.78410"
"SYR","Siria","2002","consumo","national","2.15000","13.53000","8502.49347"
"SYR","Siria","2003","consumo","national","2.15000","12.58020","8351.46524"
"SYR","Siria","2004","consumo","national","2.15000","15.19890","8710.00893"
"SYR","Siria","2005","consumo","national","2.15000","15.47160","9016.72035"
"SYR","Siria","2006","consumo","national","2.15000","15.46430","9074.77248"
"SYR","Siria","2007","consumo","national","2.15000","15.73260","9017.08718"
"SYR","Siria","2008","consumo","national","2.15000","15.76430","9093.12957"
"SYR","Siria","2009","consumo","national","2.15000","15.51830","9481.56998"
"SYR","Siria","2010","consumo","national","2.15000","15.61370","9749.57445"
"SYR","Siria","2011","consumo","national","2.15000","15.94510","9854.03380"
"SYR","Siria","2012","consumo","national","2.15000","12.13880","7296.32887"
"SYR","Siria","2013","consumo","national","2.15000","7.71890","5648.60213"
"SYR","Siria","2014","consumo","national","2.15000","6.48100","5414.37510"
"SYR","Siria","2015","consumo","national","2.15000","6.46530","5414.83905"
"SYR","Siria","2016","consumo","national","2.15000","5.30180","5128.91823"
"SYR","Siria","2017","consumo","national","2.15000","6.62320","5083.65174"
"SYR","Siria","2018","consumo","national","2.15000","7.74390","5061.49399"
"SYR","Siria","2019","consumo","national","2.15000","8.04240","4928.02885"
"SYR","Siria","2020","consumo","national","2.15000","5.64050","4810.61073"
"SYR","Siria","2021","consumo","national","2.15000","5.34780","4765.52911"
"SYR","Siria","2022","consumo","national","2.15000","5.15910","4579.43974"
"SOM","Somalia","1991","consumo","national","2.15000","1.19170","837.26702"
"SOM","Somalia","1992","consumo","national","2.15000","1.16000","803.78708"
"SOM","Somalia","1993","consumo","national","2.15000","1.93220","812.55729"
"SOM","Somalia","1994","consumo","national","2.15000","1.73180","634.72773"
"SOM","Somalia","1995","consumo","national","2.15000","1.74790","636.66207"
"SOM","Somalia","1996","consumo","national","2.15000","1.77670","663.35113"
"SOM","Somalia","1997","consumo","national","2.15000","1.74900","648.01716"
"SOM","Somalia","1998","consumo","national","2.15000","1.78650","662.67486"
"SOM","Somalia","1999","consumo","national","2.15000","1.80730","682.97912"
"SOM","Somalia","2000","consumo","national","2.15000","1.83610","702.85007"
"SOM","Somalia","2001","consumo","national","2.15000","1.86410","723.37973"
"SOM","Somalia","2002","consumo","national","2.15000","1.89540","749.91355"
"SOM","Somalia","2003","consumo","national","2.15000","1.92520","777.88455"
"SOM","Somalia","2004","consumo","national","2.15000","1.95380","803.05978"
"SOM","Somalia","2005","consumo","national","2.15000","1.99320","830.80725"
"SOM","Somalia","2006","consumo","national","2.15000","2.02680","857.99366"
"SOM","Somalia","2007","consumo","national","2.15000","2.06080","887.36935"
"SOM","Somalia","2008","consumo","national","2.15000","2.12060","919.13208"
"SOM","Somalia","2009","consumo","national","2.15000","2.18940","956.22033"
"SOM","Somalia","2010","consumo","national","2.15000","2.08540","995.22556"
"SOM","Somalia","2011","consumo","national","2.15000","1.53450","1054.36215"
"SOM","Somalia","2012","consumo","national","2.15000","2.20940","1114.80415"
"SOM","Somalia","2013","consumo","national","2.15000","2.54750","1197.72166"
"SOM","Somalia","2014","consumo","national","2.15000","2.63980","1259.27433"
"SOM","Somalia","2015","consumo","national","2.15000","2.76340","1343.92517"
"SOM","Somalia","2016","consumo","national","2.15000","2.83510","1384.15517"
"SOM","Somalia","2017","consumo","national","2.15000","2.76650","1527.66029"
"SOM","Somalia","2018","consumo","national","2.15000","2.93550","1504.97908"
"SOM","Somalia","2019","consumo","national","2.15000","3.10400","1491.29494"
"SOM","Somalia","2020","consumo","national","2.15000","3.03190","1396.05545"
"SOM","Somalia","2021","consumo","national","2.15000","2.98910","1392.31782"
"SOM","Somalia","2022","consumo","national","2.15000","2.79550","1387.54754"
"SOM","Somalia","2023","consumo","national","2.15000","3.17330","1401.64735"
"SOM","Somalia","2024","consumo","national","2.15000","3.19750","1409.33492"
"SOM","Somalia","2025","consumo","national","2.15000","3.22060","1403.81389"
"LKA","Sri Lanka","1990","consumo","national","2.15000","5.19110","4561.57913"
"LKA","Sri Lanka","1991","consumo","national","2.15000","5.26970","4735.81940"
"LKA","Sri Lanka","1992","consumo","national","2.15000","5.33530","4866.23941"
"LKA","Sri Lanka","1993","consumo","national","2.15000","5.45910","5114.43630"
"LKA","Sri Lanka","1994","consumo","national","2.15000","5.56150","5322.72963"
"LKA","Sri Lanka","1995","consumo","national","2.15000","5.65890","5523.31225"
"LKA","Sri Lanka","1996","consumo","national","2.15000","5.74360","5624.02394"
"LKA","Sri Lanka","1997","consumo","national","2.15000","6.03960","5871.72298"
"LKA","Sri Lanka","1998","consumo","national","2.15000","6.22940","6032.62213"
"LKA","Sri Lanka","1999","consumo","national","2.15000","6.39750","6176.23548"
"LKA","Sri Lanka","2000","consumo","national","2.15000","6.56050","6428.61342"
"LKA","Sri Lanka","2001","consumo","national","2.15000","6.46270","6230.03052"
"LKA","Sri Lanka","2002","consumo","national","2.15000","6.67120","6409.86279"
"LKA","Sri Lanka","2003","consumo","national","2.15000","6.89380","6741.01249"
"LKA","Sri Lanka","2004","consumo","national","2.15000","7.10490","7059.91098"
"LKA","Sri Lanka","2005","consumo","national","2.15000","7.36150","7452.74234"
"LKA","Sri Lanka","2006","consumo","national","2.15000","7.69450","7970.66491"
"LKA","Sri Lanka","2007","consumo","national","2.15000","7.85790","8454.20675"
"LKA","Sri Lanka","2008","consumo","national","2.15000","7.87780","8897.82686"
"LKA","Sri Lanka","2009","consumo","national","2.15000","7.88920","9156.31906"
"LKA","Sri Lanka","2010","consumo","national","2.15000","8.06750","9832.18622"
"LKA","Sri Lanka","2011","consumo","national","2.15000","8.44030","10618.49260"
"LKA","Sri Lanka","2012","consumo","national","2.15000","8.82470","11447.69377"
"LKA","Sri Lanka","2013","consumo","national","2.15000","9.28800","12249.72233"
"LKA","Sri Lanka","2014","consumo","national","2.15000","9.74240","12909.96631"
"LKA","Sri Lanka","2015","consumo","national","2.15000","10.02680","13329.77934"
"LKA","Sri Lanka","2016","consumo","national","2.15000","10.37310","13845.61468"
"LKA","Sri Lanka","2017","consumo","national","2.15000","10.50350","14572.48582"
"LKA","Sri Lanka","2018","consumo","national","2.15000","10.76940","14759.82489"
"LKA","Sri Lanka","2019","consumo","national","2.15000","10.57650","14637.44429"
"LKA","Sri Lanka","2020","consumo","national","2.15000","10.19680","13886.65137"
"LKA","Sri Lanka","2021","consumo","national","2.15000","10.41750","14316.13522"
"LKA","Sri Lanka","2022","consumo","national","2.15000","9.87400","13249.06505"
"LKA","Sri Lanka","2023","consumo","national","2.15000","9.75710","13065.06983"
"LKA","Sri Lanka","2024","consumo","national","2.15000","10.13880","13793.06698"
"LKA","Sri Lanka","2025","consumo","national","2.15000","10.42500","14582.76037"
"ZAF","Sudáfrica","1990","consumo","national","2.15000","8.00980","10811.15153"
"ZAF","Sudáfrica","1991","consumo","national","2.15000","7.85480","10459.35598"
"ZAF","Sudáfrica","1992","consumo","national","2.15000","7.68010","10053.61012"
"ZAF","Sudáfrica","1993","consumo","national","2.15000","7.67370","9976.96506"
"ZAF","Sudáfrica","1994","consumo","national","2.15000","7.55910","10130.80582"
"ZAF","Sudáfrica","1995","consumo","national","2.15000","7.55710","10318.83860"
"ZAF","Sudáfrica","1996","consumo","national","2.15000","7.46910","10623.86036"
"ZAF","Sudáfrica","1997","consumo","national","2.15000","7.31820","10770.27796"
"ZAF","Sudáfrica","1998","consumo","national","2.15000","7.02610","10693.68823"
"ZAF","Sudáfrica","1999","consumo","national","2.15000","6.80050","10831.65896"
"ZAF","Sudáfrica","2000","consumo","national","2.15000","6.68990","11183.82550"
"ZAF","Sudáfrica","2001","consumo","national","2.15000","6.65640","11387.49237"
"ZAF","Sudáfrica","2002","consumo","national","2.15000","7.27060","11697.56573"
"ZAF","Sudáfrica","2003","consumo","national","2.15000","7.71380","11923.12110"
"ZAF","Sudáfrica","2004","consumo","national","2.15000","8.91930","12341.21027"
"ZAF","Sudáfrica","2005","consumo","national","2.15000","10.14170","12861.56331"
"ZAF","Sudáfrica","2006","consumo","national","2.15000","10.37430","13444.23321"
"ZAF","Sudáfrica","2007","consumo","national","2.15000","10.84960","14016.24447"
"ZAF","Sudáfrica","2008","consumo","national","2.15000","10.73310","14297.68878"
"ZAF","Sudáfrica","2009","consumo","national","2.15000","10.76050","13910.70171"
"ZAF","Sudáfrica","2010","consumo","national","2.15000","12.30590","14164.99584"
"ZAF","Sudáfrica","2011","consumo","national","2.15000","12.33100","14434.26115"
"ZAF","Sudáfrica","2012","consumo","national","2.15000","12.26260","14563.76240"
"ZAF","Sudáfrica","2013","consumo","national","2.15000","12.03650","14681.09664"
"ZAF","Sudáfrica","2014","consumo","national","2.15000","11.74250","14643.33848"
"ZAF","Sudáfrica","2015","consumo","national","2.15000","11.59160","14541.67486"
"ZAF","Sudáfrica","2016","consumo","national","2.15000","11.67270","14501.28078"
"ZAF","Sudáfrica","2017","consumo","national","2.15000","11.86160","14573.59808"
"ZAF","Sudáfrica","2018","consumo","national","2.15000","12.08530","14553.56157"
"ZAF","Sudáfrica","2019","consumo","national","2.15000","12.15730","14352.66987"
"ZAF","Sudáfrica","2020","consumo","national","2.15000","11.60580","13250.56666"
"ZAF","Sudáfrica","2021","consumo","national","2.15000","12.06320","13681.95481"
"ZAF","Sudáfrica","2022","consumo","national","2.15000","12.26670","13767.49676"
"ZAF","Sudáfrica","2023","consumo","national","2.15000","12.25870","13695.37557"
"ZAF","Sudáfrica","2024","consumo","national","2.15000","12.23560","13597.65385"
"ZAF","Sudáfrica","2025","consumo","national","2.15000","12.20640","13592.04840"
"SDN","Sudán","1990","consumo","national","2.15000","5.18130","2460.18872"
"SDN","Sudán","1991","consumo","national","2.15000","5.37540","2591.86914"
"SDN","Sudán","1992","consumo","national","2.15000","5.54660","2709.79004"
"SDN","Sudán","1993","consumo","national","2.15000","5.64330","2777.27490"
"SDN","Sudán","1994","consumo","national","2.15000","5.58530","2736.47192"
"SDN","Sudán","1995","consumo","national","2.15000","5.71120","2824.63208"
"SDN","Sudán","1996","consumo","national","2.15000","5.85230","2924.29077"
"SDN","Sudán","1997","consumo","national","2.15000","6.49100","3380.18677"
"SDN","Sudán","1998","consumo","national","2.15000","6.57290","3441.17920"
"SDN","Sudán","1999","consumo","national","2.15000","6.59710","3459.22998"
"SDN","Sudán","2000","consumo","national","2.15000","6.75280","3575.85205"
"SDN","Sudán","2001","consumo","national","2.15000","6.91890","3701.54883"
"SDN","Sudán","2002","consumo","national","2.15000","7.06650","3814.31323"
"SDN","Sudán","2003","consumo","national","2.15000","7.23840","3946.92261"
"SDN","Sudán","2004","consumo","national","2.15000","7.35930","4041.05713"
"SDN","Sudán","2005","consumo","national","2.15000","7.50110","4152.32275"
"SDN","Sudán","2006","consumo","national","2.15000","7.68780","4299.97412"
"SDN","Sudán","2007","consumo","national","2.15000","7.83280","4415.78516"
"SDN","Sudán","2008","consumo","national","2.15000","7.87080","4446.40967"
"SDN","Sudán","2009","consumo","national","2.15000","7.55070","4188.05469"
"SDN","Sudán","2010","consumo","national","2.15000","7.54870","4219.83691"
"SDN","Sudán","2011","consumo","national","2.15000","7.81520","4467.62598"
"SDN","Sudán","2012","consumo","national","2.15000","7.37960","4145.93164"
"SDN","Sudán","2013","consumo","national","2.15000","7.31890","4130.48584"
"SDN","Sudán","2014","consumo","national","2.15000","7.37240","4207.50049"
"SDN","Sudán","2015","consumo","national","2.15000","7.31310","4159.19434"
"SDN","Sudán","2016","consumo","national","2.15000","7.33200","4174.56104"
"SDN","Sudán","2017","consumo","national","2.15000","7.19250","4061.01831"
"SDN","Sudán","2018","consumo","national","2.15000","6.88950","3816.65991"
"SDN","Sudán","2019","consumo","national","2.15000","6.64800","3625.52319"
"SDN","Sudán","2020","consumo","national","2.15000","6.36010","3401.24976"
"SDN","Sudán","2021","consumo","national","2.15000","6.16080","3248.97559"
"SDN","Sudán","2022","consumo","national","2.15000","6.00560","3132.07715"
"SDN","Sudán","2023","consumo","national","2.15000","4.72920","2181.07910"
"SDN","Sudán","2024","consumo","national","2.15000","4.24400","1861.39795"
"SDN","Sudán","2025","consumo","national","2.15000","4.26130","1873.38562"
"SWE","Suecia","1990","ingreso","national","2.15000","39.35470","40199.70742"
"SWE","Suecia","1991","ingreso","national","2.15000","40.57200","39469.07165"
"SWE","Suecia","1992","ingreso","national","2.15000","41.08050","38783.63977"
"SWE","Suecia","1993","ingreso","national","2.15000","39.17100","37762.54082"
"SWE","Suecia","1994","ingreso","national","2.15000","39.09750","39000.82772"
"SWE","Suecia","1995","ingreso","national","2.15000","38.76270","40385.21397"
"SWE","Suecia","1996","ingreso","national","2.15000","39.33440","41008.35317"
"SWE","Suecia","1997","ingreso","national","2.15000","40.38860","42241.06077"
"SWE","Suecia","1998","ingreso","national","2.15000","41.57680","44010.10744"
"SWE","Suecia","1999","ingreso","national","2.15000","43.06670","45823.30184"
"SWE","Suecia","2000","ingreso","national","2.15000","45.10830","47868.50773"
"SWE","Suecia","2001","ingreso","national","2.15000","46.60950","48389.81851"
"SWE","Suecia","2002","ingreso","national","2.15000","47.72620","49331.20326"
"SWE","Suecia","2003","ingreso","national","2.15000","43.89580","50072.47365"
"SWE","Suecia","2004","ingreso","national","2.15000","45.06410","51960.53219"
"SWE","Suecia","2005","ingreso","national","2.15000","45.51220","53198.67120"
"SWE","Suecia","2006","ingreso","national","2.15000","48.22010","55373.93381"
"SWE","Suecia","2007","ingreso","national","2.15000","51.11060","56737.36892"
"SWE","Suecia","2008","ingreso","national","2.15000","52.80010","55777.39731"
"SWE","Suecia","2009","ingreso","national","2.15000","53.13180","52950.71033"
"SWE","Suecia","2010","ingreso","national","2.15000","53.95650","55520.43242"
"SWE","Suecia","2011","ingreso","national","2.15000","54.51770","56846.13683"
"SWE","Suecia","2012","ingreso","national","2.15000","55.79580","56193.32875"
"SWE","Suecia","2013","ingreso","national","2.15000","57.25390","56353.08563"
"SWE","Suecia","2014","ingreso","national","2.15000","58.61010","57077.66935"
"SWE","Suecia","2015","ingreso","national","2.15000","60.63630","58955.64124"
"SWE","Suecia","2016","ingreso","national","2.15000","61.58750","59460.28727"
"SWE","Suecia","2017","ingreso","national","2.15000","61.54690","59769.01362"
"SWE","Suecia","2018","ingreso","national","2.15000","62.23200","60124.57120"
"SWE","Suecia","2019","ingreso","national","2.15000","63.45690","61070.52434"
"SWE","Suecia","2020","ingreso","national","2.15000","64.67390","59458.28053"
"SWE","Suecia","2021","ingreso","national","2.15000","64.70740","62190.85270"
"SWE","Suecia","2022","ingreso","national","2.15000","64.95390","62544.50022"
"SWE","Suecia","2023","ingreso","national","2.15000","62.83390","62122.51170"
"SWE","Suecia","2024","ingreso","national","2.15000","63.15090","62558.40659"
"SWE","Suecia","2025","ingreso","national","2.15000","63.09660","63362.46128"
"CHE","Suiza","1990","ingreso","national","2.15000","79.54680","63921.42273"
"CHE","Suiza","1991","ingreso","national","2.15000","78.55130","62404.06278"
"CHE","Suiza","1992","ingreso","national","2.15000","76.62590","61004.74235"
"CHE","Suiza","1993","ingreso","national","2.15000","74.86860","59202.98502"
"CHE","Suiza","1994","ingreso","national","2.15000","74.39600","61091.49609"
"CHE","Suiza","1995","ingreso","national","2.15000","73.76730","63169.28272"
"CHE","Suiza","1996","ingreso","national","2.15000","73.74380","63243.21343"
"CHE","Suiza","1997","ingreso","national","2.15000","74.26000","64414.45789"
"CHE","Suiza","1998","ingreso","national","2.15000","74.94740","66006.25664"
"CHE","Suiza","1999","ingreso","national","2.15000","75.35070","66795.88797"
"CHE","Suiza","2000","ingreso","national","2.15000","75.76290","68834.81799"
"CHE","Suiza","2001","ingreso","national","2.15000","77.82330","69489.69951"
"CHE","Suiza","2002","ingreso","national","2.15000","78.28440","69228.36833"
"CHE","Suiza","2003","ingreso","national","2.15000","76.42190","68521.34203"
"CHE","Suiza","2004","ingreso","national","2.15000","75.64380","69812.37876"
"CHE","Suiza","2005","ingreso","national","2.15000","77.20790","71414.34956"
"CHE","Suiza","2006","ingreso","national","2.15000","79.28660","73901.61496"
"CHE","Suiza","2007","ingreso","national","2.15000","81.36090","76161.56002"
"CHE","Suiza","2008","ingreso","national","2.15000","81.93350","77103.71883"
"CHE","Suiza","2009","ingreso","national","2.15000","81.58740","74672.95127"
"CHE","Suiza","2010","ingreso","national","2.15000","81.89510","76308.80645"
"CHE","Suiza","2011","ingreso","national","2.15000","83.05830","76527.33615"
"CHE","Suiza","2012","ingreso","national","2.15000","85.11180","76570.23790"
"CHE","Suiza","2013","ingreso","national","2.15000","84.71430","77084.66565"
"CHE","Suiza","2014","ingreso","national","2.15000","85.73610","78086.68052"
"CHE","Suiza","2015","ingreso","national","2.15000","85.34200","78325.74874"
"CHE","Suiza","2016","ingreso","national","2.15000","86.88440","78956.06673"
"CHE","Suiza","2017","ingreso","national","2.15000","86.60570","79333.74378"
"CHE","Suiza","2018","ingreso","national","2.15000","85.06210","81371.89441"
"CHE","Suiza","2019","ingreso","national","2.15000","87.45470","81694.63065"
"CHE","Suiza","2020","ingreso","national","2.15000","88.41230","79270.87137"
"CHE","Suiza","2021","ingreso","national","2.15000","89.50760","83524.98329"
"CHE","Suiza","2022","ingreso","national","2.15000","87.38970","85762.28292"
"CHE","Suiza","2023","ingreso","national","2.15000","88.09550","85383.35645"
"CHE","Suiza","2024","ingreso","national","2.15000","88.08580","85448.05856"
"CHE","Suiza","2025","ingreso","national","2.15000","88.25750","85732.10975"
"SUR","Suriname","1990","consumo","national","2.15000","17.43190","17137.65097"
"SUR","Suriname","1991","consumo","national","2.15000","17.68520","17493.49623"
"SUR","Suriname","1992","consumo","national","2.15000","17.65810","17455.12565"
"SUR","Suriname","1993","consumo","national","2.15000","16.78140","16217.16603"
"SUR","Suriname","1994","consumo","national","2.15000","17.09390","16648.53453"
"SUR","Suriname","1995","consumo","national","2.15000","16.89250","16368.31136"
"SUR","Suriname","1996","consumo","national","2.15000","16.75970","16184.49993"
"SUR","Suriname","1997","consumo","national","2.15000","17.17280","16754.35114"
"SUR","Suriname","1998","consumo","national","2.15000","17.19820","16789.75490"
"SUR","Suriname","1999","consumo","national","2.15000","16.78790","16217.51730"
"SUR","Suriname","2000","consumo","national","2.15000","16.78980","16220.17906"
"SUR","Suriname","2001","consumo","national","2.15000","17.03380","16556.94406"
"SUR","Suriname","2002","consumo","national","2.15000","17.12100","16678.07187"
"SUR","Suriname","2003","consumo","national","2.15000","17.62790","17383.50155"
"SUR","Suriname","2004","consumo","national","2.15000","18.48120","18585.51709"
"SUR","Suriname","2005","consumo","national","2.15000","18.92300","19220.28397"
"SUR","Suriname","2006","consumo","national","2.15000","19.53870","20113.67075"
"SUR","Suriname","2007","consumo","national","2.15000","20.07490","20902.13916"
"SUR","Suriname","2008","consumo","national","2.15000","20.48740","21515.81196"
"SUR","Suriname","2009","consumo","national","2.15000","20.74780","21906.41054"
"SUR","Suriname","2010","consumo","national","2.15000","21.32200","22772.47545"
"SUR","Suriname","2011","consumo","national","2.15000","22.01480","23829.53329"
"SUR","Suriname","2012","consumo","national","2.15000","22.25040","24193.84124"
"SUR","Suriname","2013","consumo","national","2.15000","22.52730","24624.02199"
"SUR","Suriname","2014","consumo","national","2.15000","22.39310","24414.35548"
"SUR","Suriname","2015","consumo","national","2.15000","21.69530","23327.52525"
"SUR","Suriname","2016","consumo","national","2.15000","20.79870","21950.41221"
"SUR","Suriname","2017","consumo","national","2.15000","20.87840","22070.51376"
"SUR","Suriname","2018","consumo","national","2.15000","21.45320","22938.53537"
"SUR","Suriname","2019","consumo","national","2.15000","21.47170","22966.74060"
"SUR","Suriname","2020","consumo","national","2.15000","18.93550","19091.36172"
"SUR","Suriname","2021","consumo","national","2.15000","18.49590","18458.23500"
"SUR","Suriname","2022","consumo","national","2.15000","18.69540","18742.58738"
"SUR","Suriname","2023","consumo","national","2.15000","18.88970","19020.86638"
"SUR","Suriname","2024","consumo","national","2.15000","18.99970","19179.10184"
"SUR","Suriname","2025","consumo","national","2.15000","19.15730","19357.39080"
"THA","Tailandia","1990","consumo","national","2.15000","7.66470","8702.89956"
"THA","Tailandia","1991","consumo","national","2.15000","8.45240","9295.04057"
"THA","Tailandia","1992","consumo","national","2.15000","9.22610","9887.97374"
"THA","Tailandia","1993","consumo","national","2.15000","9.46100","10539.96111"
"THA","Tailandia","1994","consumo","national","2.15000","9.70020","11216.25483"
"THA","Tailandia","1995","consumo","national","2.15000","10.19960","11955.21881"
"THA","Tailandia","1996","consumo","national","2.15000","10.53290","12457.68208"
"THA","Tailandia","1997","consumo","national","2.15000","10.53220","11954.14743"
"THA","Tailandia","1998","consumo","national","2.15000","10.53070","10898.33702"
"THA","Tailandia","1999","consumo","national","2.15000","10.06440","11254.60983"
"THA","Tailandia","2000","consumo","national","2.15000","9.92850","11623.78746"
"THA","Tailandia","2001","consumo","national","2.15000","10.33650","11902.61092"
"THA","Tailandia","2002","consumo","national","2.15000","11.22420","12513.54220"
"THA","Tailandia","2003","consumo","national","2.15000","11.98400","13288.74816"
"THA","Tailandia","2004","consumo","national","2.15000","12.66750","13998.52173"
"THA","Tailandia","2005","consumo","national","2.15000","13.34130","14459.82563"
"THA","Tailandia","2006","consumo","national","2.15000","14.19890","15052.69551"
"THA","Tailandia","2007","consumo","national","2.15000","14.14750","15744.36524"
"THA","Tailandia","2008","consumo","national","2.15000","14.95120","15893.50849"
"THA","Tailandia","2009","consumo","national","2.15000","15.46350","15667.60473"
"THA","Tailandia","2010","consumo","national","2.15000","15.95660","16732.18703"
"THA","Tailandia","2011","consumo","national","2.15000","16.19600","16768.16885"
"THA","Tailandia","2012","consumo","national","2.15000","17.45990","17871.57865"
"THA","Tailandia","2013","consumo","national","2.15000","17.73730","18244.40715"
"THA","Tailandia","2014","consumo","national","2.15000","17.70660","18326.60487"
"THA","Tailandia","2015","consumo","national","2.15000","18.53370","18814.04086"
"THA","Tailandia","2016","consumo","national","2.15000","18.46580","19372.71280"
"THA","Tailandia","2017","consumo","national","2.15000","18.77440","20096.86055"
"THA","Tailandia","2018","consumo","national","2.15000","18.53450","20882.17074"
"THA","Tailandia","2019","consumo","national","2.15000","18.59400","21280.15045"
"THA","Tailandia","2020","consumo","national","2.15000","18.99410","19950.28441"
"THA","Tailandia","2021","consumo","national","2.15000","19.19260","20236.97604"
"THA","Tailandia","2022","consumo","national","2.15000","21.08790","20768.48001"
"THA","Tailandia","2023","consumo","national","2.15000","20.37690","21245.27068"
"THA","Tailandia","2024","consumo","national","2.15000","19.53890","21882.21425"
"THA","Tailandia","2025","consumo","national","2.15000","19.80030","22431.75184"
"TZA","Tanzanía","1990","consumo","national","2.15000","2.59750","1794.20459"
"TZA","Tanzanía","1991","consumo","national","2.15000","2.58880","1785.66394"
"TZA","Tanzanía","1992","consumo","national","2.15000","2.54680","1751.91846"
"TZA","Tanzanía","1993","consumo","national","2.15000","2.41630","1718.39307"
"TZA","Tanzanía","1994","consumo","national","2.15000","2.28320","1679.66235"
"TZA","Tanzanía","1995","consumo","national","2.15000","2.19400","1685.85107"
"TZA","Tanzanía","1996","consumo","national","2.15000","2.13780","1730.55457"
"TZA","Tanzanía","1997","consumo","national","2.15000","2.06170","1755.80371"
"TZA","Tanzanía","1998","consumo","national","2.15000","1.97790","1773.72424"
"TZA","Tanzanía","1999","consumo","national","2.15000","1.90690","1810.97156"
"TZA","Tanzanía","2000","consumo","national","2.15000","1.82700","1839.93665"
"TZA","Tanzanía","2001","consumo","national","2.15000","1.92280","1899.74536"
"TZA","Tanzanía","2002","consumo","national","2.15000","2.15990","1982.64429"
"TZA","Tanzanía","2003","consumo","national","2.15000","2.37790","2059.83740"
"TZA","Tanzanía","2004","consumo","national","2.15000","2.64440","2155.24146"
"TZA","Tanzanía","2005","consumo","national","2.15000","2.91400","2253.09326"
"TZA","Tanzanía","2006","consumo","national","2.15000","3.13430","2334.10449"
"TZA","Tanzanía","2007","consumo","national","2.15000","3.37520","2423.61597"
"TZA","Tanzanía","2008","consumo","national","2.15000","3.48040","2493.25928"
"TZA","Tanzanía","2009","consumo","national","2.15000","3.58160","2560.81104"
"TZA","Tanzanía","2010","consumo","national","2.15000","3.72140","2654.80347"
"TZA","Tanzanía","2011","consumo","national","2.15000","3.90510","2779.70776"
"TZA","Tanzanía","2012","consumo","national","2.15000","3.95690","2822.48535"
"TZA","Tanzanía","2013","consumo","national","2.15000","3.99870","2924.86328"
"TZA","Tanzanía","2014","consumo","national","2.15000","4.04020","3027.56909"
"TZA","Tanzanía","2015","consumo","national","2.15000","4.07370","3111.44458"
"TZA","Tanzanía","2016","consumo","national","2.15000","4.11440","3214.24683"
"TZA","Tanzanía","2017","consumo","national","2.15000","4.15530","3318.28833"
"TZA","Tanzanía","2018","consumo","national","2.15000","4.18700","3392.68872"
"TZA","Tanzanía","2019","consumo","national","2.15000","4.26650","3484.63257"
"TZA","Tanzanía","2020","consumo","national","2.15000","4.23660","3449.82153"
"TZA","Tanzanía","2021","consumo","national","2.15000","4.27380","3493.08301"
"TZA","Tanzanía","2022","consumo","national","2.15000","4.32000","3546.98096"
"TZA","Tanzanía","2023","consumo","national","2.15000","4.38290","3620.79346"
"TZA","Tanzanía","2024","consumo","national","2.15000","4.46130","3713.26294"
"TZA","Tanzanía","2025","consumo","national","2.15000","4.55300","3820.61182"
"TJK","Tayikistán","1990","consumo","national","2.15000","5.03970","4173.04608"
"TJK","Tayikistán","1991","consumo","national","2.15000","4.70490","3777.10751"
"TJK","Tayikistán","1992","consumo","national","2.15000","3.70510","2630.38658"
"TJK","Tayikistán","1993","consumo","national","2.15000","3.25110","2169.96747"
"TJK","Tayikistán","1994","consumo","national","2.15000","2.73550","1678.33852"
"TJK","Tayikistán","1995","consumo","national","2.15000","2.46300","1439.50278"
"TJK","Tayikistán","1996","consumo","national","2.15000","2.14720","1175.79407"
"TJK","Tayikistán","1997","consumo","national","2.15000","2.15420","1181.28110"
"TJK","Tayikistán","1998","consumo","national","2.15000","2.22490","1236.67553"
"TJK","Tayikistán","1999","consumo","national","2.15000","2.27420","1275.82249"
"TJK","Tayikistán","2000","consumo","national","2.15000","2.49160","1365.23327"
"TJK","Tayikistán","2001","consumo","national","2.15000","2.73520","1467.39882"
"TJK","Tayikistán","2002","consumo","national","2.15000","3.03290","1594.93890"
"TJK","Tayikistán","2003","consumo","national","2.15000","3.35570","1736.64040"
"TJK","Tayikistán","2004","consumo","national","2.15000","4.44450","1878.28696"
"TJK","Tayikistán","2005","consumo","national","2.15000","4.61950","1965.30020"
"TJK","Tayikistán","2006","consumo","national","2.15000","4.81380","2063.28851"
"TJK","Tayikistán","2007","consumo","national","2.15000","5.04560","2181.89798"
"TJK","Tayikistán","2008","consumo","national","2.15000","5.72510","2308.09430"
"TJK","Tayikistán","2009","consumo","national","2.15000","5.94440","2349.50030"
"TJK","Tayikistán","2010","consumo","national","2.15000","6.09590","2449.27359"
"TJK","Tayikistán","2011","consumo","national","2.15000","6.28070","2572.48075"
"TJK","Tayikistán","2012","consumo","national","2.15000","6.46930","2700.09546"
"TJK","Tayikistán","2013","consumo","national","2.15000","6.65620","2828.38542"
"TJK","Tayikistán","2014","consumo","national","2.15000","6.82110","2943.08868"
"TJK","Tayikistán","2015","consumo","national","2.15000","6.96080","3041.44480"
"TJK","Tayikistán","2016","consumo","national","2.15000","7.08150","3169.96678"
"TJK","Tayikistán","2017","consumo","national","2.15000","7.21400","3312.71202"
"TJK","Tayikistán","2018","consumo","national","2.15000","7.36690","3479.69236"
"TJK","Tayikistán","2019","consumo","national","2.15000","7.52050","3649.88376"
"TJK","Tayikistán","2020","consumo","national","2.15000","7.58710","3724.74896"
"TJK","Tayikistán","2021","consumo","national","2.15000","7.81810","3985.91248"
"TJK","Tayikistán","2022","consumo","national","2.15000","9.53450","4213.75618"
"TJK","Tayikistán","2023","consumo","national","2.15000","9.77390","4472.32414"
"TJK","Tayikistán","2024","consumo","national","2.15000","9.54430","4755.93297"
"TJK","Tayikistán","2025","consumo","national","2.15000","9.92570","5061.84701"
"TLS","Timor-Leste","1990","consumo","national","2.15000","2.16540","2143.79194"
"TLS","Timor-Leste","1991","consumo","national","2.15000","2.28920","2318.79425"
"TLS","Timor-Leste","1992","consumo","national","2.15000","2.41020","2493.90856"
"TLS","Timor-Leste","1993","consumo","national","2.15000","2.53230","2674.39920"
"TLS","Timor-Leste","1994","consumo","national","2.15000","2.60670","2786.67622"
"TLS","Timor-Leste","1995","consumo","national","2.15000","2.67560","2891.86459"
"TLS","Timor-Leste","1996","consumo","national","2.15000","2.77040","3038.23037"
"TLS","Timor-Leste","1997","consumo","national","2.15000","2.79320","3073.97037"
"TLS","Timor-Leste","1998","consumo","national","2.15000","2.70260","2931.48082"
"TLS","Timor-Leste","1999","consumo","national","2.15000","2.18960","2136.64945"
"TLS","Timor-Leste","2000","consumo","national","2.15000","3.37120","3783.78330"
"TLS","Timor-Leste","2001","consumo","national","2.15000","3.53000","4038.33571"
"TLS","Timor-Leste","2002","consumo","national","2.15000","3.22800","3480.98847"
"TLS","Timor-Leste","2003","consumo","national","2.15000","3.10540","3264.94647"
"TLS","Timor-Leste","2004","consumo","national","2.15000","3.05830","3234.97584"
"TLS","Timor-Leste","2005","consumo","national","2.15000","3.10490","3263.94446"
"TLS","Timor-Leste","2006","consumo","national","2.15000","2.94650","3038.95232"
"TLS","Timor-Leste","2007","consumo","national","2.15000","3.10340","3256.56980"
"TLS","Timor-Leste","2008","consumo","national","2.15000","3.26870","3530.88217"
"TLS","Timor-Leste","2009","consumo","national","2.15000","3.42260","3792.35832"
"TLS","Timor-Leste","2010","consumo","national","2.15000","3.56950","4047.24941"
"TLS","Timor-Leste","2011","consumo","national","2.15000","3.65010","4189.79978"
"TLS","Timor-Leste","2012","consumo","national","2.15000","3.71060","4297.91482"
"TLS","Timor-Leste","2013","consumo","national","2.15000","3.73410","4340.27840"
"TLS","Timor-Leste","2014","consumo","national","2.15000","3.79230","4445.35927"
"TLS","Timor-Leste","2015","consumo","national","2.15000","3.80540","4467.80007"
"TLS","Timor-Leste","2016","consumo","national","2.15000","3.83380","4515.42246"
"TLS","Timor-Leste","2017","consumo","national","2.15000","3.69980","4290.02709"
"TLS","Timor-Leste","2018","consumo","national","2.15000","3.63870","4188.84099"
"TLS","Timor-Leste","2019","consumo","national","2.15000","4.19470","5103.14964"
"TLS","Timor-Leste","2020","consumo","national","2.15000","5.05300","6594.88171"
"TLS","Timor-Leste","2021","consumo","national","2.15000","5.17650","6825.04581"
"TLS","Timor-Leste","2022","consumo","national","2.15000","4.39250","5348.49183"
"TLS","Timor-Leste","2023","consumo","national","2.15000","3.80760","4331.07793"
"TLS","Timor-Leste","2024","consumo","national","2.15000","3.53680","3890.95755"
"TLS","Timor-Leste","2025","consumo","national","2.15000","3.60090","4109.90448"
"TGO","Togo","1990","consumo","national","2.15000","3.27830","2409.14820"
"TGO","Togo","1991","consumo","national","2.15000","3.19750","2324.31142"
"TGO","Togo","1992","consumo","national","2.15000","3.04850","2169.39273"
"TGO","Togo","1993","consumo","national","2.15000","2.73770","1863.03725"
"TGO","Togo","1994","consumo","national","2.15000","3.01670","2133.27158"
"TGO","Togo","1995","consumo","national","2.15000","3.08530","2185.19557"
"TGO","Togo","1996","consumo","national","2.15000","3.19040","2278.14214"
"TGO","Togo","1997","consumo","national","2.15000","3.43190","2519.00043"
"TGO","Togo","1998","consumo","national","2.15000","3.31110","2400.05346"
"TGO","Togo","1999","consumo","national","2.15000","3.30240","2399.45741"
"TGO","Togo","2000","consumo","national","2.15000","3.22190","2321.95042"
"TGO","Togo","2001","consumo","national","2.15000","3.18130","2283.58492"
"TGO","Togo","2002","consumo","national","2.15000","3.20850","2312.96463"
"TGO","Togo","2003","consumo","national","2.15000","3.29950","2407.58578"
"TGO","Togo","2004","consumo","national","2.15000","3.21890","2326.60102"
"TGO","Togo","2005","consumo","national","2.15000","3.05930","2164.01600"
"TGO","Togo","2006","consumo","national","2.15000","3.05530","2158.94394"
"TGO","Togo","2007","consumo","national","2.15000","2.97490","2067.21836"
"TGO","Togo","2008","consumo","national","2.15000","3.00300","2082.64202"
"TGO","Togo","2009","consumo","national","2.15000","3.06120","2126.44132"
"TGO","Togo","2010","consumo","national","2.15000","3.12180","2181.59889"
"TGO","Togo","2011","consumo","national","2.15000","3.20310","2246.56205"
"TGO","Togo","2012","consumo","national","2.15000","3.22520","2333.19277"
"TGO","Togo","2013","consumo","national","2.15000","3.24530","2416.37805"
"TGO","Togo","2014","consumo","national","2.15000","3.26490","2501.43253"
"TGO","Togo","2015","consumo","national","2.15000","3.28390","2588.27261"
"TGO","Togo","2016","consumo","national","2.15000","3.83710","2648.90085"
"TGO","Togo","2017","consumo","national","2.15000","4.33250","2708.61122"
"TGO","Togo","2018","consumo","national","2.15000","5.10910","2787.56398"
"TGO","Togo","2019","consumo","national","2.15000","5.40650","2862.62661"
"TGO","Togo","2020","consumo","national","2.15000","5.19140","2861.29796"
"TGO","Togo","2021","consumo","national","2.15000","5.07950","2952.09730"
"TGO","Togo","2022","consumo","national","2.15000","5.08050","3086.40879"
"TGO","Togo","2023","consumo","national","2.15000","5.21360","3215.82300"
"TGO","Togo","2024","consumo","national","2.15000","5.36580","3351.24993"
"TGO","Togo","2025","consumo","national","2.15000","5.46720","3485.98185"
"TON","Tonga","1990","consumo","national","2.15000","10.51700","4488.39424"
"TON","Tonga","1991","consumo","national","2.15000","10.74340","4766.99902"
"TON","Tonga","1992","consumo","national","2.15000","10.88550","4772.94259"
"TON","Tonga","1993","consumo","national","2.15000","11.21180","4947.35148"
"TON","Tonga","1994","consumo","national","2.15000","11.64670","5189.10434"
"TON","Tonga","1995","consumo","national","2.15000","11.89230","5509.04512"
"TON","Tonga","1996","consumo","national","2.15000","11.85270","5511.41451"
"TON","Tonga","1997","consumo","national","2.15000","11.87610","5456.60423"
"TON","Tonga","1998","consumo","national","2.15000","12.00980","5542.39331"
"TON","Tonga","1999","consumo","national","2.15000","12.21030","5633.44424"
"TON","Tonga","2000","consumo","national","2.15000","12.38020","5809.00930"
"TON","Tonga","2001","consumo","national","2.15000","12.58150","5860.83162"
"TON","Tonga","2002","consumo","national","2.15000","12.70690","6085.89291"
"TON","Tonga","2003","consumo","national","2.15000","12.55420","6054.65554"
"TON","Tonga","2004","consumo","national","2.15000","12.40610","5901.21343"
"TON","Tonga","2005","consumo","national","2.15000","12.20290","5829.11733"
"TON","Tonga","2006","consumo","national","2.15000","11.91640","5671.64079"
"TON","Tonga","2007","consumo","national","2.15000","11.99520","5507.35734"
"TON","Tonga","2008","consumo","national","2.15000","11.94790","5759.30613"
"TON","Tonga","2009","consumo","national","2.15000","11.70580","5454.57394"
"TON","Tonga","2010","consumo","national","2.15000","11.36950","5489.45367"
"TON","Tonga","2011","consumo","national","2.15000","11.01610","5848.19312"
"TON","Tonga","2012","consumo","national","2.15000","10.49130","5908.02401"
"TON","Tonga","2013","consumo","national","2.15000","10.07460","5952.45690"
"TON","Tonga","2014","consumo","national","2.15000","9.75080","6097.65042"
"TON","Tonga","2015","consumo","national","2.15000","9.33490","6195.43303"
"TON","Tonga","2016","consumo","national","2.15000","10.15990","6639.98720"
"TON","Tonga","2017","consumo","national","2.15000","10.91660","6863.54796"
"TON","Tonga","2018","consumo","national","2.15000","11.71790","6885.98490"
"TON","Tonga","2019","consumo","national","2.15000","12.25470","6859.71740"
"TON","Tonga","2020","consumo","national","2.15000","12.25780","6981.30436"
"TON","Tonga","2021","consumo","national","2.15000","12.59920","6930.06483"
"TON","Tonga","2022","consumo","national","2.15000","13.27130","6811.48235"
"TON","Tonga","2023","consumo","national","2.15000","13.48800","7031.32022"
"TON","Tonga","2024","consumo","national","2.15000","13.70750","7180.98743"
"TON","Tonga","2025","consumo","national","2.15000","13.99390","7412.86642"
"TTO","Trinidad y Tobago","1990","ingreso","national","2.15000","18.22890","11869.52873"
"TTO","Trinidad y Tobago","1991","ingreso","national","2.15000","16.56500","12142.34815"
"TTO","Trinidad y Tobago","1992","ingreso","national","2.15000","15.82470","13267.97706"
"TTO","Trinidad y Tobago","1993","ingreso","national","2.15000","15.61090","13088.70739"
"TTO","Trinidad y Tobago","1994","ingreso","national","2.15000","16.06890","13472.74642"
"TTO","Trinidad y Tobago","1995","ingreso","national","2.15000","16.59320","13912.31333"
"TTO","Trinidad y Tobago","1996","ingreso","national","2.15000","17.69840","14838.90265"
"TTO","Trinidad y Tobago","1997","ingreso","national","2.15000","18.95820","15895.24388"
"TTO","Trinidad y Tobago","1998","ingreso","national","2.15000","20.42990","17129.09114"
"TTO","Trinidad y Tobago","1999","ingreso","national","2.15000","21.99410","18440.57413"
"TTO","Trinidad y Tobago","2000","ingreso","national","2.15000","23.42170","19637.55454"
"TTO","Trinidad y Tobago","2001","ingreso","national","2.15000","24.29140","20366.75313"
"TTO","Trinidad y Tobago","2002","ingreso","national","2.15000","26.09250","21876.85291"
"TTO","Trinidad y Tobago","2003","ingreso","national","2.15000","29.71110","24910.82320"
"TTO","Trinidad y Tobago","2004","ingreso","national","2.15000","31.91410","26757.90756"
"TTO","Trinidad y Tobago","2005","ingreso","national","2.15000","35.22810","29536.43941"
"TTO","Trinidad y Tobago","2006","ingreso","national","2.15000","39.77500","33348.75075"
"TTO","Trinidad y Tobago","2007","ingreso","national","2.15000","41.49840","34793.64575"
"TTO","Trinidad y Tobago","2008","ingreso","national","2.15000","42.72890","35825.33335"
"TTO","Trinidad y Tobago","2009","ingreso","national","2.15000","40.80500","34212.26831"
"TTO","Trinidad y Tobago","2010","ingreso","national","2.15000","41.91760","35145.12536"
"TTO","Trinidad y Tobago","2011","ingreso","national","2.15000","41.46990","34769.76203"
"TTO","Trinidad y Tobago","2012","ingreso","national","2.15000","44.01500","36903.68986"
"TTO","Trinidad y Tobago","2013","ingreso","national","2.15000","45.31550","37994.06865"
"TTO","Trinidad y Tobago","2014","ingreso","national","2.15000","46.81190","39248.65705"
"TTO","Trinidad y Tobago","2015","ingreso","national","2.15000","46.47230","38963.96418"
"TTO","Trinidad y Tobago","2016","ingreso","national","2.15000","42.83580","35914.99020"
"TTO","Trinidad y Tobago","2017","ingreso","national","2.15000","40.66630","34095.98993"
"TTO","Trinidad y Tobago","2018","ingreso","national","2.15000","40.20590","33710.01785"
"TTO","Trinidad y Tobago","2019","ingreso","national","2.15000","40.25210","33748.70608"
"TTO","Trinidad y Tobago","2020","ingreso","national","2.15000","36.64080","30720.88769"
"TTO","Trinidad y Tobago","2021","ingreso","national","2.15000","36.35600","30482.12018"
"TTO","Trinidad y Tobago","2022","ingreso","national","2.15000","36.71620","30784.11126"
"TTO","Trinidad y Tobago","2023","ingreso","national","2.15000","37.20820","31196.60355"
"TTO","Trinidad y Tobago","2024","ingreso","national","2.15000","38.11890","31960.15689"
"TTO","Trinidad y Tobago","2025","ingreso","national","2.15000","38.32680","31721.57574"
"TKM","Turkmenistán","1990","consumo","national","2.15000","8.03640","7850.71329"
"TKM","Turkmenistán","1991","consumo","national","2.15000","7.64460","7304.00729"
"TKM","Turkmenistán","1992","consumo","national","2.15000","6.74130","6071.08331"
"TKM","Turkmenistán","1993","consumo","national","2.15000","6.70790","6028.10273"
"TKM","Turkmenistán","1994","consumo","national","2.15000","5.81610","4883.21714"
"TKM","Turkmenistán","1995","consumo","national","2.15000","5.45580","4451.02809"
"TKM","Turkmenistán","1996","consumo","national","2.15000","5.64230","4668.36343"
"TKM","Turkmenistán","1997","consumo","national","2.15000","5.13320","4066.63089"
"TKM","Turkmenistán","1998","consumo","national","2.15000","5.32390","4282.50715"
"TKM","Turkmenistán","1999","consumo","national","2.15000","5.85990","4898.42375"
"TKM","Turkmenistán","2000","consumo","national","2.15000","5.99880","5064.28782"
"TKM","Turkmenistán","2001","consumo","national","2.15000","6.09430","5179.46447"
"TKM","Turkmenistán","2002","consumo","national","2.15000","6.02090","5090.38095"
"TKM","Turkmenistán","2003","consumo","national","2.15000","6.07420","5154.75098"
"TKM","Turkmenistán","2004","consumo","national","2.15000","6.20200","5309.64539"
"TKM","Turkmenistán","2005","consumo","national","2.15000","6.67640","5889.84658"
"TKM","Turkmenistán","2006","consumo","national","2.15000","7.09370","6415.71291"
"TKM","Turkmenistán","2007","consumo","national","2.15000","7.54090","6993.52912"
"TKM","Turkmenistán","2008","consumo","national","2.15000","8.20250","7870.02718"
"TKM","Turkmenistán","2009","consumo","national","2.15000","8.43360","8186.87833"
"TKM","Turkmenistán","2010","consumo","national","2.15000","8.84610","8758.89687"
"TKM","Turkmenistán","2011","consumo","national","2.15000","9.60760","9837.56346"
"TKM","Turkmenistán","2012","consumo","national","2.15000","10.19310","10689.35373"
"TKM","Turkmenistán","2013","consumo","national","2.15000","10.74780","11516.37412"
"TKM","Turkmenistán","2014","consumo","national","2.15000","11.33700","12423.92464"
"TKM","Turkmenistán","2015","consumo","national","2.15000","11.66180","12926.66373"
"TKM","Turkmenistán","2016","consumo","national","2.15000","11.97130","13420.38497"
"TKM","Turkmenistán","2017","consumo","national","2.15000","12.31430","13963.40459"
"TKM","Turkmenistán","2018","consumo","national","2.15000","12.64450","14499.16844"
"TKM","Turkmenistán","2019","consumo","national","2.15000","12.99690","15080.90340"
"TKM","Turkmenistán","2020","consumo","national","2.15000","13.33130","15630.91452"
"TKM","Turkmenistán","2021","consumo","national","2.15000","13.71130","16259.87001"
"TKM","Turkmenistán","2022","consumo","national","2.15000","14.11160","16943.60460"
"TKM","Turkmenistán","2023","consumo","national","2.15000","14.54260","17685.85859"
"TKM","Turkmenistán","2024","consumo","national","2.15000","14.99600","18470.74385"
"TKM","Turkmenistán","2025","consumo","national","2.15000","15.11300","19313.94303"
"TUR","Turquía","1990","consumo","national","2.15000","10.28250","12184.19959"
"TUR","Turquía","1991","consumo","national","2.15000","10.24900","12057.93544"
"TUR","Turquía","1992","consumo","national","2.15000","10.46700","12451.04512"
"TUR","Turquía","1993","consumo","national","2.15000","10.84940","13174.46712"
"TUR","Turquía","1994","consumo","national","2.15000","10.32870","12343.00418"
"TUR","Turquía","1995","consumo","national","2.15000","10.73810","13099.25753"
"TUR","Turquía","1996","consumo","national","2.15000","11.12510","13826.92011"
"TUR","Turquía","1997","consumo","national","2.15000","11.65420","14631.29588"
"TUR","Turquía","1998","consumo","national","2.15000","11.45430","14704.33857"
"TUR","Turquía","1999","consumo","national","2.15000","11.07930","14066.18963"
"TUR","Turquía","2000","consumo","national","2.15000","11.33310","14856.91463"
"TUR","Turquía","2001","consumo","national","2.15000","10.81770","13872.12873"
"TUR","Turquía","2002","consumo","national","2.15000","11.18010","14587.89462"
"TUR","Turquía","2003","consumo","national","2.15000","10.62820","15255.71780"
"TUR","Turquía","2004","consumo","national","2.15000","13.06120","16583.88371"
"TUR","Turquía","2005","consumo","national","2.15000","13.88480","17902.59660"
"TUR","Turquía","2006","consumo","national","2.15000","13.95330","18972.00896"
"TUR","Turquía","2007","consumo","national","2.15000","14.71250","19909.08352"
"TUR","Turquía","2008","consumo","national","2.15000","16.27640","19839.58455"
"TUR","Turquía","2009","consumo","national","2.15000","16.10580","18612.19252"
"TUR","Turquía","2010","consumo","national","2.15000","16.37850","19897.44648"
"TUR","Turquía","2011","consumo","national","2.15000","17.91680","21760.42919"
"TUR","Turquía","2012","consumo","national","2.15000","18.60840","22517.71483"
"TUR","Turquía","2013","consumo","national","2.15000","19.36490","24117.31211"
"TUR","Turquía","2014","consumo","national","2.15000","20.22480","24888.85217"
"TUR","Turquía","2015","consumo","national","2.15000","20.26210","25984.80273"
"TUR","Turquía","2016","consumo","national","2.15000","21.24820","26489.64368"
"TUR","Turquía","2017","consumo","national","2.15000","21.63700","28194.68831"
"TUR","Turquía","2018","consumo","national","2.15000","22.09530","28780.30365"
"TUR","Turquía","2019","consumo","national","2.15000","21.75920","28741.05351"
"TUR","Turquía","2020","ingreso","national","2.15000","24.76760","28976.71792"
"TUR","Turquía","2021","ingreso","national","2.15000","27.16510","32105.54744"
"TUR","Turquía","2022","ingreso","national","2.15000","28.93860","33520.81114"
"TUR","Turquía","2023","ingreso","national","2.15000","39.43090","35069.17017"
"TUR","Turquía","2024","ingreso","national","2.15000","41.04280","36154.49044"
"TUR","Turquía","2025","ingreso","national","2.15000","42.22570","37300.74857"
"TUV","Tuvalu","1990","consumo","national","2.15000","8.21310","3120.28113"
"TUV","Tuvalu","1991","consumo","national","2.15000","8.33390","3185.82378"
"TUV","Tuvalu","1992","consumo","national","2.15000","8.42360","3234.81422"
"TUV","Tuvalu","1993","consumo","national","2.15000","8.60680","3335.31686"
"TUV","Tuvalu","1994","consumo","national","2.15000","9.16790","3645.93965"
"TUV","Tuvalu","1995","consumo","national","2.15000","8.79880","3436.23530"
"TUV","Tuvalu","1996","consumo","national","2.15000","8.39310","3209.94284"
"TUV","Tuvalu","1997","consumo","national","2.15000","8.94100","3509.25585"
"TUV","Tuvalu","1998","consumo","national","2.15000","9.87210","4031.35917"
"TUV","Tuvalu","1999","consumo","national","2.15000","9.73180","3949.50872"
"TUV","Tuvalu","2000","consumo","national","2.15000","9.63180","3893.29677"
"TUV","Tuvalu","2001","consumo","national","2.15000","9.60230","3903.20310"
"TUV","Tuvalu","2002","consumo","national","2.15000","10.21410","4211.58993"
"TUV","Tuvalu","2003","consumo","national","2.15000","9.85240","3998.43607"
"TUV","Tuvalu","2004","consumo","national","2.15000","9.61260","3874.58267"
"TUV","Tuvalu","2005","consumo","national","2.15000","9.21960","3682.89176"
"TUV","Tuvalu","2006","consumo","national","2.15000","9.30080","3687.77123"
"TUV","Tuvalu","2007","consumo","national","2.15000","9.67950","3893.64260"
"TUV","Tuvalu","2008","consumo","national","2.15000","10.03390","4093.92474"
"TUV","Tuvalu","2009","consumo","national","2.15000","9.50670","3812.13930"
"TUV","Tuvalu","2010","consumo","national","2.15000","9.26510","3664.45035"
"TUV","Tuvalu","2011","consumo","national","2.15000","9.60060","3879.34910"
"TUV","Tuvalu","2012","consumo","national","2.15000","9.36500","3715.60047"
"TUV","Tuvalu","2013","consumo","national","2.15000","9.60830","3833.48955"
"TUV","Tuvalu","2014","consumo","national","2.15000","9.61870","3903.43451"
"TUV","Tuvalu","2015","consumo","national","2.15000","10.33430","4277.71467"
"TUV","Tuvalu","2016","consumo","national","2.15000","10.76690","4495.57216"
"TUV","Tuvalu","2017","consumo","national","2.15000","10.99470","4668.54377"
"TUV","Tuvalu","2018","consumo","national","2.15000","11.18720","4785.23290"
"TUV","Tuvalu","2019","consumo","national","2.15000","12.41280","5515.89954"
"TUV","Tuvalu","2020","consumo","national","2.15000","12.18690","5442.36321"
"TUV","Tuvalu","2021","consumo","national","2.15000","12.51550","5551.80842"
"TUV","Tuvalu","2022","consumo","national","2.15000","12.75310","5044.53985"
"TUV","Tuvalu","2023","consumo","national","2.15000","13.26330","5315.16301"
"TUV","Tuvalu","2024","consumo","national","2.15000","13.78790","5592.18724"
"TUV","Tuvalu","2025","consumo","national","2.15000","14.04880","5776.07849"
"TUN","Túnez","1990","consumo","national","2.15000","8.17270","6742.58426"
"TUN","Túnez","1991","consumo","national","2.15000","8.20010","6859.73427"
"TUN","Túnez","1992","consumo","national","2.15000","8.28910","7241.29106"
"TUN","Túnez","1993","consumo","national","2.15000","8.29180","7253.33615"
"TUN","Túnez","1994","consumo","national","2.15000","8.31420","7350.65600"
"TUN","Túnez","1995","consumo","national","2.15000","8.32690","7406.23901"
"TUN","Túnez","1996","consumo","national","2.15000","8.70290","7821.79219"
"TUN","Túnez","1997","consumo","national","2.15000","8.98300","8136.33761"
"TUN","Túnez","1998","consumo","national","2.15000","9.23090","8417.98493"
"TUN","Túnez","1999","consumo","national","2.15000","9.58300","8821.98791"
"TUN","Túnez","2000","consumo","national","2.15000","9.85150","9134.41506"
"TUN","Túnez","2001","consumo","national","2.15000","10.01310","9380.56318"
"TUN","Túnez","2002","consumo","national","2.15000","10.03070","9407.55677"
"TUN","Túnez","2003","consumo","national","2.15000","10.25500","9752.02442"
"TUN","Túnez","2004","consumo","national","2.15000","10.58470","10263.80554"
"TUN","Túnez","2005","consumo","national","2.15000","10.75310","10529.15990"
"TUN","Túnez","2006","consumo","national","2.15000","11.00440","10983.92219"
"TUN","Túnez","2007","consumo","national","2.15000","11.32360","11613.92475"
"TUN","Túnez","2008","consumo","national","2.15000","11.51120","11990.19624"
"TUN","Túnez","2009","consumo","national","2.15000","11.62950","12229.77525"
"TUN","Túnez","2010","consumo","national","2.15000","13.87590","12458.27104"
"TUN","Túnez","2011","consumo","national","2.15000","14.15060","12068.71363"
"TUN","Túnez","2012","consumo","national","2.15000","14.48980","12436.39581"
"TUN","Túnez","2013","consumo","national","2.15000","14.68130","12587.99506"
"TUN","Túnez","2014","consumo","national","2.15000","14.97620","12824.00289"
"TUN","Túnez","2015","consumo","national","2.15000","14.97540","12802.79172"
"TUN","Túnez","2016","consumo","national","2.15000","15.09180","12803.87974"
"TUN","Túnez","2017","consumo","national","2.15000","15.41770","12955.40148"
"TUN","Túnez","2018","consumo","national","2.15000","15.79390","13163.19522"
"TUN","Túnez","2019","consumo","national","2.15000","16.06560","13243.90242"
"TUN","Túnez","2020","consumo","national","2.15000","15.16180","11955.59837"
"TUN","Túnez","2021","consumo","national","2.15000","15.79110","12444.32640"
"TUN","Túnez","2022","consumo","national","2.15000","16.07470","12712.22345"
"TUN","Túnez","2023","consumo","national","2.15000","16.02050","12650.96152"
"TUN","Túnez","2024","consumo","national","2.15000","16.13040","12774.91586"
"TUN","Túnez","2025","consumo","national","2.15000","16.31980","13017.63404"
"UKR","Ucrania","1990","consumo","national","2.15000","8.95700","22815.79883"
"UKR","Ucrania","1991","consumo","national","2.15000","8.39870","20784.16016"
"UKR","Ucrania","1992","consumo","national","2.15000","7.80120","18671.87305"
"UKR","Ucrania","1993","consumo","national","2.15000","7.84490","16012.37207"
"UKR","Ucrania","1994","consumo","national","2.15000","7.76830","12410.52539"
"UKR","Ucrania","1995","consumo","national","2.15000","8.20820","10983.00879"
"UKR","Ucrania","1996","consumo","national","2.15000","6.86010","9969.50098"
"UKR","Ucrania","1997","consumo","national","2.15000","6.69130","9754.04980"
"UKR","Ucrania","1998","consumo","national","2.15000","6.57490","9646.05469"
"UKR","Ucrania","1999","ingreso","national","2.15000","4.87990","9704.44531"
"UKR","Ucrania","2000","consumo","national","2.15000","6.96580","10364.06250"
"UKR","Ucrania","2001","consumo","national","2.15000","7.23130","11379.38574"
"UKR","Ucrania","2002","consumo","national","2.15000","7.41290","12092.78906"
"UKR","Ucrania","2003","consumo","national","2.15000","8.29940","13342.87988"
"UKR","Ucrania","2004","consumo","national","2.15000","9.29130","15021.06641"
"UKR","Ucrania","2005","consumo","national","2.15000","11.02470","15610.57324"
"UKR","Ucrania","2006","consumo","national","2.15000","11.93460","16901.50781"
"UKR","Ucrania","2007","consumo","national","2.15000","11.34540","18374.01367"
"UKR","Ucrania","2008","consumo","national","2.15000","12.99030","18883.98633"
"UKR","Ucrania","2009","consumo","national","2.15000","12.03440","16092.79590"
"UKR","Ucrania","2010","consumo","national","2.15000","12.83690","16811.79492"
"UKR","Ucrania","2011","consumo","national","2.15000","13.33740","17783.95703"
"UKR","Ucrania","2012","consumo","national","2.15000","13.89200","17848.74023"
"UKR","Ucrania","2013","consumo","national","2.15000","14.67400","17889.09180"
"UKR","Ucrania","2014","consumo","national","2.15000","14.11940","16978.81250"
"UKR","Ucrania","2015","consumo","national","2.15000","12.72660","15403.70996"
"UKR","Ucrania","2016","consumo","national","2.15000","12.89740","15856.81250"
"UKR","Ucrania","2017","consumo","national","2.15000","14.13810","16310.36035"
"UKR","Ucrania","2018","consumo","national","2.15000","14.78000","16978.98438"
"UKR","Ucrania","2019","consumo","national","2.15000","16.22890","17636.55469"
"UKR","Ucrania","2020","consumo","national","2.15000","15.57050","17092.53906"
"UKR","Ucrania","2021","consumo","national","2.15000","16.05120","17846.40820"
"UKR","Ucrania","2022","consumo","national","2.15000","13.49550","13787.12109"
"UKR","Ucrania","2023","consumo","national","2.15000","14.83050","15916.95801"
"UKR","Ucrania","2024","consumo","national","2.15000","15.48260","16371.44141"
"UKR","Ucrania","2025","consumo","national","2.15000","15.86110","16155.07324"
"UGA","Uganda","1990","consumo","national","2.15000","2.57920","1080.03831"
"UGA","Uganda","1991","consumo","national","2.15000","2.48210","1103.22897"
"UGA","Uganda","1992","consumo","national","2.15000","2.40430","1102.72992"
"UGA","Uganda","1993","consumo","national","2.15000","2.37760","1153.99369"
"UGA","Uganda","1994","consumo","national","2.15000","2.38940","1187.36781"
"UGA","Uganda","1995","consumo","national","2.15000","2.42330","1288.50887"
"UGA","Uganda","1996","consumo","national","2.15000","2.40170","1367.94574"
"UGA","Uganda","1997","consumo","national","2.15000","2.37390","1396.63107"
"UGA","Uganda","1998","consumo","national","2.15000","2.37340","1422.20789"
"UGA","Uganda","1999","consumo","national","2.15000","2.35520","1487.75796"
"UGA","Uganda","2000","consumo","national","2.15000","2.34400","1487.00499"
"UGA","Uganda","2001","consumo","national","2.15000","2.43120","1516.96424"
"UGA","Uganda","2002","consumo","national","2.15000","2.53340","1598.58284"
"UGA","Uganda","2003","consumo","national","2.15000","2.60990","1649.14826"
"UGA","Uganda","2004","consumo","national","2.15000","2.68440","1709.36159"
"UGA","Uganda","2005","consumo","national","2.15000","2.80510","1765.03788"
"UGA","Uganda","2006","consumo","national","2.15000","2.99740","1898.97915"
"UGA","Uganda","2007","consumo","national","2.15000","3.18750","1999.06249"
"UGA","Uganda","2008","consumo","national","2.15000","3.35530","2110.10049"
"UGA","Uganda","2009","consumo","national","2.15000","3.47300","2188.29916"
"UGA","Uganda","2010","consumo","national","2.15000","3.63510","2244.60595"
"UGA","Uganda","2011","consumo","national","2.15000","3.76160","2384.46533"
"UGA","Uganda","2012","consumo","national","2.15000","3.79000","2405.09456"
"UGA","Uganda","2013","consumo","national","2.15000","3.79300","2420.88808"
"UGA","Uganda","2014","consumo","national","2.15000","3.77370","2470.50381"
"UGA","Uganda","2015","consumo","national","2.15000","3.74390","2520.02010"
"UGA","Uganda","2016","consumo","national","2.15000","3.68190","2554.22769"
"UGA","Uganda","2017","consumo","national","2.15000","3.65470","2543.84754"
"UGA","Uganda","2018","consumo","national","2.15000","3.68620","2613.87976"
"UGA","Uganda","2019","consumo","national","2.15000","3.67640","2689.41009"
"UGA","Uganda","2020","consumo","national","2.15000","3.64800","2678.00907"
"UGA","Uganda","2021","consumo","national","2.15000","3.67040","2684.92036"
"UGA","Uganda","2022","consumo","national","2.15000","3.72080","2724.90610"
"UGA","Uganda","2023","consumo","national","2.15000","3.79380","2791.05577"
"UGA","Uganda","2024","consumo","national","2.15000","3.87580","2879.67009"
"UGA","Uganda","2025","consumo","national","2.15000","3.96530","2980.37942"
"URY","Uruguay","1990","ingreso","national","2.15000","16.55530","14060.84015"
"URY","Uruguay","1991","ingreso","national","2.15000","17.04270","14474.72723"
"URY","Uruguay","1992","ingreso","national","2.15000","18.29280","15536.48133"
"URY","Uruguay","1993","ingreso","national","2.15000","18.67990","15865.27151"
"URY","Uruguay","1994","ingreso","national","2.15000","19.93590","16932.02204"
"URY","Uruguay","1995","ingreso","national","2.15000","19.54500","16600.03290"
"URY","Uruguay","1996","ingreso","national","2.15000","20.52650","17433.68669"
"URY","Uruguay","1997","ingreso","national","2.15000","22.16340","18823.93479"
"URY","Uruguay","1998","ingreso","national","2.15000","23.05100","19577.78255"
"URY","Uruguay","1999","ingreso","national","2.15000","22.59760","19192.71030"
"URY","Uruguay","2000","ingreso","national","2.15000","22.07880","18752.05071"
"URY","Uruguay","2001","ingreso","national","2.15000","21.17790","17986.89395"
"URY","Uruguay","2002","ingreso","national","2.15000","19.51290","16572.78190"
"URY","Uruguay","2003","ingreso","national","2.15000","19.65610","16694.43260"
"URY","Uruguay","2004","ingreso","national","2.15000","20.62740","17519.37299"
"URY","Uruguay","2005","ingreso","national","2.15000","22.14860","18811.31248"
"URY","Uruguay","2006","ingreso","national","2.15000","23.03020","19560.07435"
"URY","Uruguay","2007","ingreso","national","2.15000","25.12000","20803.88531"
"URY","Uruguay","2008","ingreso","national","2.15000","27.58080","22249.37509"
"URY","Uruguay","2009","ingreso","national","2.15000","29.58920","23138.07331"
"URY","Uruguay","2010","ingreso","national","2.15000","29.70670","24879.82560"
"URY","Uruguay","2011","ingreso","national","2.15000","31.96010","26099.31165"
"URY","Uruguay","2012","ingreso","national","2.15000","31.93510","26953.27090"
"URY","Uruguay","2013","ingreso","national","2.15000","33.22780","28119.47269"
"URY","Uruguay","2014","ingreso","national","2.15000","35.07090","28935.08649"
"URY","Uruguay","2015","ingreso","national","2.15000","35.57860","28941.61845"
"URY","Uruguay","2016","ingreso","national","2.15000","34.91880","29332.55616"
"URY","Uruguay","2017","ingreso","national","2.15000","36.26090","29762.42207"
"URY","Uruguay","2018","ingreso","national","2.15000","35.66880","29757.92761"
"URY","Uruguay","2019","ingreso","national","2.15000","35.06440","30010.56288"
"URY","Uruguay","2020","ingreso","national","2.15000","32.42870","27788.17496"
"URY","Uruguay","2021","ingreso","national","2.15000","32.92150","29431.87388"
"URY","Uruguay","2022","ingreso","national","2.15000","33.85240","30840.07098"
"URY","Uruguay","2023","ingreso","national","2.15000","34.27500","31100.96969"
"URY","Uruguay","2024","ingreso","national","2.15000","35.21070","32149.48007"
"URY","Uruguay","2025","ingreso","national","2.15000","36.14100","32741.62469"
"UZB","Uzbekistán","1990","consumo","national","2.15000","2.59990","4239.58649"
"UZB","Uzbekistán","1991","consumo","national","2.15000","2.54790","4118.51586"
"UZB","Uzbekistán","1992","consumo","national","2.15000","2.30970","3568.35539"
"UZB","Uzbekistán","1993","consumo","national","2.15000","2.23640","3406.55184"
"UZB","Uzbekistán","1994","consumo","national","2.15000","2.12390","3161.07497"
"UZB","Uzbekistán","1995","consumo","national","2.15000","2.08160","3070.52690"
"UZB","Uzbekistán","1996","consumo","national","2.15000","2.07890","3064.63712"
"UZB","Uzbekistán","1997","consumo","national","2.15000","2.12790","3168.77279"
"UZB","Uzbekistán","1998","consumo","national","2.15000","2.16750","3253.54494"
"UZB","Uzbekistán","1999","consumo","national","2.15000","1.79360","3346.15887"
"UZB","Uzbekistán","2000","consumo","national","2.15000","1.40090","3430.88371"
"UZB","Uzbekistán","2001","consumo","national","2.15000","1.44440","3530.54966"
"UZB","Uzbekistán","2002","consumo","national","2.15000","1.48580","3626.07786"
"UZB","Uzbekistán","2003","consumo","national","2.15000","1.41260","3733.79819"
"UZB","Uzbekistán","2004","consumo","national","2.15000","1.47330","3962.90117"
"UZB","Uzbekistán","2005","consumo","national","2.15000","1.53120","4185.63948"
"UZB","Uzbekistán","2006","consumo","national","2.15000","1.59630","4439.90667"
"UZB","Uzbekistán","2007","consumo","national","2.15000","1.68520","4792.82910"
"UZB","Uzbekistán","2008","consumo","national","2.15000","1.77210","5145.99183"
"UZB","Uzbekistán","2009","consumo","national","2.15000","1.85060","5471.82014"
"UZB","Uzbekistán","2010","consumo","national","2.15000","1.92710","5794.98038"
"UZB","Uzbekistán","2011","consumo","national","2.15000","2.00660","6170.84150"
"UZB","Uzbekistán","2012","consumo","national","2.15000","2.08380","6525.49715"
"UZB","Uzbekistán","2013","ingreso","national","2.15000","8.47530","6932.93371"
"UZB","Uzbekistán","2014","ingreso","national","2.15000","8.90830","7344.44304"
"UZB","Uzbekistán","2015","ingreso","national","2.15000","9.38790","7792.23606"
"UZB","Uzbekistán","2016","ingreso","national","2.15000","9.77460","8172.92169"
"UZB","Uzbekistán","2017","ingreso","national","2.15000","10.03280","8413.29975"
"UZB","Uzbekistán","2018","ingreso","national","2.15000","10.40920","8742.54920"
"UZB","Uzbekistán","2019","ingreso","national","2.15000","10.91560","9169.01148"
"UZB","Uzbekistán","2020","ingreso","national","2.15000","10.88110","9145.23120"
"UZB","Uzbekistán","2021","ingreso","national","2.15000","11.52970","9705.60055"
"UZB","Uzbekistán","2022","ingreso","national","2.15000","12.01780","10091.38779"
"UZB","Uzbekistán","2023","ingreso","national","2.15000","14.97400","10514.09557"
"UZB","Uzbekistán","2024","ingreso","national","2.15000","16.57830","10997.17073"
"UZB","Uzbekistán","2025","ingreso","national","2.15000","19.40780","11622.85562"
"VUT","Vanuatu","1990","consumo","national","2.15000","5.52340","3531.78750"
"VUT","Vanuatu","1991","consumo","national","2.15000","5.54710","3553.43729"
"VUT","Vanuatu","1992","consumo","national","2.15000","5.54990","3555.93729"
"VUT","Vanuatu","1993","consumo","national","2.15000","5.48380","3495.49275"
"VUT","Vanuatu","1994","consumo","national","2.15000","5.73370","3723.02444"
"VUT","Vanuatu","1995","consumo","national","2.15000","5.68130","3674.38819"
"VUT","Vanuatu","1996","consumo","national","2.15000","5.68400","3676.87859"
"VUT","Vanuatu","1997","consumo","national","2.15000","5.79040","3775.23587"
"VUT","Vanuatu","1998","consumo","national","2.15000","5.75330","3740.68522"
"VUT","Vanuatu","1999","consumo","national","2.15000","5.68400","3676.29742"
"VUT","Vanuatu","2000","consumo","national","2.15000","5.82390","3805.62227"
"VUT","Vanuatu","2001","consumo","national","2.15000","5.58750","3584.91107"
"VUT","Vanuatu","2002","consumo","national","2.15000","5.29270","3314.71255"
"VUT","Vanuatu","2003","consumo","national","2.15000","5.35760","3372.77297"
"VUT","Vanuatu","2004","consumo","national","2.15000","5.41300","3422.60818"
"VUT","Vanuatu","2005","consumo","national","2.15000","5.51840","3517.84620"
"VUT","Vanuatu","2006","consumo","national","2.15000","5.74510","3724.24742"
"VUT","Vanuatu","2007","consumo","national","2.15000","5.76070","3738.66656"
"VUT","Vanuatu","2008","consumo","national","2.15000","5.88100","3850.27902"
"VUT","Vanuatu","2009","consumo","national","2.15000","5.89970","3867.75799"
"VUT","Vanuatu","2010","consumo","national","2.15000","5.85490","3825.75654"
"VUT","Vanuatu","2011","consumo","national","2.15000","5.90150","3861.18223"
"VUT","Vanuatu","2012","consumo","national","2.15000","5.84990","3815.41895"
"VUT","Vanuatu","2013","consumo","national","2.15000","5.78130","3748.76509"
"VUT","Vanuatu","2014","consumo","national","2.15000","5.79660","3779.64941"
"VUT","Vanuatu","2015","consumo","national","2.15000","5.86750","3825.81231"
"VUT","Vanuatu","2016","consumo","national","2.15000","5.91240","3877.08355"
"VUT","Vanuatu","2017","consumo","national","2.15000","6.00570","3947.67824"
"VUT","Vanuatu","2018","consumo","national","2.15000","6.02830","3951.18453"
"VUT","Vanuatu","2019","consumo","national","2.15000","6.06780","3986.65620"
"VUT","Vanuatu","2020","consumo","national","2.15000","5.76350","3671.97391"
"VUT","Vanuatu","2021","consumo","national","2.15000","5.60990","3546.08022"
"VUT","Vanuatu","2022","consumo","national","2.15000","5.71880","3658.51871"
"VUT","Vanuatu","2023","consumo","national","2.15000","5.70870","3782.82649"
"VUT","Vanuatu","2024","consumo","national","2.15000","5.65570","3837.03937"
"VUT","Vanuatu","2025","consumo","national","2.15000","5.58760","3866.99815"
"VNM","Vietnam","1990","consumo","national","2.15000","3.20700","2467.96460"
"VNM","Vietnam","1991","consumo","national","2.15000","3.29150","2560.84383"
"VNM","Vietnam","1992","consumo","national","2.15000","3.44050","2726.47374"
"VNM","Vietnam","1993","consumo","national","2.15000","3.58980","2890.42432"
"VNM","Vietnam","1994","consumo","national","2.15000","3.78620","3089.60934"
"VNM","Vietnam","1995","consumo","national","2.15000","4.01680","3328.21486"
"VNM","Vietnam","1996","consumo","national","2.15000","4.25880","3584.02898"
"VNM","Vietnam","1997","consumo","national","2.15000","4.47750","3820.30249"
"VNM","Vietnam","1998","consumo","national","2.15000","4.61010","3982.95806"
"VNM","Vietnam","1999","consumo","national","2.15000","4.54050","4119.05367"
"VNM","Vietnam","2000","consumo","national","2.15000","4.53120","4349.22349"
"VNM","Vietnam","2001","consumo","national","2.15000","4.49880","4570.26847"
"VNM","Vietnam","2002","consumo","national","2.15000","4.46310","4809.62151"
"VNM","Vietnam","2003","consumo","national","2.15000","4.83410","5090.28991"
"VNM","Vietnam","2004","consumo","national","2.15000","5.26410","5421.09703"
"VNM","Vietnam","2005","consumo","national","2.15000","5.58890","5776.36304"
"VNM","Vietnam","2006","consumo","national","2.15000","5.87770","6098.24495"
"VNM","Vietnam","2007","consumo","national","2.15000","6.14780","6418.54381"
"VNM","Vietnam","2008","consumo","national","2.15000","6.34770","6659.13561"
"VNM","Vietnam","2009","consumo","national","2.15000","8.36950","6914.33864"
"VNM","Vietnam","2010","consumo","national","2.15000","11.19310","7274.73311"
"VNM","Vietnam","2011","consumo","national","2.15000","11.36460","7652.61896"
"VNM","Vietnam","2012","consumo","national","2.15000","11.51080","7979.86829"
"VNM","Vietnam","2013","consumo","national","2.15000","11.81370","8324.19871"
"VNM","Vietnam","2014","consumo","national","2.15000","12.18530","8751.88281"
"VNM","Vietnam","2015","consumo","national","2.15000","13.13700","9248.02396"
"VNM","Vietnam","2016","consumo","national","2.15000","14.07160","9743.18822"
"VNM","Vietnam","2017","consumo","national","2.15000","14.80370","10290.54871"
"VNM","Vietnam","2018","consumo","national","2.15000","15.65430","10936.89379"
"VNM","Vietnam","2019","consumo","national","2.15000","17.05990","11628.61391"
"VNM","Vietnam","2020","consumo","national","2.15000","17.50460","11851.39657"
"VNM","Vietnam","2021","consumo","national","2.15000","16.72220","12048.90199"
"VNM","Vietnam","2022","consumo","national","2.15000","16.58660","12979.76390"
"VNM","Vietnam","2023","consumo","national","2.15000","17.09310","13534.79978"
"VNM","Vietnam","2024","consumo","national","2.15000","17.86090","14396.42174"
"VNM","Vietnam","2025","consumo","national","2.15000","18.55610","15457.34994"
"ZMB","Zambia","1990","consumo","national","2.15000","3.58970","2425.11129"
"ZMB","Zambia","1991","consumo","national","2.15000","3.52720","2364.86234"
"ZMB","Zambia","1992","consumo","national","2.15000","3.25080","2268.49812"
"ZMB","Zambia","1993","consumo","national","2.15000","3.16560","2365.62954"
"ZMB","Zambia","1994","consumo","national","2.15000","3.27760","2110.58326"
"ZMB","Zambia","1995","consumo","national","2.15000","3.63910","2119.95643"
"ZMB","Zambia","1996","consumo","national","2.15000","4.09220","2197.19565"
"ZMB","Zambia","1997","consumo","national","2.15000","4.13230","2223.45745"
"ZMB","Zambia","1998","consumo","national","2.15000","4.05230","2157.57339"
"ZMB","Zambia","1999","consumo","national","2.15000","3.86250","2198.18913"
"ZMB","Zambia","2000","consumo","national","2.15000","3.64510","2220.56537"
"ZMB","Zambia","2001","consumo","national","2.15000","3.45210","2268.96966"
"ZMB","Zambia","2002","consumo","national","2.15000","3.23340","2299.33289"
"ZMB","Zambia","2003","consumo","national","2.15000","3.10760","2383.87612"
"ZMB","Zambia","2004","consumo","national","2.15000","3.21580","2471.72073"
"ZMB","Zambia","2005","consumo","national","2.15000","3.24320","2564.47561"
"ZMB","Zambia","2006","consumo","national","2.15000","3.10180","2673.46152"
"ZMB","Zambia","2007","consumo","national","2.15000","3.02700","2796.35293"
"ZMB","Zambia","2008","consumo","national","2.15000","3.00510","2908.14363"
"ZMB","Zambia","2009","consumo","national","2.15000","3.00850","3065.84420"
"ZMB","Zambia","2010","consumo","national","2.15000","3.03050","3266.50749"
"ZMB","Zambia","2011","consumo","national","2.15000","3.10590","3335.64340"
"ZMB","Zambia","2012","consumo","national","2.15000","3.25610","3474.55253"
"ZMB","Zambia","2013","consumo","national","2.15000","3.32090","3535.22449"
"ZMB","Zambia","2014","consumo","national","2.15000","3.34390","3585.57749"
"ZMB","Zambia","2015","consumo","national","2.15000","3.36530","3576.92545"
"ZMB","Zambia","2016","consumo","national","2.15000","3.30560","3598.17166"
"ZMB","Zambia","2017","consumo","national","2.15000","3.24100","3612.50598"
"ZMB","Zambia","2018","consumo","national","2.15000","3.18830","3646.95966"
"ZMB","Zambia","2019","consumo","national","2.15000","3.08090","3591.56419"
"ZMB","Zambia","2020","consumo","national","2.15000","2.89030","3391.59541"
"ZMB","Zambia","2021","consumo","national","2.15000","2.88440","3503.03491"
"ZMB","Zambia","2022","consumo","national","2.15000","2.85810","3585.12379"
"ZMB","Zambia","2023","consumo","national","2.15000","2.90750","3673.48420"
"ZMB","Zambia","2024","consumo","national","2.15000","2.92660","3708.06904"
"ZMB","Zambia","2025","consumo","national","2.15000","2.98890","3742.25646"
"ZWE","Zimbabwe","1990","consumo","national","2.15000","6.99160","6082.86880"
"ZWE","Zimbabwe","1991","consumo","national","2.15000","7.12950","6254.30182"
"ZWE","Zimbabwe","1992","consumo","national","2.15000","6.55320","5532.06136"
"ZWE","Zimbabwe","1993","consumo","national","2.15000","6.53420","5509.10697"
"ZWE","Zimbabwe","1994","consumo","national","2.15000","6.95070","6010.76845"
"ZWE","Zimbabwe","1995","consumo","national","2.15000","6.91330","5964.61522"
"ZWE","Zimbabwe","1996","consumo","national","2.15000","7.32680","6474.18823"
"ZWE","Zimbabwe","1997","consumo","national","2.15000","7.36630","6524.09092"
"ZWE","Zimbabwe","1998","consumo","national","2.15000","7.41240","6582.37693"
"ZWE","Zimbabwe","1999","consumo","national","2.15000","7.28730","6423.73669"
"ZWE","Zimbabwe","2000","consumo","national","2.15000","7.08610","6170.36063"
"ZWE","Zimbabwe","2001","consumo","national","2.15000","7.12400","6217.43872"
"ZWE","Zimbabwe","2002","consumo","national","2.15000","6.63690","5610.21577"
"ZWE","Zimbabwe","2003","consumo","national","2.15000","5.80180","4601.68068"
"ZWE","Zimbabwe","2004","consumo","national","2.15000","5.52460","4287.61686"
"ZWE","Zimbabwe","2005","consumo","national","2.15000","5.26940","4004.68178"
"ZWE","Zimbabwe","2006","consumo","national","2.15000","5.09860","3819.24997"
"ZWE","Zimbabwe","2007","consumo","national","2.15000","4.92320","3631.55335"
"ZWE","Zimbabwe","2008","consumo","national","2.15000","4.28030","2954.11212"
"ZWE","Zimbabwe","2009","consumo","national","2.15000","4.63060","3299.42809"
"ZWE","Zimbabwe","2010","consumo","national","2.15000","5.20620","3885.41061"
"ZWE","Zimbabwe","2011","consumo","national","2.15000","5.65040","4358.94471"
"ZWE","Zimbabwe","2012","consumo","national","2.15000","6.01340","5003.50873"
"ZWE","Zimbabwe","2013","consumo","national","2.15000","5.81440","5031.70924"
"ZWE","Zimbabwe","2014","consumo","national","2.15000","5.63010","5081.13441"
"ZWE","Zimbabwe","2015","consumo","national","2.15000","5.42190","5102.73643"
"ZWE","Zimbabwe","2016","consumo","national","2.15000","5.17390","5070.42413"
"ZWE","Zimbabwe","2017","consumo","national","2.15000","5.06200","5234.40654"
"ZWE","Zimbabwe","2018","consumo","national","2.15000","5.32440","5415.49322"
"ZWE","Zimbabwe","2019","consumo","national","2.15000","5.16640","4993.86547"
"ZWE","Zimbabwe","2020","consumo","national","2.15000","4.82890","4527.73949"
"ZWE","Zimbabwe","2021","consumo","national","2.15000","5.05240","4827.10960"
"ZWE","Zimbabwe","2022","consumo","national","2.15000","5.20600","5036.78318"
"ZWE","Zimbabwe","2023","consumo","national","2.15000","5.33710","5218.04527"
"ZWE","Zimbabwe","2024","consumo","national","2.15000","5.33520","5211.89756"
"ZWE","Zimbabwe","2025","consumo","national","2.15000","5.47690","5529.23310"
