"geocodigoFundar","geonombreFundar","anio","pib_pc","anios_escol_prom"
"AFG","Afganistán","2000","1617.82647","1.26400"
"AFG","Afganistán","2001","1454.11078","1.31600"
"AFG","Afganistán","2002","1774.30874","1.36700"
"AFG","Afganistán","2003","1815.92820","1.41900"
"AFG","Afganistán","2004","1776.91821","1.47000"
"AFG","Afganistán","2005","1908.11478","1.52200"
"AFG","Afganistán","2006","1929.72390","1.59500"
"AFG","Afganistán","2007","2155.35307","1.66900"
"AFG","Afganistán","2008","2191.50436","1.74300"
"AFG","Afganistán","2009","2565.02209","1.81600"
"AFG","Afganistán","2010","2848.58606","1.89000"
"AFG","Afganistán","2011","2757.05259","1.93700"
"AFG","Afganistán","2012","2985.31914","1.98400"
"AFG","Afganistán","2013","3046.57993","2.03100"
"AFG","Afganistán","2014","3017.94254","2.07700"
"AFG","Afganistán","2015","2967.69207","2.12400"
"AFG","Afganistán","2016","2958.78540","2.26900"
"AFG","Afganistán","2017","2952.99892","2.41300"
"AFG","Afganistán","2018","2902.39211","2.55700"
"AFG","Afganistán","2019","2927.24514","2.70100"
"AFG","Afganistán","2020","2769.68575","2.84600"
"AFG","Afganistán","2021","2144.16657","2.99000"
"AFG","Afganistán","2022","1981.71017","2.51500"
"AFG","Afganistán","2023","1983.81262","2.51500"
"ALB","Albania","1990","5560.83393","7.35200"
"ALB","Albania","1991","4027.88881","7.35000"
"ALB","Albania","1992","3761.13981","7.34800"
"ALB","Albania","1993","4145.90251","7.34600"
"ALB","Albania","1994","4517.78008","7.34400"
"ALB","Albania","1995","5151.37596","7.34200"
"ALB","Albania","1996","5563.77008","7.62400"
"ALB","Albania","1997","4942.98350","7.90600"
"ALB","Albania","1998","5387.54589","8.18700"
"ALB","Albania","1999","6085.98340","8.46900"
"ALB","Albania","2000","6581.98909","8.75100"
"ALB","Albania","2001","7232.96055","8.82000"
"ALB","Albania","2002","7590.45852","8.88600"
"ALB","Albania","2003","8025.24803","8.95100"
"ALB","Albania","2004","8483.25882","9.01700"
"ALB","Albania","2005","8964.28082","9.08300"
"ALB","Albania","2006","9563.98954","9.14900"
"ALB","Albania","2007","10262.92424","9.21400"
"ALB","Albania","2008","11056.30592","9.28000"
"ALB","Albania","2009","11430.57463","9.45300"
"ALB","Albania","2010","11829.00424","9.62700"
"ALB","Albania","2011","12153.06366","9.80000"
"ALB","Albania","2012","12463.51837","10.03000"
"ALB","Albania","2013","12873.42982","10.01900"
"ALB","Albania","2014","13366.50409","10.00900"
"ALB","Albania","2015","13876.76163","9.99800"
"ALB","Albania","2016","14643.42856","9.98700"
"ALB","Albania","2017","15359.39746","9.97700"
"ALB","Albania","2018","16170.92343","10.02500"
"ALB","Albania","2019","16761.12302","10.07300"
"ALB","Albania","2020","16457.71897","10.12100"
"ALB","Albania","2021","18212.79472","10.17500"
"ALB","Albania","2022","19388.79273","10.17500"
"ALB","Albania","2023","20501.64707","10.17500"
"DEU","Alemania","1990","42355.28610","10.36400"
"DEU","Alemania","1991","44195.71647","10.57400"
"DEU","Alemania","1992","44744.13997","10.78400"
"DEU","Alemania","1993","44018.43809","10.99500"
"DEU","Alemania","1994","45005.15898","11.20500"
"DEU","Alemania","1995","45548.41811","11.41500"
"DEU","Alemania","1996","45888.12696","11.61600"
"DEU","Alemania","1997","46670.70535","11.81700"
"DEU","Alemania","1998","47641.52718","12.01800"
"DEU","Alemania","1999","48624.64844","12.21900"
"DEU","Alemania","2000","49955.64613","12.42000"
"DEU","Alemania","2001","50687.65004","12.76500"
"DEU","Alemania","2002","50486.99825","13.11000"
"DEU","Alemania","2003","50191.72194","13.45500"
"DEU","Alemania","2004","50786.01765","13.80000"
"DEU","Alemania","2005","51264.81937","13.70000"
"DEU","Alemania","2006","53307.16238","13.60000"
"DEU","Alemania","2007","54920.65893","13.68000"
"DEU","Alemania","2008","55513.75589","13.76000"
"DEU","Alemania","2009","52568.79742","13.83000"
"DEU","Alemania","2010","54826.25545","13.85000"
"DEU","Alemania","2011","57950.95897","13.93000"
"DEU","Alemania","2012","58110.37685","13.98000"
"DEU","Alemania","2013","58182.07662","14.01000"
"DEU","Alemania","2014","59203.23409","14.04000"
"DEU","Alemania","2015","59668.98904","14.08000"
"DEU","Alemania","2016","60504.58574","14.13000"
"DEU","Alemania","2017","61965.43429","14.10500"
"DEU","Alemania","2018","62481.11840","14.08000"
"DEU","Alemania","2019","62949.89325","14.17000"
"DEU","Alemania","2020","60299.57677","14.26000"
"DEU","Alemania","2021","62630.77481","14.29600"
"DEU","Alemania","2022","63777.92910","14.29600"
"DEU","Alemania","2023","63140.19491","14.29600"
"AND","Andorra","2000","54809.14417","9.81400"
"AND","Andorra","2001","59109.01368","9.89900"
"AND","Andorra","2002","61188.63709","9.98400"
"AND","Andorra","2003","63656.19583","10.07000"
"AND","Andorra","2004","64353.48581","10.70000"
"AND","Andorra","2005","65114.80537","10.09000"
"AND","Andorra","2006","66390.29373","10.41000"
"AND","Andorra","2007","65534.11686","10.44000"
"AND","Andorra","2008","60691.60515","10.47000"
"AND","Andorra","2009","57203.97089","10.50000"
"AND","Andorra","2010","58285.05778","10.53000"
"AND","Andorra","2011","60470.46624","10.56000"
"AND","Andorra","2012","58172.13239","10.59000"
"AND","Andorra","2013","57332.15856","10.62000"
"AND","Andorra","2014","59929.24447","10.65000"
"AND","Andorra","2015","62105.15424","10.57000"
"AND","Andorra","2016","64402.80924","10.56000"
"AND","Andorra","2017","63239.65777","10.73500"
"AND","Andorra","2018","63048.59856","10.91000"
"AND","Andorra","2019","63215.89979","11.08500"
"AND","Andorra","2020","55488.49030","11.26000"
"AND","Andorra","2021","59332.20291","11.43500"
"AND","Andorra","2022","63913.38351","11.61000"
"AND","Andorra","2023","64631.29639","11.61000"
"AGO","Angola","1999","6815.17531","3.38700"
"AGO","Angola","2000","6794.53021","3.42600"
"AGO","Angola","2001","6846.79270","3.46500"
"AGO","Angola","2002","7521.73599","3.50500"
"AGO","Angola","2003","7516.81391","3.54600"
"AGO","Angola","2004","8079.52613","3.58600"
"AGO","Angola","2005","8892.92106","3.62600"
"AGO","Angola","2006","9586.17542","3.66700"
"AGO","Angola","2007","10434.70872","3.70700"
"AGO","Angola","2008","11131.63101","3.74800"
"AGO","Angola","2009","10930.25312","3.78800"
"AGO","Angola","2010","11074.07238","3.82800"
"AGO","Angola","2011","11034.59197","3.86900"
"AGO","Angola","2012","11516.81332","3.90900"
"AGO","Angola","2013","11622.97835","3.95000"
"AGO","Angola","2014","11718.42868","3.99000"
"AGO","Angola","2015","11389.76095","5.31600"
"AGO","Angola","2016","10963.99679","5.41700"
"AGO","Angola","2017","10565.16765","5.52100"
"AGO","Angola","2018","10154.83892","5.62700"
"AGO","Angola","2019","9712.97945","5.73500"
"AGO","Angola","2020","8904.94901","5.84400"
"AGO","Angola","2021","8720.18769","5.95600"
"AGO","Angola","2022","8750.99363","5.95600"
"AGO","Angola","2023","8597.53879","5.95600"
"ATG","Antigua y Barbuda","2000","25547.61203","9.20200"
"ATG","Antigua y Barbuda","2001","24014.77546","9.32900"
"ATG","Antigua y Barbuda","2002","23958.16381","9.45700"
"ATG","Antigua y Barbuda","2003","25136.00169","9.58700"
"ATG","Antigua y Barbuda","2004","26303.61790","9.71900"
"ATG","Antigua y Barbuda","2005","27692.63487","9.85300"
"ATG","Antigua y Barbuda","2006","30827.34168","9.98900"
"ATG","Antigua y Barbuda","2007","33245.26786","10.12700"
"ATG","Antigua y Barbuda","2008","32756.30678","10.26600"
"ATG","Antigua y Barbuda","2009","28405.69009","10.40700"
"ATG","Antigua y Barbuda","2010","25826.60864","10.55100"
"ATG","Antigua y Barbuda","2011","25023.91745","10.69600"
"ATG","Antigua y Barbuda","2012","25592.90661","10.84300"
"ATG","Antigua y Barbuda","2013","25206.84583","10.99200"
"ATG","Antigua y Barbuda","2014","25557.52491","11.14400"
"ATG","Antigua y Barbuda","2015","25734.15164","11.29500"
"ATG","Antigua y Barbuda","2016","26627.71454","11.44700"
"ATG","Antigua y Barbuda","2017","27199.19524","11.59800"
"ATG","Antigua y Barbuda","2018","28878.60677","11.74900"
"ATG","Antigua y Barbuda","2019","29651.86415","11.71500"
"ATG","Antigua y Barbuda","2020","23930.67150","11.68100"
"ATG","Antigua y Barbuda","2021","25745.49581","11.64800"
"ATG","Antigua y Barbuda","2022","27785.55723","11.64800"
"ATG","Antigua y Barbuda","2023","28712.39705","11.64800"
"SAU","Arabia Saudita","1990","65196.57339","5.57500"
"SAU","Arabia Saudita","1991","67268.55185","5.67600"
"SAU","Arabia Saudita","1992","67183.91003","5.77600"
"SAU","Arabia Saudita","1993","64517.66529","5.87600"
"SAU","Arabia Saudita","1994","62403.69373","5.97700"
"SAU","Arabia Saudita","1995","60058.31745","6.07700"
"SAU","Arabia Saudita","1996","59612.81260","6.19600"
"SAU","Arabia Saudita","1997","58875.54737","6.31400"
"SAU","Arabia Saudita","1998","58306.62281","6.43300"
"SAU","Arabia Saudita","1999","55878.17365","6.55100"
"SAU","Arabia Saudita","2000","55962.26613","6.67000"
"SAU","Arabia Saudita","2001","53309.11139","6.88300"
"SAU","Arabia Saudita","2002","50371.97831","7.09500"
"SAU","Arabia Saudita","2003","52234.64928","7.30800"
"SAU","Arabia Saudita","2004","54196.55142","7.52000"
"SAU","Arabia Saudita","2005","54931.79425","7.75800"
"SAU","Arabia Saudita","2006","54373.73770","7.99600"
"SAU","Arabia Saudita","2007","53318.41916","8.23300"
"SAU","Arabia Saudita","2008","54407.70817","8.47100"
"SAU","Arabia Saudita","2009","51760.76440","8.70900"
"SAU","Arabia Saudita","2010","54911.54752","8.94700"
"SAU","Arabia Saudita","2011","58645.44594","9.18400"
"SAU","Arabia Saudita","2012","59471.70019","9.42200"
"SAU","Arabia Saudita","2013","57998.46446","9.66000"
"SAU","Arabia Saudita","2014","58872.26714","9.80000"
"SAU","Arabia Saudita","2015","58498.53990","9.94000"
"SAU","Arabia Saudita","2016","57308.44841","10.08000"
"SAU","Arabia Saudita","2017","57942.54850","10.22000"
"SAU","Arabia Saudita","2018","61359.46537","10.58300"
"SAU","Arabia Saudita","2019","62647.72995","10.94700"
"SAU","Arabia Saudita","2020","57420.73357","11.31000"
"SAU","Arabia Saudita","2021","62690.49666","11.60600"
"SAU","Arabia Saudita","2022","67178.59023","11.60600"
"SAU","Arabia Saudita","2023","64481.84419","11.60600"
"DZA","Argelia","1990","11728.54573","3.91700"
"DZA","Argelia","1991","11314.86474","4.10000"
"DZA","Argelia","1992","11241.41542","4.28300"
"DZA","Argelia","1993","10743.70635","4.46600"
"DZA","Argelia","1994","10414.03482","4.65000"
"DZA","Argelia","1995","10588.44337","4.83300"
"DZA","Argelia","1996","10808.87887","4.98800"
"DZA","Argelia","1997","10725.96735","5.14300"
"DZA","Argelia","1998","11094.88754","5.29900"
"DZA","Argelia","1999","11292.03730","5.45400"
"DZA","Argelia","2000","11558.22047","5.60900"
"DZA","Argelia","2001","11742.59468","5.68300"
"DZA","Argelia","2002","12213.12635","5.75700"
"DZA","Argelia","2003","12835.18144","5.83200"
"DZA","Argelia","2004","13226.76505","5.90600"
"DZA","Argelia","2005","13738.49564","5.98000"
"DZA","Argelia","2006","13920.69406","6.17000"
"DZA","Argelia","2007","14114.67452","6.23000"
"DZA","Argelia","2008","14206.77671","6.29000"
"DZA","Argelia","2009","14104.42817","6.05300"
"DZA","Argelia","2010","14496.42113","5.81700"
"DZA","Argelia","2011","14641.96409","5.58000"
"DZA","Argelia","2012","14697.53961","5.76000"
"DZA","Argelia","2013","14778.19143","5.94000"
"DZA","Argelia","2014","15073.76294","6.12000"
"DZA","Argelia","2015","15239.51715","6.30000"
"DZA","Argelia","2016","15511.68588","6.48000"
"DZA","Argelia","2017","15427.66419","6.66000"
"DZA","Argelia","2018","15343.42612","6.84000"
"DZA","Argelia","2019","15199.19900","7.02000"
"DZA","Argelia","2020","14194.15575","7.21600"
"DZA","Argelia","2021","14496.86547","7.41600"
"DZA","Argelia","2022","14782.20030","7.41600"
"DZA","Argelia","2023","15159.32424","7.41600"
"ARG","Argentina","1990","17007.28443","8.12300"
"ARG","Argentina","1991","18295.60920","8.19000"
"ARG","Argentina","1992","19476.28406","8.25800"
"ARG","Argentina","1993","20791.34515","8.32600"
"ARG","Argentina","1994","21711.84279","8.39400"
"ARG","Argentina","1995","20819.49995","8.46200"
"ARG","Argentina","1996","21695.59495","8.53000"
"ARG","Argentina","1997","23172.15834","8.59800"
"ARG","Argentina","1998","23783.10172","8.66600"
"ARG","Argentina","1999","22714.51113","8.73400"
"ARG","Argentina","2000","22281.38143","8.80200"
"ARG","Argentina","2001","21066.45813","8.87000"
"ARG","Argentina","2002","18571.70205","9.39500"
"ARG","Argentina","2003","20005.13851","9.92000"
"ARG","Argentina","2004","21591.44940","10.01000"
"ARG","Argentina","2005","23262.40758","10.10000"
"ARG","Argentina","2006","24877.24939","10.19000"
"ARG","Argentina","2007","26850.66459","10.30000"
"ARG","Argentina","2008","27658.48534","10.41000"
"ARG","Argentina","2009","25747.19768","10.54000"
"ARG","Argentina","2010","28056.25702","10.60000"
"ARG","Argentina","2011","29425.75939","10.70000"
"ARG","Argentina","2012","28825.96669","10.79000"
"ARG","Argentina","2013","29227.66018","10.89000"
"ARG","Argentina","2014","28200.81526","10.91000"
"ARG","Argentina","2015","28669.20613","10.92000"
"ARG","Argentina","2016","27802.10572","10.93000"
"ARG","Argentina","2017","28334.90418","11.01500"
"ARG","Argentina","2018","27367.11509","11.10000"
"ARG","Argentina","2019","26629.55294","11.12000"
"ARG","Argentina","2020","23877.09314","11.14000"
"ARG","Argentina","2021","26300.27426","11.18500"
"ARG","Argentina","2022","27825.02735","11.18500"
"ARG","Argentina","2023","27230.39685","11.18500"
"ARM","Armenia","1990","6137.60046","9.78300"
"ARM","Armenia","1991","5326.75286","9.85300"
"ARM","Armenia","1992","3136.72428","9.92300"
"ARM","Armenia","1993","2958.88037","9.99300"
"ARM","Armenia","1994","3200.89649","10.06300"
"ARM","Armenia","1995","3480.75594","10.13300"
"ARM","Armenia","1996","3717.33577","10.20500"
"ARM","Armenia","1997","3879.17938","10.27600"
"ARM","Armenia","1998","4211.51277","10.34800"
"ARM","Armenia","1999","4406.96707","10.42000"
"ARM","Armenia","2000","4589.00825","10.49200"
"ARM","Armenia","2001","5044.11648","10.49000"
"ARM","Armenia","2002","5731.35347","10.56000"
"ARM","Armenia","2003","6569.26023","10.63000"
"ARM","Armenia","2004","7299.40002","10.70000"
"ARM","Armenia","2005","8362.90084","10.77000"
"ARM","Armenia","2006","9525.23147","10.84000"
"ARM","Armenia","2007","10898.84838","10.91000"
"ARM","Armenia","2008","11727.48213","10.98000"
"ARM","Armenia","2009","10143.23508","11.05000"
"ARM","Armenia","2010","10438.56419","11.12000"
"ARM","Armenia","2011","10990.17710","11.19000"
"ARM","Armenia","2012","11796.27412","11.28500"
"ARM","Armenia","2013","12194.01895","11.38000"
"ARM","Armenia","2014","12667.37573","11.47500"
"ARM","Armenia","2015","13112.76009","11.57000"
"ARM","Armenia","2016","13192.99407","11.69000"
"ARM","Armenia","2017","14243.87490","11.19000"
"ARM","Armenia","2018","15037.04524","11.23700"
"ARM","Armenia","2019","16215.36080","11.28300"
"ARM","Armenia","2020","15052.93598","11.33000"
"ARM","Armenia","2021","15921.70528","11.34500"
"ARM","Armenia","2022","17886.17839","11.34500"
"ARM","Armenia","2023","19402.75109","11.34500"
"AUS","Australia","1990","36267.74106","11.22500"
"AUS","Australia","1991","35670.66786","11.24700"
"AUS","Australia","1992","35426.28483","11.26900"
"AUS","Australia","1993","36533.14683","11.29200"
"AUS","Australia","1994","37622.65248","11.31400"
"AUS","Australia","1995","38653.33668","11.33600"
"AUS","Australia","1996","39663.16177","11.32600"
"AUS","Australia","1997","40773.56605","11.31600"
"AUS","Australia","1998","42257.17181","11.30600"
"AUS","Australia","1999","43899.07379","11.29600"
"AUS","Australia","2000","45099.07521","11.28500"
"AUS","Australia","2001","45428.20008","11.34200"
"AUS","Australia","2002","46688.39478","11.39800"
"AUS","Australia","2003","47581.22853","11.45400"
"AUS","Australia","2004","49061.27615","11.51000"
"AUS","Australia","2005","49997.06650","11.55000"
"AUS","Australia","2006","50693.72486","11.64000"
"AUS","Australia","2007","51663.24040","11.71000"
"AUS","Australia","2008","52473.38192","11.94000"
"AUS","Australia","2009","52407.91154","11.99000"
"AUS","Australia","2010","52739.26816","12.03000"
"AUS","Australia","2011","53257.04732","12.12000"
"AUS","Australia","2012","54403.88369","12.30000"
"AUS","Australia","2013","54895.00526","12.02000"
"AUS","Australia","2014","55489.06884","12.17000"
"AUS","Australia","2015","55879.99588","12.25000"
"AUS","Australia","2016","56529.95182","12.35000"
"AUS","Australia","2017","56881.85699","12.32000"
"AUS","Australia","2018","57647.84551","12.46000"
"AUS","Australia","2019","58048.61884","12.56000"
"AUS","Australia","2020","57260.46505","12.64000"
"AUS","Australia","2021","58327.41468","12.78000"
"AUS","Australia","2022","60029.13292","12.87000"
"AUS","Australia","2023","60684.95962","12.87000"
"AUT","Austria","1990","43258.11441","10.20000"
"AUT","Austria","1991","44302.35931","10.29000"
"AUT","Austria","1992","44734.79112","10.38100"
"AUT","Austria","1993","44601.14423","10.47100"
"AUT","Austria","1994","45497.07475","10.56200"
"AUT","Austria","1995","46639.46674","10.65300"
"AUT","Austria","1996","47608.56430","10.74400"
"AUT","Austria","1997","48575.09071","10.83400"
"AUT","Austria","1998","50216.62823","10.92500"
"AUT","Austria","1999","52004.45978","11.01600"
"AUT","Austria","2000","53534.26699","11.10600"
"AUT","Austria","2001","54032.07575","11.19700"
"AUT","Austria","2002","54565.00042","11.28800"
"AUT","Austria","2003","54919.71019","11.37900"
"AUT","Austria","2004","55980.15317","11.46900"
"AUT","Austria","2005","56890.19962","11.56000"
"AUT","Austria","2006","58460.15505","11.54500"
"AUT","Austria","2007","60470.82514","11.53000"
"AUT","Austria","2008","61157.90150","11.47000"
"AUT","Austria","2009","58810.35968","11.67000"
"AUT","Austria","2010","59730.46739","11.71000"
"AUT","Austria","2011","61272.17247","11.71000"
"AUT","Austria","2012","61376.63459","11.75000"
"AUT","Austria","2013","60862.96937","11.79000"
"AUT","Austria","2014","60845.57440","12.01000"
"AUT","Austria","2015","60951.60373","12.08000"
"AUT","Austria","2016","61572.62574","12.11000"
"AUT","Austria","2017","62535.81057","12.16000"
"AUT","Austria","2018","63777.93622","12.21000"
"AUT","Austria","2019","64609.28364","12.26000"
"AUT","Austria","2020","60276.33077","12.31100"
"AUT","Austria","2021","62968.85388","12.36100"
"AUT","Austria","2022","65694.45915","12.36100"
"AUT","Austria","2023","64536.20763","12.36100"
"AZE","Azerbaiyán","1995","4211.72114","10.10300"
"AZE","Azerbaiyán","1996","4223.52297","10.14200"
"AZE","Azerbaiyán","1997","4425.58824","10.18100"
"AZE","Azerbaiyán","1998","4822.16019","10.22000"
"AZE","Azerbaiyán","1999","5133.74812","10.26000"
"AZE","Azerbaiyán","2000","5656.92989","10.30000"
"AZE","Azerbaiyán","2001","6168.98512","10.34000"
"AZE","Azerbaiyán","2002","6701.08174","10.38000"
"AZE","Azerbaiyán","2003","7329.40602","10.42000"
"AZE","Azerbaiyán","2004","7937.85948","10.46000"
"AZE","Azerbaiyán","2005","10054.10034","10.50000"
"AZE","Azerbaiyán","2006","13371.65852","10.54000"
"AZE","Azerbaiyán","2007","16587.36572","10.58000"
"AZE","Azerbaiyán","2008","17963.02081","10.59000"
"AZE","Azerbaiyán","2009","19242.39001","10.59000"
"AZE","Azerbaiyán","2010","19925.39007","10.61000"
"AZE","Azerbaiyán","2011","19358.07781","10.61000"
"AZE","Azerbaiyán","2012","19523.37372","10.61000"
"AZE","Azerbaiyán","2013","20398.64623","10.57000"
"AZE","Azerbaiyán","2014","20709.20161","10.57000"
"AZE","Azerbaiyán","2015","20678.75396","10.57000"
"AZE","Azerbaiyán","2016","19822.41059","10.65000"
"AZE","Azerbaiyán","2017","19659.00486","10.64000"
"AZE","Azerbaiyán","2018","19781.85091","10.64000"
"AZE","Azerbaiyán","2019","20101.49188","10.64000"
"AZE","Azerbaiyán","2020","19126.09685","10.74800"
"AZE","Azerbaiyán","2021","20111.37570","10.85500"
"AZE","Azerbaiyán","2022","21051.24423","10.96200"
"AZE","Azerbaiyán","2023","21310.73869","11.07000"
"BHS","Bahamas","1990","33072.15961","10.01000"
"BHS","Bahamas","1991","31148.90526","10.11300"
"BHS","Bahamas","1992","29412.88050","10.21600"
"BHS","Bahamas","1993","28955.35106","10.31900"
"BHS","Bahamas","1994","29346.36048","10.42200"
"BHS","Bahamas","1995","30128.19356","10.52500"
"BHS","Bahamas","1996","30907.82080","10.62800"
"BHS","Bahamas","1997","30839.02480","10.73100"
"BHS","Bahamas","1998","31836.52649","10.83400"
"BHS","Bahamas","1999","33657.80459","10.93700"
"BHS","Bahamas","2000","34597.16211","11.04000"
"BHS","Bahamas","2001","35072.36590","11.12200"
"BHS","Bahamas","2002","35610.67864","11.20400"
"BHS","Bahamas","2003","34740.76355","11.28600"
"BHS","Bahamas","2004","34617.80511","11.36800"
"BHS","Bahamas","2005","35365.46640","11.45000"
"BHS","Bahamas","2006","35789.13221","11.53200"
"BHS","Bahamas","2007","35797.11897","11.61400"
"BHS","Bahamas","2008","34498.03514","11.69600"
"BHS","Bahamas","2009","32630.26307","11.77800"
"BHS","Bahamas","2010","32711.45925","11.86000"
"BHS","Bahamas","2011","32535.66251","11.94400"
"BHS","Bahamas","2012","33667.55471","12.02800"
"BHS","Bahamas","2013","32402.91635","12.11300"
"BHS","Bahamas","2014","32712.63567","12.19900"
"BHS","Bahamas","2015","32777.58494","12.28500"
"BHS","Bahamas","2016","32172.33652","12.37100"
"BHS","Bahamas","2017","33050.03501","12.45900"
"BHS","Bahamas","2018","33650.21644","12.54700"
"BHS","Bahamas","2019","33202.49021","12.63500"
"BHS","Bahamas","2020","26452.69576","12.72500"
"BHS","Bahamas","2021","31064.68222","12.81400"
"BHS","Bahamas","2022","34342.92853","12.81400"
"BHS","Bahamas","2023","35221.26969","12.81400"
"BHR","Bahrein","1990","41856.54451","5.11000"
"BHR","Bahrein","1991","47644.02347","5.39000"
"BHR","Bahrein","1992","49511.94740","5.68500"
"BHR","Bahrein","1993","54433.13751","5.98000"
"BHR","Bahrein","1994","52886.57890","6.27500"
"BHR","Bahrein","1995","53537.68289","6.57000"
"BHR","Bahrein","1996","54289.43804","6.86500"
"BHR","Bahrein","1997","54512.85511","7.16000"
"BHR","Bahrein","1998","55638.69359","7.45500"
"BHR","Bahrein","1999","56522.22619","7.75000"
"BHR","Bahrein","2000","57968.99561","8.04500"
"BHR","Bahrein","2001","57280.69867","8.34000"
"BHR","Bahrein","2002","55096.65716","8.30600"
"BHR","Bahrein","2003","54431.87636","8.27100"
"BHR","Bahrein","2004","54045.09289","8.23700"
"BHR","Bahrein","2005","53478.26624","8.20200"
"BHR","Bahrein","2006","52691.93234","8.16800"
"BHR","Bahrein","2007","52731.79217","8.13300"
"BHR","Bahrein","2008","52765.38995","8.09900"
"BHR","Bahrein","2009","50665.75075","8.06400"
"BHR","Bahrein","2010","50704.84797","8.03000"
"BHR","Bahrein","2011","53132.32842","8.24500"
"BHR","Bahrein","2012","54516.84066","8.46000"
"BHR","Bahrein","2013","55376.40051","8.67500"
"BHR","Bahrein","2014","55065.81895","8.89000"
"BHR","Bahrein","2015","54149.91315","9.10500"
"BHR","Bahrein","2016","54107.07522","9.32000"
"BHR","Bahrein","2017","53859.77496","9.59000"
"BHR","Bahrein","2018","54893.07244","10.50000"
"BHR","Bahrein","2019","56749.96284","10.75000"
"BHR","Bahrein","2020","53814.24526","11.00000"
"BHR","Bahrein","2021","54954.67579","11.07500"
"BHR","Bahrein","2022","57572.99798","11.15000"
"BHR","Bahrein","2023","57819.90518","11.13000"
"BGD","Bangladesh","1990","2069.78230","3.29700"
"BGD","Bangladesh","1991","2101.38366","3.40200"
"BGD","Bangladesh","1992","2174.38233","3.50600"
"BGD","Bangladesh","1993","2234.81012","3.61100"
"BGD","Bangladesh","1994","2279.09435","3.71500"
"BGD","Bangladesh","1995","2351.70388","3.82000"
"BGD","Bangladesh","1996","2413.54298","3.91200"
"BGD","Bangladesh","1997","2475.59575","4.00500"
"BGD","Bangladesh","1998","2555.06119","4.09800"
"BGD","Bangladesh","1999","2624.06554","4.19100"
"BGD","Bangladesh","2000","2712.93512","4.28400"
"BGD","Bangladesh","2001","2803.55472","4.40000"
"BGD","Bangladesh","2002","2866.43454","4.48000"
"BGD","Bangladesh","2003","2958.91503","4.56000"
"BGD","Bangladesh","2004","3071.83779","4.64000"
"BGD","Bangladesh","2005","3231.61371","4.72000"
"BGD","Bangladesh","2006","3407.42735","4.80000"
"BGD","Bangladesh","2007","3608.91544","4.88000"
"BGD","Bangladesh","2008","3787.93828","4.96000"
"BGD","Bangladesh","2009","3942.13631","5.04000"
"BGD","Bangladesh","2010","4125.46390","5.12000"
"BGD","Bangladesh","2011","4352.42643","5.20000"
"BGD","Bangladesh","2012","4592.04841","5.30000"
"BGD","Bangladesh","2013","4822.72621","5.06000"
"BGD","Bangladesh","2014","5068.63966","5.19000"
"BGD","Bangladesh","2015","5352.71133","5.99000"
"BGD","Bangladesh","2016","5682.53553","6.11000"
"BGD","Bangladesh","2017","6005.70719","6.27000"
"BGD","Bangladesh","2018","6392.59334","6.39000"
"BGD","Bangladesh","2019","6838.32612","6.55000"
"BGD","Bangladesh","2020","7015.19793","7.10000"
"BGD","Bangladesh","2021","7441.06914","6.79000"
"BGD","Bangladesh","2022","7888.16389","6.79000"
"BGD","Bangladesh","2023","8242.39799","6.79000"
"BRB","Barbados","1990","19195.88712","8.36900"
"BRB","Barbados","1991","18391.00740","8.49900"
"BRB","Barbados","1992","17284.51966","8.63000"
"BRB","Barbados","1993","17370.87349","8.76000"
"BRB","Barbados","1994","17679.99855","8.89100"
"BRB","Barbados","1995","18007.23377","9.02100"
"BRB","Barbados","1996","18705.79763","9.01500"
"BRB","Barbados","1997","19584.40760","9.00900"
"BRB","Barbados","1998","20311.19928","9.00200"
"BRB","Barbados","1999","20372.88393","8.99600"
"BRB","Barbados","2000","21315.76843","8.99000"
"BRB","Barbados","2001","20782.84325","9.09600"
"BRB","Barbados","2002","20809.85672","9.20100"
"BRB","Barbados","2003","21132.32820","9.30700"
"BRB","Barbados","2004","21308.60526","9.41300"
"BRB","Barbados","2005","22035.38596","9.51800"
"BRB","Barbados","2006","23260.86454","9.54500"
"BRB","Barbados","2007","23631.94339","9.57200"
"BRB","Barbados","2008","23657.29007","9.59900"
"BRB","Barbados","2009","22354.84048","9.62600"
"BRB","Barbados","2010","20464.79397","9.65300"
"BRB","Barbados","2011","20383.25309","9.66100"
"BRB","Barbados","2012","19743.57827","9.66900"
"BRB","Barbados","2013","19730.34697","9.67800"
"BRB","Barbados","2014","19840.83062","9.68600"
"BRB","Barbados","2015","19642.23225","9.69400"
"BRB","Barbados","2016","19877.11201","9.73400"
"BRB","Barbados","2017","19966.32024","9.77300"
"BRB","Barbados","2018","19877.67596","9.81200"
"BRB","Barbados","2019","19890.45571","9.85200"
"BRB","Barbados","2020","16399.70201","9.89100"
"BRB","Barbados","2021","17686.74694","9.92800"
"BRB","Barbados","2022","20494.53438","9.92800"
"BRB","Barbados","2023","20865.01554","9.92800"
"BLR","Belarús","1995","8061.19604","9.96000"
"BLR","Belarús","1996","8314.85657","10.04400"
"BLR","Belarús","1997","9301.32718","10.12700"
"BLR","Belarús","1998","10128.15605","10.21200"
"BLR","Belarús","1999","10519.74891","10.29700"
"BLR","Belarús","2000","11182.45483","10.38300"
"BLR","Belarús","2001","11771.08720","10.47000"
"BLR","Belarús","2002","12443.93226","10.55700"
"BLR","Belarús","2003","13413.92655","10.64500"
"BLR","Belarús","2004","15052.11822","10.73400"
"BLR","Belarús","2005","16579.87317","10.82400"
"BLR","Belarús","2006","18349.87191","10.91400"
"BLR","Belarús","2007","20019.61117","11.00500"
"BLR","Belarús","2008","22137.94729","11.09700"
"BLR","Belarús","2009","22236.83877","11.19000"
"BLR","Belarús","2010","24012.61330","11.28500"
"BLR","Belarús","2011","25404.75661","11.38000"
"BLR","Belarús","2012","25879.13194","11.47500"
"BLR","Belarús","2013","26147.62536","11.57000"
"BLR","Belarús","2014","26564.43472","11.66500"
"BLR","Belarús","2015","25513.21330","11.76000"
"BLR","Belarús","2016","24846.83015","11.85500"
"BLR","Belarús","2017","25503.98098","11.95000"
"BLR","Belarús","2018","26363.46298","12.04500"
"BLR","Belarús","2019","26798.82064","12.14000"
"BLR","Belarús","2020","26731.49539","12.23700"
"BLR","Belarús","2021","27611.18011","12.33500"
"BLR","Belarús","2022","26537.50831","12.33500"
"BLR","Belarús","2023","27782.43801","12.33500"
"BLZ","Belice","1990","8251.61763","5.45300"
"BLZ","Belice","1991","9028.07344","5.62000"
"BLZ","Belice","1992","9967.77779","5.79200"
"BLZ","Belice","1993","10366.85906","5.96400"
"BLZ","Belice","1994","10146.39968","6.13600"
"BLZ","Belice","1995","9967.84688","6.30900"
"BLZ","Belice","1996","9782.64416","6.48100"
"BLZ","Belice","1997","9862.26635","6.65300"
"BLZ","Belice","1998","9894.59920","6.82500"
"BLZ","Belice","1999","10460.63461","6.99700"
"BLZ","Belice","2000","11363.68688","7.16900"
"BLZ","Belice","2001","11567.02657","7.34100"
"BLZ","Belice","2002","11828.18657","7.51400"
"BLZ","Belice","2003","12589.26794","7.68600"
"BLZ","Belice","2004","12807.16588","7.85800"
"BLZ","Belice","2005","12714.96974","8.03000"
"BLZ","Belice","2006","12912.53002","8.52200"
"BLZ","Belice","2007","12973.20672","9.01400"
"BLZ","Belice","2008","12415.68113","9.50600"
"BLZ","Belice","2009","12033.90968","9.99800"
"BLZ","Belice","2010","11913.66360","10.49000"
"BLZ","Belice","2011","11641.77174","10.17700"
"BLZ","Belice","2012","11843.41534","9.86300"
"BLZ","Belice","2013","12064.79726","9.55000"
"BLZ","Belice","2014","12272.29579","9.23700"
"BLZ","Belice","2015","12348.79450","8.92300"
"BLZ","Belice","2016","12063.06004","8.90900"
"BLZ","Belice","2017","11572.30079","8.89400"
"BLZ","Belice","2018","11451.89794","8.87900"
"BLZ","Belice","2019","11765.97487","8.86500"
"BLZ","Belice","2020","10045.14042","8.85000"
"BLZ","Belice","2021","11716.32678","8.76200"
"BLZ","Belice","2022","12565.36458","8.76200"
"BLZ","Belice","2023","12371.00865","8.76200"
"BEN","Benin","1990","2207.06796","1.45300"
"BEN","Benin","1991","2230.46055","1.52900"
"BEN","Benin","1992","2226.56666","1.61000"
"BEN","Benin","1993","2254.24565","1.69500"
"BEN","Benin","1994","2215.36617","1.78000"
"BEN","Benin","1995","2300.14122","1.86500"
"BEN","Benin","1996","2337.63031","1.95000"
"BEN","Benin","1997","2399.78593","2.03500"
"BEN","Benin","1998","2419.10014","2.12000"
"BEN","Benin","1999","2470.68504","2.20500"
"BEN","Benin","2000","2536.16886","2.29000"
"BEN","Benin","2001","2591.06485","2.37500"
"BEN","Benin","2002","2630.18061","2.46000"
"BEN","Benin","2003","2639.04370","2.47300"
"BEN","Benin","2004","2672.84404","2.48500"
"BEN","Benin","2005","2632.47251","2.49800"
"BEN","Benin","2006","2652.21842","2.51100"
"BEN","Benin","2007","2729.13741","2.52300"
"BEN","Benin","2008","2777.61974","2.53600"
"BEN","Benin","2009","2758.07243","2.54900"
"BEN","Benin","2010","2733.57400","2.56100"
"BEN","Benin","2011","2732.01250","2.57400"
"BEN","Benin","2012","2779.72648","2.58700"
"BEN","Benin","2013","2893.04670","2.60000"
"BEN","Benin","2014","2987.38236","2.61200"
"BEN","Benin","2015","2952.00218","2.62500"
"BEN","Benin","2016","2962.66382","2.63800"
"BEN","Benin","2017","3041.77930","2.65000"
"BEN","Benin","2018","3155.45107","2.84200"
"BEN","Benin","2019","3281.10470","3.03400"
"BEN","Benin","2020","3317.85972","3.11400"
"BEN","Benin","2021","3464.28863","3.19400"
"BEN","Benin","2022","3588.32520","3.19400"
"BEN","Benin","2023","3721.21255","3.19400"
"BTN","Bhután","2010","9985.28455","2.36000"
"BTN","Bhután","2011","10714.68657","2.28900"
"BTN","Bhután","2012","11143.94454","2.22000"
"BTN","Bhután","2013","11212.47943","2.58800"
"BTN","Bhután","2014","11744.51891","2.95600"
"BTN","Bhután","2015","12400.29832","3.32400"
"BTN","Bhután","2016","13320.97590","3.69200"
"BTN","Bhután","2017","13482.34253","4.06000"
"BTN","Bhután","2018","13854.85440","4.58100"
"BTN","Bhután","2019","14555.18840","5.17000"
"BTN","Bhután","2020","12979.93695","5.83600"
"BTN","Bhután","2021","13458.81267","5.83600"
"BTN","Bhután","2022","14061.31203","5.83600"
"BTN","Bhután","2023","14610.29591","5.83600"
"BOL","Bolivia","1990","6247.10447","5.99400"
"BOL","Bolivia","1991","6440.48571","6.10100"
"BOL","Bolivia","1992","6414.32867","6.21000"
"BOL","Bolivia","1993","6556.81641","6.32100"
"BOL","Bolivia","1994","6731.28488","6.43200"
"BOL","Bolivia","1995","6914.34190","6.54300"
"BOL","Bolivia","1996","7083.61313","6.65400"
"BOL","Bolivia","1997","7301.50936","6.76600"
"BOL","Bolivia","1998","7534.51656","6.87700"
"BOL","Bolivia","1999","7435.72544","6.98800"
"BOL","Bolivia","2000","7492.43382","7.09900"
"BOL","Bolivia","2001","7491.15258","7.21000"
"BOL","Bolivia","2002","7550.01555","7.14800"
"BOL","Bolivia","2003","7625.90516","7.08600"
"BOL","Bolivia","2004","7811.59684","7.02400"
"BOL","Bolivia","2005","8020.63569","6.96200"
"BOL","Bolivia","2006","8263.31897","6.90000"
"BOL","Bolivia","2007","8493.94848","7.05000"
"BOL","Bolivia","2008","8865.27247","7.20000"
"BOL","Bolivia","2009","9011.55630","7.48000"
"BOL","Bolivia","2010","9230.39808","7.71000"
"BOL","Bolivia","2011","9554.44503","7.94000"
"BOL","Bolivia","2012","9884.46164","8.17000"
"BOL","Bolivia","2013","10391.38338","8.42300"
"BOL","Bolivia","2014","10790.84729","8.67700"
"BOL","Bolivia","2015","11144.64157","8.93000"
"BOL","Bolivia","2016","11448.02180","9.16300"
"BOL","Bolivia","2017","11755.25562","9.39500"
"BOL","Bolivia","2018","11920.31351","9.62700"
"BOL","Bolivia","2019","11930.91591","9.86000"
"BOL","Bolivia","2020","10285.65908","9.83000"
"BOL","Bolivia","2021","11202.44098","10.02100"
"BOL","Bolivia","2022","11487.71488","10.02100"
"BOL","Bolivia","2023","11616.15756","10.02100"
"BIH","Bosnia y Herzegovina","2000","7830.50186","6.61300"
"BIH","Bosnia y Herzegovina","2001","7982.51885","6.62600"
"BIH","Bosnia y Herzegovina","2002","8366.69156","6.63900"
"BIH","Bosnia y Herzegovina","2003","8709.95672","6.65200"
"BIH","Bosnia y Herzegovina","2004","9344.83016","6.66500"
"BIH","Bosnia y Herzegovina","2005","9814.46964","6.67900"
"BIH","Bosnia y Herzegovina","2006","10430.41200","6.69200"
"BIH","Bosnia y Herzegovina","2007","11178.68148","6.79600"
"BIH","Bosnia y Herzegovina","2008","11983.71996","6.90100"
"BIH","Bosnia y Herzegovina","2009","11826.65014","7.00500"
"BIH","Bosnia y Herzegovina","2010","12142.86170","7.11000"
"BIH","Bosnia y Herzegovina","2011","12487.64906","7.24000"
"BIH","Bosnia y Herzegovina","2012","12626.92632","7.89000"
"BIH","Bosnia y Herzegovina","2013","13135.71751","8.54000"
"BIH","Bosnia y Herzegovina","2014","13458.85258","9.19000"
"BIH","Bosnia y Herzegovina","2015","14220.09000","9.29000"
"BIH","Bosnia y Herzegovina","2016","14873.64111","9.69000"
"BIH","Bosnia y Herzegovina","2017","15554.65874","9.75000"
"BIH","Bosnia y Herzegovina","2018","16348.99971","9.81000"
"BIH","Bosnia y Herzegovina","2019","17029.29720","10.17500"
"BIH","Bosnia y Herzegovina","2020","16747.03539","10.54000"
"BIH","Bosnia y Herzegovina","2021","18286.66150","10.75500"
"BIH","Bosnia y Herzegovina","2022","19298.11708","10.97000"
"BIH","Bosnia y Herzegovina","2023","19804.91815","10.97000"
"BWA","Botswana","1990","10520.91840","5.52000"
"BWA","Botswana","1991","11001.80136","5.75800"
"BWA","Botswana","1992","11008.68102","5.99600"
"BWA","Botswana","1993","10902.95128","6.23400"
"BWA","Botswana","1994","10989.67006","6.47200"
"BWA","Botswana","1995","11457.69944","6.71000"
"BWA","Botswana","1996","11832.93878","6.89000"
"BWA","Botswana","1997","12526.35224","7.07000"
"BWA","Botswana","1998","12306.25048","7.25000"
"BWA","Botswana","1999","13207.44735","7.43000"
"BWA","Botswana","2000","13185.81715","7.61000"
"BWA","Botswana","2001","12949.64031","7.74400"
"BWA","Botswana","2002","13479.69607","7.87800"
"BWA","Botswana","2003","13857.25883","8.01200"
"BWA","Botswana","2004","13984.84151","8.14600"
"BWA","Botswana","2005","14361.95763","8.28000"
"BWA","Botswana","2006","15275.58288","8.39800"
"BWA","Botswana","2007","15850.23435","8.51600"
"BWA","Botswana","2008","16040.31532","8.63400"
"BWA","Botswana","2009","13489.95092","8.75200"
"BWA","Botswana","2010","14545.01981","8.87000"
"BWA","Botswana","2011","15236.71888","9.10000"
"BWA","Botswana","2012","14957.61891","9.33000"
"BWA","Botswana","2013","16369.42530","9.56000"
"BWA","Botswana","2014","17052.19241","9.79000"
"BWA","Botswana","2015","15994.96430","10.02000"
"BWA","Botswana","2016","16905.58874","10.10000"
"BWA","Botswana","2017","17352.89585","10.18000"
"BWA","Botswana","2018","17825.01857","10.26000"
"BWA","Botswana","2019","18106.01055","10.34000"
"BWA","Botswana","2020","16289.39136","10.42000"
"BWA","Botswana","2021","17960.62544","10.47800"
"BWA","Botswana","2022","18647.37346","10.47800"
"BWA","Botswana","2023","18932.48027","10.47800"
"BRA","Brasil","1990","12633.28846","3.68500"
"BRA","Brasil","1991","12546.56050","3.83100"
"BRA","Brasil","1992","12271.97885","3.97700"
"BRA","Brasil","1993","12669.42872","4.12300"
"BRA","Brasil","1994","13202.93080","4.26900"
"BRA","Brasil","1995","13550.43937","4.41500"
"BRA","Brasil","1996","13641.62960","4.58600"
"BRA","Brasil","1997","13896.62499","4.75800"
"BRA","Brasil","1998","13737.70264","4.92900"
"BRA","Brasil","1999","13602.41371","5.10100"
"BRA","Brasil","2000","14005.34719","5.27200"
"BRA","Brasil","2001","14016.13138","5.44900"
"BRA","Brasil","2002","14265.90488","5.62600"
"BRA","Brasil","2003","14259.36641","5.80300"
"BRA","Brasil","2004","14911.26096","5.98000"
"BRA","Brasil","2005","15221.01383","6.15000"
"BRA","Brasil","2006","15657.47957","6.32000"
"BRA","Brasil","2007","16440.58374","6.50000"
"BRA","Brasil","2008","17113.36798","6.67000"
"BRA","Brasil","2009","16939.44078","6.77000"
"BRA","Brasil","2010","18062.15811","6.88000"
"BRA","Brasil","2011","18627.81045","7.01000"
"BRA","Brasil","2012","18832.21955","7.22000"
"BRA","Brasil","2013","19241.50598","7.29000"
"BRA","Brasil","2014","19183.17274","7.38000"
"BRA","Brasil","2015","18357.06906","7.51000"
"BRA","Brasil","2016","17620.92724","7.73000"
"BRA","Brasil","2017","17724.47996","7.85000"
"BRA","Brasil","2018","17917.74921","7.98000"
"BRA","Brasil","2019","18018.62092","8.12600"
"BRA","Brasil","2020","17327.51572","8.27400"
"BRA","Brasil","2021","18075.70600","8.42500"
"BRA","Brasil","2022","18554.04618","8.42500"
"BRA","Brasil","2023","19079.81221","8.42500"
"BRN","Brunei","1990","118163.68337","7.51000"
"BRN","Brunei","1991","118220.68360","7.62000"
"BRN","Brunei","1992","111457.22088","7.73000"
"BRN","Brunei","1993","107899.13634","7.84000"
"BRN","Brunei","1994","106239.23269","7.95000"
"BRN","Brunei","1995","105043.85310","8.06000"
"BRN","Brunei","1996","102522.12542","8.10600"
"BRN","Brunei","1997","106503.42027","8.15200"
"BRN","Brunei","1998","97171.63726","8.19800"
"BRN","Brunei","1999","99083.32053","8.24400"
"BRN","Brunei","2000","100323.43992","8.29000"
"BRN","Brunei","2001","99680.76268","8.32800"
"BRN","Brunei","2002","101571.58378","8.36600"
"BRN","Brunei","2003","103226.91445","8.40400"
"BRN","Brunei","2004","101497.75480","8.44200"
"BRN","Brunei","2005","99795.68509","8.48000"
"BRN","Brunei","2006","102248.51030","8.53800"
"BRN","Brunei","2007","96752.62041","8.59600"
"BRN","Brunei","2008","91275.50009","8.65400"
"BRN","Brunei","2009","87875.82835","8.71200"
"BRN","Brunei","2010","88586.51337","8.77000"
"BRN","Brunei","2011","90279.66340","8.82000"
"BRN","Brunei","2012","89718.46360","8.87000"
"BRN","Brunei","2013","86606.65189","8.92000"
"BRN","Brunei","2014","83310.61518","8.97000"
"BRN","Brunei","2015","81910.18830","9.02000"
"BRN","Brunei","2016","78880.62285","9.06000"
"BRN","Brunei","2017","78966.86431","9.10000"
"BRN","Brunei","2018","78099.05078","9.14000"
"BRN","Brunei","2019","80228.15982","9.18000"
"BRN","Brunei","2020","80280.89806","9.22000"
"BRN","Brunei","2021","78248.79713","9.28200"
"BRN","Brunei","2022","76357.82911","9.28200"
"BRN","Brunei","2023","76616.70149","9.28200"
"BGR","Bulgaria","1990","14954.13466","6.81100"
"BGR","Bulgaria","1991","13827.47979","7.08500"
"BGR","Bulgaria","1992","12960.32213","7.37000"
"BGR","Bulgaria","1993","12870.73865","7.66700"
"BGR","Bulgaria","1994","13149.30769","7.96300"
"BGR","Bulgaria","1995","13591.34311","8.26000"
"BGR","Bulgaria","1996","14372.77151","8.55700"
"BGR","Bulgaria","1997","12419.37977","8.85300"
"BGR","Bulgaria","1998","12976.26700","9.15000"
"BGR","Bulgaria","1999","11953.59836","9.44700"
"BGR","Bulgaria","2000","12563.83623","9.74300"
"BGR","Bulgaria","2001","13306.50446","10.04000"
"BGR","Bulgaria","2002","14397.00132","10.11600"
"BGR","Bulgaria","2003","15271.48395","10.19200"
"BGR","Bulgaria","2004","16388.96001","10.26800"
"BGR","Bulgaria","2005","17678.03397","10.34400"
"BGR","Bulgaria","2006","19024.54381","10.42000"
"BGR","Bulgaria","2007","20440.25259","10.54000"
"BGR","Bulgaria","2008","21845.95472","10.59000"
"BGR","Bulgaria","2009","21251.21686","10.64000"
"BGR","Bulgaria","2010","21724.28635","10.72000"
"BGR","Bulgaria","2011","22321.03317","10.78000"
"BGR","Bulgaria","2012","22618.81043","10.90000"
"BGR","Bulgaria","2013","22954.39640","11.01000"
"BGR","Bulgaria","2014","23455.48300","11.05000"
"BGR","Bulgaria","2015","24562.64888","11.19000"
"BGR","Bulgaria","2016","25636.74439","11.23000"
"BGR","Bulgaria","2017","26691.75800","11.24000"
"BGR","Bulgaria","2018","27690.89366","11.29700"
"BGR","Bulgaria","2019","29149.92151","11.35300"
"BGR","Bulgaria","2020","28521.20625","11.41000"
"BGR","Bulgaria","2021","30958.98302","11.45500"
"BGR","Bulgaria","2022","32433.65876","11.45500"
"BGR","Bulgaria","2023","33073.68031","11.45500"
"BFA","Burkina Faso","2005","1664.99543","1.34400"
"BFA","Burkina Faso","2006","1714.76035","1.32000"
"BFA","Burkina Faso","2007","1731.93046","0.98000"
"BFA","Burkina Faso","2008","1779.32711","1.02400"
"BFA","Burkina Faso","2009","1779.32306","1.06900"
"BFA","Burkina Faso","2010","1873.97146","1.11300"
"BFA","Burkina Faso","2011","1939.86660","1.15700"
"BFA","Burkina Faso","2012","2003.66461","1.20100"
"BFA","Burkina Faso","2013","2057.06393","1.24600"
"BFA","Burkina Faso","2014","2083.19845","1.29000"
"BFA","Burkina Faso","2015","2101.70266","1.44700"
"BFA","Burkina Faso","2016","2162.72579","1.60500"
"BFA","Burkina Faso","2017","2232.28781","1.76200"
"BFA","Burkina Faso","2018","2316.39432","1.92000"
"BFA","Burkina Faso","2019","2391.53627","2.10000"
"BFA","Burkina Faso","2020","2380.93172","2.18300"
"BFA","Burkina Faso","2021","2486.43093","2.26700"
"BFA","Burkina Faso","2022","2469.19957","2.26700"
"BFA","Burkina Faso","2023","2486.20670","2.26700"
"BDI","Burundi","1990","1455.82623","1.46000"
"BDI","Burundi","1991","1497.26901","1.51400"
"BDI","Burundi","1992","1472.49317","1.56800"
"BDI","Burundi","1993","1424.76601","1.62200"
"BDI","Burundi","1994","1361.32213","1.67600"
"BDI","Burundi","1995","1180.67489","1.72900"
"BDI","Burundi","1996","1085.47116","1.78300"
"BDI","Burundi","1997","1068.29383","1.83700"
"BDI","Burundi","1998","1097.86452","1.89100"
"BDI","Burundi","1999","1061.04411","1.94500"
"BDI","Burundi","2000","1030.32235","1.99900"
"BDI","Burundi","2001","1025.48375","2.05300"
"BDI","Burundi","2002","1041.29719","2.10700"
"BDI","Burundi","2003","996.56943","2.16100"
"BDI","Burundi","2004","1006.51242","2.21400"
"BDI","Burundi","2005","978.54196","2.26800"
"BDI","Burundi","2006","995.02781","2.32200"
"BDI","Burundi","2007","991.93141","2.37600"
"BDI","Burundi","2008","998.56506","2.43000"
"BDI","Burundi","2009","985.18477","2.36300"
"BDI","Burundi","2010","988.01868","2.29700"
"BDI","Burundi","2011","991.65988","2.23000"
"BDI","Burundi","2012","999.22007","2.16300"
"BDI","Burundi","2013","1011.43131","2.09700"
"BDI","Burundi","2014","1019.17607","2.03000"
"BDI","Burundi","2015","992.28581","2.28700"
"BDI","Burundi","2016","1006.55907","2.54300"
"BDI","Burundi","2017","1020.84983","2.80000"
"BDI","Burundi","2018","1043.40558","2.95500"
"BDI","Burundi","2019","1054.72593","3.11900"
"BDI","Burundi","2020","1027.62896","3.29200"
"BDI","Burundi","2021","1032.38274","3.47400"
"BDI","Burundi","2022","1028.11135","3.47400"
"BDI","Burundi","2023","1033.00937","3.47400"
"BEL","Bélgica","1990","41640.05836","9.40500"
"BEL","Bélgica","1991","42246.07605","9.54500"
"BEL","Bélgica","1992","42719.04861","9.68600"
"BEL","Bélgica","1993","42143.19606","9.82600"
"BEL","Bélgica","1994","43369.27594","9.96700"
"BEL","Bélgica","1995","44310.62787","10.10700"
"BEL","Bélgica","1996","44808.52436","10.19400"
"BEL","Bélgica","1997","46396.00213","10.28100"
"BEL","Bélgica","1998","47205.30985","10.36800"
"BEL","Bélgica","1999","48765.76686","10.45500"
"BEL","Bélgica","2000","50455.73389","10.54200"
"BEL","Bélgica","2001","50835.39699","10.63900"
"BEL","Bélgica","2002","51471.85326","10.73600"
"BEL","Bélgica","2003","51788.84396","10.83300"
"BEL","Bélgica","2004","53406.69186","10.93000"
"BEL","Bélgica","2005","54346.89342","11.02700"
"BEL","Bélgica","2006","55367.62275","11.05000"
"BEL","Bélgica","2007","56983.46122","11.11500"
"BEL","Bélgica","2008","56787.73663","11.18000"
"BEL","Bélgica","2009","55258.70710","11.32000"
"BEL","Bélgica","2010","56240.20309","11.42000"
"BEL","Bélgica","2011","56585.30250","11.47000"
"BEL","Bélgica","2012","56356.82513","11.50000"
"BEL","Bélgica","2013","56263.17527","11.54000"
"BEL","Bélgica","2014","57002.90922","11.64000"
"BEL","Bélgica","2015","57509.02457","11.89000"
"BEL","Bélgica","2016","57901.49769","11.99000"
"BEL","Bélgica","2017","58529.33030","12.24000"
"BEL","Bélgica","2018","59357.68969","12.31000"
"BEL","Bélgica","2019","60479.97700","12.38000"
"BEL","Bélgica","2020","57333.54241","12.53400"
"BEL","Bélgica","2021","60669.21377","12.69000"
"BEL","Bélgica","2022","62602.92705","12.69000"
"BEL","Bélgica","2023","63042.00999","12.69000"
"CPV","Cabo Verde","2000","4510.13574","5.31400"
"CPV","Cabo Verde","2001","4540.90732","5.34900"
"CPV","Cabo Verde","2002","4710.24105","5.38400"
"CPV","Cabo Verde","2003","4841.26540","5.41900"
"CPV","Cabo Verde","2004","5268.30312","5.45500"
"CPV","Cabo Verde","2005","5565.76951","5.49000"
"CPV","Cabo Verde","2006","5941.38218","5.52600"
"CPV","Cabo Verde","2007","6767.40677","5.56200"
"CPV","Cabo Verde","2008","7169.13944","5.59900"
"CPV","Cabo Verde","2009","6994.57410","5.63500"
"CPV","Cabo Verde","2010","7072.12150","5.67200"
"CPV","Cabo Verde","2011","7325.78442","5.70900"
"CPV","Cabo Verde","2012","7397.82221","5.74600"
"CPV","Cabo Verde","2013","7440.66243","5.78400"
"CPV","Cabo Verde","2014","7491.02198","5.82100"
"CPV","Cabo Verde","2015","7560.13649","5.86000"
"CPV","Cabo Verde","2016","7881.30336","5.89700"
"CPV","Cabo Verde","2017","8234.56000","5.93400"
"CPV","Cabo Verde","2018","8531.12962","5.98600"
"CPV","Cabo Verde","2019","9111.62993","6.03800"
"CPV","Cabo Verde","2020","7207.86854","6.09000"
"CPV","Cabo Verde","2021","7685.41921","6.09000"
"CPV","Cabo Verde","2022","8850.10669","6.09000"
"CPV","Cabo Verde","2023","9228.46045","6.09000"
"KHM","Camboya","1990","2646.09799","2.81800"
"KHM","Camboya","1991","2731.37974","2.87200"
"KHM","Camboya","1992","2769.48826","2.92700"
"KHM","Camboya","1993","2714.59150","2.98100"
"KHM","Camboya","1994","1650.39100","3.03500"
"KHM","Camboya","1995","1672.73929","3.09000"
"KHM","Camboya","1996","1643.01579","3.14700"
"KHM","Camboya","1997","1595.17131","3.20300"
"KHM","Camboya","1998","1602.38371","3.26000"
"KHM","Camboya","1999","1775.41240","3.31600"
"KHM","Camboya","2000","1922.03179","3.37300"
"KHM","Camboya","2001","2032.08092","3.43600"
"KHM","Camboya","2002","2126.34150","3.49800"
"KHM","Camboya","2003","2309.83931","3.56100"
"KHM","Camboya","2004","2491.30930","3.62400"
"KHM","Camboya","2005","2781.89029","3.68700"
"KHM","Camboya","2006","3041.10471","3.80800"
"KHM","Camboya","2007","3308.15747","3.93000"
"KHM","Camboya","2008","3501.92570","4.03000"
"KHM","Camboya","2009","3587.60890","3.94000"
"KHM","Camboya","2010","3711.53751","3.87200"
"KHM","Camboya","2011","3921.97912","3.80400"
"KHM","Camboya","2012","4159.16354","3.73600"
"KHM","Camboya","2013","4419.39887","3.66800"
"KHM","Camboya","2014","4702.73062","3.60000"
"KHM","Camboya","2015","4968.57277","3.67000"
"KHM","Camboya","2016","5283.72965","3.95200"
"KHM","Camboya","2017","5632.03126","4.23400"
"KHM","Camboya","2018","6050.59088","4.51600"
"KHM","Camboya","2019","6448.88456","4.79800"
"KHM","Camboya","2020","6128.78244","4.99800"
"KHM","Camboya","2021","6225.53265","5.19700"
"KHM","Camboya","2022","6458.36815","5.19700"
"KHM","Camboya","2023","6695.29195","5.19700"
"CMR","Camerún","1990","4517.61888","2.13700"
"CMR","Camerún","1991","4220.65297","2.22100"
"CMR","Camerún","1992","3974.27760","2.30500"
"CMR","Camerún","1993","3556.31854","2.38900"
"CMR","Camerún","1994","3522.74885","2.47200"
"CMR","Camerún","1995","3526.54368","2.55600"
"CMR","Camerún","1996","3577.59204","2.64100"
"CMR","Camerún","1997","3641.70750","2.72600"
"CMR","Camerún","1998","3714.13213","2.81100"
"CMR","Camerún","1999","3780.06217","2.89600"
"CMR","Camerún","2000","3822.94425","2.98100"
"CMR","Camerún","2001","3884.87305","3.05900"
"CMR","Camerún","2002","3951.41936","3.13600"
"CMR","Camerún","2003","4054.78133","3.21400"
"CMR","Camerún","2004","4222.96639","3.29200"
"CMR","Camerún","2005","4199.72271","3.36900"
"CMR","Camerún","2006","4241.51745","3.43000"
"CMR","Camerún","2007","4302.61926","3.49000"
"CMR","Camerún","2008","4300.26640","4.06000"
"CMR","Camerún","2009","4286.57718","4.63000"
"CMR","Camerún","2010","4286.58303","5.20000"
"CMR","Camerún","2011","4307.85196","5.35200"
"CMR","Camerún","2012","4382.11121","5.50500"
"CMR","Camerún","2013","4473.57232","5.65700"
"CMR","Camerún","2014","4588.48649","5.81000"
"CMR","Camerún","2015","4698.66678","5.96200"
"CMR","Camerún","2016","4767.13186","6.11500"
"CMR","Camerún","2017","4797.97544","6.26700"
"CMR","Camerún","2018","4851.48004","6.42000"
"CMR","Camerún","2019","4882.35560","6.47900"
"CMR","Camerún","2020","4763.48194","6.53700"
"CMR","Camerún","2021","4793.55628","6.57400"
"CMR","Camerún","2022","4843.65038","6.57400"
"CMR","Camerún","2023","4875.25121","6.57400"
"CAN","Canadá","1990","40475.09644","10.74900"
"CAN","Canadá","1991","39139.29683","10.92000"
"CAN","Canadá","1992","39023.16681","11.09400"
"CAN","Canadá","1993","39622.46341","11.26800"
"CAN","Canadá","1994","40952.11977","11.44200"
"CAN","Canadá","1995","41617.70692","11.61600"
"CAN","Canadá","1996","41880.53559","11.79000"
"CAN","Canadá","1997","43241.22365","11.96400"
"CAN","Canadá","1998","44553.26517","12.13800"
"CAN","Canadá","1999","46464.52745","12.31200"
"CAN","Canadá","2000","48399.28644","12.48600"
"CAN","Canadá","2001","48774.14832","12.66000"
"CAN","Canadá","2002","49694.98709","12.79200"
"CAN","Canadá","2003","50139.76646","12.92400"
"CAN","Canadá","2004","51210.65940","13.05600"
"CAN","Canadá","2005","52356.53715","13.18800"
"CAN","Canadá","2006","53195.76086","13.32000"
"CAN","Canadá","2007","53761.84080","13.36800"
"CAN","Canadá","2008","53711.65803","13.41600"
"CAN","Canadá","2009","51552.40203","13.46400"
"CAN","Canadá","2010","52558.42006","13.51200"
"CAN","Canadá","2011","53681.10848","13.56000"
"CAN","Canadá","2012","54034.78217","13.59400"
"CAN","Canadá","2013","54712.15686","13.62800"
"CAN","Canadá","2014","55723.46157","13.66200"
"CAN","Canadá","2015","55660.84558","13.69600"
"CAN","Canadá","2016","55606.13299","13.73000"
"CAN","Canadá","2017","56612.30622","13.75800"
"CAN","Canadá","2018","57337.46829","13.78600"
"CAN","Canadá","2019","57583.82307","13.81400"
"CAN","Canadá","2020","54092.85769","13.84200"
"CAN","Canadá","2021","56995.09520","13.87000"
"CAN","Canadá","2022","58583.12999","13.87000"
"CAN","Canadá","2023","58088.37781","13.87000"
"TCD","Chad","2000","1506.71577","1.28000"
"TCD","Chad","2001","1626.56683","1.33000"
"TCD","Chad","2002","1704.27295","1.38000"
"TCD","Chad","2003","1878.58579","1.43000"
"TCD","Chad","2004","2400.97005","1.48000"
"TCD","Chad","2005","2705.81651","1.53600"
"TCD","Chad","2006","2596.03235","1.59200"
"TCD","Chad","2007","2613.47387","1.64800"
"TCD","Chad","2008","2601.36126","1.70400"
"TCD","Chad","2009","2474.70758","1.76000"
"TCD","Chad","2010","2717.40540","1.80700"
"TCD","Chad","2011","2741.07083","1.85500"
"TCD","Chad","2012","2886.27475","1.90200"
"TCD","Chad","2013","2864.11301","1.94900"
"TCD","Chad","2014","2820.67795","1.99600"
"TCD","Chad","2015","2822.57930","2.04400"
"TCD","Chad","2016","2622.59781","2.09100"
"TCD","Chad","2017","2496.26214","2.13800"
"TCD","Chad","2018","2552.37036","2.18500"
"TCD","Chad","2019","2604.53154","2.23300"
"TCD","Chad","2020","2513.02923","2.28300"
"TCD","Chad","2021","2435.07275","2.33500"
"TCD","Chad","2022","2449.48251","2.33500"
"TCD","Chad","2023","2433.53331","2.33500"
"CZE","Chequia","1990","27918.13752","9.10500"
"CZE","Chequia","1991","24734.77021","9.29000"
"CZE","Chequia","1992","24584.32996","9.47900"
"CZE","Chequia","1993","24573.99149","9.66700"
"CZE","Chequia","1994","25279.79180","9.85600"
"CZE","Chequia","1995","26869.01971","10.04500"
"CZE","Chequia","1996","28021.67046","10.23300"
"CZE","Chequia","1997","27884.73976","10.42200"
"CZE","Chequia","1998","27801.43878","10.61100"
"CZE","Chequia","1999","28213.45550","10.79900"
"CZE","Chequia","2000","29427.40700","10.98800"
"CZE","Chequia","2001","30399.87308","11.17700"
"CZE","Chequia","2002","30919.54966","11.36500"
"CZE","Chequia","2003","31949.29631","11.55400"
"CZE","Chequia","2004","33452.34080","11.74300"
"CZE","Chequia","2005","35535.74800","11.93100"
"CZE","Chequia","2006","37786.87817","12.12000"
"CZE","Chequia","2007","39629.00613","12.14000"
"CZE","Chequia","2008","40328.34266","12.19000"
"CZE","Chequia","2009","38175.14228","12.29000"
"CZE","Chequia","2010","39097.38862","12.39000"
"CZE","Chequia","2011","39708.16263","12.47000"
"CZE","Chequia","2012","39347.04930","12.52000"
"CZE","Chequia","2013","39317.55357","12.60000"
"CZE","Chequia","2014","40158.01643","12.64000"
"CZE","Chequia","2015","42066.57598","12.67000"
"CZE","Chequia","2016","43069.46597","12.74000"
"CZE","Chequia","2017","45177.52261","12.79000"
"CZE","Chequia","2018","46301.08204","12.83000"
"CZE","Chequia","2019","47763.61655","12.87000"
"CZE","Chequia","2020","45119.93873","12.91700"
"CZE","Chequia","2021","47796.03374","12.96300"
"CZE","Chequia","2022","48390.66168","12.96300"
"CZE","Chequia","2023","47558.41068","12.96300"
"CHL","Chile","1990","10955.24865","8.38500"
"CHL","Chile","1991","11610.27833","8.46400"
"CHL","Chile","1992","12738.61632","8.54400"
"CHL","Chile","1993","13380.47222","8.62300"
"CHL","Chile","1994","13849.62610","8.70300"
"CHL","Chile","1995","14911.56407","8.78200"
"CHL","Chile","1996","15748.46536","8.85500"
"CHL","Chile","1997","16687.85559","8.92800"
"CHL","Chile","1998","17161.03356","9.00200"
"CHL","Chile","1999","16900.12440","9.07500"
"CHL","Chile","2000","17529.42060","9.14800"
"CHL","Chile","2001","17874.53139","9.28600"
"CHL","Chile","2002","18244.51968","9.42400"
"CHL","Chile","2003","18907.34587","9.56200"
"CHL","Chile","2004","19966.70931","9.70000"
"CHL","Chile","2005","20923.47976","9.73700"
"CHL","Chile","2006","21973.73829","9.77300"
"CHL","Chile","2007","22884.29971","9.81000"
"CHL","Chile","2008","23515.34732","10.11000"
"CHL","Chile","2009","23019.02995","9.98000"
"CHL","Chile","2010","24122.47879","9.85000"
"CHL","Chile","2011","25372.27415","9.54000"
"CHL","Chile","2012","26676.81102","9.77500"
"CHL","Chile","2013","27297.81851","10.01000"
"CHL","Chile","2014","27511.56100","10.13500"
"CHL","Chile","2015","27817.95848","10.26000"
"CHL","Chile","2016","27965.34735","10.42500"
"CHL","Chile","2017","27899.59798","10.59000"
"CHL","Chile","2018","28499.40640","10.76100"
"CHL","Chile","2019","28227.97905","10.93500"
"CHL","Chile","2020","26258.40386","11.11200"
"CHL","Chile","2021","29106.63565","11.29100"
"CHL","Chile","2022","29560.45138","11.29100"
"CHL","Chile","2023","29600.41886","11.29100"
"CHN","China","1990","1666.81412","4.14000"
"CHN","China","1991","1798.38258","4.33800"
"CHN","China","1992","2030.47127","4.53600"
"CHN","China","1993","2286.79564","4.73400"
"CHN","China","1994","2556.90688","4.93200"
"CHN","China","1995","2807.88647","5.13000"
"CHN","China","1996","3055.72828","5.32800"
"CHN","China","1997","3305.83026","5.52600"
"CHN","China","1998","3533.69840","5.72400"
"CHN","China","1999","3774.42758","5.92200"
"CHN","China","2000","4065.86708","6.12000"
"CHN","China","2001","4372.43561","6.21400"
"CHN","China","2002","4744.38182","6.30800"
"CHN","China","2003","5191.78118","6.40200"
"CHN","China","2004","5684.38817","6.49600"
"CHN","China","2005","6298.29930","6.59000"
"CHN","China","2006","7057.11132","6.68400"
"CHN","China","2007","8013.78376","6.77800"
"CHN","China","2008","8743.70200","6.87200"
"CHN","China","2009","9518.68128","6.96600"
"CHN","China","2010","10476.15257","7.06000"
"CHN","China","2011","11404.91798","7.15500"
"CHN","China","2012","12217.93438","7.24900"
"CHN","China","2013","13080.87879","7.34400"
"CHN","China","2014","13968.51878","7.43800"
"CHN","China","2015","14857.10882","7.53300"
"CHN","China","2016","15772.83726","7.62700"
"CHN","China","2017","16758.04640","7.72200"
"CHN","China","2018","17807.04906","7.81700"
"CHN","China","2019","18820.58716","7.88300"
"CHN","China","2020","19215.10125","7.95000"
"CHN","China","2021","20843.29783","8.03600"
"CHN","China","2022","21499.31256","8.03600"
"CHN","China","2023","22687.25195","8.03600"
"CYP","Chipre","1990","27666.53516","8.29400"
"CYP","Chipre","1991","27158.92578","8.45100"
"CYP","Chipre","1992","28931.81445","8.61000"
"CYP","Chipre","1993","28439.21484","8.77200"
"CYP","Chipre","1994","29500.62305","8.93500"
"CYP","Chipre","1995","31393.24609","9.09700"
"CYP","Chipre","1996","31282.60938","9.26000"
"CYP","Chipre","1997","31656.83008","9.42200"
"CYP","Chipre","1998","33181.98828","9.58500"
"CYP","Chipre","1999","34452.72266","9.74800"
"CYP","Chipre","2000","36121.66406","9.91000"
"CYP","Chipre","2001","37146.84375","10.07300"
"CYP","Chipre","2002","38090.77734","10.23500"
"CYP","Chipre","2003","38617.81250","10.39800"
"CYP","Chipre","2004","40019.92578","10.56000"
"CYP","Chipre","2005","41362.09375","10.72000"
"CYP","Chipre","2006","42595.20312","10.97000"
"CYP","Chipre","2007","43823.76172","11.19000"
"CYP","Chipre","2008","44295.62891","11.28000"
"CYP","Chipre","2009","42253.38672","11.26000"
"CYP","Chipre","2010","42102.28125","11.44000"
"CYP","Chipre","2011","41212.68750","11.58000"
"CYP","Chipre","2012","39190.22266","11.81000"
"CYP","Chipre","2013","36650.57031","11.88000"
"CYP","Chipre","2014","36104.90234","11.88000"
"CYP","Chipre","2015","37258.50000","11.87000"
"CYP","Chipre","2016","39500.85156","12.09000"
"CYP","Chipre","2017","41417.98828","12.18500"
"CYP","Chipre","2018","43510.03125","12.28000"
"CYP","Chipre","2019","45454.17578","12.36000"
"CYP","Chipre","2020","43402.35938","12.44000"
"CYP","Chipre","2021","47632.57031","12.55700"
"CYP","Chipre","2022","50840.91406","12.55700"
"CYP","Chipre","2023","51674.90234","12.55700"
"COL","Colombia","1990","9998.81070","6.34700"
"COL","Colombia","1991","9996.09786","6.39800"
"COL","Colombia","1992","10196.43297","6.44900"
"COL","Colombia","1993","10533.11496","6.50000"
"COL","Colombia","1994","10927.93895","6.55200"
"COL","Colombia","1995","11279.00046","6.60400"
"COL","Colombia","1996","11303.13089","6.65500"
"COL","Colombia","1997","11483.50501","6.70700"
"COL","Colombia","1998","11343.87991","6.75900"
"COL","Colombia","1999","10679.70927","6.81100"
"COL","Colombia","2000","10813.49423","6.86300"
"COL","Colombia","2001","10823.45049","6.91500"
"COL","Colombia","2002","10925.14856","6.96600"
"COL","Colombia","2003","11183.29118","7.01800"
"COL","Colombia","2004","11607.93849","7.07000"
"COL","Colombia","2005","11999.25496","7.28000"
"COL","Colombia","2006","12636.62466","6.80000"
"COL","Colombia","2007","13318.30331","7.19000"
"COL","Colombia","2008","13591.06090","7.32000"
"COL","Colombia","2009","13586.75184","7.25000"
"COL","Colombia","2010","14037.06427","7.39000"
"COL","Colombia","2011","14852.36995","7.52000"
"COL","Colombia","2012","15279.47900","7.63000"
"COL","Colombia","2013","15912.24713","7.83000"
"COL","Colombia","2014","16480.36315","7.99000"
"COL","Colombia","2015","16821.38014","8.05000"
"COL","Colombia","2016","17003.24437","8.22000"
"COL","Colombia","2017","16986.03342","8.36000"
"COL","Colombia","2018","17104.13135","8.50000"
"COL","Colombia","2019","17336.77160","8.64000"
"COL","Colombia","2020","15861.49993","8.86000"
"COL","Colombia","2021","17383.09017","9.03200"
"COL","Colombia","2022","18458.72095","9.03200"
"COL","Colombia","2023","18406.62423","9.03200"
"COM","Comoras","2000","2917.87154","2.71600"
"COM","Comoras","2001","3013.38883","2.87300"
"COM","Comoras","2002","3085.93815","3.03000"
"COM","Comoras","2003","3085.59675","3.18700"
"COM","Comoras","2004","3121.51678","3.34400"
"COM","Comoras","2005","3231.72506","3.50100"
"COM","Comoras","2006","3111.62571","3.65900"
"COM","Comoras","2007","3074.73468","3.81600"
"COM","Comoras","2008","3133.75035","3.97300"
"COM","Comoras","2009","3171.60355","4.13000"
"COM","Comoras","2010","3226.63502","4.28700"
"COM","Comoras","2011","3293.83408","4.44400"
"COM","Comoras","2012","3330.52446","4.60200"
"COM","Comoras","2013","3406.49919","4.74200"
"COM","Comoras","2014","3403.41291","4.88300"
"COM","Comoras","2015","3370.55572","5.02300"
"COM","Comoras","2016","3411.77124","5.16400"
"COM","Comoras","2017","3472.07859","5.30400"
"COM","Comoras","2018","3528.95868","5.44500"
"COM","Comoras","2019","3522.66867","5.58500"
"COM","Comoras","2020","3447.47275","5.72600"
"COM","Comoras","2021","3449.04357","5.86600"
"COM","Comoras","2022","3465.84023","6.00700"
"COM","Comoras","2023","3508.15862","6.00700"
"COG","Congo","1990","8699.52684","5.86100"
"COG","Congo","1991","8658.16145","6.04000"
"COG","Congo","1992","8636.63719","6.21900"
"COG","Congo","1993","8302.69727","6.39800"
"COG","Congo","1994","7617.60750","6.57600"
"COG","Congo","1995","7701.32469","6.75500"
"COG","Congo","1996","7812.04780","6.85700"
"COG","Congo","1997","7599.04815","6.95800"
"COG","Congo","1998","7711.63213","7.06000"
"COG","Congo","1999","7312.32665","7.16100"
"COG","Congo","2000","7570.58279","7.26300"
"COG","Congo","2001","7567.43917","7.31100"
"COG","Congo","2002","7729.38890","7.35900"
"COG","Congo","2003","7577.45630","7.40700"
"COG","Congo","2004","7577.44597","7.45500"
"COG","Congo","2005","7876.11807","7.50300"
"COG","Congo","2006","8192.57980","7.51600"
"COG","Congo","2007","7375.82454","7.53000"
"COG","Congo","2008","7587.28826","7.54300"
"COG","Congo","2009","8138.45034","7.55600"
"COG","Congo","2010","8583.66180","7.57000"
"COG","Congo","2011","8492.42098","7.68700"
"COG","Congo","2012","9079.68656","7.80500"
"COG","Congo","2013","8798.49383","7.92200"
"COG","Congo","2014","9159.25664","8.04000"
"COG","Congo","2015","8977.70682","8.15700"
"COG","Congo","2016","8001.82552","8.17600"
"COG","Congo","2017","7372.77047","8.19400"
"COG","Congo","2018","7029.33652","8.21300"
"COG","Congo","2019","6939.36913","8.23200"
"COG","Congo","2020","6350.50913","8.25100"
"COG","Congo","2021","6263.21161","8.32300"
"COG","Congo","2022","6205.10504","8.32300"
"COG","Congo","2023","6172.28777","8.32300"
"KOR","Corea del Sur","1990","14377.88392","9.27000"
"KOR","Corea del Sur","1991","15784.46687","9.41600"
"KOR","Corea del Sur","1992","16613.49070","9.56200"
"KOR","Corea del Sur","1993","17595.90361","9.70800"
"KOR","Corea del Sur","1994","19052.29909","9.85400"
"KOR","Corea del Sur","1995","20697.89698","10.00000"
"KOR","Corea del Sur","1996","22139.79638","10.12400"
"KOR","Corea del Sur","1997","23311.04209","10.24800"
"KOR","Corea del Sur","1998","22000.33876","10.37200"
"KOR","Corea del Sur","1999","24382.25085","10.49600"
"KOR","Corea del Sur","2000","26404.15886","10.62000"
"KOR","Corea del Sur","2001","27440.65649","10.74400"
"KOR","Corea del Sur","2002","29395.27660","10.86800"
"KOR","Corea del Sur","2003","30142.46056","10.99200"
"KOR","Corea del Sur","2004","31579.52830","11.11600"
"KOR","Corea del Sur","2005","32886.04725","11.24000"
"KOR","Corea del Sur","2006","34429.62220","11.14700"
"KOR","Corea del Sur","2007","36257.34017","11.05500"
"KOR","Corea del Sur","2008","37064.15185","10.96200"
"KOR","Corea del Sur","2009","37176.19393","10.87000"
"KOR","Corea del Sur","2010","39574.05007","11.64000"
"KOR","Corea del Sur","2011","40719.22738","11.73600"
"KOR","Corea del Sur","2012","41537.67286","11.83200"
"KOR","Corea del Sur","2013","42709.97519","11.92800"
"KOR","Corea del Sur","2014","43806.92510","12.02400"
"KOR","Corea del Sur","2015","44849.10677","12.12000"
"KOR","Corea del Sur","2016","46088.24308","12.21800"
"KOR","Corea del Sur","2017","47536.78986","12.31700"
"KOR","Corea del Sur","2018","48834.44712","12.41700"
"KOR","Corea del Sur","2019","49790.86799","12.51800"
"KOR","Corea del Sur","2020","49374.09261","12.62000"
"KOR","Corea del Sur","2021","51718.25187","12.72200"
"KOR","Corea del Sur","2022","53228.60357","12.72200"
"KOR","Corea del Sur","2023","54029.34350","12.72200"
"CRI","Costa Rica","1990","10979.78811","6.80800"
"CRI","Costa Rica","1991","10946.38110","6.90000"
"CRI","Costa Rica","1992","11654.81873","6.99100"
"CRI","Costa Rica","1993","12173.67707","7.08200"
"CRI","Costa Rica","1994","12415.26292","7.17300"
"CRI","Costa Rica","1995","12623.53394","7.26400"
"CRI","Costa Rica","1996","12497.62736","7.32300"
"CRI","Costa Rica","1997","12887.52557","7.38200"
"CRI","Costa Rica","1998","13505.08410","7.44100"
"CRI","Costa Rica","1999","13776.58294","7.49900"
"CRI","Costa Rica","2000","14025.68995","7.55800"
"CRI","Costa Rica","2001","14257.52507","7.65700"
"CRI","Costa Rica","2002","14503.17648","7.75700"
"CRI","Costa Rica","2003","14898.71974","7.85600"
"CRI","Costa Rica","2004","15330.88323","7.95500"
"CRI","Costa Rica","2005","15711.74513","8.05500"
"CRI","Costa Rica","2006","16628.37230","8.03200"
"CRI","Costa Rica","2007","17752.41620","8.01000"
"CRI","Costa Rica","2008","18343.09969","8.29000"
"CRI","Costa Rica","2009","17941.50191","8.36000"
"CRI","Costa Rica","2010","18670.16788","8.23000"
"CRI","Costa Rica","2011","19264.45665","8.35000"
"CRI","Costa Rica","2012","19970.68560","8.41000"
"CRI","Costa Rica","2013","20242.29386","8.58000"
"CRI","Costa Rica","2014","20735.19273","8.75000"
"CRI","Costa Rica","2015","21265.31763","8.58000"
"CRI","Costa Rica","2016","21936.46606","8.56000"
"CRI","Costa Rica","2017","22633.76487","8.64000"
"CRI","Costa Rica","2018","23069.86222","8.72000"
"CRI","Costa Rica","2019","23496.82946","8.76000"
"CRI","Costa Rica","2020","22368.13781","8.80000"
"CRI","Costa Rica","2021","24083.59882","8.84500"
"CRI","Costa Rica","2022","25290.00875","8.84500"
"CRI","Costa Rica","2023","26378.54099","8.84500"
"CIV","Costa de Marfil","1990","5255.54850","1.97100"
"CIV","Costa de Marfil","1991","5052.88905","2.06000"
"CIV","Costa de Marfil","1992","4843.32932","2.14900"
"CIV","Costa de Marfil","1993","4645.50187","2.23800"
"CIV","Costa de Marfil","1994","4502.49284","2.32600"
"CIV","Costa de Marfil","1995","4638.79164","2.41500"
"CIV","Costa de Marfil","1996","4807.45984","2.56000"
"CIV","Costa de Marfil","1997","5072.63456","2.70500"
"CIV","Costa de Marfil","1998","5093.16937","2.85000"
"CIV","Costa de Marfil","1999","4987.39398","2.99500"
"CIV","Costa de Marfil","2000","4838.37603","3.14000"
"CIV","Costa de Marfil","2001","4609.17879","3.23500"
"CIV","Costa de Marfil","2002","4368.96041","3.32900"
"CIV","Costa de Marfil","2003","4060.03041","3.42400"
"CIV","Costa de Marfil","2004","4088.97542","3.51900"
"CIV","Costa de Marfil","2005","4032.27571","3.61300"
"CIV","Costa de Marfil","2006","4049.29028","3.70600"
"CIV","Costa de Marfil","2007","3999.72054","3.79900"
"CIV","Costa de Marfil","2008","4096.75377","3.89200"
"CIV","Costa de Marfil","2009","4151.08432","3.98400"
"CIV","Costa de Marfil","2010","4338.68458","4.07700"
"CIV","Costa de Marfil","2011","4017.43754","4.22800"
"CIV","Costa de Marfil","2012","4234.21188","4.37900"
"CIV","Costa de Marfil","2013","4597.22036","4.52900"
"CIV","Costa de Marfil","2014","4907.61081","4.68000"
"CIV","Costa de Marfil","2015","5110.90021","4.70700"
"CIV","Costa de Marfil","2016","5320.88582","4.73400"
"CIV","Costa de Marfil","2017","5556.15476","4.76100"
"CIV","Costa de Marfil","2018","5670.24200","4.78900"
"CIV","Costa de Marfil","2019","5894.92235","4.81600"
"CIV","Costa de Marfil","2020","5787.85815","4.84300"
"CIV","Costa de Marfil","2021","6045.20480","4.87000"
"CIV","Costa de Marfil","2022","6272.26396","4.87000"
"CIV","Costa de Marfil","2023","6520.89886","4.87000"
"HRV","Croacia","1990","23399.63972","6.56600"
"HRV","Croacia","1991","18812.86574","6.86000"
"HRV","Croacia","1992","17020.16691","7.16700"
"HRV","Croacia","1993","15570.33884","7.47400"
"HRV","Croacia","1994","16301.68585","7.78100"
"HRV","Croacia","1995","17522.51425","8.08800"
"HRV","Croacia","1996","18850.16331","8.39500"
"HRV","Croacia","1997","20110.20262","8.70200"
"HRV","Croacia","1998","20576.01277","9.00900"
"HRV","Croacia","1999","20489.35401","9.31600"
"HRV","Croacia","2000","21302.41172","9.62300"
"HRV","Croacia","2001","22826.72176","9.93000"
"HRV","Croacia","2002","24136.78102","10.05100"
"HRV","Croacia","2003","25473.56720","10.17200"
"HRV","Croacia","2004","26528.53691","10.29300"
"HRV","Croacia","2005","27641.13747","10.41400"
"HRV","Croacia","2006","29035.67498","10.53500"
"HRV","Croacia","2007","30508.30613","10.65600"
"HRV","Croacia","2008","31113.55501","10.77700"
"HRV","Croacia","2009","29024.66406","10.89800"
"HRV","Croacia","2010","28701.87546","11.01900"
"HRV","Croacia","2011","28769.02295","11.14000"
"HRV","Croacia","2012","28259.16381","11.26800"
"HRV","Croacia","2013","28397.98207","11.32400"
"HRV","Croacia","2014","28456.33538","11.39400"
"HRV","Croacia","2015","29466.45064","11.41800"
"HRV","Croacia","2016","30820.80504","11.55000"
"HRV","Croacia","2017","32348.58886","11.63400"
"HRV","Croacia","2018","33729.54558","11.76900"
"HRV","Croacia","2019","35122.79662","11.84900"
"HRV","Croacia","2020","32493.40170","11.95100"
"HRV","Croacia","2021","36930.07610","12.09500"
"HRV","Croacia","2022","39863.91094","12.09500"
"HRV","Croacia","2023","41320.25800","12.09500"
"DNK","Dinamarca","1990","45943.88754","11.48000"
"DNK","Dinamarca","1991","46493.01760","11.50000"
"DNK","Dinamarca","1992","47276.89366","11.52000"
"DNK","Dinamarca","1993","47082.46744","11.54000"
"DNK","Dinamarca","1994","49408.20382","11.56000"
"DNK","Dinamarca","1995","50644.70746","11.65000"
"DNK","Dinamarca","1996","51817.17354","11.81500"
"DNK","Dinamarca","1997","53237.29519","11.98000"
"DNK","Dinamarca","1998","54278.27912","12.14500"
"DNK","Dinamarca","1999","55704.25840","12.31000"
"DNK","Dinamarca","2000","57585.89656","12.47500"
"DNK","Dinamarca","2001","57925.05430","12.64000"
"DNK","Dinamarca","2002","58003.88826","12.80500"
"DNK","Dinamarca","2003","58101.48095","12.97000"
"DNK","Dinamarca","2004","59560.45995","12.92000"
"DNK","Dinamarca","2005","60798.13515","12.83000"
"DNK","Dinamarca","2006","62911.39314","12.74000"
"DNK","Dinamarca","2007","63251.31694","12.65000"
"DNK","Dinamarca","2008","62618.44994","12.88000"
"DNK","Dinamarca","2009","59185.96775","12.47000"
"DNK","Dinamarca","2010","59856.34909","12.43000"
"DNK","Dinamarca","2011","60391.77993","12.47000"
"DNK","Dinamarca","2012","60161.70107","12.70000"
"DNK","Dinamarca","2013","60745.77848","12.75000"
"DNK","Dinamarca","2014","61210.94909","12.39000"
"DNK","Dinamarca","2015","62059.12860","12.64000"
"DNK","Dinamarca","2016","63468.98882","13.16000"
"DNK","Dinamarca","2017","64989.44599","13.01000"
"DNK","Dinamarca","2018","65870.83026","12.86000"
"DNK","Dinamarca","2019","66758.63233","12.91000"
"DNK","Dinamarca","2020","65379.30661","12.96000"
"DNK","Dinamarca","2021","69327.99822","13.02700"
"DNK","Dinamarca","2022","69089.46925","13.02700"
"DNK","Dinamarca","2023","68993.90311","13.02700"
"DJI","Djibouti","2013","4469.07410","2.98300"
"DJI","Djibouti","2014","4705.04927","3.14400"
"DJI","Djibouti","2015","4961.86819","3.30500"
"DJI","Djibouti","2016","5226.50026","3.46600"
"DJI","Djibouti","2017","5421.95649","3.62700"
"DJI","Djibouti","2018","5590.50427","3.78800"
"DJI","Djibouti","2019","5809.30455","3.84200"
"DJI","Djibouti","2020","5791.47768","3.89600"
"DJI","Djibouti","2021","5960.10807","3.95000"
"DJI","Djibouti","2022","6180.67999","3.95000"
"DJI","Djibouti","2023","6510.67859","3.95000"
"DMA","Dominica","2000","14054.65480","7.63600"
"DMA","Dominica","2001","14091.54914","7.75000"
"DMA","Dominica","2002","13640.70331","7.86900"
"DMA","Dominica","2003","14398.00176","7.98800"
"DMA","Dominica","2004","14962.24563","8.10600"
"DMA","Dominica","2005","15080.52060","8.22500"
"DMA","Dominica","2006","15727.70532","8.34400"
"DMA","Dominica","2007","16560.51790","8.46300"
"DMA","Dominica","2008","17738.04057","8.58100"
"DMA","Dominica","2009","17534.03396","8.70000"
"DMA","Dominica","2010","17516.78796","8.81900"
"DMA","Dominica","2011","17475.04111","8.93800"
"DMA","Dominica","2012","17431.12880","9.05600"
"DMA","Dominica","2013","17282.63680","9.17500"
"DMA","Dominica","2014","17520.85463","9.29400"
"DMA","Dominica","2015","16920.91266","9.41300"
"DMA","Dominica","2016","17364.07730","9.53100"
"DMA","Dominica","2017","16314.22956","9.65000"
"DMA","Dominica","2018","16877.12449","9.76900"
"DMA","Dominica","2019","17619.43354","9.88800"
"DMA","Dominica","2020","14919.53077","10.00600"
"DMA","Dominica","2021","15808.97435","10.12500"
"DMA","Dominica","2022","17550.80099","10.12500"
"DMA","Dominica","2023","18278.22534","10.12500"
"ECU","Ecuador","1990","9104.81600","6.75000"
"ECU","Ecuador","1991","9292.61779","6.80700"
"ECU","Ecuador","1992","9291.37105","6.86400"
"ECU","Ecuador","1993","9284.31503","6.92100"
"ECU","Ecuador","1994","9494.17506","6.97800"
"ECU","Ecuador","1995","9525.17702","7.03500"
"ECU","Ecuador","1996","9509.27541","7.09200"
"ECU","Ecuador","1997","9739.26682","7.14900"
"ECU","Ecuador","1998","9876.75075","7.20600"
"ECU","Ecuador","1999","9242.96681","7.26400"
"ECU","Ecuador","2000","9183.05155","7.32100"
"ECU","Ecuador","2001","9405.11681","7.37800"
"ECU","Ecuador","2002","9697.55518","7.43500"
"ECU","Ecuador","2003","9802.81408","7.49200"
"ECU","Ecuador","2004","10290.66343","7.54900"
"ECU","Ecuador","2005","10660.20462","7.60600"
"ECU","Ecuador","2006","10933.48975","7.66300"
"ECU","Ecuador","2007","10952.82269","7.72000"
"ECU","Ecuador","2008","11474.52570","7.73000"
"ECU","Ecuador","2009","11403.52780","7.74000"
"ECU","Ecuador","2010","11665.69786","7.85000"
"ECU","Ecuador","2011","12449.07855","7.91000"
"ECU","Ecuador","2012","12961.02674","8.10000"
"ECU","Ecuador","2013","13689.15205","8.29000"
"ECU","Ecuador","2014","14064.79922","8.36000"
"ECU","Ecuador","2015","13881.57007","8.70000"
"ECU","Ecuador","2016","13586.51608","8.69000"
"ECU","Ecuador","2017","14179.15375","8.77000"
"ECU","Ecuador","2018","14083.50700","8.78700"
"ECU","Ecuador","2019","13870.48951","8.80300"
"ECU","Ecuador","2020","12440.32637","8.82000"
"ECU","Ecuador","2021","13507.44456","9.11000"
"ECU","Ecuador","2022","14186.63885","8.97000"
"ECU","Ecuador","2023","14321.16483","8.97000"
"EGY","Egipto","1990","8006.62144","5.30300"
"EGY","Egipto","1991","7876.55258","5.46600"
"EGY","Egipto","1992","8034.56230","5.62900"
"EGY","Egipto","1993","8079.05481","5.79200"
"EGY","Egipto","1994","8221.04685","5.95500"
"EGY","Egipto","1995","8423.57817","6.11800"
"EGY","Egipto","1996","8662.33148","6.33000"
"EGY","Egipto","1997","8950.65411","6.33900"
"EGY","Egipto","1998","9245.47890","6.34800"
"EGY","Egipto","1999","9588.85939","6.35700"
"EGY","Egipto","2000","9981.62775","6.36600"
"EGY","Egipto","2001","10117.33318","6.37500"
"EGY","Egipto","2002","10143.50635","6.38400"
"EGY","Egipto","2003","10250.37655","6.39300"
"EGY","Egipto","2004","10451.82175","6.40200"
"EGY","Egipto","2005","10700.60904","6.41100"
"EGY","Egipto","2006","11211.83202","6.42000"
"EGY","Egipto","2007","11782.00607","6.65900"
"EGY","Egipto","2008","12391.58476","6.89800"
"EGY","Egipto","2009","12728.08146","7.13700"
"EGY","Egipto","2010","13128.98783","7.37600"
"EGY","Egipto","2011","13082.42637","7.61500"
"EGY","Egipto","2012","13076.80524","7.85500"
"EGY","Egipto","2013","13058.07482","8.09400"
"EGY","Egipto","2014","13136.36563","8.33300"
"EGY","Egipto","2015","13425.91196","8.57200"
"EGY","Egipto","2016","13727.32016","8.81100"
"EGY","Egipto","2017","14018.36059","9.05000"
"EGY","Egipto","2018","14488.20943","9.31000"
"EGY","Egipto","2019","15026.56824","9.57800"
"EGY","Egipto","2020","15309.23599","9.85300"
"EGY","Egipto","2021","15579.01609","10.13600"
"EGY","Egipto","2022","16360.39078","10.13600"
"EGY","Egipto","2023","16691.38740","10.13600"
"SLV","El Salvador","1990","5976.01763","3.73000"
"SLV","El Salvador","1991","5960.05893","3.84800"
"SLV","El Salvador","1992","6275.18767","3.97000"
"SLV","El Salvador","1993","6553.07234","4.09600"
"SLV","El Salvador","1994","6795.50609","4.22100"
"SLV","El Salvador","1995","7057.92025","4.34700"
"SLV","El Salvador","1996","7062.30008","4.47300"
"SLV","El Salvador","1997","7234.94456","4.59900"
"SLV","El Salvador","1998","7381.11460","4.72400"
"SLV","El Salvador","1999","7498.46741","4.85000"
"SLV","El Salvador","2000","7545.44796","4.97600"
"SLV","El Salvador","2001","7580.32338","5.10100"
"SLV","El Salvador","2002","7675.67106","5.22700"
"SLV","El Salvador","2003","7780.27178","5.35300"
"SLV","El Salvador","2004","7841.53238","5.47900"
"SLV","El Salvador","2005","8050.53451","5.60400"
"SLV","El Salvador","2006","8404.24675","5.73000"
"SLV","El Salvador","2007","8548.83476","5.63000"
"SLV","El Salvador","2008","8704.80585","6.03000"
"SLV","El Salvador","2009","8494.49847","6.13000"
"SLV","El Salvador","2010","8648.92983","6.34000"
"SLV","El Salvador","2011","8945.93133","6.21000"
"SLV","El Salvador","2012","9162.56213","6.37000"
"SLV","El Salvador","2013","9329.46202","6.43000"
"SLV","El Salvador","2014","9451.74461","6.52700"
"SLV","El Salvador","2015","9646.15432","6.62300"
"SLV","El Salvador","2016","9863.76121","6.72000"
"SLV","El Salvador","2017","10064.79349","6.83000"
"SLV","El Salvador","2018","10297.20361","6.97000"
"SLV","El Salvador","2019","10543.93833","7.11000"
"SLV","El Salvador","2020","9692.44932","7.15000"
"SLV","El Salvador","2021","10809.71340","7.20000"
"SLV","El Salvador","2022","11085.61662","7.25000"
"SLV","El Salvador","2023","11404.33423","7.30000"
"ARE","Emiratos Árabes Unidos","1990","111376.98437","5.75800"
"ARE","Emiratos Árabes Unidos","1991","106266.15763","6.05700"
"ARE","Emiratos Árabes Unidos","1992","104207.05913","6.35500"
"ARE","Emiratos Árabes Unidos","1993","100422.83247","6.65400"
"ARE","Emiratos Árabes Unidos","1994","102456.23994","6.95300"
"ARE","Emiratos Árabes Unidos","1995","104527.84824","7.25100"
"ARE","Emiratos Árabes Unidos","1996","103653.54271","7.49700"
"ARE","Emiratos Árabes Unidos","1997","103392.37946","7.74200"
"ARE","Emiratos Árabes Unidos","1998","96088.65873","7.98800"
"ARE","Emiratos Árabes Unidos","1999","92047.61047","8.23300"
"ARE","Emiratos Árabes Unidos","2000","95390.83289","8.47900"
"ARE","Emiratos Árabes Unidos","2001","90750.32579","8.58100"
"ARE","Emiratos Árabes Unidos","2002","87479.15454","8.68300"
"ARE","Emiratos Árabes Unidos","2003","89828.49340","8.78500"
"ARE","Emiratos Árabes Unidos","2004","93166.15689","8.88800"
"ARE","Emiratos Árabes Unidos","2005","92750.92263","8.99000"
"ARE","Emiratos Árabes Unidos","2006","94872.51213","9.15800"
"ARE","Emiratos Árabes Unidos","2007","87180.60016","9.32600"
"ARE","Emiratos Árabes Unidos","2008","80285.16131","9.49500"
"ARE","Emiratos Árabes Unidos","2009","71488.96968","9.66300"
"ARE","Emiratos Árabes Unidos","2010","70913.75693","9.83100"
"ARE","Emiratos Árabes Unidos","2011","73190.40563","9.99900"
"ARE","Emiratos Árabes Unidos","2012","73644.05499","10.16700"
"ARE","Emiratos Árabes Unidos","2013","74237.20380","10.33500"
"ARE","Emiratos Árabes Unidos","2014","74145.11754","10.50400"
"ARE","Emiratos Árabes Unidos","2015","75238.55719","10.67200"
"ARE","Emiratos Árabes Unidos","2016","75671.03686","10.84000"
"ARE","Emiratos Árabes Unidos","2017","72529.04235","12.06000"
"ARE","Emiratos Árabes Unidos","2018","72671.07873","12.48000"
"ARE","Emiratos Árabes Unidos","2019","72822.94664","12.69000"
"ARE","Emiratos Árabes Unidos","2020","66808.62093","12.73000"
"ARE","Emiratos Árabes Unidos","2021","68580.13129","12.77000"
"ARE","Emiratos Árabes Unidos","2022","70075.63837","12.99000"
"ARE","Emiratos Árabes Unidos","2023","70239.83283","12.99000"
"SVK","Eslovaquia","1990","17521.02506","6.86300"
"SVK","Eslovaquia","1991","14955.95421","7.16000"
"SVK","Eslovaquia","1992","13946.16308","7.47000"
"SVK","Eslovaquia","1993","14157.18144","7.78000"
"SVK","Eslovaquia","1994","14976.57736","8.09000"
"SVK","Eslovaquia","1995","15805.41333","8.40000"
"SVK","Eslovaquia","1996","16737.17222","8.71000"
"SVK","Eslovaquia","1997","17622.77975","9.02000"
"SVK","Eslovaquia","1998","18272.52245","9.33000"
"SVK","Eslovaquia","1999","18167.49572","9.64000"
"SVK","Eslovaquia","2000","18335.68345","9.95000"
"SVK","Eslovaquia","2001","18906.60143","10.26000"
"SVK","Eslovaquia","2002","19748.93187","10.48400"
"SVK","Eslovaquia","2003","20721.71281","10.70800"
"SVK","Eslovaquia","2004","21842.95638","10.93200"
"SVK","Eslovaquia","2005","23257.17585","11.15600"
"SVK","Eslovaquia","2006","25331.87402","11.38000"
"SVK","Eslovaquia","2007","28064.24573","11.60400"
"SVK","Eslovaquia","2008","29544.09060","11.82800"
"SVK","Eslovaquia","2009","27880.41112","12.05200"
"SVK","Eslovaquia","2010","29745.91967","12.27600"
"SVK","Eslovaquia","2011","30468.82570","12.50000"
"SVK","Eslovaquia","2012","30894.31180","12.38000"
"SVK","Eslovaquia","2013","31078.18482","12.44000"
"SVK","Eslovaquia","2014","31888.80535","12.44000"
"SVK","Eslovaquia","2015","33507.79136","12.64000"
"SVK","Eslovaquia","2016","34116.45020","12.71000"
"SVK","Eslovaquia","2017","35042.78589","12.77000"
"SVK","Eslovaquia","2018","36415.79205","12.87000"
"SVK","Eslovaquia","2019","37194.21045","12.91000"
"SVK","Eslovaquia","2020","36201.48638","13.00600"
"SVK","Eslovaquia","2021","38330.30274","13.10300"
"SVK","Eslovaquia","2022","38648.98557","13.10300"
"SVK","Eslovaquia","2023","39501.94742","13.10300"
"SVN","Eslovenia","1990","25349.79772","7.19200"
"SVN","Eslovenia","1991","23078.99295","7.51000"
"SVN","Eslovenia","1992","21850.05710","7.84200"
"SVN","Eslovenia","1993","22524.95919","8.17500"
"SVN","Eslovenia","1994","23752.43772","8.50700"
"SVN","Eslovenia","1995","24722.65692","8.83900"
"SVN","Eslovenia","1996","25458.89667","9.17200"
"SVN","Eslovenia","1997","26811.48732","9.50400"
"SVN","Eslovenia","1998","27693.28274","9.83600"
"SVN","Eslovenia","1999","29131.35061","10.16800"
"SVN","Eslovenia","2000","30061.20619","10.50100"
"SVN","Eslovenia","2001","30862.89599","10.83300"
"SVN","Eslovenia","2002","31836.52157","11.16500"
"SVN","Eslovenia","2003","32833.90460","11.49800"
"SVN","Eslovenia","2004","34304.55650","11.83000"
"SVN","Eslovenia","2005","35565.04272","11.68000"
"SVN","Eslovenia","2006","37546.49561","11.81000"
"SVN","Eslovenia","2007","40002.70190","11.75000"
"SVN","Eslovenia","2008","41286.34625","11.91000"
"SVN","Eslovenia","2009","37809.17355","12.03000"
"SVN","Eslovenia","2010","38063.31468","12.06000"
"SVN","Eslovenia","2011","38233.29056","12.21000"
"SVN","Eslovenia","2012","37040.70827","12.28000"
"SVN","Eslovenia","2013","36685.74966","12.38000"
"SVN","Eslovenia","2014","37662.25599","12.43000"
"SVN","Eslovenia","2015","38534.64374","12.57000"
"SVN","Eslovenia","2016","39674.89316","12.67000"
"SVN","Eslovenia","2017","41700.65109","12.70000"
"SVN","Eslovenia","2018","43369.22195","12.75000"
"SVN","Eslovenia","2019","44577.94186","12.80000"
"SVN","Eslovenia","2020","42471.52280","12.87500"
"SVN","Eslovenia","2021","45922.66326","12.95100"
"SVN","Eslovenia","2022","47058.88660","12.95100"
"SVN","Eslovenia","2023","47986.41959","12.95100"
"ESP","España","1990","31773.22674","5.87900"
"ESP","España","1991","32499.34814","6.07000"
"ESP","España","1992","32641.08272","6.26800"
"ESP","España","1993","32137.31384","6.46500"
"ESP","España","1994","32746.92878","6.66300"
"ESP","España","1995","33501.73142","6.86100"
"ESP","España","1996","34232.37869","7.05800"
"ESP","España","1997","35312.08629","7.25600"
"ESP","España","1998","36679.09423","7.45400"
"ESP","España","1999","38141.31688","7.65200"
"ESP","España","2000","39945.89713","7.84900"
"ESP","España","2001","41224.29241","8.04700"
"ESP","España","2002","41766.03782","8.24500"
"ESP","España","2003","42223.13017","8.44200"
"ESP","España","2004","42793.39023","8.64000"
"ESP","España","2005","43570.76526","8.92000"
"ESP","España","2006","44572.68155","9.03000"
"ESP","España","2007","45301.28434","9.12000"
"ESP","España","2008","44926.34895","9.19000"
"ESP","España","2009","42852.22089","9.25000"
"ESP","España","2010","42695.52742","9.36000"
"ESP","España","2011","42271.83468","9.48000"
"ESP","España","2012","41034.04816","9.51000"
"ESP","España","2013","40594.91401","9.61500"
"ESP","España","2014","41339.41112","9.72000"
"ESP","España","2015","43053.76143","9.91000"
"ESP","España","2016","44274.66761","10.01000"
"ESP","España","2017","45446.25086","10.07500"
"ESP","España","2018","46325.20994","10.14000"
"ESP","España","2019","46896.41711","10.37500"
"ESP","España","2020","41553.44779","10.61000"
"ESP","España","2021","44251.66582","10.75600"
"ESP","España","2022","46733.48098","10.75600"
"ESP","España","2023","47322.59370","10.75600"
"USA","Estados Unidos","1990","44384.21019","12.98000"
"USA","Estados Unidos","1991","43747.63074","13.02700"
"USA","Estados Unidos","1992","44664.87359","13.07500"
"USA","Estados Unidos","1993","45292.73807","13.12200"
"USA","Estados Unidos","1994","46543.31992","13.17000"
"USA","Estados Unidos","1995","47227.00833","13.13500"
"USA","Estados Unidos","1996","48441.90611","13.10000"
"USA","Estados Unidos","1997","49990.67407","13.06500"
"USA","Estados Unidos","1998","51626.48383","13.03000"
"USA","Estados Unidos","1999","53480.89700","12.99500"
"USA","Estados Unidos","2000","55045.67453","12.96000"
"USA","Estados Unidos","2001","55024.35428","12.92500"
"USA","Estados Unidos","2002","55443.21994","12.89000"
"USA","Estados Unidos","2003","56505.44688","12.85500"
"USA","Estados Unidos","2004","58139.08202","12.82000"
"USA","Estados Unidos","2005","59612.39072","12.83000"
"USA","Estados Unidos","2006","60684.33998","12.91000"
"USA","Estados Unidos","2007","61314.45208","12.95000"
"USA","Estados Unidos","2008","60806.22387","12.99000"
"USA","Estados Unidos","2009","58722.49677","13.01000"
"USA","Estados Unidos","2010","59797.07365","13.05000"
"USA","Estados Unidos","2011","60253.20358","13.10000"
"USA","Estados Unidos","2012","61142.36370","13.14000"
"USA","Estados Unidos","2013","61966.66214","13.20000"
"USA","Estados Unidos","2014","63026.87792","13.22000"
"USA","Estados Unidos","2015","64367.71889","13.25000"
"USA","Estados Unidos","2016","65025.98560","13.34000"
"USA","Estados Unidos","2017","66164.03200","13.41300"
"USA","Estados Unidos","2018","67728.44249","13.50000"
"USA","Estados Unidos","2019","69121.45800","13.59000"
"USA","Estados Unidos","2020","67406.83113","13.68000"
"USA","Estados Unidos","2021","71441.23198","13.57500"
"USA","Estados Unidos","2022","72828.74309","13.91000"
"USA","Estados Unidos","2023","74351.67182","13.91000"
"EST","Estonia","1990","19161.44516","9.65900"
"EST","Estonia","1991","17717.30523","9.90400"
"EST","Estonia","1992","14223.90757","10.14900"
"EST","Estonia","1993","13757.01556","10.39300"
"EST","Estonia","1994","13823.55660","10.63800"
"EST","Estonia","1995","14709.59981","10.88300"
"EST","Estonia","1996","15666.13305","11.14300"
"EST","Estonia","1997","17913.78700","11.40200"
"EST","Estonia","1998","18871.61968","11.66100"
"EST","Estonia","1999","18736.15453","11.92100"
"EST","Estonia","2000","20526.66064","12.18000"
"EST","Estonia","2001","21872.65940","12.35000"
"EST","Estonia","2002","23537.71568","12.52000"
"EST","Estonia","2003","25485.16130","12.69000"
"EST","Estonia","2004","27381.53506","12.86000"
"EST","Estonia","2005","30161.19961","13.03000"
"EST","Estonia","2006","33301.49455","13.20000"
"EST","Estonia","2007","35986.51613","13.22000"
"EST","Estonia","2008","34233.76438","13.25000"
"EST","Estonia","2009","29281.67983","13.32000"
"EST","Estonia","2010","30067.50104","13.33000"
"EST","Estonia","2011","32453.10085","13.40000"
"EST","Estonia","2012","33765.43021","13.45000"
"EST","Estonia","2013","34481.01489","13.54000"
"EST","Estonia","2014","35720.30253","13.44000"
"EST","Estonia","2015","36353.05805","13.49000"
"EST","Estonia","2016","37466.55618","13.51000"
"EST","Estonia","2017","39529.78597","13.56000"
"EST","Estonia","2018","40849.84735","13.66000"
"EST","Estonia","2019","42215.03438","13.60500"
"EST","Estonia","2020","40916.71941","13.55000"
"EST","Estonia","2021","44247.41990","13.56200"
"EST","Estonia","2022","43124.61966","13.56200"
"EST","Estonia","2023","41284.77469","13.56200"
"SWZ","Eswatini","1990","5447.73900","6.29000"
"SWZ","Eswatini","1991","5325.35246","6.25900"
"SWZ","Eswatini","1992","5291.89629","6.22700"
"SWZ","Eswatini","1993","5299.53230","6.19500"
"SWZ","Eswatini","1994","5427.35002","6.16300"
"SWZ","Eswatini","1995","5693.82195","6.13100"
"SWZ","Eswatini","1996","5796.65255","6.02200"
"SWZ","Eswatini","1997","5876.80342","5.91200"
"SWZ","Eswatini","1998","5952.85423","5.80200"
"SWZ","Eswatini","1999","6062.34806","5.69200"
"SWZ","Eswatini","2000","6106.07479","5.58200"
"SWZ","Eswatini","2001","6135.45300","5.37100"
"SWZ","Eswatini","2002","6335.81352","5.16000"
"SWZ","Eswatini","2003","6578.30153","4.94900"
"SWZ","Eswatini","2004","6775.22174","4.73700"
"SWZ","Eswatini","2005","7142.19219","4.52600"
"SWZ","Eswatini","2006","7584.72031","4.78400"
"SWZ","Eswatini","2007","7866.73073","5.04100"
"SWZ","Eswatini","2008","7926.37961","5.29800"
"SWZ","Eswatini","2009","7988.59750","5.55600"
"SWZ","Eswatini","2010","8245.64153","5.81300"
"SWZ","Eswatini","2011","8350.89191","6.11400"
"SWZ","Eswatini","2012","8645.84478","6.41500"
"SWZ","Eswatini","2013","8951.05750","6.71600"
"SWZ","Eswatini","2014","9084.49406","7.01600"
"SWZ","Eswatini","2015","9186.65345","7.31700"
"SWZ","Eswatini","2016","9402.50834","7.51100"
"SWZ","Eswatini","2017","9660.55162","7.70500"
"SWZ","Eswatini","2018","9578.10061","7.89900"
"SWZ","Eswatini","2019","10099.58631","8.09200"
"SWZ","Eswatini","2020","9695.82498","8.28600"
"SWZ","Eswatini","2021","9990.43492","8.48600"
"SWZ","Eswatini","2022","9927.60567","8.68500"
"SWZ","Eswatini","2023","10181.50407","8.68500"
"ETH","Etiopía","2000","810.27075","1.48300"
"ETH","Etiopía","2001","851.31343","1.55700"
"ETH","Etiopía","2002","838.29805","1.63100"
"ETH","Etiopía","2003","795.77214","1.70500"
"ETH","Etiopía","2004","877.11449","1.78300"
"ETH","Etiopía","2005","952.11567","1.86200"
"ETH","Etiopía","2006","1024.72912","1.94100"
"ETH","Etiopía","2007","1109.14330","2.02000"
"ETH","Etiopía","2008","1193.74728","2.05800"
"ETH","Etiopía","2009","1262.46398","2.09500"
"ETH","Etiopía","2010","1381.19045","2.13300"
"ETH","Etiopía","2011","1492.53396","2.17000"
"ETH","Etiopía","2012","1576.76876","2.22100"
"ETH","Etiopía","2013","1696.86516","2.27300"
"ETH","Etiopía","2014","1821.39162","2.32400"
"ETH","Etiopía","2015","1957.41454","2.37500"
"ETH","Etiopía","2016","2084.84056","2.42700"
"ETH","Etiopía","2017","2222.82824","2.41100"
"ETH","Etiopía","2018","2311.16512","2.39500"
"ETH","Etiopía","2019","2437.97046","2.38000"
"ETH","Etiopía","2020","2516.54908","2.39100"
"ETH","Etiopía","2021","2588.41310","2.40300"
"ETH","Etiopía","2022","2655.59277","2.40300"
"ETH","Etiopía","2023","2757.95924","2.40300"
"FJI","Fiji","1990","7820.71719","6.59900"
"FJI","Fiji","1991","7547.67823","6.82300"
"FJI","Fiji","1992","7950.06641","7.04700"
"FJI","Fiji","1993","8067.80452","7.27100"
"FJI","Fiji","1994","8432.29830","7.49400"
"FJI","Fiji","1995","8600.09282","7.71800"
"FJI","Fiji","1996","8956.35015","7.69000"
"FJI","Fiji","1997","8669.25171","7.83100"
"FJI","Fiji","1998","8673.87812","7.97200"
"FJI","Fiji","1999","9328.60660","8.11300"
"FJI","Fiji","2000","9070.99318","8.25400"
"FJI","Fiji","2001","9157.80845","8.39500"
"FJI","Fiji","2002","9357.75383","8.53500"
"FJI","Fiji","2003","9361.46417","8.67600"
"FJI","Fiji","2004","9766.52775","8.81700"
"FJI","Fiji","2005","9745.58144","8.95800"
"FJI","Fiji","2006","9837.08587","9.09900"
"FJI","Fiji","2007","9672.29020","9.24000"
"FJI","Fiji","2008","9711.96604","9.37900"
"FJI","Fiji","2009","9536.81722","9.51800"
"FJI","Fiji","2010","9784.30360","9.65700"
"FJI","Fiji","2011","10020.69575","9.79600"
"FJI","Fiji","2012","10140.69359","9.93500"
"FJI","Fiji","2013","10604.15591","10.07400"
"FJI","Fiji","2014","11183.31353","10.21300"
"FJI","Fiji","2015","11674.06337","10.35200"
"FJI","Fiji","2016","11951.91967","10.49100"
"FJI","Fiji","2017","12597.32749","10.63000"
"FJI","Fiji","2018","13100.09594","10.56500"
"FJI","Fiji","2019","13056.33109","10.50000"
"FJI","Fiji","2020","10812.03550","10.43600"
"FJI","Fiji","2021","10322.42796","10.37100"
"FJI","Fiji","2022","12118.31827","10.37100"
"FJI","Fiji","2023","13194.80476","10.37100"
"PHL","Filipinas","1990","4504.46230","7.18000"
"PHL","Filipinas","1991","4378.39532","7.21900"
"PHL","Filipinas","1992","4293.71810","7.25800"
"PHL","Filipinas","1993","4283.15968","7.29700"
"PHL","Filipinas","1994","4374.06722","7.33600"
"PHL","Filipinas","1995","4477.32318","7.37500"
"PHL","Filipinas","1996","4631.77198","7.41400"
"PHL","Filipinas","1997","4758.70846","7.45300"
"PHL","Filipinas","1998","4616.67293","7.49200"
"PHL","Filipinas","1999","4650.75927","7.53100"
"PHL","Filipinas","2000","4740.43892","7.57000"
"PHL","Filipinas","2001","4778.40084","7.83800"
"PHL","Filipinas","2002","4856.49948","8.10500"
"PHL","Filipinas","2003","5003.38318","8.37300"
"PHL","Filipinas","2004","5229.45081","8.64000"
"PHL","Filipinas","2005","5386.81654","8.65800"
"PHL","Filipinas","2006","5578.57225","8.67500"
"PHL","Filipinas","2007","5840.06810","8.69300"
"PHL","Filipinas","2008","5987.03758","8.71000"
"PHL","Filipinas","2009","5965.30731","8.81000"
"PHL","Filipinas","2010","6273.03928","8.91000"
"PHL","Filipinas","2011","6388.31297","8.99000"
"PHL","Filipinas","2012","6697.55621","9.07000"
"PHL","Filipinas","2013","7016.53846","9.15000"
"PHL","Filipinas","2014","7340.36159","8.90700"
"PHL","Filipinas","2015","7691.76309","8.66500"
"PHL","Filipinas","2016","8131.82538","8.42300"
"PHL","Filipinas","2017","8584.13623","8.18000"
"PHL","Filipinas","2018","9016.28660","8.57500"
"PHL","Filipinas","2019","9452.29397","8.97000"
"PHL","Filipinas","2020","8455.18457","8.89000"
"PHL","Filipinas","2021","8857.78995","9.43400"
"PHL","Filipinas","2022","9457.10395","9.97700"
"PHL","Filipinas","2023","9898.53295","9.97700"
"FIN","Finlandia","1990","38807.11852","9.18000"
"FIN","Finlandia","1991","36326.08289","9.40400"
"FIN","Finlandia","1992","34926.38336","9.62800"
"FIN","Finlandia","1993","34486.75226","9.85200"
"FIN","Finlandia","1994","35699.72031","10.07500"
"FIN","Finlandia","1995","37069.62898","10.29900"
"FIN","Finlandia","1996","38301.51262","10.52300"
"FIN","Finlandia","1997","40630.92177","10.74700"
"FIN","Finlandia","1998","42733.44557","10.97100"
"FIN","Finlandia","1999","44505.71148","11.19500"
"FIN","Finlandia","2000","46968.84171","11.41800"
"FIN","Finlandia","2001","48099.30143","11.64200"
"FIN","Finlandia","2002","48792.48648","11.86600"
"FIN","Finlandia","2003","49655.54516","12.09000"
"FIN","Finlandia","2004","51494.70586","12.13500"
"FIN","Finlandia","2005","52744.04803","12.18000"
"FIN","Finlandia","2006","54653.98120","12.23000"
"FIN","Finlandia","2007","57313.29165","12.28000"
"FIN","Finlandia","2008","57494.58535","12.33000"
"FIN","Finlandia","2009","52599.14871","12.37000"
"FIN","Finlandia","2010","54017.94586","12.42000"
"FIN","Finlandia","2011","55053.39069","12.46000"
"FIN","Finlandia","2012","53957.66810","12.49000"
"FIN","Finlandia","2013","53183.42867","12.55000"
"FIN","Finlandia","2014","52710.73349","12.60000"
"FIN","Finlandia","2015","52782.48739","12.63000"
"FIN","Finlandia","2016","53984.63163","12.68500"
"FIN","Finlandia","2017","55637.22628","12.74000"
"FIN","Finlandia","2018","56226.33724","12.80500"
"FIN","Finlandia","2019","56922.48732","12.87000"
"FIN","Finlandia","2020","55424.85750","12.92500"
"FIN","Finlandia","2021","56790.37662","12.98000"
"FIN","Finlandia","2022","57068.30565","12.98000"
"FIN","Finlandia","2023","56051.77011","12.98000"
"FRA","Francia","1990","38655.88568","7.55000"
"FRA","Francia","1991","38937.95225","7.74200"
"FRA","Francia","1992","39331.90419","7.93400"
"FRA","Francia","1993","39020.61416","8.12600"
"FRA","Francia","1994","39801.38890","8.31900"
"FRA","Francia","1995","40570.71696","8.51100"
"FRA","Francia","1996","40990.73951","8.70300"
"FRA","Francia","1997","41876.93303","8.89500"
"FRA","Francia","1998","43162.54239","9.08700"
"FRA","Francia","1999","44400.13579","9.27900"
"FRA","Francia","2000","45922.47894","9.47100"
"FRA","Francia","2001","46454.87069","9.66400"
"FRA","Francia","2002","46610.78207","9.85600"
"FRA","Francia","2003","46730.97581","10.04800"
"FRA","Francia","2004","47720.44134","10.24000"
"FRA","Francia","2005","48257.46509","10.32000"
"FRA","Francia","2006","49223.24720","10.44500"
"FRA","Francia","2007","50157.78375","10.57000"
"FRA","Francia","2008","50068.29691","10.65000"
"FRA","Francia","2009","48404.96578","10.63000"
"FRA","Francia","2010","49130.42294","10.78000"
"FRA","Francia","2011","50085.68298","10.85000"
"FRA","Francia","2012","49935.62691","10.94000"
"FRA","Francia","2013","50066.53043","11.08000"
"FRA","Francia","2014","50326.56786","11.23000"
"FRA","Francia","2015","50682.89536","11.33000"
"FRA","Francia","2016","50984.07530","11.35000"
"FRA","Francia","2017","51895.56630","11.41000"
"FRA","Francia","2018","52560.95362","11.51000"
"FRA","Francia","2019","53448.55488","11.61000"
"FRA","Francia","2020","49311.33341","11.68800"
"FRA","Francia","2021","52517.33549","11.76600"
"FRA","Francia","2022","53673.81374","11.76600"
"FRA","Francia","2023","54296.72309","11.76600"
"GAB","Gabón","1990","23884.81070","4.32000"
"GAB","Gabón","1991","24665.67923","4.50000"
"GAB","Gabón","1992","23268.99747","4.68000"
"GAB","Gabón","1993","23551.68125","4.86000"
"GAB","Gabón","1994","23794.31493","5.04000"
"GAB","Gabón","1995","24344.18574","5.22000"
"GAB","Gabón","1996","24595.97196","5.40600"
"GAB","Gabón","1997","25359.65966","5.59200"
"GAB","Gabón","1998","25585.50780","5.77800"
"GAB","Gabón","1999","22713.71444","5.96400"
"GAB","Gabón","2000","21717.22408","6.15000"
"GAB","Gabón","2001","21604.78044","6.30400"
"GAB","Gabón","2002","20981.47986","6.45800"
"GAB","Gabón","2003","20875.45493","6.61200"
"GAB","Gabón","2004","20438.93071","6.76600"
"GAB","Gabón","2005","20385.28999","6.92000"
"GAB","Gabón","2006","19224.12687","7.05000"
"GAB","Gabón","2007","19751.87622","7.18000"
"GAB","Gabón","2008","18493.09211","7.31000"
"GAB","Gabón","2009","17911.14585","7.44000"
"GAB","Gabón","2010","18530.57609","7.57000"
"GAB","Gabón","2011","19153.08782","7.85200"
"GAB","Gabón","2012","19450.40271","8.13400"
"GAB","Gabón","2013","19836.45549","8.41600"
"GAB","Gabón","2014","20008.98998","8.69800"
"GAB","Gabón","2015","20147.71162","8.98000"
"GAB","Gabón","2016","19988.17560","9.09400"
"GAB","Gabón","2017","19555.70788","9.20800"
"GAB","Gabón","2018","19225.59826","9.32200"
"GAB","Gabón","2019","19491.40676","9.43600"
"GAB","Gabón","2020","18681.48407","9.55000"
"GAB","Gabón","2021","18523.57980","9.68600"
"GAB","Gabón","2022","18662.04980","9.68600"
"GAB","Gabón","2023","18701.42278","9.68600"
"GMB","Gambia","1990","2653.78291","1.39500"
"GMB","Gambia","1991","2623.64162","1.52100"
"GMB","Gambia","1992","2604.26903","1.64700"
"GMB","Gambia","1993","2586.13042","1.77300"
"GMB","Gambia","1994","2508.10392","1.89900"
"GMB","Gambia","1995","2456.00078","2.02500"
"GMB","Gambia","1996","2439.04552","2.06800"
"GMB","Gambia","1997","2486.93798","2.11100"
"GMB","Gambia","1998","2502.76477","2.15300"
"GMB","Gambia","1999","2589.97774","2.19600"
"GMB","Gambia","2000","2658.61771","2.23900"
"GMB","Gambia","2001","2737.69611","2.32200"
"GMB","Gambia","2002","2578.55715","2.40600"
"GMB","Gambia","2003","2682.47993","2.48900"
"GMB","Gambia","2004","2794.19353","2.57200"
"GMB","Gambia","2005","2653.64239","2.65500"
"GMB","Gambia","2006","2564.68654","2.75900"
"GMB","Gambia","2007","2567.15729","2.86200"
"GMB","Gambia","2008","2649.61120","2.96600"
"GMB","Gambia","2009","2745.32541","3.06900"
"GMB","Gambia","2010","2824.21259","3.17300"
"GMB","Gambia","2011","2519.83983","3.30600"
"GMB","Gambia","2012","2574.93510","3.43800"
"GMB","Gambia","2013","2572.44729","3.57100"
"GMB","Gambia","2014","2465.10971","3.67700"
"GMB","Gambia","2015","2495.95742","3.78300"
"GMB","Gambia","2016","2478.46056","3.88800"
"GMB","Gambia","2017","2533.18684","3.99400"
"GMB","Gambia","2018","2651.43281","4.10000"
"GMB","Gambia","2019","2750.82132","4.30600"
"GMB","Gambia","2020","2702.31919","4.51200"
"GMB","Gambia","2021","2777.79621","4.67500"
"GMB","Gambia","2022","2863.18050","4.67500"
"GMB","Gambia","2023","2963.59873","4.67500"
"GEO","Georgia","2000","5706.27237","11.80600"
"GEO","Georgia","2001","6074.08643","11.86300"
"GEO","Georgia","2002","6464.32540","11.92000"
"GEO","Georgia","2003","7227.73706","11.97800"
"GEO","Georgia","2004","7693.91525","12.03600"
"GEO","Georgia","2005","8485.58671","12.09400"
"GEO","Georgia","2006","9337.98906","12.15200"
"GEO","Georgia","2007","10567.27472","12.21000"
"GEO","Georgia","2008","10856.10313","12.26800"
"GEO","Georgia","2009","10553.08964","12.32600"
"GEO","Georgia","2010","11294.36859","12.38400"
"GEO","Georgia","2011","12288.68289","12.44200"
"GEO","Georgia","2012","13193.95970","12.50000"
"GEO","Georgia","2013","13913.00182","12.56000"
"GEO","Georgia","2014","14475.31354","12.62000"
"GEO","Georgia","2015","14936.84341","12.71500"
"GEO","Georgia","2016","15442.95644","12.81000"
"GEO","Georgia","2017","16237.62422","12.87000"
"GEO","Georgia","2018","17228.67908","12.84500"
"GEO","Georgia","2019","18186.88165","12.82000"
"GEO","Georgia","2020","17031.14403","12.78000"
"GEO","Georgia","2021","18915.65340","12.74000"
"GEO","Georgia","2022","20966.52804","12.70000"
"GEO","Georgia","2023","22590.52936","12.70000"
"GHA","Ghana","1990","2785.67114","4.18300"
"GHA","Ghana","1991","2859.82702","4.31100"
"GHA","Ghana","1992","2897.83543","4.43900"
"GHA","Ghana","1993","2964.26601","4.56700"
"GHA","Ghana","1994","2989.34731","4.69400"
"GHA","Ghana","1995","3039.68873","4.82200"
"GHA","Ghana","1996","3106.18555","4.90200"
"GHA","Ghana","1997","3160.44504","4.98200"
"GHA","Ghana","1998","3229.48228","5.06200"
"GHA","Ghana","1999","3290.26865","5.14200"
"GHA","Ghana","2000","3327.35199","5.22300"
"GHA","Ghana","2001","3369.50703","5.27000"
"GHA","Ghana","2002","3425.61821","5.31800"
"GHA","Ghana","2003","3507.75106","5.36600"
"GHA","Ghana","2004","3607.36522","5.41300"
"GHA","Ghana","2005","3721.30786","5.46100"
"GHA","Ghana","2006","3857.86155","5.52100"
"GHA","Ghana","2007","3923.12568","5.58000"
"GHA","Ghana","2008","4174.78124","5.64000"
"GHA","Ghana","2009","4269.16006","5.70000"
"GHA","Ghana","2010","4495.68917","5.75900"
"GHA","Ghana","2011","5005.36732","5.79000"
"GHA","Ghana","2012","5339.71322","5.82100"
"GHA","Ghana","2013","5593.77482","5.85100"
"GHA","Ghana","2014","5619.07234","5.88200"
"GHA","Ghana","2015","5607.36636","5.91300"
"GHA","Ghana","2016","5666.07795","6.01700"
"GHA","Ghana","2017","5993.63085","6.12100"
"GHA","Ghana","2018","6234.51208","6.31800"
"GHA","Ghana","2019","6508.24652","6.51500"
"GHA","Ghana","2020","6412.68542","6.71300"
"GHA","Ghana","2021","6607.50297","6.91000"
"GHA","Ghana","2022","6728.45414","7.10700"
"GHA","Ghana","2023","6808.53775","7.10700"
"GRD","Granada","2002","11677.70342","8.63900"
"GRD","Granada","2003","12726.52662","8.68300"
"GRD","Granada","2004","12593.35463","8.72700"
"GRD","Granada","2005","14211.84266","8.77100"
"GRD","Granada","2006","13594.35516","8.81600"
"GRD","Granada","2007","14376.28245","8.86000"
"GRD","Granada","2008","14463.56001","8.90500"
"GRD","Granada","2009","13463.58029","8.95000"
"GRD","Granada","2010","13354.90850","8.99500"
"GRD","Granada","2011","13397.85004","9.04100"
"GRD","Granada","2012","13161.39553","9.08700"
"GRD","Granada","2013","13386.31891","9.13300"
"GRD","Granada","2014","14287.95387","9.17900"
"GRD","Granada","2015","15136.69667","9.22500"
"GRD","Granada","2016","15640.82745","9.27100"
"GRD","Granada","2017","16291.48946","9.31700"
"GRD","Granada","2018","16964.85200","9.36400"
"GRD","Granada","2019","17036.91517","9.39100"
"GRD","Granada","2020","14647.74514","9.41900"
"GRD","Granada","2021","15290.25090","9.44600"
"GRD","Granada","2022","16376.42731","9.44600"
"GRD","Granada","2023","17093.15629","9.44600"
"GRC","Grecia","1990","26916.31252","7.81300"
"GRC","Grecia","1991","27419.60293","7.94000"
"GRC","Grecia","1992","27401.42400","8.06900"
"GRC","Grecia","1993","26804.85376","8.19900"
"GRC","Grecia","1994","27204.39587","8.32800"
"GRC","Grecia","1995","27646.14764","8.45700"
"GRC","Grecia","1996","27905.10657","8.58600"
"GRC","Grecia","1997","28768.24015","8.71600"
"GRC","Grecia","1998","29592.52548","8.84500"
"GRC","Grecia","1999","30263.05437","8.97400"
"GRC","Grecia","2000","31386.63978","9.10400"
"GRC","Grecia","2001","32675.92923","9.23300"
"GRC","Grecia","2002","34081.02898","9.36200"
"GRC","Grecia","2003","35970.70168","9.49100"
"GRC","Grecia","2004","37811.49137","9.62100"
"GRC","Grecia","2005","38146.96297","9.75000"
"GRC","Grecia","2006","40483.15692","10.10000"
"GRC","Grecia","2007","41796.23369","10.06000"
"GRC","Grecia","2008","41709.38774","10.10000"
"GRC","Grecia","2009","39886.21355","10.15500"
"GRC","Grecia","2010","37566.74837","10.21000"
"GRC","Grecia","2011","33906.49174","10.30800"
"GRC","Grecia","2012","31250.22686","10.40500"
"GRC","Grecia","2013","30762.44322","10.50300"
"GRC","Grecia","2014","31213.37651","10.60000"
"GRC","Grecia","2015","31347.97657","10.74000"
"GRC","Grecia","2016","31468.61985","10.25000"
"GRC","Grecia","2017","31995.41088","10.54000"
"GRC","Grecia","2018","32722.33104","10.83000"
"GRC","Grecia","2019","33502.75065","11.12000"
"GRC","Grecia","2020","30487.11293","11.41000"
"GRC","Grecia","2021","33528.22712","11.55400"
"GRC","Grecia","2022","35828.17566","11.55400"
"GRC","Grecia","2023","36700.51346","11.55400"
"GTM","Guatemala","1990","7594.73215","3.19400"
"GTM","Guatemala","1991","7662.17100","3.27000"
"GTM","Guatemala","1992","7822.26344","3.34500"
"GTM","Guatemala","1993","7915.41060","3.42100"
"GTM","Guatemala","1994","8018.28331","3.49600"
"GTM","Guatemala","1995","8195.34971","3.57100"
"GTM","Guatemala","1996","8222.06920","3.64100"
"GTM","Guatemala","1997","8364.16519","3.71000"
"GTM","Guatemala","1998","8559.99026","3.77900"
"GTM","Guatemala","1999","8668.43100","3.84800"
"GTM","Guatemala","2000","8770.40815","3.91700"
"GTM","Guatemala","2001","8771.15927","3.88400"
"GTM","Guatemala","2002","8901.54046","3.85000"
"GTM","Guatemala","2003","8926.15772","3.80000"
"GTM","Guatemala","2004","9003.86136","3.75000"
"GTM","Guatemala","2005","9099.72751","3.70000"
"GTM","Guatemala","2006","9386.00550","3.65000"
"GTM","Guatemala","2007","9772.80992","3.84200"
"GTM","Guatemala","2008","9889.57668","4.03300"
"GTM","Guatemala","2009","9740.71388","4.22500"
"GTM","Guatemala","2010","9825.02223","4.41700"
"GTM","Guatemala","2011","10032.09328","4.60800"
"GTM","Guatemala","2012","10126.83306","4.80000"
"GTM","Guatemala","2013","10297.83930","4.90000"
"GTM","Guatemala","2014","10553.56399","5.84000"
"GTM","Guatemala","2015","10785.95831","4.93400"
"GTM","Guatemala","2016","10872.59389","5.12000"
"GTM","Guatemala","2017","11005.45929","5.30700"
"GTM","Guatemala","2018","11192.37192","5.49300"
"GTM","Guatemala","2019","11466.37649","5.68000"
"GTM","Guatemala","2020","11097.15039","5.73600"
"GTM","Guatemala","2021","11825.14127","5.79200"
"GTM","Guatemala","2022","12144.48005","5.84700"
"GTM","Guatemala","2023","12380.37151","5.84700"
"GIN","Guinea","1990","2105.74729","1.31300"
"GIN","Guinea","1991","2075.99194","1.32500"
"GIN","Guinea","1992","2076.55063","1.33800"
"GIN","Guinea","1993","2115.86650","1.35100"
"GIN","Guinea","1994","2134.89769","1.36400"
"GIN","Guinea","1995","2171.72552","1.37700"
"GIN","Guinea","1996","2205.32363","1.39000"
"GIN","Guinea","1997","2272.41100","1.40400"
"GIN","Guinea","1998","2311.32735","1.41700"
"GIN","Guinea","1999","2346.27018","1.43100"
"GIN","Guinea","2000","2358.28766","1.44400"
"GIN","Guinea","2001","2412.75162","1.45800"
"GIN","Guinea","2002","2498.13177","1.47100"
"GIN","Guinea","2003","2473.23418","1.48500"
"GIN","Guinea","2004","2477.50283","1.49900"
"GIN","Guinea","2005","2501.22160","1.51200"
"GIN","Guinea","2006","2478.61320","1.52600"
"GIN","Guinea","2007","2587.00489","1.53900"
"GIN","Guinea","2008","2629.53975","1.55300"
"GIN","Guinea","2009","2537.30646","1.56600"
"GIN","Guinea","2010","2594.83050","1.58000"
"GIN","Guinea","2011","2673.40873","1.65300"
"GIN","Guinea","2012","2762.90351","1.72500"
"GIN","Guinea","2013","2802.56007","1.79800"
"GIN","Guinea","2014","2834.96634","1.87000"
"GIN","Guinea","2015","2869.85157","2.45100"
"GIN","Guinea","2016","3099.78874","3.03200"
"GIN","Guinea","2017","3332.76576","2.58100"
"GIN","Guinea","2018","3455.64513","2.13000"
"GIN","Guinea","2019","3557.46234","2.24300"
"GIN","Guinea","2020","3630.99331","2.36100"
"GIN","Guinea","2021","3738.80513","2.48600"
"GIN","Guinea","2022","3792.01069","2.48600"
"GIN","Guinea","2023","3904.82396","2.48600"
"GNQ","Guinea Ecuatorial","2000","11767.47088","6.39400"
"GNQ","Guinea Ecuatorial","2001","18031.96498","6.48400"
"GNQ","Guinea Ecuatorial","2002","20242.43097","6.57700"
"GNQ","Guinea Ecuatorial","2003","21709.57512","6.67000"
"GNQ","Guinea Ecuatorial","2004","28225.98582","6.76500"
"GNQ","Guinea Ecuatorial","2005","31302.95795","6.86100"
"GNQ","Guinea Ecuatorial","2006","32251.76801","6.95800"
"GNQ","Guinea Ecuatorial","2007","35540.44776","7.05700"
"GNQ","Guinea Ecuatorial","2008","39994.61598","7.15700"
"GNQ","Guinea Ecuatorial","2009","38706.60525","7.25900"
"GNQ","Guinea Ecuatorial","2010","33668.87407","7.36200"
"GNQ","Guinea Ecuatorial","2011","34341.93426","7.46600"
"GNQ","Guinea Ecuatorial","2012","35711.49193","7.57200"
"GNQ","Guinea Ecuatorial","2013","32894.36932","7.68000"
"GNQ","Guinea Ecuatorial","2014","31765.89971","7.78700"
"GNQ","Guinea Ecuatorial","2015","27797.79428","7.89500"
"GNQ","Guinea Ecuatorial","2016","24435.06456","8.00200"
"GNQ","Guinea Ecuatorial","2017","22250.43892","8.11000"
"GNQ","Guinea Ecuatorial","2018","20165.47956","8.16700"
"GNQ","Guinea Ecuatorial","2019","18446.59166","8.22400"
"GNQ","Guinea Ecuatorial","2020","17089.15373","8.28100"
"GNQ","Guinea Ecuatorial","2021","16821.44865","8.28100"
"GNQ","Guinea Ecuatorial","2022","16932.77068","8.28100"
"GNQ","Guinea Ecuatorial","2023","15302.15178","8.28100"
"GNB","Guinea-Bissau","2005","2060.66663","2.14900"
"GNB","Guinea-Bissau","2006","2065.21228","2.27100"
"GNB","Guinea-Bissau","2007","2065.98984","2.41900"
"GNB","Guinea-Bissau","2008","2105.67394","2.56600"
"GNB","Guinea-Bissau","2009","2103.05813","2.71300"
"GNB","Guinea-Bissau","2010","2164.26824","2.86100"
"GNB","Guinea-Bissau","2011","2278.54752","3.00800"
"GNB","Guinea-Bissau","2012","2180.74339","3.15600"
"GNB","Guinea-Bissau","2013","2192.59279","3.30300"
"GNB","Guinea-Bissau","2014","2156.33644","3.45100"
"GNB","Guinea-Bissau","2015","2230.52993","3.49500"
"GNB","Guinea-Bissau","2016","2293.37861","3.54000"
"GNB","Guinea-Bissau","2017","2342.56111","3.58400"
"GNB","Guinea-Bissau","2018","2373.64936","3.62900"
"GNB","Guinea-Bissau","2019","2442.25868","3.67300"
"GNB","Guinea-Bissau","2020","2456.01139","3.67300"
"GNB","Guinea-Bissau","2021","2522.12869","3.67300"
"GNB","Guinea-Bissau","2022","2600.80247","3.67300"
"GNB","Guinea-Bissau","2023","2660.81445","3.67300"
"GUY","Guyana","1990","5074.43110","5.27100"
"GUY","Guyana","1991","5396.46343","5.34100"
"GUY","Guyana","1992","5799.21836","5.41100"
"GUY","Guyana","1993","6247.86625","5.48200"
"GUY","Guyana","1994","6755.32867","5.55200"
"GUY","Guyana","1995","7071.21280","5.62200"
"GUY","Guyana","1996","7612.30424","5.70000"
"GUY","Guyana","1997","8064.56715","5.77700"
"GUY","Guyana","1998","7915.22956","5.85500"
"GUY","Guyana","1999","8139.97018","5.93300"
"GUY","Guyana","2000","8025.29326","6.01100"
"GUY","Guyana","2001","8212.04322","6.06500"
"GUY","Guyana","2002","8314.02728","6.12000"
"GUY","Guyana","2003","8267.42911","6.26300"
"GUY","Guyana","2004","8404.20016","6.40700"
"GUY","Guyana","2005","8256.52519","6.55000"
"GUY","Guyana","2006","8702.33133","6.69400"
"GUY","Guyana","2007","9354.08018","6.83700"
"GUY","Guyana","2008","9546.70876","6.98100"
"GUY","Guyana","2009","9924.52661","7.12400"
"GUY","Guyana","2010","10374.39476","7.26800"
"GUY","Guyana","2011","10958.85988","7.41100"
"GUY","Guyana","2012","11534.99856","7.55400"
"GUY","Guyana","2013","11896.90699","7.69800"
"GUY","Guyana","2014","12030.05293","7.84100"
"GUY","Guyana","2015","12040.08253","7.98500"
"GUY","Guyana","2016","12420.47247","8.12800"
"GUY","Guyana","2017","12801.64085","8.27200"
"GUY","Guyana","2018","12980.35760","8.41500"
"GUY","Guyana","2019","13402.42195","8.55900"
"GUY","Guyana","2020","19234.13020","8.62700"
"GUY","Guyana","2021","22865.92710","8.70200"
"GUY","Guyana","2022","37068.19938","8.70200"
"GUY","Guyana","2023","49312.36032","8.70200"
"HTI","Haití","1990","3923.22196","2.68000"
"HTI","Haití","1991","3916.43139","2.78200"
"HTI","Haití","1992","3635.13893","2.88300"
"HTI","Haití","1993","3370.99533","2.98500"
"HTI","Haití","1994","2911.49975","3.08700"
"HTI","Haití","1995","3139.26417","3.18800"
"HTI","Haití","1996","3207.74580","3.29800"
"HTI","Haití","1997","3232.95525","3.40800"
"HTI","Haití","1998","3242.45890","3.51700"
"HTI","Haití","1999","3269.39882","3.62700"
"HTI","Haití","2000","3237.53078","3.73600"
"HTI","Haití","2001","3168.14454","3.84400"
"HTI","Haití","2002","3145.03690","3.95200"
"HTI","Haití","2003","3197.93653","4.05900"
"HTI","Haití","2004","3102.54174","4.16700"
"HTI","Haití","2005","3144.56354","4.27400"
"HTI","Haití","2006","3146.26344","4.36400"
"HTI","Haití","2007","3239.25746","4.45400"
"HTI","Haití","2008","3270.41272","4.54300"
"HTI","Haití","2009","3406.29487","4.63300"
"HTI","Haití","2010","3176.50949","4.72300"
"HTI","Haití","2011","3300.87444","4.82400"
"HTI","Haití","2012","3266.43833","4.92600"
"HTI","Haití","2013","3356.83732","5.02800"
"HTI","Haití","2014","3403.57497","5.12900"
"HTI","Haití","2015","3402.02840","5.23100"
"HTI","Haití","2016","3415.58218","5.30700"
"HTI","Haití","2017","3453.97142","5.38200"
"HTI","Haití","2018","3465.25481","5.38200"
"HTI","Haití","2019","3361.75329","5.38200"
"HTI","Haití","2020","3210.53610","5.38200"
"HTI","Haití","2021","3116.56505","5.38200"
"HTI","Haití","2022","3029.77866","5.38200"
"HTI","Haití","2023","2939.12379","5.38200"
"HND","Honduras","1990","1172.07981","3.86400"
"HND","Honduras","1991","1436.05066","3.94400"
"HND","Honduras","1992","1521.94722","4.02300"
"HND","Honduras","1993","1681.08239","4.10300"
"HND","Honduras","1994","2108.27415","4.18300"
"HND","Honduras","1995","2555.02623","4.26200"
"HND","Honduras","1996","3054.15774","4.32900"
"HND","Honduras","1997","3635.98071","4.39600"
"HND","Honduras","1998","3950.83499","4.46300"
"HND","Honduras","1999","4293.82723","4.53000"
"HND","Honduras","2000","4579.68961","4.59700"
"HND","Honduras","2001","4578.94788","4.66400"
"HND","Honduras","2002","4627.02279","4.73100"
"HND","Honduras","2003","4714.86701","4.79800"
"HND","Honduras","2004","4885.34258","4.86500"
"HND","Honduras","2005","5056.67544","4.93200"
"HND","Honduras","2006","5263.15029","4.94100"
"HND","Honduras","2007","5461.90152","4.95000"
"HND","Honduras","2008","5566.70639","5.10700"
"HND","Honduras","2009","5313.75574","5.26500"
"HND","Honduras","2010","5396.07228","5.42200"
"HND","Honduras","2011","5488.43372","5.58000"
"HND","Honduras","2012","5600.60776","5.52000"
"HND","Honduras","2013","5644.13385","5.85000"
"HND","Honduras","2014","5705.16246","6.18000"
"HND","Honduras","2015","5812.53489","6.29000"
"HND","Honduras","2016","5926.49026","6.53000"
"HND","Honduras","2017","6099.60735","6.41000"
"HND","Honduras","2018","6219.27974","6.29000"
"HND","Honduras","2019","6264.01884","7.09000"
"HND","Honduras","2020","5603.26398","7.29700"
"HND","Honduras","2021","6202.98079","7.51000"
"HND","Honduras","2022","6352.58710","7.51000"
"HND","Honduras","2023","6467.88004","7.51000"
"HKG","Hong Kong","1990","31598.72646","8.67000"
"HKG","Hong Kong","1991","33124.64460","8.85000"
"HKG","Hong Kong","1992","34895.73847","9.03400"
"HKG","Hong Kong","1993","36428.52383","9.21800"
"HKG","Hong Kong","1994","37767.18276","9.40200"
"HKG","Hong Kong","1995","37905.64829","9.58600"
"HKG","Hong Kong","1996","37804.07979","9.77000"
"HKG","Hong Kong","1997","39402.57369","9.89300"
"HKG","Hong Kong","1998","36776.36571","10.01600"
"HKG","Hong Kong","1999","37339.89318","10.13900"
"HKG","Hong Kong","2000","39848.55935","10.26200"
"HKG","Hong Kong","2001","39777.82624","10.38500"
"HKG","Hong Kong","2002","40258.14888","10.50800"
"HKG","Hong Kong","2003","41570.56344","10.63100"
"HKG","Hong Kong","2004","44836.17687","10.75400"
"HKG","Hong Kong","2005","47938.85336","10.87700"
"HKG","Hong Kong","2006","50981.72962","11.00000"
"HKG","Hong Kong","2007","53813.02214","11.10500"
"HKG","Hong Kong","2008","54630.32991","11.21000"
"HKG","Hong Kong","2009","53172.28843","11.31000"
"HKG","Hong Kong","2010","56355.40909","11.40000"
"HKG","Hong Kong","2011","58672.80502","11.62000"
"HKG","Hong Kong","2012","59015.31796","11.70700"
"HKG","Hong Kong","2013","60601.61092","11.79300"
"HKG","Hong Kong","2014","61839.80442","11.88000"
"HKG","Hong Kong","2015","62779.75524","12.02000"
"HKG","Hong Kong","2016","63749.42850","12.09500"
"HKG","Hong Kong","2017","65662.85434","12.17000"
"HKG","Hong Kong","2018","66993.95926","12.20000"
"HKG","Hong Kong","2019","65388.33664","12.23000"
"HKG","Hong Kong","2020","61328.53670","12.27000"
"HKG","Hong Kong","2021","65884.93763","12.31000"
"HKG","Hong Kong","2022","64035.64849","12.35000"
"HKG","Hong Kong","2023","64387.66541","12.35000"
"HUN","Hungría","1990","21297.00064","9.48000"
"HUN","Hungría","1991","18765.41625","9.54900"
"HUN","Hungría","1992","18197.53055","9.61800"
"HUN","Hungría","1993","18113.33691","9.68700"
"HUN","Hungría","1994","18672.70724","9.75600"
"HUN","Hungría","1995","18977.24370","9.82500"
"HUN","Hungría","1996","19029.11373","9.89500"
"HUN","Hungría","1997","19635.29496","9.96400"
"HUN","Hungría","1998","20438.38296","10.03300"
"HUN","Hungría","1999","21128.88846","10.10200"
"HUN","Hungría","2000","22117.92043","10.17100"
"HUN","Hungría","2001","23069.21147","10.24000"
"HUN","Hungría","2002","24229.29536","10.38700"
"HUN","Hungría","2003","25255.87113","10.53500"
"HUN","Hungría","2004","26568.11886","10.68200"
"HUN","Hungría","2005","27765.78861","10.83000"
"HUN","Hungría","2006","28903.04754","11.07500"
"HUN","Hungría","2007","29044.06690","11.32000"
"HUN","Hungría","2008","29384.00704","11.56500"
"HUN","Hungría","2009","27445.95946","11.81000"
"HUN","Hungría","2010","27801.83382","11.88000"
"HUN","Hungría","2011","28415.11734","11.92000"
"HUN","Hungría","2012","28179.65646","11.84000"
"HUN","Hungría","2013","28891.02175","12.01000"
"HUN","Hungría","2014","30264.94923","11.77000"
"HUN","Hungría","2015","31485.56754","11.85000"
"HUN","Hungría","2016","32378.96750","11.89000"
"HUN","Hungría","2017","33828.71494","11.98000"
"HUN","Hungría","2018","35798.04128","12.07000"
"HUN","Hungría","2019","37662.67681","12.16000"
"HUN","Hungría","2020","36119.52117","12.25000"
"HUN","Hungría","2021","38887.19095","12.33200"
"HUN","Hungría","2022","40610.97114","12.33200"
"HUN","Hungría","2023","40333.25469","12.33200"
"IND","India","1990","2139.82749","2.78100"
"IND","India","1991","2116.06939","2.88400"
"IND","India","1992","2185.04046","2.98700"
"IND","India","1993","2241.28536","3.09100"
"IND","India","1994","2342.15609","3.19400"
"IND","India","1995","2469.35163","3.29700"
"IND","India","1996","2603.24633","3.46600"
"IND","India","1997","2655.92939","3.63500"
"IND","India","1998","2766.11049","3.80500"
"IND","India","1999","2954.06886","3.97400"
"IND","India","2000","3010.42156","4.14300"
"IND","India","2001","3097.16224","4.22000"
"IND","India","2002","3157.26904","4.29700"
"IND","India","2003","3346.88829","4.37400"
"IND","India","2004","3551.04731","4.45100"
"IND","India","2005","3770.39653","4.52800"
"IND","India","2006","4011.08648","4.63500"
"IND","India","2007","4253.82139","4.74200"
"IND","India","2008","4322.48379","4.84900"
"IND","India","2009","4595.37991","4.95600"
"IND","India","2010","4913.87640","5.06300"
"IND","India","2011","5098.67459","5.30000"
"IND","India","2012","5303.50198","5.39800"
"IND","India","2013","5567.49439","5.49500"
"IND","India","2014","5905.10618","5.59300"
"IND","India","2015","6301.67347","5.69000"
"IND","India","2016","6741.14883","5.78800"
"IND","India","2017","7116.03659","6.01400"
"IND","India","2018","7492.62577","6.24000"
"IND","India","2019","7702.17635","6.28100"
"IND","India","2020","7186.86447","6.49000"
"IND","India","2021","7818.65702","6.53000"
"IND","India","2022","8347.38479","6.57000"
"IND","India","2023","8870.55028","6.88000"
"IDN","Indonesia","1990","4873.05380","3.22000"
"IDN","Indonesia","1991","5118.46790","3.49300"
"IDN","Indonesia","1992","5357.37590","3.76600"
"IDN","Indonesia","1993","5609.15179","4.03900"
"IDN","Indonesia","1994","5931.23473","4.31300"
"IDN","Indonesia","1995","6312.93454","4.58600"
"IDN","Indonesia","1996","6695.40976","4.85900"
"IDN","Indonesia","1997","6897.00237","5.13200"
"IDN","Indonesia","1998","5897.68531","5.40500"
"IDN","Indonesia","1999","5855.65801","5.67800"
"IDN","Indonesia","2000","6056.38198","5.95100"
"IDN","Indonesia","2001","6190.51954","6.22400"
"IDN","Indonesia","2002","6381.94955","6.49800"
"IDN","Indonesia","2003","6599.09194","6.77100"
"IDN","Indonesia","2004","6843.54655","7.04400"
"IDN","Indonesia","2005","7140.85456","7.31700"
"IDN","Indonesia","2006","7434.48785","7.59000"
"IDN","Indonesia","2007","7802.46407","7.02000"
"IDN","Indonesia","2008","8165.06155","7.07000"
"IDN","Indonesia","2009","8435.45575","7.31000"
"IDN","Indonesia","2010","8848.22474","7.41000"
"IDN","Indonesia","2011","9274.96955","7.51000"
"IDN","Indonesia","2012","9708.61183","7.60700"
"IDN","Indonesia","2013","10121.81415","7.70300"
"IDN","Indonesia","2014","10504.38694","7.80000"
"IDN","Indonesia","2015","10893.66211","7.91000"
"IDN","Indonesia","2016","11319.66343","7.98000"
"IDN","Indonesia","2017","11772.57433","8.24000"
"IDN","Indonesia","2018","12262.23103","8.16000"
"IDN","Indonesia","2019","12757.78509","8.36000"
"IDN","Indonesia","2020","12388.54493","8.56000"
"IDN","Indonesia","2021","12757.07464","8.69700"
"IDN","Indonesia","2022","13334.26539","8.69700"
"IDN","Indonesia","2023","13889.94950","8.69700"
"IRQ","Iraq","1990","10735.09411","4.87000"
"IRQ","Iraq","1991","3819.16195","4.93900"
"IRQ","Iraq","1992","4916.26440","5.00900"
"IRQ","Iraq","1993","6105.04166","5.07900"
"IRQ","Iraq","1994","6044.87105","5.15100"
"IRQ","Iraq","1995","5969.66964","5.22400"
"IRQ","Iraq","1996","6419.36982","5.29800"
"IRQ","Iraq","1997","7545.72976","5.37300"
"IRQ","Iraq","1998","9871.73398","5.44900"
"IRQ","Iraq","1999","11237.85374","5.52600"
"IRQ","Iraq","2000","12702.16420","5.60400"
"IRQ","Iraq","2001","12529.60841","5.68500"
"IRQ","Iraq","2002","11144.05053","5.76700"
"IRQ","Iraq","2003","6849.33201","5.84800"
"IRQ","Iraq","2004","10210.56310","5.93000"
"IRQ","Iraq","2005","10078.44376","6.01100"
"IRQ","Iraq","2006","10568.91377","6.09300"
"IRQ","Iraq","2007","10853.81610","6.16900"
"IRQ","Iraq","2008","11511.93876","6.24600"
"IRQ","Iraq","2009","11470.51781","6.32300"
"IRQ","Iraq","2010","11816.84102","6.40000"
"IRQ","Iraq","2011","12267.58489","6.47700"
"IRQ","Iraq","2012","13357.01439","6.50700"
"IRQ","Iraq","2013","13712.93171","6.53700"
"IRQ","Iraq","2014","13536.82277","6.56700"
"IRQ","Iraq","2015","13516.02720","6.59700"
"IRQ","Iraq","2016","15016.09206","6.62800"
"IRQ","Iraq","2017","14417.63069","6.65800"
"IRQ","Iraq","2018","14456.23571","6.68800"
"IRQ","Iraq","2019","14910.22503","6.71800"
"IRQ","Iraq","2020","12827.63454","6.74900"
"IRQ","Iraq","2021","12731.75358","6.78000"
"IRQ","Iraq","2022","13433.39772","6.78000"
"IRQ","Iraq","2023","13202.32281","6.78000"
"IRL","Irlanda","1990","29504.87727","9.13200"
"IRL","Irlanda","1991","29901.80630","9.27000"
"IRL","Irlanda","1992","30691.39560","9.41000"
"IRL","Irlanda","1993","31360.64907","9.55000"
"IRL","Irlanda","1994","33035.23626","9.69000"
"IRL","Irlanda","1995","36032.77747","9.83000"
"IRL","Irlanda","1996","38386.91167","9.97000"
"IRL","Irlanda","1997","42192.58481","10.11000"
"IRL","Irlanda","1998","45415.04552","10.25000"
"IRL","Irlanda","1999","49634.50267","10.39000"
"IRL","Irlanda","2000","53582.83135","10.53000"
"IRL","Irlanda","2001","55534.56981","10.67000"
"IRL","Irlanda","2002","57828.01163","10.81000"
"IRL","Irlanda","2003","58608.33538","10.95000"
"IRL","Irlanda","2004","61452.86604","11.09000"
"IRL","Irlanda","2005","63579.71344","11.23000"
"IRL","Irlanda","2006","64975.40865","11.37000"
"IRL","Irlanda","2007","66475.84101","11.35000"
"IRL","Irlanda","2008","62213.64533","11.42300"
"IRL","Irlanda","2009","58446.72633","11.49700"
"IRL","Irlanda","2010","59107.42207","11.57000"
"IRL","Irlanda","2011","59797.05373","11.00000"
"IRL","Irlanda","2012","59303.03198","11.07200"
"IRL","Irlanda","2013","60285.23761","11.14300"
"IRL","Irlanda","2014","65463.19525","11.21500"
"IRL","Irlanda","2015","80815.64153","11.28700"
"IRL","Irlanda","2016","80760.09741","11.35800"
"IRL","Irlanda","2017","87731.78970","11.43000"
"IRL","Irlanda","2018","93115.83935","11.50300"
"IRL","Irlanda","2019","96205.79616","11.57700"
"IRL","Irlanda","2020","101793.44753","11.65100"
"IRL","Irlanda","2021","116702.85817","11.72500"
"IRL","Irlanda","2022","123007.47649","11.72500"
"IRL","Irlanda","2023","117659.72859","11.72500"
"IRN","Irán","1990","9656.00117","5.73900"
"IRN","Irán","1991","10592.33193","6.02200"
"IRN","Irán","1992","10727.41837","6.30400"
"IRN","Irán","1993","10531.99528","6.58700"
"IRN","Irán","1994","10333.43300","6.87000"
"IRN","Irán","1995","10465.02596","7.15300"
"IRN","Irán","1996","11010.00950","7.41400"
"IRN","Irán","1997","11025.72024","7.67500"
"IRN","Irán","1998","11101.50787","7.93600"
"IRN","Irán","1999","11163.69507","8.19700"
"IRN","Irán","2000","11643.12181","8.45800"
"IRN","Irán","2001","11739.00909","8.67900"
"IRN","Irán","2002","12583.04499","8.89900"
"IRN","Irán","2003","13519.45019","9.11900"
"IRN","Irán","2004","13807.19531","9.34000"
"IRN","Irán","2005","13935.77431","9.56000"
"IRN","Irán","2006","14320.65685","9.87000"
"IRN","Irán","2007","15237.42379","9.63000"
"IRN","Irán","2008","15091.25065","9.39000"
"IRN","Irán","2009","15055.14946","9.55000"
"IRN","Irán","2010","15729.91317","9.71000"
"IRN","Irán","2011","15947.76610","9.80000"
"IRN","Irán","2012","15159.29482","9.89000"
"IRN","Irán","2013","14734.74059","10.04000"
"IRN","Irán","2014","15262.85158","10.12000"
"IRN","Irán","2015","14841.90483","10.21500"
"IRN","Irán","2016","15920.37180","10.31000"
"IRN","Irán","2017","16167.96772","10.41500"
"IRN","Irán","2018","15364.80491","10.52100"
"IRN","Irán","2019","14841.07515","10.62900"
"IRN","Irán","2020","15381.58454","10.73700"
"IRN","Irán","2021","15884.42768","10.84700"
"IRN","Irán","2022","16377.96106","10.84700"
"IRN","Irán","2023","17044.81734","10.84700"
"ISL","Islandia","1990","43099.57864","10.50800"
"ISL","Islandia","1991","42507.64617","10.62400"
"ISL","Islandia","1992","40560.57007","10.74100"
"ISL","Islandia","1993","40677.58812","10.85800"
"ISL","Islandia","1994","41781.83027","10.97500"
"ISL","Islandia","1995","41604.23812","11.09100"
"ISL","Islandia","1996","43241.35544","11.22100"
"ISL","Islandia","1997","44664.53063","11.35000"
"ISL","Islandia","1998","47286.63587","11.47900"
"ISL","Islandia","1999","48539.34331","11.60800"
"ISL","Islandia","2000","50227.84087","11.73700"
"ISL","Islandia","2001","51468.32823","11.88400"
"ISL","Islandia","2002","51287.59373","12.03000"
"ISL","Islandia","2003","52095.64027","12.17700"
"ISL","Islandia","2004","55576.60998","12.32300"
"ISL","Islandia","2005","58549.13589","12.47000"
"ISL","Islandia","2006","60434.38379","12.56000"
"ISL","Islandia","2007","64075.30982","12.65000"
"ISL","Islandia","2008","63963.76014","12.74000"
"ISL","Islandia","2009","58441.27197","12.83000"
"ISL","Islandia","2010","57225.10243","12.92000"
"ISL","Islandia","2011","57837.86046","13.01000"
"ISL","Islandia","2012","58203.63795","13.10000"
"ISL","Islandia","2013","59729.54398","13.19000"
"ISL","Islandia","2014","60199.19949","13.28000"
"ISL","Islandia","2015","61820.36189","13.37000"
"ISL","Islandia","2016","64759.22754","13.46000"
"ISL","Islandia","2017","65462.50333","13.55000"
"ISL","Islandia","2018","66703.02194","13.64000"
"ISL","Islandia","2019","65994.98600","13.73000"
"ISL","Islandia","2020","60617.14327","13.77000"
"ISL","Islandia","2021","62720.79168","13.90900"
"ISL","Islandia","2022","66581.24418","13.90900"
"ISL","Islandia","2023","69268.12214","13.90900"
"MHL","Islas Marshall","2011","4259.66173","10.88000"
"MHL","Islas Marshall","2012","4244.58813","10.94700"
"MHL","Islas Marshall","2013","4470.42630","11.01500"
"MHL","Islas Marshall","2014","4492.56749","11.08300"
"MHL","Islas Marshall","2015","4670.70756","11.15100"
"MHL","Islas Marshall","2016","4897.14934","11.21900"
"MHL","Islas Marshall","2017","5200.01067","11.28700"
"MHL","Islas Marshall","2018","5636.02955","11.35500"
"MHL","Islas Marshall","2019","6405.89632","11.44900"
"MHL","Islas Marshall","2020","6418.00664","11.54300"
"MHL","Islas Marshall","2021","6768.82579","11.63700"
"MHL","Islas Marshall","2022","6937.75357","11.63700"
"MHL","Islas Marshall","2023","6774.78266","11.63700"
"SLB","Islas Salomón","1999","2717.87534","5.05300"
"SLB","Islas Salomón","2000","2277.11364","5.09200"
"SLB","Islas Salomón","2001","2055.53771","5.13100"
"SLB","Islas Salomón","2002","1960.67505","5.17000"
"SLB","Islas Salomón","2003","2050.57140","5.21000"
"SLB","Islas Salomón","2004","2168.78372","5.25000"
"SLB","Islas Salomón","2005","2287.56669","5.29000"
"SLB","Islas Salomón","2006","2340.95144","5.33000"
"SLB","Islas Salomón","2007","2384.62333","5.37100"
"SLB","Islas Salomón","2008","2490.10207","5.41200"
"SLB","Islas Salomón","2009","2515.21324","5.45300"
"SLB","Islas Salomón","2010","2682.62900","5.49500"
"SLB","Islas Salomón","2011","2777.83439","5.53700"
"SLB","Islas Salomón","2012","2743.81002","5.57900"
"SLB","Islas Salomón","2013","2783.94857","5.62200"
"SLB","Islas Salomón","2014","2716.77005","5.66500"
"SLB","Islas Salomón","2015","2665.06621","5.70700"
"SLB","Islas Salomón","2016","2715.58152","5.75000"
"SLB","Islas Salomón","2017","2704.00988","5.79300"
"SLB","Islas Salomón","2018","2686.46317","5.82200"
"SLB","Islas Salomón","2019","2661.95771","5.85100"
"SLB","Islas Salomón","2020","2515.46369","5.88000"
"SLB","Islas Salomón","2021","2450.18400","5.88000"
"SLB","Islas Salomón","2022","2330.40165","5.88000"
"SLB","Islas Salomón","2023","2339.87470","5.88000"
"ISR","Israel","1990","25340.98133","9.89900"
"ISR","Israel","1991","25704.72074","9.96600"
"ISR","Israel","1992","26758.42907","10.03200"
"ISR","Israel","1993","27129.21938","10.09900"
"ISR","Israel","1994","28399.39819","10.16500"
"ISR","Israel","1995","29477.45829","10.23200"
"ISR","Israel","1996","30392.89731","10.30300"
"ISR","Israel","1997","30713.15980","10.37500"
"ISR","Israel","1998","31250.10717","10.44700"
"ISR","Israel","1999","31466.16837","10.51900"
"ISR","Israel","2000","33278.54123","10.59100"
"ISR","Israel","2001","32591.21168","10.63500"
"ISR","Israel","2002","31892.53960","10.68000"
"ISR","Israel","2003","31771.21159","10.72500"
"ISR","Israel","2004","32665.85371","10.77000"
"ISR","Israel","2005","33491.99140","11.27500"
"ISR","Israel","2006","34744.86751","11.78000"
"ISR","Israel","2007","36288.06551","12.38000"
"ISR","Israel","2008","36795.47991","12.42000"
"ISR","Israel","2009","36364.78432","12.46000"
"ISR","Israel","2010","37686.34208","12.50000"
"ISR","Israel","2011","39036.02474","12.60000"
"ISR","Israel","2012","39245.50781","12.69000"
"ISR","Israel","2013","40095.47568","12.80000"
"ISR","Israel","2014","40795.62909","12.92000"
"ISR","Israel","2015","40889.59891","12.96000"
"ISR","Israel","2016","41914.58030","13.05400"
"ISR","Israel","2017","42895.58513","13.14900"
"ISR","Israel","2018","43782.65265","13.24400"
"ISR","Israel","2019","44492.12270","13.34000"
"ISR","Israel","2020","42926.54154","13.43700"
"ISR","Israel","2021","46151.10082","13.53500"
"ISR","Israel","2022","48132.36372","13.53500"
"ISR","Israel","2023","47671.24769","13.53500"
"ITA","Italia","1990","42656.74451","7.43800"
"ITA","Italia","1991","43283.02044","7.56900"
"ITA","Italia","1992","43614.48509","7.69900"
"ITA","Italia","1993","43216.10964","7.83000"
"ITA","Italia","1994","44136.70591","7.96000"
"ITA","Italia","1995","45410.13917","8.09100"
"ITA","Italia","1996","46008.23893","8.22400"
"ITA","Italia","1997","46869.42561","8.35600"
"ITA","Italia","1998","47701.39742","8.48900"
"ITA","Italia","1999","48493.66512","8.62200"
"ITA","Italia","2000","50353.42004","8.75400"
"ITA","Italia","2001","51332.29044","8.84000"
"ITA","Italia","2002","51369.11491","8.94800"
"ITA","Italia","2003","51126.25855","9.05500"
"ITA","Italia","2004","51495.00288","9.16300"
"ITA","Italia","2005","51585.64458","9.27000"
"ITA","Italia","2006","52304.24029","9.39000"
"ITA","Italia","2007","52747.19055","9.53000"
"ITA","Italia","2008","51806.39062","9.65000"
"ITA","Italia","2009","48774.39168","9.73000"
"ITA","Italia","2010","49301.69591","9.82000"
"ITA","Italia","2011","49473.01492","9.90000"
"ITA","Italia","2012","47795.95794","10.02000"
"ITA","Italia","2013","46833.36153","10.12000"
"ITA","Italia","2014","46825.65112","10.22000"
"ITA","Italia","2015","47311.82553","10.31000"
"ITA","Italia","2016","47987.83796","10.39600"
"ITA","Italia","2017","48849.21835","10.48200"
"ITA","Italia","2018","49355.87519","10.56800"
"ITA","Italia","2019","49690.62985","10.65400"
"ITA","Italia","2020","45505.06887","10.74000"
"ITA","Italia","2021","49825.39341","10.82800"
"ITA","Italia","2022","52333.32743","10.82800"
"ITA","Italia","2023","52842.62888","10.82800"
"JAM","Jamaica","1990","8879.65295","6.68800"
"JAM","Jamaica","1991","9227.87614","6.77000"
"JAM","Jamaica","1992","9315.85819","6.85300"
"JAM","Jamaica","1993","10088.23236","6.93700"
"JAM","Jamaica","1994","10123.23394","7.02000"
"JAM","Jamaica","1995","10257.80654","7.10400"
"JAM","Jamaica","1996","10147.46411","7.18700"
"JAM","Jamaica","1997","9939.66173","7.27100"
"JAM","Jamaica","1998","9624.92936","7.35400"
"JAM","Jamaica","1999","9650.43726","7.43800"
"JAM","Jamaica","2000","9667.92474","7.52100"
"JAM","Jamaica","2001","9736.06292","7.60500"
"JAM","Jamaica","2002","9869.71292","7.68800"
"JAM","Jamaica","2003","10169.75002","7.77200"
"JAM","Jamaica","2004","10244.20667","7.85500"
"JAM","Jamaica","2005","10278.68344","7.93900"
"JAM","Jamaica","2006","10522.23675","8.02200"
"JAM","Jamaica","2007","10622.44428","8.10600"
"JAM","Jamaica","2008","10490.46861","8.18900"
"JAM","Jamaica","2009","9992.97700","8.27300"
"JAM","Jamaica","2010","9805.90173","8.35600"
"JAM","Jamaica","2011","9932.48381","8.44000"
"JAM","Jamaica","2012","9829.03510","8.57800"
"JAM","Jamaica","2013","9839.96507","8.71600"
"JAM","Jamaica","2014","9872.15914","8.85500"
"JAM","Jamaica","2015","9931.89876","8.99300"
"JAM","Jamaica","2016","10179.25365","9.13100"
"JAM","Jamaica","2017","10391.03782","9.26900"
"JAM","Jamaica","2018","10636.09298","9.40700"
"JAM","Jamaica","2019","10816.37204","9.54500"
"JAM","Jamaica","2020","9891.96933","9.68400"
"JAM","Jamaica","2021","10430.69098","9.82200"
"JAM","Jamaica","2022","11096.63771","9.96000"
"JAM","Jamaica","2023","11398.81204","9.96000"
"JPN","Japón","1990","36137.84426","11.64000"
"JPN","Japón","1991","37226.33390","11.68500"
"JPN","Japón","1992","37402.94424","11.72900"
"JPN","Japón","1993","37088.80200","11.77400"
"JPN","Japón","1994","37352.68686","11.81800"
"JPN","Japón","1995","38137.93463","11.86300"
"JPN","Japón","1996","39221.76512","11.90700"
"JPN","Japón","1997","39661.73128","11.95200"
"JPN","Japón","1998","38852.95266","11.99600"
"JPN","Japón","1999","38647.27053","12.04100"
"JPN","Japón","2000","39731.79537","12.08500"
"JPN","Japón","2001","39748.98377","12.13000"
"JPN","Japón","2002","39690.36768","12.17400"
"JPN","Japón","2003","40152.12826","12.21800"
"JPN","Japón","2004","40986.72257","12.26300"
"JPN","Japón","2005","41740.35204","12.30700"
"JPN","Japón","2006","42358.93373","12.35200"
"JPN","Japón","2007","43041.56971","12.39600"
"JPN","Japón","2008","42518.84234","12.44100"
"JPN","Japón","2009","39999.94642","12.48500"
"JPN","Japón","2010","41647.04585","12.53000"
"JPN","Japón","2011","41640.66087","12.54400"
"JPN","Japón","2012","42394.94332","12.55800"
"JPN","Japón","2013","43304.11819","12.57200"
"JPN","Japón","2014","43754.43801","12.58600"
"JPN","Japón","2015","44589.30329","12.60000"
"JPN","Japón","2016","44926.62029","12.61400"
"JPN","Japón","2017","45693.37761","12.62800"
"JPN","Japón","2018","46133.02260","12.64200"
"JPN","Japón","2019","46055.34987","12.65600"
"JPN","Japón","2020","44212.55034","12.67000"
"JPN","Japón","2021","45999.46180","12.68400"
"JPN","Japón","2022","46819.36061","12.68400"
"JPN","Japón","2023","47387.21725","12.68400"
"JOR","Jordania","1990","8241.80479","5.00500"
"JOR","Jordania","1991","7747.14379","5.28300"
"JOR","Jordania","1992","8402.68031","5.56200"
"JOR","Jordania","1993","8334.81403","5.84000"
"JOR","Jordania","1994","8339.88428","6.11800"
"JOR","Jordania","1995","8501.61906","6.39700"
"JOR","Jordania","1996","8395.63209","6.58900"
"JOR","Jordania","1997","8443.48146","6.78200"
"JOR","Jordania","1998","8499.07690","6.97400"
"JOR","Jordania","1999","8600.36944","7.16700"
"JOR","Jordania","2000","8781.60905","7.36000"
"JOR","Jordania","2001","9056.19447","7.50600"
"JOR","Jordania","2002","9380.11324","7.65300"
"JOR","Jordania","2003","9556.48164","7.80000"
"JOR","Jordania","2004","10127.85275","8.14400"
"JOR","Jordania","2005","10684.94242","8.48800"
"JOR","Jordania","2006","10834.87373","8.83200"
"JOR","Jordania","2007","11034.29222","9.17600"
"JOR","Jordania","2008","11555.72883","9.52000"
"JOR","Jordania","2009","11888.66172","9.56500"
"JOR","Jordania","2010","11942.57201","9.61000"
"JOR","Jordania","2011","11988.49631","9.76300"
"JOR","Jordania","2012","12104.12174","9.91700"
"JOR","Jordania","2013","11804.12253","10.07000"
"JOR","Jordania","2014","11086.69055","10.22400"
"JOR","Jordania","2015","10469.63063","10.37700"
"JOR","Jordania","2016","10197.50450","10.53000"
"JOR","Jordania","2017","10220.49278","10.68400"
"JOR","Jordania","2018","10183.02484","10.35000"
"JOR","Jordania","2019","10168.35885","10.40000"
"JOR","Jordania","2020","9872.30945","10.45000"
"JOR","Jordania","2021","10056.56113","10.38000"
"JOR","Jordania","2022","10158.47388","10.31000"
"JOR","Jordania","2023","10308.78220","10.24000"
"KAZ","Kazajstán","1990","16837.69075","7.50100"
"KAZ","Kazajstán","1991","14877.52735","7.72900"
"KAZ","Kazajstán","1992","14045.10358","7.95600"
"KAZ","Kazajstán","1993","12795.87464","8.18300"
"KAZ","Kazajstán","1994","11334.98313","8.41100"
"KAZ","Kazajstán","1995","10600.33023","8.63800"
"KAZ","Kazajstán","1996","10857.43539","8.86300"
"KAZ","Kazajstán","1997","11298.58055","9.08900"
"KAZ","Kazajstán","1998","11364.03078","9.31400"
"KAZ","Kazajstán","1999","11815.77321","9.54000"
"KAZ","Kazajstán","2000","12935.86437","9.78800"
"KAZ","Kazajstán","2001","14612.02901","10.03500"
"KAZ","Kazajstán","2002","15960.87385","10.28300"
"KAZ","Kazajstán","2003","17344.75267","10.53000"
"KAZ","Kazajstán","2004","18886.58119","10.77800"
"KAZ","Kazajstán","2005","20565.52945","11.02500"
"KAZ","Kazajstán","2006","22574.34296","11.27300"
"KAZ","Kazajstán","2007","24351.34641","11.52000"
"KAZ","Kazajstán","2008","24895.66457","11.26500"
"KAZ","Kazajstán","2009","24901.35273","11.01000"
"KAZ","Kazajstán","2010","26374.84077","11.17500"
"KAZ","Kazajstán","2011","27946.16034","11.33900"
"KAZ","Kazajstán","2012","28881.24176","11.50400"
"KAZ","Kazajstán","2013","30177.48872","11.66900"
"KAZ","Kazajstán","2014","30986.43792","11.83300"
"KAZ","Kazajstán","2015","30893.75949","11.99800"
"KAZ","Kazajstán","2016","30758.32273","12.06900"
"KAZ","Kazajstán","2017","31524.44163","12.13900"
"KAZ","Kazajstán","2018","32330.22745","12.21000"
"KAZ","Kazajstán","2019","33298.21237","12.32100"
"KAZ","Kazajstán","2020","32011.54915","12.43400"
"KAZ","Kazajstán","2021","32945.85157","12.54700"
"KAZ","Kazajstán","2022","33506.26149","12.54700"
"KAZ","Kazajstán","2023","34703.23493","12.54700"
"KEN","Kenia","1990","4177.48603","3.83800"
"KEN","Kenia","1991","4102.47678","4.00700"
"KEN","Kenia","1992","3946.84093","4.17600"
"KEN","Kenia","1993","3844.92030","4.34600"
"KEN","Kenia","1994","3833.22358","4.51500"
"KEN","Kenia","1995","3890.09855","4.68400"
"KEN","Kenia","1996","3941.40919","4.83300"
"KEN","Kenia","1997","3853.37139","4.98100"
"KEN","Kenia","1998","3871.82176","5.13000"
"KEN","Kenia","1999","3848.46471","5.27800"
"KEN","Kenia","2000","3756.63622","5.42700"
"KEN","Kenia","2001","3778.25855","5.54200"
"KEN","Kenia","2002","3681.25694","5.65800"
"KEN","Kenia","2003","3674.08593","5.77400"
"KEN","Kenia","2004","3743.56786","5.88900"
"KEN","Kenia","2005","3844.73557","6.00500"
"KEN","Kenia","2006","3970.73350","6.08100"
"KEN","Kenia","2007","4116.45095","6.15700"
"KEN","Kenia","2008","4002.88364","6.23400"
"KEN","Kenia","2009","4012.19428","6.31000"
"KEN","Kenia","2010","4211.52463","5.82000"
"KEN","Kenia","2011","4307.10612","6.06200"
"KEN","Kenia","2012","4387.93790","6.30300"
"KEN","Kenia","2013","4443.37122","6.54500"
"KEN","Kenia","2014","4558.55155","6.78700"
"KEN","Kenia","2015","4679.62183","7.02800"
"KEN","Kenia","2016","4770.31046","7.27000"
"KEN","Kenia","2017","4846.86211","7.51100"
"KEN","Kenia","2018","5017.66785","7.75300"
"KEN","Kenia","2019","5171.71264","7.99500"
"KEN","Kenia","2020","5057.40116","7.68600"
"KEN","Kenia","2021","5338.85243","8.15600"
"KEN","Kenia","2022","5491.69378","8.62500"
"KEN","Kenia","2023","5691.82513","8.62500"
"KGZ","Kirguistán","1990","6095.68109","9.17100"
"KGZ","Kirguistán","1991","5520.42980","9.28700"
"KGZ","Kirguistán","1992","4701.99138","9.40300"
"KGZ","Kirguistán","1993","3973.88324","9.51900"
"KGZ","Kirguistán","1994","3176.92382","9.63400"
"KGZ","Kirguistán","1995","2974.71164","9.75000"
"KGZ","Kirguistán","1996","3138.66616","9.88500"
"KGZ","Kirguistán","1997","3399.93427","10.02000"
"KGZ","Kirguistán","1998","3419.22331","10.15500"
"KGZ","Kirguistán","1999","3491.93773","10.29000"
"KGZ","Kirguistán","2000","3638.46314","10.34700"
"KGZ","Kirguistán","2001","3795.89059","10.40400"
"KGZ","Kirguistán","2002","3760.53240","10.46100"
"KGZ","Kirguistán","2003","3982.92722","10.51800"
"KGZ","Kirguistán","2004","4211.52248","10.57500"
"KGZ","Kirguistán","2005","4156.95849","10.63200"
"KGZ","Kirguistán","2006","4240.17018","10.68900"
"KGZ","Kirguistán","2007","4558.71268","10.74600"
"KGZ","Kirguistán","2008","4894.94278","10.80300"
"KGZ","Kirguistán","2009","4969.96133","10.86000"
"KGZ","Kirguistán","2010","4876.47965","10.96000"
"KGZ","Kirguistán","2011","5092.85166","11.05900"
"KGZ","Kirguistán","2012","4993.39432","11.15900"
"KGZ","Kirguistán","2013","5418.54062","11.25800"
"KGZ","Kirguistán","2014","5513.75447","11.35800"
"KGZ","Kirguistán","2015","5600.21433","11.45800"
"KGZ","Kirguistán","2016","5715.01041","11.55700"
"KGZ","Kirguistán","2017","5861.22200","11.65700"
"KGZ","Kirguistán","2018","5951.82877","11.75700"
"KGZ","Kirguistán","2019","6087.60194","11.85900"
"KGZ","Kirguistán","2020","5537.79547","11.96200"
"KGZ","Kirguistán","2021","5736.47883","12.06600"
"KGZ","Kirguistán","2022","6139.77789","12.06600"
"KGZ","Kirguistán","2023","6575.77541","12.06600"
"KIR","Kiribati","2000","2481.73318","7.54100"
"KIR","Kiribati","2001","2357.88396","7.62000"
"KIR","Kiribati","2002","2341.99558","7.70000"
"KIR","Kiribati","2003","2258.32314","7.78000"
"KIR","Kiribati","2004","2199.95258","7.86200"
"KIR","Kiribati","2005","2184.06094","7.94400"
"KIR","Kiribati","2006","2264.45168","8.02700"
"KIR","Kiribati","2007","2286.73944","8.11100"
"KIR","Kiribati","2008","2172.63602","8.19600"
"KIR","Kiribati","2009","2138.23987","8.28200"
"KIR","Kiribati","2010","2119.91177","8.36900"
"KIR","Kiribati","2011","2150.65854","8.45600"
"KIR","Kiribati","2012","2242.30106","8.54500"
"KIR","Kiribati","2013","2382.67559","8.63400"
"KIR","Kiribati","2014","2381.65349","8.72400"
"KIR","Kiribati","2015","2616.17636","8.81300"
"KIR","Kiribati","2016","2762.28741","8.90200"
"KIR","Kiribati","2017","2822.02092","8.99200"
"KIR","Kiribati","2018","2875.41766","9.03700"
"KIR","Kiribati","2019","2926.59366","9.08300"
"KIR","Kiribati","2020","2839.17275","9.12900"
"KIR","Kiribati","2021","3024.21030","9.12900"
"KIR","Kiribati","2022","3127.17745","9.12900"
"KIR","Kiribati","2023","3175.02476","9.12900"
"KWT","Kuwait","1990","38932.94353","5.63900"
"KWT","Kuwait","1991","28633.96959","5.67600"
"KWT","Kuwait","1992","43266.93287","5.71300"
"KWT","Kuwait","1993","56684.18633","5.75000"
"KWT","Kuwait","1994","61753.84900","5.78700"
"KWT","Kuwait","1995","64093.51788","5.82300"
"KWT","Kuwait","1996","62665.22435","5.90100"
"KWT","Kuwait","1997","62151.95183","5.97900"
"KWT","Kuwait","1998","62450.08844","6.05700"
"KWT","Kuwait","1999","59533.95428","6.13500"
"KWT","Kuwait","2000","60585.30268","6.21200"
"KWT","Kuwait","2001","59099.66531","6.19200"
"KWT","Kuwait","2002","59348.61727","6.17100"
"KWT","Kuwait","2003","67984.31451","6.15100"
"KWT","Kuwait","2004","73298.06218","6.13000"
"KWT","Kuwait","2005","78193.90121","6.11000"
"KWT","Kuwait","2006","79521.34843","6.14000"
"KWT","Kuwait","2007","79474.76113","6.22000"
"KWT","Kuwait","2008","77036.50838","6.43000"
"KWT","Kuwait","2009","67896.26805","6.64000"
"KWT","Kuwait","2010","62956.21529","6.85000"
"KWT","Kuwait","2011","64844.50190","7.06000"
"KWT","Kuwait","2012","64908.26264","7.27000"
"KWT","Kuwait","2013","62458.80892","6.68000"
"KWT","Kuwait","2014","60065.65441","6.87500"
"KWT","Kuwait","2015","57763.51746","7.07000"
"KWT","Kuwait","2016","56936.62084","7.13000"
"KWT","Kuwait","2017","52285.58712","7.19000"
"KWT","Kuwait","2018","51623.80786","7.22000"
"KWT","Kuwait","2019","51380.64554","7.33400"
"KWT","Kuwait","2020","49372.81879","7.44900"
"KWT","Kuwait","2021","50651.95753","7.56600"
"KWT","Kuwait","2022","51379.88332","7.56600"
"KWT","Kuwait","2023","47790.19332","7.56600"
"LAO","Laos","1990","2005.50049","3.36600"
"LAO","Laos","1991","2033.58258","3.47000"
"LAO","Laos","1992","2088.02004","3.57500"
"LAO","Laos","1993","2152.27660","3.67900"
"LAO","Laos","1994","2267.78216","3.78400"
"LAO","Laos","1995","2368.05475","3.88800"
"LAO","Laos","1996","2473.77286","3.96000"
"LAO","Laos","1997","2589.20763","4.03200"
"LAO","Laos","1998","2642.56619","4.10400"
"LAO","Laos","1999","2786.52040","4.17600"
"LAO","Laos","2000","2899.01962","4.24800"
"LAO","Laos","2001","3015.63258","4.32000"
"LAO","Laos","2002","3143.22328","4.39200"
"LAO","Laos","2003","3282.98540","4.46300"
"LAO","Laos","2004","3441.17000","4.53500"
"LAO","Laos","2005","3630.55879","4.60700"
"LAO","Laos","2006","3881.53737","4.68100"
"LAO","Laos","2007","4112.25302","4.75500"
"LAO","Laos","2008","4367.16288","4.82900"
"LAO","Laos","2009","4625.07173","4.90400"
"LAO","Laos","2010","4946.10564","4.97800"
"LAO","Laos","2011","5266.87867","5.07800"
"LAO","Laos","2012","5608.96956","5.17800"
"LAO","Laos","2013","5974.47369","5.27800"
"LAO","Laos","2014","6341.21230","5.37800"
"LAO","Laos","2015","6703.74124","5.47900"
"LAO","Laos","2016","7063.25545","5.57200"
"LAO","Laos","2017","7432.45963","5.66600"
"LAO","Laos","2018","7775.08574","5.76000"
"LAO","Laos","2019","8075.27502","5.85300"
"LAO","Laos","2020","7995.59503","5.94700"
"LAO","Laos","2021","8080.43553","6.06000"
"LAO","Laos","2022","8183.03286","6.06000"
"LAO","Laos","2023","8372.15592","6.06000"
"LSO","Lesotho","1990","1422.15057","4.11300"
"LSO","Lesotho","1991","1494.24032","4.19600"
"LSO","Lesotho","1992","1571.82704","4.27900"
"LSO","Lesotho","1993","1602.59633","4.36100"
"LSO","Lesotho","1994","1675.59772","4.44400"
"LSO","Lesotho","1995","1709.69434","4.52700"
"LSO","Lesotho","1996","1786.18229","4.62300"
"LSO","Lesotho","1997","1837.69657","4.71800"
"LSO","Lesotho","1998","1856.69078","4.81300"
"LSO","Lesotho","1999","1860.70052","4.90900"
"LSO","Lesotho","2000","1932.15793","5.00400"
"LSO","Lesotho","2001","2004.03350","5.21200"
"LSO","Lesotho","2002","2024.78727","5.42100"
"LSO","Lesotho","2003","2127.37302","5.62900"
"LSO","Lesotho","2004","2178.66475","5.83700"
"LSO","Lesotho","2005","2275.01614","6.04500"
"LSO","Lesotho","2006","2381.02025","5.83000"
"LSO","Lesotho","2007","2470.31462","5.68500"
"LSO","Lesotho","2008","2589.16636","5.54000"
"LSO","Lesotho","2009","2538.19342","5.70500"
"LSO","Lesotho","2010","2651.37805","5.86900"
"LSO","Lesotho","2011","2749.31958","6.03400"
"LSO","Lesotho","2012","2894.22705","6.19800"
"LSO","Lesotho","2013","2914.37516","6.36300"
"LSO","Lesotho","2014","2930.61724","6.52800"
"LSO","Lesotho","2015","2986.95867","6.69200"
"LSO","Lesotho","2016","3057.26092","6.85700"
"LSO","Lesotho","2017","2924.68096","7.02100"
"LSO","Lesotho","2018","2846.41828","7.18600"
"LSO","Lesotho","2019","2773.28640","7.36300"
"LSO","Lesotho","2020","2517.11044","7.54400"
"LSO","Lesotho","2021","2544.78250","7.73000"
"LSO","Lesotho","2022","2577.54544","7.73000"
"LSO","Lesotho","2023","2592.45701","7.73000"
"LVA","Letonia","1990","17508.78710","9.15700"
"LVA","Letonia","1991","15376.09119","9.48000"
"LVA","Letonia","1992","10582.20746","9.80200"
"LVA","Letonia","1993","10255.14193","10.12400"
"LVA","Letonia","1994","10656.60901","10.44600"
"LVA","Letonia","1995","10707.51500","10.76800"
"LVA","Letonia","1996","11077.86184","10.90900"
"LVA","Letonia","1997","12215.01519","11.05000"
"LVA","Letonia","1998","13138.40125","11.19000"
"LVA","Letonia","1999","13619.09880","11.33100"
"LVA","Letonia","2000","14554.21317","11.47100"
"LVA","Letonia","2001","15695.90672","11.63600"
"LVA","Letonia","2002","17096.55944","11.80100"
"LVA","Letonia","2003","18717.66755","11.96500"
"LVA","Letonia","2004","20574.11820","12.13000"
"LVA","Letonia","2005","23213.35394","12.25000"
"LVA","Letonia","2006","26431.81402","12.30000"
"LVA","Letonia","2007","29423.73712","12.17000"
"LVA","Letonia","2008","28726.97229","12.35000"
"LVA","Letonia","2009","24520.67915","12.46000"
"LVA","Letonia","2010","24119.73078","12.56000"
"LVA","Letonia","2011","25308.73221","12.61000"
"LVA","Letonia","2012","27496.54546","12.70000"
"LVA","Letonia","2013","28375.18429","12.81000"
"LVA","Letonia","2014","29243.74125","12.86000"
"LVA","Letonia","2015","30599.61331","12.87000"
"LVA","Letonia","2016","31668.51484","12.93000"
"LVA","Letonia","2017","33036.39159","13.05500"
"LVA","Letonia","2018","34729.70628","13.18000"
"LVA","Letonia","2019","35208.19346","13.25000"
"LVA","Letonia","2020","34225.89760","13.32900"
"LVA","Letonia","2021","36912.01306","13.40900"
"LVA","Letonia","2022","37718.70980","13.40900"
"LVA","Letonia","2023","37277.72172","13.40900"
"LBR","Liberia","1990","1866.40548","2.64900"
"LBR","Liberia","1991","1819.49785","2.75100"
"LBR","Liberia","1992","1115.03771","2.85300"
"LBR","Liberia","1993","718.68324","2.95500"
"LBR","Liberia","1994","563.64036","3.05600"
"LBR","Liberia","1995","534.80972","3.15800"
"LBR","Liberia","1996","582.67798","3.23200"
"LBR","Liberia","1997","1111.93760","3.30500"
"LBR","Liberia","1998","1308.40568","3.37800"
"LBR","Liberia","1999","1507.31470","3.45200"
"LBR","Liberia","2000","1868.17976","3.52500"
"LBR","Liberia","2001","1867.11911","3.59000"
"LBR","Liberia","2002","1887.64602","3.65500"
"LBR","Liberia","2003","1308.15090","3.72100"
"LBR","Liberia","2004","1326.53566","3.78600"
"LBR","Liberia","2005","1335.61729","3.85100"
"LBR","Liberia","2006","1364.60347","3.91400"
"LBR","Liberia","2007","1422.10020","3.97700"
"LBR","Liberia","2008","1463.12408","4.04100"
"LBR","Liberia","2009","1492.99817","4.10400"
"LBR","Liberia","2010","1538.85083","4.16700"
"LBR","Liberia","2011","1601.03374","4.25700"
"LBR","Liberia","2012","1668.97290","4.34600"
"LBR","Liberia","2013","1774.52058","4.43600"
"LBR","Liberia","2014","1750.14385","4.52500"
"LBR","Liberia","2015","1714.09048","4.61500"
"LBR","Liberia","2016","1653.31050","4.75600"
"LBR","Liberia","2017","1661.30291","5.02400"
"LBR","Liberia","2018","1647.97444","5.29200"
"LBR","Liberia","2019","1575.76665","5.56000"
"LBR","Liberia","2020","1497.37692","5.85700"
"LBR","Liberia","2021","1539.20892","6.17000"
"LBR","Liberia","2022","1578.99837","6.17000"
"LBR","Liberia","2023","1616.92373","6.17000"
"LBY","Libia","1990","18126.58696","3.81000"
"LBY","Libia","1991","20506.87627","3.98600"
"LBY","Libia","1992","19538.13870","4.16200"
"LBY","Libia","1993","18434.64113","4.33800"
"LBY","Libia","1994","18444.51336","4.51400"
"LBY","Libia","1995","17723.26792","4.69000"
"LBY","Libia","1996","17809.15192","4.86800"
"LBY","Libia","1997","18451.69985","5.04600"
"LBY","Libia","1998","17532.92610","5.22400"
"LBY","Libia","1999","17402.56838","5.40200"
"LBY","Libia","2000","17747.01889","5.58000"
"LBY","Libia","2001","17115.98886","5.75200"
"LBY","Libia","2002","16629.43643","5.92400"
"LBY","Libia","2003","18422.73360","6.09600"
"LBY","Libia","2004","18851.20391","6.26800"
"LBY","Libia","2005","20649.46246","6.44000"
"LBY","Libia","2006","21545.29864","6.61400"
"LBY","Libia","2007","22422.01176","6.78800"
"LBY","Libia","2008","21915.19762","6.96200"
"LBY","Libia","2009","20518.96424","7.13600"
"LBY","Libia","2010","21115.52598","7.31000"
"LBY","Libia","2011","10741.92068","7.56000"
"LBY","Libia","2012","20601.00266","7.81000"
"LBY","Libia","2013","16557.50094","7.80800"
"LBY","Libia","2014","12499.08300","7.80500"
"LBY","Libia","2015","12195.34870","7.80300"
"LBY","Libia","2016","11831.82577","7.80100"
"LBY","Libia","2017","15428.11644","7.79900"
"LBY","Libia","2018","16385.16448","7.79200"
"LBY","Libia","2019","14337.19630","7.78500"
"LBY","Libia","2020","9978.66400","7.77900"
"LBY","Libia","2021","12641.50977","7.77900"
"LBY","Libia","2022","11450.05986","7.77900"
"LBY","Libia","2023","12476.59749","7.77900"
"LTU","Lituania","1990","20594.06238","9.16100"
"LTU","Lituania","1991","19392.19507","9.33400"
"LTU","Lituania","1992","15286.20396","9.50700"
"LTU","Lituania","1993","12866.58979","9.68000"
"LTU","Lituania","1994","11690.88611","9.85400"
"LTU","Lituania","1995","12168.83327","10.02700"
"LTU","Lituania","1996","12878.10015","10.21100"
"LTU","Lituania","1997","14050.34988","10.39500"
"LTU","Lituania","1998","15208.69785","10.58000"
"LTU","Lituania","1999","15148.95703","10.76400"
"LTU","Lituania","2000","15777.42938","10.94800"
"LTU","Lituania","2001","16939.46706","11.13300"
"LTU","Lituania","2002","18223.47826","11.31700"
"LTU","Lituania","2003","20310.71196","11.50100"
"LTU","Lituania","2004","21875.60858","11.68600"
"LTU","Lituania","2005","23953.81507","11.87000"
"LTU","Lituania","2006","26139.28378","12.01000"
"LTU","Lituania","2007","29381.95215","12.16000"
"LTU","Lituania","2008","30457.36825","12.30000"
"LTU","Lituania","2009","26227.52302","12.32000"
"LTU","Lituania","2010","26897.72437","12.46000"
"LTU","Lituania","2011","29251.87747","12.57000"
"LTU","Lituania","2012","30932.09832","12.56000"
"LTU","Lituania","2013","32487.00082","12.59000"
"LTU","Lituania","2014","33988.01490","12.80000"
"LTU","Lituania","2015","35264.71492","12.96000"
"LTU","Lituania","2016","36632.08328","13.11000"
"LTU","Lituania","2017","38789.24632","13.19000"
"LTU","Lituania","2018","41035.40182","13.29300"
"LTU","Lituania","2019","43078.71186","13.39700"
"LTU","Lituania","2020","43108.19761","13.50000"
"LTU","Lituania","2021","45897.37150","13.61100"
"LTU","Lituania","2022","46642.59473","13.61100"
"LTU","Lituania","2023","46333.90070","13.61100"
"LUX","Luxemburgo","1990","81455.03123","8.81900"
"LUX","Luxemburgo","1991","87318.49767","8.99000"
"LUX","Luxemburgo","1992","87734.20298","9.16400"
"LUX","Luxemburgo","1993","90200.60127","9.33800"
"LUX","Luxemburgo","1994","92380.41629","9.51200"
"LUX","Luxemburgo","1995","92396.39827","9.68600"
"LUX","Luxemburgo","1996","92421.57918","9.86000"
"LUX","Luxemburgo","1997","96216.90387","10.03400"
"LUX","Luxemburgo","1998","101369.82340","10.20800"
"LUX","Luxemburgo","1999","108186.85297","10.38200"
"LUX","Luxemburgo","2000","114148.35391","10.55600"
"LUX","Luxemburgo","2001","116265.23037","10.73000"
"LUX","Luxemburgo","2002","118764.33151","10.99500"
"LUX","Luxemburgo","2003","120403.00202","11.26000"
"LUX","Luxemburgo","2004","123725.75512","11.35300"
"LUX","Luxemburgo","2005","124871.95252","11.44500"
"LUX","Luxemburgo","2006","130290.17408","11.53800"
"LUX","Luxemburgo","2007","138683.31985","11.63000"
"LUX","Luxemburgo","2008","135814.60886","12.22000"
"LUX","Luxemburgo","2009","129004.50895","12.81000"
"LUX","Luxemburgo","2010","131434.36002","12.84000"
"LUX","Luxemburgo","2011","129887.62696","12.86000"
"LUX","Luxemburgo","2012","128897.40322","13.00000"
"LUX","Luxemburgo","2013","129947.33618","13.20000"
"LUX","Luxemburgo","2014","130249.55048","13.43000"
"LUX","Luxemburgo","2015","130097.33829","12.46000"
"LUX","Luxemburgo","2016","133661.73454","12.48100"
"LUX","Luxemburgo","2017","132169.82958","12.50200"
"LUX","Luxemburgo","2018","131733.88447","12.52400"
"LUX","Luxemburgo","2019","132724.75467","12.54500"
"LUX","Luxemburgo","2020","129865.63187","12.56600"
"LUX","Luxemburgo","2021","136772.44375","12.58900"
"LUX","Luxemburgo","2022","132570.83227","12.58900"
"LUX","Luxemburgo","2023","130048.92227","12.58900"
"LBN","Líbano","2005","13024.66489","7.65200"
"LBN","Líbano","2006","13003.68080","7.84300"
"LBN","Líbano","2007","13941.56142","8.04000"
"LBN","Líbano","2008","14955.14136","8.25200"
"LBN","Líbano","2009","16264.35062","8.46400"
"LBN","Líbano","2010","17390.75840","8.67500"
"LBN","Líbano","2011","17353.19608","8.88700"
"LBN","Líbano","2012","17323.30138","9.09900"
"LBN","Líbano","2013","16396.49693","9.31100"
"LBN","Líbano","2014","15205.87327","9.52300"
"LBN","Líbano","2015","14980.02052","9.73500"
"LBN","Líbano","2016","15572.36117","9.94600"
"LBN","Líbano","2017","16128.58382","10.15800"
"LBN","Líbano","2018","16290.05165","10.37000"
"LBN","Líbano","2019","15659.56610","10.37000"
"LBN","Líbano","2020","12507.43664","10.37000"
"LBN","Líbano","2021","11599.77551","10.37000"
"LBN","Líbano","2022","11474.75058","10.37000"
"LBN","Líbano","2023","11330.26874","10.37000"
"MKD","Macedonia del Norte","1990","12904.48682","4.60300"
"MKD","Macedonia del Norte","1991","12153.49840","4.77900"
"MKD","Macedonia del Norte","1992","11486.72830","4.96300"
"MKD","Macedonia del Norte","1993","10764.70224","5.15300"
"MKD","Macedonia del Norte","1994","10650.73918","5.35000"
"MKD","Macedonia del Norte","1995","10501.08885","5.57100"
"MKD","Macedonia del Norte","1996","10551.52251","5.79200"
"MKD","Macedonia del Norte","1997","10787.53063","6.01400"
"MKD","Macedonia del Norte","1998","11092.82862","6.23500"
"MKD","Macedonia del Norte","1999","11518.95673","6.45600"
"MKD","Macedonia del Norte","2000","11988.24488","6.67700"
"MKD","Macedonia del Norte","2001","11571.81123","6.89900"
"MKD","Macedonia del Norte","2002","11830.26261","7.12000"
"MKD","Macedonia del Norte","2003","12077.84901","7.40500"
"MKD","Macedonia del Norte","2004","12683.38091","7.69100"
"MKD","Macedonia del Norte","2005","13354.46115","7.97600"
"MKD","Macedonia del Norte","2006","14118.22979","8.26100"
"MKD","Macedonia del Norte","2007","15118.24367","8.54700"
"MKD","Macedonia del Norte","2008","16038.04135","8.83200"
"MKD","Macedonia del Norte","2009","16084.22797","9.11700"
"MKD","Macedonia del Norte","2010","16731.09018","9.40300"
"MKD","Macedonia del Norte","2011","17201.23616","9.68800"
"MKD","Macedonia del Norte","2012","17189.99563","9.97300"
"MKD","Macedonia del Norte","2013","17758.22756","10.25900"
"MKD","Macedonia del Norte","2014","18452.20623","10.54400"
"MKD","Macedonia del Norte","2015","19215.07404","10.82900"
"MKD","Macedonia del Norte","2016","19825.77247","11.11500"
"MKD","Macedonia del Norte","2017","20121.05102","11.40000"
"MKD","Macedonia del Norte","2018","20805.92212","11.68500"
"MKD","Macedonia del Norte","2019","21766.88421","10.95800"
"MKD","Macedonia del Norte","2020","20971.44210","10.23000"
"MKD","Macedonia del Norte","2021","22144.19243","10.23000"
"MKD","Macedonia del Norte","2022","22822.23340","10.23000"
"MKD","Macedonia del Norte","2023","23455.22213","10.23000"
"MDG","Madagascar","1999","1681.35933","3.77100"
"MDG","Madagascar","2000","1701.44320","3.90300"
"MDG","Madagascar","2001","1748.50351","4.03500"
"MDG","Madagascar","2002","1486.43430","4.16700"
"MDG","Madagascar","2003","1584.74925","4.29800"
"MDG","Madagascar","2004","1620.11954","4.43000"
"MDG","Madagascar","2005","1648.17632","4.47600"
"MDG","Madagascar","2006","1686.86335","4.52200"
"MDG","Madagascar","2007","1731.61752","4.56700"
"MDG","Madagascar","2008","1794.40236","4.61300"
"MDG","Madagascar","2009","1673.15551","4.65900"
"MDG","Madagascar","2010","1635.24511","4.70400"
"MDG","Madagascar","2011","1614.55138","4.75000"
"MDG","Madagascar","2012","1617.79083","4.79600"
"MDG","Madagascar","2013","1610.60231","4.84100"
"MDG","Madagascar","2014","1620.35789","4.88700"
"MDG","Madagascar","2015","1627.58061","4.93300"
"MDG","Madagascar","2016","1648.91227","4.97900"
"MDG","Madagascar","2017","1669.72764","5.02400"
"MDG","Madagascar","2018","1678.78623","5.07000"
"MDG","Madagascar","2019","1707.83154","4.91100"
"MDG","Madagascar","2020","1545.72714","4.75200"
"MDG","Madagascar","2021","1577.43246","4.59300"
"MDG","Madagascar","2022","1602.42805","4.59300"
"MDG","Madagascar","2023","1629.60552","4.59300"
"MYS","Malasia","1990","12013.69695","6.14700"
"MYS","Malasia","1991","12795.04990","6.34100"
"MYS","Malasia","1992","13567.89361","6.53500"
"MYS","Malasia","1993","14533.79040","6.72900"
"MYS","Malasia","1994","15474.01446","6.92300"
"MYS","Malasia","1995","16568.51606","7.11700"
"MYS","Malasia","1996","17771.71188","7.23000"
"MYS","Malasia","1997","18604.51453","7.52800"
"MYS","Malasia","1998","16817.17192","7.82500"
"MYS","Malasia","1999","17428.62566","8.12300"
"MYS","Malasia","2000","18532.90967","8.42000"
"MYS","Malasia","2001","18186.44113","8.25400"
"MYS","Malasia","2002","18708.86949","8.08800"
"MYS","Malasia","2003","19329.00628","7.92200"
"MYS","Malasia","2004","20168.50621","7.75600"
"MYS","Malasia","2005","20767.58572","7.59000"
"MYS","Malasia","2006","21444.48577","8.08300"
"MYS","Malasia","2007","22305.11826","8.57500"
"MYS","Malasia","2008","22898.00276","9.06800"
"MYS","Malasia","2009","22106.64173","9.56000"
"MYS","Malasia","2010","23307.96985","9.70000"
"MYS","Malasia","2011","24115.81812","9.81200"
"MYS","Malasia","2012","25006.35878","9.92300"
"MYS","Malasia","2013","25736.35256","10.03500"
"MYS","Malasia","2014","26818.43173","10.14700"
"MYS","Malasia","2015","27699.62789","10.25800"
"MYS","Malasia","2016","28425.37076","10.37000"
"MYS","Malasia","2017","29551.54576","10.46300"
"MYS","Malasia","2018","30459.96553","10.55700"
"MYS","Malasia","2019","31300.50866","10.65000"
"MYS","Malasia","2020","29200.45263","10.79700"
"MYS","Malasia","2021","29822.84918","10.94300"
"MYS","Malasia","2022","32129.22178","11.09000"
"MYS","Malasia","2023","32857.66766","11.09000"
"MWI","Malawi","1990","1047.46436","2.27800"
"MWI","Malawi","1991","1104.39046","2.32700"
"MWI","Malawi","1992","994.03650","2.37500"
"MWI","Malawi","1993","1074.58485","2.42400"
"MWI","Malawi","1994","975.84964","2.47200"
"MWI","Malawi","1995","1140.75609","2.52000"
"MWI","Malawi","1996","1200.32058","2.58400"
"MWI","Malawi","1997","1221.09405","2.64700"
"MWI","Malawi","1998","1241.52433","2.71000"
"MWI","Malawi","1999","1249.77523","2.86200"
"MWI","Malawi","2000","1239.39175","3.01400"
"MWI","Malawi","2001","1149.58040","3.16600"
"MWI","Malawi","2002","1140.84275","3.31800"
"MWI","Malawi","2003","1176.12386","3.47000"
"MWI","Malawi","2004","1208.21970","3.62200"
"MWI","Malawi","2005","1214.74264","3.77400"
"MWI","Malawi","2006","1237.27387","3.92600"
"MWI","Malawi","2007","1318.33196","4.07800"
"MWI","Malawi","2008","1378.42887","4.23000"
"MWI","Malawi","2009","1449.72602","4.38200"
"MWI","Malawi","2010","1504.37514","4.53400"
"MWI","Malawi","2011","1533.22890","4.68600"
"MWI","Malawi","2012","1518.14804","4.83800"
"MWI","Malawi","2013","1555.50607","4.98900"
"MWI","Malawi","2014","1597.56484","5.14100"
"MWI","Malawi","2015","1597.69145","5.29300"
"MWI","Malawi","2016","1593.59549","5.28300"
"MWI","Malawi","2017","1613.05936","5.27400"
"MWI","Malawi","2018","1638.91666","5.26400"
"MWI","Malawi","2019","1687.28945","5.25400"
"MWI","Malawi","2020","1656.43985","5.24400"
"MWI","Malawi","2021","1687.59358","5.24400"
"MWI","Malawi","2022","1659.95934","5.24400"
"MWI","Malawi","2023","1649.29873","5.24400"
"MDV","Maldivas","2000","13738.28094","3.46900"
"MDV","Maldivas","2001","12977.99907","3.47400"
"MDV","Maldivas","2002","13689.80656","3.47800"
"MDV","Maldivas","2003","15316.11928","3.48300"
"MDV","Maldivas","2004","15958.65578","3.48700"
"MDV","Maldivas","2005","13942.87539","3.49200"
"MDV","Maldivas","2006","16829.97682","3.79000"
"MDV","Maldivas","2007","17439.95049","4.06200"
"MDV","Maldivas","2008","18344.48665","4.33500"
"MDV","Maldivas","2009","16230.00894","4.60700"
"MDV","Maldivas","2010","16730.01442","4.87900"
"MDV","Maldivas","2011","17581.76767","5.15100"
"MDV","Maldivas","2012","17390.14750","5.42400"
"MDV","Maldivas","2013","17986.89074","5.69600"
"MDV","Maldivas","2014","18765.35921","5.96800"
"MDV","Maldivas","2015","18829.44815","6.24000"
"MDV","Maldivas","2016","19345.17923","6.51300"
"MDV","Maldivas","2017","20036.71654","6.78500"
"MDV","Maldivas","2018","21072.58052","6.94800"
"MDV","Maldivas","2019","21855.50122","7.11100"
"MDV","Maldivas","2020","14242.97507","7.27400"
"MDV","Maldivas","2021","19052.62249","7.41000"
"MDV","Maldivas","2022","21357.81125","7.41000"
"MDV","Maldivas","2023","22333.04771","7.41000"
"MLT","Malta","1990","18208.10560","6.46400"
"MLT","Malta","1991","18832.83082","6.57300"
"MLT","Malta","1992","19513.91074","6.68300"
"MLT","Malta","1993","20185.66449","6.79200"
"MLT","Malta","1994","21127.84953","6.90200"
"MLT","Malta","1995","22311.79294","7.01100"
"MLT","Malta","1996","23003.06672","7.10300"
"MLT","Malta","1997","24029.78793","7.19500"
"MLT","Malta","1998","25097.80834","7.28600"
"MLT","Malta","1999","26127.06143","7.37800"
"MLT","Malta","2000","31068.07845","7.47000"
"MLT","Malta","2001","30602.11000","7.93200"
"MLT","Malta","2002","31207.43221","8.39400"
"MLT","Malta","2003","32147.87575","8.85600"
"MLT","Malta","2004","32062.76412","9.31800"
"MLT","Malta","2005","32776.96837","9.78000"
"MLT","Malta","2006","33420.71411","9.82000"
"MLT","Malta","2007","34981.70210","9.86000"
"MLT","Malta","2008","36287.72610","10.01000"
"MLT","Malta","2009","35512.67746","10.16000"
"MLT","Malta","2010","37528.73415","10.31000"
"MLT","Malta","2011","37740.84737","10.47000"
"MLT","Malta","2012","38937.14878","10.80000"
"MLT","Malta","2013","40921.31678","11.03000"
"MLT","Malta","2014","43163.14730","11.13000"
"MLT","Malta","2015","46171.88934","11.21000"
"MLT","Malta","2016","46967.34863","11.29000"
"MLT","Malta","2017","51628.26774","11.56500"
"MLT","Malta","2018","53419.00227","11.84000"
"MLT","Malta","2019","53393.42316","12.02500"
"MLT","Malta","2020","50389.69633","12.21000"
"MLT","Malta","2021","56823.99585","12.42100"
"MLT","Malta","2022","56874.43393","12.42100"
"MLT","Malta","2023","60459.76552","12.42100"
"MLI","Malí","1990","1890.50213","0.84400"
"MLI","Malí","1991","2087.91903","0.88200"
"MLI","Malí","1992","1942.72857","0.91900"
"MLI","Malí","1993","1985.38065","0.95700"
"MLI","Malí","1994","2051.75478","0.99400"
"MLI","Malí","1995","2022.40378","1.03200"
"MLI","Malí","1996","2105.27530","1.06200"
"MLI","Malí","1997","2142.78769","1.09300"
"MLI","Malí","1998","2228.20056","1.12300"
"MLI","Malí","1999","2269.08741","1.15400"
"MLI","Malí","2000","2187.71894","1.18400"
"MLI","Malí","2001","2458.46156","1.22000"
"MLI","Malí","2002","2455.61936","1.25500"
"MLI","Malí","2003","2611.83686","1.29000"
"MLI","Malí","2004","2565.97745","1.32500"
"MLI","Malí","2005","2546.33281","1.36000"
"MLI","Malí","2006","2555.07476","1.44000"
"MLI","Malí","2007","2515.94692","1.55600"
"MLI","Malí","2008","2523.19961","1.67200"
"MLI","Malí","2009","2575.54550","1.78800"
"MLI","Malí","2010","2632.26468","1.90400"
"MLI","Malí","2011","2623.34627","2.02000"
"MLI","Malí","2012","2520.52931","1.97200"
"MLI","Malí","2013","2528.53007","1.92500"
"MLI","Malí","2014","2609.16733","1.87800"
"MLI","Malí","2015","2686.56065","1.83000"
"MLI","Malí","2016","2759.11051","1.53000"
"MLI","Malí","2017","2816.19424","1.70000"
"MLI","Malí","2018","2862.40729","1.87000"
"MLI","Malí","2019","2916.17168","2.04200"
"MLI","Malí","2020","2796.41038","1.63000"
"MLI","Malí","2021","2796.22794","1.63000"
"MLI","Malí","2022","2813.81096","1.63000"
"MLI","Malí","2023","2861.48058","1.63000"
"MAR","Marruecos","1990","4418.66016","2.11000"
"MAR","Marruecos","1991","4656.12598","2.22000"
"MAR","Marruecos","1992","4483.24951","2.33000"
"MAR","Marruecos","1993","4379.76416","2.44000"
"MAR","Marruecos","1994","4771.09277","2.55000"
"MAR","Marruecos","1995","4444.22852","2.66000"
"MAR","Marruecos","1996","4916.47998","2.78000"
"MAR","Marruecos","1997","4766.11035","2.90000"
"MAR","Marruecos","1998","5033.92334","3.02000"
"MAR","Marruecos","1999","5043.66504","3.14000"
"MAR","Marruecos","2000","5100.11572","3.26000"
"MAR","Marruecos","2001","5417.57861","3.36600"
"MAR","Marruecos","2002","5544.07178","3.47200"
"MAR","Marruecos","2003","5810.05322","3.57800"
"MAR","Marruecos","2004","5996.39014","3.68400"
"MAR","Marruecos","2005","6103.42236","3.79000"
"MAR","Marruecos","2006","6488.67383","3.88000"
"MAR","Marruecos","2007","6620.59033","3.97000"
"MAR","Marruecos","2008","6901.95068","4.06000"
"MAR","Marruecos","2009","7063.72705","4.15000"
"MAR","Marruecos","2010","7210.63672","4.24000"
"MAR","Marruecos","2011","7503.79297","4.46800"
"MAR","Marruecos","2012","7628.64404","4.69600"
"MAR","Marruecos","2013","7839.03223","4.92400"
"MAR","Marruecos","2014","7951.79834","5.15200"
"MAR","Marruecos","2015","8198.80859","5.38000"
"MAR","Marruecos","2016","8141.94043","5.51400"
"MAR","Marruecos","2017","8450.00879","5.64800"
"MAR","Marruecos","2018","8611.75000","5.78200"
"MAR","Marruecos","2019","8768.17578","5.91600"
"MAR","Marruecos","2020","8054.56299","6.05000"
"MAR","Marruecos","2021","8623.26562","6.19800"
"MAR","Marruecos","2022","8690.44824","6.19800"
"MAR","Marruecos","2023","8915.35156","6.19800"
"MUS","Mauricio","1990","8986.03307","5.86000"
"MUS","Mauricio","1991","9283.84516","5.90400"
"MUS","Mauricio","1992","9759.21929","5.94800"
"MUS","Mauricio","1993","10134.32738","5.99200"
"MUS","Mauricio","1994","10406.77139","6.03600"
"MUS","Mauricio","1995","10760.05800","6.08000"
"MUS","Mauricio","1996","11245.70597","6.12400"
"MUS","Mauricio","1997","11737.41515","6.16800"
"MUS","Mauricio","1998","12319.88665","6.21200"
"MUS","Mauricio","1999","12481.86220","6.25600"
"MUS","Mauricio","2000","13373.65580","6.30000"
"MUS","Mauricio","2001","13712.57939","6.50200"
"MUS","Mauricio","2002","13837.62580","6.70400"
"MUS","Mauricio","2003","14551.87844","6.90500"
"MUS","Mauricio","2004","15087.06878","7.10700"
"MUS","Mauricio","2005","15264.59818","7.30900"
"MUS","Mauricio","2006","15932.81922","7.51100"
"MUS","Mauricio","2007","16774.56851","7.71300"
"MUS","Mauricio","2008","17627.11219","7.91500"
"MUS","Mauricio","2009","18171.68700","8.11600"
"MUS","Mauricio","2010","18925.57139","8.31800"
"MUS","Mauricio","2011","19678.60226","8.52000"
"MUS","Mauricio","2012","20313.03289","8.74900"
"MUS","Mauricio","2013","20952.37757","8.97800"
"MUS","Mauricio","2014","21721.30964","9.20600"
"MUS","Mauricio","2015","22499.02546","9.43500"
"MUS","Mauricio","2016","23357.23001","9.54700"
"MUS","Mauricio","2017","24258.98882","9.65800"
"MUS","Mauricio","2018","25243.88646","9.76900"
"MUS","Mauricio","2019","25958.49003","9.88100"
"MUS","Mauricio","2020","22272.53987","9.99200"
"MUS","Mauricio","2021","23010.20138","10.10300"
"MUS","Mauricio","2022","25005.06661","10.10300"
"MUS","Mauricio","2023","26471.03514","10.10300"
"MRT","Mauritania","1990","5519.61034","2.26700"
"MRT","Mauritania","1991","5456.55576","2.34400"
"MRT","Mauritania","1992","5350.11804","2.42100"
"MRT","Mauritania","1993","5439.82229","2.49800"
"MRT","Mauritania","1994","5097.20839","2.57600"
"MRT","Mauritania","1995","5446.26956","2.65300"
"MRT","Mauritania","1996","5650.34118","2.72600"
"MRT","Mauritania","1997","5302.36663","2.79900"
"MRT","Mauritania","1998","5310.15819","2.87200"
"MRT","Mauritania","1999","5359.98882","2.94600"
"MRT","Mauritania","2000","5008.60807","3.01900"
"MRT","Mauritania","2001","4847.41086","3.09600"
"MRT","Mauritania","2002","4806.89853","3.17300"
"MRT","Mauritania","2003","5023.65213","3.25100"
"MRT","Mauritania","2004","5139.22552","3.32800"
"MRT","Mauritania","2005","5445.82951","3.40500"
"MRT","Mauritania","2006","6284.70209","3.49000"
"MRT","Mauritania","2007","6002.77832","3.57600"
"MRT","Mauritania","2008","5813.35609","3.66100"
"MRT","Mauritania","2009","5639.78745","3.74700"
"MRT","Mauritania","2010","5605.76389","3.83200"
"MRT","Mauritania","2011","5653.21720","3.95800"
"MRT","Mauritania","2012","5716.25195","4.08400"
"MRT","Mauritania","2013","5769.72871","4.21000"
"MRT","Mauritania","2014","5837.85203","4.21300"
"MRT","Mauritania","2015","5969.54239","4.21600"
"MRT","Mauritania","2016","5866.28145","4.32400"
"MRT","Mauritania","2017","6050.62180","4.43100"
"MRT","Mauritania","2018","6153.63790","4.53900"
"MRT","Mauritania","2019","6162.21044","4.64600"
"MRT","Mauritania","2020","5963.23550","4.75400"
"MRT","Mauritania","2021","5836.56581","4.85200"
"MRT","Mauritania","2022","6053.26178","4.85200"
"MRT","Mauritania","2023","6276.47521","4.85200"
"FSM","Micronesia","2000","3563.89180","7.80400"
"FSM","Micronesia","2001","3618.39396","7.77500"
"FSM","Micronesia","2002","3631.74876","7.74600"
"FSM","Micronesia","2003","3701.13265","7.71700"
"FSM","Micronesia","2004","3594.57719","7.68800"
"FSM","Micronesia","2005","3710.19850","7.66000"
"FSM","Micronesia","2006","3717.65782","7.63100"
"FSM","Micronesia","2007","3684.20209","7.60300"
"FSM","Micronesia","2008","3622.04887","7.57500"
"FSM","Micronesia","2009","3702.36132","7.54700"
"FSM","Micronesia","2010","3780.25133","7.51800"
"FSM","Micronesia","2011","3917.44641","7.49100"
"FSM","Micronesia","2012","3847.14744","7.46300"
"FSM","Micronesia","2013","3696.74550","7.43500"
"FSM","Micronesia","2014","3592.81901","7.40700"
"FSM","Micronesia","2015","3739.35969","7.38000"
"FSM","Micronesia","2016","3774.03193","7.35200"
"FSM","Micronesia","2017","3838.04534","7.32400"
"FSM","Micronesia","2018","3838.64055","7.32700"
"FSM","Micronesia","2019","3965.05377","7.33000"
"FSM","Micronesia","2020","3861.29320","7.33300"
"FSM","Micronesia","2021","3955.73141","7.33300"
"FSM","Micronesia","2022","3815.79466","7.33300"
"FSM","Micronesia","2023","3841.27117","7.33300"
"MDA","Moldavia","1990","15902.89432","9.12000"
"MDA","Moldavia","1991","13342.06002","9.25100"
"MDA","Moldavia","1992","9461.42773","9.38200"
"MDA","Moldavia","1993","9363.59310","9.51200"
"MDA","Moldavia","1994","6490.35310","9.64300"
"MDA","Moldavia","1995","6428.83979","9.77400"
"MDA","Moldavia","1996","6063.14052","9.87300"
"MDA","Moldavia","1997","6185.83952","9.97200"
"MDA","Moldavia","1998","5783.48594","10.07200"
"MDA","Moldavia","1999","5597.46513","10.17100"
"MDA","Moldavia","2000","5727.07923","10.27000"
"MDA","Moldavia","2001","6090.03474","10.37400"
"MDA","Moldavia","2002","6580.27841","10.47700"
"MDA","Moldavia","2003","7034.35785","10.58100"
"MDA","Moldavia","2004","7573.61785","10.68500"
"MDA","Moldavia","2005","8161.47345","10.78800"
"MDA","Moldavia","2006","8577.02858","11.03400"
"MDA","Moldavia","2007","8854.83398","11.28000"
"MDA","Moldavia","2008","9563.69814","11.38000"
"MDA","Moldavia","2009","9001.23432","11.48000"
"MDA","Moldavia","2010","9649.95099","11.49000"
"MDA","Moldavia","2011","10217.30878","11.56000"
"MDA","Moldavia","2012","10158.38547","11.70000"
"MDA","Moldavia","2013","11080.06346","11.63000"
"MDA","Moldavia","2014","11641.12084","11.70000"
"MDA","Moldavia","2015","11691.07975","11.70000"
"MDA","Moldavia","2016","12377.36668","11.72700"
"MDA","Moldavia","2017","13118.82194","11.75300"
"MDA","Moldavia","2018","13895.50437","11.78000"
"MDA","Moldavia","2019","14621.24014","11.76000"
"MDA","Moldavia","2020","13559.26002","11.80000"
"MDA","Moldavia","2021","15682.07033","11.82000"
"MDA","Moldavia","2022","15350.31204","11.83000"
"MDA","Moldavia","2023","15980.56689","11.83000"
"MNG","Mongolia","1990","6637.81927","8.48800"
"MNG","Mongolia","1991","5874.25558","8.51500"
"MNG","Mongolia","1992","5324.48760","8.54100"
"MNG","Mongolia","1993","5162.09987","8.56800"
"MNG","Mongolia","1994","5213.84633","8.59400"
"MNG","Mongolia","1995","5457.68502","8.62100"
"MNG","Mongolia","1996","5494.32134","8.70400"
"MNG","Mongolia","1997","5628.10663","8.78800"
"MNG","Mongolia","1998","5735.84384","8.87200"
"MNG","Mongolia","1999","5829.16641","8.95600"
"MNG","Mongolia","2000","5818.24308","9.04000"
"MNG","Mongolia","2001","5917.07088","9.14000"
"MNG","Mongolia","2002","6117.98242","9.24000"
"MNG","Mongolia","2003","6463.78967","9.34000"
"MNG","Mongolia","2004","7070.66716","9.44000"
"MNG","Mongolia","2005","7499.84804","9.54000"
"MNG","Mongolia","2006","8043.99678","9.64000"
"MNG","Mongolia","2007","8750.13407","9.74000"
"MNG","Mongolia","2008","9379.85490","9.84000"
"MNG","Mongolia","2009","9095.97699","9.94000"
"MNG","Mongolia","2010","9507.11882","10.04000"
"MNG","Mongolia","2011","10960.09593","10.14800"
"MNG","Mongolia","2012","12078.91853","10.25600"
"MNG","Mongolia","2013","13210.09457","10.36400"
"MNG","Mongolia","2014","13943.42771","10.47200"
"MNG","Mongolia","2015","13974.59673","10.58000"
"MNG","Mongolia","2016","13898.14570","10.68800"
"MNG","Mongolia","2017","14401.53751","10.79600"
"MNG","Mongolia","2018","15230.24088","10.90400"
"MNG","Mongolia","2019","15790.69611","10.16200"
"MNG","Mongolia","2020","14801.34208","9.42000"
"MNG","Mongolia","2021","14792.25091","9.42000"
"MNG","Mongolia","2022","15310.43495","9.42000"
"MNG","Mongolia","2023","16222.86389","9.42000"
"MNE","Montenegro","2003","15076.65139","10.44000"
"MNE","Montenegro","2004","15716.07557","10.54500"
"MNE","Montenegro","2005","16348.89945","10.65000"
"MNE","Montenegro","2006","17727.36604","10.75500"
"MNE","Montenegro","2007","18966.45296","10.86000"
"MNE","Montenegro","2008","20238.92165","10.96500"
"MNE","Montenegro","2009","18984.93791","11.07000"
"MNE","Montenegro","2010","19476.16262","11.17500"
"MNE","Montenegro","2011","20110.48697","11.28000"
"MNE","Montenegro","2012","19576.41205","11.42700"
"MNE","Montenegro","2013","20201.29163","11.57400"
"MNE","Montenegro","2014","20641.76452","11.72100"
"MNE","Montenegro","2015","21131.84103","11.86900"
"MNE","Montenegro","2016","21834.09187","12.01600"
"MNE","Montenegro","2017","22513.78076","12.16300"
"MNE","Montenegro","2018","23562.17626","12.31000"
"MNE","Montenegro","2019","24585.11595","12.46300"
"MNE","Montenegro","2020","20904.59993","12.61700"
"MNE","Montenegro","2021","23689.97911","12.77400"
"MNE","Montenegro","2022","25583.31557","12.77400"
"MNE","Montenegro","2023","27243.40423","12.77400"
"MOZ","Mozambique","1990","547.62278","1.60000"
"MOZ","Mozambique","1991","563.51210","1.58800"
"MOZ","Mozambique","1992","510.82282","1.57700"
"MOZ","Mozambique","1993","549.04876","1.56500"
"MOZ","Mozambique","1994","546.20969","1.55400"
"MOZ","Mozambique","1995","525.41867","1.54200"
"MOZ","Mozambique","1996","562.85746","1.58400"
"MOZ","Mozambique","1997","612.37155","1.62700"
"MOZ","Mozambique","1998","660.65018","1.66900"
"MOZ","Mozambique","1999","722.30556","1.71200"
"MOZ","Mozambique","2000","711.97639","1.75400"
"MOZ","Mozambique","2001","785.79017","1.83100"
"MOZ","Mozambique","2002","842.64527","1.90800"
"MOZ","Mozambique","2003","883.23912","1.98500"
"MOZ","Mozambique","2004","934.13396","2.06200"
"MOZ","Mozambique","2005","970.38996","2.14000"
"MOZ","Mozambique","2006","1041.80472","2.19000"
"MOZ","Mozambique","2007","1095.12569","2.24000"
"MOZ","Mozambique","2008","1141.94256","2.29000"
"MOZ","Mozambique","2009","1178.70910","2.34000"
"MOZ","Mozambique","2010","1224.23020","2.48000"
"MOZ","Mozambique","2011","1275.52960","2.62000"
"MOZ","Mozambique","2012","1338.51595","2.76200"
"MOZ","Mozambique","2013","1385.83255","2.90500"
"MOZ","Mozambique","2014","1449.92927","3.04800"
"MOZ","Mozambique","2015","1512.59975","3.19000"
"MOZ","Mozambique","2016","1537.90853","3.12500"
"MOZ","Mozambique","2017","1532.00736","3.06000"
"MOZ","Mozambique","2018","1538.83512","3.32700"
"MOZ","Mozambique","2019","1528.88988","3.59300"
"MOZ","Mozambique","2020","1466.12476","3.86000"
"MOZ","Mozambique","2021","1457.23541","4.22500"
"MOZ","Mozambique","2022","1476.73433","4.59000"
"MOZ","Mozambique","2023","1512.66730","4.59000"
"MMR","Myanmar","1990","775.32825","2.22100"
"MMR","Myanmar","1991","759.28276","2.27200"
"MMR","Myanmar","1992","821.32776","2.32300"
"MMR","Myanmar","1993","859.34553","2.37400"
"MMR","Myanmar","1994","911.46843","2.42600"
"MMR","Myanmar","1995","962.20942","2.47700"
"MMR","Myanmar","1996","1011.15993","2.54800"
"MMR","Myanmar","1997","1054.76743","2.61900"
"MMR","Myanmar","1998","1102.79096","2.69100"
"MMR","Myanmar","1999","1209.01643","2.76200"
"MMR","Myanmar","2000","1359.93039","2.83300"
"MMR","Myanmar","2001","1498.31163","2.91500"
"MMR","Myanmar","2002","1661.73589","2.99800"
"MMR","Myanmar","2003","1874.17128","3.08000"
"MMR","Myanmar","2004","2110.23728","3.16200"
"MMR","Myanmar","2005","2377.90258","3.24400"
"MMR","Myanmar","2006","2669.32700","3.34300"
"MMR","Myanmar","2007","2968.30332","3.44200"
"MMR","Myanmar","2008","3254.73898","3.54100"
"MMR","Myanmar","2009","3578.17425","3.63900"
"MMR","Myanmar","2010","3893.79031","3.73800"
"MMR","Myanmar","2011","4078.61221","3.93700"
"MMR","Myanmar","2012","4340.99945","4.13600"
"MMR","Myanmar","2013","4666.95376","4.33600"
"MMR","Myanmar","2014","5006.50667","4.53500"
"MMR","Myanmar","2015","5313.88616","4.73400"
"MMR","Myanmar","2016","5580.98977","4.84900"
"MMR","Myanmar","2017","5877.87466","5.36000"
"MMR","Myanmar","2018","6201.26341","5.87000"
"MMR","Myanmar","2019","6562.98898","6.38000"
"MMR","Myanmar","2020","5926.83450","6.38000"
"MMR","Myanmar","2021","5178.44718","6.38000"
"MMR","Myanmar","2022","5350.47667","6.38000"
"MMR","Myanmar","2023","5364.13797","6.38000"
"MEX","México","1990","17169.59259","5.95000"
"MEX","México","1991","17511.73131","6.02100"
"MEX","México","1992","17796.40597","6.09200"
"MEX","México","1993","17970.58719","6.16300"
"MEX","México","1994","18422.81993","6.23400"
"MEX","México","1995","17028.12150","6.30500"
"MEX","México","1996","17775.87279","6.37600"
"MEX","México","1997","18737.64265","6.44700"
"MEX","México","1998","19573.06546","6.51800"
"MEX","México","1999","19793.28529","6.58900"
"MEX","México","2000","20470.49377","6.66000"
"MEX","México","2001","20078.21839","6.81700"
"MEX","México","2002","19744.79337","6.97500"
"MEX","México","2003","19701.46339","7.13200"
"MEX","México","2004","20127.22429","7.29000"
"MEX","México","2005","20277.25529","7.49000"
"MEX","México","2006","20965.82561","7.87000"
"MEX","México","2007","21102.26883","7.88000"
"MEX","México","2008","20992.56027","7.95000"
"MEX","México","2009","19385.54373","8.14000"
"MEX","México","2010","20058.38549","8.01000"
"MEX","México","2011","20457.60017","8.25000"
"MEX","México","2012","20898.93572","8.49000"
"MEX","México","2013","20805.34804","8.36000"
"MEX","México","2014","21069.76617","8.40000"
"MEX","México","2015","21408.92832","8.60000"
"MEX","México","2016","21578.26335","8.60000"
"MEX","México","2017","21777.52251","8.74000"
"MEX","México","2018","21997.77302","8.93000"
"MEX","México","2019","21704.18595","9.07500"
"MEX","México","2020","19728.48178","9.22000"
"MEX","México","2021","20782.58774","9.35000"
"MEX","México","2022","21391.85737","9.35000"
"MEX","México","2023","21864.92361","9.35000"
"NAM","Namibia","1990","7281.77893","5.70100"
"NAM","Namibia","1991","7618.33278","5.71000"
"NAM","Namibia","1992","7911.01026","5.71900"
"NAM","Namibia","1993","7541.56082","5.72800"
"NAM","Namibia","1994","7437.33529","5.73700"
"NAM","Namibia","1995","7506.10484","5.74600"
"NAM","Namibia","1996","7538.92462","5.75500"
"NAM","Namibia","1997","7656.32513","5.76400"
"NAM","Namibia","1998","7709.89004","5.77300"
"NAM","Namibia","1999","7773.94354","5.78200"
"NAM","Namibia","2000","7858.38790","5.79100"
"NAM","Namibia","2001","7786.54169","5.80000"
"NAM","Namibia","2002","8017.28134","5.88000"
"NAM","Namibia","2003","8237.36597","5.96000"
"NAM","Namibia","2004","9130.82442","6.04100"
"NAM","Namibia","2005","9245.13653","6.12100"
"NAM","Namibia","2006","9773.29833","6.17700"
"NAM","Namibia","2007","10162.24007","6.23200"
"NAM","Namibia","2008","10286.51241","6.28800"
"NAM","Namibia","2009","10166.28995","6.34300"
"NAM","Namibia","2010","10614.62016","6.39900"
"NAM","Namibia","2011","10965.27298","6.51600"
"NAM","Namibia","2012","11266.60895","6.63300"
"NAM","Namibia","2013","11593.57538","6.75100"
"NAM","Namibia","2014","11982.69636","6.86800"
"NAM","Namibia","2015","12166.56584","6.98500"
"NAM","Namibia","2016","11846.78808","7.03700"
"NAM","Namibia","2017","11408.72531","7.08800"
"NAM","Namibia","2018","11214.38604","7.13900"
"NAM","Namibia","2019","10813.30447","7.19100"
"NAM","Namibia","2020","9652.24827","7.24200"
"NAM","Namibia","2021","9709.09931","7.27300"
"NAM","Namibia","2022","9953.09752","7.27300"
"NAM","Namibia","2023","10126.23596","7.27300"
"NRU","Nauru","2000","8846.08125","7.02000"
"NRU","Nauru","2001","8278.92548","7.11400"
"NRU","Nauru","2002","7488.89153","7.20800"
"NRU","Nauru","2003","7527.37549","7.30400"
"NRU","Nauru","2004","7201.87094","7.40100"
"NRU","Nauru","2005","7209.75437","7.49900"
"NRU","Nauru","2006","7830.71819","7.59800"
"NRU","Nauru","2007","6110.38388","7.69900"
"NRU","Nauru","2008","7340.51911","7.80100"
"NRU","Nauru","2009","6927.86734","7.90500"
"NRU","Nauru","2010","6909.24219","8.01000"
"NRU","Nauru","2011","7882.14106","8.11600"
"NRU","Nauru","2012","9640.80144","8.22400"
"NRU","Nauru","2013","9799.73803","8.33300"
"NRU","Nauru","2014","11114.39123","8.44400"
"NRU","Nauru","2015","11271.91227","8.55400"
"NRU","Nauru","2016","11531.36301","8.66500"
"NRU","Nauru","2017","10633.27664","8.77500"
"NRU","Nauru","2018","10402.61310","8.88600"
"NRU","Nauru","2019","11184.52849","9.07400"
"NRU","Nauru","2020","11306.02077","9.26100"
"NRU","Nauru","2021","12113.78776","9.44900"
"NRU","Nauru","2022","12019.34929","9.44900"
"NRU","Nauru","2023","11858.51847","9.44900"
"NPL","Nepal","1990","1808.26490","2.46700"
"NPL","Nepal","1991","1874.27514","2.52100"
"NPL","Nepal","1992","1896.97166","2.57500"
"NPL","Nepal","1993","1916.94353","2.62900"
"NPL","Nepal","1994","2023.11520","2.68200"
"NPL","Nepal","1995","2043.60517","2.73600"
"NPL","Nepal","1996","2105.50833","2.76800"
"NPL","Nepal","1997","2166.31263","2.80000"
"NPL","Nepal","1998","2188.22202","2.83100"
"NPL","Nepal","1999","2242.65012","2.86300"
"NPL","Nepal","2000","2340.81563","2.89500"
"NPL","Nepal","2001","2413.81421","3.00000"
"NPL","Nepal","2002","2380.24425","3.05200"
"NPL","Nepal","2003","2439.49480","3.10400"
"NPL","Nepal","2004","2521.54105","3.15600"
"NPL","Nepal","2005","2580.23106","3.20800"
"NPL","Nepal","2006","2641.34799","3.26000"
"NPL","Nepal","2007","2708.71439","3.31200"
"NPL","Nepal","2008","2852.60983","3.36400"
"NPL","Nepal","2009","2961.83900","3.41600"
"NPL","Nepal","2010","3085.31407","3.46800"
"NPL","Nepal","2011","3176.65041","3.52000"
"NPL","Nepal","2012","3316.50073","3.56300"
"NPL","Nepal","2013","3426.55796","3.60600"
"NPL","Nepal","2014","3621.73169","3.64800"
"NPL","Nepal","2015","3745.26182","3.69100"
"NPL","Nepal","2016","3743.74458","3.73400"
"NPL","Nepal","2017","4071.70432","3.93400"
"NPL","Nepal","2018","4371.38572","4.13300"
"NPL","Nepal","2019","4607.52455","4.33300"
"NPL","Nepal","2020","4412.54204","4.41800"
"NPL","Nepal","2021","4546.22970","4.50400"
"NPL","Nepal","2022","4763.38751","4.50400"
"NPL","Nepal","2023","4861.23030","4.50400"
"NIC","Nicaragua","1990","4217.60862","5.51500"
"NIC","Nicaragua","1991","4113.68724","5.64200"
"NIC","Nicaragua","1992","4037.27524","5.76900"
"NIC","Nicaragua","1993","3934.09251","5.89600"
"NIC","Nicaragua","1994","3979.98509","6.02200"
"NIC","Nicaragua","1995","4130.28587","6.14900"
"NIC","Nicaragua","1996","4311.49290","6.28900"
"NIC","Nicaragua","1997","4408.32863","6.43000"
"NIC","Nicaragua","1998","4502.59809","6.57000"
"NIC","Nicaragua","1999","4750.94857","6.71000"
"NIC","Nicaragua","2000","4878.24747","6.85000"
"NIC","Nicaragua","2001","4958.32740","6.95300"
"NIC","Nicaragua","2002","4935.48508","7.05500"
"NIC","Nicaragua","2003","5000.61146","7.15800"
"NIC","Nicaragua","2004","5204.38171","7.26000"
"NIC","Nicaragua","2005","5356.95818","7.36300"
"NIC","Nicaragua","2006","5500.40544","7.50800"
"NIC","Nicaragua","2007","5697.21074","7.65400"
"NIC","Nicaragua","2008","5809.09929","7.80000"
"NIC","Nicaragua","2009","5538.36555","7.94500"
"NIC","Nicaragua","2010","5701.12755","8.09100"
"NIC","Nicaragua","2011","5976.25248","8.27400"
"NIC","Nicaragua","2012","6275.78730","8.45800"
"NIC","Nicaragua","2013","6494.14921","8.64100"
"NIC","Nicaragua","2014","6712.21708","8.82500"
"NIC","Nicaragua","2015","6939.03243","9.00800"
"NIC","Nicaragua","2016","7158.75755","9.16400"
"NIC","Nicaragua","2017","7391.19638","9.32100"
"NIC","Nicaragua","2018","7049.02710","9.47700"
"NIC","Nicaragua","2019","6756.59334","9.63400"
"NIC","Nicaragua","2020","6523.36945","9.79000"
"NIC","Nicaragua","2021","7119.16875","9.93300"
"NIC","Nicaragua","2022","7277.82042","9.93300"
"NIC","Nicaragua","2023","7496.53057","9.93300"
"NGA","Nigeria","1990","5423.80690","2.75200"
"NGA","Nigeria","1991","5301.36342","2.92800"
"NGA","Nigeria","1992","5403.15312","3.10400"
"NGA","Nigeria","1993","5154.75758","3.28100"
"NGA","Nigeria","1994","4929.26828","3.45700"
"NGA","Nigeria","1995","4797.51152","3.63300"
"NGA","Nigeria","1996","4869.82113","3.80900"
"NGA","Nigeria","1997","4884.04743","3.98500"
"NGA","Nigeria","1998","4880.87997","4.16200"
"NGA","Nigeria","1999","4781.67311","4.33800"
"NGA","Nigeria","2000","4889.00322","4.51400"
"NGA","Nigeria","2001","5039.54870","4.69000"
"NGA","Nigeria","2002","5654.89706","4.86600"
"NGA","Nigeria","2003","5905.31483","5.04300"
"NGA","Nigeria","2004","6275.29895","5.26500"
"NGA","Nigeria","2005","6496.93228","5.48800"
"NGA","Nigeria","2006","6702.94533","5.71100"
"NGA","Nigeria","2007","6949.42651","5.93400"
"NGA","Nigeria","2008","7215.76946","6.15700"
"NGA","Nigeria","2009","7581.40572","6.19500"
"NGA","Nigeria","2010","7962.63957","6.23300"
"NGA","Nigeria","2011","8153.53179","6.27100"
"NGA","Nigeria","2012","8265.90551","6.30900"
"NGA","Nigeria","2013","8581.20782","6.34700"
"NGA","Nigeria","2014","8884.77429","6.56300"
"NGA","Nigeria","2015","8892.05799","6.77900"
"NGA","Nigeria","2016","8534.69281","6.99500"
"NGA","Nigeria","2017","8396.78452","6.95700"
"NGA","Nigeria","2018","8362.62331","6.91900"
"NGA","Nigeria","2019","8361.78665","7.19200"
"NGA","Nigeria","2020","7664.21100","7.38900"
"NGA","Nigeria","2021","7588.47886","7.58600"
"NGA","Nigeria","2022","7752.26206","7.58600"
"NGA","Nigeria","2023","7843.00399","7.58600"
"NOR","Noruega","1990","56608.25475","11.71000"
"NOR","Noruega","1991","57949.69868","11.74700"
"NOR","Noruega","1992","59669.75902","11.78400"
"NOR","Noruega","1993","61019.81610","11.82100"
"NOR","Noruega","1994","63730.89646","11.85900"
"NOR","Noruega","1995","66033.88378","11.89600"
"NOR","Noruega","1996","68964.97562","11.93300"
"NOR","Noruega","1997","72084.81392","11.97000"
"NOR","Noruega","1998","73610.18967","12.00700"
"NOR","Noruega","1999","74703.51991","12.04400"
"NOR","Noruega","2000","76775.94206","12.08100"
"NOR","Noruega","2001","78041.01463","12.11900"
"NOR","Noruega","2002","78752.59316","12.15600"
"NOR","Noruega","2003","79150.39629","12.19300"
"NOR","Noruega","2004","82091.19350","12.23000"
"NOR","Noruega","2005","83955.33650","12.28000"
"NOR","Noruega","2006","85653.13678","12.37000"
"NOR","Noruega","2007","87670.86180","12.41000"
"NOR","Noruega","2008","87297.39803","12.48000"
"NOR","Noruega","2009","84812.68513","12.50000"
"NOR","Noruega","2010","84604.51439","12.55000"
"NOR","Noruega","2011","84670.83444","12.61000"
"NOR","Noruega","2012","85925.87234","12.64300"
"NOR","Noruega","2013","85973.76950","12.67700"
"NOR","Noruega","2014","86790.79246","12.71000"
"NOR","Noruega","2015","87688.11967","12.77000"
"NOR","Noruega","2016","88041.64148","12.82000"
"NOR","Noruega","2017","89664.90864","12.95000"
"NOR","Noruega","2018","90064.06880","12.97500"
"NOR","Noruega","2019","90772.90170","13.00000"
"NOR","Noruega","2020","89012.27238","13.05900"
"NOR","Noruega","2021","92205.76986","13.11800"
"NOR","Noruega","2022","95109.82016","13.11800"
"NOR","Noruega","2023","94364.96418","13.11800"
"NZL","Nueva Zelanda","1990","30785.70175","10.14000"
"NZL","Nueva Zelanda","1991","29014.14994","10.40000"
"NZL","Nueva Zelanda","1992","29029.58114","10.66700"
"NZL","Nueva Zelanda","1993","30532.58802","10.93400"
"NZL","Nueva Zelanda","1994","31669.54065","11.20100"
"NZL","Nueva Zelanda","1995","32687.46577","11.46800"
"NZL","Nueva Zelanda","1996","33329.53010","11.73500"
"NZL","Nueva Zelanda","1997","33577.72550","12.00200"
"NZL","Nueva Zelanda","1998","33565.73122","12.26900"
"NZL","Nueva Zelanda","1999","35187.23572","12.53600"
"NZL","Nueva Zelanda","2000","35984.62880","12.80300"
"NZL","Nueva Zelanda","2001","36995.06032","13.07000"
"NZL","Nueva Zelanda","2002","38072.27138","13.12000"
"NZL","Nueva Zelanda","2003","39092.34552","13.17000"
"NZL","Nueva Zelanda","2004","40091.13995","13.22000"
"NZL","Nueva Zelanda","2005","40970.29584","13.27000"
"NZL","Nueva Zelanda","2006","41596.83113","13.32000"
"NZL","Nueva Zelanda","2007","42473.11826","13.33400"
"NZL","Nueva Zelanda","2008","41682.24591","13.34800"
"NZL","Nueva Zelanda","2009","41250.99857","13.36200"
"NZL","Nueva Zelanda","2010","41395.37038","13.37600"
"NZL","Nueva Zelanda","2011","41961.92023","13.39000"
"NZL","Nueva Zelanda","2012","42693.42345","13.38000"
"NZL","Nueva Zelanda","2013","43453.28142","13.33000"
"NZL","Nueva Zelanda","2014","44369.76642","13.28000"
"NZL","Nueva Zelanda","2015","45097.01647","13.23000"
"NZL","Nueva Zelanda","2016","45746.13598","13.33000"
"NZL","Nueva Zelanda","2017","46285.98110","13.23200"
"NZL","Nueva Zelanda","2018","46974.68184","13.13500"
"NZL","Nueva Zelanda","2019","47392.19331","13.03700"
"NZL","Nueva Zelanda","2020","46326.38047","12.94000"
"NZL","Nueva Zelanda","2021","48202.09134","12.88300"
"NZL","Nueva Zelanda","2022","49842.98453","12.88300"
"NZL","Nueva Zelanda","2023","49592.58755","12.88300"
"NER","Níger","1990","1420.23063","0.72800"
"NER","Níger","1991","1370.83565","0.76800"
"NER","Níger","1992","1355.33099","0.80800"
"NER","Níger","1993","1317.38597","0.84800"
"NER","Níger","1994","1299.34992","0.88900"
"NER","Níger","1995","1287.93638","0.92900"
"NER","Níger","1996","1246.83503","0.97500"
"NER","Níger","1997","1224.53934","1.02200"
"NER","Níger","1998","1301.84495","1.06800"
"NER","Níger","1999","1255.05402","1.11400"
"NER","Níger","2000","1197.63477","1.16100"
"NER","Níger","2001","1240.38544","1.20300"
"NER","Níger","2002","1256.23701","1.24500"
"NER","Níger","2003","1238.58781","1.28800"
"NER","Níger","2004","1199.15938","1.33000"
"NER","Níger","2005","1241.20065","1.37200"
"NER","Níger","2006","1267.60141","1.40400"
"NER","Níger","2007","1260.18545","1.43500"
"NER","Níger","2008","1308.27517","1.46700"
"NER","Níger","2009","1285.27757","1.49900"
"NER","Níger","2010","1344.49887","1.53000"
"NER","Níger","2011","1325.92647","1.58500"
"NER","Níger","2012","1411.52001","1.64000"
"NER","Níger","2013","1431.71115","1.57400"
"NER","Níger","2014","1471.50555","1.50900"
"NER","Níger","2015","1480.39815","1.44300"
"NER","Níger","2016","1488.08648","1.37700"
"NER","Níger","2017","1515.48307","1.31200"
"NER","Níger","2018","1565.01970","1.24600"
"NER","Níger","2019","1605.19477","1.29400"
"NER","Níger","2020","1622.27874","1.34100"
"NER","Níger","2021","1587.84785","1.41200"
"NER","Níger","2022","1724.89699","1.41200"
"NER","Níger","2023","1712.97032","1.41200"
"OMN","Omán","2000","42086.04315","5.42100"
"OMN","Omán","2001","43492.28638","5.69100"
"OMN","Omán","2002","42654.14827","5.97300"
"OMN","Omán","2003","41247.58737","6.27000"
"OMN","Omán","2004","41351.76874","6.61400"
"OMN","Omán","2005","41551.14138","6.95800"
"OMN","Omán","2006","42540.43985","7.30200"
"OMN","Omán","2007","43696.96914","7.64600"
"OMN","Omán","2008","46586.39559","7.99000"
"OMN","Omán","2009","48304.11789","7.95500"
"OMN","Omán","2010","48191.61451","7.92000"
"OMN","Omán","2011","44440.30926","8.27600"
"OMN","Omán","2012","41964.08286","8.63200"
"OMN","Omán","2013","40854.48535","8.98800"
"OMN","Omán","2014","39639.98705","9.34400"
"OMN","Omán","2015","39813.78871","9.70000"
"OMN","Omán","2016","39860.98939","10.13000"
"OMN","Omán","2017","38691.10771","10.56000"
"OMN","Omán","2018","38673.60454","10.99000"
"OMN","Omán","2019","38292.38597","11.42000"
"OMN","Omán","2020","37560.59987","11.85000"
"OMN","Omán","2021","38719.45877","11.87000"
"OMN","Omán","2022","39780.21228","11.89000"
"OMN","Omán","2023","37793.61640","11.89000"
"PAK","Pakistán","1990","3199.72963","2.31600"
"PAK","Pakistán","1991","3252.35104","2.41600"
"PAK","Pakistán","1992","3404.12138","2.51600"
"PAK","Pakistán","1993","3369.23796","2.61500"
"PAK","Pakistán","1994","3395.50432","2.71500"
"PAK","Pakistán","1995","3462.47336","2.81400"
"PAK","Pakistán","1996","3526.14161","2.91600"
"PAK","Pakistán","1997","3462.58146","3.01800"
"PAK","Pakistán","1998","3454.17665","3.11900"
"PAK","Pakistán","1999","3484.45678","3.22100"
"PAK","Pakistán","2000","3531.71292","3.32200"
"PAK","Pakistán","2001","3559.72785","3.57400"
"PAK","Pakistán","2002","3563.67847","3.82600"
"PAK","Pakistán","2003","3668.77939","4.07800"
"PAK","Pakistán","2004","3859.64602","4.33000"
"PAK","Pakistán","2005","4042.15458","4.58200"
"PAK","Pakistán","2006","4185.86656","4.57000"
"PAK","Pakistán","2007","4257.92557","4.55000"
"PAK","Pakistán","2008","4233.34831","4.53000"
"PAK","Pakistán","2009","4270.43882","4.52000"
"PAK","Pakistán","2010","4228.78177","4.65000"
"PAK","Pakistán","2011","4246.06711","4.79000"
"PAK","Pakistán","2012","4292.02110","4.88000"
"PAK","Pakistán","2013","4407.14706","4.96000"
"PAK","Pakistán","2014","4520.23463","5.16000"
"PAK","Pakistán","2015","4645.28631","5.14700"
"PAK","Pakistán","2016","4886.61212","5.13300"
"PAK","Pakistán","2017","5031.56061","5.12000"
"PAK","Pakistán","2018","5255.06351","4.77000"
"PAK","Pakistán","2019","5295.95295","4.54000"
"PAK","Pakistán","2020","5135.01459","4.42700"
"PAK","Pakistán","2021","5367.27365","4.31700"
"PAK","Pakistán","2022","5526.27928","4.31700"
"PAK","Pakistán","2023","5418.76932","4.31700"
"PLW","Palau","2000","15410.17403","12.06400"
"PLW","Palau","2001","16393.45210","12.12300"
"PLW","Palau","2002","17033.49027","12.18100"
"PLW","Palau","2003","16538.76884","12.23900"
"PLW","Palau","2004","16974.06829","12.29700"
"PLW","Palau","2005","17464.62082","12.35500"
"PLW","Palau","2006","17706.36736","12.41300"
"PLW","Palau","2007","18096.79895","12.47100"
"PLW","Palau","2008","17355.24230","12.52900"
"PLW","Palau","2009","16541.12063","12.58800"
"PLW","Palau","2010","16313.42877","12.64600"
"PLW","Palau","2011","17354.93368","12.70400"
"PLW","Palau","2012","18024.75410","12.76200"
"PLW","Palau","2013","17891.37844","12.82000"
"PLW","Palau","2014","18574.78895","12.87900"
"PLW","Palau","2015","20104.23154","12.93800"
"PLW","Palau","2016","20408.26133","12.99800"
"PLW","Palau","2017","19693.40824","13.05700"
"PLW","Palau","2018","19608.96170","13.11700"
"PLW","Palau","2019","19685.60380","13.17800"
"PLW","Palau","2020","18509.24919","13.23800"
"PLW","Palau","2021","16312.19022","13.29900"
"PLW","Palau","2022","16258.62713","13.29900"
"PLW","Palau","2023","16487.15375","13.29900"
"PSE","Palestina","2004","4503.08034","7.53000"
"PSE","Palestina","2005","4885.07252","7.63500"
"PSE","Palestina","2006","4714.37332","7.74000"
"PSE","Palestina","2007","4769.52328","7.91000"
"PSE","Palestina","2008","4984.80580","8.01000"
"PSE","Palestina","2009","5270.66332","8.31000"
"PSE","Palestina","2010","5432.24363","8.36000"
"PSE","Palestina","2011","5805.32115","8.58000"
"PSE","Palestina","2012","6009.10926","8.85000"
"PSE","Palestina","2013","6142.20204","8.87000"
"PSE","Palestina","2014","5990.42662","8.91000"
"PSE","Palestina","2015","6072.65032","9.08000"
"PSE","Palestina","2016","6464.13353","9.16000"
"PSE","Palestina","2017","6426.79522","9.28000"
"PSE","Palestina","2018","6342.93748","9.52000"
"PSE","Palestina","2019","6269.89135","9.73000"
"PSE","Palestina","2020","5423.68255","9.94000"
"PSE","Palestina","2021","5663.12161","10.03500"
"PSE","Palestina","2022","5753.08396","10.13000"
"PSE","Palestina","2023","5562.42443","10.13000"
"PAN","Panamá","1990","10263.69284","7.41000"
"PAN","Panamá","1991","10994.55388","7.45700"
"PAN","Panamá","1992","11649.80024","7.50400"
"PAN","Panamá","1993","12032.81226","7.55100"
"PAN","Panamá","1994","12123.35393","7.59800"
"PAN","Panamá","1995","12086.64812","7.64500"
"PAN","Panamá","1996","12327.85629","7.69200"
"PAN","Panamá","1997","13013.89599","7.73900"
"PAN","Panamá","1998","13826.53768","7.78600"
"PAN","Panamá","1999","14261.74646","7.83300"
"PAN","Panamá","2000","14572.98087","7.88000"
"PAN","Panamá","2001","14427.83554","8.02000"
"PAN","Panamá","2002","14507.14942","8.16000"
"PAN","Panamá","2003","14957.55905","8.30000"
"PAN","Panamá","2004","15875.11882","8.44000"
"PAN","Panamá","2005","16867.96745","8.58000"
"PAN","Panamá","2006","18190.28115","8.72000"
"PAN","Panamá","2007","20208.82939","8.86000"
"PAN","Panamá","2008","21867.82722","9.00000"
"PAN","Panamá","2009","21822.99614","9.14000"
"PAN","Panamá","2010","22739.11941","9.28000"
"PAN","Panamá","2011","24999.47027","9.42000"
"PAN","Panamá","2012","26926.89569","9.56000"
"PAN","Panamá","2013","28135.33878","9.70000"
"PAN","Panamá","2014","28931.81564","9.84000"
"PAN","Panamá","2015","29933.16715","9.98000"
"PAN","Panamá","2016","30765.24907","10.12000"
"PAN","Panamá","2017","31979.82464","10.26000"
"PAN","Panamá","2018","32681.47299","10.40000"
"PAN","Panamá","2019","33163.71728","10.54000"
"PAN","Panamá","2020","26881.82772","10.68600"
"PAN","Panamá","2021","30932.76278","10.83400"
"PAN","Panamá","2022","33915.16933","10.83400"
"PAN","Panamá","2023","35872.97192","10.83400"
"PNG","Papúa Nueva Guinea","1990","3164.55429","2.39500"
"PNG","Papúa Nueva Guinea","1991","3358.61893","2.51800"
"PNG","Papúa Nueva Guinea","1992","3690.81787","2.64200"
"PNG","Papúa Nueva Guinea","1993","4206.96808","2.76600"
"PNG","Papúa Nueva Guinea","1994","4298.44185","2.89000"
"PNG","Papúa Nueva Guinea","1995","4009.23567","3.01400"
"PNG","Papúa Nueva Guinea","1996","4167.57014","3.08400"
"PNG","Papúa Nueva Guinea","1997","3864.72542","3.15400"
"PNG","Papúa Nueva Guinea","1998","3590.56012","3.22400"
"PNG","Papúa Nueva Guinea","1999","3532.11204","3.29500"
"PNG","Papúa Nueva Guinea","2000","3327.22486","3.36500"
"PNG","Papúa Nueva Guinea","2001","3212.17085","3.42500"
"PNG","Papúa Nueva Guinea","2002","3101.19240","3.48500"
"PNG","Papúa Nueva Guinea","2003","3064.83667","3.54400"
"PNG","Papúa Nueva Guinea","2004","3046.72322","3.60400"
"PNG","Papúa Nueva Guinea","2005","3136.98757","3.66400"
"PNG","Papúa Nueva Guinea","2006","3202.89764","3.74700"
"PNG","Papúa Nueva Guinea","2007","3346.27900","3.82900"
"PNG","Papúa Nueva Guinea","2008","3234.33248","3.91200"
"PNG","Papúa Nueva Guinea","2009","3350.07264","3.99400"
"PNG","Papúa Nueva Guinea","2010","3579.63001","4.07700"
"PNG","Papúa Nueva Guinea","2011","3515.28313","4.20700"
"PNG","Papúa Nueva Guinea","2012","3577.91015","4.33700"
"PNG","Papúa Nueva Guinea","2013","3615.74646","4.46700"
"PNG","Papúa Nueva Guinea","2014","3999.13039","4.59700"
"PNG","Papúa Nueva Guinea","2015","4155.05564","4.72700"
"PNG","Papúa Nueva Guinea","2016","4276.29643","4.76800"
"PNG","Papúa Nueva Guinea","2017","4322.77662","4.81000"
"PNG","Papúa Nueva Guinea","2018","4211.68504","4.85100"
"PNG","Papúa Nueva Guinea","2019","4302.16255","4.89200"
"PNG","Papúa Nueva Guinea","2020","4078.15378","4.93400"
"PNG","Papúa Nueva Guinea","2021","3977.44297","4.96300"
"PNG","Papúa Nueva Guinea","2022","4126.03032","4.96300"
"PNG","Papúa Nueva Guinea","2023","4206.37835","4.96300"
"PRY","Paraguay","1990","9961.22171","5.74500"
"PRY","Paraguay","1991","10039.04385","5.84600"
"PRY","Paraguay","1992","9947.16439","5.95000"
"PRY","Paraguay","1993","10177.16894","6.05500"
"PRY","Paraguay","1994","10457.76855","6.16100"
"PRY","Paraguay","1995","10906.89461","6.26600"
"PRY","Paraguay","1996","10823.91992","6.37200"
"PRY","Paraguay","1997","11031.62192","6.47700"
"PRY","Paraguay","1998","10801.19505","6.58300"
"PRY","Paraguay","1999","10434.08037","6.68800"
"PRY","Paraguay","2000","9997.32973","6.79400"
"PRY","Paraguay","2001","9748.02703","6.89900"
"PRY","Paraguay","2002","9609.53365","7.00500"
"PRY","Paraguay","2003","9902.19918","7.11000"
"PRY","Paraguay","2004","10185.90744","7.23000"
"PRY","Paraguay","2005","10288.80087","7.35000"
"PRY","Paraguay","2006","10671.64500","7.07000"
"PRY","Paraguay","2007","11140.46291","7.15000"
"PRY","Paraguay","2008","11749.65464","7.39000"
"PRY","Paraguay","2009","11599.81986","7.03000"
"PRY","Paraguay","2010","12736.96729","7.28000"
"PRY","Paraguay","2011","13107.81044","7.53000"
"PRY","Paraguay","2012","12833.18016","7.78000"
"PRY","Paraguay","2013","13698.97223","8.29000"
"PRY","Paraguay","2014","14217.55809","8.25000"
"PRY","Paraguay","2015","14425.77759","8.52000"
"PRY","Paraguay","2016","14824.79063","8.35000"
"PRY","Paraguay","2017","15318.40122","8.47000"
"PRY","Paraguay","2018","15591.01427","8.59000"
"PRY","Paraguay","2019","15319.38900","8.81000"
"PRY","Paraguay","2020","14989.76671","8.86000"
"PRY","Paraguay","2021","15400.94463","8.93100"
"PRY","Paraguay","2022","15222.89202","8.93100"
"PRY","Paraguay","2023","15831.58498","8.93100"
"NLD","Países Bajos","1990","43128.30717","11.10300"
"NLD","Países Bajos","1991","43833.47851","11.16500"
"NLD","Países Bajos","1992","44245.51982","11.22700"
"NLD","Países Bajos","1993","44490.75045","11.29000"
"NLD","Países Bajos","1994","45532.79867","11.35200"
"NLD","Países Bajos","1995","46720.28193","11.41400"
"NLD","Países Bajos","1996","48095.98684","11.48900"
"NLD","Países Bajos","1997","49881.89475","11.56500"
"NLD","Países Bajos","1998","51879.35967","11.64000"
"NLD","Países Bajos","1999","54134.35145","11.71500"
"NLD","Países Bajos","2000","56016.83279","11.79000"
"NLD","Países Bajos","2001","56887.39764","11.79000"
"NLD","Países Bajos","2002","56664.40274","11.79000"
"NLD","Países Bajos","2003","56452.86955","11.79000"
"NLD","Países Bajos","2004","57391.35163","11.79000"
"NLD","Países Bajos","2005","58422.03041","11.79000"
"NLD","Países Bajos","2006","60391.51550","11.89000"
"NLD","Países Bajos","2007","62601.66128","11.99000"
"NLD","Países Bajos","2008","63678.40055","11.91000"
"NLD","Países Bajos","2009","61029.73298","11.94000"
"NLD","Países Bajos","2010","61518.57690","11.98000"
"NLD","Países Bajos","2011","62318.13912","11.96000"
"NLD","Países Bajos","2012","61480.84164","12.02000"
"NLD","Países Bajos","2013","61281.31257","12.07000"
"NLD","Países Bajos","2014","62045.84920","12.09000"
"NLD","Países Bajos","2015","63081.40835","12.14000"
"NLD","Países Bajos","2016","64267.74766","12.18000"
"NLD","Países Bajos","2017","65665.99102","12.25000"
"NLD","Países Bajos","2018","66758.24543","12.32000"
"NLD","Países Bajos","2019","67847.88185","12.45000"
"NLD","Países Bajos","2020","64862.18904","12.58000"
"NLD","Países Bajos","2021","68573.56488","12.67000"
"NLD","Países Bajos","2022","71324.03602","12.67000"
"NLD","Países Bajos","2023","70198.95460","12.67000"
"PER","Perú","1990","6316.22691","7.77500"
"PER","Perú","1991","6321.72201","7.83300"
"PER","Perú","1992","6160.80457","7.89100"
"PER","Perú","1993","6354.40466","7.95000"
"PER","Perú","1994","6996.76186","8.00900"
"PER","Perú","1995","7371.04799","8.06800"
"PER","Perú","1996","7436.18932","8.12700"
"PER","Perú","1997","7772.77834","8.18600"
"PER","Perú","1998","7602.78356","8.24500"
"PER","Perú","1999","7584.30465","8.30500"
"PER","Perú","2000","7668.06078","8.36400"
"PER","Perú","2001","7610.63949","8.42300"
"PER","Perú","2002","7930.50981","8.48200"
"PER","Perú","2003","8173.27673","8.54100"
"PER","Perú","2004","8494.84031","8.60000"
"PER","Perú","2005","8948.74711","7.92000"
"PER","Perú","2006","9546.62530","7.93000"
"PER","Perú","2007","10284.96722","8.19000"
"PER","Perú","2008","11150.02622","8.19000"
"PER","Perú","2009","11202.86544","8.22000"
"PER","Perú","2010","12057.39130","8.87000"
"PER","Perú","2011","12724.88320","8.89000"
"PER","Perú","2012","13393.59239","9.08000"
"PER","Perú","2013","14050.24203","9.14000"
"PER","Perú","2014","14242.64448","9.15000"
"PER","Perú","2015","14540.83132","9.09000"
"PER","Perú","2016","14915.43663","9.31300"
"PER","Perú","2017","15067.48928","9.53700"
"PER","Perú","2018","15384.18461","9.76000"
"PER","Perú","2019","15461.45726","9.89000"
"PER","Perú","2020","13607.76407","10.02100"
"PER","Perú","2021","15285.77069","10.15500"
"PER","Perú","2022","15566.52426","10.15500"
"PER","Perú","2023","15342.27414","10.15500"
"POL","Polonia","1990","12821.46363","9.66800"
"POL","Polonia","1991","11879.75393","9.85500"
"POL","Polonia","1992","12141.23513","10.04300"
"POL","Polonia","1993","12563.10454","10.23100"
"POL","Polonia","1994","13200.16142","10.41900"
"POL","Polonia","1995","14227.56637","10.60600"
"POL","Polonia","1996","15083.09812","10.73400"
"POL","Polonia","1997","16031.72115","10.86100"
"POL","Polonia","1998","16766.64929","10.98800"
"POL","Polonia","1999","17556.00269","11.11600"
"POL","Polonia","2000","18566.35463","11.24300"
"POL","Polonia","2001","18800.60186","11.34600"
"POL","Polonia","2002","19166.91371","11.45000"
"POL","Polonia","2003","19855.63180","11.57000"
"POL","Polonia","2004","20878.65450","11.69000"
"POL","Polonia","2005","21568.94766","11.81000"
"POL","Polonia","2006","22921.19759","11.93000"
"POL","Polonia","2007","24484.06567","12.05000"
"POL","Polonia","2008","25553.90584","12.17000"
"POL","Polonia","2009","26204.41037","12.34000"
"POL","Polonia","2010","27112.13338","12.31000"
"POL","Polonia","2011","28521.66126","12.55000"
"POL","Polonia","2012","28952.91573","12.78000"
"POL","Polonia","2013","29168.62421","12.78000"
"POL","Polonia","2014","30334.87866","12.84000"
"POL","Polonia","2015","31700.36824","12.92000"
"POL","Polonia","2016","32675.30523","13.00000"
"POL","Polonia","2017","34354.59876","13.04000"
"POL","Polonia","2018","36500.41143","13.08000"
"POL","Polonia","2019","38181.62303","13.12000"
"POL","Polonia","2020","37852.80213","13.16000"
"POL","Polonia","2021","41059.58478","13.20900"
"POL","Polonia","2022","43405.02158","13.20900"
"POL","Polonia","2023","43672.76680","13.20900"
"PRT","Portugal","1990","27190.57203","5.27100"
"PRT","Portugal","1991","28443.79454","5.44000"
"PRT","Portugal","1992","28776.04758","5.61400"
"PRT","Portugal","1993","28153.61552","5.78900"
"PRT","Portugal","1994","28348.86584","5.96300"
"PRT","Portugal","1995","29460.81419","6.13700"
"PRT","Portugal","1996","30378.75578","6.31100"
"PRT","Portugal","1997","31574.40220","6.48600"
"PRT","Portugal","1998","32925.66387","6.66000"
"PRT","Portugal","1999","34018.96371","6.71000"
"PRT","Portugal","2000","35069.82757","6.79000"
"PRT","Portugal","2001","35500.22668","6.88000"
"PRT","Portugal","2002","35578.52003","6.96000"
"PRT","Portugal","2003","35115.37951","7.15000"
"PRT","Portugal","2004","35658.12983","7.39000"
"PRT","Portugal","2005","35870.30927","7.49000"
"PRT","Portugal","2006","36387.53674","7.62000"
"PRT","Portugal","2007","37226.47026","7.67000"
"PRT","Portugal","2008","37291.50490","7.78000"
"PRT","Portugal","2009","36092.81093","7.93000"
"PRT","Portugal","2010","36703.11419","8.06000"
"PRT","Portugal","2011","36127.29498","8.28000"
"PRT","Portugal","2012","34804.63333","8.50000"
"PRT","Portugal","2013","34651.77195","8.66000"
"PRT","Portugal","2014","35097.40983","8.87000"
"PRT","Portugal","2015","35803.35756","8.99000"
"PRT","Portugal","2016","36636.29784","9.11000"
"PRT","Portugal","2017","37943.11505","9.22000"
"PRT","Portugal","2018","39123.61513","9.14000"
"PRT","Portugal","2019","40188.28688","9.33000"
"PRT","Portugal","2020","36852.22873","9.58000"
"PRT","Portugal","2021","38657.66772","9.70300"
"PRT","Portugal","2022","41070.86115","9.70300"
"PRT","Portugal","2023","41768.25831","9.70300"
"QAT","Qatar","1990","75303.56017","6.41200"
"QAT","Qatar","1991","71662.20430","6.54600"
"QAT","Qatar","1992","77267.11455","6.67900"
"QAT","Qatar","1993","73900.59136","6.81300"
"QAT","Qatar","1994","72711.02421","6.94600"
"QAT","Qatar","1995","72303.47796","7.08000"
"QAT","Qatar","1996","73369.82924","7.19400"
"QAT","Qatar","1997","91667.42398","7.30800"
"QAT","Qatar","1998","96675.81247","7.42300"
"QAT","Qatar","1999","95556.85225","7.53700"
"QAT","Qatar","2000","98028.52329","7.65200"
"QAT","Qatar","2001","96901.59437","7.81400"
"QAT","Qatar","2002","99001.49400","7.97600"
"QAT","Qatar","2003","98068.12325","8.13800"
"QAT","Qatar","2004","112583.92992","8.30000"
"QAT","Qatar","2005","113384.26700","8.69300"
"QAT","Qatar","2006","121378.43896","9.08700"
"QAT","Qatar","2007","115272.51000","9.48000"
"QAT","Qatar","2008","114879.22173","9.59000"
"QAT","Qatar","2009","114069.65234","9.16000"
"QAT","Qatar","2010","132502.28183","8.55000"
"QAT","Qatar","2011","149025.11633","8.65000"
"QAT","Qatar","2012","147077.40609","9.12000"
"QAT","Qatar","2013","138046.59632","9.80000"
"QAT","Qatar","2014","128013.98705","9.72000"
"QAT","Qatar","2015","123070.88788","9.69500"
"QAT","Qatar","2016","120054.40874","9.67000"
"QAT","Qatar","2017","115064.94366","9.73000"
"QAT","Qatar","2018","114909.94549","9.93800"
"QAT","Qatar","2019","113160.97378","10.14600"
"QAT","Qatar","2020","103061.91342","10.35400"
"QAT","Qatar","2021","116832.57029","10.56200"
"QAT","Qatar","2022","114740.12361","10.77000"
"QAT","Qatar","2023","116159.14256","10.77000"
"GBR","Reino Unido","1990","33530.95782","9.63700"
"GBR","Reino Unido","1991","32995.39487","9.72600"
"GBR","Reino Unido","1992","33332.33264","9.81500"
"GBR","Reino Unido","1993","34413.19049","9.90400"
"GBR","Reino Unido","1994","36025.98310","9.99300"
"GBR","Reino Unido","1995","37200.37900","10.08200"
"GBR","Reino Unido","1996","38076.06245","10.20500"
"GBR","Reino Unido","1997","39831.44926","10.32900"
"GBR","Reino Unido","1998","41004.83863","10.45300"
"GBR","Reino Unido","1999","42071.70554","10.57700"
"GBR","Reino Unido","2000","43818.34631","10.70000"
"GBR","Reino Unido","2001","44693.66126","10.95400"
"GBR","Reino Unido","2002","45265.45652","11.20800"
"GBR","Reino Unido","2003","46505.27988","11.46200"
"GBR","Reino Unido","2004","47317.02707","11.71600"
"GBR","Reino Unido","2005","48304.67532","11.97000"
"GBR","Reino Unido","2006","49000.95354","12.25000"
"GBR","Reino Unido","2007","50045.91631","12.53000"
"GBR","Reino Unido","2008","49629.04987","12.81000"
"GBR","Reino Unido","2009","46995.54500","13.09000"
"GBR","Reino Unido","2010","47682.65252","13.21000"
"GBR","Reino Unido","2011","47714.28943","13.19000"
"GBR","Reino Unido","2012","48099.65944","13.34000"
"GBR","Reino Unido","2013","48600.51008","12.83000"
"GBR","Reino Unido","2014","49763.17388","12.89000"
"GBR","Reino Unido","2015","50462.83300","12.98000"
"GBR","Reino Unido","2016","51168.29258","13.07000"
"GBR","Reino Unido","2017","52429.12755","13.16000"
"GBR","Reino Unido","2018","52983.03954","13.24300"
"GBR","Reino Unido","2019","53374.09276","13.32700"
"GBR","Reino Unido","2020","47930.54904","13.41000"
"GBR","Reino Unido","2021","51840.44242","13.49000"
"GBR","Reino Unido","2022","53979.76791","13.49000"
"GBR","Reino Unido","2023","53423.42263","13.49000"
"CAF","Rep. Centroafricana","1990","1481.25255","1.86800"
"CAF","Rep. Centroafricana","1991","1427.69018","1.93500"
"CAF","Rep. Centroafricana","1992","1294.20255","2.00200"
"CAF","Rep. Centroafricana","1993","1257.82840","2.06900"
"CAF","Rep. Centroafricana","1994","1278.91509","2.13600"
"CAF","Rep. Centroafricana","1995","1334.10323","2.20300"
"CAF","Rep. Centroafricana","1996","1247.96875","2.28100"
"CAF","Rep. Centroafricana","1997","1278.48826","2.35900"
"CAF","Rep. Centroafricana","1998","1302.75143","2.43700"
"CAF","Rep. Centroafricana","1999","1313.23571","2.51500"
"CAF","Rep. Centroafricana","2000","1245.81400","2.59300"
"CAF","Rep. Centroafricana","2001","1272.85711","2.66600"
"CAF","Rep. Centroafricana","2002","1290.38315","2.73800"
"CAF","Rep. Centroafricana","2003","1191.87315","2.81100"
"CAF","Rep. Centroafricana","2004","1236.28535","2.88300"
"CAF","Rep. Centroafricana","2005","1219.59394","2.95600"
"CAF","Rep. Centroafricana","2006","1251.87082","3.01200"
"CAF","Rep. Centroafricana","2007","1284.55284","3.06800"
"CAF","Rep. Centroafricana","2008","1283.27283","3.12400"
"CAF","Rep. Centroafricana","2009","1402.68165","3.18100"
"CAF","Rep. Centroafricana","2010","1479.41368","3.23700"
"CAF","Rep. Centroafricana","2011","1517.14839","3.35700"
"CAF","Rep. Centroafricana","2012","1577.98053","3.47600"
"CAF","Rep. Centroafricana","2013","996.89636","3.59600"
"CAF","Rep. Centroafricana","2014","1001.85598","3.71600"
"CAF","Rep. Centroafricana","2015","1043.92172","3.83500"
"CAF","Rep. Centroafricana","2016","1073.94478","3.85900"
"CAF","Rep. Centroafricana","2017","1103.86609","3.88200"
"CAF","Rep. Centroafricana","2018","1125.70092","3.90600"
"CAF","Rep. Centroafricana","2019","1145.09564","3.93000"
"CAF","Rep. Centroafricana","2020","1136.57053","3.95300"
"CAF","Rep. Centroafricana","2021","1128.55238","3.98900"
"CAF","Rep. Centroafricana","2022","1136.80171","3.98900"
"CAF","Rep. Centroafricana","2023","1132.67643","3.98900"
"COD","Rep. Dem. Congo","1990","2403.97025","3.51600"
"COD","Rep. Dem. Congo","1991","2129.44892","3.72500"
"COD","Rep. Dem. Congo","1992","1842.54849","3.93500"
"COD","Rep. Dem. Congo","1993","1538.39691","4.14400"
"COD","Rep. Dem. Congo","1994","1410.05655","4.35400"
"COD","Rep. Dem. Congo","1995","1362.18780","4.56300"
"COD","Rep. Dem. Congo","1996","1322.58012","4.67900"
"COD","Rep. Dem. Congo","1997","1228.39077","4.79400"
"COD","Rep. Dem. Congo","1998","1176.05050","4.91000"
"COD","Rep. Dem. Congo","1999","1088.65044","5.02600"
"COD","Rep. Dem. Congo","2000","981.42208","5.14100"
"COD","Rep. Dem. Congo","2001","930.85783","5.20100"
"COD","Rep. Dem. Congo","2002","929.45281","5.26000"
"COD","Rep. Dem. Congo","2003","953.04464","5.31900"
"COD","Rep. Dem. Congo","2004","987.74692","5.37900"
"COD","Rep. Dem. Congo","2005","1016.63389","5.43800"
"COD","Rep. Dem. Congo","2006","1036.13330","5.47900"
"COD","Rep. Dem. Congo","2007","1091.54081","5.51900"
"COD","Rep. Dem. Congo","2008","1137.84087","5.56000"
"COD","Rep. Dem. Congo","2009","1109.18312","5.60100"
"COD","Rep. Dem. Congo","2010","1166.98307","5.64100"
"COD","Rep. Dem. Congo","2011","1124.77205","5.74700"
"COD","Rep. Dem. Congo","2012","1182.14075","5.85400"
"COD","Rep. Dem. Congo","2013","1342.74156","5.96000"
"COD","Rep. Dem. Congo","2014","1392.75841","6.22700"
"COD","Rep. Dem. Congo","2015","1433.21580","6.49300"
"COD","Rep. Dem. Congo","2016","1388.80163","6.76000"
"COD","Rep. Dem. Congo","2017","1395.71962","6.90400"
"COD","Rep. Dem. Congo","2018","1431.72853","7.04800"
"COD","Rep. Dem. Congo","2019","1394.76461","7.12700"
"COD","Rep. Dem. Congo","2020","1361.02791","7.20600"
"COD","Rep. Dem. Congo","2021","1402.38560","7.37900"
"COD","Rep. Dem. Congo","2022","1484.33842","7.37900"
"COD","Rep. Dem. Congo","2023","1559.33806","7.37900"
"DOM","Rep. Dominicana","1990","7327.72670","5.26600"
"DOM","Rep. Dominicana","1991","7246.24670","5.39700"
"DOM","Rep. Dominicana","1992","7900.76809","5.52900"
"DOM","Rep. Dominicana","1993","8318.49179","5.66000"
"DOM","Rep. Dominicana","1994","8372.07170","5.79100"
"DOM","Rep. Dominicana","1995","8685.01649","5.92200"
"DOM","Rep. Dominicana","1996","9036.88352","6.03100"
"DOM","Rep. Dominicana","1997","9671.14818","6.13900"
"DOM","Rep. Dominicana","1998","10150.44602","6.24800"
"DOM","Rep. Dominicana","1999","10582.07759","6.35600"
"DOM","Rep. Dominicana","2000","10896.31842","6.46500"
"DOM","Rep. Dominicana","2001","10991.13634","6.54300"
"DOM","Rep. Dominicana","2002","11313.06903","6.62100"
"DOM","Rep. Dominicana","2003","11000.86841","6.69900"
"DOM","Rep. Dominicana","2004","11131.27092","6.77700"
"DOM","Rep. Dominicana","2005","12022.50805","6.85400"
"DOM","Rep. Dominicana","2006","12961.91836","7.01200"
"DOM","Rep. Dominicana","2007","13754.92127","7.17000"
"DOM","Rep. Dominicana","2008","14030.14111","7.19300"
"DOM","Rep. Dominicana","2009","13992.41033","7.21700"
"DOM","Rep. Dominicana","2010","14975.00101","7.24000"
"DOM","Rep. Dominicana","2011","15258.08581","7.33000"
"DOM","Rep. Dominicana","2012","15487.27764","7.43000"
"DOM","Rep. Dominicana","2013","16054.76773","7.52000"
"DOM","Rep. Dominicana","2014","16993.58744","7.65000"
"DOM","Rep. Dominicana","2015","17973.18703","7.72000"
"DOM","Rep. Dominicana","2016","18968.97524","9.04000"
"DOM","Rep. Dominicana","2017","19501.87431","8.98200"
"DOM","Rep. Dominicana","2018","20662.84859","8.92400"
"DOM","Rep. Dominicana","2019","21451.28644","8.86500"
"DOM","Rep. Dominicana","2020","19545.40996","9.15000"
"DOM","Rep. Dominicana","2021","22053.45899","9.44500"
"DOM","Rep. Dominicana","2022","22986.95808","9.44500"
"DOM","Rep. Dominicana","2023","23282.48951","9.44500"
"RWA","Ruanda","1990","1165.72605","1.90400"
"RWA","Ruanda","1991","1113.51792","1.95000"
"RWA","Ruanda","1992","1154.92927","1.99500"
"RWA","Ruanda","1993","1021.67131","2.04100"
"RWA","Ruanda","1994","597.26280","2.08600"
"RWA","Ruanda","1995","966.81041","2.13200"
"RWA","Ruanda","1996","921.92828","2.19700"
"RWA","Ruanda","1997","907.98069","2.26200"
"RWA","Ruanda","1998","948.49066","2.32600"
"RWA","Ruanda","1999","981.72250","2.39100"
"RWA","Ruanda","2000","1055.35042","2.45600"
"RWA","Ruanda","2001","1134.78453","2.57300"
"RWA","Ruanda","2002","1267.19397","2.69000"
"RWA","Ruanda","2003","1266.94449","2.80700"
"RWA","Ruanda","2004","1325.79557","2.92400"
"RWA","Ruanda","2005","1412.06108","3.04100"
"RWA","Ruanda","2006","1501.76462","3.18600"
"RWA","Ruanda","2007","1573.96811","3.33100"
"RWA","Ruanda","2008","1704.25449","3.47600"
"RWA","Ruanda","2009","1764.63485","3.62100"
"RWA","Ruanda","2010","1846.86327","3.76600"
"RWA","Ruanda","2011","1945.53705","3.76800"
"RWA","Ruanda","2012","2063.66475","3.77000"
"RWA","Ruanda","2013","2109.74669","3.91500"
"RWA","Ruanda","2014","2176.09492","4.06000"
"RWA","Ruanda","2015","2313.09717","4.09500"
"RWA","Ruanda","2016","2386.74841","4.17300"
"RWA","Ruanda","2017","2441.08541","4.25200"
"RWA","Ruanda","2018","2577.69730","4.33000"
"RWA","Ruanda","2019","2753.53960","4.60400"
"RWA","Ruanda","2020","2617.70706","4.87800"
"RWA","Ruanda","2021","2776.39276","4.87900"
"RWA","Ruanda","2022","2983.10774","4.88000"
"RWA","Ruanda","2023","3168.03075","4.88000"
"ROU","Rumania","1990","16316.84467","8.49500"
"ROU","Rumania","1991","14332.97068","8.59200"
"ROU","Rumania","1992","13195.04181","8.69000"
"ROU","Rumania","1993","13415.01880","8.78900"
"ROU","Rumania","1994","13962.77386","8.88800"
"ROU","Rumania","1995","14863.18559","8.98700"
"ROU","Rumania","1996","15488.55748","9.08600"
"ROU","Rumania","1997","14779.99773","9.18500"
"ROU","Rumania","1998","14509.99318","9.28400"
"ROU","Rumania","1999","14478.04935","9.38300"
"ROU","Rumania","2000","14853.60637","9.48200"
"ROU","Rumania","2001","15848.30391","9.58100"
"ROU","Rumania","2002","17061.62937","9.68000"
"ROU","Rumania","2003","17587.46262","9.86200"
"ROU","Rumania","2004","19532.48002","10.04400"
"ROU","Rumania","2005","20570.92551","10.22600"
"ROU","Rumania","2006","22354.56379","10.40800"
"ROU","Rumania","2007","24328.39313","10.59000"
"ROU","Rumania","2008","27039.60009","10.67000"
"ROU","Rumania","2009","25761.63055","10.70000"
"ROU","Rumania","2010","24902.90449","10.73000"
"ROU","Rumania","2011","26150.74762","10.86000"
"ROU","Rumania","2012","26767.45565","10.96000"
"ROU","Rumania","2013","26941.93188","11.02000"
"ROU","Rumania","2014","28156.13078","10.86000"
"ROU","Rumania","2015","29181.87817","10.98000"
"ROU","Rumania","2016","30189.14772","11.08000"
"ROU","Rumania","2017","32852.63557","11.15000"
"ROU","Rumania","2018","34828.89586","11.21500"
"ROU","Rumania","2019","36399.47461","11.28000"
"ROU","Rumania","2020","35283.60604","11.39000"
"ROU","Rumania","2021","37534.00026","11.46000"
"ROU","Rumania","2022","39256.82609","11.55000"
"ROU","Rumania","2023","40116.68914","11.55000"
"RUS","Rusia","1990","29643.59570","9.65300"
"RUS","Rusia","1991","28066.92188","9.84200"
"RUS","Rusia","1992","23965.24414","10.03000"
"RUS","Rusia","1993","21899.51758","10.21900"
"RUS","Rusia","1994","19153.36328","10.40700"
"RUS","Rusia","1995","18363.71289","10.59600"
"RUS","Rusia","1996","17699.86914","10.88900"
"RUS","Rusia","1997","17977.35156","11.18100"
"RUS","Rusia","1998","17052.75586","11.47400"
"RUS","Rusia","1999","18200.32031","11.76600"
"RUS","Rusia","2000","20104.75000","12.05900"
"RUS","Rusia","2001","21219.90430","12.11900"
"RUS","Rusia","2002","22319.67773","12.18000"
"RUS","Rusia","2003","24057.92773","12.20000"
"RUS","Rusia","2004","25894.14648","12.22000"
"RUS","Rusia","2005","27656.65820","12.24000"
"RUS","Rusia","2006","30022.67188","12.26000"
"RUS","Rusia","2007","32630.36914","12.28000"
"RUS","Rusia","2008","34342.22656","12.30000"
"RUS","Rusia","2009","31654.00391","12.32000"
"RUS","Rusia","2010","33063.58594","12.34000"
"RUS","Rusia","2011","34444.64453","12.34600"
"RUS","Rusia","2012","35740.69922","12.35300"
"RUS","Rusia","2013","36260.06641","12.35900"
"RUS","Rusia","2014","35853.24609","12.36500"
"RUS","Rusia","2015","35037.15234","12.37200"
"RUS","Rusia","2016","35005.44531","12.37800"
"RUS","Rusia","2017","35570.70312","12.38500"
"RUS","Rusia","2018","36536.69531","12.39100"
"RUS","Rusia","2019","37319.32031","12.39700"
"RUS","Rusia","2020","36376.33594","12.40400"
"RUS","Rusia","2021","38638.42969","12.41000"
"RUS","Rusia","2022","38214.69141","12.41000"
"RUS","Rusia","2023","39881.44922","12.41000"
"KNA","Saint Kitts y Nevis","2005","22612.71266","8.52400"
"KNA","Saint Kitts y Nevis","2006","23258.98423","8.73400"
"KNA","Saint Kitts y Nevis","2007","23330.04424","8.94900"
"KNA","Saint Kitts y Nevis","2008","25898.78236","9.16900"
"KNA","Saint Kitts y Nevis","2009","24973.80453","9.39400"
"KNA","Saint Kitts y Nevis","2010","24997.56725","9.62500"
"KNA","Saint Kitts y Nevis","2011","25380.00873","9.86200"
"KNA","Saint Kitts y Nevis","2012","25114.05726","10.10400"
"KNA","Saint Kitts y Nevis","2013","26532.10166","10.35300"
"KNA","Saint Kitts y Nevis","2014","28530.30722","10.60100"
"KNA","Saint Kitts y Nevis","2015","28729.56645","10.84900"
"KNA","Saint Kitts y Nevis","2016","29867.02656","10.84900"
"KNA","Saint Kitts y Nevis","2017","29948.92001","10.84900"
"KNA","Saint Kitts y Nevis","2018","30576.24867","10.84900"
"KNA","Saint Kitts y Nevis","2019","31512.19431","10.84900"
"KNA","Saint Kitts y Nevis","2020","26736.92836","10.84900"
"KNA","Saint Kitts y Nevis","2021","26896.61771","10.84900"
"KNA","Saint Kitts y Nevis","2022","29749.87009","10.84900"
"KNA","Saint Kitts y Nevis","2023","30616.57728","10.84900"
"WSM","Samoa","1990","3991.43807","10.12800"
"WSM","Samoa","1991","3892.12847","10.19800"
"WSM","Samoa","1992","3862.38380","10.26800"
"WSM","Samoa","1993","3986.96466","10.33800"
"WSM","Samoa","1994","3854.53322","10.40900"
"WSM","Samoa","1995","4078.51336","10.48100"
"WSM","Samoa","1996","4334.06812","10.55300"
"WSM","Samoa","1997","4325.69240","10.62500"
"WSM","Samoa","1998","4387.08120","10.69800"
"WSM","Samoa","1999","4448.88974","10.77200"
"WSM","Samoa","2000","4639.18880","10.84600"
"WSM","Samoa","2001","4941.74832","10.92000"
"WSM","Samoa","2002","5184.11871","10.99600"
"WSM","Samoa","2003","5426.13899","11.07200"
"WSM","Samoa","2004","5569.06081","11.14800"
"WSM","Samoa","2005","5915.64757","11.22400"
"WSM","Samoa","2006","6018.24805","11.30000"
"WSM","Samoa","2007","6014.04676","11.37600"
"WSM","Samoa","2008","6183.55547","11.45200"
"WSM","Samoa","2009","6104.90963","11.52800"
"WSM","Samoa","2010","6428.13509","11.60400"
"WSM","Samoa","2011","6617.61890","11.68000"
"WSM","Samoa","2012","6312.76945","11.64500"
"WSM","Samoa","2013","6263.12610","11.61000"
"WSM","Samoa","2014","6248.70535","11.57600"
"WSM","Samoa","2015","6433.18396","11.54100"
"WSM","Samoa","2016","6888.18770","11.50600"
"WSM","Samoa","2017","6919.90225","11.47100"
"WSM","Samoa","2018","6805.91709","11.43700"
"WSM","Samoa","2019","7034.42233","11.40200"
"WSM","Samoa","2020","6746.15668","11.36700"
"WSM","Samoa","2021","6350.92787","11.33300"
"WSM","Samoa","2022","6450.19152","11.33300"
"WSM","Samoa","2023","7384.69164","11.33300"
"SMR","San Marino","1997","66923.03258","8.72800"
"SMR","San Marino","1998","71024.56188","8.81700"
"SMR","San Marino","1999","76474.13228","8.90700"
"SMR","San Marino","2000","77149.41858","8.99800"
"SMR","San Marino","2001","80420.77255","9.09000"
"SMR","San Marino","2002","79649.53505","9.18200"
"SMR","San Marino","2003","81688.38142","9.27600"
"SMR","San Marino","2004","80724.81147","9.37000"
"SMR","San Marino","2005","81632.17763","9.46600"
"SMR","San Marino","2006","83781.55020","9.56200"
"SMR","San Marino","2007","86785.02102","9.66000"
"SMR","San Marino","2008","85120.28973","9.75800"
"SMR","San Marino","2009","73093.83415","9.85800"
"SMR","San Marino","2010","68669.25495","9.95800"
"SMR","San Marino","2011","64214.12091","10.06000"
"SMR","San Marino","2012","58176.37975","10.16200"
"SMR","San Marino","2013","58467.97891","10.26600"
"SMR","San Marino","2014","58743.58639","10.37100"
"SMR","San Marino","2015","59647.66001","10.47600"
"SMR","San Marino","2016","60669.82289","10.58300"
"SMR","San Marino","2017","59524.56068","10.69100"
"SMR","San Marino","2018","59194.04441","10.80000"
"SMR","San Marino","2019","60171.05060","11.01500"
"SMR","San Marino","2020","55998.07346","11.23000"
"SMR","San Marino","2021","64745.13228","11.29500"
"SMR","San Marino","2022","70887.57806","11.36000"
"SMR","San Marino","2023","70951.79197","11.36000"
"VCT","San Vicente y las Granadinas","2000","9999.05879","9.39600"
"VCT","San Vicente y las Granadinas","2001","10177.80946","9.47500"
"VCT","San Vicente y las Granadinas","2002","10736.08787","9.55500"
"VCT","San Vicente y las Granadinas","2003","11475.33124","9.63500"
"VCT","San Vicente y las Granadinas","2004","11979.90729","9.71700"
"VCT","San Vicente y las Granadinas","2005","12320.07100","9.79800"
"VCT","San Vicente y las Granadinas","2006","13233.40689","9.88100"
"VCT","San Vicente y las Granadinas","2007","13732.36226","9.96400"
"VCT","San Vicente y las Granadinas","2008","13850.39368","10.04800"
"VCT","San Vicente y las Granadinas","2009","13723.78383","10.13200"
"VCT","San Vicente y las Granadinas","2010","13175.72302","10.21700"
"VCT","San Vicente y las Granadinas","2011","13168.89643","10.30300"
"VCT","San Vicente y las Granadinas","2012","13397.96330","10.39000"
"VCT","San Vicente y las Granadinas","2013","13804.18380","10.47700"
"VCT","San Vicente y las Granadinas","2014","14040.24607","10.56600"
"VCT","San Vicente y las Granadinas","2015","14508.86095","10.65400"
"VCT","San Vicente y las Granadinas","2016","15197.74825","10.74200"
"VCT","San Vicente y las Granadinas","2017","15533.22128","10.83000"
"VCT","San Vicente y las Granadinas","2018","16139.06611","10.91800"
"VCT","San Vicente y las Granadinas","2019","16365.32558","11.04400"
"VCT","San Vicente y las Granadinas","2020","15763.70544","11.17000"
"VCT","San Vicente y las Granadinas","2021","16200.89946","11.29500"
"VCT","San Vicente y las Granadinas","2022","16835.02351","11.29500"
"VCT","San Vicente y las Granadinas","2023","17858.24465","11.29500"
"LCA","Santa Lucía","1990","17056.71849","6.56100"
"LCA","Santa Lucía","1991","16916.72656","6.65000"
"LCA","Santa Lucía","1992","17991.70932","6.74100"
"LCA","Santa Lucía","1993","17831.09132","6.83100"
"LCA","Santa Lucía","1994","17847.41377","6.92200"
"LCA","Santa Lucía","1995","17875.41014","7.01200"
"LCA","Santa Lucía","1996","18125.35755","7.10300"
"LCA","Santa Lucía","1997","17747.90029","7.19300"
"LCA","Santa Lucía","1998","18606.53601","7.28400"
"LCA","Santa Lucía","1999","18856.57634","7.37400"
"LCA","Santa Lucía","2000","18638.11771","7.46500"
"LCA","Santa Lucía","2001","17820.79643","7.55500"
"LCA","Santa Lucía","2002","17739.57668","7.64600"
"LCA","Santa Lucía","2003","18344.59193","7.73600"
"LCA","Santa Lucía","2004","19526.44614","7.82700"
"LCA","Santa Lucía","2005","19303.99213","7.91700"
"LCA","Santa Lucía","2006","20353.65337","8.00800"
"LCA","Santa Lucía","2007","20559.89748","8.09800"
"LCA","Santa Lucía","2008","21443.25930","8.18900"
"LCA","Santa Lucía","2009","20706.50553","8.27900"
"LCA","Santa Lucía","2010","20648.78610","8.37000"
"LCA","Santa Lucía","2011","21430.02259","8.36700"
"LCA","Santa Lucía","2012","21309.22513","8.36300"
"LCA","Santa Lucía","2013","20827.28860","8.36000"
"LCA","Santa Lucía","2014","21010.69819","8.39200"
"LCA","Santa Lucía","2015","20939.88103","8.42300"
"LCA","Santa Lucía","2016","21566.30588","8.45500"
"LCA","Santa Lucía","2017","22207.21310","8.48700"
"LCA","Santa Lucía","2018","22761.16135","8.51800"
"LCA","Santa Lucía","2019","22445.20805","8.55000"
"LCA","Santa Lucía","2020","17247.95787","8.58200"
"LCA","Santa Lucía","2021","19141.32723","8.61400"
"LCA","Santa Lucía","2022","22811.25245","8.61400"
"LCA","Santa Lucía","2023","23636.02659","8.61400"
"STP","Santo Tomé y Príncipe","1990","3883.20430","4.09900"
"STP","Santo Tomé y Príncipe","1991","3844.89638","4.15000"
"STP","Santo Tomé y Príncipe","1992","3798.88353","4.20100"
"STP","Santo Tomé y Príncipe","1993","3771.28612","4.25300"
"STP","Santo Tomé y Príncipe","1994","3788.48370","4.30600"
"STP","Santo Tomé y Príncipe","1995","3802.29132","4.35900"
"STP","Santo Tomé y Príncipe","1996","3801.08165","4.41300"
"STP","Santo Tomé y Príncipe","1997","3784.79023","4.46700"
"STP","Santo Tomé y Príncipe","1998","3828.99824","4.52200"
"STP","Santo Tomé y Príncipe","1999","3878.13109","4.57800"
"STP","Santo Tomé y Príncipe","2000","3852.89043","4.63500"
"STP","Santo Tomé y Príncipe","2001","3907.01928","4.69200"
"STP","Santo Tomé y Príncipe","2002","3942.76041","4.75000"
"STP","Santo Tomé y Príncipe","2003","4161.63833","4.80800"
"STP","Santo Tomé y Príncipe","2004","4202.56187","4.86800"
"STP","Santo Tomé y Príncipe","2005","4371.49722","4.92800"
"STP","Santo Tomé y Príncipe","2006","4644.18045","4.98900"
"STP","Santo Tomé y Príncipe","2007","4698.08417","5.05000"
"STP","Santo Tomé y Príncipe","2008","4873.18131","5.11300"
"STP","Santo Tomé y Príncipe","2009","4919.19530","5.17600"
"STP","Santo Tomé y Príncipe","2010","4882.04796","5.24000"
"STP","Santo Tomé y Príncipe","2011","4876.47316","5.30400"
"STP","Santo Tomé y Príncipe","2012","4919.55294","5.37000"
"STP","Santo Tomé y Príncipe","2013","5072.11200","5.43800"
"STP","Santo Tomé y Príncipe","2014","5223.09573","5.50600"
"STP","Santo Tomé y Príncipe","2015","5210.20378","5.57400"
"STP","Santo Tomé y Príncipe","2016","5388.50913","5.64200"
"STP","Santo Tomé y Príncipe","2017","5521.20250","5.71000"
"STP","Santo Tomé y Príncipe","2018","5674.72379","5.77800"
"STP","Santo Tomé y Príncipe","2019","5702.08347","5.84600"
"STP","Santo Tomé y Príncipe","2020","5742.94725","5.91600"
"STP","Santo Tomé y Príncipe","2021","5732.69456","5.98800"
"STP","Santo Tomé y Príncipe","2022","5632.13891","5.98800"
"STP","Santo Tomé y Príncipe","2023","5541.30168","5.98800"
"SEN","Senegal","1990","2923.34412","1.99800"
"SEN","Senegal","1991","2917.01428","1.97200"
"SEN","Senegal","1992","2874.00298","1.94700"
"SEN","Senegal","1993","2834.02797","1.92100"
"SEN","Senegal","1994","2757.86088","1.89600"
"SEN","Senegal","1995","2835.03273","1.87100"
"SEN","Senegal","1996","2822.46837","1.84000"
"SEN","Senegal","1997","2840.60809","1.80900"
"SEN","Senegal","1998","2938.69163","1.77800"
"SEN","Senegal","1999","3050.17801","1.74700"
"SEN","Senegal","2000","3093.28792","1.71600"
"SEN","Senegal","2001","3149.33114","1.64900"
"SEN","Senegal","2002","3075.23158","1.58200"
"SEN","Senegal","2003","3170.03495","1.51500"
"SEN","Senegal","2004","3240.30202","1.44700"
"SEN","Senegal","2005","3301.82076","1.38000"
"SEN","Senegal","2006","3301.03152","1.54000"
"SEN","Senegal","2007","3316.42038","1.71000"
"SEN","Senegal","2008","3359.70567","1.88000"
"SEN","Senegal","2009","3371.46167","2.05000"
"SEN","Senegal","2010","3403.56707","2.22000"
"SEN","Senegal","2011","3362.87941","2.39000"
"SEN","Senegal","2012","3405.10864","2.58500"
"SEN","Senegal","2013","3385.42591","2.78000"
"SEN","Senegal","2014","3484.01220","2.65600"
"SEN","Senegal","2015","3593.79477","2.53200"
"SEN","Senegal","2016","3710.05532","2.89200"
"SEN","Senegal","2017","3871.45147","2.83000"
"SEN","Senegal","2018","3998.28635","2.99800"
"SEN","Senegal","2019","4070.61227","2.84100"
"SEN","Senegal","2020","4018.04129","2.88800"
"SEN","Senegal","2021","4173.67741","2.93500"
"SEN","Senegal","2022","4228.73383","2.93500"
"SEN","Senegal","2023","4304.76149","2.93500"
"SRB","Serbia","1995","9444.75162","6.98100"
"SRB","Serbia","1996","10035.01398","7.07200"
"SRB","Serbia","1997","10965.48241","7.16400"
"SRB","Serbia","1998","11598.33075","7.25600"
"SRB","Serbia","1999","10438.46102","7.34800"
"SRB","Serbia","2000","11105.94882","7.44000"
"SRB","Serbia","2001","11879.17639","7.57000"
"SRB","Serbia","2002","12661.93961","7.70000"
"SRB","Serbia","2003","13273.69007","8.12300"
"SRB","Serbia","2004","14194.36513","8.54700"
"SRB","Serbia","2005","15077.55865","8.97000"
"SRB","Serbia","2006","15727.40337","9.39300"
"SRB","Serbia","2007","17028.08670","9.81700"
"SRB","Serbia","2008","17983.28119","10.24000"
"SRB","Serbia","2009","17488.12272","10.30000"
"SRB","Serbia","2010","17841.43126","10.37000"
"SRB","Serbia","2011","17986.58403","10.57000"
"SRB","Serbia","2012","17993.81472","10.56500"
"SRB","Serbia","2013","18163.20473","10.56000"
"SRB","Serbia","2014","17922.43577","10.72000"
"SRB","Serbia","2015","18247.80911","11.02000"
"SRB","Serbia","2016","18889.38164","11.13000"
"SRB","Serbia","2017","19438.99171","11.16000"
"SRB","Serbia","2018","20454.22588","11.26500"
"SRB","Serbia","2019","21541.12640","11.37000"
"SRB","Serbia","2020","21479.07886","11.50500"
"SRB","Serbia","2021","23406.30657","11.64200"
"SRB","Serbia","2022","24651.84782","11.64200"
"SRB","Serbia","2023","25735.13348","11.64200"
"SYC","Seychelles","2000","20633.67470","10.27400"
"SYC","Seychelles","2001","20147.41877","10.32200"
"SYC","Seychelles","2002","19777.75252","10.37000"
"SYC","Seychelles","2003","18825.22069","10.41900"
"SYC","Seychelles","2004","18356.47114","10.46800"
"SYC","Seychelles","2005","19917.11945","10.51600"
"SYC","Seychelles","2006","21341.85975","10.56500"
"SYC","Seychelles","2007","23117.85552","10.61400"
"SYC","Seychelles","2008","21990.36853","10.66300"
"SYC","Seychelles","2009","21361.13079","10.71200"
"SYC","Seychelles","2010","21708.75545","10.76100"
"SYC","Seychelles","2011","24406.41298","10.80900"
"SYC","Seychelles","2012","24919.95521","10.85800"
"SYC","Seychelles","2013","24770.65146","10.90700"
"SYC","Seychelles","2014","25379.41807","10.95600"
"SYC","Seychelles","2015","27032.20839","11.00500"
"SYC","Seychelles","2016","29905.13474","11.05300"
"SYC","Seychelles","2017","31595.66806","11.10200"
"SYC","Seychelles","2018","32841.42425","11.15100"
"SYC","Seychelles","2019","34346.07089","11.20000"
"SYC","Seychelles","2020","30056.19943","11.20000"
"SYC","Seychelles","2021","29979.82727","11.20000"
"SYC","Seychelles","2022","27275.68838","11.20000"
"SYC","Seychelles","2023","28713.66724","11.20000"
"SLE","Sierra Leona","1990","2703.59919","1.90500"
"SLE","Sierra Leona","1991","2734.96862","1.99700"
"SLE","Sierra Leona","1992","2257.44940","2.08900"
"SLE","Sierra Leona","1993","2293.56354","2.18000"
"SLE","Sierra Leona","1994","2240.29005","2.27200"
"SLE","Sierra Leona","1995","2058.07683","2.36300"
"SLE","Sierra Leona","1996","2084.18223","2.44500"
"SLE","Sierra Leona","1997","1936.55653","2.52700"
"SLE","Sierra Leona","1998","1951.82091","2.60900"
"SLE","Sierra Leona","1999","1903.32696","2.69100"
"SLE","Sierra Leona","2000","1981.50609","2.77300"
"SLE","Sierra Leona","2001","1749.35086","2.86500"
"SLE","Sierra Leona","2002","2089.26153","2.95700"
"SLE","Sierra Leona","2003","2196.28134","3.04800"
"SLE","Sierra Leona","2004","2260.83819","3.14000"
"SLE","Sierra Leona","2005","2296.65768","3.16800"
"SLE","Sierra Leona","2006","2342.75461","3.19700"
"SLE","Sierra Leona","2007","2377.80530","3.22500"
"SLE","Sierra Leona","2008","2404.65199","3.25400"
"SLE","Sierra Leona","2009","2376.58254","3.28200"
"SLE","Sierra Leona","2010","2459.76814","3.31100"
"SLE","Sierra Leona","2011","2590.52839","3.33900"
"SLE","Sierra Leona","2012","2792.92626","3.36800"
"SLE","Sierra Leona","2013","3124.72832","3.39600"
"SLE","Sierra Leona","2014","2812.52832","3.42500"
"SLE","Sierra Leona","2015","2628.17058","3.45300"
"SLE","Sierra Leona","2016","2732.26094","3.48100"
"SLE","Sierra Leona","2017","2753.42720","3.51000"
"SLE","Sierra Leona","2018","2767.38003","3.50700"
"SLE","Sierra Leona","2019","2852.66270","3.50300"
"SLE","Sierra Leona","2020","2752.62615","3.51900"
"SLE","Sierra Leona","2021","2849.38866","3.53500"
"SLE","Sierra Leona","2022","2934.73326","3.53500"
"SLE","Sierra Leona","2023","3034.94608","3.53500"
"SGP","Singapur","1990","45961.05983","7.54000"
"SGP","Singapur","1991","47659.49669","7.76800"
"SGP","Singapur","1992","49319.81927","7.99600"
"SGP","Singapur","1993","53598.46396","8.22400"
"SGP","Singapur","1994","57706.87116","8.45200"
"SGP","Singapur","1995","59997.00744","8.68000"
"SGP","Singapur","1996","61911.50304","8.83900"
"SGP","Singapur","1997","64846.06293","8.99800"
"SGP","Singapur","1998","61306.77345","9.15700"
"SGP","Singapur","1999","64296.63849","9.31600"
"SGP","Singapur","2000","68904.12802","9.47500"
"SGP","Singapur","2001","66352.14929","9.63400"
"SGP","Singapur","2002","68328.93217","9.79300"
"SGP","Singapur","2003","72497.86860","9.95200"
"SGP","Singapur","2004","78712.53473","10.11100"
"SGP","Singapur","2005","82547.48284","10.27000"
"SGP","Singapur","2006","87210.04805","10.11000"
"SGP","Singapur","2007","91198.15157","10.21000"
"SGP","Singapur","2008","88083.28537","10.49000"
"SGP","Singapur","2009","85575.75511","10.50000"
"SGP","Singapur","2010","96280.01688","10.94000"
"SGP","Singapur","2011","100153.72941","11.00000"
"SGP","Singapur","2012","102061.11936","11.02000"
"SGP","Singapur","2013","105259.69356","11.15000"
"SGP","Singapur","2014","107990.89120","11.22000"
"SGP","Singapur","2015","109894.04134","11.37000"
"SGP","Singapur","2016","112719.94795","11.38000"
"SGP","Singapur","2017","117492.96799","11.34000"
"SGP","Singapur","2018","120668.88873","11.56000"
"SGP","Singapur","2019","120678.34198","11.68000"
"SGP","Singapur","2020","116684.21360","11.76000"
"SGP","Singapur","2021","133990.18678","12.08000"
"SGP","Singapur","2022","134828.00139","11.99000"
"SGP","Singapur","2023","130296.84379","11.99000"
"SYR","Siria","1990","5952.35830","3.78300"
"SYR","Siria","1991","6210.41568","3.88000"
"SYR","Siria","1992","6803.92916","3.97700"
"SYR","Siria","1993","7007.72494","4.07400"
"SYR","Siria","1994","7294.86310","4.17200"
"SYR","Siria","1995","7589.39693","4.26900"
"SYR","Siria","1996","8112.37387","4.28800"
"SYR","Siria","1997","8299.18932","4.30700"
"SYR","Siria","1998","8636.63340","4.32600"
"SYR","Siria","1999","8120.49248","4.34500"
"SYR","Siria","2000","7973.98132","4.36400"
"SYR","Siria","2001","8075.78410","4.54700"
"SYR","Siria","2002","8502.49347","4.73000"
"SYR","Siria","2003","8351.46524","5.10600"
"SYR","Siria","2004","8710.00893","5.48200"
"SYR","Siria","2005","9016.72035","5.85800"
"SYR","Siria","2006","9074.77248","6.23400"
"SYR","Siria","2007","9017.08718","6.61000"
"SYR","Siria","2008","9093.12957","6.19000"
"SYR","Siria","2009","9481.56998","6.49000"
"SYR","Siria","2010","9749.57445","6.43400"
"SYR","Siria","2011","9854.03380","6.37800"
"SYR","Siria","2012","7296.32887","6.32300"
"SYR","Siria","2013","5648.60213","6.26800"
"SYR","Siria","2014","5414.37510","6.21400"
"SYR","Siria","2015","5414.83905","6.15900"
"SYR","Siria","2016","5128.91823","6.10500"
"SYR","Siria","2017","5083.65174","6.05100"
"SYR","Siria","2018","5061.49399","5.99600"
"SYR","Siria","2019","4928.02885","5.97600"
"SYR","Siria","2020","4810.61073","5.95600"
"SYR","Siria","2021","4765.52911","5.93600"
"SYR","Siria","2022","4579.43974","5.93600"
"SOM","Somalia","2022","1387.54754","1.90000"
"SOM","Somalia","2023","1401.64735","1.90000"
"LKA","Sri Lanka","1990","4561.57913","8.52500"
"LKA","Sri Lanka","1991","4735.81940","8.71300"
"LKA","Sri Lanka","1992","4866.23941","8.90200"
"LKA","Sri Lanka","1993","5114.43630","9.09000"
"LKA","Sri Lanka","1994","5322.72963","9.27800"
"LKA","Sri Lanka","1995","5523.31225","9.46600"
"LKA","Sri Lanka","1996","5624.02394","9.68500"
"LKA","Sri Lanka","1997","5871.72298","9.90400"
"LKA","Sri Lanka","1998","6032.62213","10.12300"
"LKA","Sri Lanka","1999","6176.23548","10.34200"
"LKA","Sri Lanka","2000","6428.61342","10.56100"
"LKA","Sri Lanka","2001","6230.03052","10.60000"
"LKA","Sri Lanka","2002","6409.86279","10.55600"
"LKA","Sri Lanka","2003","6741.01249","10.51200"
"LKA","Sri Lanka","2004","7059.91098","10.46800"
"LKA","Sri Lanka","2005","7452.74234","10.42400"
"LKA","Sri Lanka","2006","7970.66491","10.38000"
"LKA","Sri Lanka","2007","8454.20675","10.35000"
"LKA","Sri Lanka","2008","8897.82686","10.41000"
"LKA","Sri Lanka","2009","9156.31906","10.51000"
"LKA","Sri Lanka","2010","9832.18622","10.50900"
"LKA","Sri Lanka","2011","10618.49260","10.50700"
"LKA","Sri Lanka","2012","11447.69377","10.50600"
"LKA","Sri Lanka","2013","12249.72233","10.50400"
"LKA","Sri Lanka","2014","12909.96631","10.50300"
"LKA","Sri Lanka","2015","13329.77934","10.50100"
"LKA","Sri Lanka","2016","13845.61468","10.50000"
"LKA","Sri Lanka","2017","14572.48582","10.57000"
"LKA","Sri Lanka","2018","14759.82489","10.64000"
"LKA","Sri Lanka","2019","14637.44429","10.63000"
"LKA","Sri Lanka","2020","13886.65137","10.82000"
"LKA","Sri Lanka","2021","14316.13522","10.73000"
"LKA","Sri Lanka","2022","13249.06505","10.77000"
"LKA","Sri Lanka","2023","13065.06983","10.77000"
"ZAF","Sudáfrica","1990","10811.15153","6.70000"
"ZAF","Sudáfrica","1991","10459.35598","7.05700"
"ZAF","Sudáfrica","1992","10053.61012","7.41400"
"ZAF","Sudáfrica","1993","9976.96506","7.77100"
"ZAF","Sudáfrica","1994","10130.80582","8.12800"
"ZAF","Sudáfrica","1995","10318.83860","8.48600"
"ZAF","Sudáfrica","1996","10623.86036","8.28100"
"ZAF","Sudáfrica","1997","10770.27796","8.07700"
"ZAF","Sudáfrica","1998","10693.68823","7.87200"
"ZAF","Sudáfrica","1999","10831.65896","7.66800"
"ZAF","Sudáfrica","2000","11183.82550","7.46400"
"ZAF","Sudáfrica","2001","11387.49237","7.67000"
"ZAF","Sudáfrica","2002","11697.56573","8.52000"
"ZAF","Sudáfrica","2003","11923.12110","8.76000"
"ZAF","Sudáfrica","2004","12341.21027","8.82000"
"ZAF","Sudáfrica","2005","12861.56331","8.90000"
"ZAF","Sudáfrica","2006","13444.23321","8.95000"
"ZAF","Sudáfrica","2007","14016.24447","9.08000"
"ZAF","Sudáfrica","2008","14297.68878","9.22000"
"ZAF","Sudáfrica","2009","13910.70171","9.60000"
"ZAF","Sudáfrica","2010","14164.99584","9.67000"
"ZAF","Sudáfrica","2011","14434.26115","9.69000"
"ZAF","Sudáfrica","2012","14563.76240","9.93000"
"ZAF","Sudáfrica","2013","14681.09664","10.04000"
"ZAF","Sudáfrica","2014","14643.33848","10.15000"
"ZAF","Sudáfrica","2015","14541.67486","10.23000"
"ZAF","Sudáfrica","2016","14501.28078","10.18500"
"ZAF","Sudáfrica","2017","14573.59808","10.14000"
"ZAF","Sudáfrica","2018","14553.56157","10.75500"
"ZAF","Sudáfrica","2019","14352.66987","11.37000"
"ZAF","Sudáfrica","2020","13250.56666","10.55500"
"ZAF","Sudáfrica","2021","13681.95481","11.61000"
"ZAF","Sudáfrica","2022","13767.49676","11.61000"
"ZAF","Sudáfrica","2023","13695.37557","11.61000"
"SDN","Sudán","1990","2460.18872","1.50000"
"SDN","Sudán","1991","2591.86914","1.59400"
"SDN","Sudán","1992","2709.79004","1.68800"
"SDN","Sudán","1993","2777.27490","1.78200"
"SDN","Sudán","1994","2736.47192","1.87600"
"SDN","Sudán","1995","2824.63208","1.97000"
"SDN","Sudán","1996","2924.29077","2.06400"
"SDN","Sudán","1997","3380.18677","2.15800"
"SDN","Sudán","1998","3441.17920","2.25200"
"SDN","Sudán","1999","3459.22998","2.34600"
"SDN","Sudán","2000","3575.85205","2.44000"
"SDN","Sudán","2001","3701.54883","2.53800"
"SDN","Sudán","2002","3814.31323","2.63600"
"SDN","Sudán","2003","3946.92261","2.73400"
"SDN","Sudán","2004","4041.05713","2.83200"
"SDN","Sudán","2005","4152.32275","2.93000"
"SDN","Sudán","2006","4299.97412","2.97000"
"SDN","Sudán","2007","4415.78516","3.01000"
"SDN","Sudán","2008","4446.40967","3.05000"
"SDN","Sudán","2009","4188.05469","3.09000"
"SDN","Sudán","2010","4219.83691","3.13000"
"SDN","Sudán","2011","4467.62598","3.22800"
"SDN","Sudán","2012","4145.93164","3.32600"
"SDN","Sudán","2013","4130.48584","3.42400"
"SDN","Sudán","2014","4207.50049","3.52200"
"SDN","Sudán","2015","4159.19434","3.62000"
"SDN","Sudán","2016","4174.56104","3.67000"
"SDN","Sudán","2017","4061.01831","3.72000"
"SDN","Sudán","2018","3816.65991","3.77000"
"SDN","Sudán","2019","3625.52319","3.82000"
"SDN","Sudán","2020","3401.24976","3.87000"
"SDN","Sudán","2021","3248.97559","3.96200"
"SDN","Sudán","2022","3132.07715","3.96200"
"SDN","Sudán","2023","2181.07910","3.96200"
"SWE","Suecia","1990","40199.70742","9.55000"
"SWE","Suecia","1991","39469.07165","9.71000"
"SWE","Suecia","1992","38783.63977","10.02000"
"SWE","Suecia","1993","37762.54082","10.21000"
"SWE","Suecia","1994","39000.82772","10.36000"
"SWE","Suecia","1995","40385.21397","10.53000"
"SWE","Suecia","1996","41008.35317","10.71300"
"SWE","Suecia","1997","42241.06077","10.89700"
"SWE","Suecia","1998","44010.10744","11.08000"
"SWE","Suecia","1999","45823.30184","11.26300"
"SWE","Suecia","2000","47868.50773","11.44700"
"SWE","Suecia","2001","48389.81851","11.63000"
"SWE","Suecia","2002","49331.20326","11.81300"
"SWE","Suecia","2003","50072.47365","11.99700"
"SWE","Suecia","2004","51960.53219","12.18000"
"SWE","Suecia","2005","53198.67120","12.26000"
"SWE","Suecia","2006","55373.93381","12.33000"
"SWE","Suecia","2007","56737.36892","12.40000"
"SWE","Suecia","2008","55777.39731","12.07000"
"SWE","Suecia","2009","52950.71033","12.14000"
"SWE","Suecia","2010","55520.43242","12.21000"
"SWE","Suecia","2011","56846.13683","12.28000"
"SWE","Suecia","2012","56193.32875","12.34000"
"SWE","Suecia","2013","56353.08563","12.23000"
"SWE","Suecia","2014","57077.66935","12.29000"
"SWE","Suecia","2015","58955.64124","12.35000"
"SWE","Suecia","2016","59460.28727","12.41000"
"SWE","Suecia","2017","59769.01362","12.49000"
"SWE","Suecia","2018","60124.57120","12.55000"
"SWE","Suecia","2019","61070.52434","12.61000"
"SWE","Suecia","2020","59458.28053","12.67500"
"SWE","Suecia","2021","62190.85270","12.74000"
"SWE","Suecia","2022","62544.50022","12.74000"
"SWE","Suecia","2023","62122.51170","12.74000"
"CHE","Suiza","1990","63921.42273","10.53400"
"CHE","Suiza","1991","62404.06278","10.52400"
"CHE","Suiza","1992","61004.74235","10.51400"
"CHE","Suiza","1993","59202.98502","10.50300"
"CHE","Suiza","1994","61091.49609","10.49300"
"CHE","Suiza","1995","63169.28272","10.48300"
"CHE","Suiza","1996","63243.21343","10.51400"
"CHE","Suiza","1997","64414.45789","10.54500"
"CHE","Suiza","1998","66006.25664","10.57600"
"CHE","Suiza","1999","66795.88797","10.60700"
"CHE","Suiza","2000","68834.81799","10.63800"
"CHE","Suiza","2001","69489.69951","10.75100"
"CHE","Suiza","2002","69228.36833","10.86500"
"CHE","Suiza","2003","68521.34203","10.97900"
"CHE","Suiza","2004","69812.37876","11.09300"
"CHE","Suiza","2005","71414.34956","11.20600"
"CHE","Suiza","2006","73901.61496","11.74000"
"CHE","Suiza","2007","76161.56002","12.27300"
"CHE","Suiza","2008","77103.71883","12.80700"
"CHE","Suiza","2009","74672.95127","13.34000"
"CHE","Suiza","2010","76308.80645","13.32000"
"CHE","Suiza","2011","76527.33615","13.33000"
"CHE","Suiza","2012","76570.23790","13.41000"
"CHE","Suiza","2013","77084.66565","13.52500"
"CHE","Suiza","2014","78086.68052","13.64000"
"CHE","Suiza","2015","78325.74874","13.71000"
"CHE","Suiza","2016","78956.06673","13.67000"
"CHE","Suiza","2017","79333.74378","13.73500"
"CHE","Suiza","2018","81371.89441","13.80000"
"CHE","Suiza","2019","81694.63065","13.86000"
"CHE","Suiza","2020","79270.87137","13.90400"
"CHE","Suiza","2021","83524.98329","13.94900"
"CHE","Suiza","2022","85762.28292","13.94900"
"CHE","Suiza","2023","85383.35645","13.94900"
"SUR","Suriname","2004","18585.51709","7.74000"
"SUR","Suriname","2005","19220.28397","7.78000"
"SUR","Suriname","2006","20113.67075","7.82100"
"SUR","Suriname","2007","20902.13916","7.86100"
"SUR","Suriname","2008","21515.81196","7.90200"
"SUR","Suriname","2009","21906.41054","7.94200"
"SUR","Suriname","2010","22772.47545","7.98300"
"SUR","Suriname","2011","23829.53329","8.02300"
"SUR","Suriname","2012","24193.84124","8.06300"
"SUR","Suriname","2013","24624.02199","8.10400"
"SUR","Suriname","2014","24414.35548","8.14400"
"SUR","Suriname","2015","23327.52525","8.18500"
"SUR","Suriname","2016","21950.41221","8.22500"
"SUR","Suriname","2017","22070.51376","8.26600"
"SUR","Suriname","2018","22938.53537","8.30600"
"SUR","Suriname","2019","22966.74060","8.34700"
"SUR","Suriname","2020","19091.36172","8.38800"
"SUR","Suriname","2021","18458.23500","8.43000"
"SUR","Suriname","2022","18742.58738","8.43000"
"SUR","Suriname","2023","19020.86638","8.43000"
"THA","Tailandia","1990","8702.89956","4.51000"
"THA","Tailandia","1991","9295.04057","4.62800"
"THA","Tailandia","1992","9887.97374","4.74600"
"THA","Tailandia","1993","10539.96111","4.86400"
"THA","Tailandia","1994","11216.25483","4.98100"
"THA","Tailandia","1995","11955.21881","5.09900"
"THA","Tailandia","1996","12457.68208","5.21200"
"THA","Tailandia","1997","11954.14743","5.32500"
"THA","Tailandia","1998","10898.33702","5.43800"
"THA","Tailandia","1999","11254.60983","5.55100"
"THA","Tailandia","2000","11623.78746","5.66400"
"THA","Tailandia","2001","11902.61092","6.04800"
"THA","Tailandia","2002","12513.54220","6.43200"
"THA","Tailandia","2003","13288.74816","6.81600"
"THA","Tailandia","2004","13998.52173","7.20000"
"THA","Tailandia","2005","14459.82563","7.08500"
"THA","Tailandia","2006","15052.69551","6.97000"
"THA","Tailandia","2007","15744.36524","7.13000"
"THA","Tailandia","2008","15893.50849","7.29000"
"THA","Tailandia","2009","15667.60473","7.45000"
"THA","Tailandia","2010","16732.18703","7.61000"
"THA","Tailandia","2011","16768.16885","7.71000"
"THA","Tailandia","2012","17871.57865","7.81000"
"THA","Tailandia","2013","18244.40715","7.91000"
"THA","Tailandia","2014","18326.60487","8.04700"
"THA","Tailandia","2015","18814.04086","8.18300"
"THA","Tailandia","2016","19372.71280","8.32000"
"THA","Tailandia","2017","20096.86055","8.34500"
"THA","Tailandia","2018","20882.17074","8.37000"
"THA","Tailandia","2019","21280.15045","8.70000"
"THA","Tailandia","2020","19950.28441","8.81300"
"THA","Tailandia","2021","20236.97604","8.92700"
"THA","Tailandia","2022","20768.48001","9.04000"
"THA","Tailandia","2023","21245.27068","9.04000"
"TZA","Tanzanía","1990","1794.20459","3.33200"
"TZA","Tanzanía","1991","1785.66394","3.42300"
"TZA","Tanzanía","1992","1751.91846","3.51300"
"TZA","Tanzanía","1993","1718.39307","3.60400"
"TZA","Tanzanía","1994","1679.66235","3.69500"
"TZA","Tanzanía","1995","1685.85107","3.78500"
"TZA","Tanzanía","1996","1730.55457","3.87400"
"TZA","Tanzanía","1997","1755.80371","3.96300"
"TZA","Tanzanía","1998","1773.72424","4.05200"
"TZA","Tanzanía","1999","1810.97156","4.14100"
"TZA","Tanzanía","2000","1839.93665","4.23000"
"TZA","Tanzanía","2001","1899.74536","4.26500"
"TZA","Tanzanía","2002","1982.64429","4.30000"
"TZA","Tanzanía","2003","2059.83740","4.41500"
"TZA","Tanzanía","2004","2155.24146","4.53000"
"TZA","Tanzanía","2005","2253.09326","4.64500"
"TZA","Tanzanía","2006","2334.10449","4.76000"
"TZA","Tanzanía","2007","2423.61597","4.87500"
"TZA","Tanzanía","2008","2493.25928","4.99000"
"TZA","Tanzanía","2009","2560.81104","5.10500"
"TZA","Tanzanía","2010","2654.80347","5.22000"
"TZA","Tanzanía","2011","2779.70776","5.33500"
"TZA","Tanzanía","2012","2822.48535","5.45000"
"TZA","Tanzanía","2013","2924.86328","5.46500"
"TZA","Tanzanía","2014","3027.56909","5.47900"
"TZA","Tanzanía","2015","3111.44458","5.49400"
"TZA","Tanzanía","2016","3214.24683","5.52500"
"TZA","Tanzanía","2017","3318.28833","5.55700"
"TZA","Tanzanía","2018","3392.68872","5.58900"
"TZA","Tanzanía","2019","3484.63257","5.70800"
"TZA","Tanzanía","2020","3449.82153","5.82700"
"TZA","Tanzanía","2021","3493.08301","5.94600"
"TZA","Tanzanía","2022","3546.98096","6.06500"
"TZA","Tanzanía","2023","3620.79346","6.06500"
"TJK","Tayikistán","1990","4173.04608","9.30300"
"TJK","Tayikistán","1991","3777.10751","9.49500"
"TJK","Tayikistán","1992","2630.38658","9.68800"
"TJK","Tayikistán","1993","2169.96747","9.88000"
"TJK","Tayikistán","1994","1678.33852","10.07300"
"TJK","Tayikistán","1995","1439.50278","10.26500"
"TJK","Tayikistán","1996","1175.79407","10.37200"
"TJK","Tayikistán","1997","1181.28110","10.47900"
"TJK","Tayikistán","1998","1236.67553","10.58600"
"TJK","Tayikistán","1999","1275.82249","10.69300"
"TJK","Tayikistán","2000","1365.23327","10.80000"
"TJK","Tayikistán","2001","1467.39882","10.83600"
"TJK","Tayikistán","2002","1594.93890","10.87300"
"TJK","Tayikistán","2003","1736.64040","10.90900"
"TJK","Tayikistán","2004","1878.28696","10.94600"
"TJK","Tayikistán","2005","1965.30020","10.98200"
"TJK","Tayikistán","2006","2063.28851","11.01900"
"TJK","Tayikistán","2007","2181.89798","11.05500"
"TJK","Tayikistán","2008","2308.09430","11.09200"
"TJK","Tayikistán","2009","2349.50030","11.12800"
"TJK","Tayikistán","2010","2449.27359","11.16500"
"TJK","Tayikistán","2011","2572.48075","11.20100"
"TJK","Tayikistán","2012","2700.09546","11.23800"
"TJK","Tayikistán","2013","2828.38542","11.27400"
"TJK","Tayikistán","2014","2943.08868","11.31100"
"TJK","Tayikistán","2015","3041.44480","11.34700"
"TJK","Tayikistán","2016","3169.96678","11.38400"
"TJK","Tayikistán","2017","3312.71202","11.42000"
"TJK","Tayikistán","2018","3479.69236","11.37600"
"TJK","Tayikistán","2019","3649.88376","11.33200"
"TJK","Tayikistán","2020","3724.74896","11.28800"
"TJK","Tayikistán","2021","3985.91248","11.27100"
"TJK","Tayikistán","2022","4213.75618","11.27100"
"TJK","Tayikistán","2023","4472.32414","11.27100"
"TLS","Timor-Leste","2000","3783.78330","3.77300"
"TLS","Timor-Leste","2001","4038.33571","3.90800"
"TLS","Timor-Leste","2002","3480.98847","4.04600"
"TLS","Timor-Leste","2003","3264.94647","4.19000"
"TLS","Timor-Leste","2004","3234.97584","4.33900"
"TLS","Timor-Leste","2005","3263.94446","4.49300"
"TLS","Timor-Leste","2006","3038.95232","4.65300"
"TLS","Timor-Leste","2007","3256.56980","4.81800"
"TLS","Timor-Leste","2008","3530.88217","4.98900"
"TLS","Timor-Leste","2009","3792.35832","5.16600"
"TLS","Timor-Leste","2010","4047.24941","5.35000"
"TLS","Timor-Leste","2011","4189.79978","5.33500"
"TLS","Timor-Leste","2012","4297.91482","5.32000"
"TLS","Timor-Leste","2013","4340.27840","5.30500"
"TLS","Timor-Leste","2014","4445.35927","5.29000"
"TLS","Timor-Leste","2015","4467.80007","5.27500"
"TLS","Timor-Leste","2016","4515.42246","5.26000"
"TLS","Timor-Leste","2017","4290.02709","5.44100"
"TLS","Timor-Leste","2018","4188.84099","5.62700"
"TLS","Timor-Leste","2019","5103.14964","5.82000"
"TLS","Timor-Leste","2020","6594.88171","6.02000"
"TLS","Timor-Leste","2021","6825.04581","6.22700"
"TLS","Timor-Leste","2022","5348.49183","6.22700"
"TLS","Timor-Leste","2023","4331.07793","6.22700"
"TGO","Togo","1990","2409.14820","2.31700"
"TGO","Togo","1991","2324.31142","2.40100"
"TGO","Togo","1992","2169.39273","2.48400"
"TGO","Togo","1993","1863.03725","2.56800"
"TGO","Togo","1994","2133.27158","2.65200"
"TGO","Togo","1995","2185.19557","2.73600"
"TGO","Togo","1996","2278.14214","2.80500"
"TGO","Togo","1997","2519.00043","2.87500"
"TGO","Togo","1998","2400.05346","2.94500"
"TGO","Togo","1999","2399.45741","3.01500"
"TGO","Togo","2000","2321.95042","3.08400"
"TGO","Togo","2001","2283.58492","3.12300"
"TGO","Togo","2002","2312.96463","3.16200"
"TGO","Togo","2003","2407.58578","3.20100"
"TGO","Togo","2004","2326.60102","3.23900"
"TGO","Togo","2005","2164.01600","3.27800"
"TGO","Togo","2006","2158.94394","3.29400"
"TGO","Togo","2007","2067.21836","3.30900"
"TGO","Togo","2008","2082.64202","3.32500"
"TGO","Togo","2009","2126.44132","3.34000"
"TGO","Togo","2010","2181.59889","3.49000"
"TGO","Togo","2011","2246.56205","3.64000"
"TGO","Togo","2012","2333.19277","3.84300"
"TGO","Togo","2013","2416.37805","4.04600"
"TGO","Togo","2014","2501.43253","4.24900"
"TGO","Togo","2015","2588.27261","4.45200"
"TGO","Togo","2016","2648.90085","4.65500"
"TGO","Togo","2017","2708.61122","4.85900"
"TGO","Togo","2018","2787.56398","5.09200"
"TGO","Togo","2019","2862.62661","5.33600"
"TGO","Togo","2020","2861.29796","5.59300"
"TGO","Togo","2021","2952.09730","5.86100"
"TGO","Togo","2022","3086.40879","5.86100"
"TGO","Togo","2023","3215.82300","5.86100"
"TON","Tonga","1990","4488.39424","9.12000"
"TON","Tonga","1991","4766.99902","9.30500"
"TON","Tonga","1992","4772.94259","9.48900"
"TON","Tonga","1993","4947.35148","9.67400"
"TON","Tonga","1994","5189.10434","9.85900"
"TON","Tonga","1995","5509.04512","10.04300"
"TON","Tonga","1996","5511.41451","10.03000"
"TON","Tonga","1997","5456.60423","10.03400"
"TON","Tonga","1998","5542.39331","10.03800"
"TON","Tonga","1999","5633.44424","10.04200"
"TON","Tonga","2000","5809.00930","10.04600"
"TON","Tonga","2001","5860.83162","10.05000"
"TON","Tonga","2002","6085.89291","10.05400"
"TON","Tonga","2003","6054.65554","10.05800"
"TON","Tonga","2004","5901.21343","10.06200"
"TON","Tonga","2005","5829.11733","10.06600"
"TON","Tonga","2006","5671.64079","10.07000"
"TON","Tonga","2007","5507.35734","10.24000"
"TON","Tonga","2008","5759.30613","10.41000"
"TON","Tonga","2009","5454.57394","10.58000"
"TON","Tonga","2010","5489.45367","10.75000"
"TON","Tonga","2011","5848.19312","10.92000"
"TON","Tonga","2012","5908.02401","10.91100"
"TON","Tonga","2013","5952.45690","10.90300"
"TON","Tonga","2014","6097.65042","10.89400"
"TON","Tonga","2015","6195.43303","10.88600"
"TON","Tonga","2016","6639.98720","10.87700"
"TON","Tonga","2017","6863.54796","10.86900"
"TON","Tonga","2018","6885.98490","10.86000"
"TON","Tonga","2019","6859.71740","10.85100"
"TON","Tonga","2020","6981.30436","10.88000"
"TON","Tonga","2021","6930.06483","10.91500"
"TON","Tonga","2022","6811.48235","10.91500"
"TON","Tonga","2023","7031.32022","10.91500"
"TTO","Trinidad y Tobago","1990","11869.52873","7.25000"
"TTO","Trinidad y Tobago","1991","12142.34815","7.41900"
"TTO","Trinidad y Tobago","1992","13267.97706","7.58900"
"TTO","Trinidad y Tobago","1993","13088.70739","7.75800"
"TTO","Trinidad y Tobago","1994","13472.74642","7.92800"
"TTO","Trinidad y Tobago","1995","13912.31333","8.09700"
"TTO","Trinidad y Tobago","1996","14838.90265","8.26700"
"TTO","Trinidad y Tobago","1997","15895.24388","8.43600"
"TTO","Trinidad y Tobago","1998","17129.09114","8.60600"
"TTO","Trinidad y Tobago","1999","18440.57413","8.77500"
"TTO","Trinidad y Tobago","2000","19637.55454","8.94400"
"TTO","Trinidad y Tobago","2001","20366.75313","9.11400"
"TTO","Trinidad y Tobago","2002","21876.85291","9.28300"
"TTO","Trinidad y Tobago","2003","24910.82320","9.45300"
"TTO","Trinidad y Tobago","2004","26757.90756","9.62200"
"TTO","Trinidad y Tobago","2005","29536.43941","9.79200"
"TTO","Trinidad y Tobago","2006","33348.75075","9.96100"
"TTO","Trinidad y Tobago","2007","34793.64575","10.13100"
"TTO","Trinidad y Tobago","2008","35825.33335","10.30000"
"TTO","Trinidad y Tobago","2009","34212.26831","10.30000"
"TTO","Trinidad y Tobago","2010","35145.12536","10.47000"
"TTO","Trinidad y Tobago","2011","34769.76203","10.64000"
"TTO","Trinidad y Tobago","2012","36903.68986","10.65400"
"TTO","Trinidad y Tobago","2013","37994.06865","10.66800"
"TTO","Trinidad y Tobago","2014","39248.65705","10.68200"
"TTO","Trinidad y Tobago","2015","38963.96418","10.69600"
"TTO","Trinidad y Tobago","2016","35914.99020","10.70900"
"TTO","Trinidad y Tobago","2017","34095.98993","10.72300"
"TTO","Trinidad y Tobago","2018","33710.01785","10.73700"
"TTO","Trinidad y Tobago","2019","33748.70608","10.75100"
"TTO","Trinidad y Tobago","2020","30720.88769","10.76500"
"TTO","Trinidad y Tobago","2021","30482.12018","10.77900"
"TTO","Trinidad y Tobago","2022","30784.11126","10.79300"
"TTO","Trinidad y Tobago","2023","31196.60355","10.79300"
"TKM","Turkmenistán","1995","4451.02809","10.95000"
"TKM","Turkmenistán","1996","4668.36343","10.94400"
"TKM","Turkmenistán","1997","4066.63089","10.93700"
"TKM","Turkmenistán","1998","4282.50715","10.93100"
"TKM","Turkmenistán","1999","4898.42375","10.92500"
"TKM","Turkmenistán","2000","5064.28782","10.91900"
"TKM","Turkmenistán","2001","5179.46447","10.91200"
"TKM","Turkmenistán","2002","5090.38095","10.90600"
"TKM","Turkmenistán","2003","5154.75098","10.90000"
"TKM","Turkmenistán","2004","5309.64539","10.89400"
"TKM","Turkmenistán","2005","5889.84658","10.88700"
"TKM","Turkmenistán","2006","6415.71291","10.88100"
"TKM","Turkmenistán","2007","6993.52912","10.87500"
"TKM","Turkmenistán","2008","7870.02718","10.86800"
"TKM","Turkmenistán","2009","8186.87833","10.86200"
"TKM","Turkmenistán","2010","8758.89687","10.85600"
"TKM","Turkmenistán","2011","9837.56346","10.85000"
"TKM","Turkmenistán","2012","10689.35373","10.84300"
"TKM","Turkmenistán","2013","11516.37412","10.83700"
"TKM","Turkmenistán","2014","12423.92464","10.83100"
"TKM","Turkmenistán","2015","12926.66373","10.82500"
"TKM","Turkmenistán","2016","13420.38497","10.88800"
"TKM","Turkmenistán","2017","13963.40459","10.95200"
"TKM","Turkmenistán","2018","14499.16844","11.01500"
"TKM","Turkmenistán","2019","15080.90340","11.07900"
"TKM","Turkmenistán","2020","15630.91452","11.14300"
"TKM","Turkmenistán","2021","16259.87001","11.20800"
"TKM","Turkmenistán","2022","16943.60460","11.20800"
"TKM","Turkmenistán","2023","17685.85859","11.20800"
"TUR","Turquía","1990","12184.19959","4.45700"
"TUR","Turquía","1991","12057.93544","4.51200"
"TUR","Turquía","1992","12451.04512","4.56700"
"TUR","Turquía","1993","13174.46712","4.62200"
"TUR","Turquía","1994","12343.00418","4.67700"
"TUR","Turquía","1995","13099.25753","4.73200"
"TUR","Turquía","1996","13826.92011","4.87600"
"TUR","Turquía","1997","14631.29588","5.02000"
"TUR","Turquía","1998","14704.33857","5.16300"
"TUR","Turquía","1999","14066.18963","5.30700"
"TUR","Turquía","2000","14856.91463","5.45100"
"TUR","Turquía","2001","13872.12873","5.55300"
"TUR","Turquía","2002","14587.89462","5.65500"
"TUR","Turquía","2003","15255.71780","5.75800"
"TUR","Turquía","2004","16583.88371","5.86000"
"TUR","Turquía","2005","17902.59660","5.97000"
"TUR","Turquía","2006","18972.00896","6.06000"
"TUR","Turquía","2007","19909.08352","6.14000"
"TUR","Turquía","2008","19839.58455","6.40000"
"TUR","Turquía","2009","18612.19252","6.57000"
"TUR","Turquía","2010","19897.44648","7.09000"
"TUR","Turquía","2011","21760.42919","7.36000"
"TUR","Turquía","2012","22517.71483","7.49000"
"TUR","Turquía","2013","24117.31211","7.63000"
"TUR","Turquía","2014","24888.85217","7.80000"
"TUR","Turquía","2015","25984.80273","7.96000"
"TUR","Turquía","2016","26489.64368","8.10000"
"TUR","Turquía","2017","28194.68831","8.27000"
"TUR","Turquía","2018","28780.30365","8.45000"
"TUR","Turquía","2019","28741.05351","8.63000"
"TUR","Turquía","2020","28976.71792","8.80600"
"TUR","Turquía","2021","32105.54744","8.98600"
"TUR","Turquía","2022","33520.81114","8.98600"
"TUR","Turquía","2023","35069.17017","8.98600"
"TUV","Tuvalu","1990","3120.28113","7.12500"
"TUV","Tuvalu","1991","3185.82378","7.24000"
"TUV","Tuvalu","1992","3234.81422","7.35700"
"TUV","Tuvalu","1993","3335.31686","7.47500"
"TUV","Tuvalu","1994","3645.93965","7.59200"
"TUV","Tuvalu","1995","3436.23530","7.70900"
"TUV","Tuvalu","1996","3209.94284","7.82600"
"TUV","Tuvalu","1997","3509.25585","7.94400"
"TUV","Tuvalu","1998","4031.35917","8.06100"
"TUV","Tuvalu","1999","3949.50872","8.17800"
"TUV","Tuvalu","2000","3893.29677","8.29500"
"TUV","Tuvalu","2001","3903.20310","8.41300"
"TUV","Tuvalu","2002","4211.58993","8.53000"
"TUV","Tuvalu","2003","3998.43607","8.64700"
"TUV","Tuvalu","2004","3874.58267","8.76400"
"TUV","Tuvalu","2005","3682.89176","8.88200"
"TUV","Tuvalu","2006","3687.77123","8.99900"
"TUV","Tuvalu","2007","3893.64260","9.11600"
"TUV","Tuvalu","2008","4093.92474","9.23300"
"TUV","Tuvalu","2009","3812.13930","9.35100"
"TUV","Tuvalu","2010","3664.45035","9.46800"
"TUV","Tuvalu","2011","3879.34910","9.58500"
"TUV","Tuvalu","2012","3715.60047","9.70300"
"TUV","Tuvalu","2013","3833.48955","9.82000"
"TUV","Tuvalu","2014","3903.43451","9.93700"
"TUV","Tuvalu","2015","4277.71467","10.05400"
"TUV","Tuvalu","2016","4495.57216","10.17200"
"TUV","Tuvalu","2017","4668.54377","10.28900"
"TUV","Tuvalu","2018","4785.23290","10.40600"
"TUV","Tuvalu","2019","5515.89954","10.52300"
"TUV","Tuvalu","2020","5442.36321","10.64500"
"TUV","Tuvalu","2021","5551.80842","10.76700"
"TUV","Tuvalu","2022","5044.53985","10.76700"
"TUV","Tuvalu","2023","5315.16301","10.76700"
"TUN","Túnez","1990","6742.58426","3.46400"
"TUN","Túnez","1991","6859.73427","3.60500"
"TUN","Túnez","1992","7241.29106","3.74700"
"TUN","Túnez","1993","7253.33615","3.88800"
"TUN","Túnez","1994","7350.65600","4.03000"
"TUN","Túnez","1995","7406.23901","4.17100"
"TUN","Túnez","1996","7821.79219","4.32700"
"TUN","Túnez","1997","8136.33761","4.48200"
"TUN","Túnez","1998","8417.98493","4.63800"
"TUN","Túnez","1999","8821.98791","4.79300"
"TUN","Túnez","2000","9134.41506","4.94900"
"TUN","Túnez","2001","9380.56318","5.12000"
"TUN","Túnez","2002","9407.55677","5.29200"
"TUN","Túnez","2003","9752.02442","5.46400"
"TUN","Túnez","2004","10263.80554","5.63500"
"TUN","Túnez","2005","10529.15990","5.80700"
"TUN","Túnez","2006","10983.92219","5.97500"
"TUN","Túnez","2007","11613.92475","6.14200"
"TUN","Túnez","2008","11990.19624","6.31000"
"TUN","Túnez","2009","12229.77525","6.48000"
"TUN","Túnez","2010","12458.27104","6.65000"
"TUN","Túnez","2011","12068.71363","6.82000"
"TUN","Túnez","2012","12436.39581","6.74000"
"TUN","Túnez","2013","12587.99506","6.85500"
"TUN","Túnez","2014","12824.00289","6.97000"
"TUN","Túnez","2015","12802.79172","7.08500"
"TUN","Túnez","2016","12803.87974","7.20000"
"TUN","Túnez","2017","12955.40148","7.41100"
"TUN","Túnez","2018","13163.19522","7.62300"
"TUN","Túnez","2019","13243.90242","7.29000"
"TUN","Túnez","2020","11955.59837","7.39200"
"TUN","Túnez","2021","12444.32640","7.49300"
"TUN","Túnez","2022","12712.22345","7.59500"
"TUN","Túnez","2023","12650.96152","7.59500"
"UKR","Ucrania","1990","22815.79883","9.27900"
"UKR","Ucrania","1991","20784.16016","9.46200"
"UKR","Ucrania","1992","18671.87305","9.64500"
"UKR","Ucrania","1993","16012.37207","9.82700"
"UKR","Ucrania","1994","12410.52539","10.01000"
"UKR","Ucrania","1995","10983.00879","10.19300"
"UKR","Ucrania","1996","9969.50098","10.32300"
"UKR","Ucrania","1997","9754.04980","10.45300"
"UKR","Ucrania","1998","9646.05469","10.58300"
"UKR","Ucrania","1999","9704.44531","10.71300"
"UKR","Ucrania","2000","10364.06250","10.84300"
"UKR","Ucrania","2001","11379.38574","10.94000"
"UKR","Ucrania","2002","12092.78906","11.03700"
"UKR","Ucrania","2003","13342.87988","11.13500"
"UKR","Ucrania","2004","15021.06641","11.23200"
"UKR","Ucrania","2005","15610.57324","11.33000"
"UKR","Ucrania","2006","16901.50781","11.36600"
"UKR","Ucrania","2007","18374.01367","11.40300"
"UKR","Ucrania","2008","18883.98633","11.43900"
"UKR","Ucrania","2009","16092.79590","11.47600"
"UKR","Ucrania","2010","16811.79492","11.51300"
"UKR","Ucrania","2011","17783.95703","11.44400"
"UKR","Ucrania","2012","17848.74023","11.37500"
"UKR","Ucrania","2013","17889.09180","11.30500"
"UKR","Ucrania","2014","16978.81250","11.23600"
"UKR","Ucrania","2015","15403.70996","11.16700"
"UKR","Ucrania","2016","15856.81250","11.15900"
"UKR","Ucrania","2017","16310.36035","11.15100"
"UKR","Ucrania","2018","16978.98438","11.14300"
"UKR","Ucrania","2019","17636.55469","11.13500"
"UKR","Ucrania","2020","17092.53906","11.12700"
"UKR","Ucrania","2021","17846.40820","11.12300"
"UKR","Ucrania","2022","13787.12109","11.12300"
"UKR","Ucrania","2023","15916.95801","11.12300"
"UGA","Uganda","1990","1080.03831","3.17500"
"UGA","Uganda","1991","1103.22897","3.25000"
"UGA","Uganda","1992","1102.72992","3.32700"
"UGA","Uganda","1993","1153.99369","3.40500"
"UGA","Uganda","1994","1187.36781","3.48200"
"UGA","Uganda","1995","1288.50887","3.55900"
"UGA","Uganda","1996","1367.94574","3.63600"
"UGA","Uganda","1997","1396.63107","3.71400"
"UGA","Uganda","1998","1422.20789","3.79100"
"UGA","Uganda","1999","1487.75796","3.86800"
"UGA","Uganda","2000","1487.00499","3.94500"
"UGA","Uganda","2001","1516.96424","4.02300"
"UGA","Uganda","2002","1598.58284","4.10000"
"UGA","Uganda","2003","1649.14826","4.27500"
"UGA","Uganda","2004","1709.36159","4.45000"
"UGA","Uganda","2005","1765.03788","4.62500"
"UGA","Uganda","2006","1898.97915","4.80000"
"UGA","Uganda","2007","1999.06249","4.97500"
"UGA","Uganda","2008","2110.10049","5.15000"
"UGA","Uganda","2009","2188.29916","5.14500"
"UGA","Uganda","2010","2244.60595","5.14000"
"UGA","Uganda","2011","2384.46533","5.13500"
"UGA","Uganda","2012","2405.09456","5.13000"
"UGA","Uganda","2013","2420.88808","5.32000"
"UGA","Uganda","2014","2470.50381","5.51000"
"UGA","Uganda","2015","2520.02010","5.70000"
"UGA","Uganda","2016","2554.22769","5.89000"
"UGA","Uganda","2017","2543.84754","5.97400"
"UGA","Uganda","2018","2613.87976","6.06000"
"UGA","Uganda","2019","2689.41009","6.14600"
"UGA","Uganda","2020","2678.00907","6.23400"
"UGA","Uganda","2021","2684.92036","6.32400"
"UGA","Uganda","2022","2724.90610","6.32400"
"UGA","Uganda","2023","2791.05577","6.32400"
"URY","Uruguay","1990","14060.84015","7.15500"
"URY","Uruguay","1991","14474.72723","7.19300"
"URY","Uruguay","1992","15536.48133","7.23100"
"URY","Uruguay","1993","15865.27151","7.26900"
"URY","Uruguay","1994","16932.02204","7.30700"
"URY","Uruguay","1995","16600.03290","7.34600"
"URY","Uruguay","1996","17433.68669","7.47000"
"URY","Uruguay","1997","18823.93479","7.68100"
"URY","Uruguay","1998","19577.78255","7.89300"
"URY","Uruguay","1999","19192.71030","8.10400"
"URY","Uruguay","2000","18752.05071","8.31600"
"URY","Uruguay","2001","17986.89395","8.52700"
"URY","Uruguay","2002","16572.78190","8.73900"
"URY","Uruguay","2003","16694.43260","8.95000"
"URY","Uruguay","2004","17519.37299","8.63300"
"URY","Uruguay","2005","18811.31248","8.31700"
"URY","Uruguay","2006","19560.07435","8.00000"
"URY","Uruguay","2007","20803.88531","8.18500"
"URY","Uruguay","2008","22249.37509","8.37000"
"URY","Uruguay","2009","23138.07331","8.37000"
"URY","Uruguay","2010","24879.82560","8.33000"
"URY","Uruguay","2011","26099.31165","8.40000"
"URY","Uruguay","2012","26953.27090","8.48000"
"URY","Uruguay","2013","28119.47269","8.52000"
"URY","Uruguay","2014","28935.08649","8.61000"
"URY","Uruguay","2015","28941.61845","8.67000"
"URY","Uruguay","2016","29332.55616","8.70000"
"URY","Uruguay","2017","29762.42207","8.83000"
"URY","Uruguay","2018","29757.92761","8.91000"
"URY","Uruguay","2019","30010.56288","8.98000"
"URY","Uruguay","2020","27788.17496","9.50000"
"URY","Uruguay","2021","29431.87388","10.02000"
"URY","Uruguay","2022","30840.07098","10.54000"
"URY","Uruguay","2023","31100.96969","10.54000"
"UZB","Uzbekistán","2000","3430.88371","10.06200"
"UZB","Uzbekistán","2001","3530.54966","10.15000"
"UZB","Uzbekistán","2002","3626.07786","10.23900"
"UZB","Uzbekistán","2003","3733.79819","10.32800"
"UZB","Uzbekistán","2004","3962.90117","10.41900"
"UZB","Uzbekistán","2005","4185.63948","10.51000"
"UZB","Uzbekistán","2006","4439.90667","10.60200"
"UZB","Uzbekistán","2007","4792.82910","10.69500"
"UZB","Uzbekistán","2008","5145.99183","10.78900"
"UZB","Uzbekistán","2009","5471.82014","10.88300"
"UZB","Uzbekistán","2010","5794.98038","10.97900"
"UZB","Uzbekistán","2011","6170.84150","11.07500"
"UZB","Uzbekistán","2012","6525.49715","11.17200"
"UZB","Uzbekistán","2013","6932.93371","11.27000"
"UZB","Uzbekistán","2014","7344.44304","11.34000"
"UZB","Uzbekistán","2015","7792.23606","11.36000"
"UZB","Uzbekistán","2016","8172.92169","11.67000"
"UZB","Uzbekistán","2017","8413.29975","11.72000"
"UZB","Uzbekistán","2018","8742.54920","11.77000"
"UZB","Uzbekistán","2019","9169.01148","11.90000"
"UZB","Uzbekistán","2020","9145.23120","11.89000"
"UZB","Uzbekistán","2021","9705.60055","11.88000"
"UZB","Uzbekistán","2022","10091.38779","11.91000"
"UZB","Uzbekistán","2023","10514.09557","11.91000"
"VUT","Vanuatu","2005","3517.84620","5.57600"
"VUT","Vanuatu","2006","3724.24742","5.66800"
"VUT","Vanuatu","2007","3738.66656","5.76100"
"VUT","Vanuatu","2008","3850.27902","5.85700"
"VUT","Vanuatu","2009","3867.75799","5.95400"
"VUT","Vanuatu","2010","3825.75654","6.05200"
"VUT","Vanuatu","2011","3861.18223","6.15200"
"VUT","Vanuatu","2012","3815.41895","6.25400"
"VUT","Vanuatu","2013","3748.76509","6.35700"
"VUT","Vanuatu","2014","3779.64941","6.46100"
"VUT","Vanuatu","2015","3825.81231","6.56400"
"VUT","Vanuatu","2016","3877.08355","6.66800"
"VUT","Vanuatu","2017","3947.67824","6.77100"
"VUT","Vanuatu","2018","3951.18453","6.90800"
"VUT","Vanuatu","2019","3986.65620","7.04600"
"VUT","Vanuatu","2020","3671.97391","7.18300"
"VUT","Vanuatu","2021","3546.08022","7.18300"
"VUT","Vanuatu","2022","3658.51871","7.18300"
"VUT","Vanuatu","2023","3782.82649","7.18300"
"VNM","Vietnam","1990","2467.96460","4.09900"
"VNM","Vietnam","1991","2560.84383","4.23600"
"VNM","Vietnam","1992","2726.47374","4.37300"
"VNM","Vietnam","1993","2890.42432","4.51100"
"VNM","Vietnam","1994","3089.60934","4.64800"
"VNM","Vietnam","1995","3328.21486","4.78500"
"VNM","Vietnam","1996","3584.02898","4.95600"
"VNM","Vietnam","1997","3820.30249","5.12700"
"VNM","Vietnam","1998","3982.95806","5.29700"
"VNM","Vietnam","1999","4119.05367","5.46800"
"VNM","Vietnam","2000","4349.22349","5.63800"
"VNM","Vietnam","2001","4570.26847","5.85100"
"VNM","Vietnam","2002","4809.62151","6.06300"
"VNM","Vietnam","2003","5090.28991","6.27500"
"VNM","Vietnam","2004","5421.09703","6.48700"
"VNM","Vietnam","2005","5776.36304","6.69900"
"VNM","Vietnam","2006","6098.24495","6.91000"
"VNM","Vietnam","2007","6418.54381","7.12000"
"VNM","Vietnam","2008","6659.13561","7.33000"
"VNM","Vietnam","2009","6914.33864","7.54000"
"VNM","Vietnam","2010","7274.73311","7.63000"
"VNM","Vietnam","2011","7652.61896","7.72000"
"VNM","Vietnam","2012","7979.86829","7.81000"
"VNM","Vietnam","2013","8324.19871","7.90000"
"VNM","Vietnam","2014","8751.88281","7.99000"
"VNM","Vietnam","2015","9248.02396","8.08000"
"VNM","Vietnam","2016","9743.18822","8.17000"
"VNM","Vietnam","2017","10290.54871","8.26000"
"VNM","Vietnam","2018","10936.89379","8.35000"
"VNM","Vietnam","2019","11628.61391","8.44000"
"VNM","Vietnam","2020","11851.39657","8.62000"
"VNM","Vietnam","2021","12048.90199","8.80000"
"VNM","Vietnam","2022","12979.76390","8.98000"
"VNM","Vietnam","2023","13534.79978","8.98000"
"ZMB","Zambia","1990","2425.11129","4.48000"
"ZMB","Zambia","1991","2364.86234","4.57100"
"ZMB","Zambia","1992","2268.49812","4.66200"
"ZMB","Zambia","1993","2365.62954","4.75300"
"ZMB","Zambia","1994","2110.58326","4.84400"
"ZMB","Zambia","1995","2119.95643","4.93500"
"ZMB","Zambia","1996","2197.19565","5.02600"
"ZMB","Zambia","1997","2223.45745","5.11700"
"ZMB","Zambia","1998","2157.57339","5.20800"
"ZMB","Zambia","1999","2198.18913","5.29900"
"ZMB","Zambia","2000","2220.56537","5.39000"
"ZMB","Zambia","2001","2268.96966","5.48200"
"ZMB","Zambia","2002","2299.33289","5.57300"
"ZMB","Zambia","2003","2383.87612","5.66400"
"ZMB","Zambia","2004","2471.72073","5.75500"
"ZMB","Zambia","2005","2564.47561","5.84600"
"ZMB","Zambia","2006","2673.46152","5.93700"
"ZMB","Zambia","2007","2796.35293","6.02800"
"ZMB","Zambia","2008","2908.14363","6.11900"
"ZMB","Zambia","2009","3065.84420","6.21000"
"ZMB","Zambia","2010","3266.50749","6.30100"
"ZMB","Zambia","2011","3335.64340","6.39200"
"ZMB","Zambia","2012","3474.55253","6.48300"
"ZMB","Zambia","2013","3535.22449","6.57400"
"ZMB","Zambia","2014","3585.57749","6.66500"
"ZMB","Zambia","2015","3576.92545","6.75600"
"ZMB","Zambia","2016","3598.17166","6.84700"
"ZMB","Zambia","2017","3612.50598","6.93800"
"ZMB","Zambia","2018","3646.95966","7.02900"
"ZMB","Zambia","2019","3591.56419","7.15700"
"ZMB","Zambia","2020","3391.59541","7.28500"
"ZMB","Zambia","2021","3503.03491","7.39700"
"ZMB","Zambia","2022","3585.12379","7.39700"
"ZMB","Zambia","2023","3673.48420","7.39700"
"ZWE","Zimbabwe","1990","6082.86880","5.02700"
"ZWE","Zimbabwe","1991","6254.30182","5.17100"
"ZWE","Zimbabwe","1992","5532.06136","5.32000"
"ZWE","Zimbabwe","1993","5509.10697","5.47300"
"ZWE","Zimbabwe","1994","6010.76845","5.62600"
"ZWE","Zimbabwe","1995","5964.61522","5.77900"
"ZWE","Zimbabwe","1996","6474.18823","5.93200"
"ZWE","Zimbabwe","1997","6524.09092","6.08500"
"ZWE","Zimbabwe","1998","6582.37693","6.23800"
"ZWE","Zimbabwe","1999","6423.73669","6.39100"
"ZWE","Zimbabwe","2000","6170.36063","6.54400"
"ZWE","Zimbabwe","2001","6217.43872","6.69700"
"ZWE","Zimbabwe","2002","5610.21577","6.85000"
"ZWE","Zimbabwe","2003","4601.68068","6.95200"
"ZWE","Zimbabwe","2004","4287.61686","7.05400"
"ZWE","Zimbabwe","2005","4004.68178","7.15600"
"ZWE","Zimbabwe","2006","3819.24997","7.25800"
"ZWE","Zimbabwe","2007","3631.55335","7.36000"
"ZWE","Zimbabwe","2008","2954.11212","7.46200"
"ZWE","Zimbabwe","2009","3299.42809","7.56400"
"ZWE","Zimbabwe","2010","3885.41061","7.66600"
"ZWE","Zimbabwe","2011","4358.94471","7.76800"
"ZWE","Zimbabwe","2012","5003.50873","7.87000"
"ZWE","Zimbabwe","2013","5031.70924","7.99000"
"ZWE","Zimbabwe","2014","5081.13441","8.11000"
"ZWE","Zimbabwe","2015","5102.73643","8.38900"
"ZWE","Zimbabwe","2016","5070.42413","8.42500"
"ZWE","Zimbabwe","2017","5234.40654","8.46000"
"ZWE","Zimbabwe","2018","5415.49322","8.57400"
"ZWE","Zimbabwe","2019","4993.86547","8.68700"
"ZWE","Zimbabwe","2020","4527.73949","8.80800"
"ZWE","Zimbabwe","2021","4827.10960","8.93100"
"ZWE","Zimbabwe","2022","5036.78318","8.93100"
"ZWE","Zimbabwe","2023","5218.04527","8.93100"
