"geocodigoFundar","geonombreFundar","anio","pib_pc","expectativa_al_nacer"
"AFG","Afganistán","2000","1617.82647","55.00470"
"AFG","Afganistán","2001","1454.11078","55.51130"
"AFG","Afganistán","2002","1774.30874","56.22510"
"AFG","Afganistán","2003","1815.92820","57.17130"
"AFG","Afganistán","2004","1776.91821","57.80980"
"AFG","Afganistán","2005","1908.11478","58.24680"
"AFG","Afganistán","2006","1929.72390","58.55330"
"AFG","Afganistán","2007","2155.35307","58.95630"
"AFG","Afganistán","2008","2191.50436","59.70810"
"AFG","Afganistán","2009","2565.02209","60.24780"
"AFG","Afganistán","2010","2848.58606","60.70180"
"AFG","Afganistán","2011","2757.05259","61.25030"
"AFG","Afganistán","2012","2985.31914","61.73490"
"AFG","Afganistán","2013","3046.57993","62.18780"
"AFG","Afganistán","2014","3017.94254","62.25990"
"AFG","Afganistán","2015","2967.69207","62.26950"
"AFG","Afganistán","2016","2958.78540","62.64590"
"AFG","Afganistán","2017","2952.99892","62.40620"
"AFG","Afganistán","2018","2902.39211","62.44340"
"AFG","Afganistán","2019","2927.24514","62.94110"
"AFG","Afganistán","2020","2769.68575","61.45370"
"AFG","Afganistán","2021","2144.16657","60.41740"
"AFG","Afganistán","2022","1981.71017","65.61700"
"AFG","Afganistán","2023","1983.81262","66.03460"
"ALB","Albania","1990","5560.83393","72.70960"
"ALB","Albania","1991","4027.88881","73.00110"
"ALB","Albania","1992","3761.13981","73.30300"
"ALB","Albania","1993","4145.90251","73.63770"
"ALB","Albania","1994","4517.78008","73.83670"
"ALB","Albania","1995","5151.37596","74.02180"
"ALB","Albania","1996","5563.77008","74.11340"
"ALB","Albania","1997","4942.98350","73.38320"
"ALB","Albania","1998","5387.54589","74.35720"
"ALB","Albania","1999","6085.98340","74.56840"
"ALB","Albania","2000","6581.98909","74.82620"
"ALB","Albania","2001","7232.96055","75.08300"
"ALB","Albania","2002","7590.45852","75.29870"
"ALB","Albania","2003","8025.24803","75.55660"
"ALB","Albania","2004","8483.25882","75.95150"
"ALB","Albania","2005","8964.28082","76.42660"
"ALB","Albania","2006","9563.98954","76.99430"
"ALB","Albania","2007","10262.92424","77.69070"
"ALB","Albania","2008","11056.30592","78.24840"
"ALB","Albania","2009","11430.57463","78.50880"
"ALB","Albania","2010","11829.00424","78.41410"
"ALB","Albania","2011","12153.06366","78.30290"
"ALB","Albania","2012","12463.51837","78.08360"
"ALB","Albania","2013","12873.42982","77.99510"
"ALB","Albania","2014","13366.50409","78.02910"
"ALB","Albania","2015","13876.76163","78.35800"
"ALB","Albania","2016","14643.42856","78.64330"
"ALB","Albania","2017","15359.39746","78.90030"
"ALB","Albania","2018","16170.92343","79.23770"
"ALB","Albania","2019","16761.12302","79.46690"
"ALB","Albania","2020","16457.71897","77.82410"
"ALB","Albania","2021","18212.79472","76.84420"
"ALB","Albania","2022","19388.79273","78.76880"
"ALB","Albania","2023","20501.64707","79.60190"
"DEU","Alemania","1990","42355.28610","75.34140"
"DEU","Alemania","1991","44195.71647","75.55970"
"DEU","Alemania","1992","44744.13997","76.00350"
"DEU","Alemania","1993","44018.43809","76.08030"
"DEU","Alemania","1994","45005.15898","76.37990"
"DEU","Alemania","1995","45548.41811","76.55150"
"DEU","Alemania","1996","45888.12696","76.78330"
"DEU","Alemania","1997","46670.70535","77.21820"
"DEU","Alemania","1998","47641.52718","77.57590"
"DEU","Alemania","1999","48624.64844","77.79770"
"DEU","Alemania","2000","49955.64613","78.05630"
"DEU","Alemania","2001","50687.65004","78.40230"
"DEU","Alemania","2002","50486.99825","78.47490"
"DEU","Alemania","2003","50191.72194","78.53610"
"DEU","Alemania","2004","50786.01765","79.11860"
"DEU","Alemania","2005","51264.81937","79.25400"
"DEU","Alemania","2006","53307.16238","79.58620"
"DEU","Alemania","2007","54920.65893","79.73060"
"DEU","Alemania","2008","55513.75589","79.81610"
"DEU","Alemania","2009","52568.79742","79.91510"
"DEU","Alemania","2010","54826.25545","80.08140"
"DEU","Alemania","2011","57950.95897","80.35490"
"DEU","Alemania","2012","58110.37685","80.50170"
"DEU","Alemania","2013","58182.07662","80.45400"
"DEU","Alemania","2014","59203.23409","80.90560"
"DEU","Alemania","2015","59668.98904","80.56580"
"DEU","Alemania","2016","60504.58574","80.83710"
"DEU","Alemania","2017","61965.43429","80.93710"
"DEU","Alemania","2018","62481.11840","80.87470"
"DEU","Alemania","2019","62949.89325","81.18930"
"DEU","Alemania","2020","60299.57677","81.00360"
"DEU","Alemania","2021","62630.77481","81.10590"
"DEU","Alemania","2022","63777.92910","80.57960"
"DEU","Alemania","2023","63140.19491","81.37770"
"AND","Andorra","1990","50036.30078","78.96080"
"AND","Andorra","1991","47624.96686","79.34580"
"AND","Andorra","1992","45246.53307","79.79410"
"AND","Andorra","1993","42605.65958","80.18600"
"AND","Andorra","1994","42716.36564","80.58680"
"AND","Andorra","1995","44375.02472","80.80370"
"AND","Andorra","1996","46386.09120","81.00900"
"AND","Andorra","1997","50032.35291","81.14460"
"AND","Andorra","1998","51092.22224","81.28030"
"AND","Andorra","1999","52921.04526","81.55050"
"AND","Andorra","2000","54809.14417","81.86330"
"AND","Andorra","2001","59109.01368","82.16180"
"AND","Andorra","2002","61188.63709","82.44850"
"AND","Andorra","2003","63656.19583","82.71830"
"AND","Andorra","2004","64353.48581","82.81530"
"AND","Andorra","2005","65114.80537","83.08600"
"AND","Andorra","2006","66390.29373","83.37450"
"AND","Andorra","2007","65534.11686","83.63240"
"AND","Andorra","2008","60691.60515","83.85460"
"AND","Andorra","2009","57203.97089","84.09970"
"AND","Andorra","2010","58285.05778","84.19740"
"AND","Andorra","2011","60470.46624","84.29650"
"AND","Andorra","2012","58172.13239","84.33390"
"AND","Andorra","2013","57332.15856","84.40650"
"AND","Andorra","2014","59929.24447","84.48530"
"AND","Andorra","2015","62105.15424","84.53160"
"AND","Andorra","2016","64402.80924","84.48850"
"AND","Andorra","2017","63239.65777","84.35950"
"AND","Andorra","2018","63048.59856","84.24160"
"AND","Andorra","2019","63215.89979","84.09800"
"AND","Andorra","2020","55488.49030","79.41770"
"AND","Andorra","2021","59332.20291","82.33110"
"AND","Andorra","2022","63913.38351","84.01640"
"AND","Andorra","2023","64631.29639","84.04060"
"AGO","Angola","1990","8366.41272","41.85420"
"AGO","Angola","1991","8170.24939","43.81160"
"AGO","Angola","1992","7445.43837","42.26730"
"AGO","Angola","1993","5481.76387","42.19020"
"AGO","Angola","1994","5377.99035","43.56710"
"AGO","Angola","1995","5981.53258","46.13910"
"AGO","Angola","1996","6565.86479","46.41770"
"AGO","Angola","1997","6808.33628","46.68820"
"AGO","Angola","1998","6893.12265","45.45150"
"AGO","Angola","1999","6815.17531","45.80770"
"AGO","Angola","2000","6794.53021","46.50050"
"AGO","Angola","2001","6846.79270","47.03230"
"AGO","Angola","2002","7521.73599","47.87360"
"AGO","Angola","2003","7516.81391","50.21800"
"AGO","Angola","2004","8079.52613","51.12250"
"AGO","Angola","2005","8892.92106","52.12950"
"AGO","Angola","2006","9586.17542","52.96470"
"AGO","Angola","2007","10434.70872","54.20010"
"AGO","Angola","2008","11131.63101","55.28090"
"AGO","Angola","2009","10930.25312","56.22510"
"AGO","Angola","2010","11074.07238","57.24200"
"AGO","Angola","2011","11034.59197","58.09310"
"AGO","Angola","2012","11516.81332","58.91600"
"AGO","Angola","2013","11622.97835","59.70480"
"AGO","Angola","2014","11718.42868","60.39560"
"AGO","Angola","2015","11389.76095","61.04200"
"AGO","Angola","2016","10963.99679","61.61890"
"AGO","Angola","2017","10565.16765","62.12210"
"AGO","Angola","2018","10154.83892","62.62190"
"AGO","Angola","2019","9712.97945","63.05110"
"AGO","Angola","2020","8904.94901","63.11640"
"AGO","Angola","2021","8720.18769","62.95810"
"AGO","Angola","2022","8750.99363","64.24550"
"AGO","Angola","2023","8597.53879","64.61700"
"ATG","Antigua y Barbuda","1990","21074.57644","73.60240"
"ATG","Antigua y Barbuda","1991","21424.29119","73.47160"
"ATG","Antigua y Barbuda","1992","21330.27319","73.38640"
"ATG","Antigua y Barbuda","1993","22051.43732","73.39020"
"ATG","Antigua y Barbuda","1994","23081.66391","73.49340"
"ATG","Antigua y Barbuda","1995","21639.60206","73.57590"
"ATG","Antigua y Barbuda","1996","22597.31451","73.83890"
"ATG","Antigua y Barbuda","1997","23350.30939","74.04540"
"ATG","Antigua y Barbuda","1998","23996.11440","74.18730"
"ATG","Antigua y Barbuda","1999","24462.20340","74.45600"
"ATG","Antigua y Barbuda","2000","25547.61203","74.81910"
"ATG","Antigua y Barbuda","2001","24014.77546","75.10820"
"ATG","Antigua y Barbuda","2002","23958.16381","75.23700"
"ATG","Antigua y Barbuda","2003","25136.00169","75.31250"
"ATG","Antigua y Barbuda","2004","26303.61790","75.32950"
"ATG","Antigua y Barbuda","2005","27692.63487","75.36380"
"ATG","Antigua y Barbuda","2006","30827.34168","75.50590"
"ATG","Antigua y Barbuda","2007","33245.26786","75.72000"
"ATG","Antigua y Barbuda","2008","32756.30678","76.07530"
"ATG","Antigua y Barbuda","2009","28405.69009","76.38560"
"ATG","Antigua y Barbuda","2010","25826.60864","76.70130"
"ATG","Antigua y Barbuda","2011","25023.91745","77.02270"
"ATG","Antigua y Barbuda","2012","25592.90661","77.10000"
"ATG","Antigua y Barbuda","2013","25206.84583","77.04960"
"ATG","Antigua y Barbuda","2014","25557.52491","76.91220"
"ATG","Antigua y Barbuda","2015","25734.15164","76.89240"
"ATG","Antigua y Barbuda","2016","26627.71454","76.96840"
"ATG","Antigua y Barbuda","2017","27199.19524","77.02960"
"ATG","Antigua y Barbuda","2018","28878.60677","77.13250"
"ATG","Antigua y Barbuda","2019","29651.86415","77.16810"
"ATG","Antigua y Barbuda","2020","23930.67150","77.16130"
"ATG","Antigua y Barbuda","2021","25745.49581","77.19700"
"ATG","Antigua y Barbuda","2022","27785.55723","77.48330"
"ATG","Antigua y Barbuda","2023","28712.39705","77.59760"
"SAU","Arabia Saudita","1990","65196.57339","68.87440"
"SAU","Arabia Saudita","1991","67268.55185","69.34090"
"SAU","Arabia Saudita","1992","67183.91003","69.79950"
"SAU","Arabia Saudita","1993","64517.66529","70.20760"
"SAU","Arabia Saudita","1994","62403.69373","70.58670"
"SAU","Arabia Saudita","1995","60058.31745","70.94430"
"SAU","Arabia Saudita","1996","59612.81260","71.28780"
"SAU","Arabia Saudita","1997","58875.54737","71.62380"
"SAU","Arabia Saudita","1998","58306.62281","71.95740"
"SAU","Arabia Saudita","1999","55878.17365","72.29030"
"SAU","Arabia Saudita","2000","55962.26613","72.60670"
"SAU","Arabia Saudita","2001","53309.11139","72.95050"
"SAU","Arabia Saudita","2002","50371.97831","73.29590"
"SAU","Arabia Saudita","2003","52234.64928","73.65700"
"SAU","Arabia Saudita","2004","54196.55142","74.02730"
"SAU","Arabia Saudita","2005","54931.79425","74.40040"
"SAU","Arabia Saudita","2006","54373.73770","74.76170"
"SAU","Arabia Saudita","2007","53318.41916","75.06620"
"SAU","Arabia Saudita","2008","54407.70817","75.30140"
"SAU","Arabia Saudita","2009","51760.76440","75.44710"
"SAU","Arabia Saudita","2010","54911.54752","75.61610"
"SAU","Arabia Saudita","2011","58645.44594","75.80810"
"SAU","Arabia Saudita","2012","59471.70019","76.08960"
"SAU","Arabia Saudita","2013","57998.46446","76.51690"
"SAU","Arabia Saudita","2014","58872.26714","77.11590"
"SAU","Arabia Saudita","2015","58498.53990","77.77620"
"SAU","Arabia Saudita","2016","57308.44841","78.35370"
"SAU","Arabia Saudita","2017","57942.54850","78.72130"
"SAU","Arabia Saudita","2018","61359.46537","78.74990"
"SAU","Arabia Saudita","2019","62647.72995","78.31320"
"SAU","Arabia Saudita","2020","57420.73357","77.59620"
"SAU","Arabia Saudita","2021","62690.49666","77.08870"
"SAU","Arabia Saudita","2022","67178.59023","77.30980"
"SAU","Arabia Saudita","2023","64481.84419","78.73210"
"DZA","Argelia","1990","11728.54573","67.65840"
"DZA","Argelia","1991","11314.86474","67.69190"
"DZA","Argelia","1992","11241.41542","67.72450"
"DZA","Argelia","1993","10743.70635","67.79740"
"DZA","Argelia","1994","10414.03482","67.28440"
"DZA","Argelia","1995","10588.44337","67.69140"
"DZA","Argelia","1996","10808.87887","68.21860"
"DZA","Argelia","1997","10725.96735","68.85940"
"DZA","Argelia","1998","11094.88754","69.32710"
"DZA","Argelia","1999","11292.03730","70.08810"
"DZA","Argelia","2000","11558.22047","70.57590"
"DZA","Argelia","2001","11742.59468","71.02450"
"DZA","Argelia","2002","12213.12635","71.64370"
"DZA","Argelia","2003","12835.18144","71.90640"
"DZA","Argelia","2004","13226.76505","72.53590"
"DZA","Argelia","2005","13738.49564","72.83600"
"DZA","Argelia","2006","13920.69406","73.11640"
"DZA","Argelia","2007","14114.67452","73.34600"
"DZA","Argelia","2008","14206.77671","73.61810"
"DZA","Argelia","2009","14104.42817","73.87110"
"DZA","Argelia","2010","14496.42113","74.14350"
"DZA","Argelia","2011","14641.96409","74.38340"
"DZA","Argelia","2012","14697.53961","74.60860"
"DZA","Argelia","2013","14778.19143","74.80950"
"DZA","Argelia","2014","15073.76294","74.99230"
"DZA","Argelia","2015","15239.51715","75.15890"
"DZA","Argelia","2016","15511.68588","75.30990"
"DZA","Argelia","2017","15427.66419","75.43130"
"DZA","Argelia","2018","15343.42612","75.55540"
"DZA","Argelia","2019","15199.19900","75.68180"
"DZA","Argelia","2020","14194.15575","73.25680"
"DZA","Argelia","2021","14496.86547","75.20770"
"DZA","Argelia","2022","14782.20030","76.12890"
"DZA","Argelia","2023","15159.32424","76.26100"
"ARG","Argentina","1990","17007.28443","71.61450"
"ARG","Argentina","1991","18295.60920","72.02040"
"ARG","Argentina","1992","19476.28406","72.09580"
"ARG","Argentina","1993","20791.34515","72.30330"
"ARG","Argentina","1994","21711.84279","72.73170"
"ARG","Argentina","1995","20819.49995","72.86440"
"ARG","Argentina","1996","21695.59495","73.05650"
"ARG","Argentina","1997","23172.15834","73.40710"
"ARG","Argentina","1998","23783.10172","73.41210"
"ARG","Argentina","1999","22714.51113","73.68330"
"ARG","Argentina","2000","22281.38143","73.91000"
"ARG","Argentina","2001","21066.45813","74.15420"
"ARG","Argentina","2002","18571.70205","74.31220"
"ARG","Argentina","2003","20005.13851","74.30730"
"ARG","Argentina","2004","21591.44940","74.87130"
"ARG","Argentina","2005","23262.40758","75.23060"
"ARG","Argentina","2006","24877.24939","75.27910"
"ARG","Argentina","2007","26850.66459","74.78270"
"ARG","Argentina","2008","27658.48534","75.42810"
"ARG","Argentina","2009","25747.19768","75.57730"
"ARG","Argentina","2010","28056.25702","75.68000"
"ARG","Argentina","2011","29425.75939","76.09980"
"ARG","Argentina","2012","28825.96669","75.80240"
"ARG","Argentina","2013","29227.66018","75.82920"
"ARG","Argentina","2014","28200.81526","76.26780"
"ARG","Argentina","2015","28669.20613","76.59950"
"ARG","Argentina","2016","27802.10572","76.10500"
"ARG","Argentina","2017","28334.90418","76.54340"
"ARG","Argentina","2018","27367.11509","76.76980"
"ARG","Argentina","2019","26629.55294","76.84750"
"ARG","Argentina","2020","23877.09314","75.87810"
"ARG","Argentina","2021","26300.27426","73.94850"
"ARG","Argentina","2022","27825.02735","75.80610"
"ARG","Argentina","2023","27230.39685","77.39470"
"ARM","Armenia","1990","6137.60046","67.73320"
"ARM","Armenia","1991","5326.75286","67.80080"
"ARM","Armenia","1992","3136.72428","67.88190"
"ARM","Armenia","1993","2958.88037","68.14320"
"ARM","Armenia","1994","3200.89649","68.44770"
"ARM","Armenia","1995","3480.75594","68.81310"
"ARM","Armenia","1996","3717.33577","69.19750"
"ARM","Armenia","1997","3879.17938","69.59240"
"ARM","Armenia","1998","4211.51277","70.00540"
"ARM","Armenia","1999","4406.96707","70.41800"
"ARM","Armenia","2000","4589.00825","70.81230"
"ARM","Armenia","2001","5044.11648","71.17440"
"ARM","Armenia","2002","5731.35347","71.48590"
"ARM","Armenia","2003","6569.26023","71.73430"
"ARM","Armenia","2004","7299.40002","71.92620"
"ARM","Armenia","2005","8362.90084","72.08220"
"ARM","Armenia","2006","9525.23147","72.21880"
"ARM","Armenia","2007","10898.84838","72.35890"
"ARM","Armenia","2008","11727.48213","72.51930"
"ARM","Armenia","2009","10143.23508","72.71360"
"ARM","Armenia","2010","10438.56419","72.93810"
"ARM","Armenia","2011","10990.17710","73.18520"
"ARM","Armenia","2012","11796.27412","73.43960"
"ARM","Armenia","2013","12194.01895","73.71310"
"ARM","Armenia","2014","12667.37573","73.98000"
"ARM","Armenia","2015","13112.76009","74.22900"
"ARM","Armenia","2016","13192.99407","74.49370"
"ARM","Armenia","2017","14243.87490","74.74410"
"ARM","Armenia","2018","15037.04524","74.97830"
"ARM","Armenia","2019","16215.36080","75.19310"
"ARM","Armenia","2020","15052.93598","68.88980"
"ARM","Armenia","2021","15921.70528","72.55240"
"ARM","Armenia","2022","17886.17839","74.63330"
"ARM","Armenia","2023","19402.75109","75.68270"
"ABW","Aruba","1990","33146.67055","72.54600"
"ABW","Aruba","1991","34079.23046","72.59210"
"ABW","Aruba","1992","34458.14230","72.71740"
"ABW","Aruba","1993","34627.74348","72.77670"
"ABW","Aruba","1994","35580.53398","72.79600"
"ABW","Aruba","1995","35476.40999","72.83220"
"ABW","Aruba","1996","34506.53308","72.85610"
"ABW","Aruba","1997","35534.27450","72.90400"
"ABW","Aruba","1998","35361.16589","72.93970"
"ABW","Aruba","1999","35316.62294","72.85680"
"ABW","Aruba","2000","37618.99262","72.93930"
"ABW","Aruba","2001","38827.46727","73.04370"
"ABW","Aruba","2002","38195.31761","73.13550"
"ABW","Aruba","2003","38182.39253","73.23620"
"ABW","Aruba","2004","40101.78761","73.22300"
"ABW","Aruba","2005","38926.47500","73.41520"
"ABW","Aruba","2006","38664.39951","73.49840"
"ABW","Aruba","2007","39562.44885","73.64210"
"ABW","Aruba","2008","39982.51199","73.78330"
"ABW","Aruba","2009","35074.68412","73.97380"
"ABW","Aruba","2010","34037.54232","74.29730"
"ABW","Aruba","2011","34926.10089","74.57760"
"ABW","Aruba","2012","34058.31023","74.84150"
"ABW","Aruba","2013","35711.92905","75.07180"
"ABW","Aruba","2014","35837.32409","75.26100"
"ABW","Aruba","2015","36753.40417","75.40540"
"ABW","Aruba","2016","36926.11307","75.53980"
"ABW","Aruba","2017","38213.28924","75.62030"
"ABW","Aruba","2018","39378.22841","75.87970"
"ABW","Aruba","2019","39754.56007","76.01930"
"ABW","Aruba","2020","30408.82709","75.40610"
"ABW","Aruba","2021","35207.17091","73.65500"
"ABW","Aruba","2022","39083.46164","76.22580"
"ABW","Aruba","2023","42783.24891","76.35300"
"AUS","Australia","1990","36267.74106","77.04140"
"AUS","Australia","1991","35670.66786","77.48060"
"AUS","Australia","1992","35426.28483","77.47310"
"AUS","Australia","1993","36533.14683","78.00600"
"AUS","Australia","1994","37622.65248","77.85150"
"AUS","Australia","1995","38653.33668","78.25690"
"AUS","Australia","1996","39663.16177","78.34360"
"AUS","Australia","1997","40773.56605","78.62560"
"AUS","Australia","1998","42257.17181","79.02020"
"AUS","Australia","1999","43899.07379","79.27690"
"AUS","Australia","2000","45099.07521","79.62070"
"AUS","Australia","2001","45428.20008","80.00600"
"AUS","Australia","2002","46688.39478","80.05150"
"AUS","Australia","2003","47581.22853","80.43960"
"AUS","Australia","2004","49061.27615","80.73340"
"AUS","Australia","2005","49997.06650","81.09230"
"AUS","Australia","2006","50693.72486","81.25810"
"AUS","Australia","2007","51663.24040","81.23240"
"AUS","Australia","2008","52473.38192","81.42670"
"AUS","Australia","2009","52407.91154","81.72830"
"AUS","Australia","2010","52739.26816","82.01320"
"AUS","Australia","2011","53257.04732","82.09110"
"AUS","Australia","2012","54403.88369","82.29660"
"AUS","Australia","2013","54895.00526","82.55110"
"AUS","Australia","2014","55489.06884","82.51820"
"AUS","Australia","2015","55879.99588","82.60500"
"AUS","Australia","2016","56529.95182","82.80140"
"AUS","Australia","2017","56881.85699","82.71840"
"AUS","Australia","2018","57647.84551","83.25820"
"AUS","Australia","2019","58048.61884","83.24120"
"AUS","Australia","2020","57260.46505","83.66390"
"AUS","Australia","2021","58327.41468","83.56400"
"AUS","Australia","2022","60029.13292","82.76620"
"AUS","Australia","2023","60684.95962","83.92280"
"AUT","Austria","1990","43258.11441","75.73850"
"AUT","Austria","1991","44302.35931","75.79210"
"AUT","Austria","1992","44734.79112","75.99200"
"AUT","Austria","1993","44601.14423","76.22470"
"AUT","Austria","1994","45497.07475","76.54140"
"AUT","Austria","1995","46639.46674","76.77530"
"AUT","Austria","1996","47608.56430","77.02560"
"AUT","Austria","1997","48575.09071","77.42790"
"AUT","Austria","1998","50216.62823","77.78230"
"AUT","Austria","1999","52004.45978","77.95540"
"AUT","Austria","2000","53534.26699","78.23500"
"AUT","Austria","2001","54032.07575","78.71840"
"AUT","Austria","2002","54565.00042","78.84640"
"AUT","Austria","2003","54919.71019","78.84910"
"AUT","Austria","2004","55980.15317","79.36240"
"AUT","Austria","2005","56890.19962","79.52020"
"AUT","Austria","2006","58460.15505","79.96480"
"AUT","Austria","2007","60470.82514","80.16640"
"AUT","Austria","2008","61157.90150","80.36330"
"AUT","Austria","2009","58810.35968","80.20640"
"AUT","Austria","2010","59730.46739","80.46340"
"AUT","Austria","2011","61272.17247","80.82810"
"AUT","Austria","2012","61376.63459","80.84070"
"AUT","Austria","2013","60862.96937","81.07800"
"AUT","Austria","2014","60845.57440","81.39000"
"AUT","Austria","2015","60951.60373","81.15920"
"AUT","Austria","2016","61572.62574","81.59220"
"AUT","Austria","2017","62535.81057","81.63870"
"AUT","Austria","2018","63777.93622","81.68590"
"AUT","Austria","2019","64609.28364","81.90720"
"AUT","Austria","2020","60276.33077","81.80370"
"AUT","Austria","2021","62968.85388","81.82040"
"AUT","Austria","2022","65694.45915","81.29590"
"AUT","Austria","2023","64536.20763","81.95590"
"AZE","Azerbaiyán","1990","10776.06770","62.75040"
"AZE","Azerbaiyán","1991","10559.21194","62.54360"
"AZE","Azerbaiyán","1992","8050.21624","60.77290"
"AZE","Azerbaiyán","1993","6097.48622","61.42610"
"AZE","Azerbaiyán","1994","4830.69940","60.27700"
"AZE","Azerbaiyán","1995","4211.72114","61.93130"
"AZE","Azerbaiyán","1996","4223.52297","62.66030"
"AZE","Azerbaiyán","1997","4425.58824","62.95330"
"AZE","Azerbaiyán","1998","4822.16019","63.74980"
"AZE","Azerbaiyán","1999","5133.74812","64.73340"
"AZE","Azerbaiyán","2000","5656.92989","65.37720"
"AZE","Azerbaiyán","2001","6168.98512","66.04290"
"AZE","Azerbaiyán","2002","6701.08174","66.76900"
"AZE","Azerbaiyán","2003","7329.40602","67.03600"
"AZE","Azerbaiyán","2004","7937.85948","67.48820"
"AZE","Azerbaiyán","2005","10054.10034","67.71030"
"AZE","Azerbaiyán","2006","13371.65852","68.48900"
"AZE","Azerbaiyán","2007","16587.36572","68.65870"
"AZE","Azerbaiyán","2008","17963.02081","69.35500"
"AZE","Azerbaiyán","2009","19242.39001","69.87430"
"AZE","Azerbaiyán","2010","19925.39007","70.30880"
"AZE","Azerbaiyán","2011","19358.07781","70.56510"
"AZE","Azerbaiyán","2012","19523.37372","71.07990"
"AZE","Azerbaiyán","2013","20398.64623","71.48490"
"AZE","Azerbaiyán","2014","20709.20161","71.93040"
"AZE","Azerbaiyán","2015","20678.75396","72.34860"
"AZE","Azerbaiyán","2016","19822.41059","72.56780"
"AZE","Azerbaiyán","2017","19659.00486","72.69430"
"AZE","Azerbaiyán","2018","19781.85091","73.01560"
"AZE","Azerbaiyán","2019","20101.49188","73.29000"
"AZE","Azerbaiyán","2020","19126.09685","70.31160"
"AZE","Azerbaiyán","2021","20111.37570","70.99940"
"AZE","Azerbaiyán","2022","21051.24423","74.12500"
"AZE","Azerbaiyán","2023","21310.73869","74.42860"
"BHS","Bahamas","1990","33072.15961","70.94490"
"BHS","Bahamas","1991","31148.90526","71.18260"
"BHS","Bahamas","1992","29412.88050","71.29810"
"BHS","Bahamas","1993","28955.35106","71.42020"
"BHS","Bahamas","1994","29346.36048","71.42920"
"BHS","Bahamas","1995","30128.19356","71.42250"
"BHS","Bahamas","1996","30907.82080","71.46380"
"BHS","Bahamas","1997","30839.02480","71.59750"
"BHS","Bahamas","1998","31836.52649","71.83990"
"BHS","Bahamas","1999","33657.80459","72.14650"
"BHS","Bahamas","2000","34597.16211","72.48120"
"BHS","Bahamas","2001","35072.36590","72.76540"
"BHS","Bahamas","2002","35610.67864","73.02340"
"BHS","Bahamas","2003","34740.76355","73.21260"
"BHS","Bahamas","2004","34617.80511","73.23500"
"BHS","Bahamas","2005","35365.46640","73.41320"
"BHS","Bahamas","2006","35789.13221","73.45580"
"BHS","Bahamas","2007","35797.11897","73.46280"
"BHS","Bahamas","2008","34498.03514","73.44540"
"BHS","Bahamas","2009","32630.26307","73.45510"
"BHS","Bahamas","2010","32711.45925","73.44870"
"BHS","Bahamas","2011","32535.66251","73.57120"
"BHS","Bahamas","2012","33667.55471","73.70690"
"BHS","Bahamas","2013","32402.91635","73.93040"
"BHS","Bahamas","2014","32712.63567","74.02860"
"BHS","Bahamas","2015","32777.58494","73.80470"
"BHS","Bahamas","2016","32172.33652","74.04210"
"BHS","Bahamas","2017","33050.03501","74.03140"
"BHS","Bahamas","2018","33650.21644","74.06200"
"BHS","Bahamas","2019","33202.49021","71.40840"
"BHS","Bahamas","2020","26452.69576","72.99360"
"BHS","Bahamas","2021","31064.68222","70.75200"
"BHS","Bahamas","2022","34342.92853","74.49110"
"BHS","Bahamas","2023","35221.26969","74.55180"
"BHR","Bahrein","1990","41856.54451","72.58670"
"BHR","Bahrein","1991","47644.02347","72.66820"
"BHR","Bahrein","1992","49511.94740","72.78460"
"BHR","Bahrein","1993","54433.13751","72.93930"
"BHR","Bahrein","1994","52886.57890","73.13440"
"BHR","Bahrein","1995","53537.68289","73.36130"
"BHR","Bahrein","1996","54289.43804","73.61030"
"BHR","Bahrein","1997","54512.85511","73.87170"
"BHR","Bahrein","1998","55638.69359","74.13810"
"BHR","Bahrein","1999","56522.22619","74.40530"
"BHR","Bahrein","2000","57968.99561","74.67260"
"BHR","Bahrein","2001","57280.69867","74.94190"
"BHR","Bahrein","2002","55096.65716","75.20860"
"BHR","Bahrein","2003","54431.87636","75.48570"
"BHR","Bahrein","2004","54045.09289","75.78690"
"BHR","Bahrein","2005","53478.26624","76.12490"
"BHR","Bahrein","2006","52691.93234","76.51010"
"BHR","Bahrein","2007","52731.79217","76.95190"
"BHR","Bahrein","2008","52765.38995","77.45650"
"BHR","Bahrein","2009","50665.75075","78.01620"
"BHR","Bahrein","2010","50704.84797","78.59330"
"BHR","Bahrein","2011","53132.32842","79.14090"
"BHR","Bahrein","2012","54516.84066","79.62180"
"BHR","Bahrein","2013","55376.40051","79.99810"
"BHR","Bahrein","2014","55065.81895","80.21390"
"BHR","Bahrein","2015","54149.91315","80.33780"
"BHR","Bahrein","2016","54107.07522","80.40700"
"BHR","Bahrein","2017","53859.77496","80.40670"
"BHR","Bahrein","2018","54893.07244","80.41180"
"BHR","Bahrein","2019","56749.96284","80.47060"
"BHR","Bahrein","2020","53814.24526","78.68330"
"BHR","Bahrein","2021","54954.67579","78.08260"
"BHR","Bahrein","2022","57572.99798","80.99210"
"BHR","Bahrein","2023","57819.90518","81.28350"
"BGD","Bangladesh","1990","2069.78230","55.82190"
"BGD","Bangladesh","1991","2101.38366","53.78090"
"BGD","Bangladesh","1992","2174.38233","56.59150"
"BGD","Bangladesh","1993","2234.81012","57.07290"
"BGD","Bangladesh","1994","2279.09435","57.64030"
"BGD","Bangladesh","1995","2351.70388","58.24420"
"BGD","Bangladesh","1996","2413.54298","58.93950"
"BGD","Bangladesh","1997","2475.59575","59.67130"
"BGD","Bangladesh","1998","2555.06119","60.42910"
"BGD","Bangladesh","1999","2624.06554","61.24440"
"BGD","Bangladesh","2000","2712.93512","62.04870"
"BGD","Bangladesh","2001","2803.55472","62.83580"
"BGD","Bangladesh","2002","2866.43454","63.59140"
"BGD","Bangladesh","2003","2958.91503","64.28770"
"BGD","Bangladesh","2004","3071.83779","64.91180"
"BGD","Bangladesh","2005","3231.61371","65.50870"
"BGD","Bangladesh","2006","3407.42735","66.04790"
"BGD","Bangladesh","2007","3608.91544","66.45780"
"BGD","Bangladesh","2008","3787.93828","67.04710"
"BGD","Bangladesh","2009","3942.13631","67.52690"
"BGD","Bangladesh","2010","4125.46390","68.00910"
"BGD","Bangladesh","2011","4352.42643","68.49880"
"BGD","Bangladesh","2012","4592.04841","68.98940"
"BGD","Bangladesh","2013","4822.72621","69.48740"
"BGD","Bangladesh","2014","5068.63966","70.01620"
"BGD","Bangladesh","2015","5352.71133","70.54290"
"BGD","Bangladesh","2016","5682.53553","71.07520"
"BGD","Bangladesh","2017","6005.70719","71.60560"
"BGD","Bangladesh","2018","6392.59334","72.12170"
"BGD","Bangladesh","2019","6838.32612","72.62540"
"BGD","Bangladesh","2020","7015.19793","71.42110"
"BGD","Bangladesh","2021","7441.06914","71.10350"
"BGD","Bangladesh","2022","7888.16389","74.26470"
"BGD","Bangladesh","2023","8242.39799","74.67230"
"BRB","Barbados","1990","19195.88712","73.46250"
"BRB","Barbados","1991","18391.00740","73.54310"
"BRB","Barbados","1992","17284.51966","73.61010"
"BRB","Barbados","1993","17370.87349","73.73940"
"BRB","Barbados","1994","17679.99855","73.75510"
"BRB","Barbados","1995","18007.23377","73.87960"
"BRB","Barbados","1996","18705.79763","74.06470"
"BRB","Barbados","1997","19584.40760","73.98840"
"BRB","Barbados","1998","20311.19928","74.46520"
"BRB","Barbados","1999","20372.88393","74.58680"
"BRB","Barbados","2000","21315.76843","74.58030"
"BRB","Barbados","2001","20782.84325","74.70650"
"BRB","Barbados","2002","20809.85672","74.82030"
"BRB","Barbados","2003","21132.32820","74.86530"
"BRB","Barbados","2004","21308.60526","75.14990"
"BRB","Barbados","2005","22035.38596","74.96020"
"BRB","Barbados","2006","23260.86454","75.04850"
"BRB","Barbados","2007","23631.94339","75.26250"
"BRB","Barbados","2008","23657.29007","75.30020"
"BRB","Barbados","2009","22354.84048","75.45820"
"BRB","Barbados","2010","20464.79397","75.48820"
"BRB","Barbados","2011","20383.25309","75.59850"
"BRB","Barbados","2012","19743.57827","75.73730"
"BRB","Barbados","2013","19730.34697","75.81600"
"BRB","Barbados","2014","19840.83062","75.92630"
"BRB","Barbados","2015","19642.23225","76.05460"
"BRB","Barbados","2016","19877.11201","76.16810"
"BRB","Barbados","2017","19966.32024","76.23650"
"BRB","Barbados","2018","19877.67596","76.37840"
"BRB","Barbados","2019","19890.45571","76.49510"
"BRB","Barbados","2020","16399.70201","76.64650"
"BRB","Barbados","2021","17686.74694","76.57970"
"BRB","Barbados","2022","20494.53438","75.67610"
"BRB","Barbados","2023","20865.01554","76.17820"
"BLR","Belarús","1990","12351.63571","71.14460"
"BLR","Belarús","1991","12197.78779","70.72240"
"BLR","Belarús","1992","11002.60176","70.11900"
"BLR","Belarús","1993","10143.98401","69.52210"
"BLR","Belarús","1994","8967.73073","68.96590"
"BLR","Belarús","1995","8061.19604","68.75210"
"BLR","Belarús","1996","8314.85657","68.56550"
"BLR","Belarús","1997","9301.32718","68.50060"
"BLR","Belarús","1998","10128.15605","68.27150"
"BLR","Belarús","1999","10519.74891","68.41930"
"BLR","Belarús","2000","11182.45483","68.46370"
"BLR","Belarús","2001","11771.08720","68.43510"
"BLR","Belarús","2002","12443.93226","68.29830"
"BLR","Belarús","2003","13413.92655","68.42890"
"BLR","Belarús","2004","15052.11822","68.68790"
"BLR","Belarús","2005","16579.87317","68.98220"
"BLR","Belarús","2006","18349.87191","69.43600"
"BLR","Belarús","2007","20019.61117","69.98550"
"BLR","Belarús","2008","22137.94729","70.34850"
"BLR","Belarús","2009","22236.83877","70.40880"
"BLR","Belarús","2010","24012.61330","70.50050"
"BLR","Belarús","2011","25404.75661","71.06790"
"BLR","Belarús","2012","25879.13194","71.80000"
"BLR","Belarús","2013","26147.62536","72.68080"
"BLR","Belarús","2014","26564.43472","73.24500"
"BLR","Belarús","2015","25513.21330","73.76070"
"BLR","Belarús","2016","24846.83015","74.15320"
"BLR","Belarús","2017","25503.98098","74.36180"
"BLR","Belarús","2018","26363.46298","74.33440"
"BLR","Belarús","2019","26798.82064","74.25550"
"BLR","Belarús","2020","26731.49539","72.26900"
"BLR","Belarús","2021","27611.18011","72.22060"
"BLR","Belarús","2022","26537.50831","74.36120"
"BLR","Belarús","2023","27782.43801","74.43390"
"BLZ","Belice","1990","8251.61763","69.56920"
"BLZ","Belice","1991","9028.07344","69.64500"
"BLZ","Belice","1992","9967.77779","69.60120"
"BLZ","Belice","1993","10366.85906","69.59460"
"BLZ","Belice","1994","10146.39968","69.58460"
"BLZ","Belice","1995","9967.84688","69.48390"
"BLZ","Belice","1996","9782.64416","69.36270"
"BLZ","Belice","1997","9862.26635","69.18280"
"BLZ","Belice","1998","9894.59920","68.90630"
"BLZ","Belice","1999","10460.63461","68.97640"
"BLZ","Belice","2000","11363.68688","68.91080"
"BLZ","Belice","2001","11567.02657","68.94400"
"BLZ","Belice","2002","11828.18657","69.52850"
"BLZ","Belice","2003","12589.26794","69.81850"
"BLZ","Belice","2004","12807.16588","70.15210"
"BLZ","Belice","2005","12714.96974","70.33470"
"BLZ","Belice","2006","12912.53002","70.53520"
"BLZ","Belice","2007","12973.20672","70.65240"
"BLZ","Belice","2008","12415.68113","70.66510"
"BLZ","Belice","2009","12033.90968","70.80580"
"BLZ","Belice","2010","11913.66360","70.87530"
"BLZ","Belice","2011","11641.77174","70.97550"
"BLZ","Belice","2012","11843.41534","71.13420"
"BLZ","Belice","2013","12064.79726","71.27570"
"BLZ","Belice","2014","12272.29579","71.43720"
"BLZ","Belice","2015","12348.79450","71.64670"
"BLZ","Belice","2016","12063.06004","71.84330"
"BLZ","Belice","2017","11572.30079","72.06200"
"BLZ","Belice","2018","11451.89794","72.32150"
"BLZ","Belice","2019","11765.97487","72.57660"
"BLZ","Belice","2020","10045.14042","71.58010"
"BLZ","Belice","2021","11716.32678","70.91700"
"BLZ","Belice","2022","12565.36458","72.19040"
"BLZ","Belice","2023","12371.00865","73.56560"
"BEN","Benin","1990","2207.06796","53.02050"
"BEN","Benin","1991","2230.46055","53.44100"
"BEN","Benin","1992","2226.56666","54.13660"
"BEN","Benin","1993","2254.24565","54.61230"
"BEN","Benin","1994","2215.36617","54.98840"
"BEN","Benin","1995","2300.14122","55.36570"
"BEN","Benin","1996","2337.63031","55.64800"
"BEN","Benin","1997","2399.78593","55.98590"
"BEN","Benin","1998","2419.10014","56.15450"
"BEN","Benin","1999","2470.68504","56.33630"
"BEN","Benin","2000","2536.16886","56.59450"
"BEN","Benin","2001","2591.06485","56.65420"
"BEN","Benin","2002","2630.18061","56.85100"
"BEN","Benin","2003","2639.04370","57.09240"
"BEN","Benin","2004","2672.84404","57.34650"
"BEN","Benin","2005","2632.47251","57.73840"
"BEN","Benin","2006","2652.21842","57.96590"
"BEN","Benin","2007","2729.13741","58.24880"
"BEN","Benin","2008","2777.61974","58.09900"
"BEN","Benin","2009","2758.07243","58.25800"
"BEN","Benin","2010","2733.57400","58.38730"
"BEN","Benin","2011","2732.01250","58.46180"
"BEN","Benin","2012","2779.72648","58.55850"
"BEN","Benin","2013","2893.04670","58.86340"
"BEN","Benin","2014","2987.38236","59.00820"
"BEN","Benin","2015","2952.00218","59.12330"
"BEN","Benin","2016","2962.66382","59.28260"
"BEN","Benin","2017","3041.77930","59.52780"
"BEN","Benin","2018","3155.45107","59.70970"
"BEN","Benin","2019","3281.10470","59.88750"
"BEN","Benin","2020","3317.85972","60.15400"
"BEN","Benin","2021","3464.28863","59.61030"
"BEN","Benin","2022","3588.32520","60.47510"
"BEN","Benin","2023","3721.21255","60.77380"
"BMU","Bermuda","1990","79750.85677","73.95230"
"BMU","Bermuda","1991","76368.27420","74.20430"
"BMU","Bermuda","1992","75769.90294","74.44600"
"BMU","Bermuda","1993","77506.74374","74.76590"
"BMU","Bermuda","1994","77473.57561","75.27560"
"BMU","Bermuda","1995","80430.64365","75.92030"
"BMU","Bermuda","1996","82126.25738","76.52000"
"BMU","Bermuda","1997","85384.44746","76.97170"
"BMU","Bermuda","1998","88038.53816","77.38900"
"BMU","Bermuda","1999","90294.38285","77.85370"
"BMU","Bermuda","2000","98024.07888","78.25080"
"BMU","Bermuda","2001","104565.26395","78.63660"
"BMU","Bermuda","2002","102564.10888","78.84060"
"BMU","Bermuda","2003","105647.44605","78.71470"
"BMU","Bermuda","2004","107807.76071","78.89810"
"BMU","Bermuda","2005","109340.01212","78.87370"
"BMU","Bermuda","2006","115175.77302","78.86950"
"BMU","Bermuda","2007","118696.09207","79.00560"
"BMU","Bermuda","2008","115947.63293","79.10110"
"BMU","Bermuda","2009","108967.42737","79.22930"
"BMU","Bermuda","2010","105973.35885","79.41390"
"BMU","Bermuda","2011","101994.24268","79.65150"
"BMU","Bermuda","2012","96715.16600","79.84750"
"BMU","Bermuda","2013","96553.87268","80.01560"
"BMU","Bermuda","2014","93046.21010","80.19860"
"BMU","Bermuda","2015","93863.84834","80.33780"
"BMU","Bermuda","2016","93269.01376","80.47610"
"BMU","Bermuda","2017","96441.27188","80.68610"
"BMU","Bermuda","2018","95643.27341","80.98560"
"BMU","Bermuda","2019","95523.96231","81.25070"
"BMU","Bermuda","2020","88484.81560","81.45620"
"BMU","Bermuda","2021","92319.67149","81.74510"
"BMU","Bermuda","2022","97943.05490","82.06160"
"BMU","Bermuda","2023","102268.92280","82.30890"
"BTN","Bhután","1990","3411.38376","55.81100"
"BTN","Bhután","1991","3338.00942","56.45090"
"BTN","Bhután","1992","3624.59782","57.20800"
"BTN","Bhután","1993","3850.55129","57.90590"
"BTN","Bhután","1994","4042.49418","58.39510"
"BTN","Bhután","1995","4379.87047","59.27660"
"BTN","Bhután","1996","4616.91979","59.98160"
"BTN","Bhután","1997","4778.70512","60.63920"
"BTN","Bhután","1998","4965.87646","61.32250"
"BTN","Bhután","1999","5241.36664","62.03230"
"BTN","Bhután","2000","5287.57435","61.84170"
"BTN","Bhután","2001","5545.63055","63.32260"
"BTN","Bhután","2002","5991.25498","63.98400"
"BTN","Bhután","2003","6323.54120","64.66190"
"BTN","Bhután","2004","6517.99683","65.28980"
"BTN","Bhután","2005","6850.80442","65.87460"
"BTN","Bhután","2006","7140.85609","66.49920"
"BTN","Bhután","2007","8195.07074","67.15180"
"BTN","Bhután","2008","8470.03472","67.73290"
"BTN","Bhután","2009","9019.11861","68.15650"
"BTN","Bhután","2010","9985.28455","68.76480"
"BTN","Bhután","2011","10714.68657","69.28020"
"BTN","Bhután","2012","11143.94454","69.75890"
"BTN","Bhután","2013","11212.47943","70.16110"
"BTN","Bhután","2014","11744.51891","70.50350"
"BTN","Bhután","2015","12400.29832","70.79710"
"BTN","Bhután","2016","13320.97590","71.11930"
"BTN","Bhután","2017","13482.34253","71.41270"
"BTN","Bhután","2018","13854.85440","71.71130"
"BTN","Bhután","2019","14555.18840","72.00490"
"BTN","Bhután","2020","12979.93695","72.25310"
"BTN","Bhután","2021","13458.81267","72.44820"
"BTN","Bhután","2022","14061.31203","72.75400"
"BTN","Bhután","2023","14610.29591","72.97530"
"BOL","Bolivia","1990","6247.10447","56.79670"
"BOL","Bolivia","1991","6440.48571","57.43880"
"BOL","Bolivia","1992","6414.32867","57.92270"
"BOL","Bolivia","1993","6556.81641","58.65980"
"BOL","Bolivia","1994","6731.28488","59.28210"
"BOL","Bolivia","1995","6914.34190","59.78730"
"BOL","Bolivia","1996","7083.61313","60.28660"
"BOL","Bolivia","1997","7301.50936","60.74500"
"BOL","Bolivia","1998","7534.51656","61.22740"
"BOL","Bolivia","1999","7435.72544","61.65510"
"BOL","Bolivia","2000","7492.43382","62.05720"
"BOL","Bolivia","2001","7491.15258","62.53810"
"BOL","Bolivia","2002","7550.01555","63.06760"
"BOL","Bolivia","2003","7625.90516","63.45530"
"BOL","Bolivia","2004","7811.59684","63.81860"
"BOL","Bolivia","2005","8020.63569","64.18220"
"BOL","Bolivia","2006","8263.31897","64.52900"
"BOL","Bolivia","2007","8493.94848","64.93860"
"BOL","Bolivia","2008","8865.27247","65.29870"
"BOL","Bolivia","2009","9011.55630","65.65550"
"BOL","Bolivia","2010","9230.39808","66.00330"
"BOL","Bolivia","2011","9554.44503","66.28160"
"BOL","Bolivia","2012","9884.46164","66.58580"
"BOL","Bolivia","2013","10391.38338","66.77730"
"BOL","Bolivia","2014","10790.84729","66.96970"
"BOL","Bolivia","2015","11144.64157","67.20520"
"BOL","Bolivia","2016","11448.02180","67.39250"
"BOL","Bolivia","2017","11755.25562","67.53570"
"BOL","Bolivia","2018","11920.31351","67.69920"
"BOL","Bolivia","2019","11930.91591","67.81980"
"BOL","Bolivia","2020","10285.65908","62.90600"
"BOL","Bolivia","2021","11202.44098","61.42680"
"BOL","Bolivia","2022","11487.71488","67.43420"
"BOL","Bolivia","2023","11616.15756","68.58140"
"BIH","Bosnia y Herzegovina","1990","2413.93823","71.50930"
"BIH","Bosnia y Herzegovina","1991","2183.52605","71.81340"
"BIH","Bosnia y Herzegovina","1992","2150.91074","51.96710"
"BIH","Bosnia y Herzegovina","1993","2281.88984","50.89410"
"BIH","Bosnia y Herzegovina","1994","2657.80295","66.60250"
"BIH","Bosnia y Herzegovina","1995","3090.37824","70.18820"
"BIH","Bosnia y Herzegovina","1996","4568.98266","73.45370"
"BIH","Bosnia y Herzegovina","1997","6020.96024","73.89550"
"BIH","Bosnia y Herzegovina","1998","6899.29706","74.47250"
"BIH","Bosnia y Herzegovina","1999","7481.30399","74.94640"
"BIH","Bosnia y Herzegovina","2000","7830.50186","75.29200"
"BIH","Bosnia y Herzegovina","2001","7982.51885","75.57250"
"BIH","Bosnia y Herzegovina","2002","8366.69156","75.99380"
"BIH","Bosnia y Herzegovina","2003","8709.95672","76.44870"
"BIH","Bosnia y Herzegovina","2004","9344.83016","76.48910"
"BIH","Bosnia y Herzegovina","2005","9814.46964","76.42430"
"BIH","Bosnia y Herzegovina","2006","10430.41200","76.02750"
"BIH","Bosnia y Herzegovina","2007","11178.68148","76.16180"
"BIH","Bosnia y Herzegovina","2008","11983.71996","76.30050"
"BIH","Bosnia y Herzegovina","2009","11826.65014","76.70130"
"BIH","Bosnia y Herzegovina","2010","12142.86170","76.82700"
"BIH","Bosnia y Herzegovina","2011","12487.64906","76.96320"
"BIH","Bosnia y Herzegovina","2012","12626.92632","77.03650"
"BIH","Bosnia y Herzegovina","2013","13135.71751","77.12920"
"BIH","Bosnia y Herzegovina","2014","13458.85258","77.08900"
"BIH","Bosnia y Herzegovina","2015","14220.09000","77.07330"
"BIH","Bosnia y Herzegovina","2016","14873.64111","77.12410"
"BIH","Bosnia y Herzegovina","2017","15554.65874","77.38550"
"BIH","Bosnia y Herzegovina","2018","16348.99971","77.94250"
"BIH","Bosnia y Herzegovina","2019","17029.29720","77.39390"
"BIH","Bosnia y Herzegovina","2020","16747.03539","76.03950"
"BIH","Bosnia y Herzegovina","2021","18286.66150","74.56730"
"BIH","Bosnia y Herzegovina","2022","19298.11708","76.77720"
"BIH","Bosnia y Herzegovina","2023","19804.91815","77.85040"
"BWA","Botswana","1990","10520.91840","60.10400"
"BWA","Botswana","1991","11001.80136","58.91090"
"BWA","Botswana","1992","11008.68102","58.19030"
"BWA","Botswana","1993","10902.95128","57.31590"
"BWA","Botswana","1994","10989.67006","55.96960"
"BWA","Botswana","1995","11457.69944","54.71270"
"BWA","Botswana","1996","11832.93878","54.28420"
"BWA","Botswana","1997","12526.35224","53.59400"
"BWA","Botswana","1998","12306.25048","52.96850"
"BWA","Botswana","1999","13207.44735","52.49930"
"BWA","Botswana","2000","13185.81715","52.26310"
"BWA","Botswana","2001","12949.64031","52.21040"
"BWA","Botswana","2002","13479.69607","52.37330"
"BWA","Botswana","2003","13857.25883","52.85080"
"BWA","Botswana","2004","13984.84151","53.57290"
"BWA","Botswana","2005","14361.95763","54.38620"
"BWA","Botswana","2006","15275.58288","55.11190"
"BWA","Botswana","2007","15850.23435","56.73510"
"BWA","Botswana","2008","16040.31532","57.66070"
"BWA","Botswana","2009","13489.95092","58.29750"
"BWA","Botswana","2010","14545.01981","59.13730"
"BWA","Botswana","2011","15236.71888","59.71490"
"BWA","Botswana","2012","14957.61891","60.38440"
"BWA","Botswana","2013","16369.42530","61.21670"
"BWA","Botswana","2014","17052.19241","62.16750"
"BWA","Botswana","2015","15994.96430","63.21500"
"BWA","Botswana","2016","16905.58874","64.31990"
"BWA","Botswana","2017","17352.89585","65.42030"
"BWA","Botswana","2018","17825.01857","66.37090"
"BWA","Botswana","2019","18106.01055","67.16680"
"BWA","Botswana","2020","16289.39136","67.64260"
"BWA","Botswana","2021","17960.62544","63.30250"
"BWA","Botswana","2022","18647.37346","68.74870"
"BWA","Botswana","2023","18932.48027","69.16310"
"BRA","Brasil","1990","12633.28846","65.86240"
"BRA","Brasil","1991","12546.56050","66.20300"
"BRA","Brasil","1992","12271.97885","66.53930"
"BRA","Brasil","1993","12669.42872","66.89230"
"BRA","Brasil","1994","13202.93080","67.29340"
"BRA","Brasil","1995","13550.43937","67.70060"
"BRA","Brasil","1996","13641.62960","68.10840"
"BRA","Brasil","1997","13896.62499","68.50500"
"BRA","Brasil","1998","13737.70264","68.84820"
"BRA","Brasil","1999","13602.41371","69.21110"
"BRA","Brasil","2000","14005.34719","69.58420"
"BRA","Brasil","2001","14016.13138","69.98000"
"BRA","Brasil","2002","14265.90488","70.39580"
"BRA","Brasil","2003","14259.36641","70.88410"
"BRA","Brasil","2004","14911.26096","71.36110"
"BRA","Brasil","2005","15221.01383","71.83190"
"BRA","Brasil","2006","15657.47957","72.29630"
"BRA","Brasil","2007","16440.58374","72.72970"
"BRA","Brasil","2008","17113.36798","73.11090"
"BRA","Brasil","2009","16939.44078","73.45690"
"BRA","Brasil","2010","18062.15811","73.77900"
"BRA","Brasil","2011","18627.81045","74.04730"
"BRA","Brasil","2012","18832.21955","74.33460"
"BRA","Brasil","2013","19241.50598","74.60930"
"BRA","Brasil","2014","19183.17274","74.82250"
"BRA","Brasil","2015","18357.06906","75.10640"
"BRA","Brasil","2016","17620.92724","75.08050"
"BRA","Brasil","2017","17724.47996","75.38350"
"BRA","Brasil","2018","17917.74921","75.63350"
"BRA","Brasil","2019","18018.62092","75.80930"
"BRA","Brasil","2020","17327.51572","74.50580"
"BRA","Brasil","2021","18075.70600","73.03770"
"BRA","Brasil","2022","18554.04618","74.87190"
"BRA","Brasil","2023","19079.81221","75.84820"
"BRN","Brunei","1990","118163.68337","71.62930"
"BRN","Brunei","1991","118220.68360","71.85830"
"BRN","Brunei","1992","111457.22088","72.09030"
"BRN","Brunei","1993","107899.13634","72.33270"
"BRN","Brunei","1994","106239.23269","72.57060"
"BRN","Brunei","1995","105043.85310","72.83790"
"BRN","Brunei","1996","102522.12542","73.07940"
"BRN","Brunei","1997","106503.42027","73.32620"
"BRN","Brunei","1998","97171.63726","73.58400"
"BRN","Brunei","1999","99083.32053","73.80600"
"BRN","Brunei","2000","100323.43992","74.01690"
"BRN","Brunei","2001","99680.76268","74.20890"
"BRN","Brunei","2002","101571.58378","74.36520"
"BRN","Brunei","2003","103226.91445","74.50910"
"BRN","Brunei","2004","101497.75480","74.60330"
"BRN","Brunei","2005","99795.68509","74.68310"
"BRN","Brunei","2006","102248.51030","74.75340"
"BRN","Brunei","2007","96752.62041","74.79300"
"BRN","Brunei","2008","91275.50009","74.81380"
"BRN","Brunei","2009","87875.82835","74.81440"
"BRN","Brunei","2010","88586.51337","74.81950"
"BRN","Brunei","2011","90279.66340","74.83550"
"BRN","Brunei","2012","89718.46360","74.84280"
"BRN","Brunei","2013","86606.65189","74.85440"
"BRN","Brunei","2014","83310.61518","74.86200"
"BRN","Brunei","2015","81910.18830","74.88020"
"BRN","Brunei","2016","78880.62285","74.90540"
"BRN","Brunei","2017","78966.86431","74.94290"
"BRN","Brunei","2018","78099.05078","74.99150"
"BRN","Brunei","2019","80228.15982","75.04900"
"BRN","Brunei","2020","80280.89806","75.11380"
"BRN","Brunei","2021","78248.79713","74.86920"
"BRN","Brunei","2022","76357.82911","72.91710"
"BRN","Brunei","2023","76616.70149","75.32660"
"BGR","Bulgaria","1990","14954.13466","71.32130"
"BGR","Bulgaria","1991","13827.47979","71.19380"
"BGR","Bulgaria","1992","12960.32213","71.17800"
"BGR","Bulgaria","1993","12870.73865","71.18530"
"BGR","Bulgaria","1994","13149.30769","70.86080"
"BGR","Bulgaria","1995","13591.34311","70.96200"
"BGR","Bulgaria","1996","14372.77151","70.83570"
"BGR","Bulgaria","1997","12419.37977","70.31370"
"BGR","Bulgaria","1998","12976.26700","70.87330"
"BGR","Bulgaria","1999","11953.59836","71.56070"
"BGR","Bulgaria","2000","12563.83623","71.57460"
"BGR","Bulgaria","2001","13306.50446","71.87880"
"BGR","Bulgaria","2002","14397.00132","72.12800"
"BGR","Bulgaria","2003","15271.48395","72.37270"
"BGR","Bulgaria","2004","16388.96001","72.57540"
"BGR","Bulgaria","2005","17678.03397","72.55910"
"BGR","Bulgaria","2006","19024.54381","72.68990"
"BGR","Bulgaria","2007","20440.25259","73.00800"
"BGR","Bulgaria","2008","21845.95472","73.33850"
"BGR","Bulgaria","2009","21251.21686","73.68080"
"BGR","Bulgaria","2010","21724.28635","73.81400"
"BGR","Bulgaria","2011","22321.03317","74.16930"
"BGR","Bulgaria","2012","22618.81043","74.33730"
"BGR","Bulgaria","2013","22954.39640","74.82770"
"BGR","Bulgaria","2014","23455.48300","74.46640"
"BGR","Bulgaria","2015","24562.64888","74.62080"
"BGR","Bulgaria","2016","25636.74439","74.82710"
"BGR","Bulgaria","2017","26691.75800","74.79770"
"BGR","Bulgaria","2018","27690.89366","74.93250"
"BGR","Bulgaria","2019","29149.92151","75.08740"
"BGR","Bulgaria","2020","28521.20625","73.59920"
"BGR","Bulgaria","2021","30958.98302","71.41370"
"BGR","Bulgaria","2022","32433.65876","74.03420"
"BGR","Bulgaria","2023","33073.68031","75.63630"
"BFA","Burkina Faso","1990","1107.85590","49.31450"
"BFA","Burkina Faso","1991","1178.07705","49.32960"
"BFA","Burkina Faso","1992","1152.04476","49.37800"
"BFA","Burkina Faso","1993","1162.64923","49.41190"
"BFA","Burkina Faso","1994","1148.60721","49.46950"
"BFA","Burkina Faso","1995","1183.52861","49.55450"
"BFA","Burkina Faso","1996","1280.69609","49.69340"
"BFA","Burkina Faso","1997","1326.94231","49.55970"
"BFA","Burkina Faso","1998","1385.09311","50.16290"
"BFA","Burkina Faso","1999","1444.56690","50.46320"
"BFA","Burkina Faso","2000","1428.57401","50.80810"
"BFA","Burkina Faso","2001","1477.28492","51.18840"
"BFA","Burkina Faso","2002","1494.67801","51.44750"
"BFA","Burkina Faso","2003","1561.83310","51.95860"
"BFA","Burkina Faso","2004","1581.25621","52.59990"
"BFA","Burkina Faso","2005","1664.99543","53.27100"
"BFA","Burkina Faso","2006","1714.76035","53.78370"
"BFA","Burkina Faso","2007","1731.93046","54.37680"
"BFA","Burkina Faso","2008","1779.32711","55.19850"
"BFA","Burkina Faso","2009","1779.32306","55.79090"
"BFA","Burkina Faso","2010","1873.97146","56.34300"
"BFA","Burkina Faso","2011","1939.86660","57.00110"
"BFA","Burkina Faso","2012","2003.66461","57.45740"
"BFA","Burkina Faso","2013","2057.06393","57.90330"
"BFA","Burkina Faso","2014","2083.19845","58.33150"
"BFA","Burkina Faso","2015","2101.70266","58.77770"
"BFA","Burkina Faso","2016","2162.72579","59.17320"
"BFA","Burkina Faso","2017","2232.28781","59.57750"
"BFA","Burkina Faso","2018","2316.39432","59.97190"
"BFA","Burkina Faso","2019","2391.53627","60.18420"
"BFA","Burkina Faso","2020","2380.93172","60.45360"
"BFA","Burkina Faso","2021","2486.43093","60.04630"
"BFA","Burkina Faso","2022","2469.19957","60.70000"
"BFA","Burkina Faso","2023","2486.20670","61.09200"
"BDI","Burundi","1990","1455.82623","45.18400"
"BDI","Burundi","1991","1497.26901","44.66000"
"BDI","Burundi","1992","1472.49317","44.46900"
"BDI","Burundi","1993","1424.76601","37.22140"
"BDI","Burundi","1994","1361.32213","44.51520"
"BDI","Burundi","1995","1180.67489","44.58880"
"BDI","Burundi","1996","1085.47116","44.80690"
"BDI","Burundi","1997","1068.29383","45.72070"
"BDI","Burundi","1998","1097.86452","46.67810"
"BDI","Burundi","1999","1061.04411","47.62660"
"BDI","Burundi","2000","1030.32235","47.61660"
"BDI","Burundi","2001","1025.48375","48.50940"
"BDI","Burundi","2002","1041.29719","49.92370"
"BDI","Burundi","2003","996.56943","50.99700"
"BDI","Burundi","2004","1006.51242","52.21710"
"BDI","Burundi","2005","978.54196","53.05290"
"BDI","Burundi","2006","995.02781","53.96200"
"BDI","Burundi","2007","991.93141","54.83170"
"BDI","Burundi","2008","998.56506","55.58130"
"BDI","Burundi","2009","985.18477","56.42150"
"BDI","Burundi","2010","988.01868","57.08830"
"BDI","Burundi","2011","991.65988","57.80390"
"BDI","Burundi","2012","999.22007","58.50080"
"BDI","Burundi","2013","1011.43131","59.17860"
"BDI","Burundi","2014","1019.17607","59.76440"
"BDI","Burundi","2015","992.28581","60.10680"
"BDI","Burundi","2016","1006.55907","60.78870"
"BDI","Burundi","2017","1020.84983","61.34520"
"BDI","Burundi","2018","1043.40558","61.80650"
"BDI","Burundi","2019","1054.72593","62.18010"
"BDI","Burundi","2020","1027.62896","62.56940"
"BDI","Burundi","2021","1032.38274","62.10130"
"BDI","Burundi","2022","1028.11135","62.88190"
"BDI","Burundi","2023","1033.00937","63.65110"
"BEL","Bélgica","1990","41640.05836","76.05860"
"BEL","Bélgica","1991","42246.07605","76.19920"
"BEL","Bélgica","1992","42719.04861","76.35820"
"BEL","Bélgica","1993","42143.19606","76.36320"
"BEL","Bélgica","1994","43369.27594","76.71590"
"BEL","Bélgica","1995","44310.62787","76.84030"
"BEL","Bélgica","1996","44808.52436","77.18470"
"BEL","Bélgica","1997","46396.00213","77.40250"
"BEL","Bélgica","1998","47205.30985","77.47630"
"BEL","Bélgica","1999","48765.76686","77.64790"
"BEL","Bélgica","2000","50455.73389","77.76840"
"BEL","Bélgica","2001","50835.39699","78.08240"
"BEL","Bélgica","2002","51471.85326","78.16780"
"BEL","Bélgica","2003","51788.84396","78.32030"
"BEL","Bélgica","2004","53406.69186","78.96050"
"BEL","Bélgica","2005","54346.89342","79.05320"
"BEL","Bélgica","2006","55367.62275","79.38940"
"BEL","Bélgica","2007","56983.46122","79.52840"
"BEL","Bélgica","2008","56787.73663","79.57930"
"BEL","Bélgica","2009","55258.70710","79.84890"
"BEL","Bélgica","2010","56240.20309","80.04000"
"BEL","Bélgica","2011","56585.30250","80.36640"
"BEL","Bélgica","2012","56356.82513","80.26040"
"BEL","Bélgica","2013","56263.17527","80.46680"
"BEL","Bélgica","2014","57002.90922","81.08020"
"BEL","Bélgica","2015","57509.02457","80.88890"
"BEL","Bélgica","2016","57901.49769","81.26470"
"BEL","Bélgica","2017","58529.33030","81.36240"
"BEL","Bélgica","2018","59357.68969","81.48050"
"BEL","Bélgica","2019","60479.97700","81.83530"
"BEL","Bélgica","2020","57333.54241","80.79770"
"BEL","Bélgica","2021","60669.21377","81.65910"
"BEL","Bélgica","2022","62602.92705","81.15890"
"BEL","Bélgica","2023","63042.00999","82.11500"
"CPV","Cabo Verde","1990","1848.75865","63.86910"
"CPV","Cabo Verde","1991","1830.07600","64.06600"
"CPV","Cabo Verde","1992","1984.68063","64.25290"
"CPV","Cabo Verde","1993","2111.62141","64.45810"
"CPV","Cabo Verde","1994","2465.99393","64.64850"
"CPV","Cabo Verde","1995","2763.39733","63.69110"
"CPV","Cabo Verde","1996","3022.88825","65.52070"
"CPV","Cabo Verde","1997","3302.97403","66.08240"
"CPV","Cabo Verde","1998","3657.38119","66.71440"
"CPV","Cabo Verde","1999","4006.47965","67.40870"
"CPV","Cabo Verde","2000","4510.13574","68.11670"
"CPV","Cabo Verde","2001","4540.90732","68.70730"
"CPV","Cabo Verde","2002","4710.24105","69.44710"
"CPV","Cabo Verde","2003","4841.26540","70.00580"
"CPV","Cabo Verde","2004","5268.30312","70.49880"
"CPV","Cabo Verde","2005","5565.76951","70.93650"
"CPV","Cabo Verde","2006","5941.38218","71.34100"
"CPV","Cabo Verde","2007","6767.40677","71.48700"
"CPV","Cabo Verde","2008","7169.13944","71.88770"
"CPV","Cabo Verde","2009","6994.57410","72.14240"
"CPV","Cabo Verde","2010","7072.12150","72.50660"
"CPV","Cabo Verde","2011","7325.78442","72.91310"
"CPV","Cabo Verde","2012","7397.82221","73.31480"
"CPV","Cabo Verde","2013","7440.66243","73.48120"
"CPV","Cabo Verde","2014","7491.02198","73.78850"
"CPV","Cabo Verde","2015","7560.13649","74.09630"
"CPV","Cabo Verde","2016","7881.30336","74.35040"
"CPV","Cabo Verde","2017","8234.56000","74.71030"
"CPV","Cabo Verde","2018","8531.12962","74.83970"
"CPV","Cabo Verde","2019","9111.62993","75.44860"
"CPV","Cabo Verde","2020","7207.86854","73.81770"
"CPV","Cabo Verde","2021","7685.41921","74.42350"
"CPV","Cabo Verde","2022","8850.10669","75.90680"
"CPV","Cabo Verde","2023","9228.46045","76.05870"
"KHM","Camboya","1990","2646.09799","55.20500"
"KHM","Camboya","1991","2731.37974","55.58200"
"KHM","Camboya","1992","2769.48826","55.74730"
"KHM","Camboya","1993","2714.59150","56.03640"
"KHM","Camboya","1994","1650.39100","56.22050"
"KHM","Camboya","1995","1672.73929","56.56200"
"KHM","Camboya","1996","1643.01579","56.83200"
"KHM","Camboya","1997","1595.17131","57.26610"
"KHM","Camboya","1998","1602.38371","57.85950"
"KHM","Camboya","1999","1775.41240","58.61080"
"KHM","Camboya","2000","1922.03179","59.49140"
"KHM","Camboya","2001","2032.08092","60.45660"
"KHM","Camboya","2002","2126.34150","61.39450"
"KHM","Camboya","2003","2309.83931","62.34520"
"KHM","Camboya","2004","2491.30930","63.25580"
"KHM","Camboya","2005","2781.89029","64.11280"
"KHM","Camboya","2006","3041.10471","64.88590"
"KHM","Camboya","2007","3308.15747","65.54910"
"KHM","Camboya","2008","3501.92570","66.14690"
"KHM","Camboya","2009","3587.60890","66.74730"
"KHM","Camboya","2010","3711.53751","67.31080"
"KHM","Camboya","2011","3921.97912","67.86910"
"KHM","Camboya","2012","4159.16354","68.37140"
"KHM","Camboya","2013","4419.39887","68.75480"
"KHM","Camboya","2014","4702.73062","69.11740"
"KHM","Camboya","2015","4968.57277","69.39770"
"KHM","Camboya","2016","5283.72965","69.63520"
"KHM","Camboya","2017","5632.03126","69.84240"
"KHM","Camboya","2018","6050.59088","69.99350"
"KHM","Camboya","2019","6448.88456","70.12670"
"KHM","Camboya","2020","6128.78244","70.05940"
"KHM","Camboya","2021","6225.53265","69.30120"
"KHM","Camboya","2022","6458.36815","70.52800"
"KHM","Camboya","2023","6695.29195","70.66750"
"CMR","Camerún","1990","4517.61888","54.34840"
"CMR","Camerún","1991","4220.65297","54.16770"
"CMR","Camerún","1992","3974.27760","54.05270"
"CMR","Camerún","1993","3556.31854","53.87230"
"CMR","Camerún","1994","3522.74885","53.53660"
"CMR","Camerún","1995","3526.54368","53.34710"
"CMR","Camerún","1996","3577.59204","53.20030"
"CMR","Camerún","1997","3641.70750","53.10480"
"CMR","Camerún","1998","3714.13213","53.04330"
"CMR","Camerún","1999","3780.06217","53.16630"
"CMR","Camerún","2000","3822.94425","53.33760"
"CMR","Camerún","2001","3884.87305","53.59830"
"CMR","Camerún","2002","3951.41936","53.92190"
"CMR","Camerún","2003","4054.78133","54.25280"
"CMR","Camerún","2004","4222.96639","54.57820"
"CMR","Camerún","2005","4199.72271","54.90420"
"CMR","Camerún","2006","4241.51745","55.30140"
"CMR","Camerún","2007","4302.61926","55.71010"
"CMR","Camerún","2008","4300.26640","56.11640"
"CMR","Camerún","2009","4286.57718","56.48550"
"CMR","Camerún","2010","4286.58303","56.96520"
"CMR","Camerún","2011","4307.85196","57.48200"
"CMR","Camerún","2012","4382.11121","58.16960"
"CMR","Camerún","2013","4473.57232","58.73050"
"CMR","Camerún","2014","4588.48649","59.13010"
"CMR","Camerún","2015","4698.66678","59.68660"
"CMR","Camerún","2016","4767.13186","60.29340"
"CMR","Camerún","2017","4797.97544","60.81740"
"CMR","Camerún","2018","4851.48004","61.18880"
"CMR","Camerún","2019","4882.35560","61.69520"
"CMR","Camerún","2020","4763.48194","61.67380"
"CMR","Camerún","2021","4793.55628","61.14630"
"CMR","Camerún","2022","4843.65038","62.44280"
"CMR","Camerún","2023","4875.25121","63.69960"
"CAN","Canadá","1990","40475.09644","77.43330"
"CAN","Canadá","1991","39139.29683","77.59390"
"CAN","Canadá","1992","39023.16681","77.85250"
"CAN","Canadá","1993","39622.46341","77.72510"
"CAN","Canadá","1994","40952.11977","77.90070"
"CAN","Canadá","1995","41617.70692","78.02060"
"CAN","Canadá","1996","41880.53559","78.27200"
"CAN","Canadá","1997","43241.22365","78.46490"
"CAN","Canadá","1998","44553.26517","78.67410"
"CAN","Canadá","1999","46464.52745","78.88510"
"CAN","Canadá","2000","48399.28644","79.23300"
"CAN","Canadá","2001","48774.14832","79.44940"
"CAN","Canadá","2002","49694.98709","79.56580"
"CAN","Canadá","2003","50139.76646","79.73630"
"CAN","Canadá","2004","51210.65940","80.02900"
"CAN","Canadá","2005","52356.53715","80.13100"
"CAN","Canadá","2006","53195.76086","80.53980"
"CAN","Canadá","2007","53761.84080","80.54220"
"CAN","Canadá","2008","53711.65803","80.73040"
"CAN","Canadá","2009","51552.40203","81.06480"
"CAN","Canadá","2010","52558.42006","81.33630"
"CAN","Canadá","2011","53681.10848","81.51330"
"CAN","Canadá","2012","54034.78217","81.70370"
"CAN","Canadá","2013","54712.15686","81.78520"
"CAN","Canadá","2014","55723.46157","81.83730"
"CAN","Canadá","2015","55660.84558","81.90840"
"CAN","Canadá","2016","55606.13299","82.03010"
"CAN","Canadá","2017","56612.30622","81.91950"
"CAN","Canadá","2018","57337.46829","81.92470"
"CAN","Canadá","2019","57583.82307","82.28480"
"CAN","Canadá","2020","54092.85769","81.65360"
"CAN","Canadá","2021","56995.09520","81.97600"
"CAN","Canadá","2022","58583.12999","81.24930"
"CAN","Canadá","2023","58088.37781","82.63020"
"TCD","Chad","1990","1711.36988","45.07380"
"TCD","Chad","1991","1790.73791","46.59590"
"TCD","Chad","1992","1853.67668","46.77690"
"TCD","Chad","1993","1526.05433","47.00230"
"TCD","Chad","1994","1642.51653","47.07960"
"TCD","Chad","1995","1591.14154","47.45330"
"TCD","Chad","1996","1555.91392","47.55080"
"TCD","Chad","1997","1588.09860","47.76220"
"TCD","Chad","1998","1641.05715","47.80240"
"TCD","Chad","1999","1573.58531","47.93360"
"TCD","Chad","2000","1506.71577","47.93700"
"TCD","Chad","2001","1626.56683","48.30560"
"TCD","Chad","2002","1704.27295","48.35960"
"TCD","Chad","2003","1878.58579","48.60950"
"TCD","Chad","2004","2400.97005","48.68650"
"TCD","Chad","2005","2705.81651","48.86000"
"TCD","Chad","2006","2596.03235","48.74670"
"TCD","Chad","2007","2613.47387","49.21020"
"TCD","Chad","2008","2601.36126","49.50340"
"TCD","Chad","2009","2474.70758","49.82750"
"TCD","Chad","2010","2717.40540","50.10670"
"TCD","Chad","2011","2741.07083","50.42580"
"TCD","Chad","2012","2886.27475","50.76510"
"TCD","Chad","2013","2864.11301","51.05080"
"TCD","Chad","2014","2820.67795","51.14110"
"TCD","Chad","2015","2822.57930","51.31960"
"TCD","Chad","2016","2622.59781","51.60270"
"TCD","Chad","2017","2496.26214","51.87470"
"TCD","Chad","2018","2552.37036","52.44670"
"TCD","Chad","2019","2604.53154","52.99270"
"TCD","Chad","2020","2513.02923","53.08180"
"TCD","Chad","2021","2435.07275","53.13620"
"TCD","Chad","2022","2449.48251","54.52750"
"TCD","Chad","2023","2433.53331","55.06920"
"CZE","Chequia","1990","27918.13752","71.40860"
"CZE","Chequia","1991","24734.77021","71.96990"
"CZE","Chequia","1992","24584.32996","72.32980"
"CZE","Chequia","1993","24573.99149","72.85280"
"CZE","Chequia","1994","25279.79180","73.08170"
"CZE","Chequia","1995","26869.01971","73.17720"
"CZE","Chequia","1996","28021.67046","73.83440"
"CZE","Chequia","1997","27884.73976","73.94600"
"CZE","Chequia","1998","27801.43878","74.55270"
"CZE","Chequia","1999","28213.45550","74.74140"
"CZE","Chequia","2000","29427.40700","74.97810"
"CZE","Chequia","2001","30399.87308","75.31410"
"CZE","Chequia","2002","30919.54966","75.44240"
"CZE","Chequia","2003","31949.29631","75.39590"
"CZE","Chequia","2004","33452.34080","75.94160"
"CZE","Chequia","2005","35535.74800","76.15610"
"CZE","Chequia","2006","37786.87817","76.70800"
"CZE","Chequia","2007","39629.00613","76.91890"
"CZE","Chequia","2008","40328.34266","77.17220"
"CZE","Chequia","2009","38175.14228","77.25780"
"CZE","Chequia","2010","39097.38862","77.56770"
"CZE","Chequia","2011","39708.16263","77.81440"
"CZE","Chequia","2012","39347.04930","77.99770"
"CZE","Chequia","2013","39317.55357","78.16900"
"CZE","Chequia","2014","40158.01643","78.74390"
"CZE","Chequia","2015","42066.57598","78.56090"
"CZE","Chequia","2016","43069.46597","78.97440"
"CZE","Chequia","2017","45177.52261","78.92600"
"CZE","Chequia","2018","46301.08204","78.96120"
"CZE","Chequia","2019","47763.61655","79.18530"
"CZE","Chequia","2020","45119.93873","78.23700"
"CZE","Chequia","2021","47796.03374","77.23420"
"CZE","Chequia","2022","48390.66168","79.16480"
"CZE","Chequia","2023","47558.41068","79.83410"
"CHL","Chile","1990","10955.24865","73.67520"
"CHL","Chile","1991","11610.27833","74.08240"
"CHL","Chile","1992","12738.61632","74.36730"
"CHL","Chile","1993","13380.47222","74.67930"
"CHL","Chile","1994","13849.62610","74.97300"
"CHL","Chile","1995","14911.56407","75.29840"
"CHL","Chile","1996","15748.46536","75.55480"
"CHL","Chile","1997","16687.85559","75.82620"
"CHL","Chile","1998","17161.03356","76.32410"
"CHL","Chile","1999","16900.12440","76.73820"
"CHL","Chile","2000","17529.42060","77.12760"
"CHL","Chile","2001","17874.53139","77.57980"
"CHL","Chile","2002","18244.51968","77.83970"
"CHL","Chile","2003","18907.34587","77.88410"
"CHL","Chile","2004","19966.70931","78.27650"
"CHL","Chile","2005","20923.47976","78.45890"
"CHL","Chile","2006","21973.73829","78.53280"
"CHL","Chile","2007","22884.29971","78.65190"
"CHL","Chile","2008","23515.34732","78.75180"
"CHL","Chile","2009","23019.02995","78.89010"
"CHL","Chile","2010","24122.47879","79.09540"
"CHL","Chile","2011","25372.27415","79.23570"
"CHL","Chile","2012","26676.81102","79.22110"
"CHL","Chile","2013","27297.81851","79.55090"
"CHL","Chile","2014","27511.56100","79.71370"
"CHL","Chile","2015","27817.95848","80.00790"
"CHL","Chile","2016","27965.34735","80.29490"
"CHL","Chile","2017","27899.59798","80.60960"
"CHL","Chile","2018","28499.40640","80.55940"
"CHL","Chile","2019","28227.97905","80.32430"
"CHL","Chile","2020","26258.40386","79.34880"
"CHL","Chile","2021","29106.63565","78.87640"
"CHL","Chile","2022","29560.45138","79.17620"
"CHL","Chile","2023","29600.41886","81.16670"
"CHN","China","1990","1666.81412","68.15470"
"CHN","China","1991","1798.38258","68.60990"
"CHN","China","1992","2030.47127","69.05870"
"CHN","China","1993","2286.79564","69.49240"
"CHN","China","1994","2556.90688","69.83550"
"CHN","China","1995","2807.88647","70.36310"
"CHN","China","1996","3055.72828","70.82250"
"CHN","China","1997","3305.83026","71.22710"
"CHN","China","1998","3533.69840","71.60140"
"CHN","China","1999","3774.42758","71.95190"
"CHN","China","2000","4065.86708","72.28850"
"CHN","China","2001","4372.43561","72.67550"
"CHN","China","2002","4744.38182","73.03390"
"CHN","China","2003","5191.78118","73.38530"
"CHN","China","2004","5684.38817","73.72740"
"CHN","China","2005","6298.29930","74.08500"
"CHN","China","2006","7057.11132","74.40370"
"CHN","China","2007","8013.78376","74.78860"
"CHN","China","2008","8743.70200","74.83330"
"CHN","China","2009","9518.68128","75.31740"
"CHN","China","2010","10476.15257","75.66790"
"CHN","China","2011","11404.91798","75.88910"
"CHN","China","2012","12217.93438","76.20000"
"CHN","China","2013","13080.87879","76.45210"
"CHN","China","2014","13968.51878","76.71430"
"CHN","China","2015","14857.10882","76.97550"
"CHN","China","2016","15772.83726","77.21400"
"CHN","China","2017","16758.04640","77.23530"
"CHN","China","2018","17807.04906","77.70900"
"CHN","China","2019","18820.58716","77.93960"
"CHN","China","2020","19215.10125","78.01910"
"CHN","China","2021","20843.29783","78.11660"
"CHN","China","2022","21499.31256","78.20210"
"CHN","China","2023","22687.25195","77.95290"
"CYP","Chipre","1990","27666.53516","76.04420"
"CYP","Chipre","1991","27158.92578","76.24640"
"CYP","Chipre","1992","28931.81445","76.29080"
"CYP","Chipre","1993","28439.21484","76.29430"
"CYP","Chipre","1994","29500.62305","76.38310"
"CYP","Chipre","1995","31393.24609","76.58280"
"CYP","Chipre","1996","31282.60938","76.87970"
"CYP","Chipre","1997","31656.83008","77.11870"
"CYP","Chipre","1998","33181.98828","77.16410"
"CYP","Chipre","1999","34452.72266","77.57150"
"CYP","Chipre","2000","36121.66406","77.90000"
"CYP","Chipre","2001","37146.84375","78.18480"
"CYP","Chipre","2002","38090.77734","78.75820"
"CYP","Chipre","2003","38617.81250","78.90810"
"CYP","Chipre","2004","40019.92578","79.00670"
"CYP","Chipre","2005","41362.09375","79.19750"
"CYP","Chipre","2006","42595.20312","79.45610"
"CYP","Chipre","2007","43823.76172","79.79820"
"CYP","Chipre","2008","44295.62891","79.90630"
"CYP","Chipre","2009","42253.38672","80.37490"
"CYP","Chipre","2010","42102.28125","80.63250"
"CYP","Chipre","2011","41212.68750","80.85460"
"CYP","Chipre","2012","39190.22266","81.12840"
"CYP","Chipre","2013","36650.57031","81.31650"
"CYP","Chipre","2014","36104.90234","81.33730"
"CYP","Chipre","2015","37258.50000","81.46370"
"CYP","Chipre","2016","39500.85156","81.53410"
"CYP","Chipre","2017","41417.98828","81.54310"
"CYP","Chipre","2018","43510.03125","81.55580"
"CYP","Chipre","2019","45454.17578","81.45430"
"CYP","Chipre","2020","43402.35938","81.23020"
"CYP","Chipre","2021","47632.57031","80.57350"
"CYP","Chipre","2022","50840.91406","80.43370"
"CYP","Chipre","2023","51674.90234","81.64800"
"COL","Colombia","1990","9998.81070","68.70080"
"COL","Colombia","1991","9996.09786","68.77190"
"COL","Colombia","1992","10196.43297","68.76430"
"COL","Colombia","1993","10533.11496","69.08310"
"COL","Colombia","1994","10927.93895","69.42230"
"COL","Colombia","1995","11279.00046","69.80960"
"COL","Colombia","1996","11303.13089","70.20850"
"COL","Colombia","1997","11483.50501","70.63200"
"COL","Colombia","1998","11343.87991","70.92360"
"COL","Colombia","1999","10679.70927","70.91310"
"COL","Colombia","2000","10813.49423","70.90500"
"COL","Colombia","2001","10823.45049","71.18530"
"COL","Colombia","2002","10925.14856","71.53660"
"COL","Colombia","2003","11183.29118","72.30860"
"COL","Colombia","2004","11607.93849","72.76050"
"COL","Colombia","2005","11999.25496","73.15570"
"COL","Colombia","2006","12636.62466","73.49740"
"COL","Colombia","2007","13318.30331","73.75090"
"COL","Colombia","2008","13591.06090","74.20570"
"COL","Colombia","2009","13586.75184","74.53060"
"COL","Colombia","2010","14037.06427","74.87570"
"COL","Colombia","2011","14852.36995","75.18030"
"COL","Colombia","2012","15279.47900","75.61060"
"COL","Colombia","2013","15912.24713","75.83430"
"COL","Colombia","2014","16480.36315","75.94970"
"COL","Colombia","2015","16821.38014","76.06650"
"COL","Colombia","2016","17003.24437","76.22850"
"COL","Colombia","2017","16986.03342","76.41780"
"COL","Colombia","2018","17104.13135","76.57910"
"COL","Colombia","2019","17336.77160","76.79270"
"COL","Colombia","2020","15861.49993","74.75650"
"COL","Colombia","2021","17383.09017","72.69830"
"COL","Colombia","2022","18458.72095","76.50810"
"COL","Colombia","2023","18406.62423","77.72460"
"COM","Comoras","1990","3178.85477","55.61960"
"COM","Comoras","1991","2911.05350","56.10420"
"COM","Comoras","1992","3061.03259","56.57620"
"COM","Comoras","1993","3082.22242","57.02560"
"COM","Comoras","1994","2907.42228","57.45820"
"COM","Comoras","1995","3018.45799","57.82990"
"COM","Comoras","1996","2951.78313","58.15060"
"COM","Comoras","1997","3029.34647","58.22810"
"COM","Comoras","1998","2978.37124","58.30080"
"COM","Comoras","1999","3004.69062","58.85330"
"COM","Comoras","2000","2917.87154","58.94070"
"COM","Comoras","2001","3013.38883","59.58670"
"COM","Comoras","2002","3085.93815","59.72280"
"COM","Comoras","2003","3085.59675","60.24020"
"COM","Comoras","2004","3121.51678","60.55670"
"COM","Comoras","2005","3231.72506","60.88270"
"COM","Comoras","2006","3111.62571","61.22910"
"COM","Comoras","2007","3074.73468","61.47530"
"COM","Comoras","2008","3133.75035","61.95480"
"COM","Comoras","2009","3171.60355","62.30170"
"COM","Comoras","2010","3226.63502","62.74730"
"COM","Comoras","2011","3293.83408","63.10480"
"COM","Comoras","2012","3330.52446","63.46260"
"COM","Comoras","2013","3406.49919","63.83880"
"COM","Comoras","2014","3403.41291","64.14270"
"COM","Comoras","2015","3370.55572","64.47270"
"COM","Comoras","2016","3411.77124","64.79160"
"COM","Comoras","2017","3472.07859","65.12720"
"COM","Comoras","2018","3528.95868","65.40090"
"COM","Comoras","2019","3522.66867","65.66220"
"COM","Comoras","2020","3447.47275","65.75590"
"COM","Comoras","2021","3449.04357","65.20090"
"COM","Comoras","2022","3465.84023","66.48060"
"COM","Comoras","2023","3508.15862","66.77680"
"COG","Congo","1990","8699.52684","57.07030"
"COG","Congo","1991","8658.16145","56.76450"
"COG","Congo","1992","8636.63719","56.48260"
"COG","Congo","1993","8302.69727","56.04140"
"COG","Congo","1994","7617.60750","55.64140"
"COG","Congo","1995","7701.32469","55.47370"
"COG","Congo","1996","7812.04780","55.24030"
"COG","Congo","1997","7599.04815","48.57460"
"COG","Congo","1998","7711.63213","52.55090"
"COG","Congo","1999","7312.32665","54.42720"
"COG","Congo","2000","7570.58279","55.37060"
"COG","Congo","2001","7567.43917","55.88490"
"COG","Congo","2002","7729.38890","56.41400"
"COG","Congo","2003","7577.45630","57.13130"
"COG","Congo","2004","7577.44597","57.95740"
"COG","Congo","2005","7876.11807","58.73020"
"COG","Congo","2006","8192.57980","59.47400"
"COG","Congo","2007","7375.82454","60.05020"
"COG","Congo","2008","7587.28826","60.79030"
"COG","Congo","2009","8138.45034","61.21480"
"COG","Congo","2010","8583.66180","61.73110"
"COG","Congo","2011","8492.42098","62.28620"
"COG","Congo","2012","9079.68656","62.66160"
"COG","Congo","2013","8798.49383","62.96890"
"COG","Congo","2014","9159.25664","63.34910"
"COG","Congo","2015","8977.70682","63.66220"
"COG","Congo","2016","8001.82552","63.91080"
"COG","Congo","2017","7372.77047","64.20280"
"COG","Congo","2018","7029.33652","64.47200"
"COG","Congo","2019","6939.36913","63.15230"
"COG","Congo","2020","6350.50913","64.39070"
"COG","Congo","2021","6263.21161","64.19180"
"COG","Congo","2022","6205.10504","65.00030"
"COG","Congo","2023","6172.28777","65.77200"
"KOR","Corea del Sur","1990","14377.88392","70.99360"
"KOR","Corea del Sur","1991","15784.46687","71.40240"
"KOR","Corea del Sur","1992","16613.49070","72.17550"
"KOR","Corea del Sur","1993","17595.90361","72.74530"
"KOR","Corea del Sur","1994","19052.29909","72.88900"
"KOR","Corea del Sur","1995","20697.89698","73.37520"
"KOR","Corea del Sur","1996","22139.79638","74.02070"
"KOR","Corea del Sur","1997","23311.04209","74.53130"
"KOR","Corea del Sur","1998","22000.33876","75.03500"
"KOR","Corea del Sur","1999","24382.25085","75.61730"
"KOR","Corea del Sur","2000","26404.15886","76.23510"
"KOR","Corea del Sur","2001","27440.65649","76.91950"
"KOR","Corea del Sur","2002","29395.27660","77.23040"
"KOR","Corea del Sur","2003","30142.46056","77.49740"
"KOR","Corea del Sur","2004","31579.52830","77.95710"
"KOR","Corea del Sur","2005","32886.04725","78.44860"
"KOR","Corea del Sur","2006","34429.62220","79.03480"
"KOR","Corea del Sur","2007","36257.34017","79.43230"
"KOR","Corea del Sur","2008","37064.15185","79.99560"
"KOR","Corea del Sur","2009","37176.19393","80.55040"
"KOR","Corea del Sur","2010","39574.05007","80.71720"
"KOR","Corea del Sur","2011","40719.22738","81.16850"
"KOR","Corea del Sur","2012","41537.67286","81.30750"
"KOR","Corea del Sur","2013","42709.97519","81.83560"
"KOR","Corea del Sur","2014","43806.92510","82.36410"
"KOR","Corea del Sur","2015","44849.10677","82.54040"
"KOR","Corea del Sur","2016","46088.24308","82.92040"
"KOR","Corea del Sur","2017","47536.78986","83.27840"
"KOR","Corea del Sur","2018","48834.44712","83.34000"
"KOR","Corea del Sur","2019","49790.86799","83.68460"
"KOR","Corea del Sur","2020","49374.09261","83.67520"
"KOR","Corea del Sur","2021","51718.25187","83.85170"
"KOR","Corea del Sur","2022","53228.60357","82.72700"
"KOR","Corea del Sur","2023","54029.34350","84.32880"
"CRI","Costa Rica","1990","10979.78811","76.09360"
"CRI","Costa Rica","1991","10946.38110","76.23750"
"CRI","Costa Rica","1992","11654.81873","76.38490"
"CRI","Costa Rica","1993","12173.67707","76.31530"
"CRI","Costa Rica","1994","12415.26292","76.32870"
"CRI","Costa Rica","1995","12623.53394","76.44000"
"CRI","Costa Rica","1996","12497.62736","76.42760"
"CRI","Costa Rica","1997","12887.52557","76.60350"
"CRI","Costa Rica","1998","13505.08410","76.86860"
"CRI","Costa Rica","1999","13776.58294","77.05810"
"CRI","Costa Rica","2000","14025.68995","77.31750"
"CRI","Costa Rica","2001","14257.52507","77.60900"
"CRI","Costa Rica","2002","14503.17648","77.93940"
"CRI","Costa Rica","2003","14898.71974","78.21420"
"CRI","Costa Rica","2004","15330.88323","78.51160"
"CRI","Costa Rica","2005","15711.74513","78.87660"
"CRI","Costa Rica","2006","16628.37230","79.04900"
"CRI","Costa Rica","2007","17752.41620","79.09810"
"CRI","Costa Rica","2008","18343.09969","79.18020"
"CRI","Costa Rica","2009","17941.50191","79.37180"
"CRI","Costa Rica","2010","18670.16788","79.35400"
"CRI","Costa Rica","2011","19264.45665","79.62400"
"CRI","Costa Rica","2012","19970.68560","79.92500"
"CRI","Costa Rica","2013","20242.29386","80.18920"
"CRI","Costa Rica","2014","20735.19273","80.23130"
"CRI","Costa Rica","2015","21265.31763","80.40690"
"CRI","Costa Rica","2016","21936.46606","79.98790"
"CRI","Costa Rica","2017","22633.76487","79.99440"
"CRI","Costa Rica","2018","23069.86222","80.08960"
"CRI","Costa Rica","2019","23496.82946","80.29630"
"CRI","Costa Rica","2020","22368.13781","79.72520"
"CRI","Costa Rica","2021","24083.59882","78.05010"
"CRI","Costa Rica","2022","25290.00875","79.31640"
"CRI","Costa Rica","2023","26378.54099","80.79950"
"CIV","Costa de Marfil","1990","5255.54850","52.79590"
"CIV","Costa de Marfil","1991","5052.88905","52.62110"
"CIV","Costa de Marfil","1992","4843.32932","52.42910"
"CIV","Costa de Marfil","1993","4645.50187","52.24680"
"CIV","Costa de Marfil","1994","4502.49284","52.00520"
"CIV","Costa de Marfil","1995","4638.79164","51.71330"
"CIV","Costa de Marfil","1996","4807.45984","51.59610"
"CIV","Costa de Marfil","1997","5072.63456","51.49830"
"CIV","Costa de Marfil","1998","5093.16937","51.22000"
"CIV","Costa de Marfil","1999","4987.39398","51.27280"
"CIV","Costa de Marfil","2000","4838.37603","51.39270"
"CIV","Costa de Marfil","2001","4609.17879","51.42840"
"CIV","Costa de Marfil","2002","4368.96041","51.54410"
"CIV","Costa de Marfil","2003","4060.03041","51.44320"
"CIV","Costa de Marfil","2004","4088.97542","51.93920"
"CIV","Costa de Marfil","2005","4032.27571","52.43240"
"CIV","Costa de Marfil","2006","4049.29028","52.88530"
"CIV","Costa de Marfil","2007","3999.72054","53.45170"
"CIV","Costa de Marfil","2008","4096.75377","54.17940"
"CIV","Costa de Marfil","2009","4151.08432","54.74410"
"CIV","Costa de Marfil","2010","4338.68458","55.28200"
"CIV","Costa de Marfil","2011","4017.43754","55.97240"
"CIV","Costa de Marfil","2012","4234.21188","56.56980"
"CIV","Costa de Marfil","2013","4597.22036","57.05710"
"CIV","Costa de Marfil","2014","4907.61081","57.77190"
"CIV","Costa de Marfil","2015","5110.90021","58.28070"
"CIV","Costa de Marfil","2016","5320.88582","58.81360"
"CIV","Costa de Marfil","2017","5556.15476","59.31510"
"CIV","Costa de Marfil","2018","5670.24200","59.79460"
"CIV","Costa de Marfil","2019","5894.92235","60.27410"
"CIV","Costa de Marfil","2020","5787.85815","60.13970"
"CIV","Costa de Marfil","2021","6045.20480","60.28970"
"CIV","Costa de Marfil","2022","6272.26396","61.56220"
"CIV","Costa de Marfil","2023","6520.89886","61.94380"
"HRV","Croacia","1990","23399.63972","72.24290"
"HRV","Croacia","1991","18812.86574","70.57450"
"HRV","Croacia","1992","17020.16691","71.72060"
"HRV","Croacia","1993","15570.33884","72.30530"
"HRV","Croacia","1994","16301.68585","72.61420"
"HRV","Croacia","1995","17522.51425","72.56120"
"HRV","Croacia","1996","18850.16331","72.97520"
"HRV","Croacia","1997","20110.20262","72.98980"
"HRV","Croacia","1998","20576.01277","73.19290"
"HRV","Croacia","1999","20489.35401","73.60920"
"HRV","Croacia","2000","21302.41172","74.00140"
"HRV","Croacia","2001","22826.72176","74.35470"
"HRV","Croacia","2002","24136.78102","74.64610"
"HRV","Croacia","2003","25473.56720","74.70930"
"HRV","Croacia","2004","26528.53691","75.26650"
"HRV","Croacia","2005","27641.13747","75.57050"
"HRV","Croacia","2006","29035.67498","75.67670"
"HRV","Croacia","2007","30508.30613","75.88600"
"HRV","Croacia","2008","31113.55501","76.00090"
"HRV","Croacia","2009","29024.66406","76.31270"
"HRV","Croacia","2010","28701.87546","76.67610"
"HRV","Croacia","2011","28769.02295","76.99260"
"HRV","Croacia","2012","28259.16381","77.28410"
"HRV","Croacia","2013","28397.98207","77.51000"
"HRV","Croacia","2014","28456.33538","77.51440"
"HRV","Croacia","2015","29466.45064","77.63290"
"HRV","Croacia","2016","30820.80504","77.62940"
"HRV","Croacia","2017","32348.58886","77.72640"
"HRV","Croacia","2018","33729.54558","77.86540"
"HRV","Croacia","2019","35122.79662","78.19700"
"HRV","Croacia","2020","32493.40170","77.49720"
"HRV","Croacia","2021","36930.07610","77.14120"
"HRV","Croacia","2022","39863.91094","78.27790"
"HRV","Croacia","2023","41320.25800","78.58030"
"CUW","Curazao","2000","34307.12506","73.28290"
"CUW","Curazao","2001","35339.06486","73.36020"
"CUW","Curazao","2002","35435.99758","73.47220"
"CUW","Curazao","2003","34812.79117","73.60310"
"CUW","Curazao","2004","34288.74024","73.73540"
"CUW","Curazao","2005","33651.50458","73.87310"
"CUW","Curazao","2006","33334.85678","73.97770"
"CUW","Curazao","2007","33490.25516","74.13680"
"CUW","Curazao","2008","33795.13112","74.31370"
"CUW","Curazao","2009","33397.39740","74.48530"
"CUW","Curazao","2010","33004.55429","75.11670"
"CUW","Curazao","2011","32704.35587","75.57570"
"CUW","Curazao","2012","32320.87704","75.96040"
"CUW","Curazao","2013","31753.38455","76.23860"
"CUW","Curazao","2014","31128.64734","76.38370"
"CUW","Curazao","2015","30861.32077","76.48230"
"CUW","Curazao","2016","30209.78826","76.32220"
"CUW","Curazao","2017","29729.10136","76.42260"
"CUW","Curazao","2018","29256.81579","76.49290"
"CUW","Curazao","2019","28659.65590","76.49170"
"CUW","Curazao","2020","23669.77115","76.50110"
"CUW","Curazao","2021","24905.76843","75.68570"
"CUW","Curazao","2022","26734.64590","76.72870"
"CUW","Curazao","2023","27617.92043","76.79960"
"DNK","Dinamarca","1990","45943.88754","74.86550"
"DNK","Dinamarca","1991","46493.01760","75.22710"
"DNK","Dinamarca","1992","47276.89366","75.26860"
"DNK","Dinamarca","1993","47082.46744","75.18910"
"DNK","Dinamarca","1994","49408.20382","75.44080"
"DNK","Dinamarca","1995","50644.70746","75.28700"
"DNK","Dinamarca","1996","51817.17354","75.66360"
"DNK","Dinamarca","1997","53237.29519","76.04090"
"DNK","Dinamarca","1998","54278.27912","76.43570"
"DNK","Dinamarca","1999","55704.25840","76.57770"
"DNK","Dinamarca","2000","57585.89656","76.81520"
"DNK","Dinamarca","2001","57925.05430","76.97360"
"DNK","Dinamarca","2002","58003.88826","77.09890"
"DNK","Dinamarca","2003","58101.48095","77.40120"
"DNK","Dinamarca","2004","59560.45995","77.78530"
"DNK","Dinamarca","2005","60798.13515","78.22590"
"DNK","Dinamarca","2006","62911.39314","78.22340"
"DNK","Dinamarca","2007","63251.31694","78.34940"
"DNK","Dinamarca","2008","62618.44994","78.71440"
"DNK","Dinamarca","2009","59185.96775","78.95740"
"DNK","Dinamarca","2010","59856.34909","79.24730"
"DNK","Dinamarca","2011","60391.77993","79.78600"
"DNK","Dinamarca","2012","60161.70107","80.08220"
"DNK","Dinamarca","2013","60745.77848","80.30630"
"DNK","Dinamarca","2014","61210.94909","80.63190"
"DNK","Dinamarca","2015","62059.12860","80.73940"
"DNK","Dinamarca","2016","63468.98882","80.88140"
"DNK","Dinamarca","2017","64989.44599","81.11160"
"DNK","Dinamarca","2018","65870.83026","80.99090"
"DNK","Dinamarca","2019","66758.63233","81.43430"
"DNK","Dinamarca","2020","65379.30661","81.54580"
"DNK","Dinamarca","2021","69327.99822","81.43630"
"DNK","Dinamarca","2022","69089.46925","81.29060"
"DNK","Dinamarca","2023","68993.90311","81.93280"
"DJI","Djibouti","2013","4469.07410","62.11620"
"DJI","Djibouti","2014","4705.04927","62.42740"
"DJI","Djibouti","2015","4961.86819","62.83260"
"DJI","Djibouti","2016","5226.50026","63.33500"
"DJI","Djibouti","2017","5421.95649","63.71000"
"DJI","Djibouti","2018","5590.50427","64.10510"
"DJI","Djibouti","2019","5809.30455","64.38090"
"DJI","Djibouti","2020","5791.47768","64.20010"
"DJI","Djibouti","2021","5960.10807","63.83010"
"DJI","Djibouti","2022","6180.67999","65.54020"
"DJI","Djibouti","2023","6510.67859","65.98650"
"DMA","Dominica","1990","11311.55198","70.47120"
"DMA","Dominica","1991","11518.76467","70.39770"
"DMA","Dominica","1992","11747.61171","70.47260"
"DMA","Dominica","1993","11982.85926","70.61210"
"DMA","Dominica","1994","11979.39925","70.77660"
"DMA","Dominica","1995","12343.90012","70.83160"
"DMA","Dominica","1996","12737.89724","71.03940"
"DMA","Dominica","1997","13037.14913","71.19550"
"DMA","Dominica","1998","13563.45282","71.35240"
"DMA","Dominica","1999","13661.67858","71.52740"
"DMA","Dominica","2000","14054.65480","71.71540"
"DMA","Dominica","2001","14091.54914","71.86240"
"DMA","Dominica","2002","13640.70331","71.92750"
"DMA","Dominica","2003","14398.00176","71.94230"
"DMA","Dominica","2004","14962.24563","71.98650"
"DMA","Dominica","2005","15080.52060","72.01610"
"DMA","Dominica","2006","15727.70532","72.00710"
"DMA","Dominica","2007","16560.51790","71.90080"
"DMA","Dominica","2008","17738.04057","71.94460"
"DMA","Dominica","2009","17534.03396","71.83530"
"DMA","Dominica","2010","17516.78796","71.67970"
"DMA","Dominica","2011","17475.04111","71.51670"
"DMA","Dominica","2012","17431.12880","71.39090"
"DMA","Dominica","2013","17282.63680","71.22830"
"DMA","Dominica","2014","17520.85463","71.18920"
"DMA","Dominica","2015","16920.91266","69.96830"
"DMA","Dominica","2016","17364.07730","71.18890"
"DMA","Dominica","2017","16314.22956","68.61990"
"DMA","Dominica","2018","16877.12449","71.37790"
"DMA","Dominica","2019","17619.43354","71.30520"
"DMA","Dominica","2020","14919.53077","71.26930"
"DMA","Dominica","2021","15808.97435","69.83180"
"DMA","Dominica","2022","17550.80099","71.08060"
"DMA","Dominica","2023","18278.22534","71.13250"
"ECU","Ecuador","1990","9104.81600","68.44500"
"ECU","Ecuador","1991","9292.61779","69.04020"
"ECU","Ecuador","1992","9291.37105","69.46780"
"ECU","Ecuador","1993","9284.31503","70.06950"
"ECU","Ecuador","1994","9494.17506","70.87590"
"ECU","Ecuador","1995","9525.17702","71.34850"
"ECU","Ecuador","1996","9509.27541","71.82010"
"ECU","Ecuador","1997","9739.26682","72.00700"
"ECU","Ecuador","1998","9876.75075","71.94930"
"ECU","Ecuador","1999","9242.96681","71.91980"
"ECU","Ecuador","2000","9183.05155","72.08960"
"ECU","Ecuador","2001","9405.11681","72.57090"
"ECU","Ecuador","2002","9697.55518","73.16430"
"ECU","Ecuador","2003","9802.81408","73.63200"
"ECU","Ecuador","2004","10290.66343","73.86760"
"ECU","Ecuador","2005","10660.20462","73.90920"
"ECU","Ecuador","2006","10933.48975","74.01040"
"ECU","Ecuador","2007","10952.82269","74.22590"
"ECU","Ecuador","2008","11474.52570","74.70850"
"ECU","Ecuador","2009","11403.52780","74.90110"
"ECU","Ecuador","2010","11665.69786","75.18760"
"ECU","Ecuador","2011","12449.07855","75.17940"
"ECU","Ecuador","2012","12961.02674","75.48570"
"ECU","Ecuador","2013","13689.15205","75.83220"
"ECU","Ecuador","2014","14064.79922","76.14090"
"ECU","Ecuador","2015","13881.57007","76.22190"
"ECU","Ecuador","2016","13586.51608","76.09420"
"ECU","Ecuador","2017","14179.15375","76.21970"
"ECU","Ecuador","2018","14083.50700","77.24840"
"ECU","Ecuador","2019","13870.48951","77.28620"
"ECU","Ecuador","2020","12440.32637","72.00360"
"ECU","Ecuador","2021","13507.44456","72.74650"
"ECU","Ecuador","2022","14186.63885","76.57670"
"ECU","Ecuador","2023","14321.16483","77.39240"
"EGY","Egipto","1990","8006.62144","62.51320"
"EGY","Egipto","1991","7876.55258","63.05940"
"EGY","Egipto","1992","8034.56230","63.58520"
"EGY","Egipto","1993","8079.05481","64.14710"
"EGY","Egipto","1994","8221.04685","64.66320"
"EGY","Egipto","1995","8423.57817","65.21430"
"EGY","Egipto","1996","8662.33148","65.73340"
"EGY","Egipto","1997","8950.65411","66.20660"
"EGY","Egipto","1998","9245.47890","66.63550"
"EGY","Egipto","1999","9588.85939","67.01040"
"EGY","Egipto","2000","9981.62775","67.33230"
"EGY","Egipto","2001","10117.33318","67.61180"
"EGY","Egipto","2002","10143.50635","67.84560"
"EGY","Egipto","2003","10250.37655","68.04510"
"EGY","Egipto","2004","10451.82175","68.21100"
"EGY","Egipto","2005","10700.60904","68.35520"
"EGY","Egipto","2006","11211.83202","68.49290"
"EGY","Egipto","2007","11782.00607","68.62660"
"EGY","Egipto","2008","12391.58476","68.76130"
"EGY","Egipto","2009","12728.08146","68.91500"
"EGY","Egipto","2010","13128.98783","69.07820"
"EGY","Egipto","2011","13082.42637","69.23220"
"EGY","Egipto","2012","13076.80524","69.46430"
"EGY","Egipto","2013","13058.07482","69.63170"
"EGY","Egipto","2014","13136.36563","69.91120"
"EGY","Egipto","2015","13425.91196","70.13460"
"EGY","Egipto","2016","13727.32016","70.43670"
"EGY","Egipto","2017","14018.36059","70.70860"
"EGY","Egipto","2018","14488.20943","70.97410"
"EGY","Egipto","2019","15026.56824","71.21280"
"EGY","Egipto","2020","15309.23599","69.78970"
"EGY","Egipto","2021","15579.01609","68.97590"
"EGY","Egipto","2022","16360.39078","71.00970"
"EGY","Egipto","2023","16691.38740","71.63350"
"SLV","El Salvador","1990","5976.01763","61.98100"
"SLV","El Salvador","1991","5960.05893","62.54230"
"SLV","El Salvador","1992","6275.18767","62.94390"
"SLV","El Salvador","1993","6553.07234","63.99760"
"SLV","El Salvador","1994","6795.50609","64.47000"
"SLV","El Salvador","1995","7057.92025","64.90310"
"SLV","El Salvador","1996","7062.30008","65.48040"
"SLV","El Salvador","1997","7234.94456","66.24840"
"SLV","El Salvador","1998","7381.11460","66.65480"
"SLV","El Salvador","1999","7498.46741","67.28510"
"SLV","El Salvador","2000","7545.44796","67.71140"
"SLV","El Salvador","2001","7580.32338","67.96450"
"SLV","El Salvador","2002","7675.67106","68.52640"
"SLV","El Salvador","2003","7780.27178","68.79180"
"SLV","El Salvador","2004","7841.53238","69.29480"
"SLV","El Salvador","2005","8050.53451","69.33560"
"SLV","El Salvador","2006","8404.24675","69.61230"
"SLV","El Salvador","2007","8548.83476","69.81950"
"SLV","El Salvador","2008","8704.80585","70.13780"
"SLV","El Salvador","2009","8494.49847","70.35860"
"SLV","El Salvador","2010","8648.92983","70.90880"
"SLV","El Salvador","2011","8945.93133","71.19180"
"SLV","El Salvador","2012","9162.56213","71.42010"
"SLV","El Salvador","2013","9329.46202","71.22510"
"SLV","El Salvador","2014","9451.74461","71.14420"
"SLV","El Salvador","2015","9646.15432","70.95240"
"SLV","El Salvador","2016","9863.76121","70.90810"
"SLV","El Salvador","2017","10064.79349","71.00740"
"SLV","El Salvador","2018","10297.20361","71.38360"
"SLV","El Salvador","2019","10543.93833","71.72530"
"SLV","El Salvador","2020","9692.44932","70.24360"
"SLV","El Salvador","2021","10809.71340","69.94140"
"SLV","El Salvador","2022","11085.61662","71.96950"
"SLV","El Salvador","2023","11404.33423","72.09930"
"ARE","Emiratos Árabes Unidos","1990","111376.98437","71.07370"
"ARE","Emiratos Árabes Unidos","1991","106266.15763","71.14410"
"ARE","Emiratos Árabes Unidos","1992","104207.05913","71.16640"
"ARE","Emiratos Árabes Unidos","1993","100422.83247","71.15940"
"ARE","Emiratos Árabes Unidos","1994","102456.23994","71.20370"
"ARE","Emiratos Árabes Unidos","1995","104527.84824","71.39170"
"ARE","Emiratos Árabes Unidos","1996","103653.54271","71.82030"
"ARE","Emiratos Árabes Unidos","1997","103392.37946","72.55890"
"ARE","Emiratos Árabes Unidos","1998","96088.65873","73.66000"
"ARE","Emiratos Árabes Unidos","1999","92047.61047","74.98180"
"ARE","Emiratos Árabes Unidos","2000","95390.83289","76.34700"
"ARE","Emiratos Árabes Unidos","2001","90750.32579","77.62070"
"ARE","Emiratos Árabes Unidos","2002","87479.15454","78.72110"
"ARE","Emiratos Árabes Unidos","2003","89828.49340","79.59950"
"ARE","Emiratos Árabes Unidos","2004","93166.15689","80.27240"
"ARE","Emiratos Árabes Unidos","2005","92750.92263","80.77900"
"ARE","Emiratos Árabes Unidos","2006","94872.51213","81.15530"
"ARE","Emiratos Árabes Unidos","2007","87180.60016","81.43840"
"ARE","Emiratos Árabes Unidos","2008","80285.16131","81.59150"
"ARE","Emiratos Árabes Unidos","2009","71488.96968","81.67940"
"ARE","Emiratos Árabes Unidos","2010","70913.75693","81.88600"
"ARE","Emiratos Árabes Unidos","2011","73190.40563","81.89840"
"ARE","Emiratos Árabes Unidos","2012","73644.05499","81.91290"
"ARE","Emiratos Árabes Unidos","2013","74237.20380","81.95000"
"ARE","Emiratos Árabes Unidos","2014","74145.11754","81.99020"
"ARE","Emiratos Árabes Unidos","2015","75238.55719","82.07590"
"ARE","Emiratos Árabes Unidos","2016","75671.03686","82.19460"
"ARE","Emiratos Árabes Unidos","2017","72529.04235","82.38840"
"ARE","Emiratos Árabes Unidos","2018","72671.07873","82.44930"
"ARE","Emiratos Árabes Unidos","2019","72822.94664","82.59610"
"ARE","Emiratos Árabes Unidos","2020","66808.62093","81.93630"
"ARE","Emiratos Árabes Unidos","2021","68580.13129","79.08310"
"ARE","Emiratos Árabes Unidos","2022","70075.63837","80.48680"
"ARE","Emiratos Árabes Unidos","2023","70239.83283","82.90910"
"SVK","Eslovaquia","1990","17521.02506","70.81900"
"SVK","Eslovaquia","1991","14955.95421","70.92120"
"SVK","Eslovaquia","1992","13946.16308","71.36520"
"SVK","Eslovaquia","1993","14157.18144","71.88030"
"SVK","Eslovaquia","1994","14976.57736","72.32950"
"SVK","Eslovaquia","1995","15805.41333","72.25370"
"SVK","Eslovaquia","1996","16737.17222","72.73850"
"SVK","Eslovaquia","1997","17622.77975","72.68870"
"SVK","Eslovaquia","1998","18272.52245","72.57300"
"SVK","Eslovaquia","1999","18167.49572","72.96250"
"SVK","Eslovaquia","2000","18335.68345","73.13930"
"SVK","Eslovaquia","2001","18906.60143","73.57060"
"SVK","Eslovaquia","2002","19748.93187","73.76500"
"SVK","Eslovaquia","2003","20721.71281","73.81850"
"SVK","Eslovaquia","2004","21842.95638","74.21720"
"SVK","Eslovaquia","2005","23257.17585","74.15620"
"SVK","Eslovaquia","2006","25331.87402","74.41610"
"SVK","Eslovaquia","2007","28064.24573","74.49470"
"SVK","Eslovaquia","2008","29544.09060","74.86430"
"SVK","Eslovaquia","2009","27880.41112","75.21750"
"SVK","Eslovaquia","2010","29745.91967","75.49630"
"SVK","Eslovaquia","2011","30468.82570","76.01810"
"SVK","Eslovaquia","2012","30894.31180","76.17640"
"SVK","Eslovaquia","2013","31078.18482","76.51390"
"SVK","Eslovaquia","2014","31888.80535","76.84840"
"SVK","Eslovaquia","2015","33507.79136","76.65050"
"SVK","Eslovaquia","2016","34116.45020","77.21560"
"SVK","Eslovaquia","2017","35042.78589","77.22000"
"SVK","Eslovaquia","2018","36415.79205","77.26500"
"SVK","Eslovaquia","2019","37194.21045","77.68630"
"SVK","Eslovaquia","2020","36201.48638","76.86430"
"SVK","Eslovaquia","2021","38330.30274","74.59010"
"SVK","Eslovaquia","2022","38648.98557","77.03560"
"SVK","Eslovaquia","2023","39501.94742","78.34140"
"SVN","Eslovenia","1990","25349.79772","73.46540"
"SVN","Eslovenia","1991","23078.99295","73.47460"
"SVN","Eslovenia","1992","21850.05710","73.41920"
"SVN","Eslovenia","1993","22524.95919","73.58400"
"SVN","Eslovenia","1994","23752.43772","73.90620"
"SVN","Eslovenia","1995","24722.65692","74.41880"
"SVN","Eslovenia","1996","25458.89667","74.79680"
"SVN","Eslovenia","1997","26811.48732","74.98860"
"SVN","Eslovenia","1998","27693.28274","75.13920"
"SVN","Eslovenia","1999","29131.35061","75.45380"
"SVN","Eslovenia","2000","30061.20619","75.83020"
"SVN","Eslovenia","2001","30862.89599","76.18090"
"SVN","Eslovenia","2002","31836.52157","76.31550"
"SVN","Eslovenia","2003","32833.90460","76.31720"
"SVN","Eslovenia","2004","34304.55650","76.93190"
"SVN","Eslovenia","2005","35565.04272","77.50290"
"SVN","Eslovenia","2006","37546.49561","77.82040"
"SVN","Eslovenia","2007","40002.70190","78.28550"
"SVN","Eslovenia","2008","41286.34625","78.59500"
"SVN","Eslovenia","2009","37809.17355","79.02700"
"SVN","Eslovenia","2010","38063.31468","79.30080"
"SVN","Eslovenia","2011","38233.29056","79.58840"
"SVN","Eslovenia","2012","37040.70827","79.76520"
"SVN","Eslovenia","2013","36685.74966","80.08840"
"SVN","Eslovenia","2014","37662.25599","80.25170"
"SVN","Eslovenia","2015","38534.64374","80.49940"
"SVN","Eslovenia","2016","39674.89316","80.51200"
"SVN","Eslovenia","2017","41700.65109","80.61630"
"SVN","Eslovenia","2018","43369.22195","80.86100"
"SVN","Eslovenia","2019","44577.94186","81.00700"
"SVN","Eslovenia","2020","42471.52280","80.36410"
"SVN","Eslovenia","2021","45922.66326","80.43400"
"SVN","Eslovenia","2022","47058.88660","80.79330"
"SVN","Eslovenia","2023","47986.41959","81.60340"
"ESP","España","1990","31773.22674","77.00040"
"ESP","España","1991","32499.34814","77.12850"
"ESP","España","1992","32641.08272","77.58880"
"ESP","España","1993","32137.31384","77.72800"
"ESP","España","1994","32746.92878","78.11410"
"ESP","España","1995","33501.73142","78.20020"
"ESP","España","1996","34232.37869","78.33890"
"ESP","España","1997","35312.08629","78.85040"
"ESP","España","1998","36679.09423","78.93950"
"ESP","España","1999","38141.31688","78.94370"
"ESP","España","2000","39945.89713","79.41230"
"ESP","España","2001","41224.29241","79.73870"
"ESP","España","2002","41766.03782","79.81770"
"ESP","España","2003","42223.13017","79.74820"
"ESP","España","2004","42793.39023","80.32830"
"ESP","España","2005","43570.76526","80.31960"
"ESP","España","2006","44572.68155","80.96270"
"ESP","España","2007","45301.28434","80.96960"
"ESP","España","2008","44926.34895","81.27820"
"ESP","España","2009","42852.22089","81.62700"
"ESP","España","2010","42695.52742","82.00630"
"ESP","España","2011","42271.83468","82.18040"
"ESP","España","2012","41034.04816","82.19050"
"ESP","España","2013","40594.91401","82.69430"
"ESP","España","2014","41339.41112","82.82830"
"ESP","España","2015","43053.76143","82.61090"
"ESP","España","2016","44274.66761","82.99990"
"ESP","España","2017","45446.25086","82.98620"
"ESP","España","2018","46325.20994","83.09560"
"ESP","España","2019","46896.41711","83.47940"
"ESP","España","2020","41553.44779","82.24130"
"ESP","España","2021","44251.66582","82.95080"
"ESP","España","2022","46733.48098","82.36610"
"ESP","España","2023","47322.59370","83.67030"
"USA","Estados Unidos","1990","44384.21019","75.37430"
"USA","Estados Unidos","1991","43747.63074","75.52430"
"USA","Estados Unidos","1992","44664.87359","75.77900"
"USA","Estados Unidos","1993","45292.73807","75.56770"
"USA","Estados Unidos","1994","46543.31992","75.73810"
"USA","Estados Unidos","1995","47227.00833","75.85220"
"USA","Estados Unidos","1996","48441.90611","76.17490"
"USA","Estados Unidos","1997","49990.67407","76.49810"
"USA","Estados Unidos","1998","51626.48383","76.65920"
"USA","Estados Unidos","1999","53480.89700","76.66910"
"USA","Estados Unidos","2000","55045.67453","76.80580"
"USA","Estados Unidos","2001","55024.35428","76.91940"
"USA","Estados Unidos","2002","55443.21994","76.98830"
"USA","Estados Unidos","2003","56505.44688","77.13690"
"USA","Estados Unidos","2004","58139.08202","77.53500"
"USA","Estados Unidos","2005","59612.39072","77.52640"
"USA","Estados Unidos","2006","60684.33998","77.79760"
"USA","Estados Unidos","2007","61314.45208","78.04710"
"USA","Estados Unidos","2008","60806.22387","78.12730"
"USA","Estados Unidos","2009","58722.49677","78.47580"
"USA","Estados Unidos","2010","59797.07365","78.66810"
"USA","Estados Unidos","2011","60253.20358","78.70230"
"USA","Estados Unidos","2012","61142.36370","78.81690"
"USA","Estados Unidos","2013","61966.66214","78.81750"
"USA","Estados Unidos","2014","63026.87792","78.87850"
"USA","Estados Unidos","2015","64367.71889","78.72190"
"USA","Estados Unidos","2016","65025.98560","78.68600"
"USA","Estados Unidos","2017","66164.03200","78.64830"
"USA","Estados Unidos","2018","67728.44249","78.79970"
"USA","Estados Unidos","2019","69121.45800","78.91600"
"USA","Estados Unidos","2020","67406.83113","77.01150"
"USA","Estados Unidos","2021","71441.23198","76.38360"
"USA","Estados Unidos","2022","72828.74309","77.97890"
"USA","Estados Unidos","2023","74351.67182","79.30430"
"EST","Estonia","1990","19161.44516","69.91730"
"EST","Estonia","1991","17717.30523","69.79470"
"EST","Estonia","1992","14223.90757","69.15920"
"EST","Estonia","1993","13757.01556","68.22170"
"EST","Estonia","1994","13823.55660","66.74410"
"EST","Estonia","1995","14709.59981","67.81430"
"EST","Estonia","1996","15666.13305","70.03140"
"EST","Estonia","1997","17913.78700","70.24380"
"EST","Estonia","1998","18871.61968","69.84040"
"EST","Estonia","1999","18736.15453","70.68070"
"EST","Estonia","2000","20526.66064","71.01420"
"EST","Estonia","2001","21872.65940","70.83360"
"EST","Estonia","2002","23537.71568","71.36370"
"EST","Estonia","2003","25485.16130","71.92300"
"EST","Estonia","2004","27381.53506","72.37510"
"EST","Estonia","2005","30161.19961","73.02760"
"EST","Estonia","2006","33301.49455","73.19950"
"EST","Estonia","2007","35986.51613","73.15340"
"EST","Estonia","2008","34233.76438","74.27870"
"EST","Estonia","2009","29281.67983","75.15190"
"EST","Estonia","2010","30067.50104","75.88160"
"EST","Estonia","2011","32453.10085","76.34620"
"EST","Estonia","2012","33765.43021","76.41590"
"EST","Estonia","2013","34481.01489","77.25200"
"EST","Estonia","2014","35720.30253","77.11040"
"EST","Estonia","2015","36353.05805","77.66500"
"EST","Estonia","2016","37466.55618","77.76310"
"EST","Estonia","2017","39529.78597","78.18140"
"EST","Estonia","2018","40849.84735","78.33390"
"EST","Estonia","2019","42215.03438","78.77280"
"EST","Estonia","2020","40916.71941","78.89290"
"EST","Estonia","2021","44247.41990","77.40950"
"EST","Estonia","2022","43124.61966","78.16740"
"EST","Estonia","2023","41284.77469","79.15350"
"SWZ","Eswatini","1990","5447.73900","61.16750"
"SWZ","Eswatini","1991","5325.35246","60.39240"
"SWZ","Eswatini","1992","5291.89629","59.28380"
"SWZ","Eswatini","1993","5299.53230","58.09170"
"SWZ","Eswatini","1994","5427.35002","56.64330"
"SWZ","Eswatini","1995","5693.82195","55.07950"
"SWZ","Eswatini","1996","5796.65255","53.29560"
"SWZ","Eswatini","1997","5876.80342","51.69850"
"SWZ","Eswatini","1998","5952.85423","50.06570"
"SWZ","Eswatini","1999","6062.34806","48.80760"
"SWZ","Eswatini","2000","6106.07479","47.62730"
"SWZ","Eswatini","2001","6135.45300","46.34420"
"SWZ","Eswatini","2002","6335.81352","45.37990"
"SWZ","Eswatini","2003","6578.30153","44.63210"
"SWZ","Eswatini","2004","6775.22174","43.90640"
"SWZ","Eswatini","2005","7142.19219","43.95810"
"SWZ","Eswatini","2006","7584.72031","44.56280"
"SWZ","Eswatini","2007","7866.73073","45.16040"
"SWZ","Eswatini","2008","7926.37961","45.85270"
"SWZ","Eswatini","2009","7988.59750","46.91260"
"SWZ","Eswatini","2010","8245.64153","48.33100"
"SWZ","Eswatini","2011","8350.89191","49.05680"
"SWZ","Eswatini","2012","8645.84478","50.71430"
"SWZ","Eswatini","2013","8951.05750","52.11020"
"SWZ","Eswatini","2014","9084.49406","53.49130"
"SWZ","Eswatini","2015","9186.65345","54.94070"
"SWZ","Eswatini","2016","9402.50834","56.22840"
"SWZ","Eswatini","2017","9660.55162","57.57420"
"SWZ","Eswatini","2018","9578.10061","58.70720"
"SWZ","Eswatini","2019","10099.58631","59.84960"
"SWZ","Eswatini","2020","9695.82498","59.86180"
"SWZ","Eswatini","2021","9990.43492","58.22840"
"SWZ","Eswatini","2022","9927.60567","63.02830"
"SWZ","Eswatini","2023","10181.50407","64.12270"
"ETH","Etiopía","1990","874.34694","45.11660"
"ETH","Etiopía","1991","777.52357","46.65650"
"ETH","Etiopía","1992","680.83477","47.27880"
"ETH","Etiopía","1993","743.70849","47.67570"
"ETH","Etiopía","1994","741.17662","47.92560"
"ETH","Etiopía","1995","760.26435","48.15620"
"ETH","Etiopía","1996","826.99166","48.69740"
"ETH","Etiopía","1997","826.00522","49.21000"
"ETH","Etiopía","1998","772.78665","49.78540"
"ETH","Etiopía","1999","787.67958","49.48570"
"ETH","Etiopía","2000","810.27075","50.88020"
"ETH","Etiopía","2001","851.31343","51.42760"
"ETH","Etiopía","2002","838.29805","52.08510"
"ETH","Etiopía","2003","795.77214","52.87730"
"ETH","Etiopía","2004","877.11449","53.73490"
"ETH","Etiopía","2005","952.11567","54.36400"
"ETH","Etiopía","2006","1024.72912","55.40170"
"ETH","Etiopía","2007","1109.14330","56.56650"
"ETH","Etiopía","2008","1193.74728","57.73250"
"ETH","Etiopía","2009","1262.46398","58.71500"
"ETH","Etiopía","2010","1381.19045","59.70940"
"ETH","Etiopía","2011","1492.53396","60.59470"
"ETH","Etiopía","2012","1576.76876","61.44260"
"ETH","Etiopía","2013","1696.86516","62.16130"
"ETH","Etiopía","2014","1821.39162","62.92720"
"ETH","Etiopía","2015","1957.41454","63.59200"
"ETH","Etiopía","2016","2084.84056","64.16240"
"ETH","Etiopía","2017","2222.82824","64.76590"
"ETH","Etiopía","2018","2311.16512","65.25730"
"ETH","Etiopía","2019","2437.97046","65.74130"
"ETH","Etiopía","2020","2516.54908","65.96880"
"ETH","Etiopía","2021","2588.41310","65.32990"
"ETH","Etiopía","2022","2655.59277","66.89710"
"ETH","Etiopía","2023","2757.95924","67.31500"
"FJI","Fiji","1990","7820.71719","65.05600"
"FJI","Fiji","1991","7547.67823","65.45680"
"FJI","Fiji","1992","7950.06641","65.40740"
"FJI","Fiji","1993","8067.80452","65.51030"
"FJI","Fiji","1994","8432.29830","65.79580"
"FJI","Fiji","1995","8600.09282","66.00700"
"FJI","Fiji","1996","8956.35015","66.20180"
"FJI","Fiji","1997","8669.25171","66.29270"
"FJI","Fiji","1998","8673.87812","66.53640"
"FJI","Fiji","1999","9328.60660","66.72800"
"FJI","Fiji","2000","9070.99318","66.19370"
"FJI","Fiji","2001","9157.80845","66.20470"
"FJI","Fiji","2002","9357.75383","65.49230"
"FJI","Fiji","2003","9361.46417","65.65310"
"FJI","Fiji","2004","9766.52775","65.84050"
"FJI","Fiji","2005","9745.58144","65.98260"
"FJI","Fiji","2006","9837.08587","66.12580"
"FJI","Fiji","2007","9672.29020","66.16120"
"FJI","Fiji","2008","9711.96604","66.31990"
"FJI","Fiji","2009","9536.81722","66.34660"
"FJI","Fiji","2010","9784.30360","66.77820"
"FJI","Fiji","2011","10020.69575","66.88030"
"FJI","Fiji","2012","10140.69359","65.81210"
"FJI","Fiji","2013","10604.15591","66.54460"
"FJI","Fiji","2014","11183.31353","66.58080"
"FJI","Fiji","2015","11674.06337","66.47980"
"FJI","Fiji","2016","11951.91967","66.65700"
"FJI","Fiji","2017","12597.32749","67.05960"
"FJI","Fiji","2018","13100.09594","66.96450"
"FJI","Fiji","2019","13056.33109","67.00880"
"FJI","Fiji","2020","10812.03550","66.92400"
"FJI","Fiji","2021","10322.42796","64.90390"
"FJI","Fiji","2022","12118.31827","67.14810"
"FJI","Fiji","2023","13194.80476","67.31570"
"PHL","Filipinas","1990","4504.46230","64.38250"
"PHL","Filipinas","1991","4378.39532","64.62240"
"PHL","Filipinas","1992","4293.71810","65.35300"
"PHL","Filipinas","1993","4283.15968","65.66140"
"PHL","Filipinas","1994","4374.06722","65.99980"
"PHL","Filipinas","1995","4477.32318","66.31100"
"PHL","Filipinas","1996","4631.77198","66.69100"
"PHL","Filipinas","1997","4758.70846","66.99390"
"PHL","Filipinas","1998","4616.67293","67.21220"
"PHL","Filipinas","1999","4650.75927","67.50270"
"PHL","Filipinas","2000","4740.43892","67.78920"
"PHL","Filipinas","2001","4778.40084","67.82860"
"PHL","Filipinas","2002","4856.49948","67.88600"
"PHL","Filipinas","2003","5003.38318","68.04910"
"PHL","Filipinas","2004","5229.45081","68.30070"
"PHL","Filipinas","2005","5386.81654","68.42310"
"PHL","Filipinas","2006","5578.57225","68.17230"
"PHL","Filipinas","2007","5840.06810","68.54900"
"PHL","Filipinas","2008","5987.03758","68.64320"
"PHL","Filipinas","2009","5965.30731","68.63110"
"PHL","Filipinas","2010","6273.03928","68.88330"
"PHL","Filipinas","2011","6388.31297","69.09630"
"PHL","Filipinas","2012","6697.55621","69.23750"
"PHL","Filipinas","2013","7016.53846","69.28280"
"PHL","Filipinas","2014","7340.36159","69.31060"
"PHL","Filipinas","2015","7691.76309","69.45010"
"PHL","Filipinas","2016","8131.82538","69.48960"
"PHL","Filipinas","2017","8584.13623","69.96610"
"PHL","Filipinas","2018","9016.28660","69.76150"
"PHL","Filipinas","2019","9452.29397","69.68040"
"PHL","Filipinas","2020","8455.18457","70.09740"
"PHL","Filipinas","2021","8857.78995","66.67550"
"PHL","Filipinas","2022","9457.10395","69.47230"
"PHL","Filipinas","2023","9898.53295","69.83270"
"FIN","Finlandia","1990","38807.11852","74.98920"
"FIN","Finlandia","1991","36326.08289","75.40690"
"FIN","Finlandia","1992","34926.38336","75.64690"
"FIN","Finlandia","1993","34486.75226","75.88480"
"FIN","Finlandia","1994","35699.72031","76.57470"
"FIN","Finlandia","1995","37069.62898","76.60370"
"FIN","Finlandia","1996","38301.51262","76.86950"
"FIN","Finlandia","1997","40630.92177","77.06410"
"FIN","Finlandia","1998","42733.44557","77.25920"
"FIN","Finlandia","1999","44505.71148","77.45070"
"FIN","Finlandia","2000","46968.84171","77.67130"
"FIN","Finlandia","2001","48099.30143","78.14230"
"FIN","Finlandia","2002","48792.48648","78.27000"
"FIN","Finlandia","2003","49655.54516","78.53340"
"FIN","Finlandia","2004","51494.70586","78.84580"
"FIN","Finlandia","2005","52744.04803","78.97110"
"FIN","Finlandia","2006","54653.98120","79.37300"
"FIN","Finlandia","2007","57313.29165","79.39110"
"FIN","Finlandia","2008","57494.58535","79.69500"
"FIN","Finlandia","2009","52599.14871","79.83100"
"FIN","Finlandia","2010","54017.94586","80.01160"
"FIN","Finlandia","2011","55053.39069","80.39160"
"FIN","Finlandia","2012","53957.66810","80.50760"
"FIN","Finlandia","2013","53183.42867","80.86900"
"FIN","Finlandia","2014","52710.73349","81.05460"
"FIN","Finlandia","2015","52782.48739","81.37750"
"FIN","Finlandia","2016","53984.63163","81.30290"
"FIN","Finlandia","2017","55637.22628","81.49670"
"FIN","Finlandia","2018","56226.33724","81.62650"
"FIN","Finlandia","2019","56922.48732","81.86430"
"FIN","Finlandia","2020","55424.85750","81.82190"
"FIN","Finlandia","2021","56790.37662","81.81370"
"FIN","Finlandia","2022","57068.30565","81.24350"
"FIN","Finlandia","2023","56051.77011","81.91020"
"FRA","Francia","1990","38655.88568","76.83510"
"FRA","Francia","1991","38937.95225","77.01620"
"FRA","Francia","1992","39331.90419","77.29730"
"FRA","Francia","1993","39020.61416","77.34880"
"FRA","Francia","1994","39801.38890","77.76810"
"FRA","Francia","1995","40570.71696","77.87150"
"FRA","Francia","1996","40990.73951","78.06130"
"FRA","Francia","1997","41876.93303","78.42460"
"FRA","Francia","1998","43162.54239","78.58790"
"FRA","Francia","1999","44400.13579","78.74570"
"FRA","Francia","2000","45922.47894","79.04380"
"FRA","Francia","2001","46454.87069","79.22080"
"FRA","Francia","2002","46610.78207","79.41090"
"FRA","Francia","2003","46730.97581","79.41900"
"FRA","Francia","2004","47720.44134","80.33630"
"FRA","Francia","2005","48257.46509","80.33670"
"FRA","Francia","2006","49223.24720","80.74490"
"FRA","Francia","2007","50157.78375","80.96020"
"FRA","Francia","2008","50068.29691","81.03920"
"FRA","Francia","2009","48404.96578","81.16350"
"FRA","Francia","2010","49130.42294","81.40470"
"FRA","Francia","2011","50085.68298","81.78100"
"FRA","Francia","2012","49935.62691","81.73900"
"FRA","Francia","2013","50066.53043","81.97860"
"FRA","Francia","2014","50326.56786","82.43660"
"FRA","Francia","2015","50682.89536","82.14870"
"FRA","Francia","2016","50984.07530","82.40080"
"FRA","Francia","2017","51895.56630","82.43850"
"FRA","Francia","2018","52560.95362","82.56820"
"FRA","Francia","2019","53448.55488","82.73040"
"FRA","Francia","2020","49311.33341","82.19930"
"FRA","Francia","2021","52517.33549","82.32160"
"FRA","Francia","2022","53673.81374","82.47530"
"FRA","Francia","2023","54296.72309","83.32530"
"GAB","Gabón","1990","23884.81070","60.73550"
"GAB","Gabón","1991","24665.67923","60.89080"
"GAB","Gabón","1992","23268.99747","61.01340"
"GAB","Gabón","1993","23551.68125","61.12480"
"GAB","Gabón","1994","23794.31493","61.18300"
"GAB","Gabón","1995","24344.18574","61.26960"
"GAB","Gabón","1996","24595.97196","61.26480"
"GAB","Gabón","1997","25359.65966","61.39550"
"GAB","Gabón","1998","25585.50780","61.50600"
"GAB","Gabón","1999","22713.71444","61.65800"
"GAB","Gabón","2000","21717.22408","61.80980"
"GAB","Gabón","2001","21604.78044","61.98180"
"GAB","Gabón","2002","20981.47986","62.17520"
"GAB","Gabón","2003","20875.45493","62.46270"
"GAB","Gabón","2004","20438.93071","62.69440"
"GAB","Gabón","2005","20385.28999","62.97800"
"GAB","Gabón","2006","19224.12687","63.25890"
"GAB","Gabón","2007","19751.87622","63.61860"
"GAB","Gabón","2008","18493.09211","64.01090"
"GAB","Gabón","2009","17911.14585","64.36120"
"GAB","Gabón","2010","18530.57609","64.71480"
"GAB","Gabón","2011","19153.08782","65.10160"
"GAB","Gabón","2012","19450.40271","65.43840"
"GAB","Gabón","2013","19836.45549","65.75060"
"GAB","Gabón","2014","20008.98998","66.06980"
"GAB","Gabón","2015","20147.71162","66.33610"
"GAB","Gabón","2016","19988.17560","66.58320"
"GAB","Gabón","2017","19555.70788","66.81630"
"GAB","Gabón","2018","19225.59826","67.04260"
"GAB","Gabón","2019","19491.40676","67.33690"
"GAB","Gabón","2020","18681.48407","67.07250"
"GAB","Gabón","2021","18523.57980","67.07150"
"GAB","Gabón","2022","18662.04980","67.71300"
"GAB","Gabón","2023","18701.42278","68.33670"
"GMB","Gambia","1990","2653.78291","51.27820"
"GMB","Gambia","1991","2623.64162","51.85740"
"GMB","Gambia","1992","2604.26903","52.47710"
"GMB","Gambia","1993","2586.13042","53.15030"
"GMB","Gambia","1994","2508.10392","53.76760"
"GMB","Gambia","1995","2456.00078","54.29230"
"GMB","Gambia","1996","2439.04552","54.84930"
"GMB","Gambia","1997","2486.93798","55.22540"
"GMB","Gambia","1998","2502.76477","56.00740"
"GMB","Gambia","1999","2589.97774","56.46570"
"GMB","Gambia","2000","2658.61771","56.89940"
"GMB","Gambia","2001","2737.69611","57.28320"
"GMB","Gambia","2002","2578.55715","57.73610"
"GMB","Gambia","2003","2682.47993","58.22320"
"GMB","Gambia","2004","2794.19353","58.74910"
"GMB","Gambia","2005","2653.64239","59.10980"
"GMB","Gambia","2006","2564.68654","59.66700"
"GMB","Gambia","2007","2567.15729","60.00140"
"GMB","Gambia","2008","2649.61120","60.47340"
"GMB","Gambia","2009","2745.32541","60.73480"
"GMB","Gambia","2010","2824.21259","61.16750"
"GMB","Gambia","2011","2519.83983","61.56120"
"GMB","Gambia","2012","2574.93510","61.90000"
"GMB","Gambia","2013","2572.44729","62.25250"
"GMB","Gambia","2014","2465.10971","62.57590"
"GMB","Gambia","2015","2495.95742","62.97130"
"GMB","Gambia","2016","2478.46056","63.38620"
"GMB","Gambia","2017","2533.18684","63.70760"
"GMB","Gambia","2018","2651.43281","64.03390"
"GMB","Gambia","2019","2750.82132","64.42750"
"GMB","Gambia","2020","2702.31919","64.41830"
"GMB","Gambia","2021","2777.79621","63.84750"
"GMB","Gambia","2022","2863.18050","64.85900"
"GMB","Gambia","2023","2963.59873","65.86030"
"GEO","Georgia","1990","12917.09443","68.67870"
"GEO","Georgia","1991","10120.16289","68.20220"
"GEO","Georgia","1992","5533.21082","67.78010"
"GEO","Georgia","1993","3882.02030","67.40520"
"GEO","Georgia","1994","3532.32008","68.66920"
"GEO","Georgia","1995","3762.81154","69.39820"
"GEO","Georgia","1996","4339.00467","70.63700"
"GEO","Georgia","1997","4951.81292","69.68320"
"GEO","Georgia","1998","5233.28838","69.78690"
"GEO","Georgia","1999","5495.24505","70.01160"
"GEO","Georgia","2000","5706.27237","70.09090"
"GEO","Georgia","2001","6074.08643","70.37050"
"GEO","Georgia","2002","6464.32540","70.43800"
"GEO","Georgia","2003","7227.73706","71.37660"
"GEO","Georgia","2004","7693.91525","71.01150"
"GEO","Georgia","2005","8485.58671","70.68950"
"GEO","Georgia","2006","9337.98906","70.98290"
"GEO","Georgia","2007","10567.27472","70.98520"
"GEO","Georgia","2008","10856.10313","70.94940"
"GEO","Georgia","2009","10553.08964","71.05780"
"GEO","Georgia","2010","11294.36859","71.73180"
"GEO","Georgia","2011","12288.68289","72.48460"
"GEO","Georgia","2012","13193.95970","72.67210"
"GEO","Georgia","2013","13913.00182","73.02470"
"GEO","Georgia","2014","14475.31354","73.10510"
"GEO","Georgia","2015","14936.84341","73.24100"
"GEO","Georgia","2016","15442.95644","73.13580"
"GEO","Georgia","2017","16237.62422","73.43470"
"GEO","Georgia","2018","17228.67908","73.98470"
"GEO","Georgia","2019","18186.88165","74.16490"
"GEO","Georgia","2020","17031.14403","73.50940"
"GEO","Georgia","2021","18915.65340","71.63530"
"GEO","Georgia","2022","20966.52804","74.14090"
"GEO","Georgia","2023","22590.52936","74.49650"
"GHA","Ghana","1990","2785.67114","55.39490"
"GHA","Ghana","1991","2859.82702","55.72200"
"GHA","Ghana","1992","2897.83543","56.05540"
"GHA","Ghana","1993","2964.26601","56.28620"
"GHA","Ghana","1994","2989.34731","56.23390"
"GHA","Ghana","1995","3039.68873","56.66200"
"GHA","Ghana","1996","3106.18555","56.95680"
"GHA","Ghana","1997","3160.44504","57.24140"
"GHA","Ghana","1998","3229.48228","57.52450"
"GHA","Ghana","1999","3290.26865","57.83540"
"GHA","Ghana","2000","3327.35199","58.13920"
"GHA","Ghana","2001","3369.50703","58.40300"
"GHA","Ghana","2002","3425.61821","58.70860"
"GHA","Ghana","2003","3507.75106","59.01410"
"GHA","Ghana","2004","3607.36522","59.31590"
"GHA","Ghana","2005","3721.30786","59.63810"
"GHA","Ghana","2006","3857.86155","59.97530"
"GHA","Ghana","2007","3923.12568","60.28220"
"GHA","Ghana","2008","4174.78124","60.57850"
"GHA","Ghana","2009","4269.16006","60.92780"
"GHA","Ghana","2010","4495.68917","61.29740"
"GHA","Ghana","2011","5005.36732","61.61690"
"GHA","Ghana","2012","5339.71322","61.99540"
"GHA","Ghana","2013","5593.77482","62.39690"
"GHA","Ghana","2014","5619.07234","62.83210"
"GHA","Ghana","2015","5607.36636","63.17490"
"GHA","Ghana","2016","5666.07795","63.52160"
"GHA","Ghana","2017","5993.63085","63.82900"
"GHA","Ghana","2018","6234.51208","64.13820"
"GHA","Ghana","2019","6508.24652","64.45540"
"GHA","Ghana","2020","6412.68542","64.30890"
"GHA","Ghana","2021","6607.50297","64.28620"
"GHA","Ghana","2022","6728.45414","65.24600"
"GHA","Ghana","2023","6808.53775","65.49790"
"GRD","Granada","1990","8883.91902","70.54640"
"GRD","Granada","1991","8932.30360","70.82330"
"GRD","Granada","1992","8785.75882","71.12490"
"GRD","Granada","1993","8548.03860","71.45000"
"GRD","Granada","1994","8629.08629","71.78000"
"GRD","Granada","1995","8750.81832","72.09360"
"GRD","Granada","1996","9076.71903","72.37300"
"GRD","Granada","1997","9467.77705","72.60040"
"GRD","Granada","1998","10509.10981","72.76220"
"GRD","Granada","1999","11158.48973","72.87250"
"GRD","Granada","2000","11625.05094","72.95470"
"GRD","Granada","2001","11333.23771","73.03360"
"GRD","Granada","2002","11677.70342","73.14240"
"GRD","Granada","2003","12726.52662","73.29070"
"GRD","Granada","2004","12593.35463","72.44680"
"GRD","Granada","2005","14211.84266","73.70030"
"GRD","Granada","2006","13594.35516","73.93020"
"GRD","Granada","2007","14376.28245","74.15880"
"GRD","Granada","2008","14463.56001","74.37450"
"GRD","Granada","2009","13463.58029","74.56700"
"GRD","Granada","2010","13354.90850","74.73080"
"GRD","Granada","2011","13397.85004","74.86080"
"GRD","Granada","2012","13161.39553","74.96070"
"GRD","Granada","2013","13386.31891","75.02210"
"GRD","Granada","2014","14287.95387","75.04490"
"GRD","Granada","2015","15136.69667","75.03750"
"GRD","Granada","2016","15640.82745","75.00990"
"GRD","Granada","2017","16291.48946","74.97660"
"GRD","Granada","2018","16964.85200","74.95690"
"GRD","Granada","2019","17036.91517","74.97110"
"GRD","Granada","2020","14647.74514","75.01900"
"GRD","Granada","2021","15290.25090","74.52210"
"GRD","Granada","2022","16376.42731","75.15080"
"GRD","Granada","2023","17093.15629","75.20520"
"GRC","Grecia","1990","26916.31252","77.29860"
"GRC","Grecia","1991","27419.60293","77.38600"
"GRC","Grecia","1992","27401.42400","77.30610"
"GRC","Grecia","1993","26804.85376","77.69100"
"GRC","Grecia","1994","27204.39587","77.85790"
"GRC","Grecia","1995","27646.14764","77.89300"
"GRC","Grecia","1996","27905.10657","78.03640"
"GRC","Grecia","1997","28768.24015","78.39910"
"GRC","Grecia","1998","29592.52548","78.30270"
"GRC","Grecia","1999","30263.05437","78.42330"
"GRC","Grecia","2000","31386.63978","78.44200"
"GRC","Grecia","2001","32675.92923","78.90870"
"GRC","Grecia","2002","34081.02898","79.03050"
"GRC","Grecia","2003","35970.70168","79.08480"
"GRC","Grecia","2004","37811.49137","79.35030"
"GRC","Grecia","2005","38146.96297","79.65050"
"GRC","Grecia","2006","40483.15692","79.76050"
"GRC","Grecia","2007","41796.23369","79.66150"
"GRC","Grecia","2008","41709.38774","80.10470"
"GRC","Grecia","2009","39886.21355","80.36770"
"GRC","Grecia","2010","37566.74837","80.57270"
"GRC","Grecia","2011","33906.49174","80.62480"
"GRC","Grecia","2012","31250.22686","80.42210"
"GRC","Grecia","2013","30762.44322","81.06700"
"GRC","Grecia","2014","31213.37651","81.12030"
"GRC","Grecia","2015","31347.97657","80.78940"
"GRC","Grecia","2016","31468.61985","81.26920"
"GRC","Grecia","2017","31995.41088","80.96140"
"GRC","Grecia","2018","32722.33104","81.49540"
"GRC","Grecia","2019","33502.75065","81.34870"
"GRC","Grecia","2020","30487.11293","81.53610"
"GRC","Grecia","2021","33528.22712","80.53120"
"GRC","Grecia","2022","35828.17566","79.94410"
"GRC","Grecia","2023","36700.51346","81.85680"
"GRL","Groenlandia","1990","38137.56849","63.23970"
"GRL","Groenlandia","1991","38162.93422","63.51420"
"GRL","Groenlandia","1992","36343.12572","63.79240"
"GRL","Groenlandia","1993","34578.34650","64.07940"
"GRL","Groenlandia","1994","36428.91240","63.91290"
"GRL","Groenlandia","1995","37584.07191","64.15690"
"GRL","Groenlandia","1996","38090.70900","64.33060"
"GRL","Groenlandia","1997","38581.21519","64.48720"
"GRL","Groenlandia","1998","41500.23127","64.65890"
"GRL","Groenlandia","1999","42072.05650","65.12130"
"GRL","Groenlandia","2000","44991.67515","65.63130"
"GRL","Groenlandia","2001","45405.85437","66.27270"
"GRL","Groenlandia","2002","44793.27043","67.00720"
"GRL","Groenlandia","2003","46649.04808","67.61740"
"GRL","Groenlandia","2004","49742.05823","67.54550"
"GRL","Groenlandia","2005","52189.00149","67.76930"
"GRL","Groenlandia","2006","55243.71028","68.14360"
"GRL","Groenlandia","2007","56763.23873","68.33850"
"GRL","Groenlandia","2008","60506.19463","68.40020"
"GRL","Groenlandia","2009","61035.56730","68.37860"
"GRL","Groenlandia","2010","61863.28269","68.45480"
"GRL","Groenlandia","2011","61170.92037","68.79380"
"GRL","Groenlandia","2012","62111.10331","69.35160"
"GRL","Groenlandia","2013","61659.64152","69.80140"
"GRL","Groenlandia","2014","64799.30566","70.08610"
"GRL","Groenlandia","2015","63364.05361","70.23410"
"GRL","Groenlandia","2016","66245.72947","70.38660"
"GRL","Groenlandia","2017","66297.17907","70.38610"
"GRL","Groenlandia","2018","66887.67793","70.35400"
"GRL","Groenlandia","2019","68534.94190","70.25730"
"GRL","Groenlandia","2020","68533.73399","70.15580"
"GRL","Groenlandia","2021","69302.00888","70.04890"
"GRL","Groenlandia","2022","70681.22539","70.05190"
"GRL","Groenlandia","2023","71037.53722","70.05500"
"GTM","Guatemala","1990","7594.73215","61.76730"
"GTM","Guatemala","1991","7662.17100","61.92560"
"GTM","Guatemala","1992","7822.26344","61.99220"
"GTM","Guatemala","1993","7915.41060","62.44210"
"GTM","Guatemala","1994","8018.28331","63.02640"
"GTM","Guatemala","1995","8195.34971","63.66190"
"GTM","Guatemala","1996","8222.06920","64.53960"
"GTM","Guatemala","1997","8364.16519","65.24890"
"GTM","Guatemala","1998","8559.99026","65.96880"
"GTM","Guatemala","1999","8668.43100","66.63420"
"GTM","Guatemala","2000","8770.40815","67.10180"
"GTM","Guatemala","2001","8771.15927","67.43650"
"GTM","Guatemala","2002","8901.54046","67.83450"
"GTM","Guatemala","2003","8926.15772","68.20410"
"GTM","Guatemala","2004","9003.86136","68.24480"
"GTM","Guatemala","2005","9099.72751","68.16700"
"GTM","Guatemala","2006","9386.00550","68.79020"
"GTM","Guatemala","2007","9772.80992","69.29930"
"GTM","Guatemala","2008","9889.57668","69.49290"
"GTM","Guatemala","2009","9740.71388","69.67640"
"GTM","Guatemala","2010","9825.02223","69.88500"
"GTM","Guatemala","2011","10032.09328","70.32140"
"GTM","Guatemala","2012","10126.83306","70.72250"
"GTM","Guatemala","2013","10297.83930","70.87800"
"GTM","Guatemala","2014","10553.56399","70.94240"
"GTM","Guatemala","2015","10785.95831","70.91480"
"GTM","Guatemala","2016","10872.59389","71.21500"
"GTM","Guatemala","2017","11005.45929","71.58290"
"GTM","Guatemala","2018","11192.37192","71.49640"
"GTM","Guatemala","2019","11466.37649","71.63940"
"GTM","Guatemala","2020","11097.15039","69.97070"
"GTM","Guatemala","2021","11825.14127","67.85820"
"GTM","Guatemala","2022","12144.48005","71.20640"
"GTM","Guatemala","2023","12380.37151","72.60230"
"GIN","Guinea","1990","2105.74729","47.25180"
"GIN","Guinea","1991","2075.99194","47.78130"
"GIN","Guinea","1992","2076.55063","48.26620"
"GIN","Guinea","1993","2115.86650","48.81850"
"GIN","Guinea","1994","2134.89769","49.18840"
"GIN","Guinea","1995","2171.72552","49.83590"
"GIN","Guinea","1996","2205.32363","50.54580"
"GIN","Guinea","1997","2272.41100","51.11340"
"GIN","Guinea","1998","2311.32735","51.60990"
"GIN","Guinea","1999","2346.27018","51.98710"
"GIN","Guinea","2000","2358.28766","52.41970"
"GIN","Guinea","2001","2412.75162","52.66900"
"GIN","Guinea","2002","2498.13177","53.20020"
"GIN","Guinea","2003","2473.23418","53.58910"
"GIN","Guinea","2004","2477.50283","53.97480"
"GIN","Guinea","2005","2501.22160","54.42170"
"GIN","Guinea","2006","2478.61320","54.87530"
"GIN","Guinea","2007","2587.00489","55.23310"
"GIN","Guinea","2008","2629.53975","55.70340"
"GIN","Guinea","2009","2537.30646","56.05200"
"GIN","Guinea","2010","2594.83050","56.43050"
"GIN","Guinea","2011","2673.40873","56.77760"
"GIN","Guinea","2012","2762.90351","57.11690"
"GIN","Guinea","2013","2802.56007","57.45880"
"GIN","Guinea","2014","2834.96634","57.58150"
"GIN","Guinea","2015","2869.85157","57.89860"
"GIN","Guinea","2016","3099.78874","58.49000"
"GIN","Guinea","2017","3332.76576","58.71510"
"GIN","Guinea","2018","3455.64513","59.04340"
"GIN","Guinea","2019","3557.46234","59.37850"
"GIN","Guinea","2020","3630.99331","59.34990"
"GIN","Guinea","2021","3738.80513","59.37280"
"GIN","Guinea","2022","3792.01069","60.43160"
"GIN","Guinea","2023","3904.82396","60.74050"
"GNQ","Guinea Ecuatorial","1990","1122.81767","51.39650"
"GNQ","Guinea Ecuatorial","1991","1070.82764","51.49710"
"GNQ","Guinea Ecuatorial","1992","1390.47918","51.57920"
"GNQ","Guinea Ecuatorial","1993","1487.81203","51.67130"
"GNQ","Guinea Ecuatorial","1994","1672.34548","51.78510"
"GNQ","Guinea Ecuatorial","1995","1892.11653","51.92610"
"GNQ","Guinea Ecuatorial","1996","3033.84031","52.12270"
"GNQ","Guinea Ecuatorial","1997","7296.10010","52.36480"
"GNQ","Guinea Ecuatorial","1998","8684.65731","52.64640"
"GNQ","Guinea Ecuatorial","1999","10492.46495","53.00130"
"GNQ","Guinea Ecuatorial","2000","11767.47088","53.39520"
"GNQ","Guinea Ecuatorial","2001","18031.96498","53.82710"
"GNQ","Guinea Ecuatorial","2002","20242.43097","54.32350"
"GNQ","Guinea Ecuatorial","2003","21709.57512","54.79130"
"GNQ","Guinea Ecuatorial","2004","28225.98582","55.30660"
"GNQ","Guinea Ecuatorial","2005","31302.95795","55.76590"
"GNQ","Guinea Ecuatorial","2006","32251.76801","56.35380"
"GNQ","Guinea Ecuatorial","2007","35540.44776","56.85700"
"GNQ","Guinea Ecuatorial","2008","39994.61598","57.38410"
"GNQ","Guinea Ecuatorial","2009","38706.60525","57.88100"
"GNQ","Guinea Ecuatorial","2010","33668.87407","58.34450"
"GNQ","Guinea Ecuatorial","2011","34341.93426","58.82680"
"GNQ","Guinea Ecuatorial","2012","35711.49193","59.30110"
"GNQ","Guinea Ecuatorial","2013","32894.36932","59.78400"
"GNQ","Guinea Ecuatorial","2014","31765.89971","60.22790"
"GNQ","Guinea Ecuatorial","2015","27797.79428","60.63470"
"GNQ","Guinea Ecuatorial","2016","24435.06456","61.08100"
"GNQ","Guinea Ecuatorial","2017","22250.43892","61.48080"
"GNQ","Guinea Ecuatorial","2018","20165.47956","61.91510"
"GNQ","Guinea Ecuatorial","2019","18446.59166","62.29650"
"GNQ","Guinea Ecuatorial","2020","17089.15373","62.14080"
"GNQ","Guinea Ecuatorial","2021","16821.44865","62.44680"
"GNQ","Guinea Ecuatorial","2022","16932.77068","63.35450"
"GNQ","Guinea Ecuatorial","2023","15302.15178","63.70710"
"GNB","Guinea-Bissau","1990","1968.09061","46.89040"
"GNB","Guinea-Bissau","1991","2024.85377","47.20120"
"GNB","Guinea-Bissau","1992","1987.73914","47.51840"
"GNB","Guinea-Bissau","1993","1963.56225","47.84040"
"GNB","Guinea-Bissau","1994","1964.63002","47.77470"
"GNB","Guinea-Bissau","1995","1999.94474","48.53130"
"GNB","Guinea-Bissau","1996","2185.90345","48.77180"
"GNB","Guinea-Bissau","1997","2284.02577","48.03310"
"GNB","Guinea-Bissau","1998","1738.64947","48.12310"
"GNB","Guinea-Bissau","1999","1992.85255","48.49190"
"GNB","Guinea-Bissau","2000","1974.74466","50.56460"
"GNB","Guinea-Bissau","2001","2025.72675","51.05360"
"GNB","Guinea-Bissau","2002","2054.08977","51.60830"
"GNB","Guinea-Bissau","2003","2002.40207","52.18600"
"GNB","Guinea-Bissau","2004","1979.69783","52.79980"
"GNB","Guinea-Bissau","2005","2060.66663","52.94890"
"GNB","Guinea-Bissau","2006","2065.21228","54.08850"
"GNB","Guinea-Bissau","2007","2065.98984","54.87050"
"GNB","Guinea-Bissau","2008","2105.67394","55.30000"
"GNB","Guinea-Bissau","2009","2103.05813","56.29740"
"GNB","Guinea-Bissau","2010","2164.26824","56.99920"
"GNB","Guinea-Bissau","2011","2278.54752","57.66260"
"GNB","Guinea-Bissau","2012","2180.74339","58.27000"
"GNB","Guinea-Bissau","2013","2192.59279","58.87890"
"GNB","Guinea-Bissau","2014","2156.33644","59.47600"
"GNB","Guinea-Bissau","2015","2230.52993","60.07080"
"GNB","Guinea-Bissau","2016","2293.37861","60.61870"
"GNB","Guinea-Bissau","2017","2342.56111","61.14840"
"GNB","Guinea-Bissau","2018","2373.64936","61.65160"
"GNB","Guinea-Bissau","2019","2442.25868","62.16120"
"GNB","Guinea-Bissau","2020","2456.01139","61.34300"
"GNB","Guinea-Bissau","2021","2522.12869","61.65280"
"GNB","Guinea-Bissau","2022","2600.80247","63.60450"
"GNB","Guinea-Bissau","2023","2660.81445","64.08490"
"GUY","Guyana","1990","5074.43110","62.25380"
"GUY","Guyana","1991","5396.46343","62.46320"
"GUY","Guyana","1992","5799.21836","62.81600"
"GUY","Guyana","1993","6247.86625","63.01610"
"GUY","Guyana","1994","6755.32867","63.00660"
"GUY","Guyana","1995","7071.21280","62.66800"
"GUY","Guyana","1996","7612.30424","62.69090"
"GUY","Guyana","1997","8064.56715","62.87940"
"GUY","Guyana","1998","7915.22956","63.42920"
"GUY","Guyana","1999","8139.97018","63.77150"
"GUY","Guyana","2000","8025.29326","64.07480"
"GUY","Guyana","2001","8212.04322","64.38040"
"GUY","Guyana","2002","8314.02728","64.18320"
"GUY","Guyana","2003","8267.42911","64.11730"
"GUY","Guyana","2004","8404.20016","64.21380"
"GUY","Guyana","2005","8256.52519","64.39200"
"GUY","Guyana","2006","8702.33133","64.84800"
"GUY","Guyana","2007","9354.08018","65.46170"
"GUY","Guyana","2008","9546.70876","65.72110"
"GUY","Guyana","2009","9924.52661","66.02970"
"GUY","Guyana","2010","10374.39476","66.20430"
"GUY","Guyana","2011","10958.85988","66.46880"
"GUY","Guyana","2012","11534.99856","66.44330"
"GUY","Guyana","2013","11896.90699","66.70990"
"GUY","Guyana","2014","12030.05293","67.33430"
"GUY","Guyana","2015","12040.08253","67.71930"
"GUY","Guyana","2016","12420.47247","68.06850"
"GUY","Guyana","2017","12801.64085","68.54310"
"GUY","Guyana","2018","12980.35760","68.82880"
"GUY","Guyana","2019","13402.42195","69.06730"
"GUY","Guyana","2020","19234.13020","67.75100"
"GUY","Guyana","2021","22865.92710","64.32280"
"GUY","Guyana","2022","37068.19938","69.88850"
"GUY","Guyana","2023","49312.36032","70.18020"
"HTI","Haití","1990","3923.22196","53.21540"
"HTI","Haití","1991","3916.43139","53.52410"
"HTI","Haití","1992","3635.13893","54.04140"
"HTI","Haití","1993","3370.99533","54.47790"
"HTI","Haití","1994","2911.49975","54.73120"
"HTI","Haití","1995","3139.26417","55.58160"
"HTI","Haití","1996","3207.74580","56.11120"
"HTI","Haití","1997","3232.95525","56.67490"
"HTI","Haití","1998","3242.45890","57.13730"
"HTI","Haití","1999","3269.39882","57.69230"
"HTI","Haití","2000","3237.53078","58.17490"
"HTI","Haití","2001","3168.14454","58.59140"
"HTI","Haití","2002","3145.03690","59.04110"
"HTI","Haití","2003","3197.93653","59.43980"
"HTI","Haití","2004","3102.54174","58.51650"
"HTI","Haití","2005","3144.56354","60.31820"
"HTI","Haití","2006","3146.26344","60.74040"
"HTI","Haití","2007","3239.25746","61.09020"
"HTI","Haití","2008","3270.41272","61.28010"
"HTI","Haití","2009","3406.29487","61.69450"
"HTI","Haití","2010","3176.50949","45.57680"
"HTI","Haití","2011","3300.87444","61.58120"
"HTI","Haití","2012","3266.43833","62.27350"
"HTI","Haití","2013","3356.83732","62.62450"
"HTI","Haití","2014","3403.57497","62.96890"
"HTI","Haití","2015","3402.02840","63.22390"
"HTI","Haití","2016","3415.58218","63.32470"
"HTI","Haití","2017","3453.97142","63.83230"
"HTI","Haití","2018","3465.25481","64.07660"
"HTI","Haití","2019","3361.75329","64.32810"
"HTI","Haití","2020","3210.53610","63.77300"
"HTI","Haití","2021","3116.56505","62.61300"
"HTI","Haití","2022","3029.77866","63.94830"
"HTI","Haití","2023","2939.12379","64.93560"
"HND","Honduras","1990","1172.07981","65.18250"
"HND","Honduras","1991","1436.05066","65.58420"
"HND","Honduras","1992","1521.94722","65.90780"
"HND","Honduras","1993","1681.08239","66.07440"
"HND","Honduras","1994","2108.27415","66.52340"
"HND","Honduras","1995","2555.02623","66.91900"
"HND","Honduras","1996","3054.15774","67.26270"
"HND","Honduras","1997","3635.98071","67.54180"
"HND","Honduras","1998","3950.83499","62.43160"
"HND","Honduras","1999","4293.82723","68.00490"
"HND","Honduras","2000","4579.68961","68.30180"
"HND","Honduras","2001","4578.94788","68.49060"
"HND","Honduras","2002","4627.02279","68.71410"
"HND","Honduras","2003","4714.86701","68.87410"
"HND","Honduras","2004","4885.34258","69.04980"
"HND","Honduras","2005","5056.67544","69.19820"
"HND","Honduras","2006","5263.15029","69.36410"
"HND","Honduras","2007","5461.90152","69.53880"
"HND","Honduras","2008","5566.70639","69.65720"
"HND","Honduras","2009","5313.75574","69.82340"
"HND","Honduras","2010","5396.07228","69.76970"
"HND","Honduras","2011","5488.43372","70.11600"
"HND","Honduras","2012","5600.60776","70.46050"
"HND","Honduras","2013","5644.13385","70.76480"
"HND","Honduras","2014","5705.16246","71.03160"
"HND","Honduras","2015","5812.53489","71.32300"
"HND","Honduras","2016","5926.49026","71.61520"
"HND","Honduras","2017","6099.60735","71.80460"
"HND","Honduras","2018","6219.27974","72.00050"
"HND","Honduras","2019","6264.01884","72.12380"
"HND","Honduras","2020","5603.26398","70.86400"
"HND","Honduras","2021","6202.98079","69.49240"
"HND","Honduras","2022","6352.58710","72.71510"
"HND","Honduras","2023","6467.88004","72.88420"
"HKG","Hong Kong","1990","31598.72646","77.44810"
"HKG","Hong Kong","1991","33124.64460","77.69260"
"HKG","Hong Kong","1992","34895.73847","77.98810"
"HKG","Hong Kong","1993","36428.52383","78.32710"
"HKG","Hong Kong","1994","37767.18276","78.71770"
"HKG","Hong Kong","1995","37905.64829","79.10590"
"HKG","Hong Kong","1996","37804.07979","79.45440"
"HKG","Hong Kong","1997","39402.57369","79.73160"
"HKG","Hong Kong","1998","36776.36571","80.07230"
"HKG","Hong Kong","1999","37339.89318","80.38900"
"HKG","Hong Kong","2000","39848.55935","80.70450"
"HKG","Hong Kong","2001","39777.82624","80.99200"
"HKG","Hong Kong","2002","40258.14888","81.18000"
"HKG","Hong Kong","2003","41570.56344","81.14220"
"HKG","Hong Kong","2004","44836.17687","81.45490"
"HKG","Hong Kong","2005","47938.85336","81.67520"
"HKG","Hong Kong","2006","50981.72962","81.94690"
"HKG","Hong Kong","2007","53813.02214","82.14380"
"HKG","Hong Kong","2008","54630.32991","82.34030"
"HKG","Hong Kong","2009","53172.28843","82.58630"
"HKG","Hong Kong","2010","56355.40909","82.85920"
"HKG","Hong Kong","2011","58672.80502","83.15970"
"HKG","Hong Kong","2012","59015.31796","83.41580"
"HKG","Hong Kong","2013","60601.61092","83.69550"
"HKG","Hong Kong","2014","61839.80442","83.92710"
"HKG","Hong Kong","2015","62779.75524","84.14700"
"HKG","Hong Kong","2016","63749.42850","84.38030"
"HKG","Hong Kong","2017","65662.85434","84.66250"
"HKG","Hong Kong","2018","66993.95926","84.98660"
"HKG","Hong Kong","2019","65388.33664","85.26320"
"HKG","Hong Kong","2020","61328.53670","84.70730"
"HKG","Hong Kong","2021","65884.93763","85.08160"
"HKG","Hong Kong","2022","64035.64849","83.48530"
"HKG","Hong Kong","2023","64387.66541","85.51060"
"HUN","Hungría","1990","21297.00064","69.37180"
"HUN","Hungría","1991","18765.41625","69.44090"
"HUN","Hungría","1992","18197.53055","69.16720"
"HUN","Hungría","1993","18113.33691","69.18030"
"HUN","Hungría","1994","18672.70724","69.60420"
"HUN","Hungría","1995","18977.24370","69.96890"
"HUN","Hungría","1996","19029.11373","70.59720"
"HUN","Hungría","1997","19635.29496","71.00340"
"HUN","Hungría","1998","20438.38296","70.91860"
"HUN","Hungría","1999","21128.88846","71.04020"
"HUN","Hungría","2000","22117.92043","71.75810"
"HUN","Hungría","2001","23069.21147","72.39440"
"HUN","Hungría","2002","24229.29536","72.50720"
"HUN","Hungría","2003","25255.87113","72.51350"
"HUN","Hungría","2004","26568.11886","72.90600"
"HUN","Hungría","2005","27765.78861","72.86490"
"HUN","Hungría","2006","28903.04754","73.34410"
"HUN","Hungría","2007","29044.06690","73.43140"
"HUN","Hungría","2008","29384.00704","73.95710"
"HUN","Hungría","2009","27445.95946","74.17900"
"HUN","Hungría","2010","27801.83382","74.51890"
"HUN","Hungría","2011","28415.11734","74.92260"
"HUN","Hungría","2012","28179.65646","75.18260"
"HUN","Hungría","2013","28891.02175","75.68270"
"HUN","Hungría","2014","30264.94923","75.84930"
"HUN","Hungría","2015","31485.56754","75.65360"
"HUN","Hungría","2016","32378.96750","76.15690"
"HUN","Hungría","2017","33828.71494","76.00700"
"HUN","Hungría","2018","35798.04128","76.20490"
"HUN","Hungría","2019","37662.67681","76.45460"
"HUN","Hungría","2020","36119.52117","75.73020"
"HUN","Hungría","2021","38887.19095","74.18510"
"HUN","Hungría","2022","40610.97114","76.21180"
"HUN","Hungría","2023","40333.25469","77.02400"
"IND","India","1990","2139.82749","58.61840"
"IND","India","1991","2116.06939","59.03240"
"IND","India","1992","2185.04046","59.44500"
"IND","India","1993","2241.28536","59.82300"
"IND","India","1994","2342.15609","60.23720"
"IND","India","1995","2469.35163","60.62950"
"IND","India","1996","2603.24633","61.02690"
"IND","India","1997","2655.92939","61.43930"
"IND","India","1998","2766.11049","61.85250"
"IND","India","1999","2954.06886","62.28370"
"IND","India","2000","3010.42156","62.74920"
"IND","India","2001","3097.16224","63.15810"
"IND","India","2002","3157.26904","63.64860"
"IND","India","2003","3346.88829","64.08620"
"IND","India","2004","3551.04731","64.48430"
"IND","India","2005","3770.39653","64.93850"
"IND","India","2006","4011.08648","65.37260"
"IND","India","2007","4253.82139","65.80340"
"IND","India","2008","4322.48379","66.24710"
"IND","India","2009","4595.37991","66.70010"
"IND","India","2010","4913.87640","67.16160"
"IND","India","2011","5098.67459","67.62280"
"IND","India","2012","5303.50198","68.07630"
"IND","India","2013","5567.49439","68.49900"
"IND","India","2014","5905.10618","68.93230"
"IND","India","2015","6301.67347","69.32600"
"IND","India","2016","6741.14883","69.70910"
"IND","India","2017","7116.03659","70.06760"
"IND","India","2018","7492.62577","70.41520"
"IND","India","2019","7702.17635","70.74630"
"IND","India","2020","7186.86447","70.15630"
"IND","India","2021","7818.65702","67.28230"
"IND","India","2022","8347.38479","71.69840"
"IND","India","2023","8870.55028","72.00260"
"IDN","Indonesia","1990","4873.05380","63.24860"
"IDN","Indonesia","1991","5118.46790","63.70310"
"IDN","Indonesia","1992","5357.37590","64.18210"
"IDN","Indonesia","1993","5609.15179","64.85090"
"IDN","Indonesia","1994","5931.23473","65.04130"
"IDN","Indonesia","1995","6312.93454","65.26330"
"IDN","Indonesia","1996","6695.40976","65.46480"
"IDN","Indonesia","1997","6897.00237","65.77370"
"IDN","Indonesia","1998","5897.68531","65.94160"
"IDN","Indonesia","1999","5855.65801","66.00150"
"IDN","Indonesia","2000","6056.38198","66.29190"
"IDN","Indonesia","2001","6190.51954","66.58260"
"IDN","Indonesia","2002","6381.94955","66.95350"
"IDN","Indonesia","2003","6599.09194","67.13400"
"IDN","Indonesia","2004","6843.54655","65.52080"
"IDN","Indonesia","2005","7140.85456","67.53080"
"IDN","Indonesia","2006","7434.48785","67.66360"
"IDN","Indonesia","2007","7802.46407","67.91410"
"IDN","Indonesia","2008","8165.06155","68.08460"
"IDN","Indonesia","2009","8435.45575","68.26740"
"IDN","Indonesia","2010","8848.22474","68.36420"
"IDN","Indonesia","2011","9274.96955","68.62900"
"IDN","Indonesia","2012","9708.61183","68.86170"
"IDN","Indonesia","2013","10121.81415","69.06350"
"IDN","Indonesia","2014","10504.38694","69.29200"
"IDN","Indonesia","2015","10893.66211","69.51960"
"IDN","Indonesia","2016","11319.66343","69.73330"
"IDN","Indonesia","2017","11772.57433","69.95330"
"IDN","Indonesia","2018","12262.23103","70.07970"
"IDN","Indonesia","2019","12757.78509","70.34910"
"IDN","Indonesia","2020","12388.54493","68.81730"
"IDN","Indonesia","2021","12757.07464","67.45160"
"IDN","Indonesia","2022","13334.26539","70.92460"
"IDN","Indonesia","2023","13889.94950","71.14570"
"IRQ","Iraq","1990","10735.09411","57.58720"
"IRQ","Iraq","1991","3819.16195","61.33810"
"IRQ","Iraq","1992","4916.26440","65.34360"
"IRQ","Iraq","1993","6105.04166","65.30970"
"IRQ","Iraq","1994","6044.87105","65.02690"
"IRQ","Iraq","1995","5969.66964","64.76140"
"IRQ","Iraq","1996","6419.36982","64.61780"
"IRQ","Iraq","1997","7545.72976","64.24120"
"IRQ","Iraq","1998","9871.73398","64.40490"
"IRQ","Iraq","1999","11237.85374","64.53160"
"IRQ","Iraq","2000","12702.16420","64.86030"
"IRQ","Iraq","2001","12529.60841","65.29200"
"IRQ","Iraq","2002","11144.05053","65.72400"
"IRQ","Iraq","2003","6849.33201","64.83390"
"IRQ","Iraq","2004","10210.56310","64.63420"
"IRQ","Iraq","2005","10078.44376","64.89890"
"IRQ","Iraq","2006","10568.91377","64.02880"
"IRQ","Iraq","2007","10853.81610","64.42780"
"IRQ","Iraq","2008","11511.93876","66.46500"
"IRQ","Iraq","2009","11470.51781","67.83370"
"IRQ","Iraq","2010","11816.84102","68.09240"
"IRQ","Iraq","2011","12267.58489","68.43510"
"IRQ","Iraq","2012","13357.01439","68.82670"
"IRQ","Iraq","2013","13712.93171","69.04690"
"IRQ","Iraq","2014","13536.82277","69.67900"
"IRQ","Iraq","2015","13516.02720","69.97710"
"IRQ","Iraq","2016","15016.09206","68.68340"
"IRQ","Iraq","2017","14417.63069","69.78780"
"IRQ","Iraq","2018","14456.23571","71.11620"
"IRQ","Iraq","2019","14910.22503","71.24520"
"IRQ","Iraq","2020","12827.63454","69.65060"
"IRQ","Iraq","2021","12731.75358","70.70360"
"IRQ","Iraq","2022","13433.39772","72.03710"
"IRQ","Iraq","2023","13202.32281","72.32420"
"IRL","Irlanda","1990","29504.87727","74.83750"
"IRL","Irlanda","1991","29901.80630","75.02680"
"IRL","Irlanda","1992","30691.39560","75.42310"
"IRL","Irlanda","1993","31360.64907","75.28900"
"IRL","Irlanda","1994","33035.23626","75.79630"
"IRL","Irlanda","1995","36032.77747","75.47430"
"IRL","Irlanda","1996","38386.91167","75.82630"
"IRL","Irlanda","1997","42192.58481","75.97650"
"IRL","Irlanda","1998","45415.04552","76.18480"
"IRL","Irlanda","1999","49634.50267","76.08900"
"IRL","Irlanda","2000","53582.83135","76.53500"
"IRL","Irlanda","2001","55534.56981","77.10030"
"IRL","Irlanda","2002","57828.01163","77.59030"
"IRL","Irlanda","2003","58608.33538","78.10030"
"IRL","Irlanda","2004","61452.86604","78.50270"
"IRL","Irlanda","2005","63579.71344","78.90930"
"IRL","Irlanda","2006","64975.40865","79.15040"
"IRL","Irlanda","2007","66475.84101","79.56310"
"IRL","Irlanda","2008","62213.64533","79.78770"
"IRL","Irlanda","2009","58446.72633","80.09540"
"IRL","Irlanda","2010","59107.42207","80.59920"
"IRL","Irlanda","2011","59797.05373","80.72720"
"IRL","Irlanda","2012","59303.03198","80.85240"
"IRL","Irlanda","2013","60285.23761","81.06500"
"IRL","Irlanda","2014","65463.19525","81.40630"
"IRL","Irlanda","2015","80815.64153","81.53260"
"IRL","Irlanda","2016","80760.09741","81.68360"
"IRL","Irlanda","2017","87731.78970","82.10320"
"IRL","Irlanda","2018","93115.83935","82.12320"
"IRL","Irlanda","2019","96205.79616","82.41080"
"IRL","Irlanda","2020","101793.44753","82.38970"
"IRL","Irlanda","2021","116702.85817","81.86080"
"IRL","Irlanda","2022","123007.47649","82.05050"
"IRL","Irlanda","2023","117659.72859","82.41180"
"IRN","Irán","1990","9656.00117","64.06560"
"IRN","Irán","1991","10592.33193","66.23250"
"IRN","Irán","1992","10727.41837","66.65280"
"IRN","Irán","1993","10531.99528","67.03730"
"IRN","Irán","1994","10333.43300","67.49010"
"IRN","Irán","1995","10465.02596","67.90360"
"IRN","Irán","1996","11010.00950","68.32800"
"IRN","Irán","1997","11025.72024","68.64900"
"IRN","Irán","1998","11101.50787","69.21360"
"IRN","Irán","1999","11163.69507","69.68580"
"IRN","Irán","2000","11643.12181","70.16650"
"IRN","Irán","2001","11739.00909","70.61880"
"IRN","Irán","2002","12583.04499","71.11180"
"IRN","Irán","2003","13519.45019","70.46420"
"IRN","Irán","2004","13807.19531","72.04010"
"IRN","Irán","2005","13935.77431","72.44630"
"IRN","Irán","2006","14320.65685","72.89530"
"IRN","Irán","2007","15237.42379","73.29920"
"IRN","Irán","2008","15091.25065","73.68350"
"IRN","Irán","2009","15055.14946","74.04120"
"IRN","Irán","2010","15729.91317","74.38960"
"IRN","Irán","2011","15947.76610","74.72070"
"IRN","Irán","2012","15159.29482","75.03900"
"IRN","Irán","2013","14734.74059","75.34860"
"IRN","Irán","2014","15262.85158","75.63520"
"IRN","Irán","2015","14841.90483","75.90730"
"IRN","Irán","2016","15920.37180","76.15510"
"IRN","Irán","2017","16167.96772","76.39630"
"IRN","Irán","2018","15364.80491","76.62050"
"IRN","Irán","2019","14841.07515","76.85490"
"IRN","Irán","2020","15381.58454","74.14060"
"IRN","Irán","2021","15884.42768","73.75210"
"IRN","Irán","2022","16377.96106","76.79930"
"IRN","Irán","2023","17044.81734","77.65450"
"ISL","Islandia","1990","43099.57864","77.74060"
"ISL","Islandia","1991","42507.64617","77.75750"
"ISL","Islandia","1992","40560.57007","78.58650"
"ISL","Islandia","1993","40677.58812","78.80930"
"ISL","Islandia","1994","41781.83027","79.02210"
"ISL","Islandia","1995","41604.23812","77.54260"
"ISL","Islandia","1996","43241.35544","78.64560"
"ISL","Islandia","1997","44664.53063","78.67230"
"ISL","Islandia","1998","47286.63587","79.39630"
"ISL","Islandia","1999","48539.34331","79.23630"
"ISL","Islandia","2000","50227.84087","79.54850"
"ISL","Islandia","2001","51468.32823","80.42090"
"ISL","Islandia","2002","51287.59373","80.27780"
"ISL","Islandia","2003","52095.64027","80.76780"
"ISL","Islandia","2004","55576.60998","80.72090"
"ISL","Islandia","2005","58549.13589","81.16910"
"ISL","Islandia","2006","60434.38379","80.93750"
"ISL","Islandia","2007","64075.30982","81.09300"
"ISL","Islandia","2008","63963.76014","81.24400"
"ISL","Islandia","2009","58441.27197","81.41740"
"ISL","Islandia","2010","57225.10243","81.59390"
"ISL","Islandia","2011","57837.86046","81.97250"
"ISL","Islandia","2012","58203.63795","82.34590"
"ISL","Islandia","2013","59729.54398","81.74250"
"ISL","Islandia","2014","60199.19949","82.42980"
"ISL","Islandia","2015","61820.36189","82.16380"
"ISL","Islandia","2016","64759.22754","81.82860"
"ISL","Islandia","2017","65462.50333","82.24100"
"ISL","Islandia","2018","66703.02194","82.45260"
"ISL","Islandia","2019","65994.98600","82.84740"
"ISL","Islandia","2020","60617.14327","82.71130"
"ISL","Islandia","2021","62720.79168","82.84330"
"ISL","Islandia","2022","66581.24418","81.58770"
"ISL","Islandia","2023","69268.12214","82.69110"
"CYM","Islas Caimán","2006","92213.07600","75.00020"
"CYM","Islas Caimán","2007","92343.72508","75.15180"
"CYM","Islas Caimán","2008","89380.15075","75.38590"
"CYM","Islas Caimán","2009","80631.84422","75.67060"
"CYM","Islas Caimán","2010","76294.76500","76.06870"
"CYM","Islas Caimán","2011","75094.83130","76.56180"
"CYM","Islas Caimán","2012","73982.67813","77.12050"
"CYM","Islas Caimán","2013","72988.70634","77.65160"
"CYM","Islas Caimán","2014","73051.81123","77.86460"
"CYM","Islas Caimán","2015","73315.38453","78.11910"
"CYM","Islas Caimán","2016","73941.85924","78.36690"
"CYM","Islas Caimán","2017","74599.67996","78.61490"
"CYM","Islas Caimán","2018","76124.55060","78.83550"
"CYM","Islas Caimán","2019","77476.84099","79.05160"
"CYM","Islas Caimán","2020","72183.13590","79.22990"
"CYM","Islas Caimán","2021","74160.49140","79.29960"
"CYM","Islas Caimán","2022","76735.37443","79.98410"
"CYM","Islas Caimán","2023","79580.88728","80.35760"
"FRO","Islas Feroe","2008","54263.32641","78.51820"
"FRO","Islas Feroe","2009","51534.60101","78.61990"
"FRO","Islas Feroe","2010","51480.25200","78.73140"
"FRO","Islas Feroe","2011","53441.43694","78.88970"
"FRO","Islas Feroe","2012","57524.51510","79.02240"
"FRO","Islas Feroe","2013","60950.03098","79.15360"
"FRO","Islas Feroe","2014","64019.41567","79.29990"
"FRO","Islas Feroe","2015","64010.16140","79.42590"
"FRO","Islas Feroe","2016","64156.32416","79.57450"
"FRO","Islas Feroe","2017","65461.91133","79.69430"
"FRO","Islas Feroe","2018","66192.04944","79.81210"
"FRO","Islas Feroe","2019","68136.66180","79.90580"
"FRO","Islas Feroe","2020","66037.93615","79.98220"
"FRO","Islas Feroe","2021","68433.21443","79.79230"
"FRO","Islas Feroe","2022","70268.44972","79.26370"
"FRO","Islas Feroe","2023","71828.43428","80.17920"
"MHL","Islas Marshall","1990","3906.08627","61.75580"
"MHL","Islas Marshall","1991","3828.95409","61.79200"
"MHL","Islas Marshall","1992","4029.85753","61.89960"
"MHL","Islas Marshall","1993","4207.94886","62.08500"
"MHL","Islas Marshall","1994","4397.47802","62.30830"
"MHL","Islas Marshall","1995","4704.03570","62.51470"
"MHL","Islas Marshall","1996","4175.34884","62.76540"
"MHL","Islas Marshall","1997","3867.83839","63.01460"
"MHL","Islas Marshall","1998","3806.37456","63.21750"
"MHL","Islas Marshall","1999","3719.28761","63.42070"
"MHL","Islas Marshall","2000","3772.69913","63.32330"
"MHL","Islas Marshall","2001","4001.24312","63.73470"
"MHL","Islas Marshall","2002","4122.36777","63.84830"
"MHL","Islas Marshall","2003","4041.17284","63.95620"
"MHL","Islas Marshall","2004","4012.85860","64.04420"
"MHL","Islas Marshall","2005","4075.68079","64.11240"
"MHL","Islas Marshall","2006","4076.09863","64.20720"
"MHL","Islas Marshall","2007","4222.95394","64.25940"
"MHL","Islas Marshall","2008","3903.80571","64.30030"
"MHL","Islas Marshall","2009","4047.74537","64.39460"
"MHL","Islas Marshall","2010","4269.90546","64.49770"
"MHL","Islas Marshall","2011","4259.66173","64.64070"
"MHL","Islas Marshall","2012","4244.58813","64.77610"
"MHL","Islas Marshall","2013","4470.42630","64.95450"
"MHL","Islas Marshall","2014","4492.56749","65.11000"
"MHL","Islas Marshall","2015","4670.70756","65.29220"
"MHL","Islas Marshall","2016","4897.14934","65.47680"
"MHL","Islas Marshall","2017","5200.01067","65.67310"
"MHL","Islas Marshall","2018","5636.02955","65.87030"
"MHL","Islas Marshall","2019","6405.89632","66.04730"
"MHL","Islas Marshall","2020","6418.00664","65.38730"
"MHL","Islas Marshall","2021","6768.82579","65.42090"
"MHL","Islas Marshall","2022","6937.75357","66.72450"
"MHL","Islas Marshall","2023","6774.78266","66.94540"
"SLB","Islas Salomón","1990","2352.70062","66.19420"
"SLB","Islas Salomón","1991","2418.67568","66.35730"
"SLB","Islas Salomón","1992","2644.83937","66.47090"
"SLB","Islas Salomón","1993","2670.01803","66.55770"
"SLB","Islas Salomón","1994","2802.59157","66.66140"
"SLB","Islas Salomón","1995","2996.65555","66.71700"
"SLB","Islas Salomón","1996","2958.19818","66.73910"
"SLB","Islas Salomón","1997","2848.68466","66.76780"
"SLB","Islas Salomón","1998","2805.62563","66.89040"
"SLB","Islas Salomón","1999","2717.87534","67.00100"
"SLB","Islas Salomón","2000","2277.11364","67.11640"
"SLB","Islas Salomón","2001","2055.53771","67.23650"
"SLB","Islas Salomón","2002","1960.67505","67.35010"
"SLB","Islas Salomón","2003","2050.57140","67.47870"
"SLB","Islas Salomón","2004","2168.78372","67.62830"
"SLB","Islas Salomón","2005","2287.56669","67.79000"
"SLB","Islas Salomón","2006","2340.95144","67.96760"
"SLB","Islas Salomón","2007","2384.62333","67.84510"
"SLB","Islas Salomón","2008","2490.10207","68.33620"
"SLB","Islas Salomón","2009","2515.21324","68.39710"
"SLB","Islas Salomón","2010","2682.62900","68.66940"
"SLB","Islas Salomón","2011","2777.83439","68.82410"
"SLB","Islas Salomón","2012","2743.81002","68.96060"
"SLB","Islas Salomón","2013","2783.94857","69.00720"
"SLB","Islas Salomón","2014","2716.77005","68.98360"
"SLB","Islas Salomón","2015","2665.06621","69.32340"
"SLB","Islas Salomón","2016","2715.58152","69.50120"
"SLB","Islas Salomón","2017","2704.00988","69.65170"
"SLB","Islas Salomón","2018","2686.46317","69.80610"
"SLB","Islas Salomón","2019","2661.95771","69.98070"
"SLB","Islas Salomón","2020","2515.46369","69.25770"
"SLB","Islas Salomón","2021","2450.18400","68.89040"
"SLB","Islas Salomón","2022","2330.40165","70.40860"
"SLB","Islas Salomón","2023","2339.87470","70.52770"
"TCA","Islas Turcas y Caicos","2007","21878.82060","76.42670"
"TCA","Islas Turcas y Caicos","2008","22689.31601","76.08390"
"TCA","Islas Turcas y Caicos","2009","17512.19778","76.67200"
"TCA","Islas Turcas y Caicos","2010","17000.22278","76.78400"
"TCA","Islas Turcas y Caicos","2011","17147.42476","76.86970"
"TCA","Islas Turcas y Caicos","2012","16024.69157","76.96940"
"TCA","Islas Turcas y Caicos","2013","15461.87351","77.09980"
"TCA","Islas Turcas y Caicos","2014","16138.84876","77.21160"
"TCA","Islas Turcas y Caicos","2015","17201.77203","77.32110"
"TCA","Islas Turcas y Caicos","2016","17625.72028","77.43720"
"TCA","Islas Turcas y Caicos","2017","29540.35375","77.50510"
"TCA","Islas Turcas y Caicos","2018","30286.11961","77.59570"
"TCA","Islas Turcas y Caicos","2019","30611.21302","77.69100"
"TCA","Islas Turcas y Caicos","2020","19702.53682","77.49890"
"TCA","Islas Turcas y Caicos","2021","25056.48805","77.23420"
"TCA","Islas Turcas y Caicos","2022","28209.62425","77.91760"
"TCA","Islas Turcas y Caicos","2023","31839.37054","78.00770"
"VIR","Islas Vírgenes de EEUU","2002","54299.22987","72.05440"
"VIR","Islas Vírgenes de EEUU","2003","54086.15479","72.00650"
"VIR","Islas Vírgenes de EEUU","2004","55883.45455","71.82870"
"VIR","Islas Vírgenes de EEUU","2005","57838.09771","72.23490"
"VIR","Islas Vírgenes de EEUU","2006","59911.72245","72.47880"
"VIR","Islas Vírgenes de EEUU","2007","62332.94454","72.58740"
"VIR","Islas Vírgenes de EEUU","2008","63057.62631","72.65750"
"VIR","Islas Vírgenes de EEUU","2009","58895.30569","72.91920"
"VIR","Islas Vírgenes de EEUU","2010","59272.24569","73.23500"
"VIR","Islas Vírgenes de EEUU","2011","54443.06869","73.40270"
"VIR","Islas Vírgenes de EEUU","2012","46422.41512","73.69560"
"VIR","Islas Vírgenes de EEUU","2013","43563.88649","73.94710"
"VIR","Islas Vírgenes de EEUU","2014","42853.89866","74.19750"
"VIR","Islas Vírgenes de EEUU","2015","42739.08350","74.31040"
"VIR","Islas Vírgenes de EEUU","2016","43502.43369","74.42360"
"VIR","Islas Vírgenes de EEUU","2017","43277.15465","74.37210"
"VIR","Islas Vírgenes de EEUU","2018","44205.40713","74.68230"
"VIR","Islas Vírgenes de EEUU","2019","45632.63647","74.87610"
"VIR","Islas Vírgenes de EEUU","2020","45055.78293","74.71370"
"VIR","Islas Vírgenes de EEUU","2021","46893.54970","74.61320"
"VIR","Islas Vírgenes de EEUU","2022","46479.29967","75.04490"
"ISR","Israel","1990","25340.98133","78.03850"
"ISR","Israel","1991","25704.72074","77.58340"
"ISR","Israel","1992","26758.42907","77.27270"
"ISR","Israel","1993","27129.21938","77.86180"
"ISR","Israel","1994","28399.39819","78.04480"
"ISR","Israel","1995","29477.45829","78.05160"
"ISR","Israel","1996","30392.89731","78.57050"
"ISR","Israel","1997","30713.15980","78.55220"
"ISR","Israel","1998","31250.10717","78.58810"
"ISR","Israel","1999","31466.16837","78.89070"
"ISR","Israel","2000","33278.54123","79.17970"
"ISR","Israel","2001","32591.21168","79.47870"
"ISR","Israel","2002","31892.53960","79.51370"
"ISR","Israel","2003","31771.21159","79.81940"
"ISR","Israel","2004","32665.85371","80.30520"
"ISR","Israel","2005","33491.99140","80.39350"
"ISR","Israel","2006","34744.86751","80.78570"
"ISR","Israel","2007","36288.06551","80.95320"
"ISR","Israel","2008","36795.47991","81.28280"
"ISR","Israel","2009","36364.78432","81.81830"
"ISR","Israel","2010","37686.34208","81.97420"
"ISR","Israel","2011","39036.02474","81.98920"
"ISR","Israel","2012","39245.50781","81.98490"
"ISR","Israel","2013","40095.47568","82.35400"
"ISR","Israel","2014","40795.62909","82.36080"
"ISR","Israel","2015","40889.59891","82.25380"
"ISR","Israel","2016","41914.58030","82.61230"
"ISR","Israel","2017","42895.58513","82.69930"
"ISR","Israel","2018","43782.65265","82.91840"
"ISR","Israel","2019","44492.12270","82.90480"
"ISR","Israel","2020","42926.54154","82.69970"
"ISR","Israel","2021","46151.10082","82.51690"
"ISR","Israel","2022","48132.36372","82.81450"
"ISR","Israel","2023","47671.24769","82.40800"
"ITA","Italia","1990","42656.74451","76.99360"
"ITA","Italia","1991","43283.02044","76.98980"
"ITA","Italia","1992","43614.48509","77.36470"
"ITA","Italia","1993","43216.10964","77.65290"
"ITA","Italia","1994","44136.70591","77.87250"
"ITA","Italia","1995","45410.13917","78.12530"
"ITA","Italia","1996","46008.23893","78.43810"
"ITA","Italia","1997","46869.42561","78.73460"
"ITA","Italia","1998","47701.39742","78.80680"
"ITA","Italia","1999","48493.66512","79.20500"
"ITA","Italia","2000","50353.42004","79.60700"
"ITA","Italia","2001","51332.29044","79.88490"
"ITA","Italia","2002","51369.11491","80.11200"
"ITA","Italia","2003","51126.25855","80.19100"
"ITA","Italia","2004","51495.00288","81.01750"
"ITA","Italia","2005","51585.64458","81.02010"
"ITA","Italia","2006","52304.24029","81.41370"
"ITA","Italia","2007","52747.19055","81.50020"
"ITA","Italia","2008","51806.39062","81.64540"
"ITA","Italia","2009","48774.39168","81.76190"
"ITA","Italia","2010","49301.69591","82.13190"
"ITA","Italia","2011","49473.01492","82.22820"
"ITA","Italia","2012","47795.95794","82.25200"
"ITA","Italia","2013","46833.36153","82.65220"
"ITA","Italia","2014","46825.65112","82.90080"
"ITA","Italia","2015","47311.82553","82.52110"
"ITA","Italia","2016","47987.83796","83.04590"
"ITA","Italia","2017","48849.21835","82.72630"
"ITA","Italia","2018","49355.87519","83.18440"
"ITA","Italia","2019","49690.62985","83.34230"
"ITA","Italia","2020","45505.06887","82.18140"
"ITA","Italia","2021","49825.39341","82.86520"
"ITA","Italia","2022","52333.32743","82.05200"
"ITA","Italia","2023","52842.62888","83.71570"
"JAM","Jamaica","1990","8879.65295","71.70470"
"JAM","Jamaica","1991","9227.87614","71.78670"
"JAM","Jamaica","1992","9315.85819","71.81630"
"JAM","Jamaica","1993","10088.23236","71.75770"
"JAM","Jamaica","1994","10123.23394","71.62440"
"JAM","Jamaica","1995","10257.80654","71.48810"
"JAM","Jamaica","1996","10147.46411","71.32770"
"JAM","Jamaica","1997","9939.66173","71.21610"
"JAM","Jamaica","1998","9624.92936","71.16970"
"JAM","Jamaica","1999","9650.43726","71.18850"
"JAM","Jamaica","2000","9667.92474","71.28140"
"JAM","Jamaica","2001","9736.06292","71.28720"
"JAM","Jamaica","2002","9869.71292","71.47800"
"JAM","Jamaica","2003","10169.75002","71.58460"
"JAM","Jamaica","2004","10244.20667","71.54200"
"JAM","Jamaica","2005","10278.68344","71.49290"
"JAM","Jamaica","2006","10522.23675","71.39460"
"JAM","Jamaica","2007","10622.44428","71.40460"
"JAM","Jamaica","2008","10490.46861","71.50210"
"JAM","Jamaica","2009","9992.97700","71.71740"
"JAM","Jamaica","2010","9805.90173","71.97890"
"JAM","Jamaica","2011","9932.48381","72.24500"
"JAM","Jamaica","2012","9829.03510","72.40470"
"JAM","Jamaica","2013","9839.96507","72.43520"
"JAM","Jamaica","2014","9872.15914","72.35720"
"JAM","Jamaica","2015","9931.89876","72.21440"
"JAM","Jamaica","2016","10179.25365","72.05220"
"JAM","Jamaica","2017","10391.03782","71.87890"
"JAM","Jamaica","2018","10636.09298","71.60620"
"JAM","Jamaica","2019","10816.37204","71.53160"
"JAM","Jamaica","2020","9891.96933","71.45190"
"JAM","Jamaica","2021","10430.69098","69.08460"
"JAM","Jamaica","2022","11096.63771","71.48090"
"JAM","Jamaica","2023","11398.81204","71.47890"
"JPN","Japón","1990","36137.84426","78.99280"
"JPN","Japón","1991","37226.33390","79.26200"
"JPN","Japón","1992","37402.94424","79.30300"
"JPN","Japón","1993","37088.80200","79.44610"
"JPN","Japón","1994","37352.68686","79.83660"
"JPN","Japón","1995","38137.93463","79.68370"
"JPN","Japón","1996","39221.76512","80.36270"
"JPN","Japón","1997","39661.73128","80.58360"
"JPN","Japón","1998","38852.95266","80.64870"
"JPN","Japón","1999","38647.27053","80.61290"
"JPN","Japón","2000","39731.79537","81.17880"
"JPN","Japón","2001","39748.98377","81.51010"
"JPN","Japón","2002","39690.36768","81.79520"
"JPN","Japón","2003","40152.12826","81.85400"
"JPN","Japón","2004","40986.72257","82.12750"
"JPN","Japón","2005","41740.35204","82.00730"
"JPN","Japón","2006","42358.93373","82.36990"
"JPN","Japón","2007","43041.56971","82.54880"
"JPN","Japón","2008","42518.84234","82.63320"
"JPN","Japón","2009","39999.94642","82.96990"
"JPN","Japón","2010","41647.04585","82.91600"
"JPN","Japón","2011","41640.66087","82.67050"
"JPN","Japón","2012","42394.94332","83.16760"
"JPN","Japón","2013","43304.11819","83.40180"
"JPN","Japón","2014","43754.43801","83.64340"
"JPN","Japón","2015","44589.30329","83.88320"
"JPN","Japón","2016","44926.62029","84.05680"
"JPN","Japón","2017","45693.37761","84.18910"
"JPN","Japón","2018","46133.02260","84.28900"
"JPN","Japón","2019","46055.34987","84.41770"
"JPN","Japón","2020","44212.55034","84.67030"
"JPN","Japón","2021","45999.46180","84.55000"
"JPN","Japón","2022","46819.36061","84.05410"
"JPN","Japón","2023","47387.21725","84.71230"
"JOR","Jordania","1990","8241.80479","70.09350"
"JOR","Jordania","1991","7747.14379","70.23980"
"JOR","Jordania","1992","8402.68031","70.39980"
"JOR","Jordania","1993","8334.81403","70.56780"
"JOR","Jordania","1994","8339.88428","70.73800"
"JOR","Jordania","1995","8501.61906","70.91500"
"JOR","Jordania","1996","8395.63209","71.10450"
"JOR","Jordania","1997","8443.48146","71.32360"
"JOR","Jordania","1998","8499.07690","71.52100"
"JOR","Jordania","1999","8600.36944","71.73730"
"JOR","Jordania","2000","8781.60905","71.92580"
"JOR","Jordania","2001","9056.19447","72.14120"
"JOR","Jordania","2002","9380.11324","72.35870"
"JOR","Jordania","2003","9556.48164","72.58500"
"JOR","Jordania","2004","10127.85275","72.78770"
"JOR","Jordania","2005","10684.94242","72.97720"
"JOR","Jordania","2006","10834.87373","73.22480"
"JOR","Jordania","2007","11034.29222","73.40740"
"JOR","Jordania","2008","11555.72883","73.56310"
"JOR","Jordania","2009","11888.66172","73.70750"
"JOR","Jordania","2010","11942.57201","73.79730"
"JOR","Jordania","2011","11988.49631","73.92860"
"JOR","Jordania","2012","12104.12174","74.08730"
"JOR","Jordania","2013","11804.12253","74.28160"
"JOR","Jordania","2014","11086.69055","74.60600"
"JOR","Jordania","2015","10469.63063","75.06000"
"JOR","Jordania","2016","10197.50450","75.55010"
"JOR","Jordania","2017","10220.49278","76.07080"
"JOR","Jordania","2018","10183.02484","76.49130"
"JOR","Jordania","2019","10168.35885","76.86450"
"JOR","Jordania","2020","9872.30945","75.58310"
"JOR","Jordania","2021","10056.56113","74.20420"
"JOR","Jordania","2022","10158.47388","77.08800"
"JOR","Jordania","2023","10308.78220","77.81450"
"KAZ","Kazajstán","1990","16837.69075","65.70120"
"KAZ","Kazajstán","1991","14877.52735","65.37880"
"KAZ","Kazajstán","1992","14045.10358","64.97790"
"KAZ","Kazajstán","1993","12795.87464","64.53770"
"KAZ","Kazajstán","1994","11334.98313","64.10770"
"KAZ","Kazajstán","1995","10600.33023","63.71690"
"KAZ","Kazajstán","1996","10857.43539","63.45510"
"KAZ","Kazajstán","1997","11298.58055","63.31820"
"KAZ","Kazajstán","1998","11364.03078","63.34900"
"KAZ","Kazajstán","1999","11815.77321","63.52790"
"KAZ","Kazajstán","2000","12935.86437","63.79300"
"KAZ","Kazajstán","2001","14612.02901","64.10810"
"KAZ","Kazajstán","2002","15960.87385","64.44050"
"KAZ","Kazajstán","2003","17344.75267","64.75330"
"KAZ","Kazajstán","2004","18886.58119","65.04000"
"KAZ","Kazajstán","2005","20565.52945","65.35560"
"KAZ","Kazajstán","2006","22574.34296","65.72230"
"KAZ","Kazajstán","2007","24351.34641","66.18000"
"KAZ","Kazajstán","2008","24895.66457","66.75890"
"KAZ","Kazajstán","2009","24901.35273","67.46050"
"KAZ","Kazajstán","2010","26374.84077","68.25750"
"KAZ","Kazajstán","2011","27946.16034","69.10760"
"KAZ","Kazajstán","2012","28881.24176","69.93950"
"KAZ","Kazajstán","2013","30177.48872","70.71890"
"KAZ","Kazajstán","2014","30986.43792","71.41490"
"KAZ","Kazajstán","2015","30893.75949","72.02420"
"KAZ","Kazajstán","2016","30758.32273","72.54910"
"KAZ","Kazajstán","2017","31524.44163","72.99550"
"KAZ","Kazajstán","2018","32330.22745","73.36930"
"KAZ","Kazajstán","2019","33298.21237","73.65810"
"KAZ","Kazajstán","2020","32011.54915","71.19520"
"KAZ","Kazajstán","2021","32945.85157","70.13110"
"KAZ","Kazajstán","2022","33506.26149","73.50280"
"KAZ","Kazajstán","2023","34703.23493","74.40210"
"KEN","Kenia","1990","4177.48603","58.33360"
"KEN","Kenia","1991","4102.47678","57.82580"
"KEN","Kenia","1992","3946.84093","57.09500"
"KEN","Kenia","1993","3844.92030","56.66810"
"KEN","Kenia","1994","3833.22358","56.10130"
"KEN","Kenia","1995","3890.09855","55.85570"
"KEN","Kenia","1996","3941.40919","55.57480"
"KEN","Kenia","1997","3853.37139","55.47790"
"KEN","Kenia","1998","3871.82176","55.56810"
"KEN","Kenia","1999","3848.46471","55.86580"
"KEN","Kenia","2000","3756.63622","56.08360"
"KEN","Kenia","2001","3778.25855","56.50050"
"KEN","Kenia","2002","3681.25694","56.75870"
"KEN","Kenia","2003","3674.08593","57.36940"
"KEN","Kenia","2004","3743.56786","57.94720"
"KEN","Kenia","2005","3844.73557","58.50980"
"KEN","Kenia","2006","3970.73350","59.05880"
"KEN","Kenia","2007","4116.45095","59.40730"
"KEN","Kenia","2008","4002.88364","59.95450"
"KEN","Kenia","2009","4012.19428","60.48280"
"KEN","Kenia","2010","4211.52463","60.91490"
"KEN","Kenia","2011","4307.10612","61.28270"
"KEN","Kenia","2012","4387.93790","61.53730"
"KEN","Kenia","2013","4443.37122","61.72910"
"KEN","Kenia","2014","4558.55155","61.99040"
"KEN","Kenia","2015","4679.62183","62.27900"
"KEN","Kenia","2016","4770.31046","62.52610"
"KEN","Kenia","2017","4846.86211","62.72480"
"KEN","Kenia","2018","5017.66785","62.82540"
"KEN","Kenia","2019","5171.71264","62.93910"
"KEN","Kenia","2020","5057.40116","61.59580"
"KEN","Kenia","2021","5338.85243","61.22530"
"KEN","Kenia","2022","5491.69378","63.54910"
"KEN","Kenia","2023","5691.82513","63.64590"
"KGZ","Kirguistán","1990","6095.68109","64.82470"
"KGZ","Kirguistán","1991","5520.42980","64.94040"
"KGZ","Kirguistán","1992","4701.99138","64.42650"
"KGZ","Kirguistán","1993","3973.88324","63.64590"
"KGZ","Kirguistán","1994","3176.92382","62.71800"
"KGZ","Kirguistán","1995","2974.71164","62.91860"
"KGZ","Kirguistán","1996","3138.66616","63.44690"
"KGZ","Kirguistán","1997","3399.93427","64.16250"
"KGZ","Kirguistán","1998","3419.22331","64.57880"
"KGZ","Kirguistán","1999","3491.93773","64.91610"
"KGZ","Kirguistán","2000","3638.46314","65.24190"
"KGZ","Kirguistán","2001","3795.89059","65.31910"
"KGZ","Kirguistán","2002","3760.53240","65.34180"
"KGZ","Kirguistán","2003","3982.92722","65.44850"
"KGZ","Kirguistán","2004","4211.52248","65.64940"
"KGZ","Kirguistán","2005","4156.95849","65.78940"
"KGZ","Kirguistán","2006","4240.17018","65.78160"
"KGZ","Kirguistán","2007","4558.71268","66.04660"
"KGZ","Kirguistán","2008","4894.94278","66.61580"
"KGZ","Kirguistán","2009","4969.96133","67.14010"
"KGZ","Kirguistán","2010","4876.47965","67.52140"
"KGZ","Kirguistán","2011","5092.85166","67.74810"
"KGZ","Kirguistán","2012","4993.39432","68.14190"
"KGZ","Kirguistán","2013","5418.54062","68.46230"
"KGZ","Kirguistán","2014","5513.75447","68.82930"
"KGZ","Kirguistán","2015","5600.21433","69.30940"
"KGZ","Kirguistán","2016","5715.01041","69.90950"
"KGZ","Kirguistán","2017","5861.22200","70.50310"
"KGZ","Kirguistán","2018","5951.82877","70.66780"
"KGZ","Kirguistán","2019","6087.60194","70.89070"
"KGZ","Kirguistán","2020","5537.79547","69.13600"
"KGZ","Kirguistán","2021","5736.47883","69.29040"
"KGZ","Kirguistán","2022","6139.77789","71.48700"
"KGZ","Kirguistán","2023","6575.77541","71.67700"
"KIR","Kiribati","1990","2213.82384","61.01840"
"KIR","Kiribati","1991","2047.41606","61.50210"
"KIR","Kiribati","1992","2496.31621","61.96820"
"KIR","Kiribati","1993","2455.76449","62.40600"
"KIR","Kiribati","1994","2469.03750","62.79660"
"KIR","Kiribati","1995","2499.10778","63.14600"
"KIR","Kiribati","1996","2455.81569","63.47030"
"KIR","Kiribati","1997","2439.72267","63.79710"
"KIR","Kiribati","1998","2503.18276","64.10000"
"KIR","Kiribati","1999","2364.64913","64.39330"
"KIR","Kiribati","2000","2481.73318","64.67390"
"KIR","Kiribati","2001","2357.88396","64.91790"
"KIR","Kiribati","2002","2341.99558","65.12330"
"KIR","Kiribati","2003","2258.32314","65.28690"
"KIR","Kiribati","2004","2199.95258","65.41570"
"KIR","Kiribati","2005","2184.06094","65.51740"
"KIR","Kiribati","2006","2264.45168","65.60140"
"KIR","Kiribati","2007","2286.73944","65.67660"
"KIR","Kiribati","2008","2172.63602","65.74550"
"KIR","Kiribati","2009","2138.23987","65.80830"
"KIR","Kiribati","2010","2119.91177","65.85950"
"KIR","Kiribati","2011","2150.65854","65.89580"
"KIR","Kiribati","2012","2242.30106","65.90810"
"KIR","Kiribati","2013","2382.67559","65.89790"
"KIR","Kiribati","2014","2381.65349","65.86870"
"KIR","Kiribati","2015","2616.17636","65.83100"
"KIR","Kiribati","2016","2762.28741","65.79910"
"KIR","Kiribati","2017","2822.02092","65.78710"
"KIR","Kiribati","2018","2875.41766","65.80670"
"KIR","Kiribati","2019","2926.59366","65.86630"
"KIR","Kiribati","2020","2839.17275","65.20460"
"KIR","Kiribati","2021","3024.21030","64.14820"
"KIR","Kiribati","2022","3127.17745","66.26870"
"KIR","Kiribati","2023","3175.02476","66.47310"
"XKX","Kosovo","2008","7098.40302","74.71120"
"XKX","Kosovo","2009","7481.45890","74.79000"
"XKX","Kosovo","2010","7877.10200","74.60860"
"XKX","Kosovo","2011","8359.93621","75.32340"
"XKX","Kosovo","2012","8431.66233","75.75040"
"XKX","Kosovo","2013","8828.27683","76.33580"
"XKX","Kosovo","2014","9150.74997","76.17880"
"XKX","Kosovo","2015","9824.99106","76.02410"
"XKX","Kosovo","2016","10434.88883","76.74820"
"XKX","Kosovo","2017","10856.29021","77.10520"
"XKX","Kosovo","2018","11188.22446","77.11650"
"XKX","Kosovo","2019","11774.11785","77.24890"
"XKX","Kosovo","2020","11137.50286","74.21180"
"XKX","Kosovo","2021","12362.42102","74.98120"
"XKX","Kosovo","2022","13022.46274","77.62330"
"XKX","Kosovo","2023","14240.20303","78.03260"
"KWT","Kuwait","1990","38932.94353","72.85400"
"KWT","Kuwait","1991","28633.96959","73.31000"
"KWT","Kuwait","1992","43266.93287","75.73510"
"KWT","Kuwait","1993","56684.18633","75.77180"
"KWT","Kuwait","1994","61753.84900","75.72790"
"KWT","Kuwait","1995","64093.51788","75.66480"
"KWT","Kuwait","1996","62665.22435","75.60150"
"KWT","Kuwait","1997","62151.95183","75.56480"
"KWT","Kuwait","1998","62450.08844","75.61200"
"KWT","Kuwait","1999","59533.95428","75.72230"
"KWT","Kuwait","2000","60585.30268","75.87280"
"KWT","Kuwait","2001","59099.66531","76.03660"
"KWT","Kuwait","2002","59348.61727","76.18810"
"KWT","Kuwait","2003","67984.31451","76.30430"
"KWT","Kuwait","2004","73298.06218","76.38760"
"KWT","Kuwait","2005","78193.90121","76.46390"
"KWT","Kuwait","2006","79521.34843","76.55410"
"KWT","Kuwait","2007","79474.76113","76.68750"
"KWT","Kuwait","2008","77036.50838","76.88950"
"KWT","Kuwait","2009","67896.26805","77.16740"
"KWT","Kuwait","2010","62956.21529","77.49950"
"KWT","Kuwait","2011","64844.50190","77.86370"
"KWT","Kuwait","2012","64908.26264","78.22700"
"KWT","Kuwait","2013","62458.80892","78.58310"
"KWT","Kuwait","2014","60065.65441","78.92700"
"KWT","Kuwait","2015","57763.51746","79.21940"
"KWT","Kuwait","2016","56936.62084","79.51620"
"KWT","Kuwait","2017","52285.58712","79.73140"
"KWT","Kuwait","2018","51623.80786","79.89940"
"KWT","Kuwait","2019","51380.64554","80.02230"
"KWT","Kuwait","2020","49372.81879","78.24830"
"KWT","Kuwait","2021","50651.95753","77.62500"
"KWT","Kuwait","2022","51379.88332","78.78810"
"KWT","Kuwait","2023","47790.19332","80.40470"
"LAO","Laos","1990","2005.50049","54.03500"
"LAO","Laos","1991","2033.58258","54.70000"
"LAO","Laos","1992","2088.02004","55.09760"
"LAO","Laos","1993","2152.27660","55.58330"
"LAO","Laos","1994","2267.78216","55.81010"
"LAO","Laos","1995","2368.05475","56.34410"
"LAO","Laos","1996","2473.77286","56.82140"
"LAO","Laos","1997","2589.20763","57.30230"
"LAO","Laos","1998","2642.56619","57.54890"
"LAO","Laos","1999","2786.52040","57.86580"
"LAO","Laos","2000","2899.01962","58.31680"
"LAO","Laos","2001","3015.63258","58.88670"
"LAO","Laos","2002","3143.22328","59.30240"
"LAO","Laos","2003","3282.98540","59.64260"
"LAO","Laos","2004","3441.17000","60.08030"
"LAO","Laos","2005","3630.55879","60.68810"
"LAO","Laos","2006","3881.53737","61.07430"
"LAO","Laos","2007","4112.25302","61.69400"
"LAO","Laos","2008","4367.16288","62.24770"
"LAO","Laos","2009","4625.07173","63.02300"
"LAO","Laos","2010","4946.10564","63.68950"
"LAO","Laos","2011","5266.87867","64.50500"
"LAO","Laos","2012","5608.96956","65.12620"
"LAO","Laos","2013","5974.47369","65.72260"
"LAO","Laos","2014","6341.21230","66.34970"
"LAO","Laos","2015","6703.74124","66.68810"
"LAO","Laos","2016","7063.25545","67.01360"
"LAO","Laos","2017","7432.45963","67.34520"
"LAO","Laos","2018","7775.08574","67.59420"
"LAO","Laos","2019","8075.27502","67.91130"
"LAO","Laos","2020","7995.59503","68.33860"
"LAO","Laos","2021","8080.43553","67.80740"
"LAO","Laos","2022","8183.03286","68.71520"
"LAO","Laos","2023","8372.15592","68.96370"
"LSO","Lesotho","1990","1422.15057","59.31710"
"LSO","Lesotho","1991","1494.24032","59.06070"
"LSO","Lesotho","1992","1571.82704","58.63820"
"LSO","Lesotho","1993","1602.59633","58.06040"
"LSO","Lesotho","1994","1675.59772","57.28790"
"LSO","Lesotho","1995","1709.69434","56.36840"
"LSO","Lesotho","1996","1786.18229","55.13620"
"LSO","Lesotho","1997","1837.69657","53.73340"
"LSO","Lesotho","1998","1856.69078","52.02870"
"LSO","Lesotho","1999","1860.70052","50.38480"
"LSO","Lesotho","2000","1932.15793","48.78280"
"LSO","Lesotho","2001","2004.03350","47.15250"
"LSO","Lesotho","2002","2024.78727","45.95010"
"LSO","Lesotho","2003","2127.37302","44.92140"
"LSO","Lesotho","2004","2178.66475","44.03880"
"LSO","Lesotho","2005","2275.01614","43.61150"
"LSO","Lesotho","2006","2381.02025","43.18200"
"LSO","Lesotho","2007","2470.31462","43.66010"
"LSO","Lesotho","2008","2589.16636","44.30400"
"LSO","Lesotho","2009","2538.19342","45.05520"
"LSO","Lesotho","2010","2651.37805","46.04470"
"LSO","Lesotho","2011","2749.31958","46.93020"
"LSO","Lesotho","2012","2894.22705","48.23530"
"LSO","Lesotho","2013","2914.37516","49.54750"
"LSO","Lesotho","2014","2930.61724","50.78650"
"LSO","Lesotho","2015","2986.95867","51.82980"
"LSO","Lesotho","2016","3057.26092","52.90780"
"LSO","Lesotho","2017","2924.68096","53.87370"
"LSO","Lesotho","2018","2846.41828","54.63770"
"LSO","Lesotho","2019","2773.28640","55.24930"
"LSO","Lesotho","2020","2517.11044","55.13250"
"LSO","Lesotho","2021","2544.78250","54.20910"
"LSO","Lesotho","2022","2577.54544","56.81190"
"LSO","Lesotho","2023","2592.45701","57.37490"
"LVA","Letonia","1990","17508.78710","69.45720"
"LVA","Letonia","1991","15376.09119","69.18190"
"LVA","Letonia","1992","10582.20746","68.45140"
"LVA","Letonia","1993","10255.14193","66.62880"
"LVA","Letonia","1994","10656.60901","65.18280"
"LVA","Letonia","1995","10707.51500","65.99540"
"LVA","Letonia","1996","11077.86184","68.58590"
"LVA","Letonia","1997","12215.01519","69.22470"
"LVA","Letonia","1998","13138.40125","68.85080"
"LVA","Letonia","1999","13619.09880","69.64830"
"LVA","Letonia","2000","14554.21317","70.17550"
"LVA","Letonia","2001","15695.90672","69.90580"
"LVA","Letonia","2002","17096.55944","70.17550"
"LVA","Letonia","2003","18717.66755","70.63610"
"LVA","Letonia","2004","20574.11820","70.93950"
"LVA","Letonia","2005","23213.35394","70.63240"
"LVA","Letonia","2006","26431.81402","70.55010"
"LVA","Letonia","2007","29423.73712","70.78940"
"LVA","Letonia","2008","28726.97229","71.99900"
"LVA","Letonia","2009","24520.67915","72.69660"
"LVA","Letonia","2010","24119.73078","73.02850"
"LVA","Letonia","2011","25308.73221","73.71760"
"LVA","Letonia","2012","27496.54546","73.93870"
"LVA","Letonia","2013","28375.18429","74.18730"
"LVA","Letonia","2014","29243.74125","74.30600"
"LVA","Letonia","2015","30599.61331","74.66460"
"LVA","Letonia","2016","31668.51484","74.75680"
"LVA","Letonia","2017","33036.39159","74.80050"
"LVA","Letonia","2018","34729.70628","74.97930"
"LVA","Letonia","2019","35208.19346","75.62780"
"LVA","Letonia","2020","34225.89760","75.47810"
"LVA","Letonia","2021","36912.01306","73.18090"
"LVA","Letonia","2022","37718.70980","74.87060"
"LVA","Letonia","2023","37277.72172","76.18980"
"LBR","Liberia","1990","1866.40548","37.64350"
"LBR","Liberia","1991","1819.49785","43.57450"
"LBR","Liberia","1992","1115.03771","43.56610"
"LBR","Liberia","1993","718.68324","43.02150"
"LBR","Liberia","1994","563.64036","42.62120"
"LBR","Liberia","1995","534.80972","44.57320"
"LBR","Liberia","1996","582.67798","44.94540"
"LBR","Liberia","1997","1111.93760","48.30220"
"LBR","Liberia","1998","1308.40568","49.36710"
"LBR","Liberia","1999","1507.31470","50.41160"
"LBR","Liberia","2000","1868.17976","51.85170"
"LBR","Liberia","2001","1867.11911","53.10950"
"LBR","Liberia","2002","1887.64602","54.06120"
"LBR","Liberia","2003","1308.15090","53.04500"
"LBR","Liberia","2004","1326.53566","55.94890"
"LBR","Liberia","2005","1335.61729","56.76480"
"LBR","Liberia","2006","1364.60347","57.49460"
"LBR","Liberia","2007","1422.10020","58.14690"
"LBR","Liberia","2008","1463.12408","58.67510"
"LBR","Liberia","2009","1492.99817","59.10640"
"LBR","Liberia","2010","1538.85083","59.35770"
"LBR","Liberia","2011","1601.03374","59.48620"
"LBR","Liberia","2012","1668.97290","59.78550"
"LBR","Liberia","2013","1774.52058","59.99250"
"LBR","Liberia","2014","1750.14385","59.21010"
"LBR","Liberia","2015","1714.09048","59.24810"
"LBR","Liberia","2016","1653.31050","60.48340"
"LBR","Liberia","2017","1661.30291","60.77670"
"LBR","Liberia","2018","1647.97444","60.99950"
"LBR","Liberia","2019","1575.76665","61.23240"
"LBR","Liberia","2020","1497.37692","61.26720"
"LBR","Liberia","2021","1539.20892","61.16580"
"LBR","Liberia","2022","1578.99837","61.93420"
"LBR","Liberia","2023","1616.92373","62.16250"
"LBY","Libia","1990","18126.58696","69.31180"
"LBY","Libia","1991","20506.87627","69.63530"
"LBY","Libia","1992","19538.13870","69.97350"
"LBY","Libia","1993","18434.64113","70.24740"
"LBY","Libia","1994","18444.51336","70.47250"
"LBY","Libia","1995","17723.26792","70.64150"
"LBY","Libia","1996","17809.15192","70.73580"
"LBY","Libia","1997","18451.69985","70.71970"
"LBY","Libia","1998","17532.92610","70.65670"
"LBY","Libia","1999","17402.56838","70.60070"
"LBY","Libia","2000","17747.01889","70.54210"
"LBY","Libia","2001","17115.98886","70.65330"
"LBY","Libia","2002","16629.43643","70.78830"
"LBY","Libia","2003","18422.73360","70.99600"
"LBY","Libia","2004","18851.20391","71.20960"
"LBY","Libia","2005","20649.46246","71.43860"
"LBY","Libia","2006","21545.29864","71.63240"
"LBY","Libia","2007","22422.01176","71.78760"
"LBY","Libia","2008","21915.19762","71.93610"
"LBY","Libia","2009","20518.96424","72.07060"
"LBY","Libia","2010","21115.52598","72.19630"
"LBY","Libia","2011","10741.92068","69.94960"
"LBY","Libia","2012","20601.00266","72.18820"
"LBY","Libia","2013","16557.50094","72.33870"
"LBY","Libia","2014","12499.08300","71.29960"
"LBY","Libia","2015","12195.34870","71.64400"
"LBY","Libia","2016","11831.82577","71.79870"
"LBY","Libia","2017","15428.11644","72.72100"
"LBY","Libia","2018","16385.16448","73.15080"
"LBY","Libia","2019","14337.19630","72.94120"
"LBY","Libia","2020","9978.66400","72.38820"
"LBY","Libia","2021","12641.50977","72.06170"
"LBY","Libia","2022","11450.05986","74.46150"
"LBY","Libia","2023","12476.59749","69.33890"
"LTU","Lituania","1990","20594.06238","71.36940"
"LTU","Lituania","1991","19392.19507","70.50950"
"LTU","Lituania","1992","15286.20396","70.33680"
"LTU","Lituania","1993","12866.58979","68.93360"
"LTU","Lituania","1994","11690.88611","68.50260"
"LTU","Lituania","1995","12168.83327","69.01840"
"LTU","Lituania","1996","12878.10015","70.19310"
"LTU","Lituania","1997","14050.34988","71.02890"
"LTU","Lituania","1998","15208.69785","71.33030"
"LTU","Lituania","1999","15148.95703","71.71720"
"LTU","Lituania","2000","15777.42938","72.13870"
"LTU","Lituania","2001","16939.46706","71.71230"
"LTU","Lituania","2002","18223.47826","71.83890"
"LTU","Lituania","2003","20310.71196","72.08830"
"LTU","Lituania","2004","21875.60858","72.00090"
"LTU","Lituania","2005","23953.81507","71.24640"
"LTU","Lituania","2006","26139.28378","70.96390"
"LTU","Lituania","2007","29381.95215","70.69820"
"LTU","Lituania","2008","30457.36825","71.69590"
"LTU","Lituania","2009","26227.52302","72.84960"
"LTU","Lituania","2010","26897.72437","73.19620"
"LTU","Lituania","2011","29251.87747","73.60800"
"LTU","Lituania","2012","30932.09832","73.96440"
"LTU","Lituania","2013","32487.00082","74.02680"
"LTU","Lituania","2014","33988.01490","74.59600"
"LTU","Lituania","2015","35264.71492","74.47370"
"LTU","Lituania","2016","36632.08328","74.81950"
"LTU","Lituania","2017","38789.24632","75.70150"
"LTU","Lituania","2018","41035.40182","75.90910"
"LTU","Lituania","2019","43078.71186","76.42450"
"LTU","Lituania","2020","43108.19761","75.10500"
"LTU","Lituania","2021","45897.37150","74.29670"
"LTU","Lituania","2022","46642.59473","74.69600"
"LTU","Lituania","2023","46333.90070","76.02500"
"LUX","Luxemburgo","1990","81455.03123","74.96740"
"LUX","Luxemburgo","1991","87318.49767","74.96430"
"LUX","Luxemburgo","1992","87734.20298","74.74640"
"LUX","Luxemburgo","1993","90200.60127","75.42570"
"LUX","Luxemburgo","1994","92380.41629","75.93120"
"LUX","Luxemburgo","1995","92396.39827","75.87770"
"LUX","Luxemburgo","1996","92421.57918","76.16840"
"LUX","Luxemburgo","1997","96216.90387","76.39030"
"LUX","Luxemburgo","1998","101369.82340","76.57120"
"LUX","Luxemburgo","1999","108186.85297","76.98640"
"LUX","Luxemburgo","2000","114148.35391","77.26350"
"LUX","Luxemburgo","2001","116265.23037","77.52980"
"LUX","Luxemburgo","2002","118764.33151","77.55180"
"LUX","Luxemburgo","2003","120403.00202","77.26240"
"LUX","Luxemburgo","2004","123725.75512","78.65830"
"LUX","Luxemburgo","2005","124871.95252","78.87860"
"LUX","Luxemburgo","2006","130290.17408","78.83840"
"LUX","Luxemburgo","2007","138683.31985","79.11570"
"LUX","Luxemburgo","2008","135814.60886","80.10660"
"LUX","Luxemburgo","2009","129004.50895","79.90740"
"LUX","Luxemburgo","2010","131434.36002","80.09870"
"LUX","Luxemburgo","2011","129887.62696","80.28480"
"LUX","Luxemburgo","2012","128897.40322","80.43830"
"LUX","Luxemburgo","2013","129947.33618","80.85440"
"LUX","Luxemburgo","2014","130249.55048","81.23590"
"LUX","Luxemburgo","2015","130097.33829","81.25610"
"LUX","Luxemburgo","2016","133661.73454","81.61990"
"LUX","Luxemburgo","2017","132169.82958","81.08920"
"LUX","Luxemburgo","2018","131733.88447","81.51870"
"LUX","Luxemburgo","2019","132724.75467","81.58790"
"LUX","Luxemburgo","2020","129865.63187","81.41080"
"LUX","Luxemburgo","2021","136772.44375","81.83920"
"LUX","Luxemburgo","2022","132570.83227","82.20070"
"LUX","Luxemburgo","2023","130048.92227","82.22940"
"LBN","Líbano","1990","5345.51210","65.47900"
"LBN","Líbano","1991","7828.17201","70.86480"
"LBN","Líbano","1992","8924.15265","71.16930"
"LBN","Líbano","1993","9695.31549","71.55880"
"LBN","Líbano","1994","10294.81277","72.03010"
"LBN","Líbano","1995","10762.44270","72.38350"
"LBN","Líbano","1996","11757.28249","72.61440"
"LBN","Líbano","1997","11668.40069","72.94020"
"LBN","Líbano","1998","11885.30723","73.20050"
"LBN","Líbano","1999","11617.24977","73.51350"
"LBN","Líbano","2000","11571.73260","73.89490"
"LBN","Líbano","2001","11817.93050","74.35420"
"LBN","Líbano","2002","12053.83416","74.83560"
"LBN","Líbano","2003","12272.34407","75.27530"
"LBN","Líbano","2004","12882.07580","75.69330"
"LBN","Líbano","2005","13024.66489","76.07370"
"LBN","Líbano","2006","13003.68080","75.67660"
"LBN","Líbano","2007","13941.56142","76.73160"
"LBN","Líbano","2008","14955.14136","76.95570"
"LBN","Líbano","2009","16264.35062","77.26180"
"LBN","Líbano","2010","17390.75840","77.52920"
"LBN","Líbano","2011","17353.19608","77.76820"
"LBN","Líbano","2012","17323.30138","77.94100"
"LBN","Líbano","2013","16396.49693","78.03650"
"LBN","Líbano","2014","15205.87327","78.14800"
"LBN","Líbano","2015","14980.02052","78.27540"
"LBN","Líbano","2016","15572.36117","78.30630"
"LBN","Líbano","2017","16128.58382","78.19220"
"LBN","Líbano","2018","16290.05165","78.26320"
"LBN","Líbano","2019","15659.56610","78.20790"
"LBN","Líbano","2020","12507.43664","76.29880"
"LBN","Líbano","2021","11599.77551","73.64950"
"LBN","Líbano","2022","11474.75058","78.00290"
"LBN","Líbano","2023","11330.26874","77.81700"
"MAC","Macao","1990","55300.74426","76.57170"
"MAC","Macao","1991","54602.05449","76.63780"
"MAC","Macao","1992","58652.78992","77.06970"
"MAC","Macao","1993","59589.97591","77.47060"
"MAC","Macao","1994","60120.65824","77.42790"
"MAC","Macao","1995","60205.70864","77.84640"
"MAC","Macao","1996","59115.23361","77.42850"
"MAC","Macao","1997","58639.52503","78.43970"
"MAC","Macao","1998","55296.50076","78.74530"
"MAC","Macao","1999","53348.01269","79.12510"
"MAC","Macao","2000","55994.76070","79.42920"
"MAC","Macao","2001","57173.85910","79.81220"
"MAC","Macao","2002","61625.95601","80.09800"
"MAC","Macao","2003","67994.77753","80.21480"
"MAC","Macao","2004","84004.45581","80.40570"
"MAC","Macao","2005","87185.52544","80.52230"
"MAC","Macao","2006","93828.31988","80.71010"
"MAC","Macao","2007","102879.63916","80.93220"
"MAC","Macao","2008","102474.66856","81.16220"
"MAC","Macao","2009","104911.14034","81.49260"
"MAC","Macao","2010","130758.28070","81.66350"
"MAC","Macao","2011","155385.32421","81.99240"
"MAC","Macao","2012","164239.26192","82.25570"
"MAC","Macao","2013","174569.52317","82.47640"
"MAC","Macao","2014","162813.43935","82.69550"
"MAC","Macao","2015","123194.06729","82.94020"
"MAC","Macao","2016","120530.05286","83.01970"
"MAC","Macao","2017","133322.63268","83.07790"
"MAC","Macao","2018","139541.15725","83.39590"
"MAC","Macao","2019","133453.89603","83.29270"
"MAC","Macao","2020","59662.48559","84.61000"
"MAC","Macao","2021","73374.44868","83.81790"
"MAC","Macao","2022","59921.44169","82.10250"
"MAC","Macao","2023","104815.20003","83.07490"
"MKD","Macedonia del Norte","1990","12904.48682","71.33920"
"MKD","Macedonia del Norte","1991","12153.49840","71.75190"
"MKD","Macedonia del Norte","1992","11486.72830","71.30180"
"MKD","Macedonia del Norte","1993","10764.70224","71.73110"
"MKD","Macedonia del Norte","1994","10650.73918","71.48700"
"MKD","Macedonia del Norte","1995","10501.08885","71.96510"
"MKD","Macedonia del Norte","1996","10551.52251","71.85370"
"MKD","Macedonia del Norte","1997","10787.53063","71.88060"
"MKD","Macedonia del Norte","1998","11092.82862","71.80250"
"MKD","Macedonia del Norte","1999","11518.95673","72.30840"
"MKD","Macedonia del Norte","2000","11988.24488","72.56900"
"MKD","Macedonia del Norte","2001","11571.81123","73.00610"
"MKD","Macedonia del Norte","2002","11830.26261","72.70900"
"MKD","Macedonia del Norte","2003","12077.84901","73.04660"
"MKD","Macedonia del Norte","2004","12683.38091","73.44750"
"MKD","Macedonia del Norte","2005","13354.46115","73.60750"
"MKD","Macedonia del Norte","2006","14118.22979","73.79070"
"MKD","Macedonia del Norte","2007","15118.24367","73.74180"
"MKD","Macedonia del Norte","2008","16038.04135","74.43630"
"MKD","Macedonia del Norte","2009","16084.22797","74.46890"
"MKD","Macedonia del Norte","2010","16731.09018","75.03740"
"MKD","Macedonia del Norte","2011","17201.23616","75.14240"
"MKD","Macedonia del Norte","2012","17189.99563","75.04300"
"MKD","Macedonia del Norte","2013","17758.22756","75.58320"
"MKD","Macedonia del Norte","2014","18452.20623","75.63270"
"MKD","Macedonia del Norte","2015","19215.07404","75.62890"
"MKD","Macedonia del Norte","2016","19825.77247","75.57100"
"MKD","Macedonia del Norte","2017","20121.05102","76.15240"
"MKD","Macedonia del Norte","2018","20805.92212","76.88350"
"MKD","Macedonia del Norte","2019","21766.88421","76.83460"
"MKD","Macedonia del Norte","2020","20971.44210","74.46870"
"MKD","Macedonia del Norte","2021","22144.19243","73.29180"
"MKD","Macedonia del Norte","2022","22822.23340","76.64550"
"MKD","Macedonia del Norte","2023","23455.22213","77.39470"
"MDG","Madagascar","1990","1968.27240","52.14030"
"MDG","Madagascar","1991","1789.84169","52.55500"
"MDG","Madagascar","1992","1757.29460","52.94640"
"MDG","Madagascar","1993","1740.29514","53.73250"
"MDG","Madagascar","1994","1686.34191","54.24690"
"MDG","Madagascar","1995","1661.27062","54.84500"
"MDG","Madagascar","1996","1643.32580","55.47680"
"MDG","Madagascar","1997","1649.44809","56.12670"
"MDG","Madagascar","1998","1658.88849","56.80280"
"MDG","Madagascar","1999","1681.35933","57.43440"
"MDG","Madagascar","2000","1701.44320","57.97420"
"MDG","Madagascar","2001","1748.50351","58.67440"
"MDG","Madagascar","2002","1486.43430","59.17040"
"MDG","Madagascar","2003","1584.74925","59.69260"
"MDG","Madagascar","2004","1620.11954","60.16840"
"MDG","Madagascar","2005","1648.17632","60.66390"
"MDG","Madagascar","2006","1686.86335","61.14040"
"MDG","Madagascar","2007","1731.61752","61.53350"
"MDG","Madagascar","2008","1794.40236","61.99190"
"MDG","Madagascar","2009","1673.15551","62.30440"
"MDG","Madagascar","2010","1635.24511","62.59670"
"MDG","Madagascar","2011","1614.55138","62.86020"
"MDG","Madagascar","2012","1617.79083","63.00680"
"MDG","Madagascar","2013","1610.60231","63.16130"
"MDG","Madagascar","2014","1620.35789","63.26150"
"MDG","Madagascar","2015","1627.58061","63.36210"
"MDG","Madagascar","2016","1648.91227","63.43120"
"MDG","Madagascar","2017","1669.72764","63.43280"
"MDG","Madagascar","2018","1678.78623","63.49110"
"MDG","Madagascar","2019","1707.83154","63.50390"
"MDG","Madagascar","2020","1545.72714","62.70600"
"MDG","Madagascar","2021","1577.43246","62.51570"
"MDG","Madagascar","2022","1602.42805","63.06770"
"MDG","Madagascar","2023","1629.60552","63.63170"
"MYS","Malasia","1990","12013.69695","70.95160"
"MYS","Malasia","1991","12795.04990","71.21920"
"MYS","Malasia","1992","13567.89361","71.48320"
"MYS","Malasia","1993","14533.79040","71.72090"
"MYS","Malasia","1994","15474.01446","71.86510"
"MYS","Malasia","1995","16568.51606","71.97920"
"MYS","Malasia","1996","17771.71188","72.11910"
"MYS","Malasia","1997","18604.51453","72.29590"
"MYS","Malasia","1998","16817.17192","72.38540"
"MYS","Malasia","1999","17428.62566","72.42780"
"MYS","Malasia","2000","18532.90967","72.73240"
"MYS","Malasia","2001","18186.44113","73.08000"
"MYS","Malasia","2002","18708.86949","73.46950"
"MYS","Malasia","2003","19329.00628","73.72730"
"MYS","Malasia","2004","20168.50621","74.02690"
"MYS","Malasia","2005","20767.58572","74.36990"
"MYS","Malasia","2006","21444.48577","74.69690"
"MYS","Malasia","2007","22305.11826","74.96110"
"MYS","Malasia","2008","22898.00276","75.15140"
"MYS","Malasia","2009","22106.64173","75.26940"
"MYS","Malasia","2010","23307.96985","75.37610"
"MYS","Malasia","2011","24115.81812","75.48780"
"MYS","Malasia","2012","25006.35878","75.55240"
"MYS","Malasia","2013","25736.35256","75.46400"
"MYS","Malasia","2014","26818.43173","75.34510"
"MYS","Malasia","2015","27699.62789","75.28760"
"MYS","Malasia","2016","28425.37076","75.37120"
"MYS","Malasia","2017","29551.54576","75.54200"
"MYS","Malasia","2018","30459.96553","75.73410"
"MYS","Malasia","2019","31300.50866","75.90050"
"MYS","Malasia","2020","29200.45263","76.05660"
"MYS","Malasia","2021","29822.84918","73.91720"
"MYS","Malasia","2022","32129.22178","75.44420"
"MYS","Malasia","2023","32857.66766","76.65710"
"MWI","Malawi","1990","1047.46436","43.57480"
"MWI","Malawi","1991","1104.39046","43.53970"
"MWI","Malawi","1992","994.03650","43.63630"
"MWI","Malawi","1993","1074.58485","43.64850"
"MWI","Malawi","1994","975.84964","43.80000"
"MWI","Malawi","1995","1140.75609","43.80430"
"MWI","Malawi","1996","1200.32058","44.00510"
"MWI","Malawi","1997","1221.09405","44.19950"
"MWI","Malawi","1998","1241.52433","44.29950"
"MWI","Malawi","1999","1249.77523","45.06000"
"MWI","Malawi","2000","1239.39175","46.16980"
"MWI","Malawi","2001","1149.58040","47.20490"
"MWI","Malawi","2002","1140.84275","48.17570"
"MWI","Malawi","2003","1176.12386","49.60130"
"MWI","Malawi","2004","1208.21970","51.07310"
"MWI","Malawi","2005","1214.74264","52.46930"
"MWI","Malawi","2006","1237.27387","53.65200"
"MWI","Malawi","2007","1318.33196","54.68670"
"MWI","Malawi","2008","1378.42887","55.71510"
"MWI","Malawi","2009","1449.72602","56.71390"
"MWI","Malawi","2010","1504.37514","57.78700"
"MWI","Malawi","2011","1533.22890","58.85890"
"MWI","Malawi","2012","1518.14804","59.86950"
"MWI","Malawi","2013","1555.50607","60.81580"
"MWI","Malawi","2014","1597.56484","61.65070"
"MWI","Malawi","2015","1597.69145","62.32400"
"MWI","Malawi","2016","1593.59549","63.16300"
"MWI","Malawi","2017","1613.05936","63.91450"
"MWI","Malawi","2018","1638.91666","64.46410"
"MWI","Malawi","2019","1687.28945","64.99500"
"MWI","Malawi","2020","1656.43985","65.21590"
"MWI","Malawi","2021","1687.59358","64.78200"
"MWI","Malawi","2022","1659.95934","66.03700"
"MWI","Malawi","2023","1649.29873","67.35350"
"MDV","Maldivas","1990","8945.80479","63.14780"
"MDV","Maldivas","1991","8799.25511","63.91060"
"MDV","Maldivas","1992","9120.99183","64.66430"
"MDV","Maldivas","1993","9378.52244","65.43430"
"MDV","Maldivas","1994","9866.07503","66.19680"
"MDV","Maldivas","1995","10894.17302","66.96190"
"MDV","Maldivas","1996","11495.09886","67.73370"
"MDV","Maldivas","1997","12210.96872","68.51710"
"MDV","Maldivas","1998","12884.72232","69.30300"
"MDV","Maldivas","1999","13449.20267","70.15670"
"MDV","Maldivas","2000","13738.28094","70.89190"
"MDV","Maldivas","2001","12977.99907","71.65930"
"MDV","Maldivas","2002","13689.80656","72.35970"
"MDV","Maldivas","2003","15316.11928","73.26340"
"MDV","Maldivas","2004","15958.65578","73.00850"
"MDV","Maldivas","2005","13942.87539","74.78460"
"MDV","Maldivas","2006","16829.97682","75.25580"
"MDV","Maldivas","2007","17439.95049","75.71080"
"MDV","Maldivas","2008","18344.48665","75.99940"
"MDV","Maldivas","2009","16230.00894","76.37140"
"MDV","Maldivas","2010","16730.01442","76.75560"
"MDV","Maldivas","2011","17581.76767","77.14090"
"MDV","Maldivas","2012","17390.14750","77.51230"
"MDV","Maldivas","2013","17986.89074","77.84740"
"MDV","Maldivas","2014","18765.35921","78.18730"
"MDV","Maldivas","2015","18829.44815","78.60730"
"MDV","Maldivas","2016","19345.17923","78.91280"
"MDV","Maldivas","2017","20036.71654","79.22780"
"MDV","Maldivas","2018","21072.58052","79.43310"
"MDV","Maldivas","2019","21855.50122","79.70710"
"MDV","Maldivas","2020","14242.97507","78.71300"
"MDV","Maldivas","2021","19052.62249","78.05200"
"MDV","Maldivas","2022","21357.81125","80.75950"
"MDV","Maldivas","2023","22333.04771","81.04120"
"MLT","Malta","1990","18208.10560","76.15970"
"MLT","Malta","1991","18832.83082","76.48840"
"MLT","Malta","1992","19513.91074","76.68000"
"MLT","Malta","1993","20185.66449","76.83370"
"MLT","Malta","1994","21127.84953","76.94570"
"MLT","Malta","1995","22311.79294","76.98170"
"MLT","Malta","1996","23003.06672","76.32110"
"MLT","Malta","1997","24029.78793","77.31580"
"MLT","Malta","1998","25097.80834","77.79870"
"MLT","Malta","1999","26127.06143","77.75250"
"MLT","Malta","2000","31068.07845","77.90310"
"MLT","Malta","2001","30602.11000","78.90230"
"MLT","Malta","2002","31207.43221","78.46680"
"MLT","Malta","2003","32147.87575","78.69610"
"MLT","Malta","2004","32062.76412","79.16610"
"MLT","Malta","2005","32776.96837","79.48940"
"MLT","Malta","2006","33420.71411","79.56110"
"MLT","Malta","2007","34981.70210","79.73750"
"MLT","Malta","2008","36287.72610","79.69040"
"MLT","Malta","2009","35512.67746","80.41550"
"MLT","Malta","2010","37528.73415","81.39770"
"MLT","Malta","2011","37740.84737","80.80380"
"MLT","Malta","2012","38937.14878","81.06380"
"MLT","Malta","2013","40921.31678","81.81810"
"MLT","Malta","2014","43163.14730","82.31760"
"MLT","Malta","2015","46171.88934","82.59140"
"MLT","Malta","2016","46967.34863","82.65670"
"MLT","Malta","2017","51628.26774","83.08910"
"MLT","Malta","2018","53419.00227","82.90830"
"MLT","Malta","2019","53393.42316","82.83870"
"MLT","Malta","2020","50389.69633","82.33580"
"MLT","Malta","2021","56823.99585","82.31610"
"MLT","Malta","2022","56874.43393","82.24960"
"MLT","Malta","2023","60459.76552","83.29890"
"MLI","Malí","1990","1890.50213","46.54150"
"MLI","Malí","1991","2087.91903","46.88920"
"MLI","Malí","1992","1942.72857","47.23810"
"MLI","Malí","1993","1985.38065","47.58550"
"MLI","Malí","1994","2051.75478","47.91400"
"MLI","Malí","1995","2022.40378","48.29250"
"MLI","Malí","1996","2105.27530","48.49970"
"MLI","Malí","1997","2142.78769","49.08590"
"MLI","Malí","1998","2228.20056","49.59190"
"MLI","Malí","1999","2269.08741","50.06030"
"MLI","Malí","2000","2187.71894","50.60460"
"MLI","Malí","2001","2458.46156","51.30040"
"MLI","Malí","2002","2455.61936","51.99540"
"MLI","Malí","2003","2611.83686","52.63200"
"MLI","Malí","2004","2565.97745","53.25270"
"MLI","Malí","2005","2546.33281","53.79250"
"MLI","Malí","2006","2555.07476","54.30460"
"MLI","Malí","2007","2515.94692","54.75610"
"MLI","Malí","2008","2523.19961","55.18680"
"MLI","Malí","2009","2575.54550","55.58830"
"MLI","Malí","2010","2632.26468","55.99310"
"MLI","Malí","2011","2623.34627","56.36730"
"MLI","Malí","2012","2520.52931","56.69590"
"MLI","Malí","2013","2528.53007","57.05230"
"MLI","Malí","2014","2609.16733","57.48180"
"MLI","Malí","2015","2686.56065","57.85190"
"MLI","Malí","2016","2759.11051","58.28570"
"MLI","Malí","2017","2816.19424","58.56200"
"MLI","Malí","2018","2862.40729","58.87280"
"MLI","Malí","2019","2916.17168","59.21730"
"MLI","Malí","2020","2796.41038","58.85770"
"MLI","Malí","2021","2796.22794","59.11600"
"MLI","Malí","2022","2813.81096","60.03470"
"MLI","Malí","2023","2861.48058","60.43940"
"MAR","Marruecos","1990","4418.66016","62.39580"
"MAR","Marruecos","1991","4656.12598","62.91860"
"MAR","Marruecos","1992","4483.24951","63.38830"
"MAR","Marruecos","1993","4379.76416","63.86790"
"MAR","Marruecos","1994","4771.09277","64.34590"
"MAR","Marruecos","1995","4444.22852","64.72460"
"MAR","Marruecos","1996","4916.47998","65.22570"
"MAR","Marruecos","1997","4766.11035","65.61590"
"MAR","Marruecos","1998","5033.92334","66.00780"
"MAR","Marruecos","1999","5043.66504","66.40370"
"MAR","Marruecos","2000","5100.11572","66.79370"
"MAR","Marruecos","2001","5417.57861","67.19960"
"MAR","Marruecos","2002","5544.07178","67.58170"
"MAR","Marruecos","2003","5810.05322","67.95770"
"MAR","Marruecos","2004","5996.39014","68.27210"
"MAR","Marruecos","2005","6103.42236","68.74750"
"MAR","Marruecos","2006","6488.67383","69.15740"
"MAR","Marruecos","2007","6620.59033","69.61970"
"MAR","Marruecos","2008","6901.95068","70.05090"
"MAR","Marruecos","2009","7063.72705","70.45430"
"MAR","Marruecos","2010","7210.63672","70.82110"
"MAR","Marruecos","2011","7503.79297","71.26340"
"MAR","Marruecos","2012","7628.64404","71.67400"
"MAR","Marruecos","2013","7839.03223","72.11740"
"MAR","Marruecos","2014","7951.79834","72.52250"
"MAR","Marruecos","2015","8198.80859","72.89380"
"MAR","Marruecos","2016","8141.94043","73.22790"
"MAR","Marruecos","2017","8450.00879","73.60790"
"MAR","Marruecos","2018","8611.75000","73.94560"
"MAR","Marruecos","2019","8768.17578","74.24460"
"MAR","Marruecos","2020","8054.56299","73.13270"
"MAR","Marruecos","2021","8623.26562","73.38480"
"MAR","Marruecos","2022","8690.44824","75.16140"
"MAR","Marruecos","2023","8915.35156","75.31280"
"MUS","Mauricio","1990","8986.03307","69.77060"
"MUS","Mauricio","1991","9283.84516","70.05060"
"MUS","Mauricio","1992","9759.21929","70.21280"
"MUS","Mauricio","1993","10134.32738","70.36470"
"MUS","Mauricio","1994","10406.77139","70.41970"
"MUS","Mauricio","1995","10760.05800","70.59950"
"MUS","Mauricio","1996","11245.70597","70.52430"
"MUS","Mauricio","1997","11737.41515","70.68360"
"MUS","Mauricio","1998","12319.88665","70.89440"
"MUS","Mauricio","1999","12481.86220","71.39030"
"MUS","Mauricio","2000","13373.65580","71.75970"
"MUS","Mauricio","2001","13712.57939","71.98530"
"MUS","Mauricio","2002","13837.62580","72.05490"
"MUS","Mauricio","2003","14551.87844","72.30740"
"MUS","Mauricio","2004","15087.06878","72.54650"
"MUS","Mauricio","2005","15264.59818","72.64390"
"MUS","Mauricio","2006","15932.81922","72.78130"
"MUS","Mauricio","2007","16774.56851","72.88560"
"MUS","Mauricio","2008","17627.11219","73.12390"
"MUS","Mauricio","2009","18171.68700","73.26000"
"MUS","Mauricio","2010","18925.57139","73.64750"
"MUS","Mauricio","2011","19678.60226","74.06780"
"MUS","Mauricio","2012","20313.03289","74.33020"
"MUS","Mauricio","2013","20952.37757","74.42980"
"MUS","Mauricio","2014","21721.30964","74.61430"
"MUS","Mauricio","2015","22499.02546","74.67300"
"MUS","Mauricio","2016","23357.23001","74.85000"
"MUS","Mauricio","2017","24258.98882","75.02400"
"MUS","Mauricio","2018","25243.88646","74.49090"
"MUS","Mauricio","2019","25958.49003","74.18110"
"MUS","Mauricio","2020","22272.53987","74.65720"
"MUS","Mauricio","2021","23010.20138","72.90300"
"MUS","Mauricio","2022","25005.06661","73.54450"
"MUS","Mauricio","2023","26471.03514","74.92630"
"MRT","Mauritania","1990","5519.61034","58.08690"
"MRT","Mauritania","1991","5456.55576","58.29070"
"MRT","Mauritania","1992","5350.11804","58.56830"
"MRT","Mauritania","1993","5439.82229","58.73270"
"MRT","Mauritania","1994","5097.20839","58.76330"
"MRT","Mauritania","1995","5446.26956","58.86150"
"MRT","Mauritania","1996","5650.34118","58.91490"
"MRT","Mauritania","1997","5302.36663","59.41710"
"MRT","Mauritania","1998","5310.15819","59.88960"
"MRT","Mauritania","1999","5359.98882","60.44260"
"MRT","Mauritania","2000","5008.60807","61.04350"
"MRT","Mauritania","2001","4847.41086","61.66170"
"MRT","Mauritania","2002","4806.89853","62.24900"
"MRT","Mauritania","2003","5023.65213","62.80470"
"MRT","Mauritania","2004","5139.22552","63.36880"
"MRT","Mauritania","2005","5445.82951","63.91970"
"MRT","Mauritania","2006","6284.70209","64.49260"
"MRT","Mauritania","2007","6002.77832","64.88450"
"MRT","Mauritania","2008","5813.35609","65.23280"
"MRT","Mauritania","2009","5639.78745","65.48500"
"MRT","Mauritania","2010","5605.76389","65.66060"
"MRT","Mauritania","2011","5653.21720","65.75440"
"MRT","Mauritania","2012","5716.25195","65.80800"
"MRT","Mauritania","2013","5769.72871","65.88990"
"MRT","Mauritania","2014","5837.85203","66.20690"
"MRT","Mauritania","2015","5969.54239","66.49820"
"MRT","Mauritania","2016","5866.28145","66.82350"
"MRT","Mauritania","2017","6050.62180","67.08850"
"MRT","Mauritania","2018","6153.63790","67.41950"
"MRT","Mauritania","2019","6162.21044","67.63970"
"MRT","Mauritania","2020","5963.23550","66.79430"
"MRT","Mauritania","2021","5836.56581","66.76180"
"MRT","Mauritania","2022","6053.26178","68.28070"
"MRT","Mauritania","2023","6276.47521","68.48360"
"FSM","Micronesia","1990","3119.81175","63.72170"
"FSM","Micronesia","1991","3290.66674","63.88130"
"FSM","Micronesia","1992","3355.54827","63.99610"
"FSM","Micronesia","1993","3552.11500","64.04100"
"FSM","Micronesia","1994","3468.05347","64.08250"
"FSM","Micronesia","1995","3672.43126","64.14210"
"FSM","Micronesia","1996","3534.41609","64.25340"
"FSM","Micronesia","1997","3304.11609","64.37140"
"FSM","Micronesia","1998","3388.51252","64.50910"
"FSM","Micronesia","1999","3417.46540","64.62610"
"FSM","Micronesia","2000","3563.89180","64.31730"
"FSM","Micronesia","2001","3618.39396","64.80130"
"FSM","Micronesia","2002","3631.74876","63.90750"
"FSM","Micronesia","2003","3701.13265","64.91480"
"FSM","Micronesia","2004","3594.57719","64.89850"
"FSM","Micronesia","2005","3710.19850","64.90650"
"FSM","Micronesia","2006","3717.65782","64.85880"
"FSM","Micronesia","2007","3684.20209","64.84370"
"FSM","Micronesia","2008","3622.04887","64.84890"
"FSM","Micronesia","2009","3702.36132","64.86520"
"FSM","Micronesia","2010","3780.25133","64.89190"
"FSM","Micronesia","2011","3917.44641","64.96850"
"FSM","Micronesia","2012","3847.14744","65.08020"
"FSM","Micronesia","2013","3696.74550","65.17860"
"FSM","Micronesia","2014","3592.81901","65.29400"
"FSM","Micronesia","2015","3739.35969","65.30650"
"FSM","Micronesia","2016","3774.03193","65.57570"
"FSM","Micronesia","2017","3838.04534","65.76120"
"FSM","Micronesia","2018","3838.64055","65.94270"
"FSM","Micronesia","2019","3965.05377","66.19570"
"FSM","Micronesia","2020","3861.29320","65.87760"
"FSM","Micronesia","2021","3955.73141","66.15160"
"FSM","Micronesia","2022","3815.79466","66.96060"
"FSM","Micronesia","2023","3841.27117","67.19830"
"MDA","Moldavia","1990","15902.89432","67.92030"
"MDA","Moldavia","1991","13342.06002","67.55370"
"MDA","Moldavia","1992","9461.42773","66.74850"
"MDA","Moldavia","1993","9363.59310","66.66000"
"MDA","Moldavia","1994","6490.35310","66.31880"
"MDA","Moldavia","1995","6428.83979","66.21790"
"MDA","Moldavia","1996","6063.14052","66.24810"
"MDA","Moldavia","1997","6185.83952","66.48430"
"MDA","Moldavia","1998","5783.48594","66.84030"
"MDA","Moldavia","1999","5597.46513","67.20470"
"MDA","Moldavia","2000","5727.07923","67.46230"
"MDA","Moldavia","2001","6090.03474","67.67250"
"MDA","Moldavia","2002","6580.27841","67.79260"
"MDA","Moldavia","2003","7034.35785","67.89980"
"MDA","Moldavia","2004","7573.61785","68.01660"
"MDA","Moldavia","2005","8161.47345","68.19690"
"MDA","Moldavia","2006","8577.02858","68.42340"
"MDA","Moldavia","2007","8854.83398","68.67380"
"MDA","Moldavia","2008","9563.69814","69.00010"
"MDA","Moldavia","2009","9001.23432","69.40570"
"MDA","Moldavia","2010","9649.95099","69.87590"
"MDA","Moldavia","2011","10217.30878","70.17320"
"MDA","Moldavia","2012","10158.38547","70.34380"
"MDA","Moldavia","2013","11080.06346","70.29070"
"MDA","Moldavia","2014","11641.12084","70.24070"
"MDA","Moldavia","2015","11691.07975","70.11800"
"MDA","Moldavia","2016","12377.36668","70.17920"
"MDA","Moldavia","2017","13118.82194","70.37500"
"MDA","Moldavia","2018","13895.50437","70.23550"
"MDA","Moldavia","2019","14621.24014","70.18100"
"MDA","Moldavia","2020","13559.26002","69.91440"
"MDA","Moldavia","2021","15682.07033","68.99080"
"MDA","Moldavia","2022","15350.31204","71.54650"
"MDA","Moldavia","2023","15980.56689","71.19850"
"MNG","Mongolia","1990","6637.81927","58.81740"
"MNG","Mongolia","1991","5874.25558","59.81780"
"MNG","Mongolia","1992","5324.48760","60.44040"
"MNG","Mongolia","1993","5162.09987","60.82860"
"MNG","Mongolia","1994","5213.84633","60.85550"
"MNG","Mongolia","1995","5457.68502","60.89090"
"MNG","Mongolia","1996","5494.32134","60.99960"
"MNG","Mongolia","1997","5628.10663","61.43770"
"MNG","Mongolia","1998","5735.84384","62.12080"
"MNG","Mongolia","1999","5829.16641","62.83460"
"MNG","Mongolia","2000","5818.24308","63.45770"
"MNG","Mongolia","2001","5917.07088","63.80550"
"MNG","Mongolia","2002","6117.98242","63.99240"
"MNG","Mongolia","2003","6463.78967","64.13490"
"MNG","Mongolia","2004","7070.66716","64.34310"
"MNG","Mongolia","2005","7499.84804","64.81050"
"MNG","Mongolia","2006","8043.99678","65.56940"
"MNG","Mongolia","2007","8750.13407","66.47130"
"MNG","Mongolia","2008","9379.85490","67.08610"
"MNG","Mongolia","2009","9095.97699","67.17270"
"MNG","Mongolia","2010","9507.11882","67.10040"
"MNG","Mongolia","2011","10960.09593","67.16700"
"MNG","Mongolia","2012","12078.91853","67.61130"
"MNG","Mongolia","2013","13210.09457","68.21010"
"MNG","Mongolia","2014","13943.42771","68.73660"
"MNG","Mongolia","2015","13974.59673","69.23860"
"MNG","Mongolia","2016","13898.14570","69.73600"
"MNG","Mongolia","2017","14401.53751","70.17090"
"MNG","Mongolia","2018","15230.24088","70.57430"
"MNG","Mongolia","2019","15790.69611","70.66310"
"MNG","Mongolia","2020","14801.34208","70.02910"
"MNG","Mongolia","2021","14792.25091","68.56540"
"MNG","Mongolia","2022","15310.43495","71.50490"
"MNG","Mongolia","2023","16222.86389","71.73410"
"MNE","Montenegro","1997","14638.73635","73.50360"
"MNE","Montenegro","1998","15402.98800","73.44180"
"MNE","Montenegro","1999","13993.35774","73.29350"
"MNE","Montenegro","2000","14452.21614","73.55220"
"MNE","Montenegro","2001","14552.49568","73.73900"
"MNE","Montenegro","2002","14770.25522","74.13060"
"MNE","Montenegro","2003","15076.65139","74.22600"
"MNE","Montenegro","2004","15716.07557","74.37890"
"MNE","Montenegro","2005","16348.89945","74.42520"
"MNE","Montenegro","2006","17727.36604","74.67130"
"MNE","Montenegro","2007","18966.45296","74.67390"
"MNE","Montenegro","2008","20238.92165","75.00060"
"MNE","Montenegro","2009","18984.93791","75.39730"
"MNE","Montenegro","2010","19476.16262","75.71250"
"MNE","Montenegro","2011","20110.48697","75.96070"
"MNE","Montenegro","2012","19576.41205","76.23670"
"MNE","Montenegro","2013","20201.29163","76.35390"
"MNE","Montenegro","2014","20641.76452","76.46790"
"MNE","Montenegro","2015","21131.84103","76.59390"
"MNE","Montenegro","2016","21834.09187","76.56470"
"MNE","Montenegro","2017","22513.78076","76.59290"
"MNE","Montenegro","2018","23562.17626","76.92150"
"MNE","Montenegro","2019","24585.11595","76.63920"
"MNE","Montenegro","2020","20904.59993","75.85030"
"MNE","Montenegro","2021","23689.97911","73.78930"
"MNE","Montenegro","2022","25583.31557","75.92140"
"MNE","Montenegro","2023","27243.40423","77.08690"
"MOZ","Mozambique","1990","547.62278","44.33690"
"MOZ","Mozambique","1991","563.51210","44.70460"
"MOZ","Mozambique","1992","510.82282","45.09530"
"MOZ","Mozambique","1993","549.04876","45.67460"
"MOZ","Mozambique","1994","546.20969","46.08580"
"MOZ","Mozambique","1995","525.41867","46.54630"
"MOZ","Mozambique","1996","562.85746","47.12080"
"MOZ","Mozambique","1997","612.37155","47.79960"
"MOZ","Mozambique","1998","660.65018","48.21210"
"MOZ","Mozambique","1999","722.30556","48.83740"
"MOZ","Mozambique","2000","711.97639","49.47620"
"MOZ","Mozambique","2001","785.79017","50.25930"
"MOZ","Mozambique","2002","842.64527","50.87930"
"MOZ","Mozambique","2003","883.23912","51.38310"
"MOZ","Mozambique","2004","934.13396","51.85510"
"MOZ","Mozambique","2005","970.38996","52.32250"
"MOZ","Mozambique","2006","1041.80472","52.74760"
"MOZ","Mozambique","2007","1095.12569","53.25540"
"MOZ","Mozambique","2008","1141.94256","53.79890"
"MOZ","Mozambique","2009","1178.70910","54.39990"
"MOZ","Mozambique","2010","1224.23020","55.03970"
"MOZ","Mozambique","2011","1275.52960","55.73340"
"MOZ","Mozambique","2012","1338.51595","56.46040"
"MOZ","Mozambique","2013","1385.83255","57.18890"
"MOZ","Mozambique","2014","1449.92927","57.96500"
"MOZ","Mozambique","2015","1512.59975","58.71100"
"MOZ","Mozambique","2016","1537.90853","59.45500"
"MOZ","Mozambique","2017","1532.00736","60.14840"
"MOZ","Mozambique","2018","1538.83512","60.79040"
"MOZ","Mozambique","2019","1528.88988","61.30590"
"MOZ","Mozambique","2020","1466.12476","61.39040"
"MOZ","Mozambique","2021","1457.23541","60.26830"
"MOZ","Mozambique","2022","1476.73433","63.01150"
"MOZ","Mozambique","2023","1512.66730","63.61110"
"MMR","Myanmar","1990","775.32825","57.15870"
"MMR","Myanmar","1991","759.28276","57.39550"
"MMR","Myanmar","1992","821.32776","57.68100"
"MMR","Myanmar","1993","859.34553","58.03240"
"MMR","Myanmar","1994","911.46843","58.32560"
"MMR","Myanmar","1995","962.20942","58.67080"
"MMR","Myanmar","1996","1011.15993","59.16890"
"MMR","Myanmar","1997","1054.76743","59.52260"
"MMR","Myanmar","1998","1102.79096","59.89600"
"MMR","Myanmar","1999","1209.01643","60.10660"
"MMR","Myanmar","2000","1359.93039","60.35670"
"MMR","Myanmar","2001","1498.31163","60.63980"
"MMR","Myanmar","2002","1661.73589","60.92450"
"MMR","Myanmar","2003","1874.17128","61.19600"
"MMR","Myanmar","2004","2110.23728","61.44250"
"MMR","Myanmar","2005","2377.90258","61.72040"
"MMR","Myanmar","2006","2669.32700","62.02630"
"MMR","Myanmar","2007","2968.30332","62.36670"
"MMR","Myanmar","2008","3254.73898","56.36370"
"MMR","Myanmar","2009","3578.17425","63.09520"
"MMR","Myanmar","2010","3893.79031","63.47910"
"MMR","Myanmar","2011","4078.61221","63.85890"
"MMR","Myanmar","2012","4340.99945","64.25110"
"MMR","Myanmar","2013","4666.95376","64.61700"
"MMR","Myanmar","2014","5006.50667","64.99410"
"MMR","Myanmar","2015","5313.88616","65.28770"
"MMR","Myanmar","2016","5580.98977","65.63990"
"MMR","Myanmar","2017","5877.87466","65.90860"
"MMR","Myanmar","2018","6201.26341","66.23220"
"MMR","Myanmar","2019","6562.98898","66.45670"
"MMR","Myanmar","2020","5926.83450","66.61210"
"MMR","Myanmar","2021","5178.44718","65.55350"
"MMR","Myanmar","2022","5350.47667","66.50580"
"MMR","Myanmar","2023","5364.13797","66.88900"
"MEX","México","1990","17169.59259","69.03420"
"MEX","México","1991","17511.73131","69.36830"
"MEX","México","1992","17796.40597","69.66330"
"MEX","México","1993","17970.58719","69.96070"
"MEX","México","1994","18422.81993","70.30170"
"MEX","México","1995","17028.12150","70.70300"
"MEX","México","1996","17775.87279","71.08760"
"MEX","México","1997","18737.64265","71.47230"
"MEX","México","1998","19573.06546","71.79240"
"MEX","México","1999","19793.28529","72.20340"
"MEX","México","2000","20470.49377","72.56210"
"MEX","México","2001","20078.21839","72.91180"
"MEX","México","2002","19744.79337","73.10560"
"MEX","México","2003","19701.46339","73.30800"
"MEX","México","2004","20127.22429","73.43240"
"MEX","México","2005","20277.25529","73.62670"
"MEX","México","2006","20965.82561","73.74570"
"MEX","México","2007","21102.26883","73.79550"
"MEX","México","2008","20992.56027","73.69490"
"MEX","México","2009","19385.54373","73.62810"
"MEX","México","2010","20058.38549","73.71810"
"MEX","México","2011","20457.60017","73.92090"
"MEX","México","2012","20898.93572","74.12780"
"MEX","México","2013","20805.34804","74.28900"
"MEX","México","2014","21069.76617","74.40440"
"MEX","México","2015","21408.92832","74.43150"
"MEX","México","2016","21578.26335","74.37630"
"MEX","México","2017","21777.52251","74.26090"
"MEX","México","2018","21997.77302","74.30090"
"MEX","México","2019","21704.18595","74.53020"
"MEX","México","2020","19728.48178","70.44920"
"MEX","México","2021","20782.58774","69.74990"
"MEX","México","2022","21391.85737","73.97310"
"MEX","México","2023","21864.92361","75.06900"
"NAM","Namibia","1990","7281.77893","61.35860"
"NAM","Namibia","1991","7618.33278","60.83260"
"NAM","Namibia","1992","7911.01026","60.16010"
"NAM","Namibia","1993","7541.56082","59.26040"
"NAM","Namibia","1994","7437.33529","58.44070"
"NAM","Namibia","1995","7506.10484","57.51780"
"NAM","Namibia","1996","7538.92462","56.63870"
"NAM","Namibia","1997","7656.32513","55.84440"
"NAM","Namibia","1998","7709.89004","54.76720"
"NAM","Namibia","1999","7773.94354","53.98250"
"NAM","Namibia","2000","7858.38790","52.94620"
"NAM","Namibia","2001","7786.54169","51.98030"
"NAM","Namibia","2002","8017.28134","51.98820"
"NAM","Namibia","2003","8237.36597","51.91780"
"NAM","Namibia","2004","9130.82442","52.17550"
"NAM","Namibia","2005","9245.13653","52.55700"
"NAM","Namibia","2006","9773.29833","53.18260"
"NAM","Namibia","2007","10162.24007","54.02600"
"NAM","Namibia","2008","10286.51241","54.74010"
"NAM","Namibia","2009","10166.28995","55.34740"
"NAM","Namibia","2010","10614.62016","56.09350"
"NAM","Namibia","2011","10965.27298","56.64670"
"NAM","Namibia","2012","11266.60895","57.73350"
"NAM","Namibia","2013","11593.57538","58.46750"
"NAM","Namibia","2014","11982.69636","59.31130"
"NAM","Namibia","2015","12166.56584","60.00830"
"NAM","Namibia","2016","11846.78808","60.80980"
"NAM","Namibia","2017","11408.72531","61.66100"
"NAM","Namibia","2018","11214.38604","62.57870"
"NAM","Namibia","2019","10813.30447","63.54630"
"NAM","Namibia","2020","9652.24827","64.07120"
"NAM","Namibia","2021","9709.09931","60.84990"
"NAM","Namibia","2022","9953.09752","64.19030"
"NAM","Namibia","2023","10126.23596","67.38480"
"NRU","Nauru","1990","30127.22588","59.10180"
"NRU","Nauru","1991","23840.01390","59.31240"
"NRU","Nauru","1992","19622.90299","59.51840"
"NRU","Nauru","1993","16328.22672","59.76130"
"NRU","Nauru","1994","15642.76126","59.95380"
"NRU","Nauru","1995","14363.64034","60.06270"
"NRU","Nauru","1996","12637.79533","60.07040"
"NRU","Nauru","1997","11490.46230","59.98480"
"NRU","Nauru","1998","10134.97319","59.86000"
"NRU","Nauru","1999","9479.51290","59.70070"
"NRU","Nauru","2000","8846.08125","59.57430"
"NRU","Nauru","2001","8278.92548","59.48230"
"NRU","Nauru","2002","7488.89153","59.42700"
"NRU","Nauru","2003","7527.37549","59.35870"
"NRU","Nauru","2004","7201.87094","59.34550"
"NRU","Nauru","2005","7209.75437","59.36080"
"NRU","Nauru","2006","7830.71819","59.40860"
"NRU","Nauru","2007","6110.38388","59.48990"
"NRU","Nauru","2008","7340.51911","59.67540"
"NRU","Nauru","2009","6927.86734","59.85240"
"NRU","Nauru","2010","6909.24219","60.07410"
"NRU","Nauru","2011","7882.14106","60.28680"
"NRU","Nauru","2012","9640.80144","60.53260"
"NRU","Nauru","2013","9799.73803","60.70090"
"NRU","Nauru","2014","11114.39123","60.83350"
"NRU","Nauru","2015","11271.91227","60.89690"
"NRU","Nauru","2016","11531.36301","60.99580"
"NRU","Nauru","2017","10633.27664","61.10110"
"NRU","Nauru","2018","10402.61310","61.23780"
"NRU","Nauru","2019","11184.52849","61.39310"
"NRU","Nauru","2020","11306.02077","61.52710"
"NRU","Nauru","2021","12113.78776","61.33120"
"NRU","Nauru","2022","12019.34929","61.93040"
"NRU","Nauru","2023","11858.51847","62.10940"
"NPL","Nepal","1990","1808.26490","54.77080"
"NPL","Nepal","1991","1874.27514","55.64990"
"NPL","Nepal","1992","1896.97166","56.68640"
"NPL","Nepal","1993","1916.94353","57.59740"
"NPL","Nepal","1994","2023.11520","58.63070"
"NPL","Nepal","1995","2043.60517","59.32290"
"NPL","Nepal","1996","2105.50833","60.04370"
"NPL","Nepal","1997","2166.31263","60.82260"
"NPL","Nepal","1998","2188.22202","61.53220"
"NPL","Nepal","1999","2242.65012","62.03530"
"NPL","Nepal","2000","2340.81563","62.64240"
"NPL","Nepal","2001","2413.81421","63.28810"
"NPL","Nepal","2002","2380.24425","63.50710"
"NPL","Nepal","2003","2439.49480","64.22910"
"NPL","Nepal","2004","2521.54105","64.74390"
"NPL","Nepal","2005","2580.23106","65.27550"
"NPL","Nepal","2006","2641.34799","65.89070"
"NPL","Nepal","2007","2708.71439","66.16860"
"NPL","Nepal","2008","2852.60983","66.44250"
"NPL","Nepal","2009","2961.83900","66.60040"
"NPL","Nepal","2010","3085.31407","66.77240"
"NPL","Nepal","2011","3176.65041","67.12340"
"NPL","Nepal","2012","3316.50073","67.36370"
"NPL","Nepal","2013","3426.55796","67.59780"
"NPL","Nepal","2014","3621.73169","67.81200"
"NPL","Nepal","2015","3745.26182","67.37360"
"NPL","Nepal","2016","3743.74458","68.44360"
"NPL","Nepal","2017","4071.70432","68.73980"
"NPL","Nepal","2018","4371.38572","69.03600"
"NPL","Nepal","2019","4607.52455","69.29920"
"NPL","Nepal","2020","4412.54204","69.10650"
"NPL","Nepal","2021","4546.22970","68.38460"
"NPL","Nepal","2022","4763.38751","70.08690"
"NPL","Nepal","2023","4861.23030","70.35370"
"NIC","Nicaragua","1990","4217.60862","62.47290"
"NIC","Nicaragua","1991","4113.68724","63.30960"
"NIC","Nicaragua","1992","4037.27524","63.67170"
"NIC","Nicaragua","1993","3934.09251","64.09280"
"NIC","Nicaragua","1994","3979.98509","64.54900"
"NIC","Nicaragua","1995","4130.28587","64.86930"
"NIC","Nicaragua","1996","4311.49290","65.21480"
"NIC","Nicaragua","1997","4408.32863","65.52310"
"NIC","Nicaragua","1998","4502.59809","64.11090"
"NIC","Nicaragua","1999","4750.94857","65.89240"
"NIC","Nicaragua","2000","4878.24747","66.36010"
"NIC","Nicaragua","2001","4958.32740","67.02810"
"NIC","Nicaragua","2002","4935.48508","67.95040"
"NIC","Nicaragua","2003","5000.61146","68.74870"
"NIC","Nicaragua","2004","5204.38171","69.51010"
"NIC","Nicaragua","2005","5356.95818","70.37450"
"NIC","Nicaragua","2006","5500.40544","70.95780"
"NIC","Nicaragua","2007","5697.21074","71.19730"
"NIC","Nicaragua","2008","5809.09929","71.40430"
"NIC","Nicaragua","2009","5538.36555","71.49860"
"NIC","Nicaragua","2010","5701.12755","71.76080"
"NIC","Nicaragua","2011","5976.25248","72.03290"
"NIC","Nicaragua","2012","6275.78730","72.43460"
"NIC","Nicaragua","2013","6494.14921","72.55130"
"NIC","Nicaragua","2014","6712.21708","72.79200"
"NIC","Nicaragua","2015","6939.03243","72.89890"
"NIC","Nicaragua","2016","7158.75755","73.18030"
"NIC","Nicaragua","2017","7391.19638","73.38920"
"NIC","Nicaragua","2018","7049.02710","73.87870"
"NIC","Nicaragua","2019","6756.59334","73.76370"
"NIC","Nicaragua","2020","6523.36945","70.76620"
"NIC","Nicaragua","2021","7119.16875","70.47770"
"NIC","Nicaragua","2022","7277.82042","74.46260"
"NIC","Nicaragua","2023","7496.53057","74.94680"
"NGA","Nigeria","1990","5423.80690","45.73270"
"NGA","Nigeria","1991","5301.36342","45.48320"
"NGA","Nigeria","1992","5403.15312","45.58740"
"NGA","Nigeria","1993","5154.75758","45.78260"
"NGA","Nigeria","1994","4929.26828","45.74760"
"NGA","Nigeria","1995","4797.51152","45.87010"
"NGA","Nigeria","1996","4869.82113","45.83280"
"NGA","Nigeria","1997","4884.04743","45.95980"
"NGA","Nigeria","1998","4880.87997","46.14790"
"NGA","Nigeria","1999","4781.67311","46.60880"
"NGA","Nigeria","2000","4889.00322","47.14270"
"NGA","Nigeria","2001","5039.54870","47.54930"
"NGA","Nigeria","2002","5654.89706","48.02010"
"NGA","Nigeria","2003","5905.31483","48.61800"
"NGA","Nigeria","2004","6275.29895","49.14770"
"NGA","Nigeria","2005","6496.93228","49.53770"
"NGA","Nigeria","2006","6702.94533","49.87600"
"NGA","Nigeria","2007","6949.42651","50.38120"
"NGA","Nigeria","2008","7215.76946","50.74830"
"NGA","Nigeria","2009","7581.40572","51.08010"
"NGA","Nigeria","2010","7962.63957","51.31450"
"NGA","Nigeria","2011","8153.53179","51.49020"
"NGA","Nigeria","2012","8265.90551","51.68760"
"NGA","Nigeria","2013","8581.20782","51.82710"
"NGA","Nigeria","2014","8884.77429","51.94010"
"NGA","Nigeria","2015","8892.05799","51.93940"
"NGA","Nigeria","2016","8534.69281","52.18940"
"NGA","Nigeria","2017","8396.78452","52.39710"
"NGA","Nigeria","2018","8362.62331","52.66900"
"NGA","Nigeria","2019","8361.78665","53.00860"
"NGA","Nigeria","2020","7664.21100","53.07240"
"NGA","Nigeria","2021","7588.47886","53.45500"
"NGA","Nigeria","2022","7752.26206","54.07900"
"NGA","Nigeria","2023","7843.00399","54.46230"
"NOR","Noruega","1990","56608.25475","76.58640"
"NOR","Noruega","1991","57949.69868","77.03820"
"NOR","Noruega","1992","59669.75902","77.24610"
"NOR","Noruega","1993","61019.81610","77.22070"
"NOR","Noruega","1994","63730.89646","77.77280"
"NOR","Noruega","1995","66033.88378","77.79660"
"NOR","Noruega","1996","68964.97562","78.23260"
"NOR","Noruega","1997","72084.81392","78.23820"
"NOR","Noruega","1998","73610.18967","78.40810"
"NOR","Noruega","1999","74703.51991","78.38640"
"NOR","Noruega","2000","76775.94206","78.69160"
"NOR","Noruega","2001","78041.01463","78.89580"
"NOR","Noruega","2002","78752.59316","78.96020"
"NOR","Noruega","2003","79150.39629","79.52910"
"NOR","Noruega","2004","82091.19350","79.96450"
"NOR","Noruega","2005","83955.33650","80.16950"
"NOR","Noruega","2006","85653.13678","80.44040"
"NOR","Noruega","2007","87670.86180","80.50240"
"NOR","Noruega","2008","87297.39803","80.67720"
"NOR","Noruega","2009","84812.68513","80.86550"
"NOR","Noruega","2010","84604.51439","81.03920"
"NOR","Noruega","2011","84670.83444","81.24540"
"NOR","Noruega","2012","85925.87234","81.44580"
"NOR","Noruega","2013","85973.76950","81.66830"
"NOR","Noruega","2014","86790.79246","82.08690"
"NOR","Noruega","2015","87688.11967","82.27280"
"NOR","Noruega","2016","88041.64148","82.41510"
"NOR","Noruega","2017","89664.90864","82.62420"
"NOR","Noruega","2018","90064.06880","82.75990"
"NOR","Noruega","2019","90772.90170","82.95530"
"NOR","Noruega","2020","89012.27238","83.19530"
"NOR","Noruega","2021","92205.76986","83.16560"
"NOR","Noruega","2022","95109.82016","82.63090"
"NOR","Noruega","2023","94364.96418","83.30780"
"NZL","Nueva Zelanda","1990","30785.70175","75.42520"
"NZL","Nueva Zelanda","1991","29014.14994","76.07890"
"NZL","Nueva Zelanda","1992","29029.58114","76.19070"
"NZL","Nueva Zelanda","1993","30532.58802","76.49870"
"NZL","Nueva Zelanda","1994","31669.54065","76.91780"
"NZL","Nueva Zelanda","1995","32687.46577","76.78530"
"NZL","Nueva Zelanda","1996","33329.53010","76.80690"
"NZL","Nueva Zelanda","1997","33577.72550","77.34410"
"NZL","Nueva Zelanda","1998","33565.73122","78.16670"
"NZL","Nueva Zelanda","1999","35187.23572","77.91070"
"NZL","Nueva Zelanda","2000","35984.62880","78.66810"
"NZL","Nueva Zelanda","2001","36995.06032","78.66150"
"NZL","Nueva Zelanda","2002","38072.27138","78.86590"
"NZL","Nueva Zelanda","2003","39092.34552","79.14140"
"NZL","Nueva Zelanda","2004","40091.13995","79.35480"
"NZL","Nueva Zelanda","2005","40970.29584","80.03080"
"NZL","Nueva Zelanda","2006","41596.83113","80.01520"
"NZL","Nueva Zelanda","2007","42473.11826","80.12200"
"NZL","Nueva Zelanda","2008","41682.24591","80.24570"
"NZL","Nueva Zelanda","2009","41250.99857","80.54500"
"NZL","Nueva Zelanda","2010","41395.37038","81.05170"
"NZL","Nueva Zelanda","2011","41961.92023","80.84220"
"NZL","Nueva Zelanda","2012","42693.42345","81.16680"
"NZL","Nueva Zelanda","2013","43453.28142","81.61190"
"NZL","Nueva Zelanda","2014","44369.76642","81.41060"
"NZL","Nueva Zelanda","2015","45097.01647","81.58660"
"NZL","Nueva Zelanda","2016","45746.13598","82.00270"
"NZL","Nueva Zelanda","2017","46285.98110","81.60530"
"NZL","Nueva Zelanda","2018","46974.68184","81.88380"
"NZL","Nueva Zelanda","2019","47392.19331","81.83220"
"NZL","Nueva Zelanda","2020","46326.38047","82.66280"
"NZL","Nueva Zelanda","2021","48202.09134","82.30030"
"NZL","Nueva Zelanda","2022","49842.98453","81.00610"
"NZL","Nueva Zelanda","2023","49592.58755","82.08800"
"NER","Níger","1990","1420.23063","41.73240"
"NER","Níger","1991","1370.83565","42.28920"
"NER","Níger","1992","1355.33099","43.06440"
"NER","Níger","1993","1317.38597","43.83820"
"NER","Níger","1994","1299.34992","44.58620"
"NER","Níger","1995","1287.93638","45.50390"
"NER","Níger","1996","1246.83503","46.31330"
"NER","Níger","1997","1224.53934","47.09750"
"NER","Níger","1998","1301.84495","47.80660"
"NER","Níger","1999","1255.05402","48.48010"
"NER","Níger","2000","1197.63477","49.17250"
"NER","Níger","2001","1240.38544","49.87220"
"NER","Níger","2002","1256.23701","50.64480"
"NER","Níger","2003","1238.58781","51.54480"
"NER","Níger","2004","1199.15938","52.40190"
"NER","Níger","2005","1241.20065","53.32030"
"NER","Níger","2006","1267.60141","54.22280"
"NER","Níger","2007","1260.18545","55.06280"
"NER","Níger","2008","1308.27517","55.85150"
"NER","Níger","2009","1285.27757","56.48710"
"NER","Níger","2010","1344.49887","57.07960"
"NER","Níger","2011","1325.92647","57.60010"
"NER","Níger","2012","1411.52001","57.98670"
"NER","Níger","2013","1431.71115","58.36400"
"NER","Níger","2014","1471.50555","58.69340"
"NER","Níger","2015","1480.39815","58.84980"
"NER","Níger","2016","1488.08648","59.22830"
"NER","Níger","2017","1515.48307","59.52390"
"NER","Níger","2018","1565.01970","59.76460"
"NER","Níger","2019","1605.19477","60.03100"
"NER","Níger","2020","1622.27874","59.89030"
"NER","Níger","2021","1587.84785","59.54220"
"NER","Níger","2022","1724.89699","60.39810"
"NER","Níger","2023","1712.97032","61.18330"
"OMN","Omán","1990","35201.55249","69.01200"
"OMN","Omán","1991","35574.67614","69.58370"
"OMN","Omán","1992","36841.40116","70.11390"
"OMN","Omán","1993","37455.34026","70.60760"
"OMN","Omán","1994","37782.72383","71.07220"
"OMN","Omán","1995","38946.77427","71.56030"
"OMN","Omán","1996","39455.82641","72.02310"
"OMN","Omán","1997","41191.03124","72.46300"
"OMN","Omán","1998","40574.67449","72.88170"
"OMN","Omán","1999","40145.93128","73.27610"
"OMN","Omán","2000","42086.04315","73.64280"
"OMN","Omán","2001","43492.28638","73.97880"
"OMN","Omán","2002","42654.14827","74.27610"
"OMN","Omán","2003","41247.58737","74.52130"
"OMN","Omán","2004","41351.76874","74.82040"
"OMN","Omán","2005","41551.14138","75.07050"
"OMN","Omán","2006","42540.43985","75.35430"
"OMN","Omán","2007","43696.96914","75.59590"
"OMN","Omán","2008","46586.39559","76.12400"
"OMN","Omán","2009","48304.11789","76.63090"
"OMN","Omán","2010","48191.61451","77.18440"
"OMN","Omán","2011","44440.30926","77.74050"
"OMN","Omán","2012","41964.08286","78.18740"
"OMN","Omán","2013","40854.48535","78.63260"
"OMN","Omán","2014","39639.98705","79.03000"
"OMN","Omán","2015","39813.78871","79.34570"
"OMN","Omán","2016","39860.98939","79.58130"
"OMN","Omán","2017","38691.10771","79.74830"
"OMN","Omán","2018","38673.60454","79.86420"
"OMN","Omán","2019","38292.38597","79.94560"
"OMN","Omán","2020","37560.59987","77.76340"
"OMN","Omán","2021","38719.45877","75.96930"
"OMN","Omán","2022","39780.21228","77.91060"
"OMN","Omán","2023","37793.61640","80.03050"
"PAK","Pakistán","1990","3199.72963","59.72820"
"PAK","Pakistán","1991","3252.35104","59.86380"
"PAK","Pakistán","1992","3404.12138","59.98260"
"PAK","Pakistán","1993","3369.23796","60.08290"
"PAK","Pakistán","1994","3395.50432","60.19680"
"PAK","Pakistán","1995","3462.47336","60.27350"
"PAK","Pakistán","1996","3526.14161","60.46590"
"PAK","Pakistán","1997","3462.58146","60.62340"
"PAK","Pakistán","1998","3454.17665","61.13380"
"PAK","Pakistán","1999","3484.45678","61.53960"
"PAK","Pakistán","2000","3531.71292","61.90290"
"PAK","Pakistán","2001","3559.72785","62.24060"
"PAK","Pakistán","2002","3563.67847","62.55610"
"PAK","Pakistán","2003","3668.77939","62.83430"
"PAK","Pakistán","2004","3859.64602","63.09720"
"PAK","Pakistán","2005","4042.15458","62.41630"
"PAK","Pakistán","2006","4185.86656","63.62350"
"PAK","Pakistán","2007","4257.92557","63.80750"
"PAK","Pakistán","2008","4233.34831","64.00210"
"PAK","Pakistán","2009","4270.43882","64.20590"
"PAK","Pakistán","2010","4228.78177","64.37840"
"PAK","Pakistán","2011","4246.06711","64.65880"
"PAK","Pakistán","2012","4292.02110","64.88340"
"PAK","Pakistán","2013","4407.14706","65.12850"
"PAK","Pakistán","2014","4520.23463","65.37400"
"PAK","Pakistán","2015","4645.28631","65.64060"
"PAK","Pakistán","2016","4886.61212","65.94340"
"PAK","Pakistán","2017","5031.56061","66.22330"
"PAK","Pakistán","2018","5255.06351","66.48070"
"PAK","Pakistán","2019","5295.95295","66.72880"
"PAK","Pakistán","2020","5135.01459","65.70150"
"PAK","Pakistán","2021","5367.27365","65.77310"
"PAK","Pakistán","2022","5526.27928","67.41670"
"PAK","Pakistán","2023","5418.76932","67.64900"
"PLW","Palau","1990","17807.53008","62.79040"
"PLW","Palau","1991","18256.29920","62.84860"
"PLW","Palau","1992","16687.11632","62.92560"
"PLW","Palau","1993","14292.23830","62.97960"
"PLW","Palau","1994","14971.62059","63.10410"
"PLW","Palau","1995","16193.14492","63.25510"
"PLW","Palau","1996","17412.42784","63.45510"
"PLW","Palau","1997","17366.31228","63.70740"
"PLW","Palau","1998","17315.83418","63.95070"
"PLW","Palau","1999","16054.05035","64.22980"
"PLW","Palau","2000","15410.17403","64.49910"
"PLW","Palau","2001","16393.45210","64.80010"
"PLW","Palau","2002","17033.49027","65.07560"
"PLW","Palau","2003","16538.76884","65.44600"
"PLW","Palau","2004","16974.06829","65.81580"
"PLW","Palau","2005","17464.62082","66.21930"
"PLW","Palau","2006","17706.36736","66.63340"
"PLW","Palau","2007","18096.79895","67.11280"
"PLW","Palau","2008","17355.24230","67.56180"
"PLW","Palau","2009","16541.12063","67.99040"
"PLW","Palau","2010","16313.42877","68.34730"
"PLW","Palau","2011","17354.93368","68.63840"
"PLW","Palau","2012","18024.75410","68.86320"
"PLW","Palau","2013","17891.37844","68.98050"
"PLW","Palau","2014","18574.78895","69.06200"
"PLW","Palau","2015","20104.23154","69.07020"
"PLW","Palau","2016","20408.26133","69.04640"
"PLW","Palau","2017","19693.40824","69.01890"
"PLW","Palau","2018","19608.96170","68.98850"
"PLW","Palau","2019","19685.60380","68.98160"
"PLW","Palau","2020","18509.24919","68.68890"
"PLW","Palau","2021","16312.19022","68.56290"
"PLW","Palau","2022","16258.62713","68.92220"
"PLW","Palau","2023","16487.15375","69.26900"
"PSE","Palestina","1994","3966.68875","69.32830"
"PSE","Palestina","1995","4062.96290","69.58290"
"PSE","Palestina","1996","3932.22695","69.98160"
"PSE","Palestina","1997","4311.53877","70.32770"
"PSE","Palestina","1998","4805.19157","70.56420"
"PSE","Palestina","1999","5071.82122","70.78870"
"PSE","Palestina","2000","4520.88993","70.29840"
"PSE","Palestina","2001","3996.50878","69.75000"
"PSE","Palestina","2002","3409.17287","70.88050"
"PSE","Palestina","2003","3788.92653","70.96720"
"PSE","Palestina","2004","4503.08034","71.09430"
"PSE","Palestina","2005","4885.07252","72.00410"
"PSE","Palestina","2006","4714.37332","71.83060"
"PSE","Palestina","2007","4769.52328","72.06360"
"PSE","Palestina","2008","4984.80580","72.20450"
"PSE","Palestina","2009","5270.66332","72.30600"
"PSE","Palestina","2010","5432.24363","73.30180"
"PSE","Palestina","2011","5805.32115","73.55720"
"PSE","Palestina","2012","6009.10926","73.72180"
"PSE","Palestina","2013","6142.20204","74.14040"
"PSE","Palestina","2014","5990.42662","72.78140"
"PSE","Palestina","2015","6072.65032","74.57730"
"PSE","Palestina","2016","6464.13353","74.91680"
"PSE","Palestina","2017","6426.79522","75.21590"
"PSE","Palestina","2018","6342.93748","75.37980"
"PSE","Palestina","2019","6269.89135","75.81140"
"PSE","Palestina","2020","5423.68255","74.99780"
"PSE","Palestina","2021","5663.12161","73.88960"
"PSE","Palestina","2022","5753.08396","76.66240"
"PSE","Palestina","2023","5562.42443","65.17030"
"PAN","Panamá","1990","10263.69284","71.26550"
"PAN","Panamá","1991","10994.55388","71.33100"
"PAN","Panamá","1992","11649.80024","71.46130"
"PAN","Panamá","1993","12032.81226","71.80460"
"PAN","Panamá","1994","12123.35393","71.94290"
"PAN","Panamá","1995","12086.64812","71.99440"
"PAN","Panamá","1996","12327.85629","72.19900"
"PAN","Panamá","1997","13013.89599","72.54150"
"PAN","Panamá","1998","13826.53768","72.78460"
"PAN","Panamá","1999","14261.74646","73.12390"
"PAN","Panamá","2000","14572.98087","73.44320"
"PAN","Panamá","2001","14427.83554","73.81970"
"PAN","Panamá","2002","14507.14942","74.19470"
"PAN","Panamá","2003","14957.55905","74.56710"
"PAN","Panamá","2004","15875.11882","74.84530"
"PAN","Panamá","2005","16867.96745","75.16040"
"PAN","Panamá","2006","18190.28115","75.42910"
"PAN","Panamá","2007","20208.82939","75.67510"
"PAN","Panamá","2008","21867.82722","75.93700"
"PAN","Panamá","2009","21822.99614","76.22830"
"PAN","Panamá","2010","22739.11941","76.41700"
"PAN","Panamá","2011","24999.47027","76.65940"
"PAN","Panamá","2012","26926.89569","76.87670"
"PAN","Panamá","2013","28135.33878","77.12920"
"PAN","Panamá","2014","28931.81564","77.36450"
"PAN","Panamá","2015","29933.16715","77.58270"
"PAN","Panamá","2016","30765.24907","77.77240"
"PAN","Panamá","2017","31979.82464","77.90110"
"PAN","Panamá","2018","32681.47299","78.26560"
"PAN","Panamá","2019","33163.71728","78.51450"
"PAN","Panamá","2020","26881.82772","76.33020"
"PAN","Panamá","2021","30932.76278","77.00370"
"PAN","Panamá","2022","33915.16933","79.32410"
"PAN","Panamá","2023","35872.97192","79.59370"
"PNG","Papúa Nueva Guinea","1990","3164.55429","59.77800"
"PNG","Papúa Nueva Guinea","1991","3358.61893","59.94000"
"PNG","Papúa Nueva Guinea","1992","3690.81787","60.26030"
"PNG","Papúa Nueva Guinea","1993","4206.96808","60.46580"
"PNG","Papúa Nueva Guinea","1994","4298.44185","60.72580"
"PNG","Papúa Nueva Guinea","1995","4009.23567","60.92880"
"PNG","Papúa Nueva Guinea","1996","4167.57014","61.07050"
"PNG","Papúa Nueva Guinea","1997","3864.72542","61.26970"
"PNG","Papúa Nueva Guinea","1998","3590.56012","60.43480"
"PNG","Papúa Nueva Guinea","1999","3532.11204","61.50530"
"PNG","Papúa Nueva Guinea","2000","3327.22486","61.60910"
"PNG","Papúa Nueva Guinea","2001","3212.17085","61.64650"
"PNG","Papúa Nueva Guinea","2002","3101.19240","61.64320"
"PNG","Papúa Nueva Guinea","2003","3064.83667","61.74100"
"PNG","Papúa Nueva Guinea","2004","3046.72322","61.79540"
"PNG","Papúa Nueva Guinea","2005","3136.98757","61.86780"
"PNG","Papúa Nueva Guinea","2006","3202.89764","62.01800"
"PNG","Papúa Nueva Guinea","2007","3346.27900","62.21110"
"PNG","Papúa Nueva Guinea","2008","3234.33248","62.51060"
"PNG","Papúa Nueva Guinea","2009","3350.07264","62.77220"
"PNG","Papúa Nueva Guinea","2010","3579.63001","63.05570"
"PNG","Papúa Nueva Guinea","2011","3515.28313","63.38190"
"PNG","Papúa Nueva Guinea","2012","3577.91015","63.63890"
"PNG","Papúa Nueva Guinea","2013","3615.74646","63.92670"
"PNG","Papúa Nueva Guinea","2014","3999.13039","64.19770"
"PNG","Papúa Nueva Guinea","2015","4155.05564","64.47300"
"PNG","Papúa Nueva Guinea","2016","4276.29643","64.70000"
"PNG","Papúa Nueva Guinea","2017","4322.77662","64.92290"
"PNG","Papúa Nueva Guinea","2018","4211.68504","65.11390"
"PNG","Papúa Nueva Guinea","2019","4302.16255","65.33060"
"PNG","Papúa Nueva Guinea","2020","4078.15378","65.07500"
"PNG","Papúa Nueva Guinea","2021","3977.44297","64.35770"
"PNG","Papúa Nueva Guinea","2022","4126.03032","65.27360"
"PNG","Papúa Nueva Guinea","2023","4206.37835","66.13400"
"PRY","Paraguay","1990","9961.22171","67.34050"
"PRY","Paraguay","1991","10039.04385","67.67580"
"PRY","Paraguay","1992","9947.16439","67.96090"
"PRY","Paraguay","1993","10177.16894","68.23360"
"PRY","Paraguay","1994","10457.76855","68.50390"
"PRY","Paraguay","1995","10906.89461","68.77750"
"PRY","Paraguay","1996","10823.91992","69.05040"
"PRY","Paraguay","1997","11031.62192","69.28350"
"PRY","Paraguay","1998","10801.19505","69.50750"
"PRY","Paraguay","1999","10434.08037","69.77390"
"PRY","Paraguay","2000","9997.32973","70.02590"
"PRY","Paraguay","2001","9748.02703","70.28080"
"PRY","Paraguay","2002","9609.53365","70.53930"
"PRY","Paraguay","2003","9902.19918","70.79490"
"PRY","Paraguay","2004","10185.90744","71.05400"
"PRY","Paraguay","2005","10288.80087","71.31740"
"PRY","Paraguay","2006","10671.64500","71.58370"
"PRY","Paraguay","2007","11140.46291","71.81730"
"PRY","Paraguay","2008","11749.65464","72.04750"
"PRY","Paraguay","2009","11599.81986","72.28210"
"PRY","Paraguay","2010","12736.96729","72.55060"
"PRY","Paraguay","2011","13107.81044","72.78750"
"PRY","Paraguay","2012","12833.18016","73.10460"
"PRY","Paraguay","2013","13698.97223","73.29160"
"PRY","Paraguay","2014","14217.55809","73.41450"
"PRY","Paraguay","2015","14425.77759","73.45350"
"PRY","Paraguay","2016","14824.79063","73.48650"
"PRY","Paraguay","2017","15318.40122","73.44950"
"PRY","Paraguay","2018","15591.01427","73.62710"
"PRY","Paraguay","2019","15319.38900","73.66810"
"PRY","Paraguay","2020","14989.76671","72.71970"
"PRY","Paraguay","2021","15400.94463","68.10810"
"PRY","Paraguay","2022","15222.89202","72.31850"
"PRY","Paraguay","2023","15831.58498","73.84430"
"NLD","Países Bajos","1990","43128.30717","77.01220"
"NLD","Países Bajos","1991","43833.47851","77.16170"
"NLD","Países Bajos","1992","44245.51982","77.36480"
"NLD","Países Bajos","1993","44490.75045","77.04080"
"NLD","Países Bajos","1994","45532.79867","77.51830"
"NLD","Países Bajos","1995","46720.28193","77.55120"
"NLD","Países Bajos","1996","48095.98684","77.55610"
"NLD","Países Bajos","1997","49881.89475","77.93110"
"NLD","Países Bajos","1998","51879.35967","78.00440"
"NLD","Países Bajos","1999","54134.35145","77.96780"
"NLD","Países Bajos","2000","56016.83279","78.13000"
"NLD","Países Bajos","2001","56887.39764","78.33790"
"NLD","Países Bajos","2002","56664.40274","78.41190"
"NLD","Países Bajos","2003","56452.86955","78.66490"
"NLD","Países Bajos","2004","57391.35163","79.23890"
"NLD","Países Bajos","2005","58422.03041","79.48800"
"NLD","Países Bajos","2006","60391.51550","79.84660"
"NLD","Países Bajos","2007","62601.66128","80.25500"
"NLD","Países Bajos","2008","63678.40055","80.38660"
"NLD","Países Bajos","2009","61029.73298","80.67120"
"NLD","Países Bajos","2010","61518.57690","80.82930"
"NLD","Países Bajos","2011","62318.13912","81.10960"
"NLD","Países Bajos","2012","61480.84164","81.05900"
"NLD","Países Bajos","2013","61281.31257","81.30110"
"NLD","Países Bajos","2014","62045.84920","81.65030"
"NLD","Países Bajos","2015","63081.40835","81.49000"
"NLD","Países Bajos","2016","64267.74766","81.55490"
"NLD","Países Bajos","2017","65665.99102","81.73660"
"NLD","Países Bajos","2018","66758.24543","81.78130"
"NLD","Países Bajos","2019","67847.88185","82.05300"
"NLD","Países Bajos","2020","64862.18904","81.39310"
"NLD","Países Bajos","2021","68573.56488","81.35600"
"NLD","Países Bajos","2022","71324.03602","81.91210"
"NLD","Países Bajos","2023","70198.95460","82.15760"
"PER","Perú","1990","6316.22691","63.97910"
"PER","Perú","1991","6321.72201","64.24800"
"PER","Perú","1992","6160.80457","65.03110"
"PER","Perú","1993","6354.40466","65.73190"
"PER","Perú","1994","6996.76186","66.54390"
"PER","Perú","1995","7371.04799","67.21960"
"PER","Perú","1996","7436.18932","67.84990"
"PER","Perú","1997","7772.77834","68.32410"
"PER","Perú","1998","7602.78356","68.72400"
"PER","Perú","1999","7584.30465","69.30200"
"PER","Perú","2000","7668.06078","69.82100"
"PER","Perú","2001","7610.63949","70.31500"
"PER","Perú","2002","7930.50981","70.81470"
"PER","Perú","2003","8173.27673","71.27770"
"PER","Perú","2004","8494.84031","71.44670"
"PER","Perú","2005","8948.74711","71.98820"
"PER","Perú","2006","9546.62530","72.33650"
"PER","Perú","2007","10284.96722","72.74630"
"PER","Perú","2008","11150.02622","72.74260"
"PER","Perú","2009","11202.86544","72.63110"
"PER","Perú","2010","12057.39130","72.88580"
"PER","Perú","2011","12724.88320","73.32700"
"PER","Perú","2012","13393.59239","73.97920"
"PER","Perú","2013","14050.24203","74.59050"
"PER","Perú","2014","14242.64448","75.26000"
"PER","Perú","2015","14540.83132","75.73160"
"PER","Perú","2016","14915.43663","75.95080"
"PER","Perú","2017","15067.48928","75.95760"
"PER","Perú","2018","15384.18461","76.01800"
"PER","Perú","2019","15461.45726","76.27490"
"PER","Perú","2020","13607.76407","73.83150"
"PER","Perú","2021","15285.77069","71.59620"
"PER","Perú","2022","15566.52426","76.83400"
"PER","Perú","2023","15342.27414","77.74010"
"POL","Polonia","1990","12821.46363","70.60600"
"POL","Polonia","1991","11879.75393","70.65300"
"POL","Polonia","1992","12141.23513","70.89960"
"POL","Polonia","1993","12563.10454","71.34450"
"POL","Polonia","1994","13200.16142","71.68250"
"POL","Polonia","1995","14227.56637","71.95880"
"POL","Polonia","1996","15083.09812","72.25310"
"POL","Polonia","1997","16031.72115","72.59150"
"POL","Polonia","1998","16766.64929","72.84650"
"POL","Polonia","1999","17556.00269","73.22370"
"POL","Polonia","2000","18566.35463","73.64530"
"POL","Polonia","2001","18800.60186","74.17710"
"POL","Polonia","2002","19166.91371","74.51830"
"POL","Polonia","2003","19855.63180","74.77160"
"POL","Polonia","2004","20878.65450","74.94340"
"POL","Polonia","2005","21568.94766","75.12700"
"POL","Polonia","2006","22921.19759","75.25040"
"POL","Polonia","2007","24484.06567","75.41430"
"POL","Polonia","2008","25553.90584","75.58290"
"POL","Polonia","2009","26204.41037","75.90630"
"POL","Polonia","2010","27112.13338","76.28230"
"POL","Polonia","2011","28521.66126","76.56830"
"POL","Polonia","2012","28952.91573","76.77480"
"POL","Polonia","2013","29168.62421","77.07580"
"POL","Polonia","2014","30334.87866","77.31200"
"POL","Polonia","2015","31700.36824","77.58940"
"POL","Polonia","2016","32675.30523","77.63950"
"POL","Polonia","2017","34354.59876","77.71550"
"POL","Polonia","2018","36500.41143","77.62320"
"POL","Polonia","2019","38181.62303","77.92130"
"POL","Polonia","2020","37852.80213","76.59510"
"POL","Polonia","2021","41059.58478","75.63870"
"POL","Polonia","2022","43405.02158","77.92290"
"POL","Polonia","2023","43672.76680","78.63290"
"PRT","Portugal","1990","27190.57203","74.30430"
"PRT","Portugal","1991","28443.79454","74.24060"
"PRT","Portugal","1992","28776.04758","74.87050"
"PRT","Portugal","1993","28153.61552","74.76150"
"PRT","Portugal","1994","28348.86584","75.72960"
"PRT","Portugal","1995","29460.81419","75.54980"
"PRT","Portugal","1996","30378.75578","75.47580"
"PRT","Portugal","1997","31574.40220","75.92210"
"PRT","Portugal","1998","32925.66387","76.11610"
"PRT","Portugal","1999","34018.96371","76.32180"
"PRT","Portugal","2000","35069.82757","76.83010"
"PRT","Portugal","2001","35500.22668","77.15170"
"PRT","Portugal","2002","35578.52003","77.36980"
"PRT","Portugal","2003","35115.37951","77.58280"
"PRT","Portugal","2004","35658.12983","78.42740"
"PRT","Portugal","2005","35870.30927","78.31690"
"PRT","Portugal","2006","36387.53674","79.08940"
"PRT","Portugal","2007","37226.47026","79.30870"
"PRT","Portugal","2008","37291.50490","79.60260"
"PRT","Portugal","2009","36092.81093","79.82950"
"PRT","Portugal","2010","36703.11419","80.11490"
"PRT","Portugal","2011","36127.29498","80.58220"
"PRT","Portugal","2012","34804.63333","80.55490"
"PRT","Portugal","2013","34651.77195","80.90290"
"PRT","Portugal","2014","35097.40983","81.31350"
"PRT","Portugal","2015","35803.35756","81.32130"
"PRT","Portugal","2016","36636.29784","81.36360"
"PRT","Portugal","2017","37943.11505","81.66050"
"PRT","Portugal","2018","39123.61513","81.59150"
"PRT","Portugal","2019","40188.28688","81.95870"
"PRT","Portugal","2020","36852.22873","81.36640"
"PRT","Portugal","2021","38657.66772","81.39780"
"PRT","Portugal","2022","41070.86115","81.19360"
"PRT","Portugal","2023","41768.25831","82.35990"
"PRI","Puerto Rico","1990","26738.81444","72.82740"
"PRI","Puerto Rico","1991","27162.15079","73.87660"
"PRI","Puerto Rico","1992","28219.11605","73.38720"
"PRI","Puerto Rico","1993","29282.11218","73.30900"
"PRI","Puerto Rico","1994","30225.78076","73.62180"
"PRI","Puerto Rico","1995","31310.18016","73.57070"
"PRI","Puerto Rico","1996","31677.23025","73.99480"
"PRI","Puerto Rico","1997","32915.79057","74.67380"
"PRI","Puerto Rico","1998","34537.18519","74.55570"
"PRI","Puerto Rico","1999","36216.83809","75.27830"
"PRI","Puerto Rico","2000","37298.54504","75.51410"
"PRI","Puerto Rico","2001","39568.55284","75.97150"
"PRI","Puerto Rico","2002","39879.72956","76.81920"
"PRI","Puerto Rico","2003","39876.06702","76.94060"
"PRI","Puerto Rico","2004","43355.82264","76.91290"
"PRI","Puerto Rico","2005","42555.70812","76.70280"
"PRI","Puerto Rico","2006","42133.96827","77.56120"
"PRI","Puerto Rico","2007","41888.62327","77.65950"
"PRI","Puerto Rico","2008","41358.06891","78.11050"
"PRI","Puerto Rico","2009","40772.35142","78.37720"
"PRI","Puerto Rico","2010","40777.68928","78.71740"
"PRI","Puerto Rico","2011","40972.53641","78.76560"
"PRI","Puerto Rico","2012","41347.45420","79.25840"
"PRI","Puerto Rico","2013","41556.78524","80.31810"
"PRI","Puerto Rico","2014","41593.67983","80.03910"
"PRI","Puerto Rico","2015","41737.60686","80.67750"
"PRI","Puerto Rico","2016","41858.26267","80.35470"
"PRI","Puerto Rico","2017","41479.99777","79.07000"
"PRI","Puerto Rico","2018","41119.30881","81.08590"
"PRI","Puerto Rico","2019","41656.32916","81.43830"
"PRI","Puerto Rico","2020","40171.37445","80.00900"
"PRI","Puerto Rico","2021","40559.22619","79.76980"
"PRI","Puerto Rico","2022","42310.81397","79.42690"
"PRI","Puerto Rico","2023","42837.87274","81.69020"
"QAT","Qatar","1990","75303.56017","73.40480"
"QAT","Qatar","1991","71662.20430","73.65370"
"QAT","Qatar","1992","77267.11455","73.87570"
"QAT","Qatar","1993","73900.59136","74.07080"
"QAT","Qatar","1994","72711.02421","74.24450"
"QAT","Qatar","1995","72303.47796","74.40410"
"QAT","Qatar","1996","73369.82924","74.55770"
"QAT","Qatar","1997","91667.42398","74.71280"
"QAT","Qatar","1998","96675.81247","74.87210"
"QAT","Qatar","1999","95556.85225","75.04830"
"QAT","Qatar","2000","98028.52329","75.25000"
"QAT","Qatar","2001","96901.59437","75.48580"
"QAT","Qatar","2002","99001.49400","75.76550"
"QAT","Qatar","2003","98068.12325","76.09750"
"QAT","Qatar","2004","112583.92992","76.48390"
"QAT","Qatar","2005","113384.26700","76.90880"
"QAT","Qatar","2006","121378.43896","77.32260"
"QAT","Qatar","2007","115272.51000","77.74130"
"QAT","Qatar","2008","114879.22173","78.26180"
"QAT","Qatar","2009","114069.65234","78.83710"
"QAT","Qatar","2010","132502.28183","79.44380"
"QAT","Qatar","2011","149025.11633","79.99430"
"QAT","Qatar","2012","147077.40609","80.49940"
"QAT","Qatar","2013","138046.59632","80.97350"
"QAT","Qatar","2014","128013.98705","81.39550"
"QAT","Qatar","2015","123070.88788","81.78500"
"QAT","Qatar","2016","120054.40874","82.14720"
"QAT","Qatar","2017","115064.94366","82.45830"
"QAT","Qatar","2018","114909.94549","82.71360"
"QAT","Qatar","2019","113160.97378","82.94540"
"QAT","Qatar","2020","103061.91342","80.40950"
"QAT","Qatar","2021","116832.57029","81.08300"
"QAT","Qatar","2022","114740.12361","81.85660"
"QAT","Qatar","2023","116159.14256","82.36800"
"GBR","Reino Unido","1990","33530.95782","75.73770"
"GBR","Reino Unido","1991","32995.39487","75.91080"
"GBR","Reino Unido","1992","33332.33264","76.30740"
"GBR","Reino Unido","1993","34413.19049","76.16020"
"GBR","Reino Unido","1994","36025.98310","76.71980"
"GBR","Reino Unido","1995","37200.37900","76.61400"
"GBR","Reino Unido","1996","38076.06245","76.87190"
"GBR","Reino Unido","1997","39831.44926","77.13890"
"GBR","Reino Unido","1998","41004.83863","77.27450"
"GBR","Reino Unido","1999","42071.70554","77.37280"
"GBR","Reino Unido","2000","43818.34631","77.84910"
"GBR","Reino Unido","2001","44693.66126","78.12080"
"GBR","Reino Unido","2002","45265.45652","78.23700"
"GBR","Reino Unido","2003","46505.27988","78.33020"
"GBR","Reino Unido","2004","47317.02707","78.89980"
"GBR","Reino Unido","2005","48304.67532","79.10610"
"GBR","Reino Unido","2006","49000.95354","79.34740"
"GBR","Reino Unido","2007","50045.91631","79.53370"
"GBR","Reino Unido","2008","49629.04987","79.65540"
"GBR","Reino Unido","2009","46995.54500","80.15560"
"GBR","Reino Unido","2010","47682.65252","80.39080"
"GBR","Reino Unido","2011","47714.28943","80.79610"
"GBR","Reino Unido","2012","48099.65944","80.85940"
"GBR","Reino Unido","2013","48600.51008","80.92320"
"GBR","Reino Unido","2014","49763.17388","81.15290"
"GBR","Reino Unido","2015","50462.83300","80.91900"
"GBR","Reino Unido","2016","51168.29258","81.06750"
"GBR","Reino Unido","2017","52429.12755","81.16400"
"GBR","Reino Unido","2018","52983.03954","81.12290"
"GBR","Reino Unido","2019","53374.09276","81.44260"
"GBR","Reino Unido","2020","47930.54904","80.38540"
"GBR","Reino Unido","2021","51840.44242","80.70800"
"GBR","Reino Unido","2022","53979.76791","81.07440"
"GBR","Reino Unido","2023","53423.42263","81.30150"
"CAF","Rep. Centroafricana","1990","1481.25255","49.85430"
"CAF","Rep. Centroafricana","1991","1427.69018","49.57480"
"CAF","Rep. Centroafricana","1992","1294.20255","49.21280"
"CAF","Rep. Centroafricana","1993","1257.82840","48.89940"
"CAF","Rep. Centroafricana","1994","1278.91509","48.50870"
"CAF","Rep. Centroafricana","1995","1334.10323","48.10870"
"CAF","Rep. Centroafricana","1996","1247.96875","47.69950"
"CAF","Rep. Centroafricana","1997","1278.48826","47.28360"
"CAF","Rep. Centroafricana","1998","1302.75143","47.08920"
"CAF","Rep. Centroafricana","1999","1313.23571","46.90950"
"CAF","Rep. Centroafricana","2000","1245.81400","46.60950"
"CAF","Rep. Centroafricana","2001","1272.85711","46.73380"
"CAF","Rep. Centroafricana","2002","1290.38315","46.83950"
"CAF","Rep. Centroafricana","2003","1191.87315","47.30590"
"CAF","Rep. Centroafricana","2004","1236.28535","47.69640"
"CAF","Rep. Centroafricana","2005","1219.59394","48.20700"
"CAF","Rep. Centroafricana","2006","1251.87082","48.68670"
"CAF","Rep. Centroafricana","2007","1284.55284","49.32670"
"CAF","Rep. Centroafricana","2008","1283.27283","49.87280"
"CAF","Rep. Centroafricana","2009","1402.68165","14.66550"
"CAF","Rep. Centroafricana","2010","1479.41368","46.87070"
"CAF","Rep. Centroafricana","2011","1517.14839","50.10700"
"CAF","Rep. Centroafricana","2012","1577.98053","51.33550"
"CAF","Rep. Centroafricana","2013","996.89636","49.48710"
"CAF","Rep. Centroafricana","2014","1001.85598","40.26520"
"CAF","Rep. Centroafricana","2015","1043.92172","51.93380"
"CAF","Rep. Centroafricana","2016","1073.94478","50.99880"
"CAF","Rep. Centroafricana","2017","1103.86609","45.23150"
"CAF","Rep. Centroafricana","2018","1125.70092","52.29730"
"CAF","Rep. Centroafricana","2019","1145.09564","31.53020"
"CAF","Rep. Centroafricana","2020","1136.57053","50.59590"
"CAF","Rep. Centroafricana","2021","1128.55238","40.27910"
"CAF","Rep. Centroafricana","2022","1136.80171","18.81770"
"CAF","Rep. Centroafricana","2023","1132.67643","57.40770"
"COD","Rep. Dem. Congo","1990","2403.97025","48.53810"
"COD","Rep. Dem. Congo","1991","2129.44892","48.94420"
"COD","Rep. Dem. Congo","1992","1842.54849","49.32320"
"COD","Rep. Dem. Congo","1993","1538.39691","49.62130"
"COD","Rep. Dem. Congo","1994","1410.05655","49.87950"
"COD","Rep. Dem. Congo","1995","1362.18780","50.38100"
"COD","Rep. Dem. Congo","1996","1322.58012","49.37620"
"COD","Rep. Dem. Congo","1997","1228.39077","50.46090"
"COD","Rep. Dem. Congo","1998","1176.05050","49.66370"
"COD","Rep. Dem. Congo","1999","1088.65044","50.08880"
"COD","Rep. Dem. Congo","2000","981.42208","51.88710"
"COD","Rep. Dem. Congo","2001","930.85783","52.20540"
"COD","Rep. Dem. Congo","2002","929.45281","52.37120"
"COD","Rep. Dem. Congo","2003","953.04464","52.95190"
"COD","Rep. Dem. Congo","2004","987.74692","53.53410"
"COD","Rep. Dem. Congo","2005","1016.63389","54.00140"
"COD","Rep. Dem. Congo","2006","1036.13330","54.49770"
"COD","Rep. Dem. Congo","2007","1091.54081","54.95430"
"COD","Rep. Dem. Congo","2008","1137.84087","55.38840"
"COD","Rep. Dem. Congo","2009","1109.18312","55.79810"
"COD","Rep. Dem. Congo","2010","1166.98307","56.41110"
"COD","Rep. Dem. Congo","2011","1124.77205","56.91060"
"COD","Rep. Dem. Congo","2012","1182.14075","57.35020"
"COD","Rep. Dem. Congo","2013","1342.74156","57.79530"
"COD","Rep. Dem. Congo","2014","1392.75841","58.23550"
"COD","Rep. Dem. Congo","2015","1433.21580","58.65760"
"COD","Rep. Dem. Congo","2016","1388.80163","59.08140"
"COD","Rep. Dem. Congo","2017","1395.71962","59.49520"
"COD","Rep. Dem. Congo","2018","1431.72853","59.92650"
"COD","Rep. Dem. Congo","2019","1394.76461","60.24250"
"COD","Rep. Dem. Congo","2020","1361.02791","60.42830"
"COD","Rep. Dem. Congo","2021","1402.38560","60.04440"
"COD","Rep. Dem. Congo","2022","1484.33842","60.97890"
"COD","Rep. Dem. Congo","2023","1559.33806","61.89500"
"DOM","Rep. Dominicana","1990","7327.72670","67.74590"
"DOM","Rep. Dominicana","1991","7246.24670","68.15430"
"DOM","Rep. Dominicana","1992","7900.76809","68.52510"
"DOM","Rep. Dominicana","1993","8318.49179","68.86010"
"DOM","Rep. Dominicana","1994","8372.07170","69.15970"
"DOM","Rep. Dominicana","1995","8685.01649","69.39370"
"DOM","Rep. Dominicana","1996","9036.88352","69.59510"
"DOM","Rep. Dominicana","1997","9671.14818","69.80890"
"DOM","Rep. Dominicana","1998","10150.44602","69.87540"
"DOM","Rep. Dominicana","1999","10582.07759","70.17810"
"DOM","Rep. Dominicana","2000","10896.31842","70.36470"
"DOM","Rep. Dominicana","2001","10991.13634","70.55310"
"DOM","Rep. Dominicana","2002","11313.06903","70.71930"
"DOM","Rep. Dominicana","2003","11000.86841","70.85620"
"DOM","Rep. Dominicana","2004","11131.27092","70.73030"
"DOM","Rep. Dominicana","2005","12022.50805","71.04350"
"DOM","Rep. Dominicana","2006","12961.91836","71.05420"
"DOM","Rep. Dominicana","2007","13754.92127","71.09730"
"DOM","Rep. Dominicana","2008","14030.14111","71.33070"
"DOM","Rep. Dominicana","2009","13992.41033","71.58660"
"DOM","Rep. Dominicana","2010","14975.00101","72.03930"
"DOM","Rep. Dominicana","2011","15258.08581","72.49580"
"DOM","Rep. Dominicana","2012","15487.27764","72.81650"
"DOM","Rep. Dominicana","2013","16054.76773","73.03830"
"DOM","Rep. Dominicana","2014","16993.58744","73.14490"
"DOM","Rep. Dominicana","2015","17973.18703","72.98210"
"DOM","Rep. Dominicana","2016","18968.97524","72.88940"
"DOM","Rep. Dominicana","2017","19501.87431","73.37020"
"DOM","Rep. Dominicana","2018","20662.84859","73.55530"
"DOM","Rep. Dominicana","2019","21451.28644","73.11190"
"DOM","Rep. Dominicana","2020","19545.40996","72.63580"
"DOM","Rep. Dominicana","2021","22053.45899","71.75750"
"DOM","Rep. Dominicana","2022","22986.95808","74.21080"
"DOM","Rep. Dominicana","2023","23282.48951","73.72010"
"RWA","Ruanda","1990","1165.72605","47.76290"
"RWA","Ruanda","1991","1113.51792","46.24290"
"RWA","Ruanda","1992","1154.92927","44.39720"
"RWA","Ruanda","1993","1021.67131","42.93710"
"RWA","Ruanda","1994","597.26280","12.15750"
"RWA","Ruanda","1995","966.81041","41.51830"
"RWA","Ruanda","1996","921.92828","42.48580"
"RWA","Ruanda","1997","907.98069","41.97850"
"RWA","Ruanda","1998","948.49066","43.09850"
"RWA","Ruanda","1999","981.72250","45.74870"
"RWA","Ruanda","2000","1055.35042","47.79770"
"RWA","Ruanda","2001","1134.78453","49.48970"
"RWA","Ruanda","2002","1267.19397","51.26200"
"RWA","Ruanda","2003","1266.94449","53.52910"
"RWA","Ruanda","2004","1325.79557","55.52040"
"RWA","Ruanda","2005","1412.06108","56.96830"
"RWA","Ruanda","2006","1501.76462","58.34220"
"RWA","Ruanda","2007","1573.96811","59.50410"
"RWA","Ruanda","2008","1704.25449","60.64070"
"RWA","Ruanda","2009","1764.63485","61.81280"
"RWA","Ruanda","2010","1846.86327","62.80400"
"RWA","Ruanda","2011","1945.53705","63.47640"
"RWA","Ruanda","2012","2063.66475","64.18870"
"RWA","Ruanda","2013","2109.74669","64.65120"
"RWA","Ruanda","2014","2176.09492","65.08770"
"RWA","Ruanda","2015","2313.09717","65.41880"
"RWA","Ruanda","2016","2386.74841","65.73260"
"RWA","Ruanda","2017","2441.08541","66.14040"
"RWA","Ruanda","2018","2577.69730","66.35390"
"RWA","Ruanda","2019","2753.53960","66.69050"
"RWA","Ruanda","2020","2617.70706","66.95340"
"RWA","Ruanda","2021","2776.39276","66.84960"
"RWA","Ruanda","2022","2983.10774","67.52800"
"RWA","Ruanda","2023","3168.03075","67.78520"
"ROU","Rumania","1990","16316.84467","69.84120"
"ROU","Rumania","1991","14332.97068","70.04550"
"ROU","Rumania","1992","13195.04181","69.50630"
"ROU","Rumania","1993","13415.01880","69.51200"
"ROU","Rumania","1994","13962.77386","69.32550"
"ROU","Rumania","1995","14863.18559","69.32300"
"ROU","Rumania","1996","15488.55748","68.82110"
"ROU","Rumania","1997","14779.99773","69.08570"
"ROU","Rumania","1998","14509.99318","69.89180"
"ROU","Rumania","1999","14478.04935","70.58140"
"ROU","Rumania","2000","14853.60637","71.15940"
"ROU","Rumania","2001","15848.30391","71.12230"
"ROU","Rumania","2002","17061.62937","70.83480"
"ROU","Rumania","2003","17587.46262","70.81890"
"ROU","Rumania","2004","19532.48002","71.09570"
"ROU","Rumania","2005","20570.92551","71.58080"
"ROU","Rumania","2006","22354.56379","72.16930"
"ROU","Rumania","2007","24328.39313","72.79220"
"ROU","Rumania","2008","27039.60009","73.21580"
"ROU","Rumania","2009","25761.63055","73.45700"
"ROU","Rumania","2010","24902.90449","73.57930"
"ROU","Rumania","2011","26150.74762","74.28770"
"ROU","Rumania","2012","26767.45565","74.31400"
"ROU","Rumania","2013","26941.93188","74.91790"
"ROU","Rumania","2014","28156.13078","74.76540"
"ROU","Rumania","2015","29181.87817","74.73710"
"ROU","Rumania","2016","30189.14772","75.02090"
"ROU","Rumania","2017","32852.63557","75.02360"
"ROU","Rumania","2018","34828.89586","75.10330"
"ROU","Rumania","2019","36399.47461","75.32880"
"ROU","Rumania","2020","35283.60604","74.04640"
"ROU","Rumania","2021","37534.00026","72.74050"
"ROU","Rumania","2022","39256.82609","75.26140"
"ROU","Rumania","2023","40116.68914","75.93810"
"RUS","Rusia","1990","29643.59570","69.27940"
"RUS","Rusia","1991","28066.92188","68.99700"
"RUS","Rusia","1992","23965.24414","67.84260"
"RUS","Rusia","1993","21899.51758","65.03890"
"RUS","Rusia","1994","19153.36328","63.82250"
"RUS","Rusia","1995","18363.71289","63.99450"
"RUS","Rusia","1996","17699.86914","65.44880"
"RUS","Rusia","1997","17977.35156","66.59380"
"RUS","Rusia","1998","17052.75586","66.91600"
"RUS","Rusia","1999","18200.32031","65.59540"
"RUS","Rusia","2000","20104.75000","64.99820"
"RUS","Rusia","2001","21219.90430","65.01510"
"RUS","Rusia","2002","22319.67773","64.73000"
"RUS","Rusia","2003","24057.92773","64.71500"
"RUS","Rusia","2004","25894.14648","65.14890"
"RUS","Rusia","2005","27656.65820","65.21850"
"RUS","Rusia","2006","30022.67188","66.54580"
"RUS","Rusia","2007","32630.36914","67.46900"
"RUS","Rusia","2008","34342.22656","67.86210"
"RUS","Rusia","2009","31654.00391","68.65710"
"RUS","Rusia","2010","33063.58594","68.15260"
"RUS","Rusia","2011","34444.64453","69.72550"
"RUS","Rusia","2012","35740.69922","70.11650"
"RUS","Rusia","2013","36260.06641","70.64030"
"RUS","Rusia","2014","35853.24609","70.79780"
"RUS","Rusia","2015","35037.15234","71.34490"
"RUS","Rusia","2016","35005.44531","71.91010"
"RUS","Rusia","2017","35570.70312","72.84500"
"RUS","Rusia","2018","36536.69531","72.93630"
"RUS","Rusia","2019","37319.32031","73.06580"
"RUS","Rusia","2020","36376.33594","71.17050"
"RUS","Rusia","2021","38638.42969","69.80660"
"RUS","Rusia","2022","38214.69141","72.51740"
"RUS","Rusia","2023","39881.44922","73.15410"
"KNA","Saint Kitts y Nevis","1990","14326.04107","65.64150"
"KNA","Saint Kitts y Nevis","1991","14084.68319","65.95780"
"KNA","Saint Kitts y Nevis","1992","14557.18426","66.33930"
"KNA","Saint Kitts y Nevis","1993","15348.68878","66.70810"
"KNA","Saint Kitts y Nevis","1994","15955.83750","67.00180"
"KNA","Saint Kitts y Nevis","1995","16596.26563","67.23040"
"KNA","Saint Kitts y Nevis","1996","17340.22346","67.48780"
"KNA","Saint Kitts y Nevis","1997","18288.49437","67.81070"
"KNA","Saint Kitts y Nevis","1998","17963.69924","67.89060"
"KNA","Saint Kitts y Nevis","1999","18291.42292","68.72510"
"KNA","Saint Kitts y Nevis","2000","19840.58006","69.24880"
"KNA","Saint Kitts y Nevis","2001","20648.78897","69.76710"
"KNA","Saint Kitts y Nevis","2002","20813.40500","70.19390"
"KNA","Saint Kitts y Nevis","2003","19927.18183","70.61420"
"KNA","Saint Kitts y Nevis","2004","20661.34586","70.91980"
"KNA","Saint Kitts y Nevis","2005","22612.71266","71.15100"
"KNA","Saint Kitts y Nevis","2006","23258.98423","71.35570"
"KNA","Saint Kitts y Nevis","2007","23330.04424","71.43720"
"KNA","Saint Kitts y Nevis","2008","25898.78236","71.47860"
"KNA","Saint Kitts y Nevis","2009","24973.80453","71.48840"
"KNA","Saint Kitts y Nevis","2010","24997.56725","71.45160"
"KNA","Saint Kitts y Nevis","2011","25380.00873","71.40000"
"KNA","Saint Kitts y Nevis","2012","25114.05726","71.36190"
"KNA","Saint Kitts y Nevis","2013","26532.10166","71.29030"
"KNA","Saint Kitts y Nevis","2014","28530.30722","71.22750"
"KNA","Saint Kitts y Nevis","2015","28729.56645","71.21120"
"KNA","Saint Kitts y Nevis","2016","29867.02656","71.22690"
"KNA","Saint Kitts y Nevis","2017","29948.92001","71.28400"
"KNA","Saint Kitts y Nevis","2018","30576.24867","71.33620"
"KNA","Saint Kitts y Nevis","2019","31512.19431","71.53990"
"KNA","Saint Kitts y Nevis","2020","26736.92836","71.18140"
"KNA","Saint Kitts y Nevis","2021","26896.61771","69.27090"
"KNA","Saint Kitts y Nevis","2022","29749.87009","70.31310"
"KNA","Saint Kitts y Nevis","2023","30616.57728","72.14470"
"WSM","Samoa","1990","3991.43807","67.80750"
"WSM","Samoa","1991","3892.12847","68.03860"
"WSM","Samoa","1992","3862.38380","68.53190"
"WSM","Samoa","1993","3986.96466","68.81820"
"WSM","Samoa","1994","3854.53322","69.16150"
"WSM","Samoa","1995","4078.51336","69.46950"
"WSM","Samoa","1996","4334.06812","69.76730"
"WSM","Samoa","1997","4325.69240","70.04490"
"WSM","Samoa","1998","4387.08120","70.30770"
"WSM","Samoa","1999","4448.88974","70.55500"
"WSM","Samoa","2000","4639.18880","70.79060"
"WSM","Samoa","2001","4941.74832","71.02840"
"WSM","Samoa","2002","5184.11871","71.23330"
"WSM","Samoa","2003","5426.13899","71.44060"
"WSM","Samoa","2004","5569.06081","71.50770"
"WSM","Samoa","2005","5915.64757","71.48680"
"WSM","Samoa","2006","6018.24805","71.61990"
"WSM","Samoa","2007","6014.04676","71.60450"
"WSM","Samoa","2008","6183.55547","71.53120"
"WSM","Samoa","2009","6104.90963","69.48580"
"WSM","Samoa","2010","6428.13509","71.45120"
"WSM","Samoa","2011","6617.61890","71.39300"
"WSM","Samoa","2012","6312.76945","71.15930"
"WSM","Samoa","2013","6263.12610","71.22910"
"WSM","Samoa","2014","6248.70535","71.14160"
"WSM","Samoa","2015","6433.18396","71.05990"
"WSM","Samoa","2016","6888.18770","71.00270"
"WSM","Samoa","2017","6919.90225","70.99100"
"WSM","Samoa","2018","6805.91709","71.05160"
"WSM","Samoa","2019","7034.42233","70.26950"
"WSM","Samoa","2020","6746.15668","70.72650"
"WSM","Samoa","2021","6350.92787","71.09580"
"WSM","Samoa","2022","6450.19152","71.55030"
"WSM","Samoa","2023","7384.69164","71.69820"
"SMR","San Marino","1997","66923.03258","79.67730"
"SMR","San Marino","1998","71024.56188","79.91760"
"SMR","San Marino","1999","76474.13228","80.19980"
"SMR","San Marino","2000","77149.41858","80.50360"
"SMR","San Marino","2001","80420.77255","80.80280"
"SMR","San Marino","2002","79649.53505","81.06080"
"SMR","San Marino","2003","81688.38142","81.33030"
"SMR","San Marino","2004","80724.81147","81.59210"
"SMR","San Marino","2005","81632.17763","81.92560"
"SMR","San Marino","2006","83781.55020","82.25770"
"SMR","San Marino","2007","86785.02102","82.60490"
"SMR","San Marino","2008","85120.28973","82.89360"
"SMR","San Marino","2009","73093.83415","83.22390"
"SMR","San Marino","2010","68669.25495","83.46380"
"SMR","San Marino","2011","64214.12091","83.71320"
"SMR","San Marino","2012","58176.37975","83.94270"
"SMR","San Marino","2013","58467.97891","84.17490"
"SMR","San Marino","2014","58743.58639","84.39410"
"SMR","San Marino","2015","59647.66001","84.59590"
"SMR","San Marino","2016","60669.82289","84.77510"
"SMR","San Marino","2017","59524.56068","84.93260"
"SMR","San Marino","2018","59194.04441","85.09470"
"SMR","San Marino","2019","60171.05060","85.25650"
"SMR","San Marino","2020","55998.07346","82.64950"
"SMR","San Marino","2021","64745.13228","83.53890"
"SMR","San Marino","2022","70887.57806","85.70820"
"SMR","San Marino","2023","70951.79197","85.70620"
"SXM","San Martín (parte holandesa)","2009","50980.94008","74.79630"
"SXM","San Martín (parte holandesa)","2010","52140.59966","74.82120"
"SXM","San Martín (parte holandesa)","2011","53786.24620","74.86840"
"SXM","San Martín (parte holandesa)","2012","53357.00346","75.12530"
"SXM","San Martín (parte holandesa)","2013","52801.40311","75.39130"
"SXM","San Martín (parte holandesa)","2014","52439.47368","75.73460"
"SXM","San Martín (parte holandesa)","2015","51375.60325","75.89920"
"SXM","San Martín (parte holandesa)","2016","50817.68149","75.95180"
"SXM","San Martín (parte holandesa)","2017","46088.35838","75.45510"
"SXM","San Martín (parte holandesa)","2018","42154.10203","75.69320"
"SXM","San Martín (parte holandesa)","2019","45996.79123","75.67960"
"SXM","San Martín (parte holandesa)","2020","39265.76168","75.00230"
"SXM","San Martín (parte holandesa)","2021","40507.06724","74.50490"
"SXM","San Martín (parte holandesa)","2022","45515.65284","76.18040"
"SXM","San Martín (parte holandesa)","2023","46571.08813","76.37100"
"VCT","San Vicente y las Granadinas","1990","7467.37875","70.64680"
"VCT","San Vicente y las Granadinas","1991","7524.58478","70.64020"
"VCT","San Vicente y las Granadinas","1992","7984.07960","70.74480"
"VCT","San Vicente y las Granadinas","1993","8306.77527","70.62100"
"VCT","San Vicente y las Granadinas","1994","8189.84363","70.60180"
"VCT","San Vicente y las Granadinas","1995","8815.84872","70.57480"
"VCT","San Vicente y las Granadinas","1996","8923.70556","70.46620"
"VCT","San Vicente y las Granadinas","1997","9234.69888","70.38170"
"VCT","San Vicente y las Granadinas","1998","9609.10379","70.26290"
"VCT","San Vicente y las Granadinas","1999","9853.34737","70.31200"
"VCT","San Vicente y las Granadinas","2000","9999.05879","70.34980"
"VCT","San Vicente y las Granadinas","2001","10177.80946","70.38170"
"VCT","San Vicente y las Granadinas","2002","10736.08787","70.65790"
"VCT","San Vicente y las Granadinas","2003","11475.33124","70.43020"
"VCT","San Vicente y las Granadinas","2004","11979.90729","70.44520"
"VCT","San Vicente y las Granadinas","2005","12320.07100","70.45380"
"VCT","San Vicente y las Granadinas","2006","13233.40689","70.43420"
"VCT","San Vicente y las Granadinas","2007","13732.36226","70.44600"
"VCT","San Vicente y las Granadinas","2008","13850.39368","70.61130"
"VCT","San Vicente y las Granadinas","2009","13723.78383","70.71190"
"VCT","San Vicente y las Granadinas","2010","13175.72302","70.66000"
"VCT","San Vicente y las Granadinas","2011","13168.89643","70.60940"
"VCT","San Vicente y las Granadinas","2012","13397.96330","70.53860"
"VCT","San Vicente y las Granadinas","2013","13804.18380","70.09120"
"VCT","San Vicente y las Granadinas","2014","14040.24607","70.35480"
"VCT","San Vicente y las Granadinas","2015","14508.86095","70.46260"
"VCT","San Vicente y las Granadinas","2016","15197.74825","70.69970"
"VCT","San Vicente y las Granadinas","2017","15533.22128","71.01260"
"VCT","San Vicente y las Granadinas","2018","16139.06611","71.01740"
"VCT","San Vicente y las Granadinas","2019","16365.32558","70.99440"
"VCT","San Vicente y las Granadinas","2020","15763.70544","69.60510"
"VCT","San Vicente y las Granadinas","2021","16200.89946","69.13200"
"VCT","San Vicente y las Granadinas","2022","16835.02351","71.19060"
"VCT","San Vicente y las Granadinas","2023","17858.24465","71.23010"
"LCA","Santa Lucía","1990","17056.71849","70.00820"
"LCA","Santa Lucía","1991","16916.72656","70.30890"
"LCA","Santa Lucía","1992","17991.70932","70.73390"
"LCA","Santa Lucía","1993","17831.09132","71.04990"
"LCA","Santa Lucía","1994","17847.41377","71.07580"
"LCA","Santa Lucía","1995","17875.41014","71.17250"
"LCA","Santa Lucía","1996","18125.35755","70.96270"
"LCA","Santa Lucía","1997","17747.90029","70.77820"
"LCA","Santa Lucía","1998","18606.53601","70.67980"
"LCA","Santa Lucía","1999","18856.57634","70.69170"
"LCA","Santa Lucía","2000","18638.11771","70.77910"
"LCA","Santa Lucía","2001","17820.79643","71.36710"
"LCA","Santa Lucía","2002","17739.57668","71.70650"
"LCA","Santa Lucía","2003","18344.59193","72.18830"
"LCA","Santa Lucía","2004","19526.44614","72.45270"
"LCA","Santa Lucía","2005","19303.99213","72.54370"
"LCA","Santa Lucía","2006","20353.65337","72.79400"
"LCA","Santa Lucía","2007","20559.89748","72.85980"
"LCA","Santa Lucía","2008","21443.25930","72.96350"
"LCA","Santa Lucía","2009","20706.50553","72.94590"
"LCA","Santa Lucía","2010","20648.78610","72.76760"
"LCA","Santa Lucía","2011","21430.02259","72.96170"
"LCA","Santa Lucía","2012","21309.22513","72.86000"
"LCA","Santa Lucía","2013","20827.28860","72.68720"
"LCA","Santa Lucía","2014","21010.69819","72.67640"
"LCA","Santa Lucía","2015","20939.88103","72.93190"
"LCA","Santa Lucía","2016","21566.30588","72.55150"
"LCA","Santa Lucía","2017","22207.21310","72.52180"
"LCA","Santa Lucía","2018","22761.16135","72.65460"
"LCA","Santa Lucía","2019","22445.20805","72.24900"
"LCA","Santa Lucía","2020","17247.95787","72.30770"
"LCA","Santa Lucía","2021","19141.32723","69.11940"
"LCA","Santa Lucía","2022","22811.25245","72.66990"
"LCA","Santa Lucía","2023","23636.02659","72.69680"
"STP","Santo Tomé y Príncipe","1990","3883.20430","60.70720"
"STP","Santo Tomé y Príncipe","1991","3844.89638","60.79210"
"STP","Santo Tomé y Príncipe","1992","3798.88353","60.70600"
"STP","Santo Tomé y Príncipe","1993","3771.28612","60.61790"
"STP","Santo Tomé y Príncipe","1994","3788.48370","60.55180"
"STP","Santo Tomé y Príncipe","1995","3802.29132","60.53590"
"STP","Santo Tomé y Príncipe","1996","3801.08165","60.57560"
"STP","Santo Tomé y Príncipe","1997","3784.79023","60.64750"
"STP","Santo Tomé y Príncipe","1998","3828.99824","60.78510"
"STP","Santo Tomé y Príncipe","1999","3878.13109","60.97610"
"STP","Santo Tomé y Príncipe","2000","3852.89043","61.20670"
"STP","Santo Tomé y Príncipe","2001","3907.01928","61.49960"
"STP","Santo Tomé y Príncipe","2002","3942.76041","61.82620"
"STP","Santo Tomé y Príncipe","2003","4161.63833","62.15790"
"STP","Santo Tomé y Príncipe","2004","4202.56187","62.56010"
"STP","Santo Tomé y Príncipe","2005","4371.49722","62.43440"
"STP","Santo Tomé y Príncipe","2006","4644.18045","63.04130"
"STP","Santo Tomé y Príncipe","2007","4698.08417","63.33560"
"STP","Santo Tomé y Príncipe","2008","4873.18131","63.44780"
"STP","Santo Tomé y Príncipe","2009","4919.19530","63.66870"
"STP","Santo Tomé y Príncipe","2010","4882.04796","63.86670"
"STP","Santo Tomé y Príncipe","2011","4876.47316","64.12170"
"STP","Santo Tomé y Príncipe","2012","4919.55294","64.50530"
"STP","Santo Tomé y Príncipe","2013","5072.11200","64.93010"
"STP","Santo Tomé y Príncipe","2014","5223.09573","65.47750"
"STP","Santo Tomé y Príncipe","2015","5210.20378","66.02310"
"STP","Santo Tomé y Príncipe","2016","5388.50913","66.56320"
"STP","Santo Tomé y Príncipe","2017","5521.20250","67.07410"
"STP","Santo Tomé y Príncipe","2018","5674.72379","67.60150"
"STP","Santo Tomé y Príncipe","2019","5702.08347","68.04350"
"STP","Santo Tomé y Príncipe","2020","5742.94725","67.97900"
"STP","Santo Tomé y Príncipe","2021","5732.69456","68.02620"
"STP","Santo Tomé y Príncipe","2022","5632.13891","69.23680"
"STP","Santo Tomé y Príncipe","2023","5541.30168","69.71820"
"SEN","Senegal","1990","2923.34412","56.67390"
"SEN","Senegal","1991","2917.01428","57.03690"
"SEN","Senegal","1992","2874.00298","57.28720"
"SEN","Senegal","1993","2834.02797","57.34830"
"SEN","Senegal","1994","2757.86088","57.47920"
"SEN","Senegal","1995","2835.03273","57.33560"
"SEN","Senegal","1996","2822.46837","57.12850"
"SEN","Senegal","1997","2840.60809","57.10690"
"SEN","Senegal","1998","2938.69163","57.07640"
"SEN","Senegal","1999","3050.17801","57.31450"
"SEN","Senegal","2000","3093.28792","57.61530"
"SEN","Senegal","2001","3149.33114","58.15800"
"SEN","Senegal","2002","3075.23158","58.91240"
"SEN","Senegal","2003","3170.03495","59.47350"
"SEN","Senegal","2004","3240.30202","60.30760"
"SEN","Senegal","2005","3301.82076","60.98010"
"SEN","Senegal","2006","3301.03152","61.80060"
"SEN","Senegal","2007","3316.42038","62.65250"
"SEN","Senegal","2008","3359.70567","63.20120"
"SEN","Senegal","2009","3371.46167","63.75130"
"SEN","Senegal","2010","3403.56707","64.22140"
"SEN","Senegal","2011","3362.87941","64.79870"
"SEN","Senegal","2012","3405.10864","65.22910"
"SEN","Senegal","2013","3385.42591","65.63760"
"SEN","Senegal","2014","3484.01220","66.00140"
"SEN","Senegal","2015","3593.79477","66.45110"
"SEN","Senegal","2016","3710.05532","66.72400"
"SEN","Senegal","2017","3871.45147","67.05890"
"SEN","Senegal","2018","3998.28635","67.37920"
"SEN","Senegal","2019","4070.61227","67.66800"
"SEN","Senegal","2020","4018.04129","67.49610"
"SEN","Senegal","2021","4173.67741","66.86850"
"SEN","Senegal","2022","4228.73383","67.78840"
"SEN","Senegal","2023","4304.76149","68.68290"
"SRB","Serbia","1995","9444.75162","72.72640"
"SRB","Serbia","1996","10035.01398","72.91600"
"SRB","Serbia","1997","10965.48241","72.94670"
"SRB","Serbia","1998","11598.33075","72.29930"
"SRB","Serbia","1999","10438.46102","69.99390"
"SRB","Serbia","2000","11105.94882","72.33440"
"SRB","Serbia","2001","11879.17639","72.27450"
"SRB","Serbia","2002","12661.93961","72.59940"
"SRB","Serbia","2003","13273.69007","72.72220"
"SRB","Serbia","2004","14194.36513","72.86670"
"SRB","Serbia","2005","15077.55865","73.11510"
"SRB","Serbia","2006","15727.40337","73.39510"
"SRB","Serbia","2007","17028.08670","73.72400"
"SRB","Serbia","2008","17983.28119","73.90410"
"SRB","Serbia","2009","17488.12272","74.10600"
"SRB","Serbia","2010","17841.43126","74.37620"
"SRB","Serbia","2011","17986.58403","74.71940"
"SRB","Serbia","2012","17993.81472","75.08880"
"SRB","Serbia","2013","18163.20473","75.34610"
"SRB","Serbia","2014","17922.43577","75.47780"
"SRB","Serbia","2015","18247.80911","75.65300"
"SRB","Serbia","2016","18889.38164","75.73750"
"SRB","Serbia","2017","19438.99171","75.79210"
"SRB","Serbia","2018","20454.22588","76.03560"
"SRB","Serbia","2019","21541.12640","76.05850"
"SRB","Serbia","2020","21479.07886","74.50650"
"SRB","Serbia","2021","23406.30657","72.85300"
"SRB","Serbia","2022","24651.84782","75.47780"
"SRB","Serbia","2023","25735.13348","76.76930"
"SYC","Seychelles","1990","15478.84754","70.16980"
"SYC","Seychelles","1991","15695.67084","70.26290"
"SYC","Seychelles","1992","16744.50808","70.34570"
"SYC","Seychelles","1993","17596.89776","70.41480"
"SYC","Seychelles","1994","16716.52072","70.50390"
"SYC","Seychelles","1995","16552.45478","70.63410"
"SYC","Seychelles","1996","17942.17330","70.79520"
"SYC","Seychelles","1997","19895.14222","70.75940"
"SYC","Seychelles","1998","19991.22932","71.09200"
"SYC","Seychelles","1999","19969.35137","71.20790"
"SYC","Seychelles","2000","20633.67470","71.31270"
"SYC","Seychelles","2001","20147.41877","71.42920"
"SYC","Seychelles","2002","19777.75252","71.54580"
"SYC","Seychelles","2003","18825.22069","71.68400"
"SYC","Seychelles","2004","18356.47114","71.70690"
"SYC","Seychelles","2005","19917.11945","71.92090"
"SYC","Seychelles","2006","21341.85975","72.04740"
"SYC","Seychelles","2007","23117.85552","72.16170"
"SYC","Seychelles","2008","21990.36853","72.32330"
"SYC","Seychelles","2009","21361.13079","72.41390"
"SYC","Seychelles","2010","21708.75545","72.47710"
"SYC","Seychelles","2011","24406.41298","72.50620"
"SYC","Seychelles","2012","24919.95521","72.49070"
"SYC","Seychelles","2013","24770.65146","72.42790"
"SYC","Seychelles","2014","25379.41807","72.35450"
"SYC","Seychelles","2015","27032.20839","72.28540"
"SYC","Seychelles","2016","29905.13474","72.24560"
"SYC","Seychelles","2017","31595.66806","72.23190"
"SYC","Seychelles","2018","32841.42425","72.17560"
"SYC","Seychelles","2019","34346.07089","72.12260"
"SYC","Seychelles","2020","30056.19943","74.09120"
"SYC","Seychelles","2021","29979.82727","71.21980"
"SYC","Seychelles","2022","27275.68838","71.24810"
"SYC","Seychelles","2023","28713.66724","72.86200"
"SLE","Sierra Leona","1990","2703.59919","43.72040"
"SLE","Sierra Leona","1991","2734.96862","43.28700"
"SLE","Sierra Leona","1992","2257.44940","43.45100"
"SLE","Sierra Leona","1993","2293.56354","43.42770"
"SLE","Sierra Leona","1994","2240.29005","42.80800"
"SLE","Sierra Leona","1995","2058.07683","42.57870"
"SLE","Sierra Leona","1996","2084.18223","43.52830"
"SLE","Sierra Leona","1997","1936.55653","43.64930"
"SLE","Sierra Leona","1998","1951.82091","42.71440"
"SLE","Sierra Leona","1999","1903.32696","41.96220"
"SLE","Sierra Leona","2000","1981.50609","44.83410"
"SLE","Sierra Leona","2001","1749.35086","45.44760"
"SLE","Sierra Leona","2002","2089.26153","46.17390"
"SLE","Sierra Leona","2003","2196.28134","46.78430"
"SLE","Sierra Leona","2004","2260.83819","47.48530"
"SLE","Sierra Leona","2005","2296.65768","48.30600"
"SLE","Sierra Leona","2006","2342.75461","49.54720"
"SLE","Sierra Leona","2007","2377.80530","50.02390"
"SLE","Sierra Leona","2008","2404.65199","50.69270"
"SLE","Sierra Leona","2009","2376.58254","51.31240"
"SLE","Sierra Leona","2010","2459.76814","51.92720"
"SLE","Sierra Leona","2011","2590.52839","52.59360"
"SLE","Sierra Leona","2012","2792.92626","53.15900"
"SLE","Sierra Leona","2013","3124.72832","54.05150"
"SLE","Sierra Leona","2014","2812.52832","54.28090"
"SLE","Sierra Leona","2015","2628.17058","55.45400"
"SLE","Sierra Leona","2016","2732.26094","56.93680"
"SLE","Sierra Leona","2017","2753.42720","57.76100"
"SLE","Sierra Leona","2018","2767.38003","59.05870"
"SLE","Sierra Leona","2019","2852.66270","59.59350"
"SLE","Sierra Leona","2020","2752.62615","59.69350"
"SLE","Sierra Leona","2021","2849.38866","60.25960"
"SLE","Sierra Leona","2022","2934.73326","61.27480"
"SLE","Sierra Leona","2023","3034.94608","61.78580"
"SGP","Singapur","1990","45961.05983","74.59820"
"SGP","Singapur","1991","47659.49669","75.05820"
"SGP","Singapur","1992","49319.81927","75.32650"
"SGP","Singapur","1993","53598.46396","75.53280"
"SGP","Singapur","1994","57706.87116","75.62690"
"SGP","Singapur","1995","59997.00744","75.72490"
"SGP","Singapur","1996","61911.50304","76.05040"
"SGP","Singapur","1997","64846.06293","76.38890"
"SGP","Singapur","1998","61306.77345","76.85100"
"SGP","Singapur","1999","64296.63849","77.27110"
"SGP","Singapur","2000","68904.12802","77.75250"
"SGP","Singapur","2001","66352.14929","78.26680"
"SGP","Singapur","2002","68328.93217","78.73570"
"SGP","Singapur","2003","72497.86860","79.17770"
"SGP","Singapur","2004","78712.53473","79.65840"
"SGP","Singapur","2005","82547.48284","80.27060"
"SGP","Singapur","2006","87210.04805","80.64040"
"SGP","Singapur","2007","91198.15157","80.88450"
"SGP","Singapur","2008","88083.28537","81.09920"
"SGP","Singapur","2009","85575.75511","81.42820"
"SGP","Singapur","2010","96280.01688","81.64720"
"SGP","Singapur","2011","100153.72941","81.94170"
"SGP","Singapur","2012","102061.11936","82.20890"
"SGP","Singapur","2013","105259.69356","82.46760"
"SGP","Singapur","2014","107990.89120","82.61460"
"SGP","Singapur","2015","109894.04134","82.74790"
"SGP","Singapur","2016","112719.94795","82.89700"
"SGP","Singapur","2017","117492.96799","83.09470"
"SGP","Singapur","2018","120668.88873","83.37830"
"SGP","Singapur","2019","120678.34198","83.66220"
"SGP","Singapur","2020","116684.21360","83.66070"
"SGP","Singapur","2021","133990.18678","83.48460"
"SGP","Singapur","2022","134828.00139","82.92110"
"SGP","Singapur","2023","130296.84379","83.73620"
"SYR","Siria","1990","5952.35830","69.82980"
"SYR","Siria","1991","6210.41568","70.07520"
"SYR","Siria","1992","6803.92916","70.24280"
"SYR","Siria","1993","7007.72494","70.30870"
"SYR","Siria","1994","7294.86310","70.29580"
"SYR","Siria","1995","7589.39693","70.20930"
"SYR","Siria","1996","8112.37387","70.15650"
"SYR","Siria","1997","8299.18932","70.15820"
"SYR","Siria","1998","8636.63340","70.23720"
"SYR","Siria","1999","8120.49248","70.50650"
"SYR","Siria","2000","7973.98132","70.85630"
"SYR","Siria","2001","8075.78410","71.29580"
"SYR","Siria","2002","8502.49347","71.74240"
"SYR","Siria","2003","8351.46524","72.18750"
"SYR","Siria","2004","8710.00893","72.49380"
"SYR","Siria","2005","9016.72035","72.79660"
"SYR","Siria","2006","9074.77248","73.03960"
"SYR","Siria","2007","9017.08718","73.25630"
"SYR","Siria","2008","9093.12957","73.36810"
"SYR","Siria","2009","9481.56998","73.49590"
"SYR","Siria","2010","9749.57445","73.54170"
"SYR","Siria","2011","9854.03380","72.25930"
"SYR","Siria","2012","7296.32887","66.20640"
"SYR","Siria","2013","5648.60213","65.14570"
"SYR","Siria","2014","5414.37510","65.49160"
"SYR","Siria","2015","5414.83905","63.26510"
"SYR","Siria","2016","5128.91823","65.18960"
"SYR","Siria","2017","5083.65174","65.65080"
"SYR","Siria","2018","5061.49399","67.37110"
"SYR","Siria","2019","4928.02885","70.97010"
"SYR","Siria","2020","4810.61073","71.94400"
"SYR","Siria","2021","4765.52911","72.41750"
"SYR","Siria","2022","4579.43974","72.78980"
"SOM","Somalia","1991","837.26702","25.41840"
"SOM","Somalia","1992","803.78708","25.03420"
"SOM","Somalia","1993","812.55729","50.55060"
"SOM","Somalia","1994","634.72773","50.30250"
"SOM","Somalia","1995","636.66207","50.64990"
"SOM","Somalia","1996","663.35113","50.52440"
"SOM","Somalia","1997","648.01716","50.27800"
"SOM","Somalia","1998","662.67486","50.75520"
"SOM","Somalia","1999","682.97912","50.61100"
"SOM","Somalia","2000","702.85007","50.74660"
"SOM","Somalia","2001","723.37973","50.82910"
"SOM","Somalia","2002","749.91355","50.82020"
"SOM","Somalia","2003","777.88455","50.72080"
"SOM","Somalia","2004","803.05978","50.68490"
"SOM","Somalia","2005","830.80725","50.89370"
"SOM","Somalia","2006","857.99366","50.91520"
"SOM","Somalia","2007","887.36935","50.88520"
"SOM","Somalia","2008","919.13208","51.45580"
"SOM","Somalia","2009","956.22033","52.10100"
"SOM","Somalia","2010","995.22556","48.89960"
"SOM","Somalia","2011","1054.36215","32.45250"
"SOM","Somalia","2012","1114.80415","49.13840"
"SOM","Somalia","2013","1197.72166","54.01630"
"SOM","Somalia","2014","1259.27433","54.44210"
"SOM","Somalia","2015","1343.92517","55.05550"
"SOM","Somalia","2016","1384.15517","55.28280"
"SOM","Somalia","2017","1527.66029","52.19010"
"SOM","Somalia","2018","1504.97908","54.76730"
"SOM","Somalia","2019","1491.29494","57.24940"
"SOM","Somalia","2020","1396.05545","57.09480"
"SOM","Somalia","2021","1392.31782","55.70270"
"SOM","Somalia","2022","1387.54754","53.93150"
"SOM","Somalia","2023","1401.64735","58.81580"
"LKA","Sri Lanka","1990","4561.57913","69.23890"
"LKA","Sri Lanka","1991","4735.81940","69.13100"
"LKA","Sri Lanka","1992","4866.23941","69.61910"
"LKA","Sri Lanka","1993","5114.43630","70.04850"
"LKA","Sri Lanka","1994","5322.72963","70.21140"
"LKA","Sri Lanka","1995","5523.31225","69.74560"
"LKA","Sri Lanka","1996","5624.02394","69.84050"
"LKA","Sri Lanka","1997","5871.72298","69.93450"
"LKA","Sri Lanka","1998","6032.62213","70.13420"
"LKA","Sri Lanka","1999","6176.23548","70.42650"
"LKA","Sri Lanka","2000","6428.61342","71.17870"
"LKA","Sri Lanka","2001","6230.03052","71.80440"
"LKA","Sri Lanka","2002","6409.86279","72.27110"
"LKA","Sri Lanka","2003","6741.01249","72.44170"
"LKA","Sri Lanka","2004","7059.91098","68.02180"
"LKA","Sri Lanka","2005","7452.74234","73.07330"
"LKA","Sri Lanka","2006","7970.66491","72.82500"
"LKA","Sri Lanka","2007","8454.20675","72.98310"
"LKA","Sri Lanka","2008","8897.82686","72.55570"
"LKA","Sri Lanka","2009","9156.31906","70.29760"
"LKA","Sri Lanka","2010","9832.18622","74.46260"
"LKA","Sri Lanka","2011","10618.49260","74.74050"
"LKA","Sri Lanka","2012","11447.69377","75.18660"
"LKA","Sri Lanka","2013","12249.72233","75.54610"
"LKA","Sri Lanka","2014","12909.96631","75.75730"
"LKA","Sri Lanka","2015","13329.77934","75.98990"
"LKA","Sri Lanka","2016","13845.61468","76.13610"
"LKA","Sri Lanka","2017","14572.48582","76.23860"
"LKA","Sri Lanka","2018","14759.82489","76.48530"
"LKA","Sri Lanka","2019","14637.44429","76.69800"
"LKA","Sri Lanka","2020","13886.65137","76.92810"
"LKA","Sri Lanka","2021","14316.13522","76.27790"
"LKA","Sri Lanka","2022","13249.06505","77.29960"
"LKA","Sri Lanka","2023","13065.06983","77.48280"
"ZAF","Sudáfrica","1990","10811.15153","62.94220"
"ZAF","Sudáfrica","1991","10459.35598","62.98270"
"ZAF","Sudáfrica","1992","10053.61012","62.83900"
"ZAF","Sudáfrica","1993","9976.96506","62.61830"
"ZAF","Sudáfrica","1994","10130.80582","62.06930"
"ZAF","Sudáfrica","1995","10318.83860","61.60330"
"ZAF","Sudáfrica","1996","10623.86036","61.07860"
"ZAF","Sudáfrica","1997","10770.27796","60.53800"
"ZAF","Sudáfrica","1998","10693.68823","59.91240"
"ZAF","Sudáfrica","1999","10831.65896","59.18950"
"ZAF","Sudáfrica","2000","11183.82550","58.36780"
"ZAF","Sudáfrica","2001","11387.49237","57.16070"
"ZAF","Sudáfrica","2002","11697.56573","55.57950"
"ZAF","Sudáfrica","2003","11923.12110","54.24510"
"ZAF","Sudáfrica","2004","12341.21027","53.96300"
"ZAF","Sudáfrica","2005","12861.56331","53.91420"
"ZAF","Sudáfrica","2006","13444.23321","54.22040"
"ZAF","Sudáfrica","2007","14016.24447","54.94770"
"ZAF","Sudáfrica","2008","14297.68878","55.98170"
"ZAF","Sudáfrica","2009","13910.70171","57.41300"
"ZAF","Sudáfrica","2010","14164.99584","58.88630"
"ZAF","Sudáfrica","2011","14434.26115","60.60240"
"ZAF","Sudáfrica","2012","14563.76240","61.73660"
"ZAF","Sudáfrica","2013","14681.09664","62.38830"
"ZAF","Sudáfrica","2014","14643.33848","63.18450"
"ZAF","Sudáfrica","2015","14541.67486","64.05320"
"ZAF","Sudáfrica","2016","14501.28078","64.74950"
"ZAF","Sudáfrica","2017","14573.59808","65.42220"
"ZAF","Sudáfrica","2018","14553.56157","65.72600"
"ZAF","Sudáfrica","2019","14352.66987","66.07110"
"ZAF","Sudáfrica","2020","13250.56666","65.15020"
"ZAF","Sudáfrica","2021","13681.95481","62.00990"
"ZAF","Sudáfrica","2022","13767.49676","65.45360"
"ZAF","Sudáfrica","2023","13695.37557","66.13870"
"SDN","Sudán","1990","2460.18872","55.49690"
"SDN","Sudán","1991","2591.86914","55.55300"
"SDN","Sudán","1992","2709.79004","55.95200"
"SDN","Sudán","1993","2777.27490","56.10200"
"SDN","Sudán","1994","2736.47192","57.02230"
"SDN","Sudán","1995","2824.63208","57.44650"
"SDN","Sudán","1996","2924.29077","57.63790"
"SDN","Sudán","1997","3380.18677","58.05790"
"SDN","Sudán","1998","3441.17920","58.30820"
"SDN","Sudán","1999","3459.22998","58.60730"
"SDN","Sudán","2000","3575.85205","58.94560"
"SDN","Sudán","2001","3701.54883","59.26410"
"SDN","Sudán","2002","3814.31323","59.30780"
"SDN","Sudán","2003","3946.92261","58.31930"
"SDN","Sudán","2004","4041.05713","56.77310"
"SDN","Sudán","2005","4152.32275","57.22630"
"SDN","Sudán","2006","4299.97412","60.39960"
"SDN","Sudán","2007","4415.78516","61.44190"
"SDN","Sudán","2008","4446.40967","61.26090"
"SDN","Sudán","2009","4188.05469","62.67650"
"SDN","Sudán","2010","4219.83691","62.97920"
"SDN","Sudán","2011","4467.62598","63.18090"
"SDN","Sudán","2012","4145.93164","63.42730"
"SDN","Sudán","2013","4130.48584","63.44330"
"SDN","Sudán","2014","4207.50049","63.99050"
"SDN","Sudán","2015","4159.19434","64.37460"
"SDN","Sudán","2016","4174.56104","64.67730"
"SDN","Sudán","2017","4061.01831","65.14640"
"SDN","Sudán","2018","3816.65991","65.50050"
"SDN","Sudán","2019","3625.52319","65.80320"
"SDN","Sudán","2020","3401.24976","65.12370"
"SDN","Sudán","2021","3248.97559","64.46040"
"SDN","Sudán","2022","3132.07715","65.69500"
"SDN","Sudán","2023","2181.07910","66.33100"
"SWE","Suecia","1990","40199.70742","77.58860"
"SWE","Suecia","1991","39469.07165","77.72850"
"SWE","Suecia","1992","38783.63977","78.07120"
"SWE","Suecia","1993","37762.54082","78.13560"
"SWE","Suecia","1994","39000.82772","78.74710"
"SWE","Suecia","1995","40385.21397","78.82220"
"SWE","Suecia","1996","41008.35317","79.04470"
"SWE","Suecia","1997","42241.06077","79.27240"
"SWE","Suecia","1998","44010.10744","79.41630"
"SWE","Suecia","1999","45823.30184","79.50850"
"SWE","Suecia","2000","47868.50773","79.73870"
"SWE","Suecia","2001","48389.81851","79.83630"
"SWE","Suecia","2002","49331.20326","79.93490"
"SWE","Suecia","2003","50072.47365","80.19510"
"SWE","Suecia","2004","51960.53219","80.54650"
"SWE","Suecia","2005","53198.67120","80.62130"
"SWE","Suecia","2006","55373.93381","80.83180"
"SWE","Suecia","2007","56737.36892","80.97000"
"SWE","Suecia","2008","55777.39731","81.13730"
"SWE","Suecia","2009","52950.71033","81.36330"
"SWE","Suecia","2010","55520.43242","81.51900"
"SWE","Suecia","2011","56846.13683","81.75840"
"SWE","Suecia","2012","56193.32875","81.72990"
"SWE","Suecia","2013","56353.08563","81.93540"
"SWE","Suecia","2014","57077.66935","82.22410"
"SWE","Suecia","2015","58955.64124","82.18440"
"SWE","Suecia","2016","59460.28727","82.33910"
"SWE","Suecia","2017","59769.01362","82.43770"
"SWE","Suecia","2018","60124.57120","82.53210"
"SWE","Suecia","2019","61070.52434","83.05180"
"SWE","Suecia","2020","59458.28053","82.42710"
"SWE","Suecia","2021","62190.85270","83.01960"
"SWE","Suecia","2022","62544.50022","83.04600"
"SWE","Suecia","2023","62122.51170","83.26240"
"CHE","Suiza","1990","63921.42273","77.38510"
"CHE","Suiza","1991","62404.06278","77.64850"
"CHE","Suiza","1992","61004.74235","77.94410"
"CHE","Suiza","1993","59202.98502","78.23350"
"CHE","Suiza","1994","61091.49609","78.49460"
"CHE","Suiza","1995","63169.28272","78.56500"
"CHE","Suiza","1996","63243.21343","79.04940"
"CHE","Suiza","1997","64414.45789","79.23290"
"CHE","Suiza","1998","66006.25664","79.47520"
"CHE","Suiza","1999","66795.88797","79.72350"
"CHE","Suiza","2000","68834.81799","79.83400"
"CHE","Suiza","2001","69489.69951","80.25110"
"CHE","Suiza","2002","69228.36833","80.44380"
"CHE","Suiza","2003","68521.34203","80.53250"
"CHE","Suiza","2004","69812.37876","81.05490"
"CHE","Suiza","2005","71414.34956","81.23620"
"CHE","Suiza","2006","73901.61496","81.54950"
"CHE","Suiza","2007","76161.56002","81.70280"
"CHE","Suiza","2008","77103.71883","81.97090"
"CHE","Suiza","2009","74672.95127","81.98910"
"CHE","Suiza","2010","76308.80645","82.28730"
"CHE","Suiza","2011","76527.33615","82.57380"
"CHE","Suiza","2012","76570.23790","82.61670"
"CHE","Suiza","2013","77084.66565","82.68920"
"CHE","Suiza","2014","78086.68052","83.08410"
"CHE","Suiza","2015","78325.74874","82.84610"
"CHE","Suiza","2016","78956.06673","83.44570"
"CHE","Suiza","2017","79333.74378","83.41400"
"CHE","Suiza","2018","81371.89441","83.56390"
"CHE","Suiza","2019","81694.63065","83.78040"
"CHE","Suiza","2020","79270.87137","83.06260"
"CHE","Suiza","2021","83524.98329","83.64770"
"CHE","Suiza","2022","85762.28292","83.20030"
"CHE","Suiza","2023","85383.35645","83.95360"
"SUR","Suriname","1990","17137.65097","62.08780"
"SUR","Suriname","1991","17493.49623","62.15120"
"SUR","Suriname","1992","17455.12565","62.24560"
"SUR","Suriname","1993","16217.16603","62.38170"
"SUR","Suriname","1994","16648.53453","62.54200"
"SUR","Suriname","1995","16368.31136","62.77920"
"SUR","Suriname","1996","16184.49993","63.07860"
"SUR","Suriname","1997","16754.35114","63.38530"
"SUR","Suriname","1998","16789.75490","63.70600"
"SUR","Suriname","1999","16217.51730","64.03530"
"SUR","Suriname","2000","16220.17906","64.40890"
"SUR","Suriname","2001","16556.94406","64.82010"
"SUR","Suriname","2002","16678.07187","65.27440"
"SUR","Suriname","2003","17383.50155","65.77850"
"SUR","Suriname","2004","18585.51709","66.36150"
"SUR","Suriname","2005","19220.28397","66.99740"
"SUR","Suriname","2006","20113.67075","67.64310"
"SUR","Suriname","2007","20902.13916","68.30710"
"SUR","Suriname","2008","21515.81196","68.87320"
"SUR","Suriname","2009","21906.41054","69.32310"
"SUR","Suriname","2010","22772.47545","69.62620"
"SUR","Suriname","2011","23829.53329","69.82030"
"SUR","Suriname","2012","24193.84124","69.95680"
"SUR","Suriname","2013","24624.02199","70.11010"
"SUR","Suriname","2014","24414.35548","70.33000"
"SUR","Suriname","2015","23327.52525","70.56710"
"SUR","Suriname","2016","21950.41221","70.97860"
"SUR","Suriname","2017","22070.51376","71.24740"
"SUR","Suriname","2018","22938.53537","71.46790"
"SUR","Suriname","2019","22966.74060","71.77340"
"SUR","Suriname","2020","19091.36172","72.32080"
"SUR","Suriname","2021","18458.23500","68.94270"
"SUR","Suriname","2022","18742.58738","73.25380"
"SUR","Suriname","2023","19020.86638","73.63100"
"THA","Tailandia","1990","8702.89956","68.92440"
"THA","Tailandia","1991","9295.04057","69.13220"
"THA","Tailandia","1992","9887.97374","69.35300"
"THA","Tailandia","1993","10539.96111","69.56770"
"THA","Tailandia","1994","11216.25483","69.66090"
"THA","Tailandia","1995","11955.21881","69.75650"
"THA","Tailandia","1996","12457.68208","69.94000"
"THA","Tailandia","1997","11954.14743","70.36220"
"THA","Tailandia","1998","10898.33702","70.70290"
"THA","Tailandia","1999","11254.60983","70.97870"
"THA","Tailandia","2000","11623.78746","71.20530"
"THA","Tailandia","2001","11902.61092","71.51980"
"THA","Tailandia","2002","12513.54220","71.77470"
"THA","Tailandia","2003","13288.74816","72.10120"
"THA","Tailandia","2004","13998.52173","72.10000"
"THA","Tailandia","2005","14459.82563","72.89380"
"THA","Tailandia","2006","15052.69551","73.34130"
"THA","Tailandia","2007","15744.36524","73.77950"
"THA","Tailandia","2008","15893.50849","74.22050"
"THA","Tailandia","2009","15667.60473","74.66910"
"THA","Tailandia","2010","16732.18703","75.01170"
"THA","Tailandia","2011","16768.16885","75.30150"
"THA","Tailandia","2012","17871.57865","75.58990"
"THA","Tailandia","2013","18244.40715","75.96010"
"THA","Tailandia","2014","18326.60487","76.27920"
"THA","Tailandia","2015","18814.04086","76.56310"
"THA","Tailandia","2016","19372.71280","76.76930"
"THA","Tailandia","2017","20096.86055","76.98880"
"THA","Tailandia","2018","20882.17074","77.19030"
"THA","Tailandia","2019","21280.15045","77.19670"
"THA","Tailandia","2020","19950.28441","77.33140"
"THA","Tailandia","2021","20236.97604","77.60650"
"THA","Tailandia","2022","20768.48001","75.29130"
"THA","Tailandia","2023","21245.27068","76.41150"
"TZA","Tanzanía","1990","1794.20459","51.98490"
"TZA","Tanzanía","1991","1785.66394","51.83730"
"TZA","Tanzanía","1992","1751.91846","51.43170"
"TZA","Tanzanía","1993","1718.39307","51.21530"
"TZA","Tanzanía","1994","1679.66235","51.07720"
"TZA","Tanzanía","1995","1685.85107","51.00480"
"TZA","Tanzanía","1996","1730.55457","51.13210"
"TZA","Tanzanía","1997","1755.80371","51.24570"
"TZA","Tanzanía","1998","1773.72424","51.80740"
"TZA","Tanzanía","1999","1810.97156","52.39880"
"TZA","Tanzanía","2000","1839.93665","53.24390"
"TZA","Tanzanía","2001","1899.74536","54.12430"
"TZA","Tanzanía","2002","1982.64429","54.93960"
"TZA","Tanzanía","2003","2059.83740","55.92920"
"TZA","Tanzanía","2004","2155.24146","56.83550"
"TZA","Tanzanía","2005","2253.09326","57.67500"
"TZA","Tanzanía","2006","2334.10449","58.51230"
"TZA","Tanzanía","2007","2423.61597","59.26020"
"TZA","Tanzanía","2008","2493.25928","59.89610"
"TZA","Tanzanía","2009","2560.81104","60.49400"
"TZA","Tanzanía","2010","2654.80347","61.12660"
"TZA","Tanzanía","2011","2779.70776","61.61760"
"TZA","Tanzanía","2012","2822.48535","62.28620"
"TZA","Tanzanía","2013","2924.86328","62.78800"
"TZA","Tanzanía","2014","3027.56909","63.36380"
"TZA","Tanzanía","2015","3111.44458","63.92840"
"TZA","Tanzanía","2016","3214.24683","64.40370"
"TZA","Tanzanía","2017","3318.28833","64.96310"
"TZA","Tanzanía","2018","3392.68872","65.48800"
"TZA","Tanzanía","2019","3484.63257","66.00680"
"TZA","Tanzanía","2020","3449.82153","66.77120"
"TZA","Tanzanía","2021","3493.08301","66.13060"
"TZA","Tanzanía","2022","3546.98096","66.87860"
"TZA","Tanzanía","2023","3620.79346","66.99530"
"TJK","Tayikistán","1990","4173.04608","61.63580"
"TJK","Tayikistán","1991","3777.10751","61.67950"
"TJK","Tayikistán","1992","2630.38658","57.08460"
"TJK","Tayikistán","1993","2169.96747","55.51190"
"TJK","Tayikistán","1994","1678.33852","60.09350"
"TJK","Tayikistán","1995","1439.50278","61.38900"
"TJK","Tayikistán","1996","1175.79407","60.80590"
"TJK","Tayikistán","1997","1181.28110","61.92850"
"TJK","Tayikistán","1998","1236.67553","62.40370"
"TJK","Tayikistán","1999","1275.82249","63.11380"
"TJK","Tayikistán","2000","1365.23327","63.54200"
"TJK","Tayikistán","2001","1467.39882","64.19700"
"TJK","Tayikistán","2002","1594.93890","64.89830"
"TJK","Tayikistán","2003","1736.64040","65.87420"
"TJK","Tayikistán","2004","1878.28696","66.60420"
"TJK","Tayikistán","2005","1965.30020","66.53130"
"TJK","Tayikistán","2006","2063.28851","66.99680"
"TJK","Tayikistán","2007","2181.89798","67.40460"
"TJK","Tayikistán","2008","2308.09430","67.92430"
"TJK","Tayikistán","2009","2349.50030","68.24750"
"TJK","Tayikistán","2010","2449.27359","68.36980"
"TJK","Tayikistán","2011","2572.48075","68.69830"
"TJK","Tayikistán","2012","2700.09546","69.12960"
"TJK","Tayikistán","2013","2828.38542","69.57900"
"TJK","Tayikistán","2014","2943.08868","69.69700"
"TJK","Tayikistán","2015","3041.44480","69.66470"
"TJK","Tayikistán","2016","3169.96678","69.98190"
"TJK","Tayikistán","2017","3312.71202","70.52410"
"TJK","Tayikistán","2018","3479.69236","70.73660"
"TJK","Tayikistán","2019","3649.88376","70.96200"
"TJK","Tayikistán","2020","3724.74896","68.60540"
"TJK","Tayikistán","2021","3985.91248","69.59350"
"TJK","Tayikistán","2022","4213.75618","71.56240"
"TJK","Tayikistán","2023","4472.32414","71.79010"
"TLS","Timor-Leste","1990","2143.79194","45.18490"
"TLS","Timor-Leste","1991","2318.79425","45.07630"
"TLS","Timor-Leste","1992","2493.90856","46.19010"
"TLS","Timor-Leste","1993","2674.39920","47.00750"
"TLS","Timor-Leste","1994","2786.67622","47.86080"
"TLS","Timor-Leste","1995","2891.86459","47.54290"
"TLS","Timor-Leste","1996","3038.23037","48.26020"
"TLS","Timor-Leste","1997","3073.97037","48.96810"
"TLS","Timor-Leste","1998","2931.48082","48.58260"
"TLS","Timor-Leste","1999","2136.64945","45.24560"
"TLS","Timor-Leste","2000","3783.78330","58.09690"
"TLS","Timor-Leste","2001","4038.33571","58.77220"
"TLS","Timor-Leste","2002","3480.98847","59.47660"
"TLS","Timor-Leste","2003","3264.94647","60.13040"
"TLS","Timor-Leste","2004","3234.97584","60.74280"
"TLS","Timor-Leste","2005","3263.94446","61.27170"
"TLS","Timor-Leste","2006","3038.95232","61.88070"
"TLS","Timor-Leste","2007","3256.56980","62.39570"
"TLS","Timor-Leste","2008","3530.88217","62.85750"
"TLS","Timor-Leste","2009","3792.35832","63.26520"
"TLS","Timor-Leste","2010","4047.24941","63.65990"
"TLS","Timor-Leste","2011","4189.79978","64.02230"
"TLS","Timor-Leste","2012","4297.91482","64.38440"
"TLS","Timor-Leste","2013","4340.27840","64.71890"
"TLS","Timor-Leste","2014","4445.35927","65.02680"
"TLS","Timor-Leste","2015","4467.80007","65.32620"
"TLS","Timor-Leste","2016","4515.42246","65.60990"
"TLS","Timor-Leste","2017","4290.02709","65.89820"
"TLS","Timor-Leste","2018","4188.84099","66.20390"
"TLS","Timor-Leste","2019","5103.14964","66.49640"
"TLS","Timor-Leste","2020","6594.88171","66.91910"
"TLS","Timor-Leste","2021","6825.04581","66.19930"
"TLS","Timor-Leste","2022","5348.49183","67.36840"
"TLS","Timor-Leste","2023","4331.07793","67.68940"
"TGO","Togo","1990","2409.14820","54.55700"
"TGO","Togo","1991","2324.31142","54.25510"
"TGO","Togo","1992","2169.39273","54.07670"
"TGO","Togo","1993","1863.03725","53.85160"
"TGO","Togo","1994","2133.27158","53.70690"
"TGO","Togo","1995","2185.19557","53.69220"
"TGO","Togo","1996","2278.14214","53.81720"
"TGO","Togo","1997","2519.00043","53.84530"
"TGO","Togo","1998","2400.05346","53.95610"
"TGO","Togo","1999","2399.45741","54.31010"
"TGO","Togo","2000","2321.95042","54.57700"
"TGO","Togo","2001","2283.58492","54.74560"
"TGO","Togo","2002","2312.96463","55.03190"
"TGO","Togo","2003","2407.58578","55.29940"
"TGO","Togo","2004","2326.60102","55.59410"
"TGO","Togo","2005","2164.01600","55.91590"
"TGO","Togo","2006","2158.94394","56.14160"
"TGO","Togo","2007","2067.21836","56.38210"
"TGO","Togo","2008","2082.64202","56.65110"
"TGO","Togo","2009","2126.44132","56.92670"
"TGO","Togo","2010","2181.59889","57.22660"
"TGO","Togo","2011","2246.56205","57.61180"
"TGO","Togo","2012","2333.19277","57.93960"
"TGO","Togo","2013","2416.37805","58.34470"
"TGO","Togo","2014","2501.43253","58.76630"
"TGO","Togo","2015","2588.27261","59.22010"
"TGO","Togo","2016","2648.90085","59.66860"
"TGO","Togo","2017","2708.61122","60.13510"
"TGO","Togo","2018","2787.56398","60.60060"
"TGO","Togo","2019","2862.62661","61.05540"
"TGO","Togo","2020","2861.29796","61.12250"
"TGO","Togo","2021","2952.09730","61.32850"
"TGO","Togo","2022","3086.40879","62.28980"
"TGO","Togo","2023","3215.82300","62.73870"
"TON","Tonga","1990","4488.39424","67.53920"
"TON","Tonga","1991","4766.99902","67.74870"
"TON","Tonga","1992","4772.94259","67.92690"
"TON","Tonga","1993","4947.35148","68.15720"
"TON","Tonga","1994","5189.10434","68.37050"
"TON","Tonga","1995","5509.04512","68.59200"
"TON","Tonga","1996","5511.41451","68.80310"
"TON","Tonga","1997","5456.60423","69.01220"
"TON","Tonga","1998","5542.39331","69.22440"
"TON","Tonga","1999","5633.44424","69.43150"
"TON","Tonga","2000","5809.00930","69.63490"
"TON","Tonga","2001","5860.83162","69.79980"
"TON","Tonga","2002","6085.89291","70.03010"
"TON","Tonga","2003","6054.65554","70.22750"
"TON","Tonga","2004","5901.21343","70.43300"
"TON","Tonga","2005","5829.11733","70.56000"
"TON","Tonga","2006","5671.64079","70.70980"
"TON","Tonga","2007","5507.35734","70.88680"
"TON","Tonga","2008","5759.30613","71.04120"
"TON","Tonga","2009","5454.57394","70.94890"
"TON","Tonga","2010","5489.45367","71.31850"
"TON","Tonga","2011","5848.19312","71.43720"
"TON","Tonga","2012","5908.02401","71.54610"
"TON","Tonga","2013","5952.45690","71.64990"
"TON","Tonga","2014","6097.65042","71.72120"
"TON","Tonga","2015","6195.43303","71.85100"
"TON","Tonga","2016","6639.98720","71.95050"
"TON","Tonga","2017","6863.54796","72.06570"
"TON","Tonga","2018","6885.98490","72.16910"
"TON","Tonga","2019","6859.71740","72.29200"
"TON","Tonga","2020","6981.30436","72.37870"
"TON","Tonga","2021","6930.06483","72.12960"
"TON","Tonga","2022","6811.48235","72.63530"
"TON","Tonga","2023","7031.32022","72.89470"
"TTO","Trinidad y Tobago","1990","11869.52873","67.59050"
"TTO","Trinidad y Tobago","1991","12142.34815","67.78170"
"TTO","Trinidad y Tobago","1992","13267.97706","67.77980"
"TTO","Trinidad y Tobago","1993","13088.70739","67.82460"
"TTO","Trinidad y Tobago","1994","13472.74642","67.83680"
"TTO","Trinidad y Tobago","1995","13912.31333","67.99520"
"TTO","Trinidad y Tobago","1996","14838.90265","68.03860"
"TTO","Trinidad y Tobago","1997","15895.24388","68.14340"
"TTO","Trinidad y Tobago","1998","17129.09114","68.33060"
"TTO","Trinidad y Tobago","1999","18440.57413","68.50870"
"TTO","Trinidad y Tobago","2000","19637.55454","68.62880"
"TTO","Trinidad y Tobago","2001","20366.75313","68.87440"
"TTO","Trinidad y Tobago","2002","21876.85291","69.23220"
"TTO","Trinidad y Tobago","2003","24910.82320","69.45360"
"TTO","Trinidad y Tobago","2004","26757.90756","69.87910"
"TTO","Trinidad y Tobago","2005","29536.43941","70.18470"
"TTO","Trinidad y Tobago","2006","33348.75075","70.43670"
"TTO","Trinidad y Tobago","2007","34793.64575","70.79730"
"TTO","Trinidad y Tobago","2008","35825.33335","71.11710"
"TTO","Trinidad y Tobago","2009","34212.26831","71.40420"
"TTO","Trinidad y Tobago","2010","35145.12536","71.80900"
"TTO","Trinidad y Tobago","2011","34769.76203","72.23230"
"TTO","Trinidad y Tobago","2012","36903.68986","72.51300"
"TTO","Trinidad y Tobago","2013","37994.06865","72.78550"
"TTO","Trinidad y Tobago","2014","39248.65705","72.89840"
"TTO","Trinidad y Tobago","2015","38963.96418","72.88170"
"TTO","Trinidad y Tobago","2016","35914.99020","72.93480"
"TTO","Trinidad y Tobago","2017","34095.98993","72.98440"
"TTO","Trinidad y Tobago","2018","33710.01785","72.65820"
"TTO","Trinidad y Tobago","2019","33748.70608","72.83570"
"TTO","Trinidad y Tobago","2020","30720.88769","72.64500"
"TTO","Trinidad y Tobago","2021","30482.12018","71.11140"
"TTO","Trinidad y Tobago","2022","30784.11126","73.33080"
"TTO","Trinidad y Tobago","2023","31196.60355","73.48960"
"TKM","Turkmenistán","1990","7850.71329","63.86650"
"TKM","Turkmenistán","1991","7304.00729","63.84240"
"TKM","Turkmenistán","1992","6071.08331","63.75280"
"TKM","Turkmenistán","1993","6028.10273","63.58550"
"TKM","Turkmenistán","1994","4883.21714","63.51480"
"TKM","Turkmenistán","1995","4451.02809","63.51370"
"TKM","Turkmenistán","1996","4668.36343","63.53780"
"TKM","Turkmenistán","1997","4066.63089","63.66740"
"TKM","Turkmenistán","1998","4282.50715","63.96640"
"TKM","Turkmenistán","1999","4898.42375","64.47490"
"TKM","Turkmenistán","2000","5064.28782","64.93150"
"TKM","Turkmenistán","2001","5179.46447","65.32460"
"TKM","Turkmenistán","2002","5090.38095","65.59340"
"TKM","Turkmenistán","2003","5154.75098","65.85380"
"TKM","Turkmenistán","2004","5309.64539","66.05480"
"TKM","Turkmenistán","2005","5889.84658","66.27470"
"TKM","Turkmenistán","2006","6415.71291","66.57440"
"TKM","Turkmenistán","2007","6993.52912","67.01980"
"TKM","Turkmenistán","2008","7870.02718","67.58360"
"TKM","Turkmenistán","2009","8186.87833","68.15520"
"TKM","Turkmenistán","2010","8758.89687","68.60780"
"TKM","Turkmenistán","2011","9837.56346","68.86960"
"TKM","Turkmenistán","2012","10689.35373","68.96070"
"TKM","Turkmenistán","2013","11516.37412","68.96800"
"TKM","Turkmenistán","2014","12423.92464","69.00140"
"TKM","Turkmenistán","2015","12926.66373","69.06080"
"TKM","Turkmenistán","2016","13420.38497","69.14210"
"TKM","Turkmenistán","2017","13963.40459","69.19000"
"TKM","Turkmenistán","2018","14499.16844","69.27180"
"TKM","Turkmenistán","2019","15080.90340","69.40460"
"TKM","Turkmenistán","2020","15630.91452","68.84570"
"TKM","Turkmenistán","2021","16259.87001","69.35250"
"TKM","Turkmenistán","2022","16943.60460","69.91330"
"TKM","Turkmenistán","2023","17685.85859","70.07270"
"TUR","Turquía","1990","12184.19959","67.83480"
"TUR","Turquía","1991","12057.93544","68.28670"
"TUR","Turquía","1992","12451.04512","68.60310"
"TUR","Turquía","1993","13174.46712","69.01780"
"TUR","Turquía","1994","12343.00418","69.40240"
"TUR","Turquía","1995","13099.25753","69.73410"
"TUR","Turquía","1996","13826.92011","70.24540"
"TUR","Turquía","1997","14631.29588","70.66810"
"TUR","Turquía","1998","14704.33857","71.14400"
"TUR","Turquía","1999","14066.18963","70.75230"
"TUR","Turquía","2000","14856.91463","71.93120"
"TUR","Turquía","2001","13872.12873","72.27110"
"TUR","Turquía","2002","14587.89462","72.60470"
"TUR","Turquía","2003","15255.71780","72.90610"
"TUR","Turquía","2004","16583.88371","73.22320"
"TUR","Turquía","2005","17902.59660","73.50980"
"TUR","Turquía","2006","18972.00896","73.80380"
"TUR","Turquía","2007","19909.08352","74.12910"
"TUR","Turquía","2008","19839.58455","74.38020"
"TUR","Turquía","2009","18612.19252","74.67900"
"TUR","Turquía","2010","19897.44648","74.96420"
"TUR","Turquía","2011","21760.42919","74.82340"
"TUR","Turquía","2012","22517.71483","75.55190"
"TUR","Turquía","2013","24117.31211","76.17050"
"TUR","Turquía","2014","24888.85217","76.45190"
"TUR","Turquía","2015","25984.80273","76.53890"
"TUR","Turquía","2016","26489.64368","76.59480"
"TUR","Turquía","2017","28194.68831","77.03720"
"TUR","Turquía","2018","28780.30365","77.45350"
"TUR","Turquía","2019","28741.05351","77.73700"
"TUR","Turquía","2020","28976.71792","76.52550"
"TUR","Turquía","2021","32105.54744","75.72220"
"TUR","Turquía","2022","33520.81114","77.59130"
"TUR","Turquía","2023","35069.17017","77.15570"
"TUV","Tuvalu","1990","3120.28113","61.64310"
"TUV","Tuvalu","1991","3185.82378","61.80860"
"TUV","Tuvalu","1992","3234.81422","60.28960"
"TUV","Tuvalu","1993","3335.31686","62.10970"
"TUV","Tuvalu","1994","3645.93965","62.31700"
"TUV","Tuvalu","1995","3436.23530","62.50470"
"TUV","Tuvalu","1996","3209.94284","62.70860"
"TUV","Tuvalu","1997","3509.25585","62.94170"
"TUV","Tuvalu","1998","4031.35917","63.16190"
"TUV","Tuvalu","1999","3949.50872","63.34570"
"TUV","Tuvalu","2000","3893.29677","63.53560"
"TUV","Tuvalu","2001","3903.20310","63.70900"
"TUV","Tuvalu","2002","4211.58993","63.82460"
"TUV","Tuvalu","2003","3998.43607","63.89740"
"TUV","Tuvalu","2004","3874.58267","63.98850"
"TUV","Tuvalu","2005","3682.89176","64.09620"
"TUV","Tuvalu","2006","3687.77123","64.24670"
"TUV","Tuvalu","2007","3893.64260","64.40170"
"TUV","Tuvalu","2008","4093.92474","64.51620"
"TUV","Tuvalu","2009","3812.13930","64.69300"
"TUV","Tuvalu","2010","3664.45035","64.83400"
"TUV","Tuvalu","2011","3879.34910","64.95980"
"TUV","Tuvalu","2012","3715.60047","65.07920"
"TUV","Tuvalu","2013","3833.48955","65.17130"
"TUV","Tuvalu","2014","3903.43451","65.27780"
"TUV","Tuvalu","2015","4277.71467","65.36520"
"TUV","Tuvalu","2016","4495.57216","65.51000"
"TUV","Tuvalu","2017","4668.54377","65.68260"
"TUV","Tuvalu","2018","4785.23290","65.87100"
"TUV","Tuvalu","2019","5515.89954","66.10850"
"TUV","Tuvalu","2020","5442.36321","66.35670"
"TUV","Tuvalu","2021","5551.80842","65.82360"
"TUV","Tuvalu","2022","5044.53985","66.85160"
"TUV","Tuvalu","2023","5315.16301","67.10490"
"TUN","Túnez","1990","6742.58426","69.09190"
"TUN","Túnez","1991","6859.73427","69.39850"
"TUN","Túnez","1992","7241.29106","69.68360"
"TUN","Túnez","1993","7253.33615","69.99210"
"TUN","Túnez","1994","7350.65600","70.36280"
"TUN","Túnez","1995","7406.23901","70.78550"
"TUN","Túnez","1996","7821.79219","71.24720"
"TUN","Túnez","1997","8136.33761","71.66960"
"TUN","Túnez","1998","8417.98493","72.06720"
"TUN","Túnez","1999","8821.98791","72.34350"
"TUN","Túnez","2000","9134.41506","72.60430"
"TUN","Túnez","2001","9380.56318","72.82190"
"TUN","Túnez","2002","9407.55677","73.06950"
"TUN","Túnez","2003","9752.02442","73.30360"
"TUN","Túnez","2004","10263.80554","73.51950"
"TUN","Túnez","2005","10529.15990","73.71170"
"TUN","Túnez","2006","10983.92219","73.88840"
"TUN","Túnez","2007","11613.92475","74.03910"
"TUN","Túnez","2008","11990.19624","74.19230"
"TUN","Túnez","2009","12229.77525","74.31990"
"TUN","Túnez","2010","12458.27104","74.43760"
"TUN","Túnez","2011","12068.71363","74.47140"
"TUN","Túnez","2012","12436.39581","74.59850"
"TUN","Túnez","2013","12587.99506","74.67360"
"TUN","Túnez","2014","12824.00289","74.78380"
"TUN","Túnez","2015","12802.79172","74.87480"
"TUN","Túnez","2016","12803.87974","75.00740"
"TUN","Túnez","2017","12955.40148","75.17680"
"TUN","Túnez","2018","13163.19522","75.37000"
"TUN","Túnez","2019","13243.90242","75.59920"
"TUN","Túnez","2020","11955.59837","75.00350"
"TUN","Túnez","2021","12444.32640","72.89280"
"TUN","Túnez","2022","12712.22345","76.05050"
"TUN","Túnez","2023","12650.96152","76.50770"
"UKR","Ucrania","1990","22815.79883","70.35380"
"UKR","Ucrania","1991","20784.16016","69.68810"
"UKR","Ucrania","1992","18671.87305","68.94710"
"UKR","Ucrania","1993","16012.37207","68.28730"
"UKR","Ucrania","1994","12410.52539","67.53370"
"UKR","Ucrania","1995","10983.00879","67.11380"
"UKR","Ucrania","1996","9969.50098","67.09720"
"UKR","Ucrania","1997","9754.04980","67.65800"
"UKR","Ucrania","1998","9646.05469","67.99290"
"UKR","Ucrania","1999","9704.44531","68.00370"
"UKR","Ucrania","2000","10364.06250","67.78620"
"UKR","Ucrania","2001","11379.38574","67.67540"
"UKR","Ucrania","2002","12092.78906","67.69860"
"UKR","Ucrania","2003","13342.87988","67.63830"
"UKR","Ucrania","2004","15021.06641","67.47240"
"UKR","Ucrania","2005","15610.57324","67.51680"
"UKR","Ucrania","2006","16901.50781","67.49010"
"UKR","Ucrania","2007","18374.01367","67.71470"
"UKR","Ucrania","2008","18883.98633","68.26180"
"UKR","Ucrania","2009","16092.79590","69.15950"
"UKR","Ucrania","2010","16811.79492","70.18830"
"UKR","Ucrania","2011","17783.95703","70.71060"
"UKR","Ucrania","2012","17848.74023","71.08960"
"UKR","Ucrania","2013","17889.09180","71.47440"
"UKR","Ucrania","2014","16978.81250","71.80340"
"UKR","Ucrania","2015","15403.70996","72.68620"
"UKR","Ucrania","2016","15856.81250","73.38940"
"UKR","Ucrania","2017","16310.36035","73.99350"
"UKR","Ucrania","2018","16978.98438","73.56910"
"UKR","Ucrania","2019","17636.55469","73.91990"
"UKR","Ucrania","2020","17092.53906","73.28330"
"UKR","Ucrania","2021","17846.40820","71.63080"
"UKR","Ucrania","2022","13787.12109","72.65820"
"UKR","Ucrania","2023","15916.95801","73.42250"
"UGA","Uganda","1990","1080.03831","47.56120"
"UGA","Uganda","1991","1103.22897","47.54900"
"UGA","Uganda","1992","1102.72992","47.67060"
"UGA","Uganda","1993","1153.99369","47.68080"
"UGA","Uganda","1994","1187.36781","47.67480"
"UGA","Uganda","1995","1288.50887","47.70620"
"UGA","Uganda","1996","1367.94574","47.75900"
"UGA","Uganda","1997","1396.63107","48.02590"
"UGA","Uganda","1998","1422.20789","48.26340"
"UGA","Uganda","1999","1487.75796","48.97710"
"UGA","Uganda","2000","1487.00499","49.63970"
"UGA","Uganda","2001","1516.96424","50.57610"
"UGA","Uganda","2002","1598.58284","51.44320"
"UGA","Uganda","2003","1649.14826","52.41360"
"UGA","Uganda","2004","1709.36159","53.69880"
"UGA","Uganda","2005","1765.03788","54.92640"
"UGA","Uganda","2006","1898.97915","56.11840"
"UGA","Uganda","2007","1999.06249","57.24790"
"UGA","Uganda","2008","2110.10049","58.25300"
"UGA","Uganda","2009","2188.29916","59.15740"
"UGA","Uganda","2010","2244.60595","59.95930"
"UGA","Uganda","2011","2384.46533","60.79140"
"UGA","Uganda","2012","2405.09456","61.57860"
"UGA","Uganda","2013","2420.88808","62.35310"
"UGA","Uganda","2014","2470.50381","63.05750"
"UGA","Uganda","2015","2520.02010","63.83150"
"UGA","Uganda","2016","2554.22769","64.49440"
"UGA","Uganda","2017","2543.84754","65.17380"
"UGA","Uganda","2018","2613.87976","65.77510"
"UGA","Uganda","2019","2689.41009","66.35370"
"UGA","Uganda","2020","2678.00907","66.40980"
"UGA","Uganda","2021","2684.92036","66.44970"
"UGA","Uganda","2022","2724.90610","67.67470"
"UGA","Uganda","2023","2791.05577","68.25230"
"URY","Uruguay","1990","14060.84015","72.99370"
"URY","Uruguay","1991","14474.72723","73.19820"
"URY","Uruguay","1992","15536.48133","73.18530"
"URY","Uruguay","1993","15865.27151","73.14660"
"URY","Uruguay","1994","16932.02204","73.16160"
"URY","Uruguay","1995","16600.03290","73.49270"
"URY","Uruguay","1996","17433.68669","73.81210"
"URY","Uruguay","1997","18823.93479","73.91990"
"URY","Uruguay","1998","19577.78255","74.02930"
"URY","Uruguay","1999","19192.71030","74.29260"
"URY","Uruguay","2000","18752.05071","74.69290"
"URY","Uruguay","2001","17986.89395","74.98650"
"URY","Uruguay","2002","16572.78190","74.97880"
"URY","Uruguay","2003","16694.43260","75.08580"
"URY","Uruguay","2004","17519.37299","75.31940"
"URY","Uruguay","2005","18811.31248","75.82860"
"URY","Uruguay","2006","19560.07435","75.88840"
"URY","Uruguay","2007","20803.88531","76.15020"
"URY","Uruguay","2008","22249.37509","76.27460"
"URY","Uruguay","2009","23138.07331","76.67000"
"URY","Uruguay","2010","24879.82560","76.69110"
"URY","Uruguay","2011","26099.31165","76.61410"
"URY","Uruguay","2012","26953.27090","76.69140"
"URY","Uruguay","2013","28119.47269","76.95310"
"URY","Uruguay","2014","28935.08649","77.19410"
"URY","Uruguay","2015","28941.61845","77.28470"
"URY","Uruguay","2016","29332.55616","77.35110"
"URY","Uruguay","2017","29762.42207","77.61800"
"URY","Uruguay","2018","29757.92761","77.52730"
"URY","Uruguay","2019","30010.56288","77.50280"
"URY","Uruguay","2020","27788.17496","78.38110"
"URY","Uruguay","2021","29431.87388","75.43450"
"URY","Uruguay","2022","30840.07098","76.46820"
"URY","Uruguay","2023","31100.96969","78.13850"
"UZB","Uzbekistán","1990","4239.58649","65.77170"
"UZB","Uzbekistán","1991","4118.51586","65.52880"
"UZB","Uzbekistán","1992","3568.35539","65.23620"
"UZB","Uzbekistán","1993","3406.55184","64.92390"
"UZB","Uzbekistán","1994","3161.07497","64.68150"
"UZB","Uzbekistán","1995","3070.52690","64.66960"
"UZB","Uzbekistán","1996","3064.63712","64.77990"
"UZB","Uzbekistán","1997","3168.77279","65.02850"
"UZB","Uzbekistán","1998","3253.54494","65.16860"
"UZB","Uzbekistán","1999","3346.15887","65.30710"
"UZB","Uzbekistán","2000","3430.88371","65.45600"
"UZB","Uzbekistán","2001","3530.54966","65.85320"
"UZB","Uzbekistán","2002","3626.07786","66.37630"
"UZB","Uzbekistán","2003","3733.79819","66.85230"
"UZB","Uzbekistán","2004","3962.90117","67.20310"
"UZB","Uzbekistán","2005","4185.63948","67.48100"
"UZB","Uzbekistán","2006","4439.90667","67.90530"
"UZB","Uzbekistán","2007","4792.82910","68.48330"
"UZB","Uzbekistán","2008","5145.99183","69.03470"
"UZB","Uzbekistán","2009","5471.82014","69.51700"
"UZB","Uzbekistán","2010","5794.98038","69.83640"
"UZB","Uzbekistán","2011","6170.84150","70.14290"
"UZB","Uzbekistán","2012","6525.49715","70.41080"
"UZB","Uzbekistán","2013","6932.93371","70.69250"
"UZB","Uzbekistán","2014","7344.44304","70.97320"
"UZB","Uzbekistán","2015","7792.23606","71.32980"
"UZB","Uzbekistán","2016","8172.92169","71.57980"
"UZB","Uzbekistán","2017","8413.29975","71.73720"
"UZB","Uzbekistán","2018","8742.54920","71.99880"
"UZB","Uzbekistán","2019","9169.01148","72.09340"
"UZB","Uzbekistán","2020","9145.23120","71.46130"
"UZB","Uzbekistán","2021","9705.60055","71.68080"
"UZB","Uzbekistán","2022","10091.38779","72.14650"
"UZB","Uzbekistán","2023","10514.09557","72.38840"
"VUT","Vanuatu","1990","3531.78750","66.68370"
"VUT","Vanuatu","1991","3553.43729","67.11400"
"VUT","Vanuatu","1992","3555.93729","67.43270"
"VUT","Vanuatu","1993","3495.49275","67.72410"
"VUT","Vanuatu","1994","3723.02444","67.98420"
"VUT","Vanuatu","1995","3674.38819","68.10360"
"VUT","Vanuatu","1996","3676.87859","68.17560"
"VUT","Vanuatu","1997","3775.23587","68.30870"
"VUT","Vanuatu","1998","3740.68522","68.37220"
"VUT","Vanuatu","1999","3676.29742","67.92440"
"VUT","Vanuatu","2000","3805.62227","68.58600"
"VUT","Vanuatu","2001","3584.91107","68.72200"
"VUT","Vanuatu","2002","3314.71255","68.83580"
"VUT","Vanuatu","2003","3372.77297","68.93310"
"VUT","Vanuatu","2004","3422.60818","68.98470"
"VUT","Vanuatu","2005","3517.84620","69.16560"
"VUT","Vanuatu","2006","3724.24742","69.12640"
"VUT","Vanuatu","2007","3738.66656","69.14390"
"VUT","Vanuatu","2008","3850.27902","69.30170"
"VUT","Vanuatu","2009","3867.75799","69.42200"
"VUT","Vanuatu","2010","3825.75654","69.57030"
"VUT","Vanuatu","2011","3861.18223","69.72870"
"VUT","Vanuatu","2012","3815.41895","69.89830"
"VUT","Vanuatu","2013","3748.76509","69.98610"
"VUT","Vanuatu","2014","3779.64941","70.04330"
"VUT","Vanuatu","2015","3825.81231","70.16320"
"VUT","Vanuatu","2016","3877.08355","70.39750"
"VUT","Vanuatu","2017","3947.67824","70.49960"
"VUT","Vanuatu","2018","3951.18453","70.62590"
"VUT","Vanuatu","2019","3986.65620","70.78340"
"VUT","Vanuatu","2020","3671.97391","70.38450"
"VUT","Vanuatu","2021","3546.08022","69.95180"
"VUT","Vanuatu","2022","3658.51871","71.30160"
"VUT","Vanuatu","2023","3782.82649","71.47690"
"VNM","Vietnam","1990","2467.96460","69.02680"
"VNM","Vietnam","1991","2560.84383","69.30350"
"VNM","Vietnam","1992","2726.47374","69.61970"
"VNM","Vietnam","1993","2890.42432","69.95690"
"VNM","Vietnam","1994","3089.60934","70.37890"
"VNM","Vietnam","1995","3328.21486","70.87140"
"VNM","Vietnam","1996","3584.02898","71.29610"
"VNM","Vietnam","1997","3820.30249","71.67000"
"VNM","Vietnam","1998","3982.95806","72.28290"
"VNM","Vietnam","1999","4119.05367","72.57540"
"VNM","Vietnam","2000","4349.22349","72.74550"
"VNM","Vietnam","2001","4570.26847","72.98420"
"VNM","Vietnam","2002","4809.62151","73.13840"
"VNM","Vietnam","2003","5090.28991","73.23560"
"VNM","Vietnam","2004","5421.09703","73.06230"
"VNM","Vietnam","2005","5776.36304","73.19830"
"VNM","Vietnam","2006","6098.24495","73.29250"
"VNM","Vietnam","2007","6418.54381","73.38500"
"VNM","Vietnam","2008","6659.13561","73.45500"
"VNM","Vietnam","2009","6914.33864","73.52530"
"VNM","Vietnam","2010","7274.73311","73.61070"
"VNM","Vietnam","2011","7652.61896","73.71260"
"VNM","Vietnam","2012","7979.86829","73.76190"
"VNM","Vietnam","2013","8324.19871","73.82070"
"VNM","Vietnam","2014","8751.88281","73.88590"
"VNM","Vietnam","2015","9248.02396","73.95540"
"VNM","Vietnam","2016","9743.18822","73.98370"
"VNM","Vietnam","2017","10290.54871","74.02650"
"VNM","Vietnam","2018","10936.89379","74.10040"
"VNM","Vietnam","2019","11628.61391","74.21130"
"VNM","Vietnam","2020","11851.39657","75.38320"
"VNM","Vietnam","2021","12048.90199","74.14480"
"VNM","Vietnam","2022","12979.76390","74.50250"
"VNM","Vietnam","2023","13534.79978","74.58830"
"ZMB","Zambia","1990","2425.11129","48.20400"
"ZMB","Zambia","1991","2364.86234","47.44310"
"ZMB","Zambia","1992","2268.49812","46.96790"
"ZMB","Zambia","1993","2365.62954","46.67810"
"ZMB","Zambia","1994","2110.58326","46.34390"
"ZMB","Zambia","1995","2119.95643","46.05090"
"ZMB","Zambia","1996","2197.19565","45.75650"
"ZMB","Zambia","1997","2223.45745","45.74290"
"ZMB","Zambia","1998","2157.57339","45.70950"
"ZMB","Zambia","1999","2198.18913","45.92400"
"ZMB","Zambia","2000","2220.56537","46.57710"
"ZMB","Zambia","2001","2268.96966","47.40770"
"ZMB","Zambia","2002","2299.33289","48.46140"
"ZMB","Zambia","2003","2383.87612","49.61580"
"ZMB","Zambia","2004","2471.72073","50.53980"
"ZMB","Zambia","2005","2564.47561","51.61470"
"ZMB","Zambia","2006","2673.46152","52.69280"
"ZMB","Zambia","2007","2796.35293","53.73000"
"ZMB","Zambia","2008","2908.14363","54.83500"
"ZMB","Zambia","2009","3065.84420","55.88620"
"ZMB","Zambia","2010","3266.50749","56.89600"
"ZMB","Zambia","2011","3335.64340","57.84310"
"ZMB","Zambia","2012","3474.55253","58.70400"
"ZMB","Zambia","2013","3535.22449","59.44520"
"ZMB","Zambia","2014","3585.57749","60.10910"
"ZMB","Zambia","2015","3576.92545","60.72840"
"ZMB","Zambia","2016","3598.17166","61.12850"
"ZMB","Zambia","2017","3612.50598","61.56440"
"ZMB","Zambia","2018","3646.95966","62.13810"
"ZMB","Zambia","2019","3591.56419","62.91450"
"ZMB","Zambia","2020","3391.59541","63.36070"
"ZMB","Zambia","2021","3503.03491","62.36310"
"ZMB","Zambia","2022","3585.12379","65.27910"
"ZMB","Zambia","2023","3673.48420","66.34870"
"ZWE","Zimbabwe","1990","6082.86880","58.31910"
"ZWE","Zimbabwe","1991","6254.30182","57.03710"
"ZWE","Zimbabwe","1992","5532.06136","55.60210"
"ZWE","Zimbabwe","1993","5509.10697","53.97640"
"ZWE","Zimbabwe","1994","6010.76845","52.53670"
"ZWE","Zimbabwe","1995","5964.61522","51.14350"
"ZWE","Zimbabwe","1996","6474.18823","48.98150"
"ZWE","Zimbabwe","1997","6524.09092","48.53610"
"ZWE","Zimbabwe","1998","6582.37693","47.55080"
"ZWE","Zimbabwe","1999","6423.73669","46.37860"
"ZWE","Zimbabwe","2000","6170.36063","46.03390"
"ZWE","Zimbabwe","2001","6217.43872","44.52490"
"ZWE","Zimbabwe","2002","5610.21577","45.93810"
"ZWE","Zimbabwe","2003","4601.68068","45.37300"
"ZWE","Zimbabwe","2004","4287.61686","46.04260"
"ZWE","Zimbabwe","2005","4004.68178","46.57010"
"ZWE","Zimbabwe","2006","3819.24997","47.05590"
"ZWE","Zimbabwe","2007","3631.55335","47.57560"
"ZWE","Zimbabwe","2008","2954.11212","48.45590"
"ZWE","Zimbabwe","2009","3299.42809","49.74960"
"ZWE","Zimbabwe","2010","3885.41061","51.92520"
"ZWE","Zimbabwe","2011","4358.94471","53.91120"
"ZWE","Zimbabwe","2012","5003.50873","55.38550"
"ZWE","Zimbabwe","2013","5031.70924","56.84220"
"ZWE","Zimbabwe","2014","5081.13441","58.10600"
"ZWE","Zimbabwe","2015","5102.73643","58.98950"
"ZWE","Zimbabwe","2016","5070.42413","59.76010"
"ZWE","Zimbabwe","2017","5234.40654","60.26260"
"ZWE","Zimbabwe","2018","5415.49322","60.90550"
"ZWE","Zimbabwe","2019","4993.86547","61.06030"
"ZWE","Zimbabwe","2020","4527.73949","61.53000"
"ZWE","Zimbabwe","2021","4827.10960","60.13470"
"ZWE","Zimbabwe","2022","5036.78318","62.36010"
"ZWE","Zimbabwe","2023","5218.04527","62.77480"
