"geocodigoFundar","geonombreFundar","anio","pib_pc"
"IBT","AIF","1990","5548.66273"
"IBT","AIF","1991","5452.24953"
"IBT","AIF","1992","5355.42370"
"IBT","AIF","1993","5359.32382"
"IBT","AIF","1994","5355.78243"
"IBT","AIF","1995","5446.49004"
"IBT","AIF","1996","5616.38672"
"IBT","AIF","1997","5780.91319"
"IBT","AIF","1998","5808.92387"
"IBT","AIF","1999","5937.18425"
"IBT","AIF","2000","6181.73646"
"IBT","AIF","2001","6320.01630"
"IBT","AIF","2002","6517.50124"
"IBT","AIF","2003","6797.92048"
"IBT","AIF","2004","7205.64091"
"IBT","AIF","2005","7590.28557"
"IBT","AIF","2006","8069.48277"
"IBT","AIF","2007","8616.07324"
"IBT","AIF","2008","8962.67822"
"IBT","AIF","2009","9045.73281"
"IBT","AIF","2010","9568.33507"
"IBT","AIF","2011","9988.65008"
"IBT","AIF","2012","10337.95643"
"IBT","AIF","2013","10698.19356"
"IBT","AIF","2014","11042.09330"
"IBT","AIF","2015","11346.10103"
"IBT","AIF","2016","11696.98483"
"IBT","AIF","2017","12123.44033"
"IBT","AIF","2018","12547.60652"
"IBT","AIF","2019","12882.91214"
"IBT","AIF","2020","12504.90175"
"IBT","AIF","2021","13248.81381"
"IBT","AIF","2022","13635.91692"
"IBT","AIF","2023","14120.53646"
"IBT","AIF","2024","14612.99571"
"IBT","AIF","2025","15101.56280"
"IDA","AIF Total","1990","2881.63738"
"IDA","AIF Total","1991","2864.64546"
"IDA","AIF Total","1992","2852.50050"
"IDA","AIF Total","1993","2800.51992"
"IDA","AIF Total","1994","2756.82233"
"IDA","AIF Total","1995","2782.82658"
"IDA","AIF Total","1996","2848.40139"
"IDA","AIF Total","1997","2883.58952"
"IDA","AIF Total","1998","2911.79073"
"IDA","AIF Total","1999","2922.98316"
"IDA","AIF Total","2000","2965.97751"
"IDA","AIF Total","2001","3016.92685"
"IDA","AIF Total","2002","3115.82524"
"IDA","AIF Total","2003","3190.64251"
"IDA","AIF Total","2004","3329.75784"
"IDA","AIF Total","2005","3456.76664"
"IDA","AIF Total","2006","3584.11990"
"IDA","AIF Total","2007","3712.03702"
"IDA","AIF Total","2008","3811.61685"
"IDA","AIF Total","2009","3918.73518"
"IDA","AIF Total","2010","4065.12934"
"IDA","AIF Total","2011","4166.33731"
"IDA","AIF Total","2012","4221.81969"
"IDA","AIF Total","2013","4342.25857"
"IDA","AIF Total","2014","4484.83927"
"IDA","AIF Total","2015","4584.99903"
"IDA","AIF Total","2016","4649.06175"
"IDA","AIF Total","2017","4743.55675"
"IDA","AIF Total","2018","4853.06227"
"IDA","AIF Total","2019","4940.15165"
"IDA","AIF Total","2020","4750.57583"
"IDA","AIF Total","2021","4825.30169"
"IDA","AIF Total","2022","4938.94976"
"IDA","AIF Total","2023","4987.31104"
"IDA","AIF Total","2024","5093.91765"
"IDA","AIF Total","2025","5220.75896"
"AFG","Afganistán","2000","1617.82647"
"AFG","Afganistán","2001","1454.11078"
"AFG","Afganistán","2002","1774.30874"
"AFG","Afganistán","2003","1815.92820"
"AFG","Afganistán","2004","1776.91821"
"AFG","Afganistán","2005","1908.11478"
"AFG","Afganistán","2006","1929.72390"
"AFG","Afganistán","2007","2155.35307"
"AFG","Afganistán","2008","2191.50436"
"AFG","Afganistán","2009","2565.02209"
"AFG","Afganistán","2010","2848.58606"
"AFG","Afganistán","2011","2757.05259"
"AFG","Afganistán","2012","2985.31914"
"AFG","Afganistán","2013","3046.57993"
"AFG","Afganistán","2014","3017.94254"
"AFG","Afganistán","2015","2967.69207"
"AFG","Afganistán","2016","2958.78540"
"AFG","Afganistán","2017","2952.99892"
"AFG","Afganistán","2018","2902.39211"
"AFG","Afganistán","2019","2927.24514"
"AFG","Afganistán","2020","2769.68575"
"AFG","Afganistán","2021","2144.16657"
"AFG","Afganistán","2022","1981.71017"
"AFG","Afganistán","2023","1983.81262"
"AFG","Afganistán","2024","1964.45229"
"ALB","Albania","1990","5560.83393"
"ALB","Albania","1991","4027.88881"
"ALB","Albania","1992","3761.13981"
"ALB","Albania","1993","4145.90251"
"ALB","Albania","1994","4517.78008"
"ALB","Albania","1995","5151.37596"
"ALB","Albania","1996","5563.77008"
"ALB","Albania","1997","4942.98350"
"ALB","Albania","1998","5387.54589"
"ALB","Albania","1999","6085.98340"
"ALB","Albania","2000","6581.98909"
"ALB","Albania","2001","7232.96055"
"ALB","Albania","2002","7590.45852"
"ALB","Albania","2003","8025.24803"
"ALB","Albania","2004","8483.25882"
"ALB","Albania","2005","8964.28082"
"ALB","Albania","2006","9563.98954"
"ALB","Albania","2007","10262.92424"
"ALB","Albania","2008","11056.30592"
"ALB","Albania","2009","11430.57463"
"ALB","Albania","2010","11829.00424"
"ALB","Albania","2011","12153.06366"
"ALB","Albania","2012","12463.51837"
"ALB","Albania","2013","12873.42982"
"ALB","Albania","2014","13366.50409"
"ALB","Albania","2015","13876.76163"
"ALB","Albania","2016","14643.42856"
"ALB","Albania","2017","15359.39746"
"ALB","Albania","2018","16170.92343"
"ALB","Albania","2019","16761.12302"
"ALB","Albania","2020","16457.71897"
"ALB","Albania","2021","18212.79472"
"ALB","Albania","2022","19388.79273"
"ALB","Albania","2023","20501.64707"
"ALB","Albania","2024","21640.98358"
"ALB","Albania","2025","22724.29382"
"DEU","Alemania","1990","42355.28610"
"DEU","Alemania","1991","44195.71647"
"DEU","Alemania","1992","44744.13997"
"DEU","Alemania","1993","44018.43809"
"DEU","Alemania","1994","45005.15898"
"DEU","Alemania","1995","45548.41811"
"DEU","Alemania","1996","45888.12696"
"DEU","Alemania","1997","46670.70535"
"DEU","Alemania","1998","47641.52718"
"DEU","Alemania","1999","48624.64844"
"DEU","Alemania","2000","49955.64613"
"DEU","Alemania","2001","50687.65004"
"DEU","Alemania","2002","50486.99825"
"DEU","Alemania","2003","50191.72194"
"DEU","Alemania","2004","50786.01765"
"DEU","Alemania","2005","51264.81937"
"DEU","Alemania","2006","53307.16238"
"DEU","Alemania","2007","54920.65893"
"DEU","Alemania","2008","55513.75589"
"DEU","Alemania","2009","52568.79742"
"DEU","Alemania","2010","54826.25545"
"DEU","Alemania","2011","57950.95897"
"DEU","Alemania","2012","58110.37685"
"DEU","Alemania","2013","58182.07662"
"DEU","Alemania","2014","59203.23409"
"DEU","Alemania","2015","59668.98904"
"DEU","Alemania","2016","60504.58574"
"DEU","Alemania","2017","61965.43429"
"DEU","Alemania","2018","62481.11840"
"DEU","Alemania","2019","62949.89325"
"DEU","Alemania","2020","60299.57677"
"DEU","Alemania","2021","62630.77481"
"DEU","Alemania","2022","63777.92910"
"DEU","Alemania","2023","63140.19491"
"DEU","Alemania","2024","62654.60226"
"DEU","Alemania","2025","62823.77366"
"LCN","América Latina y el Caribe","1990","12425.57809"
"LAC","América Latina y el Caribe","1990","12355.30550"
"LCN","América Latina y el Caribe","1991","12603.57142"
"LAC","América Latina y el Caribe","1991","12513.82604"
"LCN","América Latina y el Caribe","1992","12734.92004"
"LAC","América Latina y el Caribe","1992","12586.80451"
"LCN","América Latina y el Caribe","1993","13103.04838"
"LAC","América Latina y el Caribe","1993","12942.12537"
"LCN","América Latina y el Caribe","1994","13570.07464"
"LAC","América Latina y el Caribe","1994","13406.28968"
"LCN","América Latina y el Caribe","1995","13463.69441"
"LAC","América Latina y el Caribe","1995","13245.82981"
"LCN","América Latina y el Caribe","1996","13773.17260"
"LAC","América Latina y el Caribe","1996","13535.38639"
"LCN","América Latina y el Caribe","1997","14298.02303"
"LAC","América Latina y el Caribe","1997","14033.90050"
"LCN","América Latina y el Caribe","1998","14501.27737"
"LAC","América Latina y el Caribe","1998","14203.26976"
"LCN","América Latina y el Caribe","1999","14363.68718"
"LAC","América Latina y el Caribe","1999","14044.87954"
"LCN","América Latina y el Caribe","2000","14662.98009"
"LAC","América Latina y el Caribe","2000","14331.78391"
"LCN","América Latina y el Caribe","2001","14517.49810"
"LAC","América Latina y el Caribe","2001","14150.31747"
"LCN","América Latina y el Caribe","2002","14398.14730"
"LAC","América Latina y el Caribe","2002","14013.31393"
"LCN","América Latina y el Caribe","2003","14567.69125"
"LAC","América Latina y el Caribe","2003","14161.09191"
"LCN","América Latina y el Caribe","2004","15159.85465"
"LAC","América Latina y el Caribe","2004","14714.18896"
"LCN","América Latina y el Caribe","2005","15565.17502"
"LAC","América Latina y el Caribe","2005","15100.94078"
"LCN","América Latina y el Caribe","2006","16172.05180"
"LAC","América Latina y el Caribe","2006","15689.21441"
"LCN","América Latina y el Caribe","2007","16820.28013"
"LAC","América Latina y el Caribe","2007","16321.83218"
"LCN","América Latina y el Caribe","2008","17242.64550"
"LAC","América Latina y el Caribe","2008","16733.09647"
"LCN","América Latina y el Caribe","2009","16665.10202"
"LAC","América Latina y el Caribe","2009","16146.61587"
"LCN","América Latina y el Caribe","2010","17550.73779"
"LAC","América Latina y el Caribe","2010","17037.12717"
"LCN","América Latina y el Caribe","2011","18150.58825"
"LAC","América Latina y el Caribe","2011","17612.85294"
"LCN","América Latina y el Caribe","2012","18433.73873"
"LAC","América Latina y el Caribe","2012","17843.91036"
"LCN","América Latina y el Caribe","2013","18766.91759"
"LAC","América Latina y el Caribe","2013","18162.10703"
"LCN","América Latina y el Caribe","2014","18852.42811"
"LAC","América Latina y el Caribe","2014","18231.55563"
"LCN","América Latina y el Caribe","2015","18762.90399"
"LAC","América Latina y el Caribe","2015","18116.87755"
"LCN","América Latina y el Caribe","2016","18550.87292"
"LAC","América Latina y el Caribe","2016","17879.61610"
"LCN","América Latina y el Caribe","2017","18744.62429"
"LAC","América Latina y el Caribe","2017","18078.29591"
"LCN","América Latina y el Caribe","2018","18893.79895"
"LAC","América Latina y el Caribe","2018","18213.62327"
"LCN","América Latina y el Caribe","2019","18883.18686"
"LAC","América Latina y el Caribe","2019","18195.66792"
"LCN","América Latina y el Caribe","2020","17508.61734"
"LAC","América Latina y el Caribe","2020","16883.60831"
"LCN","América Latina y el Caribe","2021","18696.32103"
"LAC","América Latina y el Caribe","2021","17991.12837"
"LCN","América Latina y el Caribe","2022","19355.07669"
"LAC","América Latina y el Caribe","2022","18604.96313"
"LCN","América Latina y el Caribe","2023","19651.73339"
"LAC","América Latina y el Caribe","2023","18872.99891"
"LCN","América Latina y el Caribe","2024","19954.14966"
"LAC","América Latina y el Caribe","2024","19114.96366"
"LCN","América Latina y el Caribe","2025","20286.72849"
"LAC","América Latina y el Caribe","2025","19409.30626"
"TLA","América Latina y el Caribe (IDA y BIRF)","1990","12390.78921"
"TLA","América Latina y el Caribe (IDA y BIRF)","1991","12567.62028"
"TLA","América Latina y el Caribe (IDA y BIRF)","1992","12691.13385"
"TLA","América Latina y el Caribe (IDA y BIRF)","1993","13054.03146"
"TLA","América Latina y el Caribe (IDA y BIRF)","1994","13517.37116"
"TLA","América Latina y el Caribe (IDA y BIRF)","1995","13396.49869"
"TLA","América Latina y el Caribe (IDA y BIRF)","1996","13704.11578"
"TLA","América Latina y el Caribe (IDA y BIRF)","1997","14223.72296"
"TLA","América Latina y el Caribe (IDA y BIRF)","1998","14413.64908"
"TLA","América Latina y el Caribe (IDA y BIRF)","1999","14256.96072"
"TLA","América Latina y el Caribe (IDA y BIRF)","2000","14549.33726"
"TLA","América Latina y el Caribe (IDA y BIRF)","2001","14382.13879"
"TLA","América Latina y el Caribe (IDA y BIRF)","2002","14257.72220"
"TLA","América Latina y el Caribe (IDA y BIRF)","2003","14430.21656"
"TLA","América Latina y el Caribe (IDA y BIRF)","2004","15003.82372"
"TLA","América Latina y el Caribe (IDA y BIRF)","2005","15420.29175"
"TLA","América Latina y el Caribe (IDA y BIRF)","2006","16038.28619"
"TLA","América Latina y el Caribe (IDA y BIRF)","2007","16696.62189"
"TLA","América Latina y el Caribe (IDA y BIRF)","2008","17128.90432"
"TLA","América Latina y el Caribe (IDA y BIRF)","2009","16550.98332"
"TLA","América Latina y el Caribe (IDA y BIRF)","2010","17448.25983"
"TLA","América Latina y el Caribe (IDA y BIRF)","2011","18055.30428"
"TLA","América Latina y el Caribe (IDA y BIRF)","2012","18340.30893"
"TLA","América Latina y el Caribe (IDA y BIRF)","2013","18676.77992"
"TLA","América Latina y el Caribe (IDA y BIRF)","2014","18762.62575"
"TLA","América Latina y el Caribe (IDA y BIRF)","2015","18670.71751"
"TLA","América Latina y el Caribe (IDA y BIRF)","2016","18455.88014"
"TLA","América Latina y el Caribe (IDA y BIRF)","2017","18653.34331"
"TLA","América Latina y el Caribe (IDA y BIRF)","2018","18808.06040"
"TLA","América Latina y el Caribe (IDA y BIRF)","2019","18791.17148"
"TLA","América Latina y el Caribe (IDA y BIRF)","2020","17418.68001"
"TLA","América Latina y el Caribe (IDA y BIRF)","2021","18609.11903"
"TLA","América Latina y el Caribe (IDA y BIRF)","2022","19259.41204"
"TLA","América Latina y el Caribe (IDA y BIRF)","2023","19551.74120"
"TLA","América Latina y el Caribe (IDA y BIRF)","2024","19845.12546"
"TLA","América Latina y el Caribe (IDA y BIRF)","2025","20175.59829"
"NAC","América del Norte","1990","44001.28670"
"NAC","América del Norte","1991","43294.67803"
"NAC","América del Norte","1992","44109.51610"
"NAC","América del Norte","1993","44735.83945"
"NAC","América del Norte","1994","45994.63619"
"NAC","América del Norte","1995","46677.72844"
"NAC","América del Norte","1996","47799.00416"
"NAC","América del Norte","1997","49330.71518"
"NAC","América del Norte","1998","50936.81718"
"NAC","América del Norte","1999","52798.97510"
"NAC","América del Norte","2000","54402.34530"
"NAC","América del Norte","2001","54420.58660"
"NAC","América del Norte","2002","54887.40199"
"NAC","América del Norte","2003","55889.06358"
"NAC","América del Norte","2004","57467.36387"
"NAC","América del Norte","2005","58908.25847"
"NAC","América del Norte","2006","59957.82060"
"NAC","América del Norte","2007","60581.97533"
"NAC","América del Norte","2008","60117.48187"
"NAC","América del Norte","2009","58023.63830"
"NAC","América del Norte","2010","59088.91852"
"NAC","América del Norte","2011","59609.08739"
"NAC","América del Norte","2012","60442.12619"
"NAC","América del Norte","2013","61249.64794"
"NAC","América del Norte","2014","62302.76543"
"NAC","América del Norte","2015","63503.57679"
"NAC","América del Norte","2016","64087.45424"
"NAC","América del Norte","2017","65208.28566"
"NAC","América del Norte","2018","66679.83864"
"NAC","América del Norte","2019","67946.34112"
"NAC","América del Norte","2020","66040.87312"
"NAC","América del Norte","2021","69953.48469"
"NAC","América del Norte","2022","71345.56402"
"NAC","América del Norte","2023","72628.19713"
"NAC","América del Norte","2024","73737.55979"
"NAC","América del Norte","2025","74879.07154"
"AND","Andorra","1990","50036.30078"
"AND","Andorra","1991","47624.96686"
"AND","Andorra","1992","45246.53307"
"AND","Andorra","1993","42605.65958"
"AND","Andorra","1994","42716.36564"
"AND","Andorra","1995","44375.02472"
"AND","Andorra","1996","46386.09120"
"AND","Andorra","1997","50032.35291"
"AND","Andorra","1998","51092.22224"
"AND","Andorra","1999","52921.04526"
"AND","Andorra","2000","54809.14417"
"AND","Andorra","2001","59109.01368"
"AND","Andorra","2002","61188.63709"
"AND","Andorra","2003","63656.19583"
"AND","Andorra","2004","64353.48581"
"AND","Andorra","2005","65114.80537"
"AND","Andorra","2006","66390.29373"
"AND","Andorra","2007","65534.11686"
"AND","Andorra","2008","60691.60515"
"AND","Andorra","2009","57203.97089"
"AND","Andorra","2010","58285.05778"
"AND","Andorra","2011","60470.46624"
"AND","Andorra","2012","58172.13239"
"AND","Andorra","2013","57332.15856"
"AND","Andorra","2014","59929.24447"
"AND","Andorra","2015","62105.15424"
"AND","Andorra","2016","64402.80924"
"AND","Andorra","2017","63239.65777"
"AND","Andorra","2018","63048.59856"
"AND","Andorra","2019","63215.89979"
"AND","Andorra","2020","55488.49030"
"AND","Andorra","2021","59332.20291"
"AND","Andorra","2022","63913.38351"
"AND","Andorra","2023","64631.29639"
"AND","Andorra","2024","66232.74442"
"AND","Andorra","2025","67993.05242"
"AGO","Angola","1990","8366.41272"
"AGO","Angola","1991","8170.24939"
"AGO","Angola","1992","7445.43837"
"AGO","Angola","1993","5481.76387"
"AGO","Angola","1994","5377.99035"
"AGO","Angola","1995","5981.53258"
"AGO","Angola","1996","6565.86479"
"AGO","Angola","1997","6808.33628"
"AGO","Angola","1998","6893.12265"
"AGO","Angola","1999","6815.17531"
"AGO","Angola","2000","6794.53021"
"AGO","Angola","2001","6846.79270"
"AGO","Angola","2002","7521.73599"
"AGO","Angola","2003","7516.81391"
"AGO","Angola","2004","8079.52613"
"AGO","Angola","2005","8892.92106"
"AGO","Angola","2006","9586.17542"
"AGO","Angola","2007","10434.70872"
"AGO","Angola","2008","11131.63101"
"AGO","Angola","2009","10930.25312"
"AGO","Angola","2010","11074.07238"
"AGO","Angola","2011","11034.59197"
"AGO","Angola","2012","11516.81332"
"AGO","Angola","2013","11622.97835"
"AGO","Angola","2014","11718.42868"
"AGO","Angola","2015","11389.76095"
"AGO","Angola","2016","10963.99679"
"AGO","Angola","2017","10565.16765"
"AGO","Angola","2018","10154.83892"
"AGO","Angola","2019","9712.97945"
"AGO","Angola","2020","8904.94901"
"AGO","Angola","2021","8720.18769"
"AGO","Angola","2022","8750.99363"
"AGO","Angola","2023","8597.53879"
"AGO","Angola","2024","8752.79747"
"AGO","Angola","2025","8760.19082"
"ATG","Antigua y Barbuda","1990","21074.57644"
"ATG","Antigua y Barbuda","1991","21424.29119"
"ATG","Antigua y Barbuda","1992","21330.27319"
"ATG","Antigua y Barbuda","1993","22051.43732"
"ATG","Antigua y Barbuda","1994","23081.66391"
"ATG","Antigua y Barbuda","1995","21639.60206"
"ATG","Antigua y Barbuda","1996","22597.31451"
"ATG","Antigua y Barbuda","1997","23350.30939"
"ATG","Antigua y Barbuda","1998","23996.11440"
"ATG","Antigua y Barbuda","1999","24462.20340"
"ATG","Antigua y Barbuda","2000","25547.61203"
"ATG","Antigua y Barbuda","2001","24014.77546"
"ATG","Antigua y Barbuda","2002","23958.16381"
"ATG","Antigua y Barbuda","2003","25136.00169"
"ATG","Antigua y Barbuda","2004","26303.61790"
"ATG","Antigua y Barbuda","2005","27692.63487"
"ATG","Antigua y Barbuda","2006","30827.34168"
"ATG","Antigua y Barbuda","2007","33245.26786"
"ATG","Antigua y Barbuda","2008","32756.30678"
"ATG","Antigua y Barbuda","2009","28405.69009"
"ATG","Antigua y Barbuda","2010","25826.60864"
"ATG","Antigua y Barbuda","2011","25023.91745"
"ATG","Antigua y Barbuda","2012","25592.90661"
"ATG","Antigua y Barbuda","2013","25206.84583"
"ATG","Antigua y Barbuda","2014","25557.52491"
"ATG","Antigua y Barbuda","2015","25734.15164"
"ATG","Antigua y Barbuda","2016","26627.71454"
"ATG","Antigua y Barbuda","2017","27199.19524"
"ATG","Antigua y Barbuda","2018","28878.60677"
"ATG","Antigua y Barbuda","2019","29651.86415"
"ATG","Antigua y Barbuda","2020","23930.67150"
"ATG","Antigua y Barbuda","2021","25745.49581"
"ATG","Antigua y Barbuda","2022","27785.55723"
"ATG","Antigua y Barbuda","2023","28712.39705"
"ATG","Antigua y Barbuda","2024","29298.64742"
"ATG","Antigua y Barbuda","2025","30620.30756"
"SAU","Arabia Saudita","1990","65196.57339"
"SAU","Arabia Saudita","1991","67268.55185"
"SAU","Arabia Saudita","1992","67183.91003"
"SAU","Arabia Saudita","1993","64517.66529"
"SAU","Arabia Saudita","1994","62403.69373"
"SAU","Arabia Saudita","1995","60058.31745"
"SAU","Arabia Saudita","1996","59612.81260"
"SAU","Arabia Saudita","1997","58875.54737"
"SAU","Arabia Saudita","1998","58306.62281"
"SAU","Arabia Saudita","1999","55878.17365"
"SAU","Arabia Saudita","2000","55962.26613"
"SAU","Arabia Saudita","2001","53309.11139"
"SAU","Arabia Saudita","2002","50371.97831"
"SAU","Arabia Saudita","2003","52234.64928"
"SAU","Arabia Saudita","2004","54196.55142"
"SAU","Arabia Saudita","2005","54931.79425"
"SAU","Arabia Saudita","2006","54373.73770"
"SAU","Arabia Saudita","2007","53318.41916"
"SAU","Arabia Saudita","2008","54407.70817"
"SAU","Arabia Saudita","2009","51760.76440"
"SAU","Arabia Saudita","2010","54911.54752"
"SAU","Arabia Saudita","2011","58645.44594"
"SAU","Arabia Saudita","2012","59471.70019"
"SAU","Arabia Saudita","2013","57998.46446"
"SAU","Arabia Saudita","2014","58872.26714"
"SAU","Arabia Saudita","2015","58498.53990"
"SAU","Arabia Saudita","2016","57308.44841"
"SAU","Arabia Saudita","2017","57942.54850"
"SAU","Arabia Saudita","2018","61359.46537"
"SAU","Arabia Saudita","2019","62647.72995"
"SAU","Arabia Saudita","2020","57420.73357"
"SAU","Arabia Saudita","2021","62690.49666"
"SAU","Arabia Saudita","2022","67178.59023"
"SAU","Arabia Saudita","2023","64481.84419"
"SAU","Arabia Saudita","2024","63194.43325"
"SAU","Arabia Saudita","2025","63051.04673"
"DZA","Argelia","1990","11728.54573"
"DZA","Argelia","1991","11314.86474"
"DZA","Argelia","1992","11241.41542"
"DZA","Argelia","1993","10743.70635"
"DZA","Argelia","1994","10414.03482"
"DZA","Argelia","1995","10588.44337"
"DZA","Argelia","1996","10808.87887"
"DZA","Argelia","1997","10725.96735"
"DZA","Argelia","1998","11094.88754"
"DZA","Argelia","1999","11292.03730"
"DZA","Argelia","2000","11558.22047"
"DZA","Argelia","2001","11742.59468"
"DZA","Argelia","2002","12213.12635"
"DZA","Argelia","2003","12835.18144"
"DZA","Argelia","2004","13226.76505"
"DZA","Argelia","2005","13738.49564"
"DZA","Argelia","2006","13920.69406"
"DZA","Argelia","2007","14114.67452"
"DZA","Argelia","2008","14206.77671"
"DZA","Argelia","2009","14104.42817"
"DZA","Argelia","2010","14496.42113"
"DZA","Argelia","2011","14641.96409"
"DZA","Argelia","2012","14697.53961"
"DZA","Argelia","2013","14778.19143"
"DZA","Argelia","2014","15073.76294"
"DZA","Argelia","2015","15239.51715"
"DZA","Argelia","2016","15511.68588"
"DZA","Argelia","2017","15427.66419"
"DZA","Argelia","2018","15343.42612"
"DZA","Argelia","2019","15199.19900"
"DZA","Argelia","2020","14194.15575"
"DZA","Argelia","2021","14496.86547"
"DZA","Argelia","2022","14782.20030"
"DZA","Argelia","2023","15159.32424"
"DZA","Argelia","2024","15501.91970"
"DZA","Argelia","2025","15882.71388"
"ARG","Argentina","1990","17007.28443"
"ARG","Argentina","1991","18295.60920"
"ARG","Argentina","1992","19476.28406"
"ARG","Argentina","1993","20791.34515"
"ARG","Argentina","1994","21711.84279"
"ARG","Argentina","1995","20819.49995"
"ARG","Argentina","1996","21695.59495"
"ARG","Argentina","1997","23172.15834"
"ARG","Argentina","1998","23783.10172"
"ARG","Argentina","1999","22714.51113"
"ARG","Argentina","2000","22281.38143"
"ARG","Argentina","2001","21066.45813"
"ARG","Argentina","2002","18571.70205"
"ARG","Argentina","2003","20005.13851"
"ARG","Argentina","2004","21591.44940"
"ARG","Argentina","2005","23262.40758"
"ARG","Argentina","2006","24877.24939"
"ARG","Argentina","2007","26850.66459"
"ARG","Argentina","2008","27658.48534"
"ARG","Argentina","2009","25747.19768"
"ARG","Argentina","2010","28056.25702"
"ARG","Argentina","2011","29425.75939"
"ARG","Argentina","2012","28825.96669"
"ARG","Argentina","2013","29227.66018"
"ARG","Argentina","2014","28200.81526"
"ARG","Argentina","2015","28669.20613"
"ARG","Argentina","2016","27802.10572"
"ARG","Argentina","2017","28334.90418"
"ARG","Argentina","2018","27367.11509"
"ARG","Argentina","2019","26629.55294"
"ARG","Argentina","2020","23877.09314"
"ARG","Argentina","2021","26300.27426"
"ARG","Argentina","2022","27825.02735"
"ARG","Argentina","2023","27230.39685"
"ARG","Argentina","2024","26771.96577"
"ARG","Argentina","2025","27846.59846"
"ARM","Armenia","1990","6137.60046"
"ARM","Armenia","1991","5326.75286"
"ARM","Armenia","1992","3136.72428"
"ARM","Armenia","1993","2958.88037"
"ARM","Armenia","1994","3200.89649"
"ARM","Armenia","1995","3480.75594"
"ARM","Armenia","1996","3717.33577"
"ARM","Armenia","1997","3879.17938"
"ARM","Armenia","1998","4211.51277"
"ARM","Armenia","1999","4406.96707"
"ARM","Armenia","2000","4589.00825"
"ARM","Armenia","2001","5044.11648"
"ARM","Armenia","2002","5731.35347"
"ARM","Armenia","2003","6569.26023"
"ARM","Armenia","2004","7299.40002"
"ARM","Armenia","2005","8362.90084"
"ARM","Armenia","2006","9525.23147"
"ARM","Armenia","2007","10898.84838"
"ARM","Armenia","2008","11727.48213"
"ARM","Armenia","2009","10143.23508"
"ARM","Armenia","2010","10438.56419"
"ARM","Armenia","2011","10990.17710"
"ARM","Armenia","2012","11796.27412"
"ARM","Armenia","2013","12194.01895"
"ARM","Armenia","2014","12667.37573"
"ARM","Armenia","2015","13112.76009"
"ARM","Armenia","2016","13192.99407"
"ARM","Armenia","2017","14243.87490"
"ARM","Armenia","2018","15037.04524"
"ARM","Armenia","2019","16215.36080"
"ARM","Armenia","2020","15052.93598"
"ARM","Armenia","2021","15921.70528"
"ARM","Armenia","2022","17886.17839"
"ARM","Armenia","2023","19402.75109"
"ARM","Armenia","2024","20078.78490"
"ARM","Armenia","2025","21153.47833"
"ABW","Aruba","1990","33146.67055"
"ABW","Aruba","1991","34079.23046"
"ABW","Aruba","1992","34458.14230"
"ABW","Aruba","1993","34627.74348"
"ABW","Aruba","1994","35580.53398"
"ABW","Aruba","1995","35476.40999"
"ABW","Aruba","1996","34506.53308"
"ABW","Aruba","1997","35534.27450"
"ABW","Aruba","1998","35361.16589"
"ABW","Aruba","1999","35316.62294"
"ABW","Aruba","2000","37618.99262"
"ABW","Aruba","2001","38827.46727"
"ABW","Aruba","2002","38195.31761"
"ABW","Aruba","2003","38182.39253"
"ABW","Aruba","2004","40101.78761"
"ABW","Aruba","2005","38926.47500"
"ABW","Aruba","2006","38664.39951"
"ABW","Aruba","2007","39562.44885"
"ABW","Aruba","2008","39982.51199"
"ABW","Aruba","2009","35074.68412"
"ABW","Aruba","2010","34037.54232"
"ABW","Aruba","2011","34926.10089"
"ABW","Aruba","2012","34058.31023"
"ABW","Aruba","2013","35711.92905"
"ABW","Aruba","2014","35837.32409"
"ABW","Aruba","2015","36753.40417"
"ABW","Aruba","2016","36926.11307"
"ABW","Aruba","2017","38213.28924"
"ABW","Aruba","2018","39378.22841"
"ABW","Aruba","2019","39754.56007"
"ABW","Aruba","2020","30408.82709"
"ABW","Aruba","2021","35207.17091"
"ABW","Aruba","2022","39083.46164"
"ABW","Aruba","2023","42783.24891"
"ABW","Aruba","2024","45428.00273"
"TSA","Asia del Sur","1990","2167.05308"
"TSA","Asia del Sur","1991","2153.67851"
"TSA","Asia del Sur","1992","2223.06499"
"TSA","Asia del Sur","1993","2281.98366"
"TSA","Asia del Sur","1994","2378.29856"
"TSA","Asia del Sur","1995","2498.68328"
"TSA","Asia del Sur","1996","2622.89612"
"TSA","Asia del Sur","1997","2679.99155"
"TSA","Asia del Sur","1998","2786.01551"
"TSA","Asia del Sur","1999","2957.79776"
"TSA","Asia del Sur","2000","3021.63279"
"TSA","Asia del Sur","2001","3103.92321"
"TSA","Asia del Sur","2002","3164.42111"
"TSA","Asia del Sur","2003","3343.17937"
"TSA","Asia del Sur","2004","3536.63493"
"TSA","Asia del Sur","2005","3748.35844"
"TSA","Asia del Sur","2006","3983.25024"
"TSA","Asia del Sur","2007","4222.24104"
"TSA","Asia del Sur","2008","4309.94807"
"TSA","Asia del Sur","2009","4566.50696"
"TSA","Asia del Sur","2010","4872.71065"
"TSA","Asia del Sur","2011","5069.45397"
"TSA","Asia del Sur","2012","5285.90684"
"TSA","Asia del Sur","2013","5548.16106"
"TSA","Asia del Sur","2014","5878.67480"
"TSA","Asia del Sur","2015","6259.31717"
"TSA","Asia del Sur","2016","6681.44602"
"TSA","Asia del Sur","2017","7055.83470"
"TSA","Asia del Sur","2018","7430.46384"
"TSA","Asia del Sur","2019","7660.41899"
"TSA","Asia del Sur","2020","7215.20736"
"TSA","Asia del Sur","2021","7815.21278"
"TSA","Asia del Sur","2022","8308.38014"
"TSA","Asia del Sur","2023","8796.72942"
"TSA","Asia del Sur","2024","9307.06753"
"TSA","Asia del Sur","2025","9880.35625"
"SAS","Asia del Sur (BM)","1990","2167.05308"
"SAS","Asia del Sur (BM)","1991","2153.67851"
"SAS","Asia del Sur (BM)","1992","2223.06499"
"SAS","Asia del Sur (BM)","1993","2281.98366"
"SAS","Asia del Sur (BM)","1994","2378.29856"
"SAS","Asia del Sur (BM)","1995","2498.68328"
"SAS","Asia del Sur (BM)","1996","2622.89612"
"SAS","Asia del Sur (BM)","1997","2679.99155"
"SAS","Asia del Sur (BM)","1998","2786.01551"
"SAS","Asia del Sur (BM)","1999","2957.79776"
"SAS","Asia del Sur (BM)","2000","3021.63279"
"SAS","Asia del Sur (BM)","2001","3103.92321"
"SAS","Asia del Sur (BM)","2002","3164.42111"
"SAS","Asia del Sur (BM)","2003","3343.17937"
"SAS","Asia del Sur (BM)","2004","3536.63493"
"SAS","Asia del Sur (BM)","2005","3748.35844"
"SAS","Asia del Sur (BM)","2006","3983.25024"
"SAS","Asia del Sur (BM)","2007","4222.24104"
"SAS","Asia del Sur (BM)","2008","4309.94807"
"SAS","Asia del Sur (BM)","2009","4566.50696"
"SAS","Asia del Sur (BM)","2010","4872.71065"
"SAS","Asia del Sur (BM)","2011","5069.45397"
"SAS","Asia del Sur (BM)","2012","5285.90684"
"SAS","Asia del Sur (BM)","2013","5548.16106"
"SAS","Asia del Sur (BM)","2014","5878.67480"
"SAS","Asia del Sur (BM)","2015","6259.31717"
"SAS","Asia del Sur (BM)","2016","6681.44602"
"SAS","Asia del Sur (BM)","2017","7055.83470"
"SAS","Asia del Sur (BM)","2018","7430.46384"
"SAS","Asia del Sur (BM)","2019","7660.41899"
"SAS","Asia del Sur (BM)","2020","7215.20736"
"SAS","Asia del Sur (BM)","2021","7815.21278"
"SAS","Asia del Sur (BM)","2022","8308.38014"
"SAS","Asia del Sur (BM)","2023","8796.72942"
"SAS","Asia del Sur (BM)","2024","9307.06753"
"SAS","Asia del Sur (BM)","2025","9880.35625"
"AUS","Australia","1990","36267.74106"
"AUS","Australia","1991","35670.66786"
"AUS","Australia","1992","35426.28483"
"AUS","Australia","1993","36533.14683"
"AUS","Australia","1994","37622.65248"
"AUS","Australia","1995","38653.33668"
"AUS","Australia","1996","39663.16177"
"AUS","Australia","1997","40773.56605"
"AUS","Australia","1998","42257.17181"
"AUS","Australia","1999","43899.07379"
"AUS","Australia","2000","45099.07521"
"AUS","Australia","2001","45428.20008"
"AUS","Australia","2002","46688.39478"
"AUS","Australia","2003","47581.22853"
"AUS","Australia","2004","49061.27615"
"AUS","Australia","2005","49997.06650"
"AUS","Australia","2006","50693.72486"
"AUS","Australia","2007","51663.24040"
"AUS","Australia","2008","52473.38192"
"AUS","Australia","2009","52407.91154"
"AUS","Australia","2010","52739.26816"
"AUS","Australia","2011","53257.04732"
"AUS","Australia","2012","54403.88369"
"AUS","Australia","2013","54895.00526"
"AUS","Australia","2014","55489.06884"
"AUS","Australia","2015","55879.99588"
"AUS","Australia","2016","56529.95182"
"AUS","Australia","2017","56881.85699"
"AUS","Australia","2018","57647.84551"
"AUS","Australia","2019","58048.61884"
"AUS","Australia","2020","57260.46505"
"AUS","Australia","2021","58327.41468"
"AUS","Australia","2022","60029.13292"
"AUS","Australia","2023","60684.95962"
"AUS","Australia","2024","60309.58318"
"AUS","Australia","2025","60194.06335"
"AUT","Austria","1990","43258.11441"
"AUT","Austria","1991","44302.35931"
"AUT","Austria","1992","44734.79112"
"AUT","Austria","1993","44601.14423"
"AUT","Austria","1994","45497.07475"
"AUT","Austria","1995","46639.46674"
"AUT","Austria","1996","47608.56430"
"AUT","Austria","1997","48575.09071"
"AUT","Austria","1998","50216.62823"
"AUT","Austria","1999","52004.45978"
"AUT","Austria","2000","53534.26699"
"AUT","Austria","2001","54032.07575"
"AUT","Austria","2002","54565.00042"
"AUT","Austria","2003","54919.71019"
"AUT","Austria","2004","55980.15317"
"AUT","Austria","2005","56890.19962"
"AUT","Austria","2006","58460.15505"
"AUT","Austria","2007","60470.82514"
"AUT","Austria","2008","61157.90150"
"AUT","Austria","2009","58810.35968"
"AUT","Austria","2010","59730.46739"
"AUT","Austria","2011","61272.17247"
"AUT","Austria","2012","61376.63459"
"AUT","Austria","2013","60862.96937"
"AUT","Austria","2014","60845.57440"
"AUT","Austria","2015","60951.60373"
"AUT","Austria","2016","61572.62574"
"AUT","Austria","2017","62535.81057"
"AUT","Austria","2018","63777.93622"
"AUT","Austria","2019","64609.28364"
"AUT","Austria","2020","60276.33077"
"AUT","Austria","2021","62968.85388"
"AUT","Austria","2022","65694.45915"
"AUT","Austria","2023","64536.20763"
"AUT","Austria","2024","63787.98917"
"AUT","Austria","2025","63970.40085"
"AZE","Azerbaiyán","1990","10776.06770"
"AZE","Azerbaiyán","1991","10559.21194"
"AZE","Azerbaiyán","1992","8050.21624"
"AZE","Azerbaiyán","1993","6097.48622"
"AZE","Azerbaiyán","1994","4830.69940"
"AZE","Azerbaiyán","1995","4211.72114"
"AZE","Azerbaiyán","1996","4223.52297"
"AZE","Azerbaiyán","1997","4425.58824"
"AZE","Azerbaiyán","1998","4822.16019"
"AZE","Azerbaiyán","1999","5133.74812"
"AZE","Azerbaiyán","2000","5656.92989"
"AZE","Azerbaiyán","2001","6168.98512"
"AZE","Azerbaiyán","2002","6701.08174"
"AZE","Azerbaiyán","2003","7329.40602"
"AZE","Azerbaiyán","2004","7937.85948"
"AZE","Azerbaiyán","2005","10054.10034"
"AZE","Azerbaiyán","2006","13371.65852"
"AZE","Azerbaiyán","2007","16587.36572"
"AZE","Azerbaiyán","2008","17963.02081"
"AZE","Azerbaiyán","2009","19242.39001"
"AZE","Azerbaiyán","2010","19925.39007"
"AZE","Azerbaiyán","2011","19358.07781"
"AZE","Azerbaiyán","2012","19523.37372"
"AZE","Azerbaiyán","2013","20398.64623"
"AZE","Azerbaiyán","2014","20709.20161"
"AZE","Azerbaiyán","2015","20678.75396"
"AZE","Azerbaiyán","2016","19822.41059"
"AZE","Azerbaiyán","2017","19659.00486"
"AZE","Azerbaiyán","2018","19781.85091"
"AZE","Azerbaiyán","2019","20101.49188"
"AZE","Azerbaiyán","2020","19126.09685"
"AZE","Azerbaiyán","2021","20111.37570"
"AZE","Azerbaiyán","2022","21051.24423"
"AZE","Azerbaiyán","2023","21310.73869"
"AZE","Azerbaiyán","2024","22090.52980"
"AZE","Azerbaiyán","2025","22314.21690"
"BHS","Bahamas","1990","33072.15961"
"BHS","Bahamas","1991","31148.90526"
"BHS","Bahamas","1992","29412.88050"
"BHS","Bahamas","1993","28955.35106"
"BHS","Bahamas","1994","29346.36048"
"BHS","Bahamas","1995","30128.19356"
"BHS","Bahamas","1996","30907.82080"
"BHS","Bahamas","1997","30839.02480"
"BHS","Bahamas","1998","31836.52649"
"BHS","Bahamas","1999","33657.80459"
"BHS","Bahamas","2000","34597.16211"
"BHS","Bahamas","2001","35072.36590"
"BHS","Bahamas","2002","35610.67864"
"BHS","Bahamas","2003","34740.76355"
"BHS","Bahamas","2004","34617.80511"
"BHS","Bahamas","2005","35365.46640"
"BHS","Bahamas","2006","35789.13221"
"BHS","Bahamas","2007","35797.11897"
"BHS","Bahamas","2008","34498.03514"
"BHS","Bahamas","2009","32630.26307"
"BHS","Bahamas","2010","32711.45925"
"BHS","Bahamas","2011","32535.66251"
"BHS","Bahamas","2012","33667.55471"
"BHS","Bahamas","2013","32402.91635"
"BHS","Bahamas","2014","32712.63567"
"BHS","Bahamas","2015","32777.58494"
"BHS","Bahamas","2016","32172.33652"
"BHS","Bahamas","2017","33050.03501"
"BHS","Bahamas","2018","33650.21644"
"BHS","Bahamas","2019","33202.49021"
"BHS","Bahamas","2020","26452.69576"
"BHS","Bahamas","2021","31064.68222"
"BHS","Bahamas","2022","34342.92853"
"BHS","Bahamas","2023","35221.26969"
"BHS","Bahamas","2024","36244.05001"
"BHR","Bahrein","1990","41856.54451"
"BHR","Bahrein","1991","47644.02347"
"BHR","Bahrein","1992","49511.94740"
"BHR","Bahrein","1993","54433.13751"
"BHR","Bahrein","1994","52886.57890"
"BHR","Bahrein","1995","53537.68289"
"BHR","Bahrein","1996","54289.43804"
"BHR","Bahrein","1997","54512.85511"
"BHR","Bahrein","1998","55638.69359"
"BHR","Bahrein","1999","56522.22619"
"BHR","Bahrein","2000","57968.99561"
"BHR","Bahrein","2001","57280.69867"
"BHR","Bahrein","2002","55096.65716"
"BHR","Bahrein","2003","54431.87636"
"BHR","Bahrein","2004","54045.09289"
"BHR","Bahrein","2005","53478.26624"
"BHR","Bahrein","2006","52691.93234"
"BHR","Bahrein","2007","52731.79217"
"BHR","Bahrein","2008","52765.38995"
"BHR","Bahrein","2009","50665.75075"
"BHR","Bahrein","2010","50704.84797"
"BHR","Bahrein","2011","53132.32842"
"BHR","Bahrein","2012","54516.84066"
"BHR","Bahrein","2013","55376.40051"
"BHR","Bahrein","2014","55065.81895"
"BHR","Bahrein","2015","54149.91315"
"BHR","Bahrein","2016","54107.07522"
"BHR","Bahrein","2017","53859.77496"
"BHR","Bahrein","2018","54893.07244"
"BHR","Bahrein","2019","56749.96284"
"BHR","Bahrein","2020","53814.24526"
"BHR","Bahrein","2021","54954.67579"
"BHR","Bahrein","2022","57572.99798"
"BHR","Bahrein","2023","57819.90518"
"BHR","Bahrein","2024","59060.18184"
"BHR","Bahrein","2025","60669.63078"
"BGD","Bangladesh","1990","2069.78230"
"BGD","Bangladesh","1991","2101.38366"
"BGD","Bangladesh","1992","2174.38233"
"BGD","Bangladesh","1993","2234.81012"
"BGD","Bangladesh","1994","2279.09435"
"BGD","Bangladesh","1995","2351.70388"
"BGD","Bangladesh","1996","2413.54298"
"BGD","Bangladesh","1997","2475.59575"
"BGD","Bangladesh","1998","2555.06119"
"BGD","Bangladesh","1999","2624.06554"
"BGD","Bangladesh","2000","2712.93512"
"BGD","Bangladesh","2001","2803.55472"
"BGD","Bangladesh","2002","2866.43454"
"BGD","Bangladesh","2003","2958.91503"
"BGD","Bangladesh","2004","3071.83779"
"BGD","Bangladesh","2005","3231.61371"
"BGD","Bangladesh","2006","3407.42735"
"BGD","Bangladesh","2007","3608.91544"
"BGD","Bangladesh","2008","3787.93828"
"BGD","Bangladesh","2009","3942.13631"
"BGD","Bangladesh","2010","4125.46390"
"BGD","Bangladesh","2011","4352.42643"
"BGD","Bangladesh","2012","4592.04841"
"BGD","Bangladesh","2013","4822.72621"
"BGD","Bangladesh","2014","5068.63966"
"BGD","Bangladesh","2015","5352.71133"
"BGD","Bangladesh","2016","5682.53553"
"BGD","Bangladesh","2017","6005.70719"
"BGD","Bangladesh","2018","6392.59334"
"BGD","Bangladesh","2019","6838.32612"
"BGD","Bangladesh","2020","7015.19793"
"BGD","Bangladesh","2021","7441.06914"
"BGD","Bangladesh","2022","7888.16389"
"BGD","Bangladesh","2023","8242.39799"
"BGD","Bangladesh","2024","8486.78496"
"BGD","Bangladesh","2025","8676.75576"
"BRB","Barbados","1990","19195.88712"
"BRB","Barbados","1991","18391.00740"
"BRB","Barbados","1992","17284.51966"
"BRB","Barbados","1993","17370.87349"
"BRB","Barbados","1994","17679.99855"
"BRB","Barbados","1995","18007.23377"
"BRB","Barbados","1996","18705.79763"
"BRB","Barbados","1997","19584.40760"
"BRB","Barbados","1998","20311.19928"
"BRB","Barbados","1999","20372.88393"
"BRB","Barbados","2000","21315.76843"
"BRB","Barbados","2001","20782.84325"
"BRB","Barbados","2002","20809.85672"
"BRB","Barbados","2003","21132.32820"
"BRB","Barbados","2004","21308.60526"
"BRB","Barbados","2005","22035.38596"
"BRB","Barbados","2006","23260.86454"
"BRB","Barbados","2007","23631.94339"
"BRB","Barbados","2008","23657.29007"
"BRB","Barbados","2009","22354.84048"
"BRB","Barbados","2010","20464.79397"
"BRB","Barbados","2011","20383.25309"
"BRB","Barbados","2012","19743.57827"
"BRB","Barbados","2013","19730.34697"
"BRB","Barbados","2014","19840.83062"
"BRB","Barbados","2015","19642.23225"
"BRB","Barbados","2016","19877.11201"
"BRB","Barbados","2017","19966.32024"
"BRB","Barbados","2018","19877.67596"
"BRB","Barbados","2019","19890.45571"
"BRB","Barbados","2020","16399.70201"
"BRB","Barbados","2021","17686.74694"
"BRB","Barbados","2022","20494.53438"
"BRB","Barbados","2023","20865.01554"
"BRB","Barbados","2024","21557.52764"
"BRB","Barbados","2025","22127.36050"
"BLR","Belarús","1990","12351.63571"
"BLR","Belarús","1991","12197.78779"
"BLR","Belarús","1992","11002.60176"
"BLR","Belarús","1993","10143.98401"
"BLR","Belarús","1994","8967.73073"
"BLR","Belarús","1995","8061.19604"
"BLR","Belarús","1996","8314.85657"
"BLR","Belarús","1997","9301.32718"
"BLR","Belarús","1998","10128.15605"
"BLR","Belarús","1999","10519.74891"
"BLR","Belarús","2000","11182.45483"
"BLR","Belarús","2001","11771.08720"
"BLR","Belarús","2002","12443.93226"
"BLR","Belarús","2003","13413.92655"
"BLR","Belarús","2004","15052.11822"
"BLR","Belarús","2005","16579.87317"
"BLR","Belarús","2006","18349.87191"
"BLR","Belarús","2007","20019.61117"
"BLR","Belarús","2008","22137.94729"
"BLR","Belarús","2009","22236.83877"
"BLR","Belarús","2010","24012.61330"
"BLR","Belarús","2011","25404.75661"
"BLR","Belarús","2012","25879.13194"
"BLR","Belarús","2013","26147.62536"
"BLR","Belarús","2014","26564.43472"
"BLR","Belarús","2015","25513.21330"
"BLR","Belarús","2016","24846.83015"
"BLR","Belarús","2017","25503.98098"
"BLR","Belarús","2018","26363.46298"
"BLR","Belarús","2019","26798.82064"
"BLR","Belarús","2020","26731.49539"
"BLR","Belarús","2021","27611.18011"
"BLR","Belarús","2022","26537.50831"
"BLR","Belarús","2023","27782.43801"
"BLR","Belarús","2024","29135.94651"
"BLR","Belarús","2025","29666.21157"
"BLZ","Belice","1990","8251.61763"
"BLZ","Belice","1991","9028.07344"
"BLZ","Belice","1992","9967.77779"
"BLZ","Belice","1993","10366.85906"
"BLZ","Belice","1994","10146.39968"
"BLZ","Belice","1995","9967.84688"
"BLZ","Belice","1996","9782.64416"
"BLZ","Belice","1997","9862.26635"
"BLZ","Belice","1998","9894.59920"
"BLZ","Belice","1999","10460.63461"
"BLZ","Belice","2000","11363.68688"
"BLZ","Belice","2001","11567.02657"
"BLZ","Belice","2002","11828.18657"
"BLZ","Belice","2003","12589.26794"
"BLZ","Belice","2004","12807.16588"
"BLZ","Belice","2005","12714.96974"
"BLZ","Belice","2006","12912.53002"
"BLZ","Belice","2007","12973.20672"
"BLZ","Belice","2008","12415.68113"
"BLZ","Belice","2009","12033.90968"
"BLZ","Belice","2010","11913.66360"
"BLZ","Belice","2011","11641.77174"
"BLZ","Belice","2012","11843.41534"
"BLZ","Belice","2013","12064.79726"
"BLZ","Belice","2014","12272.29579"
"BLZ","Belice","2015","12348.79450"
"BLZ","Belice","2016","12063.06004"
"BLZ","Belice","2017","11572.30079"
"BLZ","Belice","2018","11451.89794"
"BLZ","Belice","2019","11765.97487"
"BLZ","Belice","2020","10045.14042"
"BLZ","Belice","2021","11716.32678"
"BLZ","Belice","2022","12565.36458"
"BLZ","Belice","2023","12371.00865"
"BLZ","Belice","2024","12621.40820"
"BLZ","Belice","2025","12788.84237"
"BEN","Benin","1990","2207.06796"
"BEN","Benin","1991","2230.46055"
"BEN","Benin","1992","2226.56666"
"BEN","Benin","1993","2254.24565"
"BEN","Benin","1994","2215.36617"
"BEN","Benin","1995","2300.14122"
"BEN","Benin","1996","2337.63031"
"BEN","Benin","1997","2399.78593"
"BEN","Benin","1998","2419.10014"
"BEN","Benin","1999","2470.68504"
"BEN","Benin","2000","2536.16886"
"BEN","Benin","2001","2591.06485"
"BEN","Benin","2002","2630.18061"
"BEN","Benin","2003","2639.04370"
"BEN","Benin","2004","2672.84404"
"BEN","Benin","2005","2632.47251"
"BEN","Benin","2006","2652.21842"
"BEN","Benin","2007","2729.13741"
"BEN","Benin","2008","2777.61974"
"BEN","Benin","2009","2758.07243"
"BEN","Benin","2010","2733.57400"
"BEN","Benin","2011","2732.01250"
"BEN","Benin","2012","2779.72648"
"BEN","Benin","2013","2893.04670"
"BEN","Benin","2014","2987.38236"
"BEN","Benin","2015","2952.00218"
"BEN","Benin","2016","2962.66382"
"BEN","Benin","2017","3041.77930"
"BEN","Benin","2018","3155.45107"
"BEN","Benin","2019","3281.10470"
"BEN","Benin","2020","3317.85972"
"BEN","Benin","2021","3464.28863"
"BEN","Benin","2022","3588.32520"
"BEN","Benin","2023","3721.21255"
"BEN","Benin","2024","3901.32588"
"BEN","Benin","2025","4116.21516"
"BMU","Bermuda","1990","79750.85677"
"BMU","Bermuda","1991","76368.27420"
"BMU","Bermuda","1992","75769.90294"
"BMU","Bermuda","1993","77506.74374"
"BMU","Bermuda","1994","77473.57561"
"BMU","Bermuda","1995","80430.64365"
"BMU","Bermuda","1996","82126.25738"
"BMU","Bermuda","1997","85384.44746"
"BMU","Bermuda","1998","88038.53816"
"BMU","Bermuda","1999","90294.38285"
"BMU","Bermuda","2000","98024.07888"
"BMU","Bermuda","2001","104565.26395"
"BMU","Bermuda","2002","102564.10888"
"BMU","Bermuda","2003","105647.44605"
"BMU","Bermuda","2004","107807.76071"
"BMU","Bermuda","2005","109340.01212"
"BMU","Bermuda","2006","115175.77302"
"BMU","Bermuda","2007","118696.09207"
"BMU","Bermuda","2008","115947.63293"
"BMU","Bermuda","2009","108967.42737"
"BMU","Bermuda","2010","105973.35885"
"BMU","Bermuda","2011","101994.24268"
"BMU","Bermuda","2012","96715.16600"
"BMU","Bermuda","2013","96553.87268"
"BMU","Bermuda","2014","93046.21010"
"BMU","Bermuda","2015","93863.84834"
"BMU","Bermuda","2016","93269.01376"
"BMU","Bermuda","2017","96441.27188"
"BMU","Bermuda","2018","95643.27341"
"BMU","Bermuda","2019","95523.96231"
"BMU","Bermuda","2020","88484.81560"
"BMU","Bermuda","2021","92319.67149"
"BMU","Bermuda","2022","97943.05490"
"BMU","Bermuda","2023","102268.92280"
"BMU","Bermuda","2024","104299.94436"
"BTN","Bhután","1990","3411.38376"
"BTN","Bhután","1991","3338.00942"
"BTN","Bhután","1992","3624.59782"
"BTN","Bhután","1993","3850.55129"
"BTN","Bhután","1994","4042.49418"
"BTN","Bhután","1995","4379.87047"
"BTN","Bhután","1996","4616.91979"
"BTN","Bhután","1997","4778.70512"
"BTN","Bhután","1998","4965.87646"
"BTN","Bhután","1999","5241.36664"
"BTN","Bhután","2000","5287.57435"
"BTN","Bhután","2001","5545.63055"
"BTN","Bhután","2002","5991.25498"
"BTN","Bhután","2003","6323.54120"
"BTN","Bhután","2004","6517.99683"
"BTN","Bhután","2005","6850.80442"
"BTN","Bhután","2006","7140.85609"
"BTN","Bhután","2007","8195.07074"
"BTN","Bhután","2008","8470.03472"
"BTN","Bhután","2009","9019.11861"
"BTN","Bhután","2010","9985.28455"
"BTN","Bhután","2011","10714.68657"
"BTN","Bhután","2012","11143.94454"
"BTN","Bhután","2013","11212.47943"
"BTN","Bhután","2014","11744.51891"
"BTN","Bhután","2015","12400.29832"
"BTN","Bhután","2016","13320.97590"
"BTN","Bhután","2017","13482.34253"
"BTN","Bhután","2018","13854.85440"
"BTN","Bhután","2019","14555.18840"
"BTN","Bhután","2020","12979.93695"
"BTN","Bhután","2021","13458.81267"
"BTN","Bhután","2022","14061.31203"
"BTN","Bhután","2023","14610.29591"
"BTN","Bhután","2024","15603.88713"
"BTN","Bhután","2025","16743.87039"
"BOL","Bolivia","1990","6247.10447"
"BOL","Bolivia","1991","6440.48571"
"BOL","Bolivia","1992","6414.32867"
"BOL","Bolivia","1993","6556.81641"
"BOL","Bolivia","1994","6731.28488"
"BOL","Bolivia","1995","6914.34190"
"BOL","Bolivia","1996","7083.61313"
"BOL","Bolivia","1997","7301.50936"
"BOL","Bolivia","1998","7534.51656"
"BOL","Bolivia","1999","7435.72544"
"BOL","Bolivia","2000","7492.43382"
"BOL","Bolivia","2001","7491.15258"
"BOL","Bolivia","2002","7550.01555"
"BOL","Bolivia","2003","7625.90516"
"BOL","Bolivia","2004","7811.59684"
"BOL","Bolivia","2005","8020.63569"
"BOL","Bolivia","2006","8263.31897"
"BOL","Bolivia","2007","8493.94848"
"BOL","Bolivia","2008","8865.27247"
"BOL","Bolivia","2009","9011.55630"
"BOL","Bolivia","2010","9230.39808"
"BOL","Bolivia","2011","9554.44503"
"BOL","Bolivia","2012","9884.46164"
"BOL","Bolivia","2013","10391.38338"
"BOL","Bolivia","2014","10790.84729"
"BOL","Bolivia","2015","11144.64157"
"BOL","Bolivia","2016","11448.02180"
"BOL","Bolivia","2017","11755.25562"
"BOL","Bolivia","2018","11920.31351"
"BOL","Bolivia","2019","11930.91591"
"BOL","Bolivia","2020","10285.65908"
"BOL","Bolivia","2021","11202.44098"
"BOL","Bolivia","2022","11487.71488"
"BOL","Bolivia","2023","11616.15756"
"BOL","Bolivia","2024","11329.15181"
"BOL","Bolivia","2025","11000.53452"
"LTE","Bono demográfico tardío","1990","6637.56041"
"LTE","Bono demográfico tardío","1991","6502.05149"
"LTE","Bono demográfico tardío","1992","6288.47965"
"LTE","Bono demográfico tardío","1993","6354.66147"
"LTE","Bono demográfico tardío","1994","6414.78626"
"LTE","Bono demográfico tardío","1995","6631.61742"
"LTE","Bono demográfico tardío","1996","6837.45614"
"LTE","Bono demográfico tardío","1997","7097.32228"
"LTE","Bono demográfico tardío","1998","7146.05395"
"LTE","Bono demográfico tardío","1999","7403.98454"
"LTE","Bono demográfico tardío","2000","7865.40224"
"LTE","Bono demográfico tardío","2001","8198.53171"
"LTE","Bono demográfico tardío","2002","8615.35404"
"LTE","Bono demográfico tardío","2003","9138.18821"
"LTE","Bono demográfico tardío","2004","9802.55080"
"LTE","Bono demográfico tardío","2005","10466.04316"
"LTE","Bono demográfico tardío","2006","11333.09244"
"LTE","Bono demográfico tardío","2007","12361.21164"
"LTE","Bono demográfico tardío","2008","13098.09603"
"LTE","Bono demográfico tardío","2009","13334.54733"
"LTE","Bono demográfico tardío","2010","14254.50605"
"LTE","Bono demográfico tardío","2011","15116.23444"
"LTE","Bono demográfico tardío","2012","15849.97974"
"LTE","Bono demográfico tardío","2013","16550.76088"
"LTE","Bono demográfico tardío","2014","17214.82661"
"LTE","Bono demográfico tardío","2015","17784.06285"
"LTE","Bono demográfico tardío","2016","18377.05842"
"LTE","Bono demográfico tardío","2017","19161.68367"
"LTE","Bono demográfico tardío","2018","20046.52237"
"LTE","Bono demográfico tardío","2019","20852.88245"
"LTE","Bono demográfico tardío","2020","20730.00300"
"LTE","Bono demográfico tardío","2021","22189.76228"
"LTE","Bono demográfico tardío","2022","22842.79305"
"LTE","Bono demográfico tardío","2023","23803.15202"
"LTE","Bono demográfico tardío","2024","24850.17166"
"LTE","Bono demográfico tardío","2025","25875.73146"
"EAR","Bono demográfico temprano","1990","5094.58000"
"EAR","Bono demográfico temprano","1991","5176.46915"
"EAR","Bono demográfico temprano","1992","5275.31844"
"EAR","Bono demográfico temprano","1993","5350.58319"
"EAR","Bono demográfico temprano","1994","5435.79579"
"EAR","Bono demográfico temprano","1995","5504.46043"
"EAR","Bono demográfico temprano","1996","5715.41959"
"EAR","Bono demográfico temprano","1997","5864.23090"
"EAR","Bono demográfico temprano","1998","5882.77067"
"EAR","Bono demográfico temprano","1999","5943.92532"
"EAR","Bono demográfico temprano","2000","6087.28134"
"EAR","Bono demográfico temprano","2001","6085.68281"
"EAR","Bono demográfico temprano","2002","6127.93394"
"EAR","Bono demográfico temprano","2003","6349.71825"
"EAR","Bono demográfico temprano","2004","6636.18277"
"EAR","Bono demográfico temprano","2005","6923.11338"
"EAR","Bono demográfico temprano","2006","7235.79517"
"EAR","Bono demográfico temprano","2007","7545.60161"
"EAR","Bono demográfico temprano","2008","7695.49926"
"EAR","Bono demográfico temprano","2009","7719.71496"
"EAR","Bono demográfico temprano","2010","8103.64869"
"EAR","Bono demográfico temprano","2011","8395.01642"
"EAR","Bono demográfico temprano","2012","8611.15721"
"EAR","Bono demográfico temprano","2013","8851.68204"
"EAR","Bono demográfico temprano","2014","9135.22651"
"EAR","Bono demográfico temprano","2015","9461.90923"
"EAR","Bono demográfico temprano","2016","9809.61992"
"EAR","Bono demográfico temprano","2017","10168.99489"
"EAR","Bono demográfico temprano","2018","10473.95345"
"EAR","Bono demográfico temprano","2019","10646.46194"
"EAR","Bono demográfico temprano","2020","10109.67378"
"EAR","Bono demográfico temprano","2021","10742.10395"
"EAR","Bono demográfico temprano","2022","11282.88439"
"EAR","Bono demográfico temprano","2023","11661.59190"
"EAR","Bono demográfico temprano","2024","12032.02756"
"EAR","Bono demográfico temprano","2025","12466.16267"
"BIH","Bosnia y Herzegovina","1990","2413.93823"
"BIH","Bosnia y Herzegovina","1991","2183.52605"
"BIH","Bosnia y Herzegovina","1992","2150.91074"
"BIH","Bosnia y Herzegovina","1993","2281.88984"
"BIH","Bosnia y Herzegovina","1994","2657.80295"
"BIH","Bosnia y Herzegovina","1995","3090.37824"
"BIH","Bosnia y Herzegovina","1996","4568.98266"
"BIH","Bosnia y Herzegovina","1997","6020.96024"
"BIH","Bosnia y Herzegovina","1998","6899.29706"
"BIH","Bosnia y Herzegovina","1999","7481.30399"
"BIH","Bosnia y Herzegovina","2000","7830.50186"
"BIH","Bosnia y Herzegovina","2001","7982.51885"
"BIH","Bosnia y Herzegovina","2002","8366.69156"
"BIH","Bosnia y Herzegovina","2003","8709.95672"
"BIH","Bosnia y Herzegovina","2004","9344.83016"
"BIH","Bosnia y Herzegovina","2005","9814.46964"
"BIH","Bosnia y Herzegovina","2006","10430.41200"
"BIH","Bosnia y Herzegovina","2007","11178.68148"
"BIH","Bosnia y Herzegovina","2008","11983.71996"
"BIH","Bosnia y Herzegovina","2009","11826.65014"
"BIH","Bosnia y Herzegovina","2010","12142.86170"
"BIH","Bosnia y Herzegovina","2011","12487.64906"
"BIH","Bosnia y Herzegovina","2012","12626.92632"
"BIH","Bosnia y Herzegovina","2013","13135.71751"
"BIH","Bosnia y Herzegovina","2014","13458.85258"
"BIH","Bosnia y Herzegovina","2015","14220.09000"
"BIH","Bosnia y Herzegovina","2016","14873.64111"
"BIH","Bosnia y Herzegovina","2017","15554.65874"
"BIH","Bosnia y Herzegovina","2018","16348.99971"
"BIH","Bosnia y Herzegovina","2019","17029.29720"
"BIH","Bosnia y Herzegovina","2020","16747.03539"
"BIH","Bosnia y Herzegovina","2021","18286.66150"
"BIH","Bosnia y Herzegovina","2022","19298.11708"
"BIH","Bosnia y Herzegovina","2023","19804.91815"
"BIH","Bosnia y Herzegovina","2024","20578.49954"
"BIH","Bosnia y Herzegovina","2025","21178.22601"
"BWA","Botswana","1990","10520.91840"
"BWA","Botswana","1991","11001.80136"
"BWA","Botswana","1992","11008.68102"
"BWA","Botswana","1993","10902.95128"
"BWA","Botswana","1994","10989.67006"
"BWA","Botswana","1995","11457.69944"
"BWA","Botswana","1996","11832.93878"
"BWA","Botswana","1997","12526.35224"
"BWA","Botswana","1998","12306.25048"
"BWA","Botswana","1999","13207.44735"
"BWA","Botswana","2000","13185.81715"
"BWA","Botswana","2001","12949.64031"
"BWA","Botswana","2002","13479.69607"
"BWA","Botswana","2003","13857.25883"
"BWA","Botswana","2004","13984.84151"
"BWA","Botswana","2005","14361.95763"
"BWA","Botswana","2006","15275.58288"
"BWA","Botswana","2007","15850.23435"
"BWA","Botswana","2008","16040.31532"
"BWA","Botswana","2009","13489.95092"
"BWA","Botswana","2010","14545.01981"
"BWA","Botswana","2011","15236.71888"
"BWA","Botswana","2012","14957.61891"
"BWA","Botswana","2013","16369.42530"
"BWA","Botswana","2014","17052.19241"
"BWA","Botswana","2015","15994.96430"
"BWA","Botswana","2016","16905.58874"
"BWA","Botswana","2017","17352.89585"
"BWA","Botswana","2018","17825.01857"
"BWA","Botswana","2019","18106.01055"
"BWA","Botswana","2020","16289.39136"
"BWA","Botswana","2021","17960.62544"
"BWA","Botswana","2022","18647.37346"
"BWA","Botswana","2023","18932.48027"
"BWA","Botswana","2024","18107.61445"
"BWA","Botswana","2025","17687.20424"
"BRA","Brasil","1990","12633.28846"
"BRA","Brasil","1991","12546.56050"
"BRA","Brasil","1992","12271.97885"
"BRA","Brasil","1993","12669.42872"
"BRA","Brasil","1994","13202.93080"
"BRA","Brasil","1995","13550.43937"
"BRA","Brasil","1996","13641.62960"
"BRA","Brasil","1997","13896.62499"
"BRA","Brasil","1998","13737.70264"
"BRA","Brasil","1999","13602.41371"
"BRA","Brasil","2000","14005.34719"
"BRA","Brasil","2001","14016.13138"
"BRA","Brasil","2002","14265.90488"
"BRA","Brasil","2003","14259.36641"
"BRA","Brasil","2004","14911.26096"
"BRA","Brasil","2005","15221.01383"
"BRA","Brasil","2006","15657.47957"
"BRA","Brasil","2007","16440.58374"
"BRA","Brasil","2008","17113.36798"
"BRA","Brasil","2009","16939.44078"
"BRA","Brasil","2010","18062.15811"
"BRA","Brasil","2011","18627.81045"
"BRA","Brasil","2012","18832.21955"
"BRA","Brasil","2013","19241.50598"
"BRA","Brasil","2014","19183.17274"
"BRA","Brasil","2015","18357.06906"
"BRA","Brasil","2016","17620.92724"
"BRA","Brasil","2017","17724.47996"
"BRA","Brasil","2018","17917.74921"
"BRA","Brasil","2019","18018.62092"
"BRA","Brasil","2020","17327.51572"
"BRA","Brasil","2021","18075.70600"
"BRA","Brasil","2022","18554.04618"
"BRA","Brasil","2023","19079.81221"
"BRA","Brasil","2024","19652.36550"
"BRA","Brasil","2025","20024.69683"
"BRN","Brunei","1990","118163.68337"
"BRN","Brunei","1991","118220.68360"
"BRN","Brunei","1992","111457.22088"
"BRN","Brunei","1993","107899.13634"
"BRN","Brunei","1994","106239.23269"
"BRN","Brunei","1995","105043.85310"
"BRN","Brunei","1996","102522.12542"
"BRN","Brunei","1997","106503.42027"
"BRN","Brunei","1998","97171.63726"
"BRN","Brunei","1999","99083.32053"
"BRN","Brunei","2000","100323.43992"
"BRN","Brunei","2001","99680.76268"
"BRN","Brunei","2002","101571.58378"
"BRN","Brunei","2003","103226.91445"
"BRN","Brunei","2004","101497.75480"
"BRN","Brunei","2005","99795.68509"
"BRN","Brunei","2006","102248.51030"
"BRN","Brunei","2007","96752.62041"
"BRN","Brunei","2008","91275.50009"
"BRN","Brunei","2009","87875.82835"
"BRN","Brunei","2010","88586.51337"
"BRN","Brunei","2011","90279.66340"
"BRN","Brunei","2012","89718.46360"
"BRN","Brunei","2013","86606.65189"
"BRN","Brunei","2014","83310.61518"
"BRN","Brunei","2015","81910.18830"
"BRN","Brunei","2016","78880.62285"
"BRN","Brunei","2017","78966.86431"
"BRN","Brunei","2018","78099.05078"
"BRN","Brunei","2019","80228.15982"
"BRN","Brunei","2020","80280.89806"
"BRN","Brunei","2021","78248.79713"
"BRN","Brunei","2022","76357.82911"
"BRN","Brunei","2023","76616.70149"
"BRN","Brunei","2024","79071.73338"
"BRN","Brunei","2025","78985.12203"
"BGR","Bulgaria","1990","14954.13466"
"BGR","Bulgaria","1991","13827.47979"
"BGR","Bulgaria","1992","12960.32213"
"BGR","Bulgaria","1993","12870.73865"
"BGR","Bulgaria","1994","13149.30769"
"BGR","Bulgaria","1995","13591.34311"
"BGR","Bulgaria","1996","14372.77151"
"BGR","Bulgaria","1997","12419.37977"
"BGR","Bulgaria","1998","12976.26700"
"BGR","Bulgaria","1999","11953.59836"
"BGR","Bulgaria","2000","12563.83623"
"BGR","Bulgaria","2001","13306.50446"
"BGR","Bulgaria","2002","14397.00132"
"BGR","Bulgaria","2003","15271.48395"
"BGR","Bulgaria","2004","16388.96001"
"BGR","Bulgaria","2005","17678.03397"
"BGR","Bulgaria","2006","19024.54381"
"BGR","Bulgaria","2007","20440.25259"
"BGR","Bulgaria","2008","21845.95472"
"BGR","Bulgaria","2009","21251.21686"
"BGR","Bulgaria","2010","21724.28635"
"BGR","Bulgaria","2011","22321.03317"
"BGR","Bulgaria","2012","22618.81043"
"BGR","Bulgaria","2013","22954.39640"
"BGR","Bulgaria","2014","23455.48300"
"BGR","Bulgaria","2015","24562.64888"
"BGR","Bulgaria","2016","25636.74439"
"BGR","Bulgaria","2017","26691.75800"
"BGR","Bulgaria","2018","27690.89366"
"BGR","Bulgaria","2019","29149.92151"
"BGR","Bulgaria","2020","28521.20625"
"BGR","Bulgaria","2021","30958.98302"
"BGR","Bulgaria","2022","32433.65876"
"BGR","Bulgaria","2023","33073.68031"
"BGR","Bulgaria","2024","34221.38669"
"BGR","Bulgaria","2025","35325.53179"
"BFA","Burkina Faso","1990","1107.85590"
"BFA","Burkina Faso","1991","1178.07705"
"BFA","Burkina Faso","1992","1152.04476"
"BFA","Burkina Faso","1993","1162.64923"
"BFA","Burkina Faso","1994","1148.60721"
"BFA","Burkina Faso","1995","1183.52861"
"BFA","Burkina Faso","1996","1280.69609"
"BFA","Burkina Faso","1997","1326.94231"
"BFA","Burkina Faso","1998","1385.09311"
"BFA","Burkina Faso","1999","1444.56690"
"BFA","Burkina Faso","2000","1428.57401"
"BFA","Burkina Faso","2001","1477.28492"
"BFA","Burkina Faso","2002","1494.67801"
"BFA","Burkina Faso","2003","1561.83310"
"BFA","Burkina Faso","2004","1581.25621"
"BFA","Burkina Faso","2005","1664.99543"
"BFA","Burkina Faso","2006","1714.76035"
"BFA","Burkina Faso","2007","1731.93046"
"BFA","Burkina Faso","2008","1779.32711"
"BFA","Burkina Faso","2009","1779.32306"
"BFA","Burkina Faso","2010","1873.97146"
"BFA","Burkina Faso","2011","1939.86660"
"BFA","Burkina Faso","2012","2003.66461"
"BFA","Burkina Faso","2013","2057.06393"
"BFA","Burkina Faso","2014","2083.19845"
"BFA","Burkina Faso","2015","2101.70266"
"BFA","Burkina Faso","2016","2162.72579"
"BFA","Burkina Faso","2017","2232.28781"
"BFA","Burkina Faso","2018","2316.39432"
"BFA","Burkina Faso","2019","2391.53627"
"BFA","Burkina Faso","2020","2380.93172"
"BFA","Burkina Faso","2021","2486.43093"
"BFA","Burkina Faso","2022","2469.19957"
"BFA","Burkina Faso","2023","2486.20670"
"BFA","Burkina Faso","2024","2548.50248"
"BFA","Burkina Faso","2025","2624.82858"
"BDI","Burundi","1990","1455.82623"
"BDI","Burundi","1991","1497.26901"
"BDI","Burundi","1992","1472.49317"
"BDI","Burundi","1993","1424.76601"
"BDI","Burundi","1994","1361.32213"
"BDI","Burundi","1995","1180.67489"
"BDI","Burundi","1996","1085.47116"
"BDI","Burundi","1997","1068.29383"
"BDI","Burundi","1998","1097.86452"
"BDI","Burundi","1999","1061.04411"
"BDI","Burundi","2000","1030.32235"
"BDI","Burundi","2001","1025.48375"
"BDI","Burundi","2002","1041.29719"
"BDI","Burundi","2003","996.56943"
"BDI","Burundi","2004","1006.51242"
"BDI","Burundi","2005","978.54196"
"BDI","Burundi","2006","995.02781"
"BDI","Burundi","2007","991.93141"
"BDI","Burundi","2008","998.56506"
"BDI","Burundi","2009","985.18477"
"BDI","Burundi","2010","988.01868"
"BDI","Burundi","2011","991.65988"
"BDI","Burundi","2012","999.22007"
"BDI","Burundi","2013","1011.43131"
"BDI","Burundi","2014","1019.17607"
"BDI","Burundi","2015","992.28581"
"BDI","Burundi","2016","1006.55907"
"BDI","Burundi","2017","1020.84983"
"BDI","Burundi","2018","1043.40558"
"BDI","Burundi","2019","1054.72593"
"BDI","Burundi","2020","1027.62896"
"BDI","Burundi","2021","1032.38274"
"BDI","Burundi","2022","1028.11135"
"BDI","Burundi","2023","1033.00937"
"BDI","Burundi","2024","1048.05557"
"BDI","Burundi","2025","1066.51299"
"BEL","Bélgica","1990","41640.05836"
"BEL","Bélgica","1991","42246.07605"
"BEL","Bélgica","1992","42719.04861"
"BEL","Bélgica","1993","42143.19606"
"BEL","Bélgica","1994","43369.27594"
"BEL","Bélgica","1995","44310.62787"
"BEL","Bélgica","1996","44808.52436"
"BEL","Bélgica","1997","46396.00213"
"BEL","Bélgica","1998","47205.30985"
"BEL","Bélgica","1999","48765.76686"
"BEL","Bélgica","2000","50455.73389"
"BEL","Bélgica","2001","50835.39699"
"BEL","Bélgica","2002","51471.85326"
"BEL","Bélgica","2003","51788.84396"
"BEL","Bélgica","2004","53406.69186"
"BEL","Bélgica","2005","54346.89342"
"BEL","Bélgica","2006","55367.62275"
"BEL","Bélgica","2007","56983.46122"
"BEL","Bélgica","2008","56787.73663"
"BEL","Bélgica","2009","55258.70710"
"BEL","Bélgica","2010","56240.20309"
"BEL","Bélgica","2011","56585.30250"
"BEL","Bélgica","2012","56356.82513"
"BEL","Bélgica","2013","56263.17527"
"BEL","Bélgica","2014","57002.90922"
"BEL","Bélgica","2015","57509.02457"
"BEL","Bélgica","2016","57901.49769"
"BEL","Bélgica","2017","58529.33030"
"BEL","Bélgica","2018","59357.68969"
"BEL","Bélgica","2019","60479.97700"
"BEL","Bélgica","2020","57333.54241"
"BEL","Bélgica","2021","60669.21377"
"BEL","Bélgica","2022","62602.92705"
"BEL","Bélgica","2023","63042.00999"
"BEL","Bélgica","2024","63311.27669"
"BEL","Bélgica","2025","63488.42176"
"CPV","Cabo Verde","1990","1848.75865"
"CPV","Cabo Verde","1991","1830.07600"
"CPV","Cabo Verde","1992","1984.68063"
"CPV","Cabo Verde","1993","2111.62141"
"CPV","Cabo Verde","1994","2465.99393"
"CPV","Cabo Verde","1995","2763.39733"
"CPV","Cabo Verde","1996","3022.88825"
"CPV","Cabo Verde","1997","3302.97403"
"CPV","Cabo Verde","1998","3657.38119"
"CPV","Cabo Verde","1999","4006.47965"
"CPV","Cabo Verde","2000","4510.13574"
"CPV","Cabo Verde","2001","4540.90732"
"CPV","Cabo Verde","2002","4710.24105"
"CPV","Cabo Verde","2003","4841.26540"
"CPV","Cabo Verde","2004","5268.30312"
"CPV","Cabo Verde","2005","5565.76951"
"CPV","Cabo Verde","2006","5941.38218"
"CPV","Cabo Verde","2007","6767.40677"
"CPV","Cabo Verde","2008","7169.13944"
"CPV","Cabo Verde","2009","6994.57410"
"CPV","Cabo Verde","2010","7072.12150"
"CPV","Cabo Verde","2011","7325.78442"
"CPV","Cabo Verde","2012","7397.82221"
"CPV","Cabo Verde","2013","7440.66243"
"CPV","Cabo Verde","2014","7491.02198"
"CPV","Cabo Verde","2015","7560.13649"
"CPV","Cabo Verde","2016","7881.30336"
"CPV","Cabo Verde","2017","8234.56000"
"CPV","Cabo Verde","2018","8531.12962"
"CPV","Cabo Verde","2019","9111.62993"
"CPV","Cabo Verde","2020","7207.86854"
"CPV","Cabo Verde","2021","7685.41921"
"CPV","Cabo Verde","2022","8850.10669"
"CPV","Cabo Verde","2023","9228.46045"
"CPV","Cabo Verde","2024","9825.53410"
"CPV","Cabo Verde","2025","10395.74150"
"KHM","Camboya","1990","2646.09799"
"KHM","Camboya","1991","2731.37974"
"KHM","Camboya","1992","2769.48826"
"KHM","Camboya","1993","2714.59150"
"KHM","Camboya","1994","1650.39100"
"KHM","Camboya","1995","1672.73929"
"KHM","Camboya","1996","1643.01579"
"KHM","Camboya","1997","1595.17131"
"KHM","Camboya","1998","1602.38371"
"KHM","Camboya","1999","1775.41240"
"KHM","Camboya","2000","1922.03179"
"KHM","Camboya","2001","2032.08092"
"KHM","Camboya","2002","2126.34150"
"KHM","Camboya","2003","2309.83931"
"KHM","Camboya","2004","2491.30930"
"KHM","Camboya","2005","2781.89029"
"KHM","Camboya","2006","3041.10471"
"KHM","Camboya","2007","3308.15747"
"KHM","Camboya","2008","3501.92570"
"KHM","Camboya","2009","3587.60890"
"KHM","Camboya","2010","3711.53751"
"KHM","Camboya","2011","3921.97912"
"KHM","Camboya","2012","4159.16354"
"KHM","Camboya","2013","4419.39887"
"KHM","Camboya","2014","4702.73062"
"KHM","Camboya","2015","4968.57277"
"KHM","Camboya","2016","5283.72965"
"KHM","Camboya","2017","5632.03126"
"KHM","Camboya","2018","6050.59088"
"KHM","Camboya","2019","6448.88456"
"KHM","Camboya","2020","6128.78244"
"KHM","Camboya","2021","6225.53265"
"KHM","Camboya","2022","6458.36815"
"KHM","Camboya","2023","6695.29195"
"KHM","Camboya","2024","7011.58147"
"KHM","Camboya","2025","7300.08078"
"CMR","Camerún","1990","4517.61888"
"CMR","Camerún","1991","4220.65297"
"CMR","Camerún","1992","3974.27760"
"CMR","Camerún","1993","3556.31854"
"CMR","Camerún","1994","3522.74885"
"CMR","Camerún","1995","3526.54368"
"CMR","Camerún","1996","3577.59204"
"CMR","Camerún","1997","3641.70750"
"CMR","Camerún","1998","3714.13213"
"CMR","Camerún","1999","3780.06217"
"CMR","Camerún","2000","3822.94425"
"CMR","Camerún","2001","3884.87305"
"CMR","Camerún","2002","3951.41936"
"CMR","Camerún","2003","4054.78133"
"CMR","Camerún","2004","4222.96639"
"CMR","Camerún","2005","4199.72271"
"CMR","Camerún","2006","4241.51745"
"CMR","Camerún","2007","4302.61926"
"CMR","Camerún","2008","4300.26640"
"CMR","Camerún","2009","4286.57718"
"CMR","Camerún","2010","4286.58303"
"CMR","Camerún","2011","4307.85196"
"CMR","Camerún","2012","4382.11121"
"CMR","Camerún","2013","4473.57232"
"CMR","Camerún","2014","4588.48649"
"CMR","Camerún","2015","4698.66678"
"CMR","Camerún","2016","4767.13186"
"CMR","Camerún","2017","4797.97544"
"CMR","Camerún","2018","4851.48004"
"CMR","Camerún","2019","4882.35560"
"CMR","Camerún","2020","4763.48194"
"CMR","Camerún","2021","4793.55628"
"CMR","Camerún","2022","4843.65038"
"CMR","Camerún","2023","4875.25121"
"CMR","Camerún","2024","4916.93354"
"CMR","Camerún","2025","4945.95641"
"CAN","Canadá","1990","40475.09644"
"CAN","Canadá","1991","39139.29683"
"CAN","Canadá","1992","39023.16681"
"CAN","Canadá","1993","39622.46341"
"CAN","Canadá","1994","40952.11977"
"CAN","Canadá","1995","41617.70692"
"CAN","Canadá","1996","41880.53559"
"CAN","Canadá","1997","43241.22365"
"CAN","Canadá","1998","44553.26517"
"CAN","Canadá","1999","46464.52745"
"CAN","Canadá","2000","48399.28644"
"CAN","Canadá","2001","48774.14832"
"CAN","Canadá","2002","49694.98709"
"CAN","Canadá","2003","50139.76646"
"CAN","Canadá","2004","51210.65940"
"CAN","Canadá","2005","52356.53715"
"CAN","Canadá","2006","53195.76086"
"CAN","Canadá","2007","53761.84080"
"CAN","Canadá","2008","53711.65803"
"CAN","Canadá","2009","51552.40203"
"CAN","Canadá","2010","52558.42006"
"CAN","Canadá","2011","53681.10848"
"CAN","Canadá","2012","54034.78217"
"CAN","Canadá","2013","54712.15686"
"CAN","Canadá","2014","55723.46157"
"CAN","Canadá","2015","55660.84558"
"CAN","Canadá","2016","55606.13299"
"CAN","Canadá","2017","56612.30622"
"CAN","Canadá","2018","57337.46829"
"CAN","Canadá","2019","57583.82307"
"CAN","Canadá","2020","54092.85769"
"CAN","Canadá","2021","56995.09520"
"CAN","Canadá","2022","58583.12999"
"CAN","Canadá","2023","58088.37781"
"CAN","Canadá","2024","57534.09152"
"CAN","Canadá","2025","57989.57847"
"TCD","Chad","1990","1711.36988"
"TCD","Chad","1991","1790.73791"
"TCD","Chad","1992","1853.67668"
"TCD","Chad","1993","1526.05433"
"TCD","Chad","1994","1642.51653"
"TCD","Chad","1995","1591.14154"
"TCD","Chad","1996","1555.91392"
"TCD","Chad","1997","1588.09860"
"TCD","Chad","1998","1641.05715"
"TCD","Chad","1999","1573.58531"
"TCD","Chad","2000","1506.71577"
"TCD","Chad","2001","1626.56683"
"TCD","Chad","2002","1704.27295"
"TCD","Chad","2003","1878.58579"
"TCD","Chad","2004","2400.97005"
"TCD","Chad","2005","2705.81651"
"TCD","Chad","2006","2596.03235"
"TCD","Chad","2007","2613.47387"
"TCD","Chad","2008","2601.36126"
"TCD","Chad","2009","2474.70758"
"TCD","Chad","2010","2717.40540"
"TCD","Chad","2011","2741.07083"
"TCD","Chad","2012","2886.27475"
"TCD","Chad","2013","2864.11301"
"TCD","Chad","2014","2820.67795"
"TCD","Chad","2015","2822.57930"
"TCD","Chad","2016","2622.59781"
"TCD","Chad","2017","2496.26214"
"TCD","Chad","2018","2552.37036"
"TCD","Chad","2019","2604.53154"
"TCD","Chad","2020","2513.02923"
"TCD","Chad","2021","2435.07275"
"TCD","Chad","2022","2449.48251"
"TCD","Chad","2023","2433.53331"
"TCD","Chad","2024","2430.73298"
"TCD","Chad","2025","2480.50963"
"CZE","Chequia","1990","27918.13752"
"CZE","Chequia","1991","24734.77021"
"CZE","Chequia","1992","24584.32996"
"CZE","Chequia","1993","24573.99149"
"CZE","Chequia","1994","25279.79180"
"CZE","Chequia","1995","26869.01971"
"CZE","Chequia","1996","28021.67046"
"CZE","Chequia","1997","27884.73976"
"CZE","Chequia","1998","27801.43878"
"CZE","Chequia","1999","28213.45550"
"CZE","Chequia","2000","29427.40700"
"CZE","Chequia","2001","30399.87308"
"CZE","Chequia","2002","30919.54966"
"CZE","Chequia","2003","31949.29631"
"CZE","Chequia","2004","33452.34080"
"CZE","Chequia","2005","35535.74800"
"CZE","Chequia","2006","37786.87817"
"CZE","Chequia","2007","39629.00613"
"CZE","Chequia","2008","40328.34266"
"CZE","Chequia","2009","38175.14228"
"CZE","Chequia","2010","39097.38862"
"CZE","Chequia","2011","39708.16263"
"CZE","Chequia","2012","39347.04930"
"CZE","Chequia","2013","39317.55357"
"CZE","Chequia","2014","40158.01643"
"CZE","Chequia","2015","42066.57598"
"CZE","Chequia","2016","43069.46597"
"CZE","Chequia","2017","45177.52261"
"CZE","Chequia","2018","46301.08204"
"CZE","Chequia","2019","47763.61655"
"CZE","Chequia","2020","45119.93873"
"CZE","Chequia","2021","47796.03374"
"CZE","Chequia","2022","48390.66168"
"CZE","Chequia","2023","47558.41068"
"CZE","Chequia","2024","47972.53172"
"CZE","Chequia","2025","49292.48787"
"CHL","Chile","1990","10955.24865"
"CHL","Chile","1991","11610.27833"
"CHL","Chile","1992","12738.61632"
"CHL","Chile","1993","13380.47222"
"CHL","Chile","1994","13849.62610"
"CHL","Chile","1995","14911.56407"
"CHL","Chile","1996","15748.46536"
"CHL","Chile","1997","16687.85559"
"CHL","Chile","1998","17161.03356"
"CHL","Chile","1999","16900.12440"
"CHL","Chile","2000","17529.42060"
"CHL","Chile","2001","17874.53139"
"CHL","Chile","2002","18244.51968"
"CHL","Chile","2003","18907.34587"
"CHL","Chile","2004","19966.70931"
"CHL","Chile","2005","20923.47976"
"CHL","Chile","2006","21973.73829"
"CHL","Chile","2007","22884.29971"
"CHL","Chile","2008","23515.34732"
"CHL","Chile","2009","23019.02995"
"CHL","Chile","2010","24122.47879"
"CHL","Chile","2011","25372.27415"
"CHL","Chile","2012","26676.81102"
"CHL","Chile","2013","27297.81851"
"CHL","Chile","2014","27511.56100"
"CHL","Chile","2015","27817.95848"
"CHL","Chile","2016","27965.34735"
"CHL","Chile","2017","27899.59798"
"CHL","Chile","2018","28499.40640"
"CHL","Chile","2019","28227.97905"
"CHL","Chile","2020","26258.40386"
"CHL","Chile","2021","29106.63565"
"CHL","Chile","2022","29560.45138"
"CHL","Chile","2023","29600.41886"
"CHL","Chile","2024","30267.64409"
"CHL","Chile","2025","30863.42232"
"CHN","China","1990","1666.81412"
"CHN","China","1991","1798.38258"
"CHN","China","1992","2030.47127"
"CHN","China","1993","2286.79564"
"CHN","China","1994","2556.90688"
"CHN","China","1995","2807.88647"
"CHN","China","1996","3055.72828"
"CHN","China","1997","3305.83026"
"CHN","China","1998","3533.69840"
"CHN","China","1999","3774.42758"
"CHN","China","2000","4065.86708"
"CHN","China","2001","4372.43561"
"CHN","China","2002","4744.38182"
"CHN","China","2003","5191.78118"
"CHN","China","2004","5684.38817"
"CHN","China","2005","6298.29930"
"CHN","China","2006","7057.11132"
"CHN","China","2007","8013.78376"
"CHN","China","2008","8743.70200"
"CHN","China","2009","9518.68128"
"CHN","China","2010","10476.15257"
"CHN","China","2011","11404.91798"
"CHN","China","2012","12217.93438"
"CHN","China","2013","13080.87879"
"CHN","China","2014","13968.51878"
"CHN","China","2015","14857.10882"
"CHN","China","2016","15772.83726"
"CHN","China","2017","16758.04640"
"CHN","China","2018","17807.04906"
"CHN","China","2019","18820.58716"
"CHN","China","2020","19215.10125"
"CHN","China","2021","20843.29783"
"CHN","China","2022","21499.31256"
"CHN","China","2023","22687.25195"
"CHN","China","2024","23841.47691"
"CHN","China","2025","25066.52153"
"CYP","Chipre","1990","27666.53516"
"CYP","Chipre","1991","27158.92578"
"CYP","Chipre","1992","28931.81445"
"CYP","Chipre","1993","28439.21484"
"CYP","Chipre","1994","29500.62305"
"CYP","Chipre","1995","31393.24609"
"CYP","Chipre","1996","31282.60938"
"CYP","Chipre","1997","31656.83008"
"CYP","Chipre","1998","33181.98828"
"CYP","Chipre","1999","34452.72266"
"CYP","Chipre","2000","36121.66406"
"CYP","Chipre","2001","37146.84375"
"CYP","Chipre","2002","38090.77734"
"CYP","Chipre","2003","38617.81250"
"CYP","Chipre","2004","40019.92578"
"CYP","Chipre","2005","41362.09375"
"CYP","Chipre","2006","42595.20312"
"CYP","Chipre","2007","43823.76172"
"CYP","Chipre","2008","44295.62891"
"CYP","Chipre","2009","42253.38672"
"CYP","Chipre","2010","42102.28125"
"CYP","Chipre","2011","41212.68750"
"CYP","Chipre","2012","39190.22266"
"CYP","Chipre","2013","36650.57031"
"CYP","Chipre","2014","36104.90234"
"CYP","Chipre","2015","37258.50000"
"CYP","Chipre","2016","39500.85156"
"CYP","Chipre","2017","41417.98828"
"CYP","Chipre","2018","43510.03125"
"CYP","Chipre","2019","45454.17578"
"CYP","Chipre","2020","43402.35938"
"CYP","Chipre","2021","47632.57031"
"CYP","Chipre","2022","50840.91406"
"CYP","Chipre","2023","51674.90234"
"CYP","Chipre","2024","52861.83594"
"CYP","Chipre","2025","54103.26172"
"COL","Colombia","1990","9998.81070"
"COL","Colombia","1991","9996.09786"
"COL","Colombia","1992","10196.43297"
"COL","Colombia","1993","10533.11496"
"COL","Colombia","1994","10927.93895"
"COL","Colombia","1995","11279.00046"
"COL","Colombia","1996","11303.13089"
"COL","Colombia","1997","11483.50501"
"COL","Colombia","1998","11343.87991"
"COL","Colombia","1999","10679.70927"
"COL","Colombia","2000","10813.49423"
"COL","Colombia","2001","10823.45049"
"COL","Colombia","2002","10925.14856"
"COL","Colombia","2003","11183.29118"
"COL","Colombia","2004","11607.93849"
"COL","Colombia","2005","11999.25496"
"COL","Colombia","2006","12636.62466"
"COL","Colombia","2007","13318.30331"
"COL","Colombia","2008","13591.06090"
"COL","Colombia","2009","13586.75184"
"COL","Colombia","2010","14037.06427"
"COL","Colombia","2011","14852.36995"
"COL","Colombia","2012","15279.47900"
"COL","Colombia","2013","15912.24713"
"COL","Colombia","2014","16480.36315"
"COL","Colombia","2015","16821.38014"
"COL","Colombia","2016","17003.24437"
"COL","Colombia","2017","16986.03342"
"COL","Colombia","2018","17104.13135"
"COL","Colombia","2019","17336.77160"
"COL","Colombia","2020","15861.49993"
"COL","Colombia","2021","17383.09017"
"COL","Colombia","2022","18458.72095"
"COL","Colombia","2023","18406.62423"
"COL","Colombia","2024","18481.83749"
"COL","Colombia","2025","18778.64826"
"COM","Comoras","1990","3178.85477"
"COM","Comoras","1991","2911.05350"
"COM","Comoras","1992","3061.03259"
"COM","Comoras","1993","3082.22242"
"COM","Comoras","1994","2907.42228"
"COM","Comoras","1995","3018.45799"
"COM","Comoras","1996","2951.78313"
"COM","Comoras","1997","3029.34647"
"COM","Comoras","1998","2978.37124"
"COM","Comoras","1999","3004.69062"
"COM","Comoras","2000","2917.87154"
"COM","Comoras","2001","3013.38883"
"COM","Comoras","2002","3085.93815"
"COM","Comoras","2003","3085.59675"
"COM","Comoras","2004","3121.51678"
"COM","Comoras","2005","3231.72506"
"COM","Comoras","2006","3111.62571"
"COM","Comoras","2007","3074.73468"
"COM","Comoras","2008","3133.75035"
"COM","Comoras","2009","3171.60355"
"COM","Comoras","2010","3226.63502"
"COM","Comoras","2011","3293.83408"
"COM","Comoras","2012","3330.52446"
"COM","Comoras","2013","3406.49919"
"COM","Comoras","2014","3403.41291"
"COM","Comoras","2015","3370.55572"
"COM","Comoras","2016","3411.77124"
"COM","Comoras","2017","3472.07859"
"COM","Comoras","2018","3528.95868"
"COM","Comoras","2019","3522.66867"
"COM","Comoras","2020","3447.47275"
"COM","Comoras","2021","3449.04357"
"COM","Comoras","2022","3465.84023"
"COM","Comoras","2023","3508.15862"
"COM","Comoras","2024","3556.03843"
"COM","Comoras","2025","3621.76626"
"COG","Congo","1990","8699.52684"
"COG","Congo","1991","8658.16145"
"COG","Congo","1992","8636.63719"
"COG","Congo","1993","8302.69727"
"COG","Congo","1994","7617.60750"
"COG","Congo","1995","7701.32469"
"COG","Congo","1996","7812.04780"
"COG","Congo","1997","7599.04815"
"COG","Congo","1998","7711.63213"
"COG","Congo","1999","7312.32665"
"COG","Congo","2000","7570.58279"
"COG","Congo","2001","7567.43917"
"COG","Congo","2002","7729.38890"
"COG","Congo","2003","7577.45630"
"COG","Congo","2004","7577.44597"
"COG","Congo","2005","7876.11807"
"COG","Congo","2006","8192.57980"
"COG","Congo","2007","7375.82454"
"COG","Congo","2008","7587.28826"
"COG","Congo","2009","8138.45034"
"COG","Congo","2010","8583.66180"
"COG","Congo","2011","8492.42098"
"COG","Congo","2012","9079.68656"
"COG","Congo","2013","8798.49383"
"COG","Congo","2014","9159.25664"
"COG","Congo","2015","8977.70682"
"COG","Congo","2016","8001.82552"
"COG","Congo","2017","7372.77047"
"COG","Congo","2018","7029.33652"
"COG","Congo","2019","6939.36913"
"COG","Congo","2020","6350.50913"
"COG","Congo","2021","6263.21161"
"COG","Congo","2022","6205.10504"
"COG","Congo","2023","6172.28777"
"COG","Congo","2024","6152.56509"
"COG","Congo","2025","6194.08981"
"KOR","Corea del Sur","1990","14377.88392"
"KOR","Corea del Sur","1991","15784.46687"
"KOR","Corea del Sur","1992","16613.49070"
"KOR","Corea del Sur","1993","17595.90361"
"KOR","Corea del Sur","1994","19052.29909"
"KOR","Corea del Sur","1995","20697.89698"
"KOR","Corea del Sur","1996","22139.79638"
"KOR","Corea del Sur","1997","23311.04209"
"KOR","Corea del Sur","1998","22000.33876"
"KOR","Corea del Sur","1999","24382.25085"
"KOR","Corea del Sur","2000","26404.15886"
"KOR","Corea del Sur","2001","27440.65649"
"KOR","Corea del Sur","2002","29395.27660"
"KOR","Corea del Sur","2003","30142.46056"
"KOR","Corea del Sur","2004","31579.52830"
"KOR","Corea del Sur","2005","32886.04725"
"KOR","Corea del Sur","2006","34429.62220"
"KOR","Corea del Sur","2007","36257.34017"
"KOR","Corea del Sur","2008","37064.15185"
"KOR","Corea del Sur","2009","37176.19393"
"KOR","Corea del Sur","2010","39574.05007"
"KOR","Corea del Sur","2011","40719.22738"
"KOR","Corea del Sur","2012","41537.67286"
"KOR","Corea del Sur","2013","42709.97519"
"KOR","Corea del Sur","2014","43806.92510"
"KOR","Corea del Sur","2015","44849.10677"
"KOR","Corea del Sur","2016","46088.24308"
"KOR","Corea del Sur","2017","47536.78986"
"KOR","Corea del Sur","2018","48834.44712"
"KOR","Corea del Sur","2019","49790.86799"
"KOR","Corea del Sur","2020","49374.09261"
"KOR","Corea del Sur","2021","51718.25187"
"KOR","Corea del Sur","2022","53228.60357"
"KOR","Corea del Sur","2023","54029.34350"
"KOR","Corea del Sur","2024","55070.93862"
"KOR","Corea del Sur","2025","55697.08481"
"CRI","Costa Rica","1990","10979.78811"
"CRI","Costa Rica","1991","10946.38110"
"CRI","Costa Rica","1992","11654.81873"
"CRI","Costa Rica","1993","12173.67707"
"CRI","Costa Rica","1994","12415.26292"
"CRI","Costa Rica","1995","12623.53394"
"CRI","Costa Rica","1996","12497.62736"
"CRI","Costa Rica","1997","12887.52557"
"CRI","Costa Rica","1998","13505.08410"
"CRI","Costa Rica","1999","13776.58294"
"CRI","Costa Rica","2000","14025.68995"
"CRI","Costa Rica","2001","14257.52507"
"CRI","Costa Rica","2002","14503.17648"
"CRI","Costa Rica","2003","14898.71974"
"CRI","Costa Rica","2004","15330.88323"
"CRI","Costa Rica","2005","15711.74513"
"CRI","Costa Rica","2006","16628.37230"
"CRI","Costa Rica","2007","17752.41620"
"CRI","Costa Rica","2008","18343.09969"
"CRI","Costa Rica","2009","17941.50191"
"CRI","Costa Rica","2010","18670.16788"
"CRI","Costa Rica","2011","19264.45665"
"CRI","Costa Rica","2012","19970.68560"
"CRI","Costa Rica","2013","20242.29386"
"CRI","Costa Rica","2014","20735.19273"
"CRI","Costa Rica","2015","21265.31763"
"CRI","Costa Rica","2016","21936.46606"
"CRI","Costa Rica","2017","22633.76487"
"CRI","Costa Rica","2018","23069.86222"
"CRI","Costa Rica","2019","23496.82946"
"CRI","Costa Rica","2020","22368.13781"
"CRI","Costa Rica","2021","24083.59882"
"CRI","Costa Rica","2022","25290.00875"
"CRI","Costa Rica","2023","26378.54099"
"CRI","Costa Rica","2024","27325.04705"
"CRI","Costa Rica","2025","28443.41277"
"CIV","Costa de Marfil","1990","5255.54850"
"CIV","Costa de Marfil","1991","5052.88905"
"CIV","Costa de Marfil","1992","4843.32932"
"CIV","Costa de Marfil","1993","4645.50187"
"CIV","Costa de Marfil","1994","4502.49284"
"CIV","Costa de Marfil","1995","4638.79164"
"CIV","Costa de Marfil","1996","4807.45984"
"CIV","Costa de Marfil","1997","5072.63456"
"CIV","Costa de Marfil","1998","5093.16937"
"CIV","Costa de Marfil","1999","4987.39398"
"CIV","Costa de Marfil","2000","4838.37603"
"CIV","Costa de Marfil","2001","4609.17879"
"CIV","Costa de Marfil","2002","4368.96041"
"CIV","Costa de Marfil","2003","4060.03041"
"CIV","Costa de Marfil","2004","4088.97542"
"CIV","Costa de Marfil","2005","4032.27571"
"CIV","Costa de Marfil","2006","4049.29028"
"CIV","Costa de Marfil","2007","3999.72054"
"CIV","Costa de Marfil","2008","4096.75377"
"CIV","Costa de Marfil","2009","4151.08432"
"CIV","Costa de Marfil","2010","4338.68458"
"CIV","Costa de Marfil","2011","4017.43754"
"CIV","Costa de Marfil","2012","4234.21188"
"CIV","Costa de Marfil","2013","4597.22036"
"CIV","Costa de Marfil","2014","4907.61081"
"CIV","Costa de Marfil","2015","5110.90021"
"CIV","Costa de Marfil","2016","5320.88582"
"CIV","Costa de Marfil","2017","5556.15476"
"CIV","Costa de Marfil","2018","5670.24200"
"CIV","Costa de Marfil","2019","5894.92235"
"CIV","Costa de Marfil","2020","5787.85815"
"CIV","Costa de Marfil","2021","6045.20480"
"CIV","Costa de Marfil","2022","6272.26396"
"CIV","Costa de Marfil","2023","6520.89886"
"CIV","Costa de Marfil","2024","6747.03797"
"CIV","Costa de Marfil","2025","7014.84578"
"HRV","Croacia","1990","23399.63972"
"HRV","Croacia","1991","18812.86574"
"HRV","Croacia","1992","17020.16691"
"HRV","Croacia","1993","15570.33884"
"HRV","Croacia","1994","16301.68585"
"HRV","Croacia","1995","17522.51425"
"HRV","Croacia","1996","18850.16331"
"HRV","Croacia","1997","20110.20262"
"HRV","Croacia","1998","20576.01277"
"HRV","Croacia","1999","20489.35401"
"HRV","Croacia","2000","21302.41172"
"HRV","Croacia","2001","22826.72176"
"HRV","Croacia","2002","24136.78102"
"HRV","Croacia","2003","25473.56720"
"HRV","Croacia","2004","26528.53691"
"HRV","Croacia","2005","27641.13747"
"HRV","Croacia","2006","29035.67498"
"HRV","Croacia","2007","30508.30613"
"HRV","Croacia","2008","31113.55501"
"HRV","Croacia","2009","29024.66406"
"HRV","Croacia","2010","28701.87546"
"HRV","Croacia","2011","28769.02295"
"HRV","Croacia","2012","28259.16381"
"HRV","Croacia","2013","28397.98207"
"HRV","Croacia","2014","28456.33538"
"HRV","Croacia","2015","29466.45064"
"HRV","Croacia","2016","30820.80504"
"HRV","Croacia","2017","32348.58886"
"HRV","Croacia","2018","33729.54558"
"HRV","Croacia","2019","35122.79662"
"HRV","Croacia","2020","32493.40170"
"HRV","Croacia","2021","36930.07610"
"HRV","Croacia","2022","39863.91094"
"HRV","Croacia","2023","41320.25800"
"HRV","Croacia","2024","42828.79973"
"HRV","Croacia","2025","44172.04423"
"CUW","Curazao","2000","34307.12506"
"CUW","Curazao","2001","35339.06486"
"CUW","Curazao","2002","35435.99758"
"CUW","Curazao","2003","34812.79117"
"CUW","Curazao","2004","34288.74024"
"CUW","Curazao","2005","33651.50458"
"CUW","Curazao","2006","33334.85678"
"CUW","Curazao","2007","33490.25516"
"CUW","Curazao","2008","33795.13112"
"CUW","Curazao","2009","33397.39740"
"CUW","Curazao","2010","33004.55429"
"CUW","Curazao","2011","32704.35587"
"CUW","Curazao","2012","32320.87704"
"CUW","Curazao","2013","31753.38455"
"CUW","Curazao","2014","31128.64734"
"CUW","Curazao","2015","30861.32077"
"CUW","Curazao","2016","30209.78826"
"CUW","Curazao","2017","29729.10136"
"CUW","Curazao","2018","29256.81579"
"CUW","Curazao","2019","28659.65590"
"CUW","Curazao","2020","23669.77115"
"CUW","Curazao","2021","24905.76843"
"CUW","Curazao","2022","26734.64590"
"CUW","Curazao","2023","27617.92043"
"CUW","Curazao","2024","28762.05816"
"DNK","Dinamarca","1990","45943.88754"
"DNK","Dinamarca","1991","46493.01760"
"DNK","Dinamarca","1992","47276.89366"
"DNK","Dinamarca","1993","47082.46744"
"DNK","Dinamarca","1994","49408.20382"
"DNK","Dinamarca","1995","50644.70746"
"DNK","Dinamarca","1996","51817.17354"
"DNK","Dinamarca","1997","53237.29519"
"DNK","Dinamarca","1998","54278.27912"
"DNK","Dinamarca","1999","55704.25840"
"DNK","Dinamarca","2000","57585.89656"
"DNK","Dinamarca","2001","57925.05430"
"DNK","Dinamarca","2002","58003.88826"
"DNK","Dinamarca","2003","58101.48095"
"DNK","Dinamarca","2004","59560.45995"
"DNK","Dinamarca","2005","60798.13515"
"DNK","Dinamarca","2006","62911.39314"
"DNK","Dinamarca","2007","63251.31694"
"DNK","Dinamarca","2008","62618.44994"
"DNK","Dinamarca","2009","59185.96775"
"DNK","Dinamarca","2010","59856.34909"
"DNK","Dinamarca","2011","60391.77993"
"DNK","Dinamarca","2012","60161.70107"
"DNK","Dinamarca","2013","60745.77848"
"DNK","Dinamarca","2014","61210.94909"
"DNK","Dinamarca","2015","62059.12860"
"DNK","Dinamarca","2016","63468.98882"
"DNK","Dinamarca","2017","64989.44599"
"DNK","Dinamarca","2018","65870.83026"
"DNK","Dinamarca","2019","66758.63233"
"DNK","Dinamarca","2020","65379.30661"
"DNK","Dinamarca","2021","69327.99822"
"DNK","Dinamarca","2022","69089.46925"
"DNK","Dinamarca","2023","68993.90311"
"DNK","Dinamarca","2024","71034.57897"
"DNK","Dinamarca","2025","72723.27479"
"DJI","Djibouti","2013","4469.07410"
"DJI","Djibouti","2014","4705.04927"
"DJI","Djibouti","2015","4961.86819"
"DJI","Djibouti","2016","5226.50026"
"DJI","Djibouti","2017","5421.95649"
"DJI","Djibouti","2018","5590.50427"
"DJI","Djibouti","2019","5809.30455"
"DJI","Djibouti","2020","5791.47768"
"DJI","Djibouti","2021","5960.10807"
"DJI","Djibouti","2022","6180.67999"
"DJI","Djibouti","2023","6510.67859"
"DJI","Djibouti","2024","6871.12440"
"DJI","Djibouti","2025","7222.54989"
"DMA","Dominica","1990","11311.55198"
"DMA","Dominica","1991","11518.76467"
"DMA","Dominica","1992","11747.61171"
"DMA","Dominica","1993","11982.85926"
"DMA","Dominica","1994","11979.39925"
"DMA","Dominica","1995","12343.90012"
"DMA","Dominica","1996","12737.89724"
"DMA","Dominica","1997","13037.14913"
"DMA","Dominica","1998","13563.45282"
"DMA","Dominica","1999","13661.67858"
"DMA","Dominica","2000","14054.65480"
"DMA","Dominica","2001","14091.54914"
"DMA","Dominica","2002","13640.70331"
"DMA","Dominica","2003","14398.00176"
"DMA","Dominica","2004","14962.24563"
"DMA","Dominica","2005","15080.52060"
"DMA","Dominica","2006","15727.70532"
"DMA","Dominica","2007","16560.51790"
"DMA","Dominica","2008","17738.04057"
"DMA","Dominica","2009","17534.03396"
"DMA","Dominica","2010","17516.78796"
"DMA","Dominica","2011","17475.04111"
"DMA","Dominica","2012","17431.12880"
"DMA","Dominica","2013","17282.63680"
"DMA","Dominica","2014","17520.85463"
"DMA","Dominica","2015","16920.91266"
"DMA","Dominica","2016","17364.07730"
"DMA","Dominica","2017","16314.22956"
"DMA","Dominica","2018","16877.12449"
"DMA","Dominica","2019","17619.43354"
"DMA","Dominica","2020","14919.53077"
"DMA","Dominica","2021","15808.97435"
"DMA","Dominica","2022","17550.80099"
"DMA","Dominica","2023","18278.22534"
"DMA","Dominica","2024","18739.36404"
"DMA","Dominica","2025","19409.29007"
"ECU","Ecuador","1990","9104.81600"
"ECU","Ecuador","1991","9292.61779"
"ECU","Ecuador","1992","9291.37105"
"ECU","Ecuador","1993","9284.31503"
"ECU","Ecuador","1994","9494.17506"
"ECU","Ecuador","1995","9525.17702"
"ECU","Ecuador","1996","9509.27541"
"ECU","Ecuador","1997","9739.26682"
"ECU","Ecuador","1998","9876.75075"
"ECU","Ecuador","1999","9242.96681"
"ECU","Ecuador","2000","9183.05155"
"ECU","Ecuador","2001","9405.11681"
"ECU","Ecuador","2002","9697.55518"
"ECU","Ecuador","2003","9802.81408"
"ECU","Ecuador","2004","10290.66343"
"ECU","Ecuador","2005","10660.20462"
"ECU","Ecuador","2006","10933.48975"
"ECU","Ecuador","2007","10952.82269"
"ECU","Ecuador","2008","11474.52570"
"ECU","Ecuador","2009","11403.52780"
"ECU","Ecuador","2010","11665.69786"
"ECU","Ecuador","2011","12449.07855"
"ECU","Ecuador","2012","12961.02674"
"ECU","Ecuador","2013","13689.15205"
"ECU","Ecuador","2014","14064.79922"
"ECU","Ecuador","2015","13881.57007"
"ECU","Ecuador","2016","13586.51608"
"ECU","Ecuador","2017","14179.15375"
"ECU","Ecuador","2018","14083.50700"
"ECU","Ecuador","2019","13870.48951"
"ECU","Ecuador","2020","12440.32637"
"ECU","Ecuador","2021","13507.44456"
"ECU","Ecuador","2022","14186.63885"
"ECU","Ecuador","2023","14321.16483"
"ECU","Ecuador","2024","13922.42228"
"ECU","Ecuador","2025","14319.24066"
"EGY","Egipto","1990","8006.62144"
"EGY","Egipto","1991","7876.55258"
"EGY","Egipto","1992","8034.56230"
"EGY","Egipto","1993","8079.05481"
"EGY","Egipto","1994","8221.04685"
"EGY","Egipto","1995","8423.57817"
"EGY","Egipto","1996","8662.33148"
"EGY","Egipto","1997","8950.65411"
"EGY","Egipto","1998","9245.47890"
"EGY","Egipto","1999","9588.85939"
"EGY","Egipto","2000","9981.62775"
"EGY","Egipto","2001","10117.33318"
"EGY","Egipto","2002","10143.50635"
"EGY","Egipto","2003","10250.37655"
"EGY","Egipto","2004","10451.82175"
"EGY","Egipto","2005","10700.60904"
"EGY","Egipto","2006","11211.83202"
"EGY","Egipto","2007","11782.00607"
"EGY","Egipto","2008","12391.58476"
"EGY","Egipto","2009","12728.08146"
"EGY","Egipto","2010","13128.98783"
"EGY","Egipto","2011","13082.42637"
"EGY","Egipto","2012","13076.80524"
"EGY","Egipto","2013","13058.07482"
"EGY","Egipto","2014","13136.36563"
"EGY","Egipto","2015","13425.91196"
"EGY","Egipto","2016","13727.32016"
"EGY","Egipto","2017","14018.36059"
"EGY","Egipto","2018","14488.20943"
"EGY","Egipto","2019","15026.56824"
"EGY","Egipto","2020","15309.23599"
"EGY","Egipto","2021","15579.01609"
"EGY","Egipto","2022","16360.39078"
"EGY","Egipto","2023","16691.38740"
"EGY","Egipto","2024","16798.15158"
"EGY","Egipto","2025","17265.14886"
"SLV","El Salvador","1990","5976.01763"
"SLV","El Salvador","1991","5960.05893"
"SLV","El Salvador","1992","6275.18767"
"SLV","El Salvador","1993","6553.07234"
"SLV","El Salvador","1994","6795.50609"
"SLV","El Salvador","1995","7057.92025"
"SLV","El Salvador","1996","7062.30008"
"SLV","El Salvador","1997","7234.94456"
"SLV","El Salvador","1998","7381.11460"
"SLV","El Salvador","1999","7498.46741"
"SLV","El Salvador","2000","7545.44796"
"SLV","El Salvador","2001","7580.32338"
"SLV","El Salvador","2002","7675.67106"
"SLV","El Salvador","2003","7780.27178"
"SLV","El Salvador","2004","7841.53238"
"SLV","El Salvador","2005","8050.53451"
"SLV","El Salvador","2006","8404.24675"
"SLV","El Salvador","2007","8548.83476"
"SLV","El Salvador","2008","8704.80585"
"SLV","El Salvador","2009","8494.49847"
"SLV","El Salvador","2010","8648.92983"
"SLV","El Salvador","2011","8945.93133"
"SLV","El Salvador","2012","9162.56213"
"SLV","El Salvador","2013","9329.46202"
"SLV","El Salvador","2014","9451.74461"
"SLV","El Salvador","2015","9646.15432"
"SLV","El Salvador","2016","9863.76121"
"SLV","El Salvador","2017","10064.79349"
"SLV","El Salvador","2018","10297.20361"
"SLV","El Salvador","2019","10543.93833"
"SLV","El Salvador","2020","9692.44932"
"SLV","El Salvador","2021","10809.71340"
"SLV","El Salvador","2022","11085.61662"
"SLV","El Salvador","2023","11404.33423"
"SLV","El Salvador","2024","11647.02345"
"SLV","El Salvador","2025","12050.02827"
"ARE","Emiratos Árabes Unidos","1990","111376.98437"
"ARE","Emiratos Árabes Unidos","1991","106266.15763"
"ARE","Emiratos Árabes Unidos","1992","104207.05913"
"ARE","Emiratos Árabes Unidos","1993","100422.83247"
"ARE","Emiratos Árabes Unidos","1994","102456.23994"
"ARE","Emiratos Árabes Unidos","1995","104527.84824"
"ARE","Emiratos Árabes Unidos","1996","103653.54271"
"ARE","Emiratos Árabes Unidos","1997","103392.37946"
"ARE","Emiratos Árabes Unidos","1998","96088.65873"
"ARE","Emiratos Árabes Unidos","1999","92047.61047"
"ARE","Emiratos Árabes Unidos","2000","95390.83289"
"ARE","Emiratos Árabes Unidos","2001","90750.32579"
"ARE","Emiratos Árabes Unidos","2002","87479.15454"
"ARE","Emiratos Árabes Unidos","2003","89828.49340"
"ARE","Emiratos Árabes Unidos","2004","93166.15689"
"ARE","Emiratos Árabes Unidos","2005","92750.92263"
"ARE","Emiratos Árabes Unidos","2006","94872.51213"
"ARE","Emiratos Árabes Unidos","2007","87180.60016"
"ARE","Emiratos Árabes Unidos","2008","80285.16131"
"ARE","Emiratos Árabes Unidos","2009","71488.96968"
"ARE","Emiratos Árabes Unidos","2010","70913.75693"
"ARE","Emiratos Árabes Unidos","2011","73190.40563"
"ARE","Emiratos Árabes Unidos","2012","73644.05499"
"ARE","Emiratos Árabes Unidos","2013","74237.20380"
"ARE","Emiratos Árabes Unidos","2014","74145.11754"
"ARE","Emiratos Árabes Unidos","2015","75238.55719"
"ARE","Emiratos Árabes Unidos","2016","75671.03686"
"ARE","Emiratos Árabes Unidos","2017","72529.04235"
"ARE","Emiratos Árabes Unidos","2018","72671.07873"
"ARE","Emiratos Árabes Unidos","2019","72822.94664"
"ARE","Emiratos Árabes Unidos","2020","66808.62093"
"ARE","Emiratos Árabes Unidos","2021","68580.13129"
"ARE","Emiratos Árabes Unidos","2022","70075.63837"
"ARE","Emiratos Árabes Unidos","2023","70239.83283"
"ARE","Emiratos Árabes Unidos","2024","69701.78584"
"SVK","Eslovaquia","1990","17521.02506"
"SVK","Eslovaquia","1991","14955.95421"
"SVK","Eslovaquia","1992","13946.16308"
"SVK","Eslovaquia","1993","14157.18144"
"SVK","Eslovaquia","1994","14976.57736"
"SVK","Eslovaquia","1995","15805.41333"
"SVK","Eslovaquia","1996","16737.17222"
"SVK","Eslovaquia","1997","17622.77975"
"SVK","Eslovaquia","1998","18272.52245"
"SVK","Eslovaquia","1999","18167.49572"
"SVK","Eslovaquia","2000","18335.68345"
"SVK","Eslovaquia","2001","18906.60143"
"SVK","Eslovaquia","2002","19748.93187"
"SVK","Eslovaquia","2003","20721.71281"
"SVK","Eslovaquia","2004","21842.95638"
"SVK","Eslovaquia","2005","23257.17585"
"SVK","Eslovaquia","2006","25331.87402"
"SVK","Eslovaquia","2007","28064.24573"
"SVK","Eslovaquia","2008","29544.09060"
"SVK","Eslovaquia","2009","27880.41112"
"SVK","Eslovaquia","2010","29745.91967"
"SVK","Eslovaquia","2011","30468.82570"
"SVK","Eslovaquia","2012","30894.31180"
"SVK","Eslovaquia","2013","31078.18482"
"SVK","Eslovaquia","2014","31888.80535"
"SVK","Eslovaquia","2015","33507.79136"
"SVK","Eslovaquia","2016","34116.45020"
"SVK","Eslovaquia","2017","35042.78589"
"SVK","Eslovaquia","2018","36415.79205"
"SVK","Eslovaquia","2019","37194.21045"
"SVK","Eslovaquia","2020","36201.48638"
"SVK","Eslovaquia","2021","38330.30274"
"SVK","Eslovaquia","2022","38648.98557"
"SVK","Eslovaquia","2023","39501.94742"
"SVK","Eslovaquia","2024","40302.45143"
"SVK","Eslovaquia","2025","40689.81796"
"SVN","Eslovenia","1990","25349.79772"
"SVN","Eslovenia","1991","23078.99295"
"SVN","Eslovenia","1992","21850.05710"
"SVN","Eslovenia","1993","22524.95919"
"SVN","Eslovenia","1994","23752.43772"
"SVN","Eslovenia","1995","24722.65692"
"SVN","Eslovenia","1996","25458.89667"
"SVN","Eslovenia","1997","26811.48732"
"SVN","Eslovenia","1998","27693.28274"
"SVN","Eslovenia","1999","29131.35061"
"SVN","Eslovenia","2000","30061.20619"
"SVN","Eslovenia","2001","30862.89599"
"SVN","Eslovenia","2002","31836.52157"
"SVN","Eslovenia","2003","32833.90460"
"SVN","Eslovenia","2004","34304.55650"
"SVN","Eslovenia","2005","35565.04272"
"SVN","Eslovenia","2006","37546.49561"
"SVN","Eslovenia","2007","40002.70190"
"SVN","Eslovenia","2008","41286.34625"
"SVN","Eslovenia","2009","37809.17355"
"SVN","Eslovenia","2010","38063.31468"
"SVN","Eslovenia","2011","38233.29056"
"SVN","Eslovenia","2012","37040.70827"
"SVN","Eslovenia","2013","36685.74966"
"SVN","Eslovenia","2014","37662.25599"
"SVN","Eslovenia","2015","38534.64374"
"SVN","Eslovenia","2016","39674.89316"
"SVN","Eslovenia","2017","41700.65109"
"SVN","Eslovenia","2018","43369.22195"
"SVN","Eslovenia","2019","44577.94186"
"SVN","Eslovenia","2020","42471.52280"
"SVN","Eslovenia","2021","45922.66326"
"SVN","Eslovenia","2022","47058.88660"
"SVN","Eslovenia","2023","47986.41959"
"SVN","Eslovenia","2024","48658.02652"
"SVN","Eslovenia","2025","49091.01844"
"ESP","España","1990","31773.22674"
"ESP","España","1991","32499.34814"
"ESP","España","1992","32641.08272"
"ESP","España","1993","32137.31384"
"ESP","España","1994","32746.92878"
"ESP","España","1995","33501.73142"
"ESP","España","1996","34232.37869"
"ESP","España","1997","35312.08629"
"ESP","España","1998","36679.09423"
"ESP","España","1999","38141.31688"
"ESP","España","2000","39945.89713"
"ESP","España","2001","41224.29241"
"ESP","España","2002","41766.03782"
"ESP","España","2003","42223.13017"
"ESP","España","2004","42793.39023"
"ESP","España","2005","43570.76526"
"ESP","España","2006","44572.68155"
"ESP","España","2007","45301.28434"
"ESP","España","2008","44926.34895"
"ESP","España","2009","42852.22089"
"ESP","España","2010","42695.52742"
"ESP","España","2011","42271.83468"
"ESP","España","2012","41034.04816"
"ESP","España","2013","40594.91401"
"ESP","España","2014","41339.41112"
"ESP","España","2015","43053.76143"
"ESP","España","2016","44274.66761"
"ESP","España","2017","45446.25086"
"ESP","España","2018","46325.20994"
"ESP","España","2019","46896.41711"
"ESP","España","2020","41553.44779"
"ESP","España","2021","44251.66582"
"ESP","España","2022","46733.48098"
"ESP","España","2023","47322.59370"
"ESP","España","2024","48460.29141"
"ESP","España","2025","49318.10556"
"USA","Estados Unidos","1990","44384.21019"
"USA","Estados Unidos","1991","43747.63074"
"USA","Estados Unidos","1992","44664.87359"
"USA","Estados Unidos","1993","45292.73807"
"USA","Estados Unidos","1994","46543.31992"
"USA","Estados Unidos","1995","47227.00833"
"USA","Estados Unidos","1996","48441.90611"
"USA","Estados Unidos","1997","49990.67407"
"USA","Estados Unidos","1998","51626.48383"
"USA","Estados Unidos","1999","53480.89700"
"USA","Estados Unidos","2000","55045.67453"
"USA","Estados Unidos","2001","55024.35428"
"USA","Estados Unidos","2002","55443.21994"
"USA","Estados Unidos","2003","56505.44688"
"USA","Estados Unidos","2004","58139.08202"
"USA","Estados Unidos","2005","59612.39072"
"USA","Estados Unidos","2006","60684.33998"
"USA","Estados Unidos","2007","61314.45208"
"USA","Estados Unidos","2008","60806.22387"
"USA","Estados Unidos","2009","58722.49677"
"USA","Estados Unidos","2010","59797.07365"
"USA","Estados Unidos","2011","60253.20358"
"USA","Estados Unidos","2012","61142.36370"
"USA","Estados Unidos","2013","61966.66214"
"USA","Estados Unidos","2014","63026.87792"
"USA","Estados Unidos","2015","64367.71889"
"USA","Estados Unidos","2016","65025.98560"
"USA","Estados Unidos","2017","66164.03200"
"USA","Estados Unidos","2018","67728.44249"
"USA","Estados Unidos","2019","69121.45800"
"USA","Estados Unidos","2020","67406.83113"
"USA","Estados Unidos","2021","71441.23198"
"USA","Estados Unidos","2022","72828.74309"
"USA","Estados Unidos","2023","74351.67182"
"USA","Estados Unidos","2024","75698.17734"
"USA","Estados Unidos","2025","76931.31070"
"SST","Estados pequeños","1990","12972.86961"
"SST","Estados pequeños","1991","12772.70701"
"SST","Estados pequeños","1992","12548.47850"
"SST","Estados pequeños","1993","12511.82966"
"SST","Estados pequeños","1994","12769.54293"
"SST","Estados pequeños","1995","13164.01251"
"SST","Estados pequeños","1996","13504.62648"
"SST","Estados pequeños","1997","14087.30485"
"SST","Estados pequeños","1998","14352.97838"
"SST","Estados pequeños","1999","14708.77036"
"SST","Estados pequeños","2000","15514.53638"
"SST","Estados pequeños","2001","15729.08541"
"SST","Estados pequeños","2002","16095.29532"
"SST","Estados pequeños","2003","16725.59801"
"SST","Estados pequeños","2004","17308.16195"
"SST","Estados pequeños","2005","17926.73619"
"SST","Estados pequeños","2006","18934.03398"
"SST","Estados pequeños","2007","19592.56395"
"SST","Estados pequeños","2008","19636.95501"
"SST","Estados pequeños","2009","18696.67405"
"SST","Estados pequeños","2010","19016.76593"
"SST","Estados pequeños","2011","19390.38082"
"SST","Estados pequeños","2012","19647.96432"
"SST","Estados pequeños","2013","19725.12924"
"SST","Estados pequeños","2014","19992.28380"
"SST","Estados pequeños","2015","20214.63068"
"SST","Estados pequeños","2016","20323.02922"
"SST","Estados pequeños","2017","20732.83850"
"SST","Estados pequeños","2018","21165.13709"
"SST","Estados pequeños","2019","21662.77398"
"SST","Estados pequeños","2020","20101.65031"
"SST","Estados pequeños","2021","21262.59482"
"SST","Estados pequeños","2022","22478.88453"
"SST","Estados pequeños","2023","23393.34668"
"SST","Estados pequeños","2024","24725.38958"
"SST","Estados pequeños","2025","25668.70541"
"EAS","Este de Asia y Pacífico","1990","5815.80021"
"EAS","Este de Asia y Pacífico","1991","6046.55264"
"EAS","Este de Asia y Pacífico","1992","6279.92913"
"EAS","Este de Asia y Pacífico","1993","6524.51466"
"EAS","Este de Asia y Pacífico","1994","6836.72715"
"EAS","Este de Asia y Pacífico","1995","7182.17201"
"EAS","Este de Asia y Pacífico","1996","7538.45959"
"EAS","Este de Asia y Pacífico","1997","7796.61483"
"EAS","Este de Asia y Pacífico","1998","7692.32587"
"EAS","Este de Asia y Pacífico","1999","7934.29252"
"EAS","Este de Asia y Pacífico","2000","8325.62082"
"EAS","Este de Asia y Pacífico","2001","8556.30560"
"EAS","Este de Asia y Pacífico","2002","8914.78214"
"EAS","Este de Asia y Pacífico","2003","9336.59014"
"EAS","Este de Asia y Pacífico","2004","9862.16263"
"EAS","Este de Asia y Pacífico","2005","10431.10950"
"EAS","Este de Asia y Pacífico","2006","11097.97399"
"EAS","Este de Asia y Pacífico","2007","11921.89673"
"EAS","Este de Asia y Pacífico","2008","12431.14823"
"EAS","Este de Asia y Pacífico","2009","12758.39508"
"EAS","Este de Asia y Pacífico","2010","13696.29478"
"EAS","Este de Asia y Pacífico","2011","14400.65904"
"EAS","Este de Asia y Pacífico","2012","15098.17828"
"EAS","Este de Asia y Pacífico","2013","15817.39417"
"EAS","Este de Asia y Pacífico","2014","16527.96519"
"EAS","Este de Asia y Pacífico","2015","17242.02819"
"EAS","Este de Asia y Pacífico","2016","17975.46814"
"EAS","Este de Asia y Pacífico","2017","18809.50749"
"EAS","Este de Asia y Pacífico","2018","19664.41721"
"EAS","Este de Asia y Pacífico","2019","20432.98043"
"EAS","Este de Asia y Pacífico","2020","20334.22538"
"EAS","Este de Asia y Pacífico","2021","21598.58476"
"EAS","Este de Asia y Pacífico","2022","22275.38756"
"EAS","Este de Asia y Pacífico","2023","23181.86029"
"EAS","Este de Asia y Pacífico","2024","24094.15942"
"EAS","Este de Asia y Pacífico","2025","25109.70880"
"TEA","Este de Asia y Pacífico (IDA y BIRF)","1990","2543.85696"
"TEA","Este de Asia y Pacífico (IDA y BIRF)","1991","2698.66598"
"TEA","Este de Asia y Pacífico (IDA y BIRF)","1992","2932.66503"
"TEA","Este de Asia y Pacífico (IDA y BIRF)","1993","3192.61002"
"TEA","Este de Asia y Pacífico (IDA y BIRF)","1994","3470.77309"
"TEA","Este de Asia y Pacífico (IDA y BIRF)","1995","3753.27792"
"TEA","Este de Asia y Pacífico (IDA y BIRF)","1996","4030.41199"
"TEA","Este de Asia y Pacífico (IDA y BIRF)","1997","4244.23739"
"TEA","Este de Asia y Pacífico (IDA y BIRF)","1998","4233.17759"
"TEA","Este de Asia y Pacífico (IDA y BIRF)","1999","4433.88242"
"TEA","Este de Asia y Pacífico (IDA y BIRF)","2000","4713.16956"
"TEA","Este de Asia y Pacífico (IDA y BIRF)","2001","4969.61453"
"TEA","Este de Asia y Pacífico (IDA y BIRF)","2002","5304.26397"
"TEA","Este de Asia y Pacífico (IDA y BIRF)","2003","5708.77107"
"TEA","Este de Asia y Pacífico (IDA y BIRF)","2004","6155.36986"
"TEA","Este de Asia y Pacífico (IDA y BIRF)","2005","6679.74546"
"TEA","Este de Asia y Pacífico (IDA y BIRF)","2006","7309.54902"
"TEA","Este de Asia y Pacífico (IDA y BIRF)","2007","8093.65314"
"TEA","Este de Asia y Pacífico (IDA y BIRF)","2008","8684.60618"
"TEA","Este de Asia y Pacífico (IDA y BIRF)","2009","9251.92190"
"TEA","Este de Asia y Pacífico (IDA y BIRF)","2010","10056.96444"
"TEA","Este de Asia y Pacífico (IDA y BIRF)","2011","10788.85967"
"TEA","Este de Asia y Pacífico (IDA y BIRF)","2012","11489.37180"
"TEA","Este de Asia y Pacífico (IDA y BIRF)","2013","12195.41086"
"TEA","Este de Asia y Pacífico (IDA y BIRF)","2014","12914.30234"
"TEA","Este de Asia y Pacífico (IDA y BIRF)","2015","13646.38124"
"TEA","Este de Asia y Pacífico (IDA y BIRF)","2016","14404.65696"
"TEA","Este de Asia y Pacífico (IDA y BIRF)","2017","15229.71692"
"TEA","Este de Asia y Pacífico (IDA y BIRF)","2018","16103.86189"
"TEA","Este de Asia y Pacífico (IDA y BIRF)","2019","16941.94719"
"TEA","Este de Asia y Pacífico (IDA y BIRF)","2020","17004.80725"
"TEA","Este de Asia y Pacífico (IDA y BIRF)","2021","18167.40092"
"TEA","Este de Asia y Pacífico (IDA y BIRF)","2022","18808.93834"
"TEA","Este de Asia y Pacífico (IDA y BIRF)","2023","19743.11122"
"TEA","Este de Asia y Pacífico (IDA y BIRF)","2024","20684.22657"
"TEA","Este de Asia y Pacífico (IDA y BIRF)","2025","21676.79368"
"EAP","Este de Asia y Pacífico (excluyendo Países de Altos Ingresos)","1990","2513.14877"
"EAP","Este de Asia y Pacífico (excluyendo Países de Altos Ingresos)","1991","2666.15848"
"EAP","Este de Asia y Pacífico (excluyendo Países de Altos Ingresos)","1992","2897.38055"
"EAP","Este de Asia y Pacífico (excluyendo Países de Altos Ingresos)","1993","3154.22243"
"EAP","Este de Asia y Pacífico (excluyendo Países de Altos Ingresos)","1994","3429.01430"
"EAP","Este de Asia y Pacífico (excluyendo Países de Altos Ingresos)","1995","3708.17881"
"EAP","Este de Asia y Pacífico (excluyendo Países de Altos Ingresos)","1996","3982.14753"
"EAP","Este de Asia y Pacífico (excluyendo Países de Altos Ingresos)","1997","4193.60794"
"EAP","Este de Asia y Pacífico (excluyendo Países de Altos Ingresos)","1998","4182.86611"
"EAP","Este de Asia y Pacífico (excluyendo Países de Altos Ingresos)","1999","4381.37968"
"EAP","Este de Asia y Pacífico (excluyendo Países de Altos Ingresos)","2000","4657.55913"
"EAP","Este de Asia y Pacífico (excluyendo Países de Altos Ingresos)","2001","4911.18611"
"EAP","Este de Asia y Pacífico (excluyendo Países de Altos Ingresos)","2002","5242.15465"
"EAP","Este de Asia y Pacífico (excluyendo Países de Altos Ingresos)","2003","5642.12208"
"EAP","Este de Asia y Pacífico (excluyendo Países de Altos Ingresos)","2004","6083.62646"
"EAP","Este de Asia y Pacífico (excluyendo Países de Altos Ingresos)","2005","6602.09453"
"EAP","Este de Asia y Pacífico (excluyendo Países de Altos Ingresos)","2006","7224.84832"
"EAP","Este de Asia y Pacífico (excluyendo Países de Altos Ingresos)","2007","8000.20286"
"EAP","Este de Asia y Pacífico (excluyendo Países de Altos Ingresos)","2008","8584.68636"
"EAP","Este de Asia y Pacífico (excluyendo Países de Altos Ingresos)","2009","9145.84848"
"EAP","Este de Asia y Pacífico (excluyendo Países de Altos Ingresos)","2010","9942.07092"
"EAP","Este de Asia y Pacífico (excluyendo Países de Altos Ingresos)","2011","10666.07057"
"EAP","Este de Asia y Pacífico (excluyendo Países de Altos Ingresos)","2012","11359.21980"
"EAP","Este de Asia y Pacífico (excluyendo Países de Altos Ingresos)","2013","12057.87496"
"EAP","Este de Asia y Pacífico (excluyendo Países de Altos Ingresos)","2014","12769.19816"
"EAP","Este de Asia y Pacífico (excluyendo Países de Altos Ingresos)","2015","13493.52431"
"EAP","Este de Asia y Pacífico (excluyendo Países de Altos Ingresos)","2016","14243.79643"
"EAP","Este de Asia y Pacífico (excluyendo Países de Altos Ingresos)","2017","15060.22329"
"EAP","Este de Asia y Pacífico (excluyendo Países de Altos Ingresos)","2018","15925.06238"
"EAP","Este de Asia y Pacífico (excluyendo Países de Altos Ingresos)","2019","16754.14337"
"EAP","Este de Asia y Pacífico (excluyendo Países de Altos Ingresos)","2020","16816.47218"
"EAP","Este de Asia y Pacífico (excluyendo Países de Altos Ingresos)","2021","17966.10021"
"EAP","Este de Asia y Pacífico (excluyendo Países de Altos Ingresos)","2022","18600.23198"
"EAP","Este de Asia y Pacífico (excluyendo Países de Altos Ingresos)","2023","19523.67464"
"EAP","Este de Asia y Pacífico (excluyendo Países de Altos Ingresos)","2024","20453.97235"
"EAP","Este de Asia y Pacífico (excluyendo Países de Altos Ingresos)","2025","21435.10822"
"EST","Estonia","1990","19161.44516"
"EST","Estonia","1991","17717.30523"
"EST","Estonia","1992","14223.90757"
"EST","Estonia","1993","13757.01556"
"EST","Estonia","1994","13823.55660"
"EST","Estonia","1995","14709.59981"
"EST","Estonia","1996","15666.13305"
"EST","Estonia","1997","17913.78700"
"EST","Estonia","1998","18871.61968"
"EST","Estonia","1999","18736.15453"
"EST","Estonia","2000","20526.66064"
"EST","Estonia","2001","21872.65940"
"EST","Estonia","2002","23537.71568"
"EST","Estonia","2003","25485.16130"
"EST","Estonia","2004","27381.53506"
"EST","Estonia","2005","30161.19961"
"EST","Estonia","2006","33301.49455"
"EST","Estonia","2007","35986.51613"
"EST","Estonia","2008","34233.76438"
"EST","Estonia","2009","29281.67983"
"EST","Estonia","2010","30067.50104"
"EST","Estonia","2011","32453.10085"
"EST","Estonia","2012","33765.43021"
"EST","Estonia","2013","34481.01489"
"EST","Estonia","2014","35720.30253"
"EST","Estonia","2015","36353.05805"
"EST","Estonia","2016","37466.55618"
"EST","Estonia","2017","39529.78597"
"EST","Estonia","2018","40849.84735"
"EST","Estonia","2019","42215.03438"
"EST","Estonia","2020","40916.71941"
"EST","Estonia","2021","44247.41990"
"EST","Estonia","2022","43124.61966"
"EST","Estonia","2023","41284.77469"
"EST","Estonia","2024","41185.83484"
"EST","Estonia","2025","41604.32266"
"SWZ","Eswatini","1990","5447.73900"
"SWZ","Eswatini","1991","5325.35246"
"SWZ","Eswatini","1992","5291.89629"
"SWZ","Eswatini","1993","5299.53230"
"SWZ","Eswatini","1994","5427.35002"
"SWZ","Eswatini","1995","5693.82195"
"SWZ","Eswatini","1996","5796.65255"
"SWZ","Eswatini","1997","5876.80342"
"SWZ","Eswatini","1998","5952.85423"
"SWZ","Eswatini","1999","6062.34806"
"SWZ","Eswatini","2000","6106.07479"
"SWZ","Eswatini","2001","6135.45300"
"SWZ","Eswatini","2002","6335.81352"
"SWZ","Eswatini","2003","6578.30153"
"SWZ","Eswatini","2004","6775.22174"
"SWZ","Eswatini","2005","7142.19219"
"SWZ","Eswatini","2006","7584.72031"
"SWZ","Eswatini","2007","7866.73073"
"SWZ","Eswatini","2008","7926.37961"
"SWZ","Eswatini","2009","7988.59750"
"SWZ","Eswatini","2010","8245.64153"
"SWZ","Eswatini","2011","8350.89191"
"SWZ","Eswatini","2012","8645.84478"
"SWZ","Eswatini","2013","8951.05750"
"SWZ","Eswatini","2014","9084.49406"
"SWZ","Eswatini","2015","9186.65345"
"SWZ","Eswatini","2016","9402.50834"
"SWZ","Eswatini","2017","9660.55162"
"SWZ","Eswatini","2018","9578.10061"
"SWZ","Eswatini","2019","10099.58631"
"SWZ","Eswatini","2020","9695.82498"
"SWZ","Eswatini","2021","9990.43492"
"SWZ","Eswatini","2022","9927.60567"
"SWZ","Eswatini","2023","10181.50407"
"SWZ","Eswatini","2024","10386.21457"
"SWZ","Eswatini","2025","10706.77780"
"ETH","Etiopía","1990","874.34694"
"ETH","Etiopía","1991","777.52357"
"ETH","Etiopía","1992","680.83477"
"ETH","Etiopía","1993","743.70849"
"ETH","Etiopía","1994","741.17662"
"ETH","Etiopía","1995","760.26435"
"ETH","Etiopía","1996","826.99166"
"ETH","Etiopía","1997","826.00522"
"ETH","Etiopía","1998","772.78665"
"ETH","Etiopía","1999","787.67958"
"ETH","Etiopía","2000","810.27075"
"ETH","Etiopía","2001","851.31343"
"ETH","Etiopía","2002","838.29805"
"ETH","Etiopía","2003","795.77214"
"ETH","Etiopía","2004","877.11449"
"ETH","Etiopía","2005","952.11567"
"ETH","Etiopía","2006","1024.72912"
"ETH","Etiopía","2007","1109.14330"
"ETH","Etiopía","2008","1193.74728"
"ETH","Etiopía","2009","1262.46398"
"ETH","Etiopía","2010","1381.19045"
"ETH","Etiopía","2011","1492.53396"
"ETH","Etiopía","2012","1576.76876"
"ETH","Etiopía","2013","1696.86516"
"ETH","Etiopía","2014","1821.39162"
"ETH","Etiopía","2015","1957.41454"
"ETH","Etiopía","2016","2084.84056"
"ETH","Etiopía","2017","2222.82824"
"ETH","Etiopía","2018","2311.16512"
"ETH","Etiopía","2019","2437.97046"
"ETH","Etiopía","2020","2516.54908"
"ETH","Etiopía","2021","2588.41310"
"ETH","Etiopía","2022","2655.59277"
"ETH","Etiopía","2023","2757.95924"
"ETH","Etiopía","2024","2892.22220"
"ETH","Etiopía","2025","3094.86812"
"CEB","Europa Central y Bálticos","1990","17293.64745"
"CEB","Europa Central y Bálticos","1991","15451.86518"
"CEB","Europa Central y Bálticos","1992","14722.75847"
"CEB","Europa Central y Bálticos","1993","14768.68859"
"CEB","Europa Central y Bálticos","1994","15310.97089"
"CEB","Europa Central y Bálticos","1995","16209.30161"
"CEB","Europa Central y Bálticos","1996","16972.37292"
"CEB","Europa Central y Bálticos","1997","17271.81841"
"CEB","Europa Central y Bálticos","1998","17726.78051"
"CEB","Europa Central y Bálticos","1999","18053.41123"
"CEB","Europa Central y Bálticos","2000","18866.99261"
"CEB","Europa Central y Bálticos","2001","19591.11926"
"CEB","Europa Central y Bálticos","2002","20437.61817"
"CEB","Europa Central y Bálticos","2003","21307.51261"
"CEB","Europa Central y Bálticos","2004","22665.94827"
"CEB","Europa Central y Bálticos","2005","23837.25132"
"CEB","Europa Central y Bálticos","2006","25490.68655"
"CEB","Europa Central y Bálticos","2007","27204.81882"
"CEB","Europa Central y Bálticos","2008","28468.39309"
"CEB","Europa Central y Bálticos","2009","27511.52334"
"CEB","Europa Central y Bálticos","2010","27957.90070"
"CEB","Europa Central y Bálticos","2011","29052.87670"
"CEB","Europa Central y Bálticos","2012","29385.57930"
"CEB","Europa Central y Bálticos","2013","29678.10640"
"CEB","Europa Central y Bálticos","2014","30740.91910"
"CEB","Europa Central y Bálticos","2015","32053.97536"
"CEB","Europa Central y Bálticos","2016","33063.12999"
"CEB","Europa Central y Bálticos","2017","34898.59933"
"CEB","Europa Central y Bálticos","2018","36731.09623"
"CEB","Europa Central y Bálticos","2019","38302.00575"
"CEB","Europa Central y Bálticos","2020","37280.02010"
"CEB","Europa Central y Bálticos","2021","40122.36096"
"CEB","Europa Central y Bálticos","2022","41833.70578"
"CEB","Europa Central y Bálticos","2023","42113.89053"
"CEB","Europa Central y Bálticos","2024","43043.89456"
"CEB","Europa Central y Bálticos","2025","44160.92640"
"ECS","Europa y Asia Central","1990","28257.15250"
"ECS","Europa y Asia Central","1991","27767.28816"
"ECS","Europa y Asia Central","1992","26853.55729"
"ECS","Europa y Asia Central","1993","26210.34922"
"ECS","Europa y Asia Central","1994","25912.85280"
"ECS","Europa y Asia Central","1995","26271.07608"
"ECS","Europa y Asia Central","1996","26569.14264"
"ECS","Europa y Asia Central","1997","27276.21448"
"ECS","Europa y Asia Central","1998","27765.46011"
"ECS","Europa y Asia Central","1999","28544.07231"
"ECS","Europa y Asia Central","2000","29894.20446"
"ECS","Europa y Asia Central","2001","30618.86270"
"ECS","Europa y Asia Central","2002","31205.06668"
"ECS","Europa y Asia Central","2003","31923.95293"
"ECS","Europa y Asia Central","2004","33095.65320"
"ECS","Europa y Asia Central","2005","34097.24208"
"ECS","Europa y Asia Central","2006","35577.26380"
"ECS","Europa y Asia Central","2007","37062.80368"
"ECS","Europa y Asia Central","2008","37541.02895"
"ECS","Europa y Asia Central","2009","35593.62899"
"ECS","Europa y Asia Central","2010","36489.06869"
"ECS","Europa y Asia Central","2011","37429.43906"
"ECS","Europa y Asia Central","2012","37554.90303"
"ECS","Europa y Asia Central","2013","37826.09350"
"ECS","Europa y Asia Central","2014","38307.72529"
"ECS","Europa y Asia Central","2015","38753.90332"
"ECS","Europa y Asia Central","2016","39278.91714"
"ECS","Europa y Asia Central","2017","40335.42886"
"ECS","Europa y Asia Central","2018","41177.73396"
"ECS","Europa y Asia Central","2019","41861.07818"
"ECS","Europa y Asia Central","2020","39782.37281"
"ECS","Europa y Asia Central","2021","42434.04548"
"ECS","Europa y Asia Central","2022","43537.48826"
"ECS","Europa y Asia Central","2023","44220.82512"
"ECS","Europa y Asia Central","2024","44981.31929"
"ECS","Europa y Asia Central","2025","45607.93877"
"TEC","Europa y Asia Central (IDA y BIRF)","1990","19345.02519"
"TEC","Europa y Asia Central (IDA y BIRF)","1991","18058.64776"
"TEC","Europa y Asia Central (IDA y BIRF)","1992","16059.68393"
"TEC","Europa y Asia Central (IDA y BIRF)","1993","14987.69757"
"TEC","Europa y Asia Central (IDA y BIRF)","1994","13410.46989"
"TEC","Europa y Asia Central (IDA y BIRF)","1995","13158.82697"
"TEC","Europa y Asia Central (IDA y BIRF)","1996","13085.55157"
"TEC","Europa y Asia Central (IDA y BIRF)","1997","13361.28091"
"TEC","Europa y Asia Central (IDA y BIRF)","1998","13174.64864"
"TEC","Europa y Asia Central (IDA y BIRF)","1999","13555.58717"
"TEC","Europa y Asia Central (IDA y BIRF)","2000","14595.07111"
"TEC","Europa y Asia Central (IDA y BIRF)","2001","15131.06519"
"TEC","Europa y Asia Central (IDA y BIRF)","2002","15899.59742"
"TEC","Europa y Asia Central (IDA y BIRF)","2003","16935.55383"
"TEC","Europa y Asia Central (IDA y BIRF)","2004","18285.87671"
"TEC","Europa y Asia Central (IDA y BIRF)","2005","19454.13364"
"TEC","Europa y Asia Central (IDA y BIRF)","2006","20994.70763"
"TEC","Europa y Asia Central (IDA y BIRF)","2007","22657.13494"
"TEC","Europa y Asia Central (IDA y BIRF)","2008","23653.99095"
"TEC","Europa y Asia Central (IDA y BIRF)","2009","22249.69504"
"TEC","Europa y Asia Central (IDA y BIRF)","2010","23167.22076"
"TEC","Europa y Asia Central (IDA y BIRF)","2011","24330.25406"
"TEC","Europa y Asia Central (IDA y BIRF)","2012","25017.56473"
"TEC","Europa y Asia Central (IDA y BIRF)","2013","25612.57727"
"TEC","Europa y Asia Central (IDA y BIRF)","2014","25858.16559"
"TEC","Europa y Asia Central (IDA y BIRF)","2015","25834.81732"
"TEC","Europa y Asia Central (IDA y BIRF)","2016","26118.77737"
"TEC","Europa y Asia Central (IDA y BIRF)","2017","27008.55065"
"TEC","Europa y Asia Central (IDA y BIRF)","2018","27881.02625"
"TEC","Europa y Asia Central (IDA y BIRF)","2019","28540.73870"
"TEC","Europa y Asia Central (IDA y BIRF)","2020","27962.52378"
"TEC","Europa y Asia Central (IDA y BIRF)","2021","29918.46507"
"TEC","Europa y Asia Central (IDA y BIRF)","2022","30179.78709"
"TEC","Europa y Asia Central (IDA y BIRF)","2023","31509.90611"
"TEC","Europa y Asia Central (IDA y BIRF)","2024","32713.01527"
"TEC","Europa y Asia Central (IDA y BIRF)","2025","33366.18907"
"ECA","Europa y Asia Central (excluyendo Países de Altos Ingresos)","1990","13647.52186"
"ECA","Europa y Asia Central (excluyendo Países de Altos Ingresos)","1991","12680.11836"
"ECA","Europa y Asia Central (excluyendo Países de Altos Ingresos)","1992","11661.19097"
"ECA","Europa y Asia Central (excluyendo Países de Altos Ingresos)","1993","10874.03629"
"ECA","Europa y Asia Central (excluyendo Países de Altos Ingresos)","1994","9361.84636"
"ECA","Europa y Asia Central (excluyendo Países de Altos Ingresos)","1995","9084.05137"
"ECA","Europa y Asia Central (excluyendo Países de Altos Ingresos)","1996","9138.66664"
"ECA","Europa y Asia Central (excluyendo Países de Altos Ingresos)","1997","9480.64494"
"ECA","Europa y Asia Central (excluyendo Países de Altos Ingresos)","1998","9612.48741"
"ECA","Europa y Asia Central (excluyendo Países de Altos Ingresos)","1999","9523.09026"
"ECA","Europa y Asia Central (excluyendo Países de Altos Ingresos)","2000","10114.31220"
"ECA","Europa y Asia Central (excluyendo Países de Altos Ingresos)","2001","10283.06691"
"ECA","Europa y Asia Central (excluyendo Países de Altos Ingresos)","2002","10877.31489"
"ECA","Europa y Asia Central (excluyendo Países de Altos Ingresos)","2003","11606.55553"
"ECA","Europa y Asia Central (excluyendo Países de Altos Ingresos)","2004","12698.53107"
"ECA","Europa y Asia Central (excluyendo Países de Altos Ingresos)","2005","13619.10254"
"ECA","Europa y Asia Central (excluyendo Países de Altos Ingresos)","2006","14697.18589"
"ECA","Europa y Asia Central (excluyendo Países de Altos Ingresos)","2007","15787.69555"
"ECA","Europa y Asia Central (excluyendo Países de Altos Ingresos)","2008","16210.05045"
"ECA","Europa y Asia Central (excluyendo Países de Altos Ingresos)","2009","15297.08346"
"ECA","Europa y Asia Central (excluyendo Países de Altos Ingresos)","2010","16161.72107"
"ECA","Europa y Asia Central (excluyendo Países de Altos Ingresos)","2011","17230.78210"
"ECA","Europa y Asia Central (excluyendo Países de Altos Ingresos)","2012","17669.01657"
"ECA","Europa y Asia Central (excluyendo Países de Altos Ingresos)","2013","18466.62278"
"ECA","Europa y Asia Central (excluyendo Países de Altos Ingresos)","2014","18576.95839"
"ECA","Europa y Asia Central (excluyendo Países de Altos Ingresos)","2015","18721.73820"
"ECA","Europa y Asia Central (excluyendo Países de Altos Ingresos)","2016","19031.74093"
"ECA","Europa y Asia Central (excluyendo Países de Altos Ingresos)","2017","19877.84025"
"ECA","Europa y Asia Central (excluyendo Países de Altos Ingresos)","2018","20447.44025"
"ECA","Europa y Asia Central (excluyendo Países de Altos Ingresos)","2019","20830.97901"
"ECA","Europa y Asia Central (excluyendo Países de Altos Ingresos)","2020","20592.41606"
"ECA","Europa y Asia Central (excluyendo Países de Altos Ingresos)","2021","22179.17686"
"ECA","Europa y Asia Central (excluyendo Países de Altos Ingresos)","2022","22334.44434"
"ECA","Europa y Asia Central (excluyendo Países de Altos Ingresos)","2023","23625.92361"
"ECA","Europa y Asia Central (excluyendo Países de Altos Ingresos)","2024","24430.21752"
"ECA","Europa y Asia Central (excluyendo Países de Altos Ingresos)","2025","25132.83057"
"EMU","Eurozona","1990","37247.39118"
"EMU","Eurozona","1991","37879.57435"
"EMU","Eurozona","1992","38062.38563"
"EMU","Eurozona","1993","37627.58901"
"EMU","Eurozona","1994","38450.14136"
"EMU","Eurozona","1995","39321.78795"
"EMU","Eurozona","1996","39943.87471"
"EMU","Eurozona","1997","40911.60605"
"EMU","Eurozona","1998","42064.61422"
"EMU","Eurozona","1999","43176.61458"
"EMU","Eurozona","2000","44733.65476"
"EMU","Eurozona","2001","45611.96211"
"EMU","Eurozona","2002","45891.25090"
"EMU","Eurozona","2003","46049.34779"
"EMU","Eurozona","2004","46891.96550"
"EMU","Eurozona","2005","47524.46051"
"EMU","Eurozona","2006","48915.15255"
"EMU","Eurozona","2007","50167.59260"
"EMU","Eurozona","2008","50163.90121"
"EMU","Eurozona","2009","47740.29733"
"EMU","Eurozona","2010","48591.05579"
"EMU","Eurozona","2011","49493.92214"
"EMU","Eurozona","2012","48904.11612"
"EMU","Eurozona","2013","48741.86545"
"EMU","Eurozona","2014","49365.14353"
"EMU","Eurozona","2015","50293.90788"
"EMU","Eurozona","2016","51089.95708"
"EMU","Eurozona","2017","52337.91350"
"EMU","Eurozona","2018","53176.63689"
"EMU","Eurozona","2019","53928.46848"
"EMU","Eurozona","2020","50532.29277"
"EMU","Eurozona","2021","53780.95957"
"EMU","Eurozona","2022","55638.64079"
"EMU","Eurozona","2023","55706.28161"
"EMU","Eurozona","2024","56054.09773"
"EMU","Eurozona","2025","56676.72628"
"FJI","Fiji","1990","7820.71719"
"FJI","Fiji","1991","7547.67823"
"FJI","Fiji","1992","7950.06641"
"FJI","Fiji","1993","8067.80452"
"FJI","Fiji","1994","8432.29830"
"FJI","Fiji","1995","8600.09282"
"FJI","Fiji","1996","8956.35015"
"FJI","Fiji","1997","8669.25171"
"FJI","Fiji","1998","8673.87812"
"FJI","Fiji","1999","9328.60660"
"FJI","Fiji","2000","9070.99318"
"FJI","Fiji","2001","9157.80845"
"FJI","Fiji","2002","9357.75383"
"FJI","Fiji","2003","9361.46417"
"FJI","Fiji","2004","9766.52775"
"FJI","Fiji","2005","9745.58144"
"FJI","Fiji","2006","9837.08587"
"FJI","Fiji","2007","9672.29020"
"FJI","Fiji","2008","9711.96604"
"FJI","Fiji","2009","9536.81722"
"FJI","Fiji","2010","9784.30360"
"FJI","Fiji","2011","10020.69575"
"FJI","Fiji","2012","10140.69359"
"FJI","Fiji","2013","10604.15591"
"FJI","Fiji","2014","11183.31353"
"FJI","Fiji","2015","11674.06337"
"FJI","Fiji","2016","11951.91967"
"FJI","Fiji","2017","12597.32749"
"FJI","Fiji","2018","13100.09594"
"FJI","Fiji","2019","13056.33109"
"FJI","Fiji","2020","10812.03550"
"FJI","Fiji","2021","10322.42796"
"FJI","Fiji","2022","12118.31827"
"FJI","Fiji","2023","13194.80476"
"FJI","Fiji","2024","13592.46359"
"FJI","Fiji","2025","13961.11837"
"PHL","Filipinas","1990","4504.46230"
"PHL","Filipinas","1991","4378.39532"
"PHL","Filipinas","1992","4293.71810"
"PHL","Filipinas","1993","4283.15968"
"PHL","Filipinas","1994","4374.06722"
"PHL","Filipinas","1995","4477.32318"
"PHL","Filipinas","1996","4631.77198"
"PHL","Filipinas","1997","4758.70846"
"PHL","Filipinas","1998","4616.67293"
"PHL","Filipinas","1999","4650.75927"
"PHL","Filipinas","2000","4740.43892"
"PHL","Filipinas","2001","4778.40084"
"PHL","Filipinas","2002","4856.49948"
"PHL","Filipinas","2003","5003.38318"
"PHL","Filipinas","2004","5229.45081"
"PHL","Filipinas","2005","5386.81654"
"PHL","Filipinas","2006","5578.57225"
"PHL","Filipinas","2007","5840.06810"
"PHL","Filipinas","2008","5987.03758"
"PHL","Filipinas","2009","5965.30731"
"PHL","Filipinas","2010","6273.03928"
"PHL","Filipinas","2011","6388.31297"
"PHL","Filipinas","2012","6697.55621"
"PHL","Filipinas","2013","7016.53846"
"PHL","Filipinas","2014","7340.36159"
"PHL","Filipinas","2015","7691.76309"
"PHL","Filipinas","2016","8131.82538"
"PHL","Filipinas","2017","8584.13623"
"PHL","Filipinas","2018","9016.28660"
"PHL","Filipinas","2019","9452.29397"
"PHL","Filipinas","2020","8455.18457"
"PHL","Filipinas","2021","8857.78995"
"PHL","Filipinas","2022","9457.10395"
"PHL","Filipinas","2023","9898.53295"
"PHL","Filipinas","2024","10378.17177"
"PHL","Filipinas","2025","10747.54544"
"FIN","Finlandia","1990","38807.11852"
"FIN","Finlandia","1991","36326.08289"
"FIN","Finlandia","1992","34926.38336"
"FIN","Finlandia","1993","34486.75226"
"FIN","Finlandia","1994","35699.72031"
"FIN","Finlandia","1995","37069.62898"
"FIN","Finlandia","1996","38301.51262"
"FIN","Finlandia","1997","40630.92177"
"FIN","Finlandia","1998","42733.44557"
"FIN","Finlandia","1999","44505.71148"
"FIN","Finlandia","2000","46968.84171"
"FIN","Finlandia","2001","48099.30143"
"FIN","Finlandia","2002","48792.48648"
"FIN","Finlandia","2003","49655.54516"
"FIN","Finlandia","2004","51494.70586"
"FIN","Finlandia","2005","52744.04803"
"FIN","Finlandia","2006","54653.98120"
"FIN","Finlandia","2007","57313.29165"
"FIN","Finlandia","2008","57494.58535"
"FIN","Finlandia","2009","52599.14871"
"FIN","Finlandia","2010","54017.94586"
"FIN","Finlandia","2011","55053.39069"
"FIN","Finlandia","2012","53957.66810"
"FIN","Finlandia","2013","53183.42867"
"FIN","Finlandia","2014","52710.73349"
"FIN","Finlandia","2015","52782.48739"
"FIN","Finlandia","2016","53984.63163"
"FIN","Finlandia","2017","55637.22628"
"FIN","Finlandia","2018","56226.33724"
"FIN","Finlandia","2019","56922.48732"
"FIN","Finlandia","2020","55424.85750"
"FIN","Finlandia","2021","56790.37662"
"FIN","Finlandia","2022","57068.30565"
"FIN","Finlandia","2023","56051.77011"
"FIN","Finlandia","2024","55901.32023"
"FIN","Finlandia","2025","55735.21749"
"FRA","Francia","1990","38655.88568"
"FRA","Francia","1991","38937.95225"
"FRA","Francia","1992","39331.90419"
"FRA","Francia","1993","39020.61416"
"FRA","Francia","1994","39801.38890"
"FRA","Francia","1995","40570.71696"
"FRA","Francia","1996","40990.73951"
"FRA","Francia","1997","41876.93303"
"FRA","Francia","1998","43162.54239"
"FRA","Francia","1999","44400.13579"
"FRA","Francia","2000","45922.47894"
"FRA","Francia","2001","46454.87069"
"FRA","Francia","2002","46610.78207"
"FRA","Francia","2003","46730.97581"
"FRA","Francia","2004","47720.44134"
"FRA","Francia","2005","48257.46509"
"FRA","Francia","2006","49223.24720"
"FRA","Francia","2007","50157.78375"
"FRA","Francia","2008","50068.29691"
"FRA","Francia","2009","48404.96578"
"FRA","Francia","2010","49130.42294"
"FRA","Francia","2011","50085.68298"
"FRA","Francia","2012","49935.62691"
"FRA","Francia","2013","50066.53043"
"FRA","Francia","2014","50326.56786"
"FRA","Francia","2015","50682.89536"
"FRA","Francia","2016","50984.07530"
"FRA","Francia","2017","51895.56630"
"FRA","Francia","2018","52560.95362"
"FRA","Francia","2019","53448.55488"
"FRA","Francia","2020","49311.33341"
"FRA","Francia","2021","52517.33549"
"FRA","Francia","2022","53673.81374"
"FRA","Francia","2023","54296.72309"
"FRA","Francia","2024","54799.34827"
"FRA","Francia","2025","55124.53926"
"GAB","Gabón","1990","23884.81070"
"GAB","Gabón","1991","24665.67923"
"GAB","Gabón","1992","23268.99747"
"GAB","Gabón","1993","23551.68125"
"GAB","Gabón","1994","23794.31493"
"GAB","Gabón","1995","24344.18574"
"GAB","Gabón","1996","24595.97196"
"GAB","Gabón","1997","25359.65966"
"GAB","Gabón","1998","25585.50780"
"GAB","Gabón","1999","22713.71444"
"GAB","Gabón","2000","21717.22408"
"GAB","Gabón","2001","21604.78044"
"GAB","Gabón","2002","20981.47986"
"GAB","Gabón","2003","20875.45493"
"GAB","Gabón","2004","20438.93071"
"GAB","Gabón","2005","20385.28999"
"GAB","Gabón","2006","19224.12687"
"GAB","Gabón","2007","19751.87622"
"GAB","Gabón","2008","18493.09211"
"GAB","Gabón","2009","17911.14585"
"GAB","Gabón","2010","18530.57609"
"GAB","Gabón","2011","19153.08782"
"GAB","Gabón","2012","19450.40271"
"GAB","Gabón","2013","19836.45549"
"GAB","Gabón","2014","20008.98998"
"GAB","Gabón","2015","20147.71162"
"GAB","Gabón","2016","19988.17560"
"GAB","Gabón","2017","19555.70788"
"GAB","Gabón","2018","19225.59826"
"GAB","Gabón","2019","19491.40676"
"GAB","Gabón","2020","18681.48407"
"GAB","Gabón","2021","18523.57980"
"GAB","Gabón","2022","18662.04980"
"GAB","Gabón","2023","18701.42278"
"GAB","Gabón","2024","18923.66166"
"GAB","Gabón","2025","18986.47388"
"GMB","Gambia","1990","2653.78291"
"GMB","Gambia","1991","2623.64162"
"GMB","Gambia","1992","2604.26903"
"GMB","Gambia","1993","2586.13042"
"GMB","Gambia","1994","2508.10392"
"GMB","Gambia","1995","2456.00078"
"GMB","Gambia","1996","2439.04552"
"GMB","Gambia","1997","2486.93798"
"GMB","Gambia","1998","2502.76477"
"GMB","Gambia","1999","2589.97774"
"GMB","Gambia","2000","2658.61771"
"GMB","Gambia","2001","2737.69611"
"GMB","Gambia","2002","2578.55715"
"GMB","Gambia","2003","2682.47993"
"GMB","Gambia","2004","2794.19353"
"GMB","Gambia","2005","2653.64239"
"GMB","Gambia","2006","2564.68654"
"GMB","Gambia","2007","2567.15729"
"GMB","Gambia","2008","2649.61120"
"GMB","Gambia","2009","2745.32541"
"GMB","Gambia","2010","2824.21259"
"GMB","Gambia","2011","2519.83983"
"GMB","Gambia","2012","2574.93510"
"GMB","Gambia","2013","2572.44729"
"GMB","Gambia","2014","2465.10971"
"GMB","Gambia","2015","2495.95742"
"GMB","Gambia","2016","2478.46056"
"GMB","Gambia","2017","2533.18684"
"GMB","Gambia","2018","2651.43281"
"GMB","Gambia","2019","2750.82132"
"GMB","Gambia","2020","2702.31919"
"GMB","Gambia","2021","2777.79621"
"GMB","Gambia","2022","2863.18050"
"GMB","Gambia","2023","2963.59873"
"GMB","Gambia","2024","3057.68418"
"GMB","Gambia","2025","3166.62130"
"GEO","Georgia","1990","12917.09443"
"GEO","Georgia","1991","10120.16289"
"GEO","Georgia","1992","5533.21082"
"GEO","Georgia","1993","3882.02030"
"GEO","Georgia","1994","3532.32008"
"GEO","Georgia","1995","3762.81154"
"GEO","Georgia","1996","4339.00467"
"GEO","Georgia","1997","4951.81292"
"GEO","Georgia","1998","5233.28838"
"GEO","Georgia","1999","5495.24505"
"GEO","Georgia","2000","5706.27237"
"GEO","Georgia","2001","6074.08643"
"GEO","Georgia","2002","6464.32540"
"GEO","Georgia","2003","7227.73706"
"GEO","Georgia","2004","7693.91525"
"GEO","Georgia","2005","8485.58671"
"GEO","Georgia","2006","9337.98906"
"GEO","Georgia","2007","10567.27472"
"GEO","Georgia","2008","10856.10313"
"GEO","Georgia","2009","10553.08964"
"GEO","Georgia","2010","11294.36859"
"GEO","Georgia","2011","12288.68289"
"GEO","Georgia","2012","13193.95970"
"GEO","Georgia","2013","13913.00182"
"GEO","Georgia","2014","14475.31354"
"GEO","Georgia","2015","14936.84341"
"GEO","Georgia","2016","15442.95644"
"GEO","Georgia","2017","16237.62422"
"GEO","Georgia","2018","17228.67908"
"GEO","Georgia","2019","18186.88165"
"GEO","Georgia","2020","17031.14403"
"GEO","Georgia","2021","18915.65340"
"GEO","Georgia","2022","20966.52804"
"GEO","Georgia","2023","22590.52936"
"GEO","Georgia","2024","24146.62341"
"GEO","Georgia","2025","25135.78225"
"GHA","Ghana","1990","2785.67114"
"GHA","Ghana","1991","2859.82702"
"GHA","Ghana","1992","2897.83543"
"GHA","Ghana","1993","2964.26601"
"GHA","Ghana","1994","2989.34731"
"GHA","Ghana","1995","3039.68873"
"GHA","Ghana","1996","3106.18555"
"GHA","Ghana","1997","3160.44504"
"GHA","Ghana","1998","3229.48228"
"GHA","Ghana","1999","3290.26865"
"GHA","Ghana","2000","3327.35199"
"GHA","Ghana","2001","3369.50703"
"GHA","Ghana","2002","3425.61821"
"GHA","Ghana","2003","3507.75106"
"GHA","Ghana","2004","3607.36522"
"GHA","Ghana","2005","3721.30786"
"GHA","Ghana","2006","3857.86155"
"GHA","Ghana","2007","3923.12568"
"GHA","Ghana","2008","4174.78124"
"GHA","Ghana","2009","4269.16006"
"GHA","Ghana","2010","4495.68917"
"GHA","Ghana","2011","5005.36732"
"GHA","Ghana","2012","5339.71322"
"GHA","Ghana","2013","5593.77482"
"GHA","Ghana","2014","5619.07234"
"GHA","Ghana","2015","5607.36636"
"GHA","Ghana","2016","5666.07795"
"GHA","Ghana","2017","5993.63085"
"GHA","Ghana","2018","6234.51208"
"GHA","Ghana","2019","6508.24652"
"GHA","Ghana","2020","6412.68542"
"GHA","Ghana","2021","6607.50297"
"GHA","Ghana","2022","6728.45414"
"GHA","Ghana","2023","6808.53775"
"GHA","Ghana","2024","7072.79880"
"GHA","Ghana","2025","7357.83333"
"GRD","Granada","1990","8883.91902"
"GRD","Granada","1991","8932.30360"
"GRD","Granada","1992","8785.75882"
"GRD","Granada","1993","8548.03860"
"GRD","Granada","1994","8629.08629"
"GRD","Granada","1995","8750.81832"
"GRD","Granada","1996","9076.71903"
"GRD","Granada","1997","9467.77705"
"GRD","Granada","1998","10509.10981"
"GRD","Granada","1999","11158.48973"
"GRD","Granada","2000","11625.05094"
"GRD","Granada","2001","11333.23771"
"GRD","Granada","2002","11677.70342"
"GRD","Granada","2003","12726.52662"
"GRD","Granada","2004","12593.35463"
"GRD","Granada","2005","14211.84266"
"GRD","Granada","2006","13594.35516"
"GRD","Granada","2007","14376.28245"
"GRD","Granada","2008","14463.56001"
"GRD","Granada","2009","13463.58029"
"GRD","Granada","2010","13354.90850"
"GRD","Granada","2011","13397.85004"
"GRD","Granada","2012","13161.39553"
"GRD","Granada","2013","13386.31891"
"GRD","Granada","2014","14287.95387"
"GRD","Granada","2015","15136.69667"
"GRD","Granada","2016","15640.82745"
"GRD","Granada","2017","16291.48946"
"GRD","Granada","2018","16964.85200"
"GRD","Granada","2019","17036.91517"
"GRD","Granada","2020","14647.74514"
"GRD","Granada","2021","15290.25090"
"GRD","Granada","2022","16376.42731"
"GRD","Granada","2023","17093.15629"
"GRD","Granada","2024","17484.51539"
"GRD","Granada","2025","18240.99342"
"GRC","Grecia","1990","26916.31252"
"GRC","Grecia","1991","27419.60293"
"GRC","Grecia","1992","27401.42400"
"GRC","Grecia","1993","26804.85376"
"GRC","Grecia","1994","27204.39587"
"GRC","Grecia","1995","27646.14764"
"GRC","Grecia","1996","27905.10657"
"GRC","Grecia","1997","28768.24015"
"GRC","Grecia","1998","29592.52548"
"GRC","Grecia","1999","30263.05437"
"GRC","Grecia","2000","31386.63978"
"GRC","Grecia","2001","32675.92923"
"GRC","Grecia","2002","34081.02898"
"GRC","Grecia","2003","35970.70168"
"GRC","Grecia","2004","37811.49137"
"GRC","Grecia","2005","38146.96297"
"GRC","Grecia","2006","40483.15692"
"GRC","Grecia","2007","41796.23369"
"GRC","Grecia","2008","41709.38774"
"GRC","Grecia","2009","39886.21355"
"GRC","Grecia","2010","37566.74837"
"GRC","Grecia","2011","33906.49174"
"GRC","Grecia","2012","31250.22686"
"GRC","Grecia","2013","30762.44322"
"GRC","Grecia","2014","31213.37651"
"GRC","Grecia","2015","31347.97657"
"GRC","Grecia","2016","31468.61985"
"GRC","Grecia","2017","31995.41088"
"GRC","Grecia","2018","32722.33104"
"GRC","Grecia","2019","33502.75065"
"GRC","Grecia","2020","30487.11293"
"GRC","Grecia","2021","33528.22712"
"GRC","Grecia","2022","35828.17566"
"GRC","Grecia","2023","36700.51346"
"GRC","Grecia","2024","37474.27982"
"GRC","Grecia","2025","38218.72163"
"GRL","Groenlandia","1990","38137.56849"
"GRL","Groenlandia","1991","38162.93422"
"GRL","Groenlandia","1992","36343.12572"
"GRL","Groenlandia","1993","34578.34650"
"GRL","Groenlandia","1994","36428.91240"
"GRL","Groenlandia","1995","37584.07191"
"GRL","Groenlandia","1996","38090.70900"
"GRL","Groenlandia","1997","38581.21519"
"GRL","Groenlandia","1998","41500.23127"
"GRL","Groenlandia","1999","42072.05650"
"GRL","Groenlandia","2000","44991.67515"
"GRL","Groenlandia","2001","45405.85437"
"GRL","Groenlandia","2002","44793.27043"
"GRL","Groenlandia","2003","46649.04808"
"GRL","Groenlandia","2004","49742.05823"
"GRL","Groenlandia","2005","52189.00149"
"GRL","Groenlandia","2006","55243.71028"
"GRL","Groenlandia","2007","56763.23873"
"GRL","Groenlandia","2008","60506.19463"
"GRL","Groenlandia","2009","61035.56730"
"GRL","Groenlandia","2010","61863.28269"
"GRL","Groenlandia","2011","61170.92037"
"GRL","Groenlandia","2012","62111.10331"
"GRL","Groenlandia","2013","61659.64152"
"GRL","Groenlandia","2014","64799.30566"
"GRL","Groenlandia","2015","63364.05361"
"GRL","Groenlandia","2016","66245.72947"
"GRL","Groenlandia","2017","66297.17907"
"GRL","Groenlandia","2018","66887.67793"
"GRL","Groenlandia","2019","68534.94190"
"GRL","Groenlandia","2020","68533.73399"
"GRL","Groenlandia","2021","69302.00888"
"GRL","Groenlandia","2022","70681.22539"
"GRL","Groenlandia","2023","71037.53722"
"GTM","Guatemala","1990","7594.73215"
"GTM","Guatemala","1991","7662.17100"
"GTM","Guatemala","1992","7822.26344"
"GTM","Guatemala","1993","7915.41060"
"GTM","Guatemala","1994","8018.28331"
"GTM","Guatemala","1995","8195.34971"
"GTM","Guatemala","1996","8222.06920"
"GTM","Guatemala","1997","8364.16519"
"GTM","Guatemala","1998","8559.99026"
"GTM","Guatemala","1999","8668.43100"
"GTM","Guatemala","2000","8770.40815"
"GTM","Guatemala","2001","8771.15927"
"GTM","Guatemala","2002","8901.54046"
"GTM","Guatemala","2003","8926.15772"
"GTM","Guatemala","2004","9003.86136"
"GTM","Guatemala","2005","9099.72751"
"GTM","Guatemala","2006","9386.00550"
"GTM","Guatemala","2007","9772.80992"
"GTM","Guatemala","2008","9889.57668"
"GTM","Guatemala","2009","9740.71388"
"GTM","Guatemala","2010","9825.02223"
"GTM","Guatemala","2011","10032.09328"
"GTM","Guatemala","2012","10126.83306"
"GTM","Guatemala","2013","10297.83930"
"GTM","Guatemala","2014","10553.56399"
"GTM","Guatemala","2015","10785.95831"
"GTM","Guatemala","2016","10872.59389"
"GTM","Guatemala","2017","11005.45929"
"GTM","Guatemala","2018","11192.37192"
"GTM","Guatemala","2019","11466.37649"
"GTM","Guatemala","2020","11097.15039"
"GTM","Guatemala","2021","11825.14127"
"GTM","Guatemala","2022","12144.48005"
"GTM","Guatemala","2023","12380.37151"
"GTM","Guatemala","2024","12643.98412"
"GTM","Guatemala","2025","12986.52411"
"GIN","Guinea","1990","2105.74729"
"GIN","Guinea","1991","2075.99194"
"GIN","Guinea","1992","2076.55063"
"GIN","Guinea","1993","2115.86650"
"GIN","Guinea","1994","2134.89769"
"GIN","Guinea","1995","2171.72552"
"GIN","Guinea","1996","2205.32363"
"GIN","Guinea","1997","2272.41100"
"GIN","Guinea","1998","2311.32735"
"GIN","Guinea","1999","2346.27018"
"GIN","Guinea","2000","2358.28766"
"GIN","Guinea","2001","2412.75162"
"GIN","Guinea","2002","2498.13177"
"GIN","Guinea","2003","2473.23418"
"GIN","Guinea","2004","2477.50283"
"GIN","Guinea","2005","2501.22160"
"GIN","Guinea","2006","2478.61320"
"GIN","Guinea","2007","2587.00489"
"GIN","Guinea","2008","2629.53975"
"GIN","Guinea","2009","2537.30646"
"GIN","Guinea","2010","2594.83050"
"GIN","Guinea","2011","2673.40873"
"GIN","Guinea","2012","2762.90351"
"GIN","Guinea","2013","2802.56007"
"GIN","Guinea","2014","2834.96634"
"GIN","Guinea","2015","2869.85157"
"GIN","Guinea","2016","3099.78874"
"GIN","Guinea","2017","3332.76576"
"GIN","Guinea","2018","3455.64513"
"GIN","Guinea","2019","3557.46234"
"GIN","Guinea","2020","3630.99331"
"GIN","Guinea","2021","3738.80513"
"GIN","Guinea","2022","3792.01069"
"GIN","Guinea","2023","3904.82396"
"GIN","Guinea","2024","4016.34191"
"GIN","Guinea","2025","4216.85971"
"GNQ","Guinea Ecuatorial","1990","1122.81767"
"GNQ","Guinea Ecuatorial","1991","1070.82764"
"GNQ","Guinea Ecuatorial","1992","1390.47918"
"GNQ","Guinea Ecuatorial","1993","1487.81203"
"GNQ","Guinea Ecuatorial","1994","1672.34548"
"GNQ","Guinea Ecuatorial","1995","1892.11653"
"GNQ","Guinea Ecuatorial","1996","3033.84031"
"GNQ","Guinea Ecuatorial","1997","7296.10010"
"GNQ","Guinea Ecuatorial","1998","8684.65731"
"GNQ","Guinea Ecuatorial","1999","10492.46495"
"GNQ","Guinea Ecuatorial","2000","11767.47088"
"GNQ","Guinea Ecuatorial","2001","18031.96498"
"GNQ","Guinea Ecuatorial","2002","20242.43097"
"GNQ","Guinea Ecuatorial","2003","21709.57512"
"GNQ","Guinea Ecuatorial","2004","28225.98582"
"GNQ","Guinea Ecuatorial","2005","31302.95795"
"GNQ","Guinea Ecuatorial","2006","32251.76801"
"GNQ","Guinea Ecuatorial","2007","35540.44776"
"GNQ","Guinea Ecuatorial","2008","39994.61598"
"GNQ","Guinea Ecuatorial","2009","38706.60525"
"GNQ","Guinea Ecuatorial","2010","33668.87407"
"GNQ","Guinea Ecuatorial","2011","34341.93426"
"GNQ","Guinea Ecuatorial","2012","35711.49193"
"GNQ","Guinea Ecuatorial","2013","32894.36932"
"GNQ","Guinea Ecuatorial","2014","31765.89971"
"GNQ","Guinea Ecuatorial","2015","27797.79428"
"GNQ","Guinea Ecuatorial","2016","24435.06456"
"GNQ","Guinea Ecuatorial","2017","22250.43892"
"GNQ","Guinea Ecuatorial","2018","20165.47956"
"GNQ","Guinea Ecuatorial","2019","18446.59166"
"GNQ","Guinea Ecuatorial","2020","17089.15373"
"GNQ","Guinea Ecuatorial","2021","16821.44865"
"GNQ","Guinea Ecuatorial","2022","16932.77068"
"GNQ","Guinea Ecuatorial","2023","15302.15178"
"GNQ","Guinea Ecuatorial","2024","14997.75644"
"GNQ","Guinea Ecuatorial","2025","13786.39329"
"GNB","Guinea-Bissau","1990","1968.09061"
"GNB","Guinea-Bissau","1991","2024.85377"
"GNB","Guinea-Bissau","1992","1987.73914"
"GNB","Guinea-Bissau","1993","1963.56225"
"GNB","Guinea-Bissau","1994","1964.63002"
"GNB","Guinea-Bissau","1995","1999.94474"
"GNB","Guinea-Bissau","1996","2185.90345"
"GNB","Guinea-Bissau","1997","2284.02577"
"GNB","Guinea-Bissau","1998","1738.64947"
"GNB","Guinea-Bissau","1999","1992.85255"
"GNB","Guinea-Bissau","2000","1974.74466"
"GNB","Guinea-Bissau","2001","2025.72675"
"GNB","Guinea-Bissau","2002","2054.08977"
"GNB","Guinea-Bissau","2003","2002.40207"
"GNB","Guinea-Bissau","2004","1979.69783"
"GNB","Guinea-Bissau","2005","2060.66663"
"GNB","Guinea-Bissau","2006","2065.21228"
"GNB","Guinea-Bissau","2007","2065.98984"
"GNB","Guinea-Bissau","2008","2105.67394"
"GNB","Guinea-Bissau","2009","2103.05813"
"GNB","Guinea-Bissau","2010","2164.26824"
"GNB","Guinea-Bissau","2011","2278.54752"
"GNB","Guinea-Bissau","2012","2180.74339"
"GNB","Guinea-Bissau","2013","2192.59279"
"GNB","Guinea-Bissau","2014","2156.33644"
"GNB","Guinea-Bissau","2015","2230.52993"
"GNB","Guinea-Bissau","2016","2293.37861"
"GNB","Guinea-Bissau","2017","2342.56111"
"GNB","Guinea-Bissau","2018","2373.64936"
"GNB","Guinea-Bissau","2019","2442.25868"
"GNB","Guinea-Bissau","2020","2456.01139"
"GNB","Guinea-Bissau","2021","2522.12869"
"GNB","Guinea-Bissau","2022","2600.80247"
"GNB","Guinea-Bissau","2023","2660.81445"
"GNB","Guinea-Bissau","2024","2717.54207"
"GNB","Guinea-Bissau","2025","2814.08356"
"GUY","Guyana","1990","5074.43110"
"GUY","Guyana","1991","5396.46343"
"GUY","Guyana","1992","5799.21836"
"GUY","Guyana","1993","6247.86625"
"GUY","Guyana","1994","6755.32867"
"GUY","Guyana","1995","7071.21280"
"GUY","Guyana","1996","7612.30424"
"GUY","Guyana","1997","8064.56715"
"GUY","Guyana","1998","7915.22956"
"GUY","Guyana","1999","8139.97018"
"GUY","Guyana","2000","8025.29326"
"GUY","Guyana","2001","8212.04322"
"GUY","Guyana","2002","8314.02728"
"GUY","Guyana","2003","8267.42911"
"GUY","Guyana","2004","8404.20016"
"GUY","Guyana","2005","8256.52519"
"GUY","Guyana","2006","8702.33133"
"GUY","Guyana","2007","9354.08018"
"GUY","Guyana","2008","9546.70876"
"GUY","Guyana","2009","9924.52661"
"GUY","Guyana","2010","10374.39476"
"GUY","Guyana","2011","10958.85988"
"GUY","Guyana","2012","11534.99856"
"GUY","Guyana","2013","11896.90699"
"GUY","Guyana","2014","12030.05293"
"GUY","Guyana","2015","12040.08253"
"GUY","Guyana","2016","12420.47247"
"GUY","Guyana","2017","12801.64085"
"GUY","Guyana","2018","12980.35760"
"GUY","Guyana","2019","13402.42195"
"GUY","Guyana","2020","19234.13020"
"GUY","Guyana","2021","22865.92710"
"GUY","Guyana","2022","37068.19938"
"GUY","Guyana","2023","49312.36032"
"GUY","Guyana","2024","70516.70279"
"GUY","Guyana","2025","83658.67735"
"HTI","Haití","1990","3923.22196"
"HTI","Haití","1991","3916.43139"
"HTI","Haití","1992","3635.13893"
"HTI","Haití","1993","3370.99533"
"HTI","Haití","1994","2911.49975"
"HTI","Haití","1995","3139.26417"
"HTI","Haití","1996","3207.74580"
"HTI","Haití","1997","3232.95525"
"HTI","Haití","1998","3242.45890"
"HTI","Haití","1999","3269.39882"
"HTI","Haití","2000","3237.53078"
"HTI","Haití","2001","3168.14454"
"HTI","Haití","2002","3145.03690"
"HTI","Haití","2003","3197.93653"
"HTI","Haití","2004","3102.54174"
"HTI","Haití","2005","3144.56354"
"HTI","Haití","2006","3146.26344"
"HTI","Haití","2007","3239.25746"
"HTI","Haití","2008","3270.41272"
"HTI","Haití","2009","3406.29487"
"HTI","Haití","2010","3176.50949"
"HTI","Haití","2011","3300.87444"
"HTI","Haití","2012","3266.43833"
"HTI","Haití","2013","3356.83732"
"HTI","Haití","2014","3403.57497"
"HTI","Haití","2015","3402.02840"
"HTI","Haití","2016","3415.58218"
"HTI","Haití","2017","3453.97142"
"HTI","Haití","2018","3465.25481"
"HTI","Haití","2019","3361.75329"
"HTI","Haití","2020","3210.53610"
"HTI","Haití","2021","3116.56505"
"HTI","Haití","2022","3029.77866"
"HTI","Haití","2023","2939.12379"
"HTI","Haití","2024","2783.79141"
"HTI","Haití","2025","2677.89385"
"HND","Honduras","1990","1172.07981"
"HND","Honduras","1991","1436.05066"
"HND","Honduras","1992","1521.94722"
"HND","Honduras","1993","1681.08239"
"HND","Honduras","1994","2108.27415"
"HND","Honduras","1995","2555.02623"
"HND","Honduras","1996","3054.15774"
"HND","Honduras","1997","3635.98071"
"HND","Honduras","1998","3950.83499"
"HND","Honduras","1999","4293.82723"
"HND","Honduras","2000","4579.68961"
"HND","Honduras","2001","4578.94788"
"HND","Honduras","2002","4627.02279"
"HND","Honduras","2003","4714.86701"
"HND","Honduras","2004","4885.34258"
"HND","Honduras","2005","5056.67544"
"HND","Honduras","2006","5263.15029"
"HND","Honduras","2007","5461.90152"
"HND","Honduras","2008","5566.70639"
"HND","Honduras","2009","5313.75574"
"HND","Honduras","2010","5396.07228"
"HND","Honduras","2011","5488.43372"
"HND","Honduras","2012","5600.60776"
"HND","Honduras","2013","5644.13385"
"HND","Honduras","2014","5705.16246"
"HND","Honduras","2015","5812.53489"
"HND","Honduras","2016","5926.49026"
"HND","Honduras","2017","6099.60735"
"HND","Honduras","2018","6219.27974"
"HND","Honduras","2019","6264.01884"
"HND","Honduras","2020","5603.26398"
"HND","Honduras","2021","6202.98079"
"HND","Honduras","2022","6352.58710"
"HND","Honduras","2023","6467.88004"
"HND","Honduras","2024","6590.84384"
"HND","Honduras","2025","6726.16685"
"HKG","Hong Kong","1990","31598.72646"
"HKG","Hong Kong","1991","33124.64460"
"HKG","Hong Kong","1992","34895.73847"
"HKG","Hong Kong","1993","36428.52383"
"HKG","Hong Kong","1994","37767.18276"
"HKG","Hong Kong","1995","37905.64829"
"HKG","Hong Kong","1996","37804.07979"
"HKG","Hong Kong","1997","39402.57369"
"HKG","Hong Kong","1998","36776.36571"
"HKG","Hong Kong","1999","37339.89318"
"HKG","Hong Kong","2000","39848.55935"
"HKG","Hong Kong","2001","39777.82624"
"HKG","Hong Kong","2002","40258.14888"
"HKG","Hong Kong","2003","41570.56344"
"HKG","Hong Kong","2004","44836.17687"
"HKG","Hong Kong","2005","47938.85336"
"HKG","Hong Kong","2006","50981.72962"
"HKG","Hong Kong","2007","53813.02214"
"HKG","Hong Kong","2008","54630.32991"
"HKG","Hong Kong","2009","53172.28843"
"HKG","Hong Kong","2010","56355.40909"
"HKG","Hong Kong","2011","58672.80502"
"HKG","Hong Kong","2012","59015.31796"
"HKG","Hong Kong","2013","60601.61092"
"HKG","Hong Kong","2014","61839.80442"
"HKG","Hong Kong","2015","62779.75524"
"HKG","Hong Kong","2016","63749.42850"
"HKG","Hong Kong","2017","65662.85434"
"HKG","Hong Kong","2018","66993.95926"
"HKG","Hong Kong","2019","65388.33664"
"HKG","Hong Kong","2020","61328.53670"
"HKG","Hong Kong","2021","65884.93763"
"HKG","Hong Kong","2022","64035.64849"
"HKG","Hong Kong","2023","64387.66541"
"HKG","Hong Kong","2024","66186.04486"
"HKG","Hong Kong","2025","68724.55659"
"HUN","Hungría","1990","21297.00064"
"HUN","Hungría","1991","18765.41625"
"HUN","Hungría","1992","18197.53055"
"HUN","Hungría","1993","18113.33691"
"HUN","Hungría","1994","18672.70724"
"HUN","Hungría","1995","18977.24370"
"HUN","Hungría","1996","19029.11373"
"HUN","Hungría","1997","19635.29496"
"HUN","Hungría","1998","20438.38296"
"HUN","Hungría","1999","21128.88846"
"HUN","Hungría","2000","22117.92043"
"HUN","Hungría","2001","23069.21147"
"HUN","Hungría","2002","24229.29536"
"HUN","Hungría","2003","25255.87113"
"HUN","Hungría","2004","26568.11886"
"HUN","Hungría","2005","27765.78861"
"HUN","Hungría","2006","28903.04754"
"HUN","Hungría","2007","29044.06690"
"HUN","Hungría","2008","29384.00704"
"HUN","Hungría","2009","27445.95946"
"HUN","Hungría","2010","27801.83382"
"HUN","Hungría","2011","28415.11734"
"HUN","Hungría","2012","28179.65646"
"HUN","Hungría","2013","28891.02175"
"HUN","Hungría","2014","30264.94923"
"HUN","Hungría","2015","31485.56754"
"HUN","Hungría","2016","32378.96750"
"HUN","Hungría","2017","33828.71494"
"HUN","Hungría","2018","35798.04128"
"HUN","Hungría","2019","37662.67681"
"HUN","Hungría","2020","36119.52117"
"HUN","Hungría","2021","38887.19095"
"HUN","Hungría","2022","40610.97114"
"HUN","Hungría","2023","40333.25469"
"HUN","Hungría","2024","40747.19867"
"HUN","Hungría","2025","41160.64191"
"IND","India","1990","2139.82749"
"IND","India","1991","2116.06939"
"IND","India","1992","2185.04046"
"IND","India","1993","2241.28536"
"IND","India","1994","2342.15609"
"IND","India","1995","2469.35163"
"IND","India","1996","2603.24633"
"IND","India","1997","2655.92939"
"IND","India","1998","2766.11049"
"IND","India","1999","2954.06886"
"IND","India","2000","3010.42156"
"IND","India","2001","3097.16224"
"IND","India","2002","3157.26904"
"IND","India","2003","3346.88829"
"IND","India","2004","3551.04731"
"IND","India","2005","3770.39653"
"IND","India","2006","4011.08648"
"IND","India","2007","4253.82139"
"IND","India","2008","4322.48379"
"IND","India","2009","4595.37991"
"IND","India","2010","4913.87640"
"IND","India","2011","5098.67459"
"IND","India","2012","5303.50198"
"IND","India","2013","5567.49439"
"IND","India","2014","5905.10618"
"IND","India","2015","6301.67347"
"IND","India","2016","6741.14883"
"IND","India","2017","7116.03659"
"IND","India","2018","7492.62577"
"IND","India","2019","7702.17635"
"IND","India","2020","7186.86447"
"IND","India","2021","7818.65702"
"IND","India","2022","8347.38479"
"IND","India","2023","8870.55028"
"IND","India","2024","9416.05137"
"IND","India","2025","10039.07089"
"IDN","Indonesia","1990","4873.05380"
"IDN","Indonesia","1991","5118.46790"
"IDN","Indonesia","1992","5357.37590"
"IDN","Indonesia","1993","5609.15179"
"IDN","Indonesia","1994","5931.23473"
"IDN","Indonesia","1995","6312.93454"
"IDN","Indonesia","1996","6695.40976"
"IDN","Indonesia","1997","6897.00237"
"IDN","Indonesia","1998","5897.68531"
"IDN","Indonesia","1999","5855.65801"
"IDN","Indonesia","2000","6056.38198"
"IDN","Indonesia","2001","6190.51954"
"IDN","Indonesia","2002","6381.94955"
"IDN","Indonesia","2003","6599.09194"
"IDN","Indonesia","2004","6843.54655"
"IDN","Indonesia","2005","7140.85456"
"IDN","Indonesia","2006","7434.48785"
"IDN","Indonesia","2007","7802.46407"
"IDN","Indonesia","2008","8165.06155"
"IDN","Indonesia","2009","8435.45575"
"IDN","Indonesia","2010","8848.22474"
"IDN","Indonesia","2011","9274.96955"
"IDN","Indonesia","2012","9708.61183"
"IDN","Indonesia","2013","10121.81415"
"IDN","Indonesia","2014","10504.38694"
"IDN","Indonesia","2015","10893.66211"
"IDN","Indonesia","2016","11319.66343"
"IDN","Indonesia","2017","11772.57433"
"IDN","Indonesia","2018","12262.23103"
"IDN","Indonesia","2019","12757.78509"
"IDN","Indonesia","2020","12388.54493"
"IDN","Indonesia","2021","12757.07464"
"IDN","Indonesia","2022","13334.26539"
"IDN","Indonesia","2023","13889.94950"
"IDN","Indonesia","2024","14470.71798"
"IDN","Indonesia","2025","15091.00886"
"IRQ","Iraq","1990","10735.09411"
"IRQ","Iraq","1991","3819.16195"
"IRQ","Iraq","1992","4916.26440"
"IRQ","Iraq","1993","6105.04166"
"IRQ","Iraq","1994","6044.87105"
"IRQ","Iraq","1995","5969.66964"
"IRQ","Iraq","1996","6419.36982"
"IRQ","Iraq","1997","7545.72976"
"IRQ","Iraq","1998","9871.73398"
"IRQ","Iraq","1999","11237.85374"
"IRQ","Iraq","2000","12702.16420"
"IRQ","Iraq","2001","12529.60841"
"IRQ","Iraq","2002","11144.05053"
"IRQ","Iraq","2003","6849.33201"
"IRQ","Iraq","2004","10210.56310"
"IRQ","Iraq","2005","10078.44376"
"IRQ","Iraq","2006","10568.91377"
"IRQ","Iraq","2007","10853.81610"
"IRQ","Iraq","2008","11511.93876"
"IRQ","Iraq","2009","11470.51781"
"IRQ","Iraq","2010","11816.84102"
"IRQ","Iraq","2011","12267.58489"
"IRQ","Iraq","2012","13357.01439"
"IRQ","Iraq","2013","13712.93171"
"IRQ","Iraq","2014","13536.82277"
"IRQ","Iraq","2015","13516.02720"
"IRQ","Iraq","2016","15016.09206"
"IRQ","Iraq","2017","14417.63069"
"IRQ","Iraq","2018","14456.23571"
"IRQ","Iraq","2019","14910.22503"
"IRQ","Iraq","2020","12827.63454"
"IRQ","Iraq","2021","12731.75358"
"IRQ","Iraq","2022","13433.39772"
"IRQ","Iraq","2023","13202.32281"
"IRQ","Iraq","2024","12725.04313"
"IRQ","Iraq","2025","12191.55647"
"IRL","Irlanda","1990","29504.87727"
"IRL","Irlanda","1991","29901.80630"
"IRL","Irlanda","1992","30691.39560"
"IRL","Irlanda","1993","31360.64907"
"IRL","Irlanda","1994","33035.23626"
"IRL","Irlanda","1995","36032.77747"
"IRL","Irlanda","1996","38386.91167"
"IRL","Irlanda","1997","42192.58481"
"IRL","Irlanda","1998","45415.04552"
"IRL","Irlanda","1999","49634.50267"
"IRL","Irlanda","2000","53582.83135"
"IRL","Irlanda","2001","55534.56981"
"IRL","Irlanda","2002","57828.01163"
"IRL","Irlanda","2003","58608.33538"
"IRL","Irlanda","2004","61452.86604"
"IRL","Irlanda","2005","63579.71344"
"IRL","Irlanda","2006","64975.40865"
"IRL","Irlanda","2007","66475.84101"
"IRL","Irlanda","2008","62213.64533"
"IRL","Irlanda","2009","58446.72633"
"IRL","Irlanda","2010","59107.42207"
"IRL","Irlanda","2011","59797.05373"
"IRL","Irlanda","2012","59303.03198"
"IRL","Irlanda","2013","60285.23761"
"IRL","Irlanda","2014","65463.19525"
"IRL","Irlanda","2015","80815.64153"
"IRL","Irlanda","2016","80760.09741"
"IRL","Irlanda","2017","87731.78970"
"IRL","Irlanda","2018","93115.83935"
"IRL","Irlanda","2019","96205.79616"
"IRL","Irlanda","2020","101793.44753"
"IRL","Irlanda","2021","116702.85817"
"IRL","Irlanda","2022","123007.47649"
"IRL","Irlanda","2023","117659.72859"
"IRL","Irlanda","2024","118833.31207"
"IRL","Irlanda","2025","131338.44475"
"IRN","Irán","1990","9656.00117"
"IRN","Irán","1991","10592.33193"
"IRN","Irán","1992","10727.41837"
"IRN","Irán","1993","10531.99528"
"IRN","Irán","1994","10333.43300"
"IRN","Irán","1995","10465.02596"
"IRN","Irán","1996","11010.00950"
"IRN","Irán","1997","11025.72024"
"IRN","Irán","1998","11101.50787"
"IRN","Irán","1999","11163.69507"
"IRN","Irán","2000","11643.12181"
"IRN","Irán","2001","11739.00909"
"IRN","Irán","2002","12583.04499"
"IRN","Irán","2003","13519.45019"
"IRN","Irán","2004","13807.19531"
"IRN","Irán","2005","13935.77431"
"IRN","Irán","2006","14320.65685"
"IRN","Irán","2007","15237.42379"
"IRN","Irán","2008","15091.25065"
"IRN","Irán","2009","15055.14946"
"IRN","Irán","2010","15729.91317"
"IRN","Irán","2011","15947.76610"
"IRN","Irán","2012","15159.29482"
"IRN","Irán","2013","14734.74059"
"IRN","Irán","2014","15262.85158"
"IRN","Irán","2015","14841.90483"
"IRN","Irán","2016","15920.37180"
"IRN","Irán","2017","16167.96772"
"IRN","Irán","2018","15364.80491"
"IRN","Irán","2019","14841.07515"
"IRN","Irán","2020","15381.58454"
"IRN","Irán","2021","15884.42768"
"IRN","Irán","2022","16377.96106"
"IRN","Irán","2023","17044.81734"
"IRN","Irán","2024","17484.13201"
"IRN","Irán","2025","16833.78217"
"ISL","Islandia","1990","43099.57864"
"ISL","Islandia","1991","42507.64617"
"ISL","Islandia","1992","40560.57007"
"ISL","Islandia","1993","40677.58812"
"ISL","Islandia","1994","41781.83027"
"ISL","Islandia","1995","41604.23812"
"ISL","Islandia","1996","43241.35544"
"ISL","Islandia","1997","44664.53063"
"ISL","Islandia","1998","47286.63587"
"ISL","Islandia","1999","48539.34331"
"ISL","Islandia","2000","50227.84087"
"ISL","Islandia","2001","51468.32823"
"ISL","Islandia","2002","51287.59373"
"ISL","Islandia","2003","52095.64027"
"ISL","Islandia","2004","55576.60998"
"ISL","Islandia","2005","58549.13589"
"ISL","Islandia","2006","60434.38379"
"ISL","Islandia","2007","64075.30982"
"ISL","Islandia","2008","63963.76014"
"ISL","Islandia","2009","58441.27197"
"ISL","Islandia","2010","57225.10243"
"ISL","Islandia","2011","57837.86046"
"ISL","Islandia","2012","58203.63795"
"ISL","Islandia","2013","59729.54398"
"ISL","Islandia","2014","60199.19949"
"ISL","Islandia","2015","61820.36189"
"ISL","Islandia","2016","64759.22754"
"ISL","Islandia","2017","65462.50333"
"ISL","Islandia","2018","66703.02194"
"ISL","Islandia","2019","65994.98600"
"ISL","Islandia","2020","60617.14327"
"ISL","Islandia","2021","62720.79168"
"ISL","Islandia","2022","66581.24418"
"ISL","Islandia","2023","69268.12214"
"ISL","Islandia","2024","68230.35665"
"ISL","Islandia","2025","68064.68546"
"CYM","Islas Caimán","2006","92213.07600"
"CYM","Islas Caimán","2007","92343.72508"
"CYM","Islas Caimán","2008","89380.15075"
"CYM","Islas Caimán","2009","80631.84422"
"CYM","Islas Caimán","2010","76294.76500"
"CYM","Islas Caimán","2011","75094.83130"
"CYM","Islas Caimán","2012","73982.67813"
"CYM","Islas Caimán","2013","72988.70634"
"CYM","Islas Caimán","2014","73051.81123"
"CYM","Islas Caimán","2015","73315.38453"
"CYM","Islas Caimán","2016","73941.85924"
"CYM","Islas Caimán","2017","74599.67996"
"CYM","Islas Caimán","2018","76124.55060"
"CYM","Islas Caimán","2019","77476.84099"
"CYM","Islas Caimán","2020","72183.13590"
"CYM","Islas Caimán","2021","74160.49140"
"CYM","Islas Caimán","2022","76735.37443"
"CYM","Islas Caimán","2023","79580.88728"
"CYM","Islas Caimán","2024","80996.65066"
"FRO","Islas Feroe","2008","54263.32641"
"FRO","Islas Feroe","2009","51534.60101"
"FRO","Islas Feroe","2010","51480.25200"
"FRO","Islas Feroe","2011","53441.43694"
"FRO","Islas Feroe","2012","57524.51510"
"FRO","Islas Feroe","2013","60950.03098"
"FRO","Islas Feroe","2014","64019.41567"
"FRO","Islas Feroe","2015","64010.16140"
"FRO","Islas Feroe","2016","64156.32416"
"FRO","Islas Feroe","2017","65461.91133"
"FRO","Islas Feroe","2018","66192.04944"
"FRO","Islas Feroe","2019","68136.66180"
"FRO","Islas Feroe","2020","66037.93615"
"FRO","Islas Feroe","2021","68433.21443"
"FRO","Islas Feroe","2022","70268.44972"
"FRO","Islas Feroe","2023","71828.43428"
"FRO","Islas Feroe","2024","72113.65139"
"MHL","Islas Marshall","1990","3906.08627"
"MHL","Islas Marshall","1991","3828.95409"
"MHL","Islas Marshall","1992","4029.85753"
"MHL","Islas Marshall","1993","4207.94886"
"MHL","Islas Marshall","1994","4397.47802"
"MHL","Islas Marshall","1995","4704.03570"
"MHL","Islas Marshall","1996","4175.34884"
"MHL","Islas Marshall","1997","3867.83839"
"MHL","Islas Marshall","1998","3806.37456"
"MHL","Islas Marshall","1999","3719.28761"
"MHL","Islas Marshall","2000","3772.69913"
"MHL","Islas Marshall","2001","4001.24312"
"MHL","Islas Marshall","2002","4122.36777"
"MHL","Islas Marshall","2003","4041.17284"
"MHL","Islas Marshall","2004","4012.85860"
"MHL","Islas Marshall","2005","4075.68079"
"MHL","Islas Marshall","2006","4076.09863"
"MHL","Islas Marshall","2007","4222.95394"
"MHL","Islas Marshall","2008","3903.80571"
"MHL","Islas Marshall","2009","4047.74537"
"MHL","Islas Marshall","2010","4269.90546"
"MHL","Islas Marshall","2011","4259.66173"
"MHL","Islas Marshall","2012","4244.58813"
"MHL","Islas Marshall","2013","4470.42630"
"MHL","Islas Marshall","2014","4492.56749"
"MHL","Islas Marshall","2015","4670.70756"
"MHL","Islas Marshall","2016","4897.14934"
"MHL","Islas Marshall","2017","5200.01067"
"MHL","Islas Marshall","2018","5636.02955"
"MHL","Islas Marshall","2019","6405.89632"
"MHL","Islas Marshall","2020","6418.00664"
"MHL","Islas Marshall","2021","6768.82579"
"MHL","Islas Marshall","2022","6937.75357"
"MHL","Islas Marshall","2023","6774.78266"
"MHL","Islas Marshall","2024","7236.86794"
"MHL","Islas Marshall","2025","7660.37696"
"SLB","Islas Salomón","1990","2352.70062"
"SLB","Islas Salomón","1991","2418.67568"
"SLB","Islas Salomón","1992","2644.83937"
"SLB","Islas Salomón","1993","2670.01803"
"SLB","Islas Salomón","1994","2802.59157"
"SLB","Islas Salomón","1995","2996.65555"
"SLB","Islas Salomón","1996","2958.19818"
"SLB","Islas Salomón","1997","2848.68466"
"SLB","Islas Salomón","1998","2805.62563"
"SLB","Islas Salomón","1999","2717.87534"
"SLB","Islas Salomón","2000","2277.11364"
"SLB","Islas Salomón","2001","2055.53771"
"SLB","Islas Salomón","2002","1960.67505"
"SLB","Islas Salomón","2003","2050.57140"
"SLB","Islas Salomón","2004","2168.78372"
"SLB","Islas Salomón","2005","2287.56669"
"SLB","Islas Salomón","2006","2340.95144"
"SLB","Islas Salomón","2007","2384.62333"
"SLB","Islas Salomón","2008","2490.10207"
"SLB","Islas Salomón","2009","2515.21324"
"SLB","Islas Salomón","2010","2682.62900"
"SLB","Islas Salomón","2011","2777.83439"
"SLB","Islas Salomón","2012","2743.81002"
"SLB","Islas Salomón","2013","2783.94857"
"SLB","Islas Salomón","2014","2716.77005"
"SLB","Islas Salomón","2015","2665.06621"
"SLB","Islas Salomón","2016","2715.58152"
"SLB","Islas Salomón","2017","2704.00988"
"SLB","Islas Salomón","2018","2686.46317"
"SLB","Islas Salomón","2019","2661.95771"
"SLB","Islas Salomón","2020","2515.46369"
"SLB","Islas Salomón","2021","2450.18400"
"SLB","Islas Salomón","2022","2330.40165"
"SLB","Islas Salomón","2023","2339.87470"
"SLB","Islas Salomón","2024","2353.54960"
"SLB","Islas Salomón","2025","2382.13145"
"TCA","Islas Turcas y Caicos","2007","21878.82060"
"TCA","Islas Turcas y Caicos","2008","22689.31601"
"TCA","Islas Turcas y Caicos","2009","17512.19778"
"TCA","Islas Turcas y Caicos","2010","17000.22278"
"TCA","Islas Turcas y Caicos","2011","17147.42476"
"TCA","Islas Turcas y Caicos","2012","16024.69157"
"TCA","Islas Turcas y Caicos","2013","15461.87351"
"TCA","Islas Turcas y Caicos","2014","16138.84876"
"TCA","Islas Turcas y Caicos","2015","17201.77203"
"TCA","Islas Turcas y Caicos","2016","17625.72028"
"TCA","Islas Turcas y Caicos","2017","29540.35375"
"TCA","Islas Turcas y Caicos","2018","30286.11961"
"TCA","Islas Turcas y Caicos","2019","30611.21302"
"TCA","Islas Turcas y Caicos","2020","19702.53682"
"TCA","Islas Turcas y Caicos","2021","25056.48805"
"TCA","Islas Turcas y Caicos","2022","28209.62425"
"TCA","Islas Turcas y Caicos","2023","31839.37054"
"TCA","Islas Turcas y Caicos","2024","33390.52671"
"VIR","Islas Vírgenes de EEUU","2002","54299.22987"
"VIR","Islas Vírgenes de EEUU","2003","54086.15479"
"VIR","Islas Vírgenes de EEUU","2004","55883.45455"
"VIR","Islas Vírgenes de EEUU","2005","57838.09771"
"VIR","Islas Vírgenes de EEUU","2006","59911.72245"
"VIR","Islas Vírgenes de EEUU","2007","62332.94454"
"VIR","Islas Vírgenes de EEUU","2008","63057.62631"
"VIR","Islas Vírgenes de EEUU","2009","58895.30569"
"VIR","Islas Vírgenes de EEUU","2010","59272.24569"
"VIR","Islas Vírgenes de EEUU","2011","54443.06869"
"VIR","Islas Vírgenes de EEUU","2012","46422.41512"
"VIR","Islas Vírgenes de EEUU","2013","43563.88649"
"VIR","Islas Vírgenes de EEUU","2014","42853.89866"
"VIR","Islas Vírgenes de EEUU","2015","42739.08350"
"VIR","Islas Vírgenes de EEUU","2016","43502.43369"
"VIR","Islas Vírgenes de EEUU","2017","43277.15465"
"VIR","Islas Vírgenes de EEUU","2018","44205.40713"
"VIR","Islas Vírgenes de EEUU","2019","45632.63647"
"VIR","Islas Vírgenes de EEUU","2020","45055.78293"
"VIR","Islas Vírgenes de EEUU","2021","46893.54970"
"VIR","Islas Vírgenes de EEUU","2022","46479.29967"
"ISR","Israel","1990","25340.98133"
"ISR","Israel","1991","25704.72074"
"ISR","Israel","1992","26758.42907"
"ISR","Israel","1993","27129.21938"
"ISR","Israel","1994","28399.39819"
"ISR","Israel","1995","29477.45829"
"ISR","Israel","1996","30392.89731"
"ISR","Israel","1997","30713.15980"
"ISR","Israel","1998","31250.10717"
"ISR","Israel","1999","31466.16837"
"ISR","Israel","2000","33278.54123"
"ISR","Israel","2001","32591.21168"
"ISR","Israel","2002","31892.53960"
"ISR","Israel","2003","31771.21159"
"ISR","Israel","2004","32665.85371"
"ISR","Israel","2005","33491.99140"
"ISR","Israel","2006","34744.86751"
"ISR","Israel","2007","36288.06551"
"ISR","Israel","2008","36795.47991"
"ISR","Israel","2009","36364.78432"
"ISR","Israel","2010","37686.34208"
"ISR","Israel","2011","39036.02474"
"ISR","Israel","2012","39245.50781"
"ISR","Israel","2013","40095.47568"
"ISR","Israel","2014","40795.62909"
"ISR","Israel","2015","40889.59891"
"ISR","Israel","2016","41914.58030"
"ISR","Israel","2017","42895.58513"
"ISR","Israel","2018","43782.65265"
"ISR","Israel","2019","44492.12270"
"ISR","Israel","2020","42926.54154"
"ISR","Israel","2021","46151.10082"
"ISR","Israel","2022","48132.36372"
"ISR","Israel","2023","47671.24769"
"ISR","Israel","2024","47388.72367"
"ISR","Israel","2025","48196.63452"
"ITA","Italia","1990","42656.74451"
"ITA","Italia","1991","43283.02044"
"ITA","Italia","1992","43614.48509"
"ITA","Italia","1993","43216.10964"
"ITA","Italia","1994","44136.70591"
"ITA","Italia","1995","45410.13917"
"ITA","Italia","1996","46008.23893"
"ITA","Italia","1997","46869.42561"
"ITA","Italia","1998","47701.39742"
"ITA","Italia","1999","48493.66512"
"ITA","Italia","2000","50353.42004"
"ITA","Italia","2001","51332.29044"
"ITA","Italia","2002","51369.11491"
"ITA","Italia","2003","51126.25855"
"ITA","Italia","2004","51495.00288"
"ITA","Italia","2005","51585.64458"
"ITA","Italia","2006","52304.24029"
"ITA","Italia","2007","52747.19055"
"ITA","Italia","2008","51806.39062"
"ITA","Italia","2009","48774.39168"
"ITA","Italia","2010","49301.69591"
"ITA","Italia","2011","49473.01492"
"ITA","Italia","2012","47795.95794"
"ITA","Italia","2013","46833.36153"
"ITA","Italia","2014","46825.65112"
"ITA","Italia","2015","47311.82553"
"ITA","Italia","2016","47987.83796"
"ITA","Italia","2017","48849.21835"
"ITA","Italia","2018","49355.87519"
"ITA","Italia","2019","49690.62985"
"ITA","Italia","2020","45505.06887"
"ITA","Italia","2021","49825.39341"
"ITA","Italia","2022","52333.32743"
"ITA","Italia","2023","52842.62888"
"ITA","Italia","2024","53284.87450"
"ITA","Italia","2025","53606.07896"
"JAM","Jamaica","1990","8879.65295"
"JAM","Jamaica","1991","9227.87614"
"JAM","Jamaica","1992","9315.85819"
"JAM","Jamaica","1993","10088.23236"
"JAM","Jamaica","1994","10123.23394"
"JAM","Jamaica","1995","10257.80654"
"JAM","Jamaica","1996","10147.46411"
"JAM","Jamaica","1997","9939.66173"
"JAM","Jamaica","1998","9624.92936"
"JAM","Jamaica","1999","9650.43726"
"JAM","Jamaica","2000","9667.92474"
"JAM","Jamaica","2001","9736.06292"
"JAM","Jamaica","2002","9869.71292"
"JAM","Jamaica","2003","10169.75002"
"JAM","Jamaica","2004","10244.20667"
"JAM","Jamaica","2005","10278.68344"
"JAM","Jamaica","2006","10522.23675"
"JAM","Jamaica","2007","10622.44428"
"JAM","Jamaica","2008","10490.46861"
"JAM","Jamaica","2009","9992.97700"
"JAM","Jamaica","2010","9805.90173"
"JAM","Jamaica","2011","9932.48381"
"JAM","Jamaica","2012","9829.03510"
"JAM","Jamaica","2013","9839.96507"
"JAM","Jamaica","2014","9872.15914"
"JAM","Jamaica","2015","9931.89876"
"JAM","Jamaica","2016","10179.25365"
"JAM","Jamaica","2017","10391.03782"
"JAM","Jamaica","2018","10636.09298"
"JAM","Jamaica","2019","10816.37204"
"JAM","Jamaica","2020","9891.96933"
"JAM","Jamaica","2021","10430.69098"
"JAM","Jamaica","2022","11096.63771"
"JAM","Jamaica","2023","11398.81204"
"JAM","Jamaica","2024","11340.26388"
"JAM","Jamaica","2025","11357.91559"
"JPN","Japón","1990","36137.84426"
"JPN","Japón","1991","37226.33390"
"JPN","Japón","1992","37402.94424"
"JPN","Japón","1993","37088.80200"
"JPN","Japón","1994","37352.68686"
"JPN","Japón","1995","38137.93463"
"JPN","Japón","1996","39221.76512"
"JPN","Japón","1997","39661.73128"
"JPN","Japón","1998","38852.95266"
"JPN","Japón","1999","38647.27053"
"JPN","Japón","2000","39731.79537"
"JPN","Japón","2001","39748.98377"
"JPN","Japón","2002","39690.36768"
"JPN","Japón","2003","40152.12826"
"JPN","Japón","2004","40986.72257"
"JPN","Japón","2005","41740.35204"
"JPN","Japón","2006","42358.93373"
"JPN","Japón","2007","43041.56971"
"JPN","Japón","2008","42518.84234"
"JPN","Japón","2009","39999.94642"
"JPN","Japón","2010","41647.04585"
"JPN","Japón","2011","41640.66087"
"JPN","Japón","2012","42394.94332"
"JPN","Japón","2013","43304.11819"
"JPN","Japón","2014","43754.43801"
"JPN","Japón","2015","44589.30329"
"JPN","Japón","2016","44926.62029"
"JPN","Japón","2017","45693.37761"
"JPN","Japón","2018","46133.02260"
"JPN","Japón","2019","46055.34987"
"JPN","Japón","2020","44212.55034"
"JPN","Japón","2021","45999.46180"
"JPN","Japón","2022","46819.36061"
"JPN","Japón","2023","47387.21725"
"JPN","Japón","2024","47479.84485"
"JPN","Japón","2025","48283.37240"
"JOR","Jordania","1990","8241.80479"
"JOR","Jordania","1991","7747.14379"
"JOR","Jordania","1992","8402.68031"
"JOR","Jordania","1993","8334.81403"
"JOR","Jordania","1994","8339.88428"
"JOR","Jordania","1995","8501.61906"
"JOR","Jordania","1996","8395.63209"
"JOR","Jordania","1997","8443.48146"
"JOR","Jordania","1998","8499.07690"
"JOR","Jordania","1999","8600.36944"
"JOR","Jordania","2000","8781.60905"
"JOR","Jordania","2001","9056.19447"
"JOR","Jordania","2002","9380.11324"
"JOR","Jordania","2003","9556.48164"
"JOR","Jordania","2004","10127.85275"
"JOR","Jordania","2005","10684.94242"
"JOR","Jordania","2006","10834.87373"
"JOR","Jordania","2007","11034.29222"
"JOR","Jordania","2008","11555.72883"
"JOR","Jordania","2009","11888.66172"
"JOR","Jordania","2010","11942.57201"
"JOR","Jordania","2011","11988.49631"
"JOR","Jordania","2012","12104.12174"
"JOR","Jordania","2013","11804.12253"
"JOR","Jordania","2014","11086.69055"
"JOR","Jordania","2015","10469.63063"
"JOR","Jordania","2016","10197.50450"
"JOR","Jordania","2017","10220.49278"
"JOR","Jordania","2018","10183.02484"
"JOR","Jordania","2019","10168.35885"
"JOR","Jordania","2020","9872.30945"
"JOR","Jordania","2021","10056.56113"
"JOR","Jordania","2022","10158.47388"
"JOR","Jordania","2023","10308.78220"
"JOR","Jordania","2024","10468.26533"
"JOR","Jordania","2025","10794.24027"
"KAZ","Kazajstán","1990","16837.69075"
"KAZ","Kazajstán","1991","14877.52735"
"KAZ","Kazajstán","1992","14045.10358"
"KAZ","Kazajstán","1993","12795.87464"
"KAZ","Kazajstán","1994","11334.98313"
"KAZ","Kazajstán","1995","10600.33023"
"KAZ","Kazajstán","1996","10857.43539"
"KAZ","Kazajstán","1997","11298.58055"
"KAZ","Kazajstán","1998","11364.03078"
"KAZ","Kazajstán","1999","11815.77321"
"KAZ","Kazajstán","2000","12935.86437"
"KAZ","Kazajstán","2001","14612.02901"
"KAZ","Kazajstán","2002","15960.87385"
"KAZ","Kazajstán","2003","17344.75267"
"KAZ","Kazajstán","2004","18886.58119"
"KAZ","Kazajstán","2005","20565.52945"
"KAZ","Kazajstán","2006","22574.34296"
"KAZ","Kazajstán","2007","24351.34641"
"KAZ","Kazajstán","2008","24895.66457"
"KAZ","Kazajstán","2009","24901.35273"
"KAZ","Kazajstán","2010","26374.84077"
"KAZ","Kazajstán","2011","27946.16034"
"KAZ","Kazajstán","2012","28881.24176"
"KAZ","Kazajstán","2013","30177.48872"
"KAZ","Kazajstán","2014","30986.43792"
"KAZ","Kazajstán","2015","30893.75949"
"KAZ","Kazajstán","2016","30758.32273"
"KAZ","Kazajstán","2017","31524.44163"
"KAZ","Kazajstán","2018","32330.22745"
"KAZ","Kazajstán","2019","33298.21237"
"KAZ","Kazajstán","2020","32011.54915"
"KAZ","Kazajstán","2021","32945.85157"
"KAZ","Kazajstán","2022","33506.26149"
"KAZ","Kazajstán","2023","34703.23493"
"KAZ","Kazajstán","2024","35973.96333"
"KAZ","Kazajstán","2025","37850.57910"
"KEN","Kenia","1990","4177.48603"
"KEN","Kenia","1991","4102.47678"
"KEN","Kenia","1992","3946.84093"
"KEN","Kenia","1993","3844.92030"
"KEN","Kenia","1994","3833.22358"
"KEN","Kenia","1995","3890.09855"
"KEN","Kenia","1996","3941.40919"
"KEN","Kenia","1997","3853.37139"
"KEN","Kenia","1998","3871.82176"
"KEN","Kenia","1999","3848.46471"
"KEN","Kenia","2000","3756.63622"
"KEN","Kenia","2001","3778.25855"
"KEN","Kenia","2002","3681.25694"
"KEN","Kenia","2003","3674.08593"
"KEN","Kenia","2004","3743.56786"
"KEN","Kenia","2005","3844.73557"
"KEN","Kenia","2006","3970.73350"
"KEN","Kenia","2007","4116.45095"
"KEN","Kenia","2008","4002.88364"
"KEN","Kenia","2009","4012.19428"
"KEN","Kenia","2010","4211.52463"
"KEN","Kenia","2011","4307.10612"
"KEN","Kenia","2012","4387.93790"
"KEN","Kenia","2013","4443.37122"
"KEN","Kenia","2014","4558.55155"
"KEN","Kenia","2015","4679.62183"
"KEN","Kenia","2016","4770.31046"
"KEN","Kenia","2017","4846.86211"
"KEN","Kenia","2018","5017.66785"
"KEN","Kenia","2019","5171.71264"
"KEN","Kenia","2020","5057.40116"
"KEN","Kenia","2021","5338.85243"
"KEN","Kenia","2022","5491.69378"
"KEN","Kenia","2023","5691.82513"
"KEN","Kenia","2024","5841.59866"
"KEN","Kenia","2025","5995.40178"
"KGZ","Kirguistán","1990","6095.68109"
"KGZ","Kirguistán","1991","5520.42980"
"KGZ","Kirguistán","1992","4701.99138"
"KGZ","Kirguistán","1993","3973.88324"
"KGZ","Kirguistán","1994","3176.92382"
"KGZ","Kirguistán","1995","2974.71164"
"KGZ","Kirguistán","1996","3138.66616"
"KGZ","Kirguistán","1997","3399.93427"
"KGZ","Kirguistán","1998","3419.22331"
"KGZ","Kirguistán","1999","3491.93773"
"KGZ","Kirguistán","2000","3638.46314"
"KGZ","Kirguistán","2001","3795.89059"
"KGZ","Kirguistán","2002","3760.53240"
"KGZ","Kirguistán","2003","3982.92722"
"KGZ","Kirguistán","2004","4211.52248"
"KGZ","Kirguistán","2005","4156.95849"
"KGZ","Kirguistán","2006","4240.17018"
"KGZ","Kirguistán","2007","4558.71268"
"KGZ","Kirguistán","2008","4894.94278"
"KGZ","Kirguistán","2009","4969.96133"
"KGZ","Kirguistán","2010","4876.47965"
"KGZ","Kirguistán","2011","5092.85166"
"KGZ","Kirguistán","2012","4993.39432"
"KGZ","Kirguistán","2013","5418.54062"
"KGZ","Kirguistán","2014","5513.75447"
"KGZ","Kirguistán","2015","5600.21433"
"KGZ","Kirguistán","2016","5715.01041"
"KGZ","Kirguistán","2017","5861.22200"
"KGZ","Kirguistán","2018","5951.82877"
"KGZ","Kirguistán","2019","6087.60194"
"KGZ","Kirguistán","2020","5537.79547"
"KGZ","Kirguistán","2021","5736.47883"
"KGZ","Kirguistán","2022","6139.77789"
"KGZ","Kirguistán","2023","6575.77541"
"KGZ","Kirguistán","2024","7210.57670"
"KGZ","Kirguistán","2025","7878.44914"
"KIR","Kiribati","1990","2213.82384"
"KIR","Kiribati","1991","2047.41606"
"KIR","Kiribati","1992","2496.31621"
"KIR","Kiribati","1993","2455.76449"
"KIR","Kiribati","1994","2469.03750"
"KIR","Kiribati","1995","2499.10778"
"KIR","Kiribati","1996","2455.81569"
"KIR","Kiribati","1997","2439.72267"
"KIR","Kiribati","1998","2503.18276"
"KIR","Kiribati","1999","2364.64913"
"KIR","Kiribati","2000","2481.73318"
"KIR","Kiribati","2001","2357.88396"
"KIR","Kiribati","2002","2341.99558"
"KIR","Kiribati","2003","2258.32314"
"KIR","Kiribati","2004","2199.95258"
"KIR","Kiribati","2005","2184.06094"
"KIR","Kiribati","2006","2264.45168"
"KIR","Kiribati","2007","2286.73944"
"KIR","Kiribati","2008","2172.63602"
"KIR","Kiribati","2009","2138.23987"
"KIR","Kiribati","2010","2119.91177"
"KIR","Kiribati","2011","2150.65854"
"KIR","Kiribati","2012","2242.30106"
"KIR","Kiribati","2013","2382.67559"
"KIR","Kiribati","2014","2381.65349"
"KIR","Kiribati","2015","2616.17636"
"KIR","Kiribati","2016","2762.28741"
"KIR","Kiribati","2017","2822.02092"
"KIR","Kiribati","2018","2875.41766"
"KIR","Kiribati","2019","2926.59366"
"KIR","Kiribati","2020","2839.17275"
"KIR","Kiribati","2021","3024.21030"
"KIR","Kiribati","2022","3127.17745"
"KIR","Kiribati","2023","3175.02476"
"KIR","Kiribati","2024","3275.00187"
"KIR","Kiribati","2025","3363.99521"
"XKX","Kosovo","2008","7098.40302"
"XKX","Kosovo","2009","7481.45890"
"XKX","Kosovo","2010","7877.10200"
"XKX","Kosovo","2011","8359.93621"
"XKX","Kosovo","2012","8431.66233"
"XKX","Kosovo","2013","8828.27683"
"XKX","Kosovo","2014","9150.74997"
"XKX","Kosovo","2015","9824.99106"
"XKX","Kosovo","2016","10434.88883"
"XKX","Kosovo","2017","10856.29021"
"XKX","Kosovo","2018","11188.22446"
"XKX","Kosovo","2019","11774.11785"
"XKX","Kosovo","2020","11137.50286"
"XKX","Kosovo","2021","12362.42102"
"XKX","Kosovo","2022","13022.46274"
"XKX","Kosovo","2023","14240.20303"
"XKX","Kosovo","2024","15716.29256"
"XKX","Kosovo","2025","16461.29436"
"KWT","Kuwait","1990","38932.94353"
"KWT","Kuwait","1991","28633.96959"
"KWT","Kuwait","1992","43266.93287"
"KWT","Kuwait","1993","56684.18633"
"KWT","Kuwait","1994","61753.84900"
"KWT","Kuwait","1995","64093.51788"
"KWT","Kuwait","1996","62665.22435"
"KWT","Kuwait","1997","62151.95183"
"KWT","Kuwait","1998","62450.08844"
"KWT","Kuwait","1999","59533.95428"
"KWT","Kuwait","2000","60585.30268"
"KWT","Kuwait","2001","59099.66531"
"KWT","Kuwait","2002","59348.61727"
"KWT","Kuwait","2003","67984.31451"
"KWT","Kuwait","2004","73298.06218"
"KWT","Kuwait","2005","78193.90121"
"KWT","Kuwait","2006","79521.34843"
"KWT","Kuwait","2007","79474.76113"
"KWT","Kuwait","2008","77036.50838"
"KWT","Kuwait","2009","67896.26805"
"KWT","Kuwait","2010","62956.21529"
"KWT","Kuwait","2011","64844.50190"
"KWT","Kuwait","2012","64908.26264"
"KWT","Kuwait","2013","62458.80892"
"KWT","Kuwait","2014","60065.65441"
"KWT","Kuwait","2015","57763.51746"
"KWT","Kuwait","2016","56936.62084"
"KWT","Kuwait","2017","52285.58712"
"KWT","Kuwait","2018","51623.80786"
"KWT","Kuwait","2019","51380.64554"
"KWT","Kuwait","2020","49372.81879"
"KWT","Kuwait","2021","50651.95753"
"KWT","Kuwait","2022","51379.88332"
"KWT","Kuwait","2023","47790.19332"
"KWT","Kuwait","2024","46664.21951"
"KWT","Kuwait","2025","48253.96389"
"LAO","Laos","1990","2005.50049"
"LAO","Laos","1991","2033.58258"
"LAO","Laos","1992","2088.02004"
"LAO","Laos","1993","2152.27660"
"LAO","Laos","1994","2267.78216"
"LAO","Laos","1995","2368.05475"
"LAO","Laos","1996","2473.77286"
"LAO","Laos","1997","2589.20763"
"LAO","Laos","1998","2642.56619"
"LAO","Laos","1999","2786.52040"
"LAO","Laos","2000","2899.01962"
"LAO","Laos","2001","3015.63258"
"LAO","Laos","2002","3143.22328"
"LAO","Laos","2003","3282.98540"
"LAO","Laos","2004","3441.17000"
"LAO","Laos","2005","3630.55879"
"LAO","Laos","2006","3881.53737"
"LAO","Laos","2007","4112.25302"
"LAO","Laos","2008","4367.16288"
"LAO","Laos","2009","4625.07173"
"LAO","Laos","2010","4946.10564"
"LAO","Laos","2011","5266.87867"
"LAO","Laos","2012","5608.96956"
"LAO","Laos","2013","5974.47369"
"LAO","Laos","2014","6341.21230"
"LAO","Laos","2015","6703.74124"
"LAO","Laos","2016","7063.25545"
"LAO","Laos","2017","7432.45963"
"LAO","Laos","2018","7775.08574"
"LAO","Laos","2019","8075.27502"
"LAO","Laos","2020","7995.59503"
"LAO","Laos","2021","8080.43553"
"LAO","Laos","2022","8183.03286"
"LAO","Laos","2023","8372.15592"
"LAO","Laos","2024","8600.32455"
"LAO","Laos","2025","8872.69396"
"LSO","Lesotho","1990","1422.15057"
"LSO","Lesotho","1991","1494.24032"
"LSO","Lesotho","1992","1571.82704"
"LSO","Lesotho","1993","1602.59633"
"LSO","Lesotho","1994","1675.59772"
"LSO","Lesotho","1995","1709.69434"
"LSO","Lesotho","1996","1786.18229"
"LSO","Lesotho","1997","1837.69657"
"LSO","Lesotho","1998","1856.69078"
"LSO","Lesotho","1999","1860.70052"
"LSO","Lesotho","2000","1932.15793"
"LSO","Lesotho","2001","2004.03350"
"LSO","Lesotho","2002","2024.78727"
"LSO","Lesotho","2003","2127.37302"
"LSO","Lesotho","2004","2178.66475"
"LSO","Lesotho","2005","2275.01614"
"LSO","Lesotho","2006","2381.02025"
"LSO","Lesotho","2007","2470.31462"
"LSO","Lesotho","2008","2589.16636"
"LSO","Lesotho","2009","2538.19342"
"LSO","Lesotho","2010","2651.37805"
"LSO","Lesotho","2011","2749.31958"
"LSO","Lesotho","2012","2894.22705"
"LSO","Lesotho","2013","2914.37516"
"LSO","Lesotho","2014","2930.61724"
"LSO","Lesotho","2015","2986.95867"
"LSO","Lesotho","2016","3057.26092"
"LSO","Lesotho","2017","2924.68096"
"LSO","Lesotho","2018","2846.41828"
"LSO","Lesotho","2019","2773.28640"
"LSO","Lesotho","2020","2517.11044"
"LSO","Lesotho","2021","2544.78250"
"LSO","Lesotho","2022","2577.54544"
"LSO","Lesotho","2023","2592.45701"
"LSO","Lesotho","2024","2697.62738"
"LSO","Lesotho","2025","2720.95738"
"LVA","Letonia","1990","17508.78710"
"LVA","Letonia","1991","15376.09119"
"LVA","Letonia","1992","10582.20746"
"LVA","Letonia","1993","10255.14193"
"LVA","Letonia","1994","10656.60901"
"LVA","Letonia","1995","10707.51500"
"LVA","Letonia","1996","11077.86184"
"LVA","Letonia","1997","12215.01519"
"LVA","Letonia","1998","13138.40125"
"LVA","Letonia","1999","13619.09880"
"LVA","Letonia","2000","14554.21317"
"LVA","Letonia","2001","15695.90672"
"LVA","Letonia","2002","17096.55944"
"LVA","Letonia","2003","18717.66755"
"LVA","Letonia","2004","20574.11820"
"LVA","Letonia","2005","23213.35394"
"LVA","Letonia","2006","26431.81402"
"LVA","Letonia","2007","29423.73712"
"LVA","Letonia","2008","28726.97229"
"LVA","Letonia","2009","24520.67915"
"LVA","Letonia","2010","24119.73078"
"LVA","Letonia","2011","25308.73221"
"LVA","Letonia","2012","27496.54546"
"LVA","Letonia","2013","28375.18429"
"LVA","Letonia","2014","29243.74125"
"LVA","Letonia","2015","30599.61331"
"LVA","Letonia","2016","31668.51484"
"LVA","Letonia","2017","33036.39159"
"LVA","Letonia","2018","34729.70628"
"LVA","Letonia","2019","35208.19346"
"LVA","Letonia","2020","34225.89760"
"LVA","Letonia","2021","36912.01306"
"LVA","Letonia","2022","37718.70980"
"LVA","Letonia","2023","37277.72172"
"LVA","Letonia","2024","37615.07625"
"LVA","Letonia","2025","38800.54253"
"LBR","Liberia","1990","1866.40548"
"LBR","Liberia","1991","1819.49785"
"LBR","Liberia","1992","1115.03771"
"LBR","Liberia","1993","718.68324"
"LBR","Liberia","1994","563.64036"
"LBR","Liberia","1995","534.80972"
"LBR","Liberia","1996","582.67798"
"LBR","Liberia","1997","1111.93760"
"LBR","Liberia","1998","1308.40568"
"LBR","Liberia","1999","1507.31470"
"LBR","Liberia","2000","1868.17976"
"LBR","Liberia","2001","1867.11911"
"LBR","Liberia","2002","1887.64602"
"LBR","Liberia","2003","1308.15090"
"LBR","Liberia","2004","1326.53566"
"LBR","Liberia","2005","1335.61729"
"LBR","Liberia","2006","1364.60347"
"LBR","Liberia","2007","1422.10020"
"LBR","Liberia","2008","1463.12408"
"LBR","Liberia","2009","1492.99817"
"LBR","Liberia","2010","1538.85083"
"LBR","Liberia","2011","1601.03374"
"LBR","Liberia","2012","1668.97290"
"LBR","Liberia","2013","1774.52058"
"LBR","Liberia","2014","1750.14385"
"LBR","Liberia","2015","1714.09048"
"LBR","Liberia","2016","1653.31050"
"LBR","Liberia","2017","1661.30291"
"LBR","Liberia","2018","1647.97444"
"LBR","Liberia","2019","1575.76665"
"LBR","Liberia","2020","1497.37692"
"LBR","Liberia","2021","1539.20892"
"LBR","Liberia","2022","1578.99837"
"LBR","Liberia","2023","1616.92373"
"LBR","Liberia","2024","1646.05861"
"LBR","Liberia","2025","1692.92591"
"LBY","Libia","1990","18126.58696"
"LBY","Libia","1991","20506.87627"
"LBY","Libia","1992","19538.13870"
"LBY","Libia","1993","18434.64113"
"LBY","Libia","1994","18444.51336"
"LBY","Libia","1995","17723.26792"
"LBY","Libia","1996","17809.15192"
"LBY","Libia","1997","18451.69985"
"LBY","Libia","1998","17532.92610"
"LBY","Libia","1999","17402.56838"
"LBY","Libia","2000","17747.01889"
"LBY","Libia","2001","17115.98886"
"LBY","Libia","2002","16629.43643"
"LBY","Libia","2003","18422.73360"
"LBY","Libia","2004","18851.20391"
"LBY","Libia","2005","20649.46246"
"LBY","Libia","2006","21545.29864"
"LBY","Libia","2007","22422.01176"
"LBY","Libia","2008","21915.19762"
"LBY","Libia","2009","20518.96424"
"LBY","Libia","2010","21115.52598"
"LBY","Libia","2011","10741.92068"
"LBY","Libia","2012","20601.00266"
"LBY","Libia","2013","16557.50094"
"LBY","Libia","2014","12499.08300"
"LBY","Libia","2015","12195.34870"
"LBY","Libia","2016","11831.82577"
"LBY","Libia","2017","15428.11644"
"LBY","Libia","2018","16385.16448"
"LBY","Libia","2019","14337.19630"
"LBY","Libia","2020","9978.66400"
"LBY","Libia","2021","12641.50977"
"LBY","Libia","2022","11450.05986"
"LBY","Libia","2023","12476.59749"
"LBY","Libia","2024","12583.83387"
"LBY","Libia","2025","14118.20644"
"LTU","Lituania","1990","20594.06238"
"LTU","Lituania","1991","19392.19507"
"LTU","Lituania","1992","15286.20396"
"LTU","Lituania","1993","12866.58979"
"LTU","Lituania","1994","11690.88611"
"LTU","Lituania","1995","12168.83327"
"LTU","Lituania","1996","12878.10015"
"LTU","Lituania","1997","14050.34988"
"LTU","Lituania","1998","15208.69785"
"LTU","Lituania","1999","15148.95703"
"LTU","Lituania","2000","15777.42938"
"LTU","Lituania","2001","16939.46706"
"LTU","Lituania","2002","18223.47826"
"LTU","Lituania","2003","20310.71196"
"LTU","Lituania","2004","21875.60858"
"LTU","Lituania","2005","23953.81507"
"LTU","Lituania","2006","26139.28378"
"LTU","Lituania","2007","29381.95215"
"LTU","Lituania","2008","30457.36825"
"LTU","Lituania","2009","26227.52302"
"LTU","Lituania","2010","26897.72437"
"LTU","Lituania","2011","29251.87747"
"LTU","Lituania","2012","30932.09832"
"LTU","Lituania","2013","32487.00082"
"LTU","Lituania","2014","33988.01490"
"LTU","Lituania","2015","35264.71492"
"LTU","Lituania","2016","36632.08328"
"LTU","Lituania","2017","38789.24632"
"LTU","Lituania","2018","41035.40182"
"LTU","Lituania","2019","43078.71186"
"LTU","Lituania","2020","43108.19761"
"LTU","Lituania","2021","45897.37150"
"LTU","Lituania","2022","46642.59473"
"LTU","Lituania","2023","46333.90070"
"LTU","Lituania","2024","47462.00394"
"LTU","Lituania","2025","48839.54365"
"LUX","Luxemburgo","1990","81455.03123"
"LUX","Luxemburgo","1991","87318.49767"
"LUX","Luxemburgo","1992","87734.20298"
"LUX","Luxemburgo","1993","90200.60127"
"LUX","Luxemburgo","1994","92380.41629"
"LUX","Luxemburgo","1995","92396.39827"
"LUX","Luxemburgo","1996","92421.57918"
"LUX","Luxemburgo","1997","96216.90387"
"LUX","Luxemburgo","1998","101369.82340"
"LUX","Luxemburgo","1999","108186.85297"
"LUX","Luxemburgo","2000","114148.35391"
"LUX","Luxemburgo","2001","116265.23037"
"LUX","Luxemburgo","2002","118764.33151"
"LUX","Luxemburgo","2003","120403.00202"
"LUX","Luxemburgo","2004","123725.75512"
"LUX","Luxemburgo","2005","124871.95252"
"LUX","Luxemburgo","2006","130290.17408"
"LUX","Luxemburgo","2007","138683.31985"
"LUX","Luxemburgo","2008","135814.60886"
"LUX","Luxemburgo","2009","129004.50895"
"LUX","Luxemburgo","2010","131434.36002"
"LUX","Luxemburgo","2011","129887.62696"
"LUX","Luxemburgo","2012","128897.40322"
"LUX","Luxemburgo","2013","129947.33618"
"LUX","Luxemburgo","2014","130249.55048"
"LUX","Luxemburgo","2015","130097.33829"
"LUX","Luxemburgo","2016","133661.73454"
"LUX","Luxemburgo","2017","132169.82958"
"LUX","Luxemburgo","2018","131733.88447"
"LUX","Luxemburgo","2019","132724.75467"
"LUX","Luxemburgo","2020","129865.63187"
"LUX","Luxemburgo","2021","136772.44375"
"LUX","Luxemburgo","2022","132570.83227"
"LUX","Luxemburgo","2023","130048.92227"
"LUX","Luxemburgo","2024","128475.28354"
"LUX","Luxemburgo","2025","127420.60163"
"LBN","Líbano","1990","5345.51210"
"LBN","Líbano","1991","7828.17201"
"LBN","Líbano","1992","8924.15265"
"LBN","Líbano","1993","9695.31549"
"LBN","Líbano","1994","10294.81277"
"LBN","Líbano","1995","10762.44270"
"LBN","Líbano","1996","11757.28249"
"LBN","Líbano","1997","11668.40069"
"LBN","Líbano","1998","11885.30723"
"LBN","Líbano","1999","11617.24977"
"LBN","Líbano","2000","11571.73260"
"LBN","Líbano","2001","11817.93050"
"LBN","Líbano","2002","12053.83416"
"LBN","Líbano","2003","12272.34407"
"LBN","Líbano","2004","12882.07580"
"LBN","Líbano","2005","13024.66489"
"LBN","Líbano","2006","13003.68080"
"LBN","Líbano","2007","13941.56142"
"LBN","Líbano","2008","14955.14136"
"LBN","Líbano","2009","16264.35062"
"LBN","Líbano","2010","17390.75840"
"LBN","Líbano","2011","17353.19608"
"LBN","Líbano","2012","17323.30138"
"LBN","Líbano","2013","16396.49693"
"LBN","Líbano","2014","15205.87327"
"LBN","Líbano","2015","14980.02052"
"LBN","Líbano","2016","15572.36117"
"LBN","Líbano","2017","16128.58382"
"LBN","Líbano","2018","16290.05165"
"LBN","Líbano","2019","15659.56610"
"LBN","Líbano","2020","12507.43664"
"LBN","Líbano","2021","11599.77551"
"LBN","Líbano","2022","11474.75058"
"LBN","Líbano","2023","11330.26874"
"LBN","Líbano","2024","10469.22110"
"MAC","Macao","1990","55300.74426"
"MAC","Macao","1991","54602.05449"
"MAC","Macao","1992","58652.78992"
"MAC","Macao","1993","59589.97591"
"MAC","Macao","1994","60120.65824"
"MAC","Macao","1995","60205.70864"
"MAC","Macao","1996","59115.23361"
"MAC","Macao","1997","58639.52503"
"MAC","Macao","1998","55296.50076"
"MAC","Macao","1999","53348.01269"
"MAC","Macao","2000","55994.76070"
"MAC","Macao","2001","57173.85910"
"MAC","Macao","2002","61625.95601"
"MAC","Macao","2003","67994.77753"
"MAC","Macao","2004","84004.45581"
"MAC","Macao","2005","87185.52544"
"MAC","Macao","2006","93828.31988"
"MAC","Macao","2007","102879.63916"
"MAC","Macao","2008","102474.66856"
"MAC","Macao","2009","104911.14034"
"MAC","Macao","2010","130758.28070"
"MAC","Macao","2011","155385.32421"
"MAC","Macao","2012","164239.26192"
"MAC","Macao","2013","174569.52317"
"MAC","Macao","2014","162813.43935"
"MAC","Macao","2015","123194.06729"
"MAC","Macao","2016","120530.05286"
"MAC","Macao","2017","133322.63268"
"MAC","Macao","2018","139541.15725"
"MAC","Macao","2019","133453.89603"
"MAC","Macao","2020","59662.48559"
"MAC","Macao","2021","73374.44868"
"MAC","Macao","2022","59921.44169"
"MAC","Macao","2023","104815.20003"
"MAC","Macao","2024","111693.50283"
"MAC","Macao","2025","117098.27485"
"MKD","Macedonia del Norte","1990","12904.48682"
"MKD","Macedonia del Norte","1991","12153.49840"
"MKD","Macedonia del Norte","1992","11486.72830"
"MKD","Macedonia del Norte","1993","10764.70224"
"MKD","Macedonia del Norte","1994","10650.73918"
"MKD","Macedonia del Norte","1995","10501.08885"
"MKD","Macedonia del Norte","1996","10551.52251"
"MKD","Macedonia del Norte","1997","10787.53063"
"MKD","Macedonia del Norte","1998","11092.82862"
"MKD","Macedonia del Norte","1999","11518.95673"
"MKD","Macedonia del Norte","2000","11988.24488"
"MKD","Macedonia del Norte","2001","11571.81123"
"MKD","Macedonia del Norte","2002","11830.26261"
"MKD","Macedonia del Norte","2003","12077.84901"
"MKD","Macedonia del Norte","2004","12683.38091"
"MKD","Macedonia del Norte","2005","13354.46115"
"MKD","Macedonia del Norte","2006","14118.22979"
"MKD","Macedonia del Norte","2007","15118.24367"
"MKD","Macedonia del Norte","2008","16038.04135"
"MKD","Macedonia del Norte","2009","16084.22797"
"MKD","Macedonia del Norte","2010","16731.09018"
"MKD","Macedonia del Norte","2011","17201.23616"
"MKD","Macedonia del Norte","2012","17189.99563"
"MKD","Macedonia del Norte","2013","17758.22756"
"MKD","Macedonia del Norte","2014","18452.20623"
"MKD","Macedonia del Norte","2015","19215.07404"
"MKD","Macedonia del Norte","2016","19825.77247"
"MKD","Macedonia del Norte","2017","20121.05102"
"MKD","Macedonia del Norte","2018","20805.92212"
"MKD","Macedonia del Norte","2019","21766.88421"
"MKD","Macedonia del Norte","2020","20971.44210"
"MKD","Macedonia del Norte","2021","22144.19243"
"MKD","Macedonia del Norte","2022","22822.23340"
"MKD","Macedonia del Norte","2023","23455.22213"
"MKD","Macedonia del Norte","2024","24203.18558"
"MKD","Macedonia del Norte","2025","25094.62250"
"MDG","Madagascar","1990","1968.27240"
"MDG","Madagascar","1991","1789.84169"
"MDG","Madagascar","1992","1757.29460"
"MDG","Madagascar","1993","1740.29514"
"MDG","Madagascar","1994","1686.34191"
"MDG","Madagascar","1995","1661.27062"
"MDG","Madagascar","1996","1643.32580"
"MDG","Madagascar","1997","1649.44809"
"MDG","Madagascar","1998","1658.88849"
"MDG","Madagascar","1999","1681.35933"
"MDG","Madagascar","2000","1701.44320"
"MDG","Madagascar","2001","1748.50351"
"MDG","Madagascar","2002","1486.43430"
"MDG","Madagascar","2003","1584.74925"
"MDG","Madagascar","2004","1620.11954"
"MDG","Madagascar","2005","1648.17632"
"MDG","Madagascar","2006","1686.86335"
"MDG","Madagascar","2007","1731.61752"
"MDG","Madagascar","2008","1794.40236"
"MDG","Madagascar","2009","1673.15551"
"MDG","Madagascar","2010","1635.24511"
"MDG","Madagascar","2011","1614.55138"
"MDG","Madagascar","2012","1617.79083"
"MDG","Madagascar","2013","1610.60231"
"MDG","Madagascar","2014","1620.35789"
"MDG","Madagascar","2015","1627.58061"
"MDG","Madagascar","2016","1648.91227"
"MDG","Madagascar","2017","1669.72764"
"MDG","Madagascar","2018","1678.78623"
"MDG","Madagascar","2019","1707.83154"
"MDG","Madagascar","2020","1545.72714"
"MDG","Madagascar","2021","1577.43246"
"MDG","Madagascar","2022","1602.42805"
"MDG","Madagascar","2023","1629.60552"
"MDG","Madagascar","2024","1659.15031"
"MDG","Madagascar","2025","1668.47702"
"MYS","Malasia","1990","12013.69695"
"MYS","Malasia","1991","12795.04990"
"MYS","Malasia","1992","13567.89361"
"MYS","Malasia","1993","14533.79040"
"MYS","Malasia","1994","15474.01446"
"MYS","Malasia","1995","16568.51606"
"MYS","Malasia","1996","17771.71188"
"MYS","Malasia","1997","18604.51453"
"MYS","Malasia","1998","16817.17192"
"MYS","Malasia","1999","17428.62566"
"MYS","Malasia","2000","18532.90967"
"MYS","Malasia","2001","18186.44113"
"MYS","Malasia","2002","18708.86949"
"MYS","Malasia","2003","19329.00628"
"MYS","Malasia","2004","20168.50621"
"MYS","Malasia","2005","20767.58572"
"MYS","Malasia","2006","21444.48577"
"MYS","Malasia","2007","22305.11826"
"MYS","Malasia","2008","22898.00276"
"MYS","Malasia","2009","22106.64173"
"MYS","Malasia","2010","23307.96985"
"MYS","Malasia","2011","24115.81812"
"MYS","Malasia","2012","25006.35878"
"MYS","Malasia","2013","25736.35256"
"MYS","Malasia","2014","26818.43173"
"MYS","Malasia","2015","27699.62789"
"MYS","Malasia","2016","28425.37076"
"MYS","Malasia","2017","29551.54576"
"MYS","Malasia","2018","30459.96553"
"MYS","Malasia","2019","31300.50866"
"MYS","Malasia","2020","29200.45263"
"MYS","Malasia","2021","29822.84918"
"MYS","Malasia","2022","32129.22178"
"MYS","Malasia","2023","32857.66766"
"MYS","Malasia","2024","34116.23178"
"MYS","Malasia","2025","35461.44658"
"MWI","Malawi","1990","1047.46436"
"MWI","Malawi","1991","1104.39046"
"MWI","Malawi","1992","994.03650"
"MWI","Malawi","1993","1074.58485"
"MWI","Malawi","1994","975.84964"
"MWI","Malawi","1995","1140.75609"
"MWI","Malawi","1996","1200.32058"
"MWI","Malawi","1997","1221.09405"
"MWI","Malawi","1998","1241.52433"
"MWI","Malawi","1999","1249.77523"
"MWI","Malawi","2000","1239.39175"
"MWI","Malawi","2001","1149.58040"
"MWI","Malawi","2002","1140.84275"
"MWI","Malawi","2003","1176.12386"
"MWI","Malawi","2004","1208.21970"
"MWI","Malawi","2005","1214.74264"
"MWI","Malawi","2006","1237.27387"
"MWI","Malawi","2007","1318.33196"
"MWI","Malawi","2008","1378.42887"
"MWI","Malawi","2009","1449.72602"
"MWI","Malawi","2010","1504.37514"
"MWI","Malawi","2011","1533.22890"
"MWI","Malawi","2012","1518.14804"
"MWI","Malawi","2013","1555.50607"
"MWI","Malawi","2014","1597.56484"
"MWI","Malawi","2015","1597.69145"
"MWI","Malawi","2016","1593.59549"
"MWI","Malawi","2017","1613.05936"
"MWI","Malawi","2018","1638.91666"
"MWI","Malawi","2019","1687.28945"
"MWI","Malawi","2020","1656.43985"
"MWI","Malawi","2021","1687.59358"
"MWI","Malawi","2022","1659.95934"
"MWI","Malawi","2023","1649.29873"
"MWI","Malawi","2024","1634.24660"
"MWI","Malawi","2025","1623.02179"
"MDV","Maldivas","1990","8945.80479"
"MDV","Maldivas","1991","8799.25511"
"MDV","Maldivas","1992","9120.99183"
"MDV","Maldivas","1993","9378.52244"
"MDV","Maldivas","1994","9866.07503"
"MDV","Maldivas","1995","10894.17302"
"MDV","Maldivas","1996","11495.09886"
"MDV","Maldivas","1997","12210.96872"
"MDV","Maldivas","1998","12884.72232"
"MDV","Maldivas","1999","13449.20267"
"MDV","Maldivas","2000","13738.28094"
"MDV","Maldivas","2001","12977.99907"
"MDV","Maldivas","2002","13689.80656"
"MDV","Maldivas","2003","15316.11928"
"MDV","Maldivas","2004","15958.65578"
"MDV","Maldivas","2005","13942.87539"
"MDV","Maldivas","2006","16829.97682"
"MDV","Maldivas","2007","17439.95049"
"MDV","Maldivas","2008","18344.48665"
"MDV","Maldivas","2009","16230.00894"
"MDV","Maldivas","2010","16730.01442"
"MDV","Maldivas","2011","17581.76767"
"MDV","Maldivas","2012","17390.14750"
"MDV","Maldivas","2013","17986.89074"
"MDV","Maldivas","2014","18765.35921"
"MDV","Maldivas","2015","18829.44815"
"MDV","Maldivas","2016","19345.17923"
"MDV","Maldivas","2017","20036.71654"
"MDV","Maldivas","2018","21072.58052"
"MDV","Maldivas","2019","21855.50122"
"MDV","Maldivas","2020","14242.97507"
"MDV","Maldivas","2021","19052.62249"
"MDV","Maldivas","2022","21357.81125"
"MDV","Maldivas","2023","22333.04771"
"MDV","Maldivas","2024","23034.40984"
"MDV","Maldivas","2025","24401.31593"
"MLT","Malta","1990","18208.10560"
"MLT","Malta","1991","18832.83082"
"MLT","Malta","1992","19513.91074"
"MLT","Malta","1993","20185.66449"
"MLT","Malta","1994","21127.84953"
"MLT","Malta","1995","22311.79294"
"MLT","Malta","1996","23003.06672"
"MLT","Malta","1997","24029.78793"
"MLT","Malta","1998","25097.80834"
"MLT","Malta","1999","26127.06143"
"MLT","Malta","2000","31068.07845"
"MLT","Malta","2001","30602.11000"
"MLT","Malta","2002","31207.43221"
"MLT","Malta","2003","32147.87575"
"MLT","Malta","2004","32062.76412"
"MLT","Malta","2005","32776.96837"
"MLT","Malta","2006","33420.71411"
"MLT","Malta","2007","34981.70210"
"MLT","Malta","2008","36287.72610"
"MLT","Malta","2009","35512.67746"
"MLT","Malta","2010","37528.73415"
"MLT","Malta","2011","37740.84737"
"MLT","Malta","2012","38937.14878"
"MLT","Malta","2013","40921.31678"
"MLT","Malta","2014","43163.14730"
"MLT","Malta","2015","46171.88934"
"MLT","Malta","2016","46967.34863"
"MLT","Malta","2017","51628.26774"
"MLT","Malta","2018","53419.00227"
"MLT","Malta","2019","53393.42316"
"MLT","Malta","2020","50389.69633"
"MLT","Malta","2021","56823.99585"
"MLT","Malta","2022","56874.43393"
"MLT","Malta","2023","60459.76552"
"MLT","Malta","2024","62398.48924"
"MLT","Malta","2025","63655.51607"
"MLI","Malí","1990","1890.50213"
"MLI","Malí","1991","2087.91903"
"MLI","Malí","1992","1942.72857"
"MLI","Malí","1993","1985.38065"
"MLI","Malí","1994","2051.75478"
"MLI","Malí","1995","2022.40378"
"MLI","Malí","1996","2105.27530"
"MLI","Malí","1997","2142.78769"
"MLI","Malí","1998","2228.20056"
"MLI","Malí","1999","2269.08741"
"MLI","Malí","2000","2187.71894"
"MLI","Malí","2001","2458.46156"
"MLI","Malí","2002","2455.61936"
"MLI","Malí","2003","2611.83686"
"MLI","Malí","2004","2565.97745"
"MLI","Malí","2005","2546.33281"
"MLI","Malí","2006","2555.07476"
"MLI","Malí","2007","2515.94692"
"MLI","Malí","2008","2523.19961"
"MLI","Malí","2009","2575.54550"
"MLI","Malí","2010","2632.26468"
"MLI","Malí","2011","2623.34627"
"MLI","Malí","2012","2520.52931"
"MLI","Malí","2013","2528.53007"
"MLI","Malí","2014","2609.16733"
"MLI","Malí","2015","2686.56065"
"MLI","Malí","2016","2759.11051"
"MLI","Malí","2017","2816.19424"
"MLI","Malí","2018","2862.40729"
"MLI","Malí","2019","2916.17168"
"MLI","Malí","2020","2796.41038"
"MLI","Malí","2021","2796.22794"
"MLI","Malí","2022","2813.81096"
"MLI","Malí","2023","2861.48058"
"MLI","Malí","2024","2917.93246"
"MLI","Malí","2025","2993.25166"
"MAR","Marruecos","1990","4418.66016"
"MAR","Marruecos","1991","4656.12598"
"MAR","Marruecos","1992","4483.24951"
"MAR","Marruecos","1993","4379.76416"
"MAR","Marruecos","1994","4771.09277"
"MAR","Marruecos","1995","4444.22852"
"MAR","Marruecos","1996","4916.47998"
"MAR","Marruecos","1997","4766.11035"
"MAR","Marruecos","1998","5033.92334"
"MAR","Marruecos","1999","5043.66504"
"MAR","Marruecos","2000","5100.11572"
"MAR","Marruecos","2001","5417.57861"
"MAR","Marruecos","2002","5544.07178"
"MAR","Marruecos","2003","5810.05322"
"MAR","Marruecos","2004","5996.39014"
"MAR","Marruecos","2005","6103.42236"
"MAR","Marruecos","2006","6488.67383"
"MAR","Marruecos","2007","6620.59033"
"MAR","Marruecos","2008","6901.95068"
"MAR","Marruecos","2009","7063.72705"
"MAR","Marruecos","2010","7210.63672"
"MAR","Marruecos","2011","7503.79297"
"MAR","Marruecos","2012","7628.64404"
"MAR","Marruecos","2013","7839.03223"
"MAR","Marruecos","2014","7951.79834"
"MAR","Marruecos","2015","8198.80859"
"MAR","Marruecos","2016","8141.94043"
"MAR","Marruecos","2017","8450.00879"
"MAR","Marruecos","2018","8611.75000"
"MAR","Marruecos","2019","8768.17578"
"MAR","Marruecos","2020","8054.56299"
"MAR","Marruecos","2021","8623.26562"
"MAR","Marruecos","2022","8690.44824"
"MAR","Marruecos","2023","8915.35156"
"MAR","Marruecos","2024","9162.74707"
"MAR","Marruecos","2025","9495.40527"
"MUS","Mauricio","1990","8986.03307"
"MUS","Mauricio","1991","9283.84516"
"MUS","Mauricio","1992","9759.21929"
"MUS","Mauricio","1993","10134.32738"
"MUS","Mauricio","1994","10406.77139"
"MUS","Mauricio","1995","10760.05800"
"MUS","Mauricio","1996","11245.70597"
"MUS","Mauricio","1997","11737.41515"
"MUS","Mauricio","1998","12319.88665"
"MUS","Mauricio","1999","12481.86220"
"MUS","Mauricio","2000","13373.65580"
"MUS","Mauricio","2001","13712.57939"
"MUS","Mauricio","2002","13837.62580"
"MUS","Mauricio","2003","14551.87844"
"MUS","Mauricio","2004","15087.06878"
"MUS","Mauricio","2005","15264.59818"
"MUS","Mauricio","2006","15932.81922"
"MUS","Mauricio","2007","16774.56851"
"MUS","Mauricio","2008","17627.11219"
"MUS","Mauricio","2009","18171.68700"
"MUS","Mauricio","2010","18925.57139"
"MUS","Mauricio","2011","19678.60226"
"MUS","Mauricio","2012","20313.03289"
"MUS","Mauricio","2013","20952.37757"
"MUS","Mauricio","2014","21721.30964"
"MUS","Mauricio","2015","22499.02546"
"MUS","Mauricio","2016","23357.23001"
"MUS","Mauricio","2017","24258.98882"
"MUS","Mauricio","2018","25243.88646"
"MUS","Mauricio","2019","25958.49003"
"MUS","Mauricio","2020","22272.53987"
"MUS","Mauricio","2021","23010.20138"
"MUS","Mauricio","2022","25005.06661"
"MUS","Mauricio","2023","26471.03514"
"MUS","Mauricio","2024","27844.89561"
"MUS","Mauricio","2025","28769.51283"
"MRT","Mauritania","1990","5519.61034"
"MRT","Mauritania","1991","5456.55576"
"MRT","Mauritania","1992","5350.11804"
"MRT","Mauritania","1993","5439.82229"
"MRT","Mauritania","1994","5097.20839"
"MRT","Mauritania","1995","5446.26956"
"MRT","Mauritania","1996","5650.34118"
"MRT","Mauritania","1997","5302.36663"
"MRT","Mauritania","1998","5310.15819"
"MRT","Mauritania","1999","5359.98882"
"MRT","Mauritania","2000","5008.60807"
"MRT","Mauritania","2001","4847.41086"
"MRT","Mauritania","2002","4806.89853"
"MRT","Mauritania","2003","5023.65213"
"MRT","Mauritania","2004","5139.22552"
"MRT","Mauritania","2005","5445.82951"
"MRT","Mauritania","2006","6284.70209"
"MRT","Mauritania","2007","6002.77832"
"MRT","Mauritania","2008","5813.35609"
"MRT","Mauritania","2009","5639.78745"
"MRT","Mauritania","2010","5605.76389"
"MRT","Mauritania","2011","5653.21720"
"MRT","Mauritania","2012","5716.25195"
"MRT","Mauritania","2013","5769.72871"
"MRT","Mauritania","2014","5837.85203"
"MRT","Mauritania","2015","5969.54239"
"MRT","Mauritania","2016","5866.28145"
"MRT","Mauritania","2017","6050.62180"
"MRT","Mauritania","2018","6153.63790"
"MRT","Mauritania","2019","6162.21044"
"MRT","Mauritania","2020","5963.23550"
"MRT","Mauritania","2021","5836.56581"
"MRT","Mauritania","2022","6053.26178"
"MRT","Mauritania","2023","6276.47521"
"MRT","Mauritania","2024","6482.69017"
"MRT","Mauritania","2025","6559.04322"
"IDB","Mezcla de AIF","1990","4385.82960"
"IDB","Mezcla de AIF","1991","4338.34143"
"IDB","Mezcla de AIF","1992","4344.30592"
"IDB","Mezcla de AIF","1993","4209.84706"
"IDB","Mezcla de AIF","1994","4135.19963"
"IDB","Mezcla de AIF","1995","4118.57023"
"IDB","Mezcla de AIF","1996","4199.25702"
"IDB","Mezcla de AIF","1997","4188.90517"
"IDB","Mezcla de AIF","1998","4194.86577"
"IDB","Mezcla de AIF","1999","4168.20857"
"IDB","Mezcla de AIF","2000","4209.15488"
"IDB","Mezcla de AIF","2001","4267.87486"
"IDB","Mezcla de AIF","2002","4439.21009"
"IDB","Mezcla de AIF","2003","4529.62136"
"IDB","Mezcla de AIF","2004","4746.79902"
"IDB","Mezcla de AIF","2005","4907.66393"
"IDB","Mezcla de AIF","2006","5061.17002"
"IDB","Mezcla de AIF","2007","5195.80809"
"IDB","Mezcla de AIF","2008","5272.70196"
"IDB","Mezcla de AIF","2009","5444.50752"
"IDB","Mezcla de AIF","2010","5622.53924"
"IDB","Mezcla de AIF","2011","5723.39317"
"IDB","Mezcla de AIF","2012","5846.37428"
"IDB","Mezcla de AIF","2013","6049.35770"
"IDB","Mezcla de AIF","2014","6263.27766"
"IDB","Mezcla de AIF","2015","6369.42235"
"IDB","Mezcla de AIF","2016","6379.73620"
"IDB","Mezcla de AIF","2017","6424.09548"
"IDB","Mezcla de AIF","2018","6540.02977"
"IDB","Mezcla de AIF","2019","6597.29007"
"IDB","Mezcla de AIF","2020","6248.18009"
"IDB","Mezcla de AIF","2021","6382.99567"
"IDB","Mezcla de AIF","2022","6554.67364"
"IDB","Mezcla de AIF","2023","6605.73413"
"IDB","Mezcla de AIF","2024","6743.39624"
"IDB","Mezcla de AIF","2025","6912.88243"
"FSM","Micronesia","1990","3119.81175"
"FSM","Micronesia","1991","3290.66674"
"FSM","Micronesia","1992","3355.54827"
"FSM","Micronesia","1993","3552.11500"
"FSM","Micronesia","1994","3468.05347"
"FSM","Micronesia","1995","3672.43126"
"FSM","Micronesia","1996","3534.41609"
"FSM","Micronesia","1997","3304.11609"
"FSM","Micronesia","1998","3388.51252"
"FSM","Micronesia","1999","3417.46540"
"FSM","Micronesia","2000","3563.89180"
"FSM","Micronesia","2001","3618.39396"
"FSM","Micronesia","2002","3631.74876"
"FSM","Micronesia","2003","3701.13265"
"FSM","Micronesia","2004","3594.57719"
"FSM","Micronesia","2005","3710.19850"
"FSM","Micronesia","2006","3717.65782"
"FSM","Micronesia","2007","3684.20209"
"FSM","Micronesia","2008","3622.04887"
"FSM","Micronesia","2009","3702.36132"
"FSM","Micronesia","2010","3780.25133"
"FSM","Micronesia","2011","3917.44641"
"FSM","Micronesia","2012","3847.14744"
"FSM","Micronesia","2013","3696.74550"
"FSM","Micronesia","2014","3592.81901"
"FSM","Micronesia","2015","3739.35969"
"FSM","Micronesia","2016","3774.03193"
"FSM","Micronesia","2017","3838.04534"
"FSM","Micronesia","2018","3838.64055"
"FSM","Micronesia","2019","3965.05377"
"FSM","Micronesia","2020","3861.29320"
"FSM","Micronesia","2021","3955.73141"
"FSM","Micronesia","2022","3815.79466"
"FSM","Micronesia","2023","3841.27117"
"FSM","Micronesia","2024","3911.26632"
"FSM","Micronesia","2025","3934.64268"
"OED","Miembros de la OCDE","1990","33168.22983"
"OED","Miembros de la OCDE","1991","33242.63527"
"OED","Miembros de la OCDE","1992","33616.31220"
"OED","Miembros de la OCDE","1993","33779.83961"
"OED","Miembros de la OCDE","1994","34580.69017"
"OED","Miembros de la OCDE","1995","35240.99900"
"OED","Miembros de la OCDE","1996","36072.58724"
"OED","Miembros de la OCDE","1997","37129.65622"
"OED","Miembros de la OCDE","1998","37920.90129"
"OED","Miembros de la OCDE","1999","38877.18071"
"OED","Miembros de la OCDE","2000","40219.70682"
"OED","Miembros de la OCDE","2001","40475.88139"
"OED","Miembros de la OCDE","2002","40811.34715"
"OED","Miembros de la OCDE","2003","41333.23243"
"OED","Miembros de la OCDE","2004","42397.86673"
"OED","Miembros de la OCDE","2005","43314.46685"
"OED","Miembros de la OCDE","2006","44393.88129"
"OED","Miembros de la OCDE","2007","45303.21528"
"OED","Miembros de la OCDE","2008","45165.48223"
"OED","Miembros de la OCDE","2009","43274.19247"
"OED","Miembros de la OCDE","2010","44296.38423"
"OED","Miembros de la OCDE","2011","44960.67213"
"OED","Miembros de la OCDE","2012","45281.10250"
"OED","Miembros de la OCDE","2013","45741.98599"
"OED","Miembros de la OCDE","2014","46491.78998"
"OED","Miembros de la OCDE","2015","47398.55620"
"OED","Miembros de la OCDE","2016","47990.22032"
"OED","Miembros de la OCDE","2017","49000.24503"
"OED","Miembros de la OCDE","2018","49885.22968"
"OED","Miembros de la OCDE","2019","50499.18286"
"OED","Miembros de la OCDE","2020","48279.85787"
"OED","Miembros de la OCDE","2021","51208.83364"
"OED","Miembros de la OCDE","2022","52633.51586"
"OED","Miembros de la OCDE","2023","53203.82035"
"OED","Miembros de la OCDE","2024","53798.05994"
"OED","Miembros de la OCDE","2025","54545.76353"
"MDA","Moldavia","1990","15902.89432"
"MDA","Moldavia","1991","13342.06002"
"MDA","Moldavia","1992","9461.42773"
"MDA","Moldavia","1993","9363.59310"
"MDA","Moldavia","1994","6490.35310"
"MDA","Moldavia","1995","6428.83979"
"MDA","Moldavia","1996","6063.14052"
"MDA","Moldavia","1997","6185.83952"
"MDA","Moldavia","1998","5783.48594"
"MDA","Moldavia","1999","5597.46513"
"MDA","Moldavia","2000","5727.07923"
"MDA","Moldavia","2001","6090.03474"
"MDA","Moldavia","2002","6580.27841"
"MDA","Moldavia","2003","7034.35785"
"MDA","Moldavia","2004","7573.61785"
"MDA","Moldavia","2005","8161.47345"
"MDA","Moldavia","2006","8577.02858"
"MDA","Moldavia","2007","8854.83398"
"MDA","Moldavia","2008","9563.69814"
"MDA","Moldavia","2009","9001.23432"
"MDA","Moldavia","2010","9649.95099"
"MDA","Moldavia","2011","10217.30878"
"MDA","Moldavia","2012","10158.38547"
"MDA","Moldavia","2013","11080.06346"
"MDA","Moldavia","2014","11641.12084"
"MDA","Moldavia","2015","11691.07975"
"MDA","Moldavia","2016","12377.36668"
"MDA","Moldavia","2017","13118.82194"
"MDA","Moldavia","2018","13895.50437"
"MDA","Moldavia","2019","14621.24014"
"MDA","Moldavia","2020","13559.26002"
"MDA","Moldavia","2021","15682.07033"
"MDA","Moldavia","2022","15350.31204"
"MDA","Moldavia","2023","15980.56689"
"MDA","Moldavia","2024","16393.86333"
"MDA","Moldavia","2025","17087.18740"
"MNG","Mongolia","1990","6637.81927"
"MNG","Mongolia","1991","5874.25558"
"MNG","Mongolia","1992","5324.48760"
"MNG","Mongolia","1993","5162.09987"
"MNG","Mongolia","1994","5213.84633"
"MNG","Mongolia","1995","5457.68502"
"MNG","Mongolia","1996","5494.32134"
"MNG","Mongolia","1997","5628.10663"
"MNG","Mongolia","1998","5735.84384"
"MNG","Mongolia","1999","5829.16641"
"MNG","Mongolia","2000","5818.24308"
"MNG","Mongolia","2001","5917.07088"
"MNG","Mongolia","2002","6117.98242"
"MNG","Mongolia","2003","6463.78967"
"MNG","Mongolia","2004","7070.66716"
"MNG","Mongolia","2005","7499.84804"
"MNG","Mongolia","2006","8043.99678"
"MNG","Mongolia","2007","8750.13407"
"MNG","Mongolia","2008","9379.85490"
"MNG","Mongolia","2009","9095.97699"
"MNG","Mongolia","2010","9507.11882"
"MNG","Mongolia","2011","10960.09593"
"MNG","Mongolia","2012","12078.91853"
"MNG","Mongolia","2013","13210.09457"
"MNG","Mongolia","2014","13943.42771"
"MNG","Mongolia","2015","13974.59673"
"MNG","Mongolia","2016","13898.14570"
"MNG","Mongolia","2017","14401.53751"
"MNG","Mongolia","2018","15230.24088"
"MNG","Mongolia","2019","15790.69611"
"MNG","Mongolia","2020","14801.34208"
"MNG","Mongolia","2021","14792.25091"
"MNG","Mongolia","2022","15310.43495"
"MNG","Mongolia","2023","16222.86389"
"MNG","Mongolia","2024","16842.65059"
"MNG","Mongolia","2025","17772.53422"
"MNE","Montenegro","1997","14638.73635"
"MNE","Montenegro","1998","15402.98800"
"MNE","Montenegro","1999","13993.35774"
"MNE","Montenegro","2000","14452.21614"
"MNE","Montenegro","2001","14552.49568"
"MNE","Montenegro","2002","14770.25522"
"MNE","Montenegro","2003","15076.65139"
"MNE","Montenegro","2004","15716.07557"
"MNE","Montenegro","2005","16348.89945"
"MNE","Montenegro","2006","17727.36604"
"MNE","Montenegro","2007","18966.45296"
"MNE","Montenegro","2008","20238.92165"
"MNE","Montenegro","2009","18984.93791"
"MNE","Montenegro","2010","19476.16262"
"MNE","Montenegro","2011","20110.48697"
"MNE","Montenegro","2012","19576.41205"
"MNE","Montenegro","2013","20201.29163"
"MNE","Montenegro","2014","20641.76452"
"MNE","Montenegro","2015","21131.84103"
"MNE","Montenegro","2016","21834.09187"
"MNE","Montenegro","2017","22513.78076"
"MNE","Montenegro","2018","23562.17626"
"MNE","Montenegro","2019","24585.11595"
"MNE","Montenegro","2020","20904.59993"
"MNE","Montenegro","2021","23689.97911"
"MNE","Montenegro","2022","25583.31557"
"MNE","Montenegro","2023","27243.40423"
"MNE","Montenegro","2024","28105.59277"
"MNE","Montenegro","2025","28895.31720"
"MOZ","Mozambique","1990","547.62278"
"MOZ","Mozambique","1991","563.51210"
"MOZ","Mozambique","1992","510.82282"
"MOZ","Mozambique","1993","549.04876"
"MOZ","Mozambique","1994","546.20969"
"MOZ","Mozambique","1995","525.41867"
"MOZ","Mozambique","1996","562.85746"
"MOZ","Mozambique","1997","612.37155"
"MOZ","Mozambique","1998","660.65018"
"MOZ","Mozambique","1999","722.30556"
"MOZ","Mozambique","2000","711.97639"
"MOZ","Mozambique","2001","785.79017"
"MOZ","Mozambique","2002","842.64527"
"MOZ","Mozambique","2003","883.23912"
"MOZ","Mozambique","2004","934.13396"
"MOZ","Mozambique","2005","970.38996"
"MOZ","Mozambique","2006","1041.80472"
"MOZ","Mozambique","2007","1095.12569"
"MOZ","Mozambique","2008","1141.94256"
"MOZ","Mozambique","2009","1178.70910"
"MOZ","Mozambique","2010","1224.23020"
"MOZ","Mozambique","2011","1275.52960"
"MOZ","Mozambique","2012","1338.51595"
"MOZ","Mozambique","2013","1385.83255"
"MOZ","Mozambique","2014","1449.92927"
"MOZ","Mozambique","2015","1512.59975"
"MOZ","Mozambique","2016","1537.90853"
"MOZ","Mozambique","2017","1532.00736"
"MOZ","Mozambique","2018","1538.83512"
"MOZ","Mozambique","2019","1528.88988"
"MOZ","Mozambique","2020","1466.12476"
"MOZ","Mozambique","2021","1457.23541"
"MOZ","Mozambique","2022","1476.73433"
"MOZ","Mozambique","2023","1512.66730"
"MOZ","Mozambique","2024","1500.70759"
"MOZ","Mozambique","2025","1450.95955"
"WLD","Mundo","1990","11275.13398"
"WLD","Mundo","1991","11183.41069"
"WLD","Mundo","1992","11147.55760"
"WLD","Mundo","1993","11138.33219"
"WLD","Mundo","1994","11264.77783"
"WLD","Mundo","1995","11442.80415"
"WLD","Mundo","1996","11691.70786"
"WLD","Mundo","1997","11979.72380"
"WLD","Mundo","1998","12098.40319"
"WLD","Mundo","1999","12360.74333"
"WLD","Mundo","2000","12780.63814"
"WLD","Mundo","2001","12915.05532"
"WLD","Mundo","2002","13104.34680"
"WLD","Mundo","2003","13410.59783"
"WLD","Mundo","2004","13921.34010"
"WLD","Mundo","2005","14377.20536"
"WLD","Mundo","2006","14934.69330"
"WLD","Mundo","2007","15519.53751"
"WLD","Mundo","2008","15756.19739"
"WLD","Mundo","2009","15456.59251"
"WLD","Mundo","2010","16050.85285"
"WLD","Mundo","2011","16478.65087"
"WLD","Mundo","2012","16785.05388"
"WLD","Mundo","2013","17121.72318"
"WLD","Mundo","2014","17502.78046"
"WLD","Mundo","2015","17870.97974"
"WLD","Mundo","2016","18234.01877"
"WLD","Mundo","2017","18714.57368"
"WLD","Mundo","2018","19189.49223"
"WLD","Mundo","2019","19551.08537"
"WLD","Mundo","2020","18812.49218"
"WLD","Mundo","2021","19875.56692"
"WLD","Mundo","2022","20421.73368"
"WLD","Mundo","2023","20894.86637"
"WLD","Mundo","2024","21393.18436"
"WLD","Mundo","2025","21913.50949"
"ARB","Mundo árabe","1990","11355.17184"
"ARB","Mundo árabe","1991","10925.48032"
"ARB","Mundo árabe","1992","11328.28318"
"ARB","Mundo árabe","1993","11373.87561"
"ARB","Mundo árabe","1994","11407.57995"
"ARB","Mundo árabe","1995","11439.96524"
"ARB","Mundo árabe","1996","11727.91769"
"ARB","Mundo árabe","1997","12060.41627"
"ARB","Mundo árabe","1998","12414.08090"
"ARB","Mundo árabe","1999","12498.04488"
"ARB","Mundo árabe","2000","12951.14884"
"ARB","Mundo árabe","2001","12942.28012"
"ARB","Mundo árabe","2002","12809.53866"
"ARB","Mundo árabe","2003","12908.17857"
"ARB","Mundo árabe","2004","13743.60111"
"ARB","Mundo árabe","2005","14138.38734"
"ARB","Mundo árabe","2006","14630.40799"
"ARB","Mundo árabe","2007","14935.56471"
"ARB","Mundo árabe","2008","15396.83190"
"ARB","Mundo árabe","2009","15212.25191"
"ARB","Mundo árabe","2010","15618.61547"
"ARB","Mundo árabe","2011","15945.18237"
"ARB","Mundo árabe","2012","16186.27394"
"ARB","Mundo árabe","2013","16119.45649"
"ARB","Mundo árabe","2014","16172.63512"
"ARB","Mundo árabe","2015","16397.49088"
"ARB","Mundo árabe","2016","16632.42977"
"ARB","Mundo árabe","2017","16568.80217"
"ARB","Mundo árabe","2018","16749.89777"
"ARB","Mundo árabe","2019","16808.65193"
"ARB","Mundo árabe","2020","15768.04105"
"ARB","Mundo árabe","2021","16194.23044"
"ARB","Mundo árabe","2022","16933.16860"
"ARB","Mundo árabe","2023","16830.75949"
"ARB","Mundo árabe","2024","16802.42930"
"ARB","Mundo árabe","2025","17050.84985"
"MMR","Myanmar","1990","775.32825"
"MMR","Myanmar","1991","759.28276"
"MMR","Myanmar","1992","821.32776"
"MMR","Myanmar","1993","859.34553"
"MMR","Myanmar","1994","911.46843"
"MMR","Myanmar","1995","962.20942"
"MMR","Myanmar","1996","1011.15993"
"MMR","Myanmar","1997","1054.76743"
"MMR","Myanmar","1998","1102.79096"
"MMR","Myanmar","1999","1209.01643"
"MMR","Myanmar","2000","1359.93039"
"MMR","Myanmar","2001","1498.31163"
"MMR","Myanmar","2002","1661.73589"
"MMR","Myanmar","2003","1874.17128"
"MMR","Myanmar","2004","2110.23728"
"MMR","Myanmar","2005","2377.90258"
"MMR","Myanmar","2006","2669.32700"
"MMR","Myanmar","2007","2968.30332"
"MMR","Myanmar","2008","3254.73898"
"MMR","Myanmar","2009","3578.17425"
"MMR","Myanmar","2010","3893.79031"
"MMR","Myanmar","2011","4078.61221"
"MMR","Myanmar","2012","4340.99945"
"MMR","Myanmar","2013","4666.95376"
"MMR","Myanmar","2014","5006.50667"
"MMR","Myanmar","2015","5313.88616"
"MMR","Myanmar","2016","5580.98977"
"MMR","Myanmar","2017","5877.87466"
"MMR","Myanmar","2018","6201.26341"
"MMR","Myanmar","2019","6562.98898"
"MMR","Myanmar","2020","5926.83450"
"MMR","Myanmar","2021","5178.44718"
"MMR","Myanmar","2022","5350.47667"
"MMR","Myanmar","2023","5364.13797"
"MMR","Myanmar","2024","5276.29434"
"MMR","Myanmar","2025","5137.10049"
"MEX","México","1990","17169.59259"
"MEX","México","1991","17511.73131"
"MEX","México","1992","17796.40597"
"MEX","México","1993","17970.58719"
"MEX","México","1994","18422.81993"
"MEX","México","1995","17028.12150"
"MEX","México","1996","17775.87279"
"MEX","México","1997","18737.64265"
"MEX","México","1998","19573.06546"
"MEX","México","1999","19793.28529"
"MEX","México","2000","20470.49377"
"MEX","México","2001","20078.21839"
"MEX","México","2002","19744.79337"
"MEX","México","2003","19701.46339"
"MEX","México","2004","20127.22429"
"MEX","México","2005","20277.25529"
"MEX","México","2006","20965.82561"
"MEX","México","2007","21102.26883"
"MEX","México","2008","20992.56027"
"MEX","México","2009","19385.54373"
"MEX","México","2010","20058.38549"
"MEX","México","2011","20457.60017"
"MEX","México","2012","20898.93572"
"MEX","México","2013","20805.34804"
"MEX","México","2014","21069.76617"
"MEX","México","2015","21408.92832"
"MEX","México","2016","21578.26335"
"MEX","México","2017","21777.52251"
"MEX","México","2018","21997.77302"
"MEX","México","2019","21704.18595"
"MEX","México","2020","19728.48178"
"MEX","México","2021","20782.58774"
"MEX","México","2022","21391.85737"
"MEX","México","2023","21864.92361"
"MEX","México","2024","21970.35204"
"MEX","México","2025","21911.92928"
"NAM","Namibia","1990","7281.77893"
"NAM","Namibia","1991","7618.33278"
"NAM","Namibia","1992","7911.01026"
"NAM","Namibia","1993","7541.56082"
"NAM","Namibia","1994","7437.33529"
"NAM","Namibia","1995","7506.10484"
"NAM","Namibia","1996","7538.92462"
"NAM","Namibia","1997","7656.32513"
"NAM","Namibia","1998","7709.89004"
"NAM","Namibia","1999","7773.94354"
"NAM","Namibia","2000","7858.38790"
"NAM","Namibia","2001","7786.54169"
"NAM","Namibia","2002","8017.28134"
"NAM","Namibia","2003","8237.36597"
"NAM","Namibia","2004","9130.82442"
"NAM","Namibia","2005","9245.13653"
"NAM","Namibia","2006","9773.29833"
"NAM","Namibia","2007","10162.24007"
"NAM","Namibia","2008","10286.51241"
"NAM","Namibia","2009","10166.28995"
"NAM","Namibia","2010","10614.62016"
"NAM","Namibia","2011","10965.27298"
"NAM","Namibia","2012","11266.60895"
"NAM","Namibia","2013","11593.57538"
"NAM","Namibia","2014","11982.69636"
"NAM","Namibia","2015","12166.56584"
"NAM","Namibia","2016","11846.78808"
"NAM","Namibia","2017","11408.72531"
"NAM","Namibia","2018","11214.38604"
"NAM","Namibia","2019","10813.30447"
"NAM","Namibia","2020","9652.24827"
"NAM","Namibia","2021","9709.09931"
"NAM","Namibia","2022","9953.09752"
"NAM","Namibia","2023","10126.23596"
"NAM","Namibia","2024","10276.36864"
"NAM","Namibia","2025","10242.28405"
"NRU","Nauru","1990","30127.22588"
"NRU","Nauru","1991","23840.01390"
"NRU","Nauru","1992","19622.90299"
"NRU","Nauru","1993","16328.22672"
"NRU","Nauru","1994","15642.76126"
"NRU","Nauru","1995","14363.64034"
"NRU","Nauru","1996","12637.79533"
"NRU","Nauru","1997","11490.46230"
"NRU","Nauru","1998","10134.97319"
"NRU","Nauru","1999","9479.51290"
"NRU","Nauru","2000","8846.08125"
"NRU","Nauru","2001","8278.92548"
"NRU","Nauru","2002","7488.89153"
"NRU","Nauru","2003","7527.37549"
"NRU","Nauru","2004","7201.87094"
"NRU","Nauru","2005","7209.75437"
"NRU","Nauru","2006","7830.71819"
"NRU","Nauru","2007","6110.38388"
"NRU","Nauru","2008","7340.51911"
"NRU","Nauru","2009","6927.86734"
"NRU","Nauru","2010","6909.24219"
"NRU","Nauru","2011","7882.14106"
"NRU","Nauru","2012","9640.80144"
"NRU","Nauru","2013","9799.73803"
"NRU","Nauru","2014","11114.39123"
"NRU","Nauru","2015","11271.91227"
"NRU","Nauru","2016","11531.36301"
"NRU","Nauru","2017","10633.27664"
"NRU","Nauru","2018","10402.61310"
"NRU","Nauru","2019","11184.52849"
"NRU","Nauru","2020","11306.02077"
"NRU","Nauru","2021","12113.78776"
"NRU","Nauru","2022","12019.34929"
"NRU","Nauru","2023","11858.51847"
"NRU","Nauru","2024","11957.87855"
"NRU","Nauru","2025","12134.89209"
"NPL","Nepal","1990","1808.26490"
"NPL","Nepal","1991","1874.27514"
"NPL","Nepal","1992","1896.97166"
"NPL","Nepal","1993","1916.94353"
"NPL","Nepal","1994","2023.11520"
"NPL","Nepal","1995","2043.60517"
"NPL","Nepal","1996","2105.50833"
"NPL","Nepal","1997","2166.31263"
"NPL","Nepal","1998","2188.22202"
"NPL","Nepal","1999","2242.65012"
"NPL","Nepal","2000","2340.81563"
"NPL","Nepal","2001","2413.81421"
"NPL","Nepal","2002","2380.24425"
"NPL","Nepal","2003","2439.49480"
"NPL","Nepal","2004","2521.54105"
"NPL","Nepal","2005","2580.23106"
"NPL","Nepal","2006","2641.34799"
"NPL","Nepal","2007","2708.71439"
"NPL","Nepal","2008","2852.60983"
"NPL","Nepal","2009","2961.83900"
"NPL","Nepal","2010","3085.31407"
"NPL","Nepal","2011","3176.65041"
"NPL","Nepal","2012","3316.50073"
"NPL","Nepal","2013","3426.55796"
"NPL","Nepal","2014","3621.73169"
"NPL","Nepal","2015","3745.26182"
"NPL","Nepal","2016","3743.74458"
"NPL","Nepal","2017","4071.70432"
"NPL","Nepal","2018","4371.38572"
"NPL","Nepal","2019","4607.52455"
"NPL","Nepal","2020","4412.54204"
"NPL","Nepal","2021","4546.22970"
"NPL","Nepal","2022","4763.38751"
"NPL","Nepal","2023","4861.23030"
"NPL","Nepal","2024","5047.42449"
"NPL","Nepal","2025","5276.92388"
"NIC","Nicaragua","1990","4217.60862"
"NIC","Nicaragua","1991","4113.68724"
"NIC","Nicaragua","1992","4037.27524"
"NIC","Nicaragua","1993","3934.09251"
"NIC","Nicaragua","1994","3979.98509"
"NIC","Nicaragua","1995","4130.28587"
"NIC","Nicaragua","1996","4311.49290"
"NIC","Nicaragua","1997","4408.32863"
"NIC","Nicaragua","1998","4502.59809"
"NIC","Nicaragua","1999","4750.94857"
"NIC","Nicaragua","2000","4878.24747"
"NIC","Nicaragua","2001","4958.32740"
"NIC","Nicaragua","2002","4935.48508"
"NIC","Nicaragua","2003","5000.61146"
"NIC","Nicaragua","2004","5204.38171"
"NIC","Nicaragua","2005","5356.95818"
"NIC","Nicaragua","2006","5500.40544"
"NIC","Nicaragua","2007","5697.21074"
"NIC","Nicaragua","2008","5809.09929"
"NIC","Nicaragua","2009","5538.36555"
"NIC","Nicaragua","2010","5701.12755"
"NIC","Nicaragua","2011","5976.25248"
"NIC","Nicaragua","2012","6275.78730"
"NIC","Nicaragua","2013","6494.14921"
"NIC","Nicaragua","2014","6712.21708"
"NIC","Nicaragua","2015","6939.03243"
"NIC","Nicaragua","2016","7158.75755"
"NIC","Nicaragua","2017","7391.19638"
"NIC","Nicaragua","2018","7049.02710"
"NIC","Nicaragua","2019","6756.59334"
"NIC","Nicaragua","2020","6523.36945"
"NIC","Nicaragua","2021","7119.16875"
"NIC","Nicaragua","2022","7277.82042"
"NIC","Nicaragua","2023","7496.53057"
"NIC","Nicaragua","2024","7661.09410"
"NIC","Nicaragua","2025","7933.48888"
"NGA","Nigeria","1990","5423.80690"
"NGA","Nigeria","1991","5301.36342"
"NGA","Nigeria","1992","5403.15312"
"NGA","Nigeria","1993","5154.75758"
"NGA","Nigeria","1994","4929.26828"
"NGA","Nigeria","1995","4797.51152"
"NGA","Nigeria","1996","4869.82113"
"NGA","Nigeria","1997","4884.04743"
"NGA","Nigeria","1998","4880.87997"
"NGA","Nigeria","1999","4781.67311"
"NGA","Nigeria","2000","4889.00322"
"NGA","Nigeria","2001","5039.54870"
"NGA","Nigeria","2002","5654.89706"
"NGA","Nigeria","2003","5905.31483"
"NGA","Nigeria","2004","6275.29895"
"NGA","Nigeria","2005","6496.93228"
"NGA","Nigeria","2006","6702.94533"
"NGA","Nigeria","2007","6949.42651"
"NGA","Nigeria","2008","7215.76946"
"NGA","Nigeria","2009","7581.40572"
"NGA","Nigeria","2010","7962.63957"
"NGA","Nigeria","2011","8153.53179"
"NGA","Nigeria","2012","8265.90551"
"NGA","Nigeria","2013","8581.20782"
"NGA","Nigeria","2014","8884.77429"
"NGA","Nigeria","2015","8892.05799"
"NGA","Nigeria","2016","8534.69281"
"NGA","Nigeria","2017","8396.78452"
"NGA","Nigeria","2018","8362.62331"
"NGA","Nigeria","2019","8361.78665"
"NGA","Nigeria","2020","7664.21100"
"NGA","Nigeria","2021","7588.47886"
"NGA","Nigeria","2022","7752.26206"
"NGA","Nigeria","2023","7843.00399"
"NGA","Nigeria","2024","7994.03754"
"NGA","Nigeria","2025","8145.14808"
"NOR","Noruega","1990","56608.25475"
"NOR","Noruega","1991","57949.69868"
"NOR","Noruega","1992","59669.75902"
"NOR","Noruega","1993","61019.81610"
"NOR","Noruega","1994","63730.89646"
"NOR","Noruega","1995","66033.88378"
"NOR","Noruega","1996","68964.97562"
"NOR","Noruega","1997","72084.81392"
"NOR","Noruega","1998","73610.18967"
"NOR","Noruega","1999","74703.51991"
"NOR","Noruega","2000","76775.94206"
"NOR","Noruega","2001","78041.01463"
"NOR","Noruega","2002","78752.59316"
"NOR","Noruega","2003","79150.39629"
"NOR","Noruega","2004","82091.19350"
"NOR","Noruega","2005","83955.33650"
"NOR","Noruega","2006","85653.13678"
"NOR","Noruega","2007","87670.86180"
"NOR","Noruega","2008","87297.39803"
"NOR","Noruega","2009","84812.68513"
"NOR","Noruega","2010","84604.51439"
"NOR","Noruega","2011","84670.83444"
"NOR","Noruega","2012","85925.87234"
"NOR","Noruega","2013","85973.76950"
"NOR","Noruega","2014","86790.79246"
"NOR","Noruega","2015","87688.11967"
"NOR","Noruega","2016","88041.64148"
"NOR","Noruega","2017","89664.90864"
"NOR","Noruega","2018","90064.06880"
"NOR","Noruega","2019","90772.90170"
"NOR","Noruega","2020","89012.27238"
"NOR","Noruega","2021","92205.76986"
"NOR","Noruega","2022","95109.82016"
"NOR","Noruega","2023","94364.96418"
"NOR","Noruega","2024","94803.67049"
"NOR","Noruega","2025","95173.43082"
"NZL","Nueva Zelanda","1990","30785.70175"
"NZL","Nueva Zelanda","1991","29014.14994"
"NZL","Nueva Zelanda","1992","29029.58114"
"NZL","Nueva Zelanda","1993","30532.58802"
"NZL","Nueva Zelanda","1994","31669.54065"
"NZL","Nueva Zelanda","1995","32687.46577"
"NZL","Nueva Zelanda","1996","33329.53010"
"NZL","Nueva Zelanda","1997","33577.72550"
"NZL","Nueva Zelanda","1998","33565.73122"
"NZL","Nueva Zelanda","1999","35187.23572"
"NZL","Nueva Zelanda","2000","35984.62880"
"NZL","Nueva Zelanda","2001","36995.06032"
"NZL","Nueva Zelanda","2002","38072.27138"
"NZL","Nueva Zelanda","2003","39092.34552"
"NZL","Nueva Zelanda","2004","40091.13995"
"NZL","Nueva Zelanda","2005","40970.29584"
"NZL","Nueva Zelanda","2006","41596.83113"
"NZL","Nueva Zelanda","2007","42473.11826"
"NZL","Nueva Zelanda","2008","41682.24591"
"NZL","Nueva Zelanda","2009","41250.99857"
"NZL","Nueva Zelanda","2010","41395.37038"
"NZL","Nueva Zelanda","2011","41961.92023"
"NZL","Nueva Zelanda","2012","42693.42345"
"NZL","Nueva Zelanda","2013","43453.28142"
"NZL","Nueva Zelanda","2014","44369.76642"
"NZL","Nueva Zelanda","2015","45097.01647"
"NZL","Nueva Zelanda","2016","45746.13598"
"NZL","Nueva Zelanda","2017","46285.98110"
"NZL","Nueva Zelanda","2018","46974.68184"
"NZL","Nueva Zelanda","2019","47392.19331"
"NZL","Nueva Zelanda","2020","46326.38047"
"NZL","Nueva Zelanda","2021","48202.09134"
"NZL","Nueva Zelanda","2022","49842.98453"
"NZL","Nueva Zelanda","2023","49592.58755"
"NZL","Nueva Zelanda","2024","48325.36510"
"NZL","Nueva Zelanda","2025","48232.66520"
"NER","Níger","1990","1420.23063"
"NER","Níger","1991","1370.83565"
"NER","Níger","1992","1355.33099"
"NER","Níger","1993","1317.38597"
"NER","Níger","1994","1299.34992"
"NER","Níger","1995","1287.93638"
"NER","Níger","1996","1246.83503"
"NER","Níger","1997","1224.53934"
"NER","Níger","1998","1301.84495"
"NER","Níger","1999","1255.05402"
"NER","Níger","2000","1197.63477"
"NER","Níger","2001","1240.38544"
"NER","Níger","2002","1256.23701"
"NER","Níger","2003","1238.58781"
"NER","Níger","2004","1199.15938"
"NER","Níger","2005","1241.20065"
"NER","Níger","2006","1267.60141"
"NER","Níger","2007","1260.18545"
"NER","Níger","2008","1308.27517"
"NER","Níger","2009","1285.27757"
"NER","Níger","2010","1344.49887"
"NER","Níger","2011","1325.92647"
"NER","Níger","2012","1411.52001"
"NER","Níger","2013","1431.71115"
"NER","Níger","2014","1471.50555"
"NER","Níger","2015","1480.39815"
"NER","Níger","2016","1488.08648"
"NER","Níger","2017","1515.48307"
"NER","Níger","2018","1565.01970"
"NER","Níger","2019","1605.19477"
"NER","Níger","2020","1622.27874"
"NER","Níger","2021","1587.84785"
"NER","Níger","2022","1724.89699"
"NER","Níger","2023","1712.97032"
"NER","Níger","2024","1795.65267"
"NER","Níger","2025","1860.54858"
"OMN","Omán","1990","35201.55249"
"OMN","Omán","1991","35574.67614"
"OMN","Omán","1992","36841.40116"
"OMN","Omán","1993","37455.34026"
"OMN","Omán","1994","37782.72383"
"OMN","Omán","1995","38946.77427"
"OMN","Omán","1996","39455.82641"
"OMN","Omán","1997","41191.03124"
"OMN","Omán","1998","40574.67449"
"OMN","Omán","1999","40145.93128"
"OMN","Omán","2000","42086.04315"
"OMN","Omán","2001","43492.28638"
"OMN","Omán","2002","42654.14827"
"OMN","Omán","2003","41247.58737"
"OMN","Omán","2004","41351.76874"
"OMN","Omán","2005","41551.14138"
"OMN","Omán","2006","42540.43985"
"OMN","Omán","2007","43696.96914"
"OMN","Omán","2008","46586.39559"
"OMN","Omán","2009","48304.11789"
"OMN","Omán","2010","48191.61451"
"OMN","Omán","2011","44440.30926"
"OMN","Omán","2012","41964.08286"
"OMN","Omán","2013","40854.48535"
"OMN","Omán","2014","39639.98705"
"OMN","Omán","2015","39813.78871"
"OMN","Omán","2016","39860.98939"
"OMN","Omán","2017","38691.10771"
"OMN","Omán","2018","38673.60454"
"OMN","Omán","2019","38292.38597"
"OMN","Omán","2020","37560.59987"
"OMN","Omán","2021","38719.45877"
"OMN","Omán","2022","39780.21228"
"OMN","Omán","2023","37793.61640"
"OMN","Omán","2024","36721.08045"
"OMN","Omán","2025","36142.94398"
"MEA","Oriente Medio y África del Norte","1990","9219.82166"
"MEA","Oriente Medio y África del Norte","1991","9109.86984"
"MEA","Oriente Medio y África del Norte","1992","9384.77242"
"MEA","Oriente Medio y África del Norte","1993","9335.05185"
"MEA","Oriente Medio y África del Norte","1994","9333.41089"
"MEA","Oriente Medio y África del Norte","1995","9383.03781"
"MEA","Oriente Medio y África del Norte","1996","9635.95563"
"MEA","Oriente Medio y África del Norte","1997","9771.66464"
"MEA","Oriente Medio y África del Norte","1998","9976.80087"
"MEA","Oriente Medio y África del Norte","1999","10034.81376"
"MEA","Oriente Medio y África del Norte","2000","10396.79372"
"MEA","Oriente Medio y África del Norte","2001","10387.18435"
"MEA","Oriente Medio y África del Norte","2002","10405.75057"
"MEA","Oriente Medio y África del Norte","2003","10590.27766"
"MEA","Oriente Medio y África del Norte","2004","11163.90988"
"MEA","Oriente Medio y África del Norte","2005","11466.18677"
"MEA","Oriente Medio y África del Norte","2006","11838.30246"
"MEA","Oriente Medio y África del Norte","2007","12172.68608"
"MEA","Oriente Medio y África del Norte","2008","12410.35484"
"MEA","Oriente Medio y África del Norte","2009","12328.59053"
"MEA","Oriente Medio y África del Norte","2010","12644.52876"
"MEA","Oriente Medio y África del Norte","2011","12878.66336"
"MEA","Oriente Medio y África del Norte","2012","12998.82378"
"MEA","Oriente Medio y África del Norte","2013","12974.70880"
"MEA","Oriente Medio y África del Norte","2014","13125.95691"
"MEA","Oriente Medio y África del Norte","2015","13274.48341"
"MEA","Oriente Medio y África del Norte","2016","13660.66473"
"MEA","Oriente Medio y África del Norte","2017","13738.71128"
"MEA","Oriente Medio y África del Norte","2018","13857.69772"
"MEA","Oriente Medio y África del Norte","2019","13875.43548"
"MEA","Oriente Medio y África del Norte","2020","13261.54511"
"MEA","Oriente Medio y África del Norte","2021","13667.96189"
"MEA","Oriente Medio y África del Norte","2022","14260.88183"
"MEA","Oriente Medio y África del Norte","2023","14315.20582"
"MEA","Oriente Medio y África del Norte","2024","14391.40595"
"MEA","Oriente Medio y África del Norte","2025","14512.00290"
"TMN","Oriente Medio y África del Norte (IDA y BIRF)","1990","6472.63838"
"TMN","Oriente Medio y África del Norte (IDA y BIRF)","1991","6320.95440"
"TMN","Oriente Medio y África del Norte (IDA y BIRF)","1992","6471.59595"
"TMN","Oriente Medio y África del Norte (IDA y BIRF)","1993","6409.12436"
"TMN","Oriente Medio y África del Norte (IDA y BIRF)","1994","6389.38430"
"TMN","Oriente Medio y África del Norte (IDA y BIRF)","1995","6437.87751"
"TMN","Oriente Medio y África del Norte (IDA y BIRF)","1996","6668.86543"
"TMN","Oriente Medio y África del Norte (IDA y BIRF)","1997","6740.03689"
"TMN","Oriente Medio y África del Norte (IDA y BIRF)","1998","6954.84271"
"TMN","Oriente Medio y África del Norte (IDA y BIRF)","1999","7086.45390"
"TMN","Oriente Medio y África del Norte (IDA y BIRF)","2000","7335.74567"
"TMN","Oriente Medio y África del Norte (IDA y BIRF)","2001","7393.68924"
"TMN","Oriente Medio y África del Norte (IDA y BIRF)","2002","7492.58393"
"TMN","Oriente Medio y África del Norte (IDA y BIRF)","2003","7503.40086"
"TMN","Oriente Medio y África del Norte (IDA y BIRF)","2004","7894.73920"
"TMN","Oriente Medio y África del Norte (IDA y BIRF)","2005","8089.64904"
"TMN","Oriente Medio y África del Norte (IDA y BIRF)","2006","8347.93201"
"TMN","Oriente Medio y África del Norte (IDA y BIRF)","2007","8653.73763"
"TMN","Oriente Medio y África del Norte (IDA y BIRF)","2008","8778.68858"
"TMN","Oriente Medio y África del Norte (IDA y BIRF)","2009","8855.99168"
"TMN","Oriente Medio y África del Norte (IDA y BIRF)","2010","9076.89041"
"TMN","Oriente Medio y África del Norte (IDA y BIRF)","2011","9010.52759"
"TMN","Oriente Medio y África del Norte (IDA y BIRF)","2012","9005.54950"
"TMN","Oriente Medio y África del Norte (IDA y BIRF)","2013","8926.71355"
"TMN","Oriente Medio y África del Norte (IDA y BIRF)","2014","9012.30780"
"TMN","Oriente Medio y África del Norte (IDA y BIRF)","2015","9059.41391"
"TMN","Oriente Medio y África del Norte (IDA y BIRF)","2016","9433.37332"
"TMN","Oriente Medio y África del Norte (IDA y BIRF)","2017","9580.54922"
"TMN","Oriente Medio y África del Norte (IDA y BIRF)","2018","9633.85836"
"TMN","Oriente Medio y África del Norte (IDA y BIRF)","2019","9646.79141"
"TMN","Oriente Medio y África del Norte (IDA y BIRF)","2020","9336.60441"
"TMN","Oriente Medio y África del Norte (IDA y BIRF)","2021","9544.65393"
"TMN","Oriente Medio y África del Norte (IDA y BIRF)","2022","9819.10765"
"TMN","Oriente Medio y África del Norte (IDA y BIRF)","2023","9934.12763"
"TMN","Oriente Medio y África del Norte (IDA y BIRF)","2024","10015.79540"
"TMN","Oriente Medio y África del Norte (IDA y BIRF)","2025","10056.43202"
"MNA","Oriente Medio y África del Norte (excluidos Países de Altos Ingresos)","1990","6460.15430"
"MNA","Oriente Medio y África del Norte (excluidos Países de Altos Ingresos)","1991","6308.17793"
"MNA","Oriente Medio y África del Norte (excluidos Países de Altos Ingresos)","1992","6457.88713"
"MNA","Oriente Medio y África del Norte (excluidos Países de Altos Ingresos)","1993","6394.88695"
"MNA","Oriente Medio y África del Norte (excluidos Países de Altos Ingresos)","1994","6374.46813"
"MNA","Oriente Medio y África del Norte (excluidos Países de Altos Ingresos)","1995","6422.97698"
"MNA","Oriente Medio y África del Norte (excluidos Países de Altos Ingresos)","1996","6651.38846"
"MNA","Oriente Medio y África del Norte (excluidos Países de Altos Ingresos)","1997","6724.19615"
"MNA","Oriente Medio y África del Norte (excluidos Países de Altos Ingresos)","1998","6940.76365"
"MNA","Oriente Medio y África del Norte (excluidos Países de Altos Ingresos)","1999","7073.21432"
"MNA","Oriente Medio y África del Norte (excluidos Países de Altos Ingresos)","2000","7317.26036"
"MNA","Oriente Medio y África del Norte (excluidos Países de Altos Ingresos)","2001","7371.37674"
"MNA","Oriente Medio y África del Norte (excluidos Países de Altos Ingresos)","2002","7465.73272"
"MNA","Oriente Medio y África del Norte (excluidos Países de Altos Ingresos)","2003","7478.85875"
"MNA","Oriente Medio y África del Norte (excluidos Países de Altos Ingresos)","2004","7872.21759"
"MNA","Oriente Medio y África del Norte (excluidos Países de Altos Ingresos)","2005","8068.28258"
"MNA","Oriente Medio y África del Norte (excluidos Países de Altos Ingresos)","2006","8323.68224"
"MNA","Oriente Medio y África del Norte (excluidos Países de Altos Ingresos)","2007","8627.73711"
"MNA","Oriente Medio y África del Norte (excluidos Países de Altos Ingresos)","2008","8753.13708"
"MNA","Oriente Medio y África del Norte (excluidos Países de Altos Ingresos)","2009","8831.71489"
"MNA","Oriente Medio y África del Norte (excluidos Países de Altos Ingresos)","2010","9052.10819"
"MNA","Oriente Medio y África del Norte (excluidos Países de Altos Ingresos)","2011","8988.59983"
"MNA","Oriente Medio y África del Norte (excluidos Países de Altos Ingresos)","2012","8984.93510"
"MNA","Oriente Medio y África del Norte (excluidos Países de Altos Ingresos)","2013","8907.44507"
"MNA","Oriente Medio y África del Norte (excluidos Países de Altos Ingresos)","2014","8991.33076"
"MNA","Oriente Medio y África del Norte (excluidos Países de Altos Ingresos)","2015","9038.56259"
"MNA","Oriente Medio y África del Norte (excluidos Países de Altos Ingresos)","2016","9412.50846"
"MNA","Oriente Medio y África del Norte (excluidos Países de Altos Ingresos)","2017","9558.34317"
"MNA","Oriente Medio y África del Norte (excluidos Países de Altos Ingresos)","2018","9610.53591"
"MNA","Oriente Medio y África del Norte (excluidos Países de Altos Ingresos)","2019","9622.70743"
"MNA","Oriente Medio y África del Norte (excluidos Países de Altos Ingresos)","2020","9308.58068"
"MNA","Oriente Medio y África del Norte (excluidos Países de Altos Ingresos)","2021","9516.64669"
"MNA","Oriente Medio y África del Norte (excluidos Países de Altos Ingresos)","2022","9789.57382"
"MNA","Oriente Medio y África del Norte (excluidos Países de Altos Ingresos)","2023","9902.17621"
"MNA","Oriente Medio y África del Norte (excluidos Países de Altos Ingresos)","2024","9972.93615"
"MNA","Oriente Medio y África del Norte (excluidos Países de Altos Ingresos)","2025","10013.61002"
"OSS","Otros Estados pequeños","1990","14423.34686"
"OSS","Otros Estados pequeños","1991","14091.53763"
"OSS","Otros Estados pequeños","1992","13520.11328"
"OSS","Otros Estados pequeños","1993","13497.73608"
"OSS","Otros Estados pequeños","1994","13728.81057"
"OSS","Otros Estados pequeños","1995","14229.35310"
"OSS","Otros Estados pequeños","1996","14515.94459"
"OSS","Otros Estados pequeños","1997","15253.34683"
"OSS","Otros Estados pequeños","1998","15436.19253"
"OSS","Otros Estados pequeños","1999","15713.30515"
"OSS","Otros Estados pequeños","2000","16811.34286"
"OSS","Otros Estados pequeños","2001","17039.31622"
"OSS","Otros Estados pequeños","2002","17362.73087"
"OSS","Otros Estados pequeños","2003","17897.01657"
"OSS","Otros Estados pequeños","2004","18438.71385"
"OSS","Otros Estados pequeños","2005","19025.71521"
"OSS","Otros Estados pequeños","2006","19972.17022"
"OSS","Otros Estados pequeños","2007","20725.01650"
"OSS","Otros Estados pequeños","2008","20642.71246"
"OSS","Otros Estados pequeños","2009","19493.30003"
"OSS","Otros Estados pequeños","2010","19867.38076"
"OSS","Otros Estados pequeños","2011","20400.59251"
"OSS","Otros Estados pequeños","2012","20484.22112"
"OSS","Otros Estados pequeños","2013","20455.83459"
"OSS","Otros Estados pequeños","2014","20672.69455"
"OSS","Otros Estados pequeños","2015","21083.69212"
"OSS","Otros Estados pequeños","2016","21627.68616"
"OSS","Otros Estados pequeños","2017","22394.78999"
"OSS","Otros Estados pequeños","2018","23016.12256"
"OSS","Otros Estados pequeños","2019","23776.97739"
"OSS","Otros Estados pequeños","2020","22204.35815"
"OSS","Otros Estados pequeños","2021","23632.40526"
"OSS","Otros Estados pequeños","2022","24168.78767"
"OSS","Otros Estados pequeños","2023","24612.88703"
"OSS","Otros Estados pequeños","2024","25138.85634"
"OSS","Otros Estados pequeños","2025","25689.43385"
"PAK","Pakistán","1990","3199.72963"
"PAK","Pakistán","1991","3252.35104"
"PAK","Pakistán","1992","3404.12138"
"PAK","Pakistán","1993","3369.23796"
"PAK","Pakistán","1994","3395.50432"
"PAK","Pakistán","1995","3462.47336"
"PAK","Pakistán","1996","3526.14161"
"PAK","Pakistán","1997","3462.58146"
"PAK","Pakistán","1998","3454.17665"
"PAK","Pakistán","1999","3484.45678"
"PAK","Pakistán","2000","3531.71292"
"PAK","Pakistán","2001","3559.72785"
"PAK","Pakistán","2002","3563.67847"
"PAK","Pakistán","2003","3668.77939"
"PAK","Pakistán","2004","3859.64602"
"PAK","Pakistán","2005","4042.15458"
"PAK","Pakistán","2006","4185.86656"
"PAK","Pakistán","2007","4257.92557"
"PAK","Pakistán","2008","4233.34831"
"PAK","Pakistán","2009","4270.43882"
"PAK","Pakistán","2010","4228.78177"
"PAK","Pakistán","2011","4246.06711"
"PAK","Pakistán","2012","4292.02110"
"PAK","Pakistán","2013","4407.14706"
"PAK","Pakistán","2014","4520.23463"
"PAK","Pakistán","2015","4645.28631"
"PAK","Pakistán","2016","4886.61212"
"PAK","Pakistán","2017","5031.56061"
"PAK","Pakistán","2018","5255.06351"
"PAK","Pakistán","2019","5295.95295"
"PAK","Pakistán","2020","5135.01459"
"PAK","Pakistán","2021","5367.27365"
"PAK","Pakistán","2022","5526.27928"
"PAK","Pakistán","2023","5418.76932"
"PAK","Pakistán","2024","5502.07361"
"PAK","Pakistán","2025","5617.25078"
"PLW","Palau","1990","17807.53008"
"PLW","Palau","1991","18256.29920"
"PLW","Palau","1992","16687.11632"
"PLW","Palau","1993","14292.23830"
"PLW","Palau","1994","14971.62059"
"PLW","Palau","1995","16193.14492"
"PLW","Palau","1996","17412.42784"
"PLW","Palau","1997","17366.31228"
"PLW","Palau","1998","17315.83418"
"PLW","Palau","1999","16054.05035"
"PLW","Palau","2000","15410.17403"
"PLW","Palau","2001","16393.45210"
"PLW","Palau","2002","17033.49027"
"PLW","Palau","2003","16538.76884"
"PLW","Palau","2004","16974.06829"
"PLW","Palau","2005","17464.62082"
"PLW","Palau","2006","17706.36736"
"PLW","Palau","2007","18096.79895"
"PLW","Palau","2008","17355.24230"
"PLW","Palau","2009","16541.12063"
"PLW","Palau","2010","16313.42877"
"PLW","Palau","2011","17354.93368"
"PLW","Palau","2012","18024.75410"
"PLW","Palau","2013","17891.37844"
"PLW","Palau","2014","18574.78895"
"PLW","Palau","2015","20104.23154"
"PLW","Palau","2016","20408.26133"
"PLW","Palau","2017","19693.40824"
"PLW","Palau","2018","19608.96170"
"PLW","Palau","2019","19685.60380"
"PLW","Palau","2020","18509.24919"
"PLW","Palau","2021","16312.19022"
"PLW","Palau","2022","16258.62713"
"PLW","Palau","2023","16487.15375"
"PLW","Palau","2024","18499.99219"
"PLW","Palau","2025","19698.59470"
"PSE","Palestina","1994","3966.68875"
"PSE","Palestina","1995","4062.96290"
"PSE","Palestina","1996","3932.22695"
"PSE","Palestina","1997","4311.53877"
"PSE","Palestina","1998","4805.19157"
"PSE","Palestina","1999","5071.82122"
"PSE","Palestina","2000","4520.88993"
"PSE","Palestina","2001","3996.50878"
"PSE","Palestina","2002","3409.17287"
"PSE","Palestina","2003","3788.92653"
"PSE","Palestina","2004","4503.08034"
"PSE","Palestina","2005","4885.07252"
"PSE","Palestina","2006","4714.37332"
"PSE","Palestina","2007","4769.52328"
"PSE","Palestina","2008","4984.80580"
"PSE","Palestina","2009","5270.66332"
"PSE","Palestina","2010","5432.24363"
"PSE","Palestina","2011","5805.32115"
"PSE","Palestina","2012","6009.10926"
"PSE","Palestina","2013","6142.20204"
"PSE","Palestina","2014","5990.42662"
"PSE","Palestina","2015","6072.65032"
"PSE","Palestina","2016","6464.13353"
"PSE","Palestina","2017","6426.79522"
"PSE","Palestina","2018","6342.93748"
"PSE","Palestina","2019","6269.89135"
"PSE","Palestina","2020","5423.68255"
"PSE","Palestina","2021","5663.12161"
"PSE","Palestina","2022","5753.08396"
"PSE","Palestina","2023","5562.42443"
"PSE","Palestina","2024","4190.90911"
"PSE","Palestina","2025","4272.45762"
"PAN","Panamá","1990","10263.69284"
"PAN","Panamá","1991","10994.55388"
"PAN","Panamá","1992","11649.80024"
"PAN","Panamá","1993","12032.81226"
"PAN","Panamá","1994","12123.35393"
"PAN","Panamá","1995","12086.64812"
"PAN","Panamá","1996","12327.85629"
"PAN","Panamá","1997","13013.89599"
"PAN","Panamá","1998","13826.53768"
"PAN","Panamá","1999","14261.74646"
"PAN","Panamá","2000","14572.98087"
"PAN","Panamá","2001","14427.83554"
"PAN","Panamá","2002","14507.14942"
"PAN","Panamá","2003","14957.55905"
"PAN","Panamá","2004","15875.11882"
"PAN","Panamá","2005","16867.96745"
"PAN","Panamá","2006","18190.28115"
"PAN","Panamá","2007","20208.82939"
"PAN","Panamá","2008","21867.82722"
"PAN","Panamá","2009","21822.99614"
"PAN","Panamá","2010","22739.11941"
"PAN","Panamá","2011","24999.47027"
"PAN","Panamá","2012","26926.89569"
"PAN","Panamá","2013","28135.33878"
"PAN","Panamá","2014","28931.81564"
"PAN","Panamá","2015","29933.16715"
"PAN","Panamá","2016","30765.24907"
"PAN","Panamá","2017","31979.82464"
"PAN","Panamá","2018","32681.47299"
"PAN","Panamá","2019","33163.71728"
"PAN","Panamá","2020","26881.82772"
"PAN","Panamá","2021","30932.76278"
"PAN","Panamá","2022","33915.16933"
"PAN","Panamá","2023","35872.97192"
"PAN","Panamá","2024","36394.92354"
"PAN","Panamá","2025","37516.17964"
"PNG","Papúa Nueva Guinea","1990","3164.55429"
"PNG","Papúa Nueva Guinea","1991","3358.61893"
"PNG","Papúa Nueva Guinea","1992","3690.81787"
"PNG","Papúa Nueva Guinea","1993","4206.96808"
"PNG","Papúa Nueva Guinea","1994","4298.44185"
"PNG","Papúa Nueva Guinea","1995","4009.23567"
"PNG","Papúa Nueva Guinea","1996","4167.57014"
"PNG","Papúa Nueva Guinea","1997","3864.72542"
"PNG","Papúa Nueva Guinea","1998","3590.56012"
"PNG","Papúa Nueva Guinea","1999","3532.11204"
"PNG","Papúa Nueva Guinea","2000","3327.22486"
"PNG","Papúa Nueva Guinea","2001","3212.17085"
"PNG","Papúa Nueva Guinea","2002","3101.19240"
"PNG","Papúa Nueva Guinea","2003","3064.83667"
"PNG","Papúa Nueva Guinea","2004","3046.72322"
"PNG","Papúa Nueva Guinea","2005","3136.98757"
"PNG","Papúa Nueva Guinea","2006","3202.89764"
"PNG","Papúa Nueva Guinea","2007","3346.27900"
"PNG","Papúa Nueva Guinea","2008","3234.33248"
"PNG","Papúa Nueva Guinea","2009","3350.07264"
"PNG","Papúa Nueva Guinea","2010","3579.63001"
"PNG","Papúa Nueva Guinea","2011","3515.28313"
"PNG","Papúa Nueva Guinea","2012","3577.91015"
"PNG","Papúa Nueva Guinea","2013","3615.74646"
"PNG","Papúa Nueva Guinea","2014","3999.13039"
"PNG","Papúa Nueva Guinea","2015","4155.05564"
"PNG","Papúa Nueva Guinea","2016","4276.29643"
"PNG","Papúa Nueva Guinea","2017","4322.77662"
"PNG","Papúa Nueva Guinea","2018","4211.68504"
"PNG","Papúa Nueva Guinea","2019","4302.16255"
"PNG","Papúa Nueva Guinea","2020","4078.15378"
"PNG","Papúa Nueva Guinea","2021","3977.44297"
"PNG","Papúa Nueva Guinea","2022","4126.03032"
"PNG","Papúa Nueva Guinea","2023","4206.37835"
"PNG","Papúa Nueva Guinea","2024","4292.71205"
"PNG","Papúa Nueva Guinea","2025","4456.23106"
"PRY","Paraguay","1990","9961.22171"
"PRY","Paraguay","1991","10039.04385"
"PRY","Paraguay","1992","9947.16439"
"PRY","Paraguay","1993","10177.16894"
"PRY","Paraguay","1994","10457.76855"
"PRY","Paraguay","1995","10906.89461"
"PRY","Paraguay","1996","10823.91992"
"PRY","Paraguay","1997","11031.62192"
"PRY","Paraguay","1998","10801.19505"
"PRY","Paraguay","1999","10434.08037"
"PRY","Paraguay","2000","9997.32973"
"PRY","Paraguay","2001","9748.02703"
"PRY","Paraguay","2002","9609.53365"
"PRY","Paraguay","2003","9902.19918"
"PRY","Paraguay","2004","10185.90744"
"PRY","Paraguay","2005","10288.80087"
"PRY","Paraguay","2006","10671.64500"
"PRY","Paraguay","2007","11140.46291"
"PRY","Paraguay","2008","11749.65464"
"PRY","Paraguay","2009","11599.81986"
"PRY","Paraguay","2010","12736.96729"
"PRY","Paraguay","2011","13107.81044"
"PRY","Paraguay","2012","12833.18016"
"PRY","Paraguay","2013","13698.97223"
"PRY","Paraguay","2014","14217.55809"
"PRY","Paraguay","2015","14425.77759"
"PRY","Paraguay","2016","14824.79063"
"PRY","Paraguay","2017","15318.40122"
"PRY","Paraguay","2018","15591.01427"
"PRY","Paraguay","2019","15319.38900"
"PRY","Paraguay","2020","14989.76671"
"PRY","Paraguay","2021","15400.94463"
"PRY","Paraguay","2022","15222.89202"
"PRY","Paraguay","2023","15831.58498"
"PRY","Paraguay","2024","16367.49402"
"PRY","Paraguay","2025","17245.84584"
"NLD","Países Bajos","1990","43128.30717"
"NLD","Países Bajos","1991","43833.47851"
"NLD","Países Bajos","1992","44245.51982"
"NLD","Países Bajos","1993","44490.75045"
"NLD","Países Bajos","1994","45532.79867"
"NLD","Países Bajos","1995","46720.28193"
"NLD","Países Bajos","1996","48095.98684"
"NLD","Países Bajos","1997","49881.89475"
"NLD","Países Bajos","1998","51879.35967"
"NLD","Países Bajos","1999","54134.35145"
"NLD","Países Bajos","2000","56016.83279"
"NLD","Países Bajos","2001","56887.39764"
"NLD","Países Bajos","2002","56664.40274"
"NLD","Países Bajos","2003","56452.86955"
"NLD","Países Bajos","2004","57391.35163"
"NLD","Países Bajos","2005","58422.03041"
"NLD","Países Bajos","2006","60391.51550"
"NLD","Países Bajos","2007","62601.66128"
"NLD","Países Bajos","2008","63678.40055"
"NLD","Países Bajos","2009","61029.73298"
"NLD","Países Bajos","2010","61518.57690"
"NLD","Países Bajos","2011","62318.13912"
"NLD","Países Bajos","2012","61480.84164"
"NLD","Países Bajos","2013","61281.31257"
"NLD","Países Bajos","2014","62045.84920"
"NLD","Países Bajos","2015","63081.40835"
"NLD","Países Bajos","2016","64267.74766"
"NLD","Países Bajos","2017","65665.99102"
"NLD","Países Bajos","2018","66758.24543"
"NLD","Países Bajos","2019","67847.88185"
"NLD","Países Bajos","2020","64862.18904"
"NLD","Países Bajos","2021","68573.56488"
"NLD","Países Bajos","2022","71324.03602"
"NLD","Países Bajos","2023","70198.95460"
"NLD","Países Bajos","2024","70493.90512"
"NLD","Países Bajos","2025","71378.48563"
"LMY","Países de ingreso bajo y medio","1990","4440.58679"
"LMY","Países de ingreso bajo y medio","1991","4439.30868"
"LMY","Países de ingreso bajo y medio","1992","4502.70450"
"LMY","Países de ingreso bajo y medio","1993","4587.73475"
"LMY","Países de ingreso bajo y medio","1994","4678.32670"
"LMY","Países de ingreso bajo y medio","1995","4792.63014"
"LMY","Países de ingreso bajo y medio","1996","4987.65359"
"LMY","Países de ingreso bajo y medio","1997","5155.37227"
"LMY","Países de ingreso bajo y medio","1998","5215.30941"
"LMY","Países de ingreso bajo y medio","1999","5320.55870"
"LMY","Países de ingreso bajo y medio","2000","5516.65071"
"LMY","Países de ingreso bajo y medio","2001","5631.10698"
"LMY","Países de ingreso bajo y medio","2002","5806.43177"
"LMY","Países de ingreso bajo y medio","2003","6049.20754"
"LMY","Países de ingreso bajo y medio","2004","6413.33308"
"LMY","Países de ingreso bajo y medio","2005","6762.59684"
"LMY","Países de ingreso bajo y medio","2006","7185.63014"
"LMY","Países de ingreso bajo y medio","2007","7671.75070"
"LMY","Países de ingreso bajo y medio","2008","7977.46088"
"LMY","Países de ingreso bajo y medio","2009","8152.22413"
"LMY","Países de ingreso bajo y medio","2010","8663.85763"
"LMY","Países de ingreso bajo y medio","2011","9057.29728"
"LMY","Países de ingreso bajo y medio","2012","9388.20026"
"LMY","Países de ingreso bajo y medio","2013","9755.16890"
"LMY","Países de ingreso bajo y medio","2014","10105.07820"
"LMY","Países de ingreso bajo y medio","2015","10435.50533"
"LMY","Países de ingreso bajo y medio","2016","10798.45183"
"LMY","Países de ingreso bajo y medio","2017","11215.78860"
"LMY","Países de ingreso bajo y medio","2018","11619.79598"
"LMY","Países de ingreso bajo y medio","2019","11942.57102"
"LMY","Países de ingreso bajo y medio","2020","11605.62078"
"LMY","Países de ingreso bajo y medio","2021","12294.68910"
"LMY","Países de ingreso bajo y medio","2022","12688.96703"
"LMY","Países de ingreso bajo y medio","2023","13155.16207"
"LMY","Países de ingreso bajo y medio","2024","13612.78799"
"LMY","Países de ingreso bajo y medio","2025","14102.09160"
"MIC","Países de ingreso medio","1990","4646.25957"
"MIC","Países de ingreso medio","1991","4648.01431"
"MIC","Países de ingreso medio","1992","4722.09677"
"MIC","Países de ingreso medio","1993","4819.03214"
"MIC","Países de ingreso medio","1994","4921.83961"
"MIC","Países de ingreso medio","1995","5045.74981"
"MIC","Países de ingreso medio","1996","5255.64118"
"MIC","Países de ingreso medio","1997","5436.38229"
"MIC","Países de ingreso medio","1998","5503.33850"
"MIC","Países de ingreso medio","1999","5622.72677"
"MIC","Países de ingreso medio","2000","5839.15689"
"MIC","Países de ingreso medio","2001","5965.06706"
"MIC","Países de ingreso medio","2002","6156.31575"
"MIC","Países de ingreso medio","2003","6424.20602"
"MIC","Países de ingreso medio","2004","6820.50538"
"MIC","Países de ingreso medio","2005","7201.40053"
"MIC","Países de ingreso medio","2006","7665.31772"
"MIC","Países de ingreso medio","2007","8197.99268"
"MIC","Países de ingreso medio","2008","8535.84091"
"MIC","Países de ingreso medio","2009","8733.86164"
"MIC","Países de ingreso medio","2010","9296.31778"
"MIC","Países de ingreso medio","2011","9737.81436"
"MIC","Países de ingreso medio","2012","10125.51095"
"MIC","Países de ingreso medio","2013","10542.02667"
"MIC","Países de ingreso medio","2014","10935.25329"
"MIC","Países de ingreso medio","2015","11307.91801"
"MIC","Países de ingreso medio","2016","11720.82226"
"MIC","Países de ingreso medio","2017","12195.06322"
"MIC","Países de ingreso medio","2018","12658.32450"
"MIC","Países de ingreso medio","2019","13034.15133"
"MIC","Países de ingreso medio","2020","12685.09502"
"MIC","Países de ingreso medio","2021","13477.14803"
"MIC","Países de ingreso medio","2022","13938.71551"
"MIC","Países de ingreso medio","2023","14488.64534"
"MIC","Países de ingreso medio","2024","15025.13374"
"MIC","Países de ingreso medio","2025","15594.23860"
"PST","Países del bono posdemográfico","1990","36519.94551"
"PST","Países del bono posdemográfico","1991","36552.22893"
"PST","Países del bono posdemográfico","1992","36849.62001"
"PST","Países del bono posdemográfico","1993","36865.59920"
"PST","Países del bono posdemográfico","1994","37634.81632"
"PST","Países del bono posdemográfico","1995","38400.02305"
"PST","Países del bono posdemográfico","1996","39231.84389"
"PST","Países del bono posdemográfico","1997","40326.94273"
"PST","Países del bono posdemográfico","1998","41168.25592"
"PST","Países del bono posdemográfico","1999","42376.71690"
"PST","Países del bono posdemográfico","2000","43905.49210"
"PST","Países del bono posdemográfico","2001","44417.50880"
"PST","Países del bono posdemográfico","2002","44901.66009"
"PST","Países del bono posdemográfico","2003","45591.77594"
"PST","Países del bono posdemográfico","2004","46849.01919"
"PST","Países del bono posdemográfico","2005","47910.72706"
"PST","Países del bono posdemográfico","2006","49124.60175"
"PST","Países del bono posdemográfico","2007","50178.52926"
"PST","Países del bono posdemográfico","2008","50097.11391"
"PST","Países del bono posdemográfico","2009","48022.28196"
"PST","Países del bono posdemográfico","2010","49202.49776"
"PST","Países del bono posdemográfico","2011","49888.78821"
"PST","Países del bono posdemográfico","2012","50202.38623"
"PST","Países del bono posdemográfico","2013","50706.40510"
"PST","Países del bono posdemográfico","2014","51441.74059"
"PST","Países del bono posdemográfico","2015","52274.79820"
"PST","Países del bono posdemográfico","2016","52980.66717"
"PST","Países del bono posdemográfico","2017","54108.24079"
"PST","Países del bono posdemográfico","2018","55143.33324"
"PST","Países del bono posdemográfico","2019","55954.60570"
"PST","Países del bono posdemográfico","2020","53484.38647"
"PST","Países del bono posdemográfico","2021","56629.44287"
"PST","Países del bono posdemográfico","2022","58044.49539"
"PST","Países del bono posdemográfico","2023","58864.50731"
"PST","Países del bono posdemográfico","2024","59533.89456"
"PST","Países del bono posdemográfico","2025","60280.28926"
"PRE","Países del bono predemográfico","1990","3606.54399"
"PRE","Países del bono predemográfico","1991","3248.59839"
"PRE","Países del bono predemográfico","1992","3233.33240"
"PRE","Países del bono predemográfico","1993","3110.53978"
"PRE","Países del bono predemográfico","1994","3007.41311"
"PRE","Países del bono predemográfico","1995","3002.29250"
"PRE","Países del bono predemográfico","1996","3085.46952"
"PRE","Países del bono predemográfico","1997","3188.36653"
"PRE","Países del bono predemográfico","1998","3308.60840"
"PRE","Países del bono predemográfico","1999","3345.85404"
"PRE","Países del bono predemográfico","2000","3431.99059"
"PRE","Países del bono predemográfico","2001","3480.90891"
"PRE","Países del bono predemográfico","2002","3596.88399"
"PRE","Países del bono predemográfico","2003","3488.33291"
"PRE","Países del bono predemográfico","2004","3785.58312"
"PRE","Países del bono predemográfico","2005","3897.99425"
"PRE","Países del bono predemográfico","2006","4024.27617"
"PRE","Países del bono predemográfico","2007","4156.31275"
"PRE","Países del bono predemográfico","2008","4296.51658"
"PRE","Países del bono predemográfico","2009","4380.77456"
"PRE","Países del bono predemográfico","2010","4542.96699"
"PRE","Países del bono predemográfico","2011","4601.80263"
"PRE","Países del bono predemográfico","2012","4699.81578"
"PRE","Países del bono predemográfico","2013","4836.16367"
"PRE","Países del bono predemográfico","2014","4943.93910"
"PRE","Países del bono predemográfico","2015","4955.04369"
"PRE","Países del bono predemográfico","2016","4937.98688"
"PRE","Países del bono predemográfico","2017","4883.51888"
"PRE","Países del bono predemográfico","2018","4877.52526"
"PRE","Países del bono predemográfico","2019","4894.86911"
"PRE","Países del bono predemográfico","2020","4560.44775"
"PRE","Países del bono predemográfico","2021","4534.67817"
"PRE","Países del bono predemográfico","2022","4622.84662"
"PRE","Países del bono predemográfico","2023","4616.90450"
"PRE","Países del bono predemográfico","2024","4654.29645"
"PRE","Países del bono predemográfico","2025","4703.90905"
"LDC","Países menos desarrollados","1990","1952.07525"
"LDC","Países menos desarrollados","1991","1936.47394"
"LDC","Países menos desarrollados","1992","1891.51154"
"LDC","Países menos desarrollados","1993","1832.89513"
"LDC","Países menos desarrollados","1994","1793.32284"
"LDC","Países menos desarrollados","1995","1846.55168"
"LDC","Países menos desarrollados","1996","1900.50441"
"LDC","Países menos desarrollados","1997","1950.68948"
"LDC","Países menos desarrollados","1998","1976.74634"
"LDC","Países menos desarrollados","1999","2009.58050"
"LDC","Países menos desarrollados","2000","2048.71960"
"LDC","Países menos desarrollados","2001","2101.00286"
"LDC","Países menos desarrollados","2002","2164.86434"
"LDC","Países menos desarrollados","2003","2227.39806"
"LDC","Países menos desarrollados","2004","2321.65342"
"LDC","Países menos desarrollados","2005","2440.11770"
"LDC","Países menos desarrollados","2006","2556.63272"
"LDC","Países menos desarrollados","2007","2691.00801"
"LDC","Países menos desarrollados","2008","2806.96555"
"LDC","Países menos desarrollados","2009","2867.15246"
"LDC","Países menos desarrollados","2010","2980.94841"
"LDC","Países menos desarrollados","2011","3051.43683"
"LDC","Países menos desarrollados","2012","3129.10024"
"LDC","Países menos desarrollados","2013","3241.36780"
"LDC","Países menos desarrollados","2014","3352.66131"
"LDC","Países menos desarrollados","2015","3444.48573"
"LDC","Países menos desarrollados","2016","3530.49119"
"LDC","Países menos desarrollados","2017","3628.84674"
"LDC","Países menos desarrollados","2018","3726.77808"
"LDC","Países menos desarrollados","2019","3830.88853"
"LDC","Países menos desarrollados","2020","3741.39973"
"LDC","Países menos desarrollados","2021","3753.12780"
"LDC","Países menos desarrollados","2022","3851.75396"
"LDC","Países menos desarrollados","2023","3891.73641"
"LDC","Países menos desarrollados","2024","3956.39664"
"LDC","Países menos desarrollados","2025","4035.24176"
"HPC","Países pobres endeudados","1990","2187.52119"
"HPC","Países pobres endeudados","1991","2150.14603"
"HPC","Países pobres endeudados","1992","2063.51832"
"HPC","Países pobres endeudados","1993","2007.61677"
"HPC","Países pobres endeudados","1994","1954.66052"
"HPC","Países pobres endeudados","1995","1995.76476"
"HPC","Países pobres endeudados","1996","2045.40358"
"HPC","Países pobres endeudados","1997","2105.06911"
"HPC","Países pobres endeudados","1998","2122.71276"
"HPC","Países pobres endeudados","1999","2134.25318"
"HPC","Países pobres endeudados","2000","2138.94627"
"HPC","Países pobres endeudados","2001","2156.32813"
"HPC","Países pobres endeudados","2002","2182.06410"
"HPC","Países pobres endeudados","2003","2208.56081"
"HPC","Países pobres endeudados","2004","2270.11907"
"HPC","Países pobres endeudados","2005","2331.37399"
"HPC","Países pobres endeudados","2006","2397.19394"
"HPC","Países pobres endeudados","2007","2461.47804"
"HPC","Países pobres endeudados","2008","2530.01938"
"HPC","Países pobres endeudados","2009","2550.86844"
"HPC","Países pobres endeudados","2010","2639.80320"
"HPC","Países pobres endeudados","2011","2673.57911"
"HPC","Países pobres endeudados","2012","2705.28770"
"HPC","Países pobres endeudados","2013","2791.50708"
"HPC","Países pobres endeudados","2014","2862.12644"
"HPC","Países pobres endeudados","2015","2914.03385"
"HPC","Países pobres endeudados","2016","2956.59086"
"HPC","Países pobres endeudados","2017","3016.38373"
"HPC","Países pobres endeudados","2018","3053.40945"
"HPC","Países pobres endeudados","2019","3094.41035"
"HPC","Países pobres endeudados","2020","3004.89506"
"HPC","Países pobres endeudados","2021","3038.71814"
"HPC","Países pobres endeudados","2022","3095.04042"
"HPC","Países pobres endeudados","2023","3113.88148"
"HPC","Países pobres endeudados","2024","3180.19389"
"HPC","Países pobres endeudados","2025","3276.21428"
"CSS","Pequeños Estados del Caribe","1990","13162.50817"
"CSS","Pequeños Estados del Caribe","1991","13229.33150"
"CSS","Pequeños Estados del Caribe","1992","13609.09609"
"CSS","Pequeños Estados del Caribe","1993","13531.19043"
"CSS","Pequeños Estados del Caribe","1994","13896.17304"
"CSS","Pequeños Estados del Caribe","1995","14183.60600"
"CSS","Pequeños Estados del Caribe","1996","14758.16887"
"CSS","Pequeños Estados del Caribe","1997","15378.93154"
"CSS","Pequeños Estados del Caribe","1998","16003.31726"
"CSS","Pequeños Estados del Caribe","1999","16662.53730"
"CSS","Pequeños Estados del Caribe","2000","17296.22283"
"CSS","Pequeños Estados del Caribe","2001","17587.99011"
"CSS","Pequeños Estados del Caribe","2002","18212.16044"
"CSS","Pequeños Estados del Caribe","2003","19401.60224"
"CSS","Pequeños Estados del Caribe","2004","20312.50245"
"CSS","Pequeños Estados del Caribe","2005","21377.71803"
"CSS","Pequeños Estados del Caribe","2006","23063.57963"
"CSS","Pequeños Estados del Caribe","2007","23894.03189"
"CSS","Pequeños Estados del Caribe","2008","24276.68807"
"CSS","Pequeños Estados del Caribe","2009","23444.99211"
"CSS","Pequeños Estados del Caribe","2010","23751.98630"
"CSS","Pequeños Estados del Caribe","2011","23879.72241"
"CSS","Pequeños Estados del Caribe","2012","24784.94757"
"CSS","Pequeños Estados del Caribe","2013","25141.18818"
"CSS","Pequeños Estados del Caribe","2014","25633.40339"
"CSS","Pequeños Estados del Caribe","2015","25404.13497"
"CSS","Pequeños Estados del Caribe","2016","24339.82566"
"CSS","Pequeños Estados del Caribe","2017","23920.58932"
"CSS","Pequeños Estados del Caribe","2018","24024.81783"
"CSS","Pequeños Estados del Caribe","2019","24095.62689"
"CSS","Pequeños Estados del Caribe","2020","22222.11511"
"CSS","Pequeños Estados del Caribe","2021","23495.15907"
"CSS","Pequeños Estados del Caribe","2022","27023.55746"
"CSS","Pequeños Estados del Caribe","2023","29600.95307"
"CSS","Pequeños Estados del Caribe","2024","33971.55250"
"CSS","Pequeños Estados del Caribe","2025","36714.31542"
"PSS","Pequeños Estados insulares del Pacífico","1990","5472.29611"
"PSS","Pequeños Estados insulares del Pacífico","1991","5330.58676"
"PSS","Pequeños Estados insulares del Pacífico","1992","5520.87345"
"PSS","Pequeños Estados insulares del Pacífico","1993","5549.63856"
"PSS","Pequeños Estados insulares del Pacífico","1994","5736.46620"
"PSS","Pequeños Estados insulares del Pacífico","1995","5884.83214"
"PSS","Pequeños Estados insulares del Pacífico","1996","6010.66700"
"PSS","Pequeños Estados insulares del Pacífico","1997","5835.05607"
"PSS","Pequeños Estados insulares del Pacífico","1998","5826.61645"
"PSS","Pequeños Estados insulares del Pacífico","1999","6050.72495"
"PSS","Pequeños Estados insulares del Pacífico","2000","5881.81677"
"PSS","Pequeños Estados insulares del Pacífico","2001","5877.75118"
"PSS","Pequeños Estados insulares del Pacífico","2002","5941.54718"
"PSS","Pequeños Estados insulares del Pacífico","2003","5969.03145"
"PSS","Pequeños Estados insulares del Pacífico","2004","6151.76389"
"PSS","Pequeños Estados insulares del Pacífico","2005","6203.63941"
"PSS","Pequeños Estados insulares del Pacífico","2006","6270.20561"
"PSS","Pequeños Estados insulares del Pacífico","2007","6191.93685"
"PSS","Pequeños Estados insulares del Pacífico","2008","6237.22081"
"PSS","Pequeños Estados insulares del Pacífico","2009","6128.78865"
"PSS","Pequeños Estados insulares del Pacífico","2010","6266.69939"
"PSS","Pequeños Estados insulares del Pacífico","2011","6402.09924"
"PSS","Pequeños Estados insulares del Pacífico","2012","6386.94053"
"PSS","Pequeños Estados insulares del Pacífico","2013","6531.90012"
"PSS","Pequeños Estados insulares del Pacífico","2014","6710.09392"
"PSS","Pequeños Estados insulares del Pacífico","2015","6896.50177"
"PSS","Pequeños Estados insulares del Pacífico","2016","7044.71064"
"PSS","Pequeños Estados insulares del Pacífico","2017","7249.20253"
"PSS","Pequeños Estados insulares del Pacífico","2018","7370.26164"
"PSS","Pequeños Estados insulares del Pacífico","2019","7345.58196"
"PSS","Pequeños Estados insulares del Pacífico","2020","6398.88980"
"PSS","Pequeños Estados insulares del Pacífico","2021","6133.27338"
"PSS","Pequeños Estados insulares del Pacífico","2022","6703.99054"
"PSS","Pequeños Estados insulares del Pacífico","2023","7145.20420"
"PSS","Pequeños Estados insulares del Pacífico","2024","7314.41647"
"PSS","Pequeños Estados insulares del Pacífico","2025","7464.75790"
"PER","Perú","1990","6316.22691"
"PER","Perú","1991","6321.72201"
"PER","Perú","1992","6160.80457"
"PER","Perú","1993","6354.40466"
"PER","Perú","1994","6996.76186"
"PER","Perú","1995","7371.04799"
"PER","Perú","1996","7436.18932"
"PER","Perú","1997","7772.77834"
"PER","Perú","1998","7602.78356"
"PER","Perú","1999","7584.30465"
"PER","Perú","2000","7668.06078"
"PER","Perú","2001","7610.63949"
"PER","Perú","2002","7930.50981"
"PER","Perú","2003","8173.27673"
"PER","Perú","2004","8494.84031"
"PER","Perú","2005","8948.74711"
"PER","Perú","2006","9546.62530"
"PER","Perú","2007","10284.96722"
"PER","Perú","2008","11150.02622"
"PER","Perú","2009","11202.86544"
"PER","Perú","2010","12057.39130"
"PER","Perú","2011","12724.88320"
"PER","Perú","2012","13393.59239"
"PER","Perú","2013","14050.24203"
"PER","Perú","2014","14242.64448"
"PER","Perú","2015","14540.83132"
"PER","Perú","2016","14915.43663"
"PER","Perú","2017","15067.48928"
"PER","Perú","2018","15384.18461"
"PER","Perú","2019","15461.45726"
"PER","Perú","2020","13607.76407"
"PER","Perú","2021","15285.77069"
"PER","Perú","2022","15566.52426"
"PER","Perú","2023","15342.27414"
"PER","Perú","2024","15708.83294"
"PER","Perú","2025","16079.12474"
"POL","Polonia","1990","12821.46363"
"POL","Polonia","1991","11879.75393"
"POL","Polonia","1992","12141.23513"
"POL","Polonia","1993","12563.10454"
"POL","Polonia","1994","13200.16142"
"POL","Polonia","1995","14227.56637"
"POL","Polonia","1996","15083.09812"
"POL","Polonia","1997","16031.72115"
"POL","Polonia","1998","16766.64929"
"POL","Polonia","1999","17556.00269"
"POL","Polonia","2000","18566.35463"
"POL","Polonia","2001","18800.60186"
"POL","Polonia","2002","19166.91371"
"POL","Polonia","2003","19855.63180"
"POL","Polonia","2004","20878.65450"
"POL","Polonia","2005","21568.94766"
"POL","Polonia","2006","22921.19759"
"POL","Polonia","2007","24484.06567"
"POL","Polonia","2008","25553.90584"
"POL","Polonia","2009","26204.41037"
"POL","Polonia","2010","27112.13338"
"POL","Polonia","2011","28521.66126"
"POL","Polonia","2012","28952.91573"
"POL","Polonia","2013","29168.62421"
"POL","Polonia","2014","30334.87866"
"POL","Polonia","2015","31700.36824"
"POL","Polonia","2016","32675.30523"
"POL","Polonia","2017","34354.59876"
"POL","Polonia","2018","36500.41143"
"POL","Polonia","2019","38181.62303"
"POL","Polonia","2020","37852.80213"
"POL","Polonia","2021","41059.58478"
"POL","Polonia","2022","43405.02158"
"POL","Polonia","2023","43672.76680"
"POL","Polonia","2024","45153.04398"
"POL","Polonia","2025","46924.58879"
"PRT","Portugal","1990","27190.57203"
"PRT","Portugal","1991","28443.79454"
"PRT","Portugal","1992","28776.04758"
"PRT","Portugal","1993","28153.61552"
"PRT","Portugal","1994","28348.86584"
"PRT","Portugal","1995","29460.81419"
"PRT","Portugal","1996","30378.75578"
"PRT","Portugal","1997","31574.40220"
"PRT","Portugal","1998","32925.66387"
"PRT","Portugal","1999","34018.96371"
"PRT","Portugal","2000","35069.82757"
"PRT","Portugal","2001","35500.22668"
"PRT","Portugal","2002","35578.52003"
"PRT","Portugal","2003","35115.37951"
"PRT","Portugal","2004","35658.12983"
"PRT","Portugal","2005","35870.30927"
"PRT","Portugal","2006","36387.53674"
"PRT","Portugal","2007","37226.47026"
"PRT","Portugal","2008","37291.50490"
"PRT","Portugal","2009","36092.81093"
"PRT","Portugal","2010","36703.11419"
"PRT","Portugal","2011","36127.29498"
"PRT","Portugal","2012","34804.63333"
"PRT","Portugal","2013","34651.77195"
"PRT","Portugal","2014","35097.40983"
"PRT","Portugal","2015","35803.35756"
"PRT","Portugal","2016","36636.29784"
"PRT","Portugal","2017","37943.11505"
"PRT","Portugal","2018","39123.61513"
"PRT","Portugal","2019","40188.28688"
"PRT","Portugal","2020","36852.22873"
"PRT","Portugal","2021","38657.66772"
"PRT","Portugal","2022","41070.86115"
"PRT","Portugal","2023","41768.25831"
"PRT","Portugal","2024","42228.15804"
"PRT","Portugal","2025","42576.81397"
"PRI","Puerto Rico","1990","26738.81444"
"PRI","Puerto Rico","1991","27162.15079"
"PRI","Puerto Rico","1992","28219.11605"
"PRI","Puerto Rico","1993","29282.11218"
"PRI","Puerto Rico","1994","30225.78076"
"PRI","Puerto Rico","1995","31310.18016"
"PRI","Puerto Rico","1996","31677.23025"
"PRI","Puerto Rico","1997","32915.79057"
"PRI","Puerto Rico","1998","34537.18519"
"PRI","Puerto Rico","1999","36216.83809"
"PRI","Puerto Rico","2000","37298.54504"
"PRI","Puerto Rico","2001","39568.55284"
"PRI","Puerto Rico","2002","39879.72956"
"PRI","Puerto Rico","2003","39876.06702"
"PRI","Puerto Rico","2004","43355.82264"
"PRI","Puerto Rico","2005","42555.70812"
"PRI","Puerto Rico","2006","42133.96827"
"PRI","Puerto Rico","2007","41888.62327"
"PRI","Puerto Rico","2008","41358.06891"
"PRI","Puerto Rico","2009","40772.35142"
"PRI","Puerto Rico","2010","40777.68928"
"PRI","Puerto Rico","2011","40972.53641"
"PRI","Puerto Rico","2012","41347.45420"
"PRI","Puerto Rico","2013","41556.78524"
"PRI","Puerto Rico","2014","41593.67983"
"PRI","Puerto Rico","2015","41737.60686"
"PRI","Puerto Rico","2016","41858.26267"
"PRI","Puerto Rico","2017","41479.99777"
"PRI","Puerto Rico","2018","41119.30881"
"PRI","Puerto Rico","2019","41656.32916"
"PRI","Puerto Rico","2020","40171.37445"
"PRI","Puerto Rico","2021","40559.22619"
"PRI","Puerto Rico","2022","42310.81397"
"PRI","Puerto Rico","2023","42837.87274"
"PRI","Puerto Rico","2024","44216.43334"
"PRI","Puerto Rico","2025","44603.21806"
"QAT","Qatar","1990","75303.56017"
"QAT","Qatar","1991","71662.20430"
"QAT","Qatar","1992","77267.11455"
"QAT","Qatar","1993","73900.59136"
"QAT","Qatar","1994","72711.02421"
"QAT","Qatar","1995","72303.47796"
"QAT","Qatar","1996","73369.82924"
"QAT","Qatar","1997","91667.42398"
"QAT","Qatar","1998","96675.81247"
"QAT","Qatar","1999","95556.85225"
"QAT","Qatar","2000","98028.52329"
"QAT","Qatar","2001","96901.59437"
"QAT","Qatar","2002","99001.49400"
"QAT","Qatar","2003","98068.12325"
"QAT","Qatar","2004","112583.92992"
"QAT","Qatar","2005","113384.26700"
"QAT","Qatar","2006","121378.43896"
"QAT","Qatar","2007","115272.51000"
"QAT","Qatar","2008","114879.22173"
"QAT","Qatar","2009","114069.65234"
"QAT","Qatar","2010","132502.28183"
"QAT","Qatar","2011","149025.11633"
"QAT","Qatar","2012","147077.40609"
"QAT","Qatar","2013","138046.59632"
"QAT","Qatar","2014","128013.98705"
"QAT","Qatar","2015","123070.88788"
"QAT","Qatar","2016","120054.40874"
"QAT","Qatar","2017","115064.94366"
"QAT","Qatar","2018","114909.94549"
"QAT","Qatar","2019","113160.97378"
"QAT","Qatar","2020","103061.91342"
"QAT","Qatar","2021","116832.57029"
"QAT","Qatar","2022","114740.12361"
"QAT","Qatar","2023","116159.14256"
"QAT","Qatar","2024","111314.25036"
"QAT","Qatar","2025","110135.69630"
"GBR","Reino Unido","1990","33530.95782"
"GBR","Reino Unido","1991","32995.39487"
"GBR","Reino Unido","1992","33332.33264"
"GBR","Reino Unido","1993","34413.19049"
"GBR","Reino Unido","1994","36025.98310"
"GBR","Reino Unido","1995","37200.37900"
"GBR","Reino Unido","1996","38076.06245"
"GBR","Reino Unido","1997","39831.44926"
"GBR","Reino Unido","1998","41004.83863"
"GBR","Reino Unido","1999","42071.70554"
"GBR","Reino Unido","2000","43818.34631"
"GBR","Reino Unido","2001","44693.66126"
"GBR","Reino Unido","2002","45265.45652"
"GBR","Reino Unido","2003","46505.27988"
"GBR","Reino Unido","2004","47317.02707"
"GBR","Reino Unido","2005","48304.67532"
"GBR","Reino Unido","2006","49000.95354"
"GBR","Reino Unido","2007","50045.91631"
"GBR","Reino Unido","2008","49629.04987"
"GBR","Reino Unido","2009","46995.54500"
"GBR","Reino Unido","2010","47682.65252"
"GBR","Reino Unido","2011","47714.28943"
"GBR","Reino Unido","2012","48099.65944"
"GBR","Reino Unido","2013","48600.51008"
"GBR","Reino Unido","2014","49763.17388"
"GBR","Reino Unido","2015","50462.83300"
"GBR","Reino Unido","2016","51168.29258"
"GBR","Reino Unido","2017","52429.12755"
"GBR","Reino Unido","2018","52983.03954"
"GBR","Reino Unido","2019","53374.09276"
"GBR","Reino Unido","2020","47930.54904"
"GBR","Reino Unido","2021","51840.44242"
"GBR","Reino Unido","2022","53979.76791"
"GBR","Reino Unido","2023","53423.42263"
"GBR","Reino Unido","2024","53412.06472"
"GBR","Reino Unido","2025","53993.11726"
"CAF","Rep. Centroafricana","1990","1481.25255"
"CAF","Rep. Centroafricana","1991","1427.69018"
"CAF","Rep. Centroafricana","1992","1294.20255"
"CAF","Rep. Centroafricana","1993","1257.82840"
"CAF","Rep. Centroafricana","1994","1278.91509"
"CAF","Rep. Centroafricana","1995","1334.10323"
"CAF","Rep. Centroafricana","1996","1247.96875"
"CAF","Rep. Centroafricana","1997","1278.48826"
"CAF","Rep. Centroafricana","1998","1302.75143"
"CAF","Rep. Centroafricana","1999","1313.23571"
"CAF","Rep. Centroafricana","2000","1245.81400"
"CAF","Rep. Centroafricana","2001","1272.85711"
"CAF","Rep. Centroafricana","2002","1290.38315"
"CAF","Rep. Centroafricana","2003","1191.87315"
"CAF","Rep. Centroafricana","2004","1236.28535"
"CAF","Rep. Centroafricana","2005","1219.59394"
"CAF","Rep. Centroafricana","2006","1251.87082"
"CAF","Rep. Centroafricana","2007","1284.55284"
"CAF","Rep. Centroafricana","2008","1283.27283"
"CAF","Rep. Centroafricana","2009","1402.68165"
"CAF","Rep. Centroafricana","2010","1479.41368"
"CAF","Rep. Centroafricana","2011","1517.14839"
"CAF","Rep. Centroafricana","2012","1577.98053"
"CAF","Rep. Centroafricana","2013","996.89636"
"CAF","Rep. Centroafricana","2014","1001.85598"
"CAF","Rep. Centroafricana","2015","1043.92172"
"CAF","Rep. Centroafricana","2016","1073.94478"
"CAF","Rep. Centroafricana","2017","1103.86609"
"CAF","Rep. Centroafricana","2018","1125.70092"
"CAF","Rep. Centroafricana","2019","1145.09564"
"CAF","Rep. Centroafricana","2020","1136.57053"
"CAF","Rep. Centroafricana","2021","1128.55238"
"CAF","Rep. Centroafricana","2022","1136.80171"
"CAF","Rep. Centroafricana","2023","1132.67643"
"CAF","Rep. Centroafricana","2024","1111.21942"
"CAF","Rep. Centroafricana","2025","1122.76083"
"COD","Rep. Dem. Congo","1990","2403.97025"
"COD","Rep. Dem. Congo","1991","2129.44892"
"COD","Rep. Dem. Congo","1992","1842.54849"
"COD","Rep. Dem. Congo","1993","1538.39691"
"COD","Rep. Dem. Congo","1994","1410.05655"
"COD","Rep. Dem. Congo","1995","1362.18780"
"COD","Rep. Dem. Congo","1996","1322.58012"
"COD","Rep. Dem. Congo","1997","1228.39077"
"COD","Rep. Dem. Congo","1998","1176.05050"
"COD","Rep. Dem. Congo","1999","1088.65044"
"COD","Rep. Dem. Congo","2000","981.42208"
"COD","Rep. Dem. Congo","2001","930.85783"
"COD","Rep. Dem. Congo","2002","929.45281"
"COD","Rep. Dem. Congo","2003","953.04464"
"COD","Rep. Dem. Congo","2004","987.74692"
"COD","Rep. Dem. Congo","2005","1016.63389"
"COD","Rep. Dem. Congo","2006","1036.13330"
"COD","Rep. Dem. Congo","2007","1091.54081"
"COD","Rep. Dem. Congo","2008","1137.84087"
"COD","Rep. Dem. Congo","2009","1109.18312"
"COD","Rep. Dem. Congo","2010","1166.98307"
"COD","Rep. Dem. Congo","2011","1124.77205"
"COD","Rep. Dem. Congo","2012","1182.14075"
"COD","Rep. Dem. Congo","2013","1342.74156"
"COD","Rep. Dem. Congo","2014","1392.75841"
"COD","Rep. Dem. Congo","2015","1433.21580"
"COD","Rep. Dem. Congo","2016","1388.80163"
"COD","Rep. Dem. Congo","2017","1395.71962"
"COD","Rep. Dem. Congo","2018","1431.72853"
"COD","Rep. Dem. Congo","2019","1394.76461"
"COD","Rep. Dem. Congo","2020","1361.02791"
"COD","Rep. Dem. Congo","2021","1402.38560"
"COD","Rep. Dem. Congo","2022","1484.33842"
"COD","Rep. Dem. Congo","2023","1559.33806"
"COD","Rep. Dem. Congo","2024","1601.70927"
"COD","Rep. Dem. Congo","2025","1640.56622"
"DOM","Rep. Dominicana","1990","7327.72670"
"DOM","Rep. Dominicana","1991","7246.24670"
"DOM","Rep. Dominicana","1992","7900.76809"
"DOM","Rep. Dominicana","1993","8318.49179"
"DOM","Rep. Dominicana","1994","8372.07170"
"DOM","Rep. Dominicana","1995","8685.01649"
"DOM","Rep. Dominicana","1996","9036.88352"
"DOM","Rep. Dominicana","1997","9671.14818"
"DOM","Rep. Dominicana","1998","10150.44602"
"DOM","Rep. Dominicana","1999","10582.07759"
"DOM","Rep. Dominicana","2000","10896.31842"
"DOM","Rep. Dominicana","2001","10991.13634"
"DOM","Rep. Dominicana","2002","11313.06903"
"DOM","Rep. Dominicana","2003","11000.86841"
"DOM","Rep. Dominicana","2004","11131.27092"
"DOM","Rep. Dominicana","2005","12022.50805"
"DOM","Rep. Dominicana","2006","12961.91836"
"DOM","Rep. Dominicana","2007","13754.92127"
"DOM","Rep. Dominicana","2008","14030.14111"
"DOM","Rep. Dominicana","2009","13992.41033"
"DOM","Rep. Dominicana","2010","14975.00101"
"DOM","Rep. Dominicana","2011","15258.08581"
"DOM","Rep. Dominicana","2012","15487.27764"
"DOM","Rep. Dominicana","2013","16054.76773"
"DOM","Rep. Dominicana","2014","16993.58744"
"DOM","Rep. Dominicana","2015","17973.18703"
"DOM","Rep. Dominicana","2016","18968.97524"
"DOM","Rep. Dominicana","2017","19501.87431"
"DOM","Rep. Dominicana","2018","20662.84859"
"DOM","Rep. Dominicana","2019","21451.28644"
"DOM","Rep. Dominicana","2020","19545.40996"
"DOM","Rep. Dominicana","2021","22053.45899"
"DOM","Rep. Dominicana","2022","22986.95808"
"DOM","Rep. Dominicana","2023","23282.48951"
"DOM","Rep. Dominicana","2024","24229.88949"
"DOM","Rep. Dominicana","2025","24543.34218"
"RWA","Ruanda","1990","1165.72605"
"RWA","Ruanda","1991","1113.51792"
"RWA","Ruanda","1992","1154.92927"
"RWA","Ruanda","1993","1021.67131"
"RWA","Ruanda","1994","597.26280"
"RWA","Ruanda","1995","966.81041"
"RWA","Ruanda","1996","921.92828"
"RWA","Ruanda","1997","907.98069"
"RWA","Ruanda","1998","948.49066"
"RWA","Ruanda","1999","981.72250"
"RWA","Ruanda","2000","1055.35042"
"RWA","Ruanda","2001","1134.78453"
"RWA","Ruanda","2002","1267.19397"
"RWA","Ruanda","2003","1266.94449"
"RWA","Ruanda","2004","1325.79557"
"RWA","Ruanda","2005","1412.06108"
"RWA","Ruanda","2006","1501.76462"
"RWA","Ruanda","2007","1573.96811"
"RWA","Ruanda","2008","1704.25449"
"RWA","Ruanda","2009","1764.63485"
"RWA","Ruanda","2010","1846.86327"
"RWA","Ruanda","2011","1945.53705"
"RWA","Ruanda","2012","2063.66475"
"RWA","Ruanda","2013","2109.74669"
"RWA","Ruanda","2014","2176.09492"
"RWA","Ruanda","2015","2313.09717"
"RWA","Ruanda","2016","2386.74841"
"RWA","Ruanda","2017","2441.08541"
"RWA","Ruanda","2018","2577.69730"
"RWA","Ruanda","2019","2753.53960"
"RWA","Ruanda","2020","2617.70706"
"RWA","Ruanda","2021","2776.39276"
"RWA","Ruanda","2022","2983.10774"
"RWA","Ruanda","2023","3168.03075"
"RWA","Ruanda","2024","3325.00770"
"RWA","Ruanda","2025","3558.68004"
"ROU","Rumania","1990","16316.84467"
"ROU","Rumania","1991","14332.97068"
"ROU","Rumania","1992","13195.04181"
"ROU","Rumania","1993","13415.01880"
"ROU","Rumania","1994","13962.77386"
"ROU","Rumania","1995","14863.18559"
"ROU","Rumania","1996","15488.55748"
"ROU","Rumania","1997","14779.99773"
"ROU","Rumania","1998","14509.99318"
"ROU","Rumania","1999","14478.04935"
"ROU","Rumania","2000","14853.60637"
"ROU","Rumania","2001","15848.30391"
"ROU","Rumania","2002","17061.62937"
"ROU","Rumania","2003","17587.46262"
"ROU","Rumania","2004","19532.48002"
"ROU","Rumania","2005","20570.92551"
"ROU","Rumania","2006","22354.56379"
"ROU","Rumania","2007","24328.39313"
"ROU","Rumania","2008","27039.60009"
"ROU","Rumania","2009","25761.63055"
"ROU","Rumania","2010","24902.90449"
"ROU","Rumania","2011","26150.74762"
"ROU","Rumania","2012","26767.45565"
"ROU","Rumania","2013","26941.93188"
"ROU","Rumania","2014","28156.13078"
"ROU","Rumania","2015","29181.87817"
"ROU","Rumania","2016","30189.14772"
"ROU","Rumania","2017","32852.63557"
"ROU","Rumania","2018","34828.89586"
"ROU","Rumania","2019","36399.47461"
"ROU","Rumania","2020","35283.60604"
"ROU","Rumania","2021","37534.00026"
"ROU","Rumania","2022","39256.82609"
"ROU","Rumania","2023","40116.68914"
"ROU","Rumania","2024","40503.83233"
"ROU","Rumania","2025","40845.98434"
"RUS","Rusia","1990","29643.59570"
"RUS","Rusia","1991","28066.92188"
"RUS","Rusia","1992","23965.24414"
"RUS","Rusia","1993","21899.51758"
"RUS","Rusia","1994","19153.36328"
"RUS","Rusia","1995","18363.71289"
"RUS","Rusia","1996","17699.86914"
"RUS","Rusia","1997","17977.35156"
"RUS","Rusia","1998","17052.75586"
"RUS","Rusia","1999","18200.32031"
"RUS","Rusia","2000","20104.75000"
"RUS","Rusia","2001","21219.90430"
"RUS","Rusia","2002","22319.67773"
"RUS","Rusia","2003","24057.92773"
"RUS","Rusia","2004","25894.14648"
"RUS","Rusia","2005","27656.65820"
"RUS","Rusia","2006","30022.67188"
"RUS","Rusia","2007","32630.36914"
"RUS","Rusia","2008","34342.22656"
"RUS","Rusia","2009","31654.00391"
"RUS","Rusia","2010","33063.58594"
"RUS","Rusia","2011","34444.64453"
"RUS","Rusia","2012","35740.69922"
"RUS","Rusia","2013","36260.06641"
"RUS","Rusia","2014","35853.24609"
"RUS","Rusia","2015","35037.15234"
"RUS","Rusia","2016","35005.44531"
"RUS","Rusia","2017","35570.70312"
"RUS","Rusia","2018","36536.69531"
"RUS","Rusia","2019","37319.32031"
"RUS","Rusia","2020","36376.33594"
"RUS","Rusia","2021","38638.42969"
"RUS","Rusia","2022","38214.69141"
"RUS","Rusia","2023","39881.44922"
"RUS","Rusia","2024","41891.17188"
"RUS","Rusia","2025","42357.98828"
"KNA","Saint Kitts y Nevis","1990","14326.04107"
"KNA","Saint Kitts y Nevis","1991","14084.68319"
"KNA","Saint Kitts y Nevis","1992","14557.18426"
"KNA","Saint Kitts y Nevis","1993","15348.68878"
"KNA","Saint Kitts y Nevis","1994","15955.83750"
"KNA","Saint Kitts y Nevis","1995","16596.26563"
"KNA","Saint Kitts y Nevis","1996","17340.22346"
"KNA","Saint Kitts y Nevis","1997","18288.49437"
"KNA","Saint Kitts y Nevis","1998","17963.69924"
"KNA","Saint Kitts y Nevis","1999","18291.42292"
"KNA","Saint Kitts y Nevis","2000","19840.58006"
"KNA","Saint Kitts y Nevis","2001","20648.78897"
"KNA","Saint Kitts y Nevis","2002","20813.40500"
"KNA","Saint Kitts y Nevis","2003","19927.18183"
"KNA","Saint Kitts y Nevis","2004","20661.34586"
"KNA","Saint Kitts y Nevis","2005","22612.71266"
"KNA","Saint Kitts y Nevis","2006","23258.98423"
"KNA","Saint Kitts y Nevis","2007","23330.04424"
"KNA","Saint Kitts y Nevis","2008","25898.78236"
"KNA","Saint Kitts y Nevis","2009","24973.80453"
"KNA","Saint Kitts y Nevis","2010","24997.56725"
"KNA","Saint Kitts y Nevis","2011","25380.00873"
"KNA","Saint Kitts y Nevis","2012","25114.05726"
"KNA","Saint Kitts y Nevis","2013","26532.10166"
"KNA","Saint Kitts y Nevis","2014","28530.30722"
"KNA","Saint Kitts y Nevis","2015","28729.56645"
"KNA","Saint Kitts y Nevis","2016","29867.02656"
"KNA","Saint Kitts y Nevis","2017","29948.92001"
"KNA","Saint Kitts y Nevis","2018","30576.24867"
"KNA","Saint Kitts y Nevis","2019","31512.19431"
"KNA","Saint Kitts y Nevis","2020","26736.92836"
"KNA","Saint Kitts y Nevis","2021","26896.61771"
"KNA","Saint Kitts y Nevis","2022","29749.87009"
"KNA","Saint Kitts y Nevis","2023","30616.57728"
"KNA","Saint Kitts y Nevis","2024","30656.44101"
"KNA","Saint Kitts y Nevis","2025","31427.66308"
"WSM","Samoa","1990","3991.43807"
"WSM","Samoa","1991","3892.12847"
"WSM","Samoa","1992","3862.38380"
"WSM","Samoa","1993","3986.96466"
"WSM","Samoa","1994","3854.53322"
"WSM","Samoa","1995","4078.51336"
"WSM","Samoa","1996","4334.06812"
"WSM","Samoa","1997","4325.69240"
"WSM","Samoa","1998","4387.08120"
"WSM","Samoa","1999","4448.88974"
"WSM","Samoa","2000","4639.18880"
"WSM","Samoa","2001","4941.74832"
"WSM","Samoa","2002","5184.11871"
"WSM","Samoa","2003","5426.13899"
"WSM","Samoa","2004","5569.06081"
"WSM","Samoa","2005","5915.64757"
"WSM","Samoa","2006","6018.24805"
"WSM","Samoa","2007","6014.04676"
"WSM","Samoa","2008","6183.55547"
"WSM","Samoa","2009","6104.90963"
"WSM","Samoa","2010","6428.13509"
"WSM","Samoa","2011","6617.61890"
"WSM","Samoa","2012","6312.76945"
"WSM","Samoa","2013","6263.12610"
"WSM","Samoa","2014","6248.70535"
"WSM","Samoa","2015","6433.18396"
"WSM","Samoa","2016","6888.18770"
"WSM","Samoa","2017","6919.90225"
"WSM","Samoa","2018","6805.91709"
"WSM","Samoa","2019","7034.42233"
"WSM","Samoa","2020","6746.15668"
"WSM","Samoa","2021","6350.92787"
"WSM","Samoa","2022","6450.19152"
"WSM","Samoa","2023","7384.69164"
"WSM","Samoa","2024","7687.23426"
"WSM","Samoa","2025","7963.42749"
"SMR","San Marino","1997","66923.03258"
"SMR","San Marino","1998","71024.56188"
"SMR","San Marino","1999","76474.13228"
"SMR","San Marino","2000","77149.41858"
"SMR","San Marino","2001","80420.77255"
"SMR","San Marino","2002","79649.53505"
"SMR","San Marino","2003","81688.38142"
"SMR","San Marino","2004","80724.81147"
"SMR","San Marino","2005","81632.17763"
"SMR","San Marino","2006","83781.55020"
"SMR","San Marino","2007","86785.02102"
"SMR","San Marino","2008","85120.28973"
"SMR","San Marino","2009","73093.83415"
"SMR","San Marino","2010","68669.25495"
"SMR","San Marino","2011","64214.12091"
"SMR","San Marino","2012","58176.37975"
"SMR","San Marino","2013","58467.97891"
"SMR","San Marino","2014","58743.58639"
"SMR","San Marino","2015","59647.66001"
"SMR","San Marino","2016","60669.82289"
"SMR","San Marino","2017","59524.56068"
"SMR","San Marino","2018","59194.04441"
"SMR","San Marino","2019","60171.05060"
"SMR","San Marino","2020","55998.07346"
"SMR","San Marino","2021","64745.13228"
"SMR","San Marino","2022","70887.57806"
"SMR","San Marino","2023","70951.79197"
"SXM","San Martín (parte holandesa)","2009","50980.94008"
"SXM","San Martín (parte holandesa)","2010","52140.59966"
"SXM","San Martín (parte holandesa)","2011","53786.24620"
"SXM","San Martín (parte holandesa)","2012","53357.00346"
"SXM","San Martín (parte holandesa)","2013","52801.40311"
"SXM","San Martín (parte holandesa)","2014","52439.47368"
"SXM","San Martín (parte holandesa)","2015","51375.60325"
"SXM","San Martín (parte holandesa)","2016","50817.68149"
"SXM","San Martín (parte holandesa)","2017","46088.35838"
"SXM","San Martín (parte holandesa)","2018","42154.10203"
"SXM","San Martín (parte holandesa)","2019","45996.79123"
"SXM","San Martín (parte holandesa)","2020","39265.76168"
"SXM","San Martín (parte holandesa)","2021","40507.06724"
"SXM","San Martín (parte holandesa)","2022","45515.65284"
"SXM","San Martín (parte holandesa)","2023","46571.08813"
"SXM","San Martín (parte holandesa)","2024","47303.19465"
"SXM","San Martín (parte holandesa)","2025","48273.42546"
"VCT","San Vicente y las Granadinas","1990","7467.37875"
"VCT","San Vicente y las Granadinas","1991","7524.58478"
"VCT","San Vicente y las Granadinas","1992","7984.07960"
"VCT","San Vicente y las Granadinas","1993","8306.77527"
"VCT","San Vicente y las Granadinas","1994","8189.84363"
"VCT","San Vicente y las Granadinas","1995","8815.84872"
"VCT","San Vicente y las Granadinas","1996","8923.70556"
"VCT","San Vicente y las Granadinas","1997","9234.69888"
"VCT","San Vicente y las Granadinas","1998","9609.10379"
"VCT","San Vicente y las Granadinas","1999","9853.34737"
"VCT","San Vicente y las Granadinas","2000","9999.05879"
"VCT","San Vicente y las Granadinas","2001","10177.80946"
"VCT","San Vicente y las Granadinas","2002","10736.08787"
"VCT","San Vicente y las Granadinas","2003","11475.33124"
"VCT","San Vicente y las Granadinas","2004","11979.90729"
"VCT","San Vicente y las Granadinas","2005","12320.07100"
"VCT","San Vicente y las Granadinas","2006","13233.40689"
"VCT","San Vicente y las Granadinas","2007","13732.36226"
"VCT","San Vicente y las Granadinas","2008","13850.39368"
"VCT","San Vicente y las Granadinas","2009","13723.78383"
"VCT","San Vicente y las Granadinas","2010","13175.72302"
"VCT","San Vicente y las Granadinas","2011","13168.89643"
"VCT","San Vicente y las Granadinas","2012","13397.96330"
"VCT","San Vicente y las Granadinas","2013","13804.18380"
"VCT","San Vicente y las Granadinas","2014","14040.24607"
"VCT","San Vicente y las Granadinas","2015","14508.86095"
"VCT","San Vicente y las Granadinas","2016","15197.74825"
"VCT","San Vicente y las Granadinas","2017","15533.22128"
"VCT","San Vicente y las Granadinas","2018","16139.06611"
"VCT","San Vicente y las Granadinas","2019","16365.32558"
"VCT","San Vicente y las Granadinas","2020","15763.70544"
"VCT","San Vicente y las Granadinas","2021","16200.89946"
"VCT","San Vicente y las Granadinas","2022","16835.02351"
"VCT","San Vicente y las Granadinas","2023","17858.24465"
"VCT","San Vicente y las Granadinas","2024","18714.19885"
"VCT","San Vicente y las Granadinas","2025","19483.01276"
"LCA","Santa Lucía","1990","17056.71849"
"LCA","Santa Lucía","1991","16916.72656"
"LCA","Santa Lucía","1992","17991.70932"
"LCA","Santa Lucía","1993","17831.09132"
"LCA","Santa Lucía","1994","17847.41377"
"LCA","Santa Lucía","1995","17875.41014"
"LCA","Santa Lucía","1996","18125.35755"
"LCA","Santa Lucía","1997","17747.90029"
"LCA","Santa Lucía","1998","18606.53601"
"LCA","Santa Lucía","1999","18856.57634"
"LCA","Santa Lucía","2000","18638.11771"
"LCA","Santa Lucía","2001","17820.79643"
"LCA","Santa Lucía","2002","17739.57668"
"LCA","Santa Lucía","2003","18344.59193"
"LCA","Santa Lucía","2004","19526.44614"
"LCA","Santa Lucía","2005","19303.99213"
"LCA","Santa Lucía","2006","20353.65337"
"LCA","Santa Lucía","2007","20559.89748"
"LCA","Santa Lucía","2008","21443.25930"
"LCA","Santa Lucía","2009","20706.50553"
"LCA","Santa Lucía","2010","20648.78610"
"LCA","Santa Lucía","2011","21430.02259"
"LCA","Santa Lucía","2012","21309.22513"
"LCA","Santa Lucía","2013","20827.28860"
"LCA","Santa Lucía","2014","21010.69819"
"LCA","Santa Lucía","2015","20939.88103"
"LCA","Santa Lucía","2016","21566.30588"
"LCA","Santa Lucía","2017","22207.21310"
"LCA","Santa Lucía","2018","22761.16135"
"LCA","Santa Lucía","2019","22445.20805"
"LCA","Santa Lucía","2020","17247.95787"
"LCA","Santa Lucía","2021","19141.32723"
"LCA","Santa Lucía","2022","22811.25245"
"LCA","Santa Lucía","2023","23636.02659"
"LCA","Santa Lucía","2024","24699.96947"
"LCA","Santa Lucía","2025","24502.96286"
"STP","Santo Tomé y Príncipe","1990","3883.20430"
"STP","Santo Tomé y Príncipe","1991","3844.89638"
"STP","Santo Tomé y Príncipe","1992","3798.88353"
"STP","Santo Tomé y Príncipe","1993","3771.28612"
"STP","Santo Tomé y Príncipe","1994","3788.48370"
"STP","Santo Tomé y Príncipe","1995","3802.29132"
"STP","Santo Tomé y Príncipe","1996","3801.08165"
"STP","Santo Tomé y Príncipe","1997","3784.79023"
"STP","Santo Tomé y Príncipe","1998","3828.99824"
"STP","Santo Tomé y Príncipe","1999","3878.13109"
"STP","Santo Tomé y Príncipe","2000","3852.89043"
"STP","Santo Tomé y Príncipe","2001","3907.01928"
"STP","Santo Tomé y Príncipe","2002","3942.76041"
"STP","Santo Tomé y Príncipe","2003","4161.63833"
"STP","Santo Tomé y Príncipe","2004","4202.56187"
"STP","Santo Tomé y Príncipe","2005","4371.49722"
"STP","Santo Tomé y Príncipe","2006","4644.18045"
"STP","Santo Tomé y Príncipe","2007","4698.08417"
"STP","Santo Tomé y Príncipe","2008","4873.18131"
"STP","Santo Tomé y Príncipe","2009","4919.19530"
"STP","Santo Tomé y Príncipe","2010","4882.04796"
"STP","Santo Tomé y Príncipe","2011","4876.47316"
"STP","Santo Tomé y Príncipe","2012","4919.55294"
"STP","Santo Tomé y Príncipe","2013","5072.11200"
"STP","Santo Tomé y Príncipe","2014","5223.09573"
"STP","Santo Tomé y Príncipe","2015","5210.20378"
"STP","Santo Tomé y Príncipe","2016","5388.50913"
"STP","Santo Tomé y Príncipe","2017","5521.20250"
"STP","Santo Tomé y Príncipe","2018","5674.72379"
"STP","Santo Tomé y Príncipe","2019","5702.08347"
"STP","Santo Tomé y Príncipe","2020","5742.94725"
"STP","Santo Tomé y Príncipe","2021","5732.69456"
"STP","Santo Tomé y Príncipe","2022","5632.13891"
"STP","Santo Tomé y Príncipe","2023","5541.30168"
"STP","Santo Tomé y Príncipe","2024","5511.87785"
"STP","Santo Tomé y Príncipe","2025","5459.21312"
"SEN","Senegal","1990","2923.34412"
"SEN","Senegal","1991","2917.01428"
"SEN","Senegal","1992","2874.00298"
"SEN","Senegal","1993","2834.02797"
"SEN","Senegal","1994","2757.86088"
"SEN","Senegal","1995","2835.03273"
"SEN","Senegal","1996","2822.46837"
"SEN","Senegal","1997","2840.60809"
"SEN","Senegal","1998","2938.69163"
"SEN","Senegal","1999","3050.17801"
"SEN","Senegal","2000","3093.28792"
"SEN","Senegal","2001","3149.33114"
"SEN","Senegal","2002","3075.23158"
"SEN","Senegal","2003","3170.03495"
"SEN","Senegal","2004","3240.30202"
"SEN","Senegal","2005","3301.82076"
"SEN","Senegal","2006","3301.03152"
"SEN","Senegal","2007","3316.42038"
"SEN","Senegal","2008","3359.70567"
"SEN","Senegal","2009","3371.46167"
"SEN","Senegal","2010","3403.56707"
"SEN","Senegal","2011","3362.87941"
"SEN","Senegal","2012","3405.10864"
"SEN","Senegal","2013","3385.42591"
"SEN","Senegal","2014","3484.01220"
"SEN","Senegal","2015","3593.79477"
"SEN","Senegal","2016","3710.05532"
"SEN","Senegal","2017","3871.45147"
"SEN","Senegal","2018","3998.28635"
"SEN","Senegal","2019","4070.61227"
"SEN","Senegal","2020","4018.04129"
"SEN","Senegal","2021","4173.67741"
"SEN","Senegal","2022","4228.73383"
"SEN","Senegal","2023","4304.76149"
"SEN","Senegal","2024","4477.81737"
"SEN","Senegal","2025","4668.54168"
"SRB","Serbia","1995","9444.75162"
"SRB","Serbia","1996","10035.01398"
"SRB","Serbia","1997","10965.48241"
"SRB","Serbia","1998","11598.33075"
"SRB","Serbia","1999","10438.46102"
"SRB","Serbia","2000","11105.94882"
"SRB","Serbia","2001","11879.17639"
"SRB","Serbia","2002","12661.93961"
"SRB","Serbia","2003","13273.69007"
"SRB","Serbia","2004","14194.36513"
"SRB","Serbia","2005","15077.55865"
"SRB","Serbia","2006","15727.40337"
"SRB","Serbia","2007","17028.08670"
"SRB","Serbia","2008","17983.28119"
"SRB","Serbia","2009","17488.12272"
"SRB","Serbia","2010","17841.43126"
"SRB","Serbia","2011","17986.58403"
"SRB","Serbia","2012","17993.81472"
"SRB","Serbia","2013","18163.20473"
"SRB","Serbia","2014","17922.43577"
"SRB","Serbia","2015","18247.80911"
"SRB","Serbia","2016","18889.38164"
"SRB","Serbia","2017","19438.99171"
"SRB","Serbia","2018","20454.22588"
"SRB","Serbia","2019","21541.12640"
"SRB","Serbia","2020","21479.07886"
"SRB","Serbia","2021","23406.30657"
"SRB","Serbia","2022","24651.84782"
"SRB","Serbia","2023","25735.13348"
"SRB","Serbia","2024","26900.74153"
"SRB","Serbia","2025","27603.39163"
"SYC","Seychelles","1990","15478.84754"
"SYC","Seychelles","1991","15695.67084"
"SYC","Seychelles","1992","16744.50808"
"SYC","Seychelles","1993","17596.89776"
"SYC","Seychelles","1994","16716.52072"
"SYC","Seychelles","1995","16552.45478"
"SYC","Seychelles","1996","17942.17330"
"SYC","Seychelles","1997","19895.14222"
"SYC","Seychelles","1998","19991.22932"
"SYC","Seychelles","1999","19969.35137"
"SYC","Seychelles","2000","20633.67470"
"SYC","Seychelles","2001","20147.41877"
"SYC","Seychelles","2002","19777.75252"
"SYC","Seychelles","2003","18825.22069"
"SYC","Seychelles","2004","18356.47114"
"SYC","Seychelles","2005","19917.11945"
"SYC","Seychelles","2006","21341.85975"
"SYC","Seychelles","2007","23117.85552"
"SYC","Seychelles","2008","21990.36853"
"SYC","Seychelles","2009","21361.13079"
"SYC","Seychelles","2010","21708.75545"
"SYC","Seychelles","2011","24406.41298"
"SYC","Seychelles","2012","24919.95521"
"SYC","Seychelles","2013","24770.65146"
"SYC","Seychelles","2014","25379.41807"
"SYC","Seychelles","2015","27032.20839"
"SYC","Seychelles","2016","29905.13474"
"SYC","Seychelles","2017","31595.66806"
"SYC","Seychelles","2018","32841.42425"
"SYC","Seychelles","2019","34346.07089"
"SYC","Seychelles","2020","30056.19943"
"SYC","Seychelles","2021","29979.82727"
"SYC","Seychelles","2022","27275.68838"
"SYC","Seychelles","2023","28713.66724"
"SYC","Seychelles","2024","29288.01918"
"SYC","Seychelles","2025","30638.72172"
"SLE","Sierra Leona","1990","2703.59919"
"SLE","Sierra Leona","1991","2734.96862"
"SLE","Sierra Leona","1992","2257.44940"
"SLE","Sierra Leona","1993","2293.56354"
"SLE","Sierra Leona","1994","2240.29005"
"SLE","Sierra Leona","1995","2058.07683"
"SLE","Sierra Leona","1996","2084.18223"
"SLE","Sierra Leona","1997","1936.55653"
"SLE","Sierra Leona","1998","1951.82091"
"SLE","Sierra Leona","1999","1903.32696"
"SLE","Sierra Leona","2000","1981.50609"
"SLE","Sierra Leona","2001","1749.35086"
"SLE","Sierra Leona","2002","2089.26153"
"SLE","Sierra Leona","2003","2196.28134"
"SLE","Sierra Leona","2004","2260.83819"
"SLE","Sierra Leona","2005","2296.65768"
"SLE","Sierra Leona","2006","2342.75461"
"SLE","Sierra Leona","2007","2377.80530"
"SLE","Sierra Leona","2008","2404.65199"
"SLE","Sierra Leona","2009","2376.58254"
"SLE","Sierra Leona","2010","2459.76814"
"SLE","Sierra Leona","2011","2590.52839"
"SLE","Sierra Leona","2012","2792.92626"
"SLE","Sierra Leona","2013","3124.72832"
"SLE","Sierra Leona","2014","2812.52832"
"SLE","Sierra Leona","2015","2628.17058"
"SLE","Sierra Leona","2016","2732.26094"
"SLE","Sierra Leona","2017","2753.42720"
"SLE","Sierra Leona","2018","2767.38003"
"SLE","Sierra Leona","2019","2852.66270"
"SLE","Sierra Leona","2020","2752.62615"
"SLE","Sierra Leona","2021","2849.38866"
"SLE","Sierra Leona","2022","2934.73326"
"SLE","Sierra Leona","2023","3034.94608"
"SLE","Sierra Leona","2024","3098.76290"
"SLE","Sierra Leona","2025","3176.23681"
"SGP","Singapur","1990","45961.05983"
"SGP","Singapur","1991","47659.49669"
"SGP","Singapur","1992","49319.81927"
"SGP","Singapur","1993","53598.46396"
"SGP","Singapur","1994","57706.87116"
"SGP","Singapur","1995","59997.00744"
"SGP","Singapur","1996","61911.50304"
"SGP","Singapur","1997","64846.06293"
"SGP","Singapur","1998","61306.77345"
"SGP","Singapur","1999","64296.63849"
"SGP","Singapur","2000","68904.12802"
"SGP","Singapur","2001","66352.14929"
"SGP","Singapur","2002","68328.93217"
"SGP","Singapur","2003","72497.86860"
"SGP","Singapur","2004","78712.53473"
"SGP","Singapur","2005","82547.48284"
"SGP","Singapur","2006","87210.04805"
"SGP","Singapur","2007","91198.15157"
"SGP","Singapur","2008","88083.28537"
"SGP","Singapur","2009","85575.75511"
"SGP","Singapur","2010","96280.01688"
"SGP","Singapur","2011","100153.72941"
"SGP","Singapur","2012","102061.11936"
"SGP","Singapur","2013","105259.69356"
"SGP","Singapur","2014","107990.89120"
"SGP","Singapur","2015","109894.04134"
"SGP","Singapur","2016","112719.94795"
"SGP","Singapur","2017","117492.96799"
"SGP","Singapur","2018","120668.88873"
"SGP","Singapur","2019","120678.34198"
"SGP","Singapur","2020","116684.21360"
"SGP","Singapur","2021","133990.18678"
"SGP","Singapur","2022","134828.00139"
"SGP","Singapur","2023","130296.84379"
"SGP","Singapur","2024","134548.76414"
"SGP","Singapur","2025","139592.61221"
"SYR","Siria","1990","5952.35830"
"SYR","Siria","1991","6210.41568"
"SYR","Siria","1992","6803.92916"
"SYR","Siria","1993","7007.72494"
"SYR","Siria","1994","7294.86310"
"SYR","Siria","1995","7589.39693"
"SYR","Siria","1996","8112.37387"
"SYR","Siria","1997","8299.18932"
"SYR","Siria","1998","8636.63340"
"SYR","Siria","1999","8120.49248"
"SYR","Siria","2000","7973.98132"
"SYR","Siria","2001","8075.78410"
"SYR","Siria","2002","8502.49347"
"SYR","Siria","2003","8351.46524"
"SYR","Siria","2004","8710.00893"
"SYR","Siria","2005","9016.72035"
"SYR","Siria","2006","9074.77248"
"SYR","Siria","2007","9017.08718"
"SYR","Siria","2008","9093.12957"
"SYR","Siria","2009","9481.56998"
"SYR","Siria","2010","9749.57445"
"SYR","Siria","2011","9854.03380"
"SYR","Siria","2012","7296.32887"
"SYR","Siria","2013","5648.60213"
"SYR","Siria","2014","5414.37510"
"SYR","Siria","2015","5414.83905"
"SYR","Siria","2016","5128.91823"
"SYR","Siria","2017","5083.65174"
"SYR","Siria","2018","5061.49399"
"SYR","Siria","2019","4928.02885"
"SYR","Siria","2020","4810.61073"
"SYR","Siria","2021","4765.52911"
"SYR","Siria","2022","4579.43974"
"IDX","Solo AIF","1990","2088.47149"
"IDX","Solo AIF","1991","2082.99545"
"IDX","Solo AIF","1992","2058.25808"
"IDX","Solo AIF","1993","2051.94467"
"IDX","Solo AIF","1994","2024.45094"
"IDX","Solo AIF","1995","2074.10174"
"IDX","Solo AIF","1996","2130.92645"
"IDX","Solo AIF","1997","2191.20413"
"IDX","Solo AIF","1998","2231.01436"
"IDX","Solo AIF","1999","2262.73573"
"IDX","Solo AIF","2000","2305.71777"
"IDX","Solo AIF","2001","2350.56946"
"IDX","Solo AIF","2002","2409.06339"
"IDX","Solo AIF","2003","2475.42243"
"IDX","Solo AIF","2004","2570.49137"
"IDX","Solo AIF","2005","2678.38938"
"IDX","Solo AIF","2006","2791.29992"
"IDX","Solo AIF","2007","2914.48488"
"IDX","Solo AIF","2008","3025.02503"
"IDX","Solo AIF","2009","3093.44360"
"IDX","Solo AIF","2010","3220.42982"
"IDX","Solo AIF","2011","3321.06990"
"IDX","Solo AIF","2012","3337.81841"
"IDX","Solo AIF","2013","3411.44082"
"IDX","Solo AIF","2014","3514.87967"
"IDX","Solo AIF","2015","3613.78023"
"IDX","Solo AIF","2016","3711.89606"
"IDX","Solo AIF","2017","3838.75766"
"IDX","Solo AIF","2018","3948.52787"
"IDX","Solo AIF","2019","4056.85051"
"IDX","Solo AIF","2020","3958.34543"
"IDX","Solo AIF","2021","4002.20345"
"IDX","Solo AIF","2022","4086.62003"
"IDX","Solo AIF","2023","4137.43603"
"IDX","Solo AIF","2024","4231.54620"
"IDX","Solo AIF","2025","4339.68090"
"SOM","Somalia","1991","837.26702"
"SOM","Somalia","1992","803.78708"
"SOM","Somalia","1993","812.55729"
"SOM","Somalia","1994","634.72773"
"SOM","Somalia","1995","636.66207"
"SOM","Somalia","1996","663.35113"
"SOM","Somalia","1997","648.01716"
"SOM","Somalia","1998","662.67486"
"SOM","Somalia","1999","682.97912"
"SOM","Somalia","2000","702.85007"
"SOM","Somalia","2001","723.37973"
"SOM","Somalia","2002","749.91355"
"SOM","Somalia","2003","777.88455"
"SOM","Somalia","2004","803.05978"
"SOM","Somalia","2005","830.80725"
"SOM","Somalia","2006","857.99366"
"SOM","Somalia","2007","887.36935"
"SOM","Somalia","2008","919.13208"
"SOM","Somalia","2009","956.22033"
"SOM","Somalia","2010","995.22556"
"SOM","Somalia","2011","1054.36215"
"SOM","Somalia","2012","1114.80415"
"SOM","Somalia","2013","1197.72166"
"SOM","Somalia","2014","1259.27433"
"SOM","Somalia","2015","1343.92517"
"SOM","Somalia","2016","1384.15517"
"SOM","Somalia","2017","1527.66029"
"SOM","Somalia","2018","1504.97908"
"SOM","Somalia","2019","1491.29494"
"SOM","Somalia","2020","1396.05545"
"SOM","Somalia","2021","1392.31782"
"SOM","Somalia","2022","1387.54754"
"SOM","Somalia","2023","1401.64735"
"SOM","Somalia","2024","1409.33492"
"SOM","Somalia","2025","1403.81389"
"LKA","Sri Lanka","1990","4561.57913"
"LKA","Sri Lanka","1991","4735.81940"
"LKA","Sri Lanka","1992","4866.23941"
"LKA","Sri Lanka","1993","5114.43630"
"LKA","Sri Lanka","1994","5322.72963"
"LKA","Sri Lanka","1995","5523.31225"
"LKA","Sri Lanka","1996","5624.02394"
"LKA","Sri Lanka","1997","5871.72298"
"LKA","Sri Lanka","1998","6032.62213"
"LKA","Sri Lanka","1999","6176.23548"
"LKA","Sri Lanka","2000","6428.61342"
"LKA","Sri Lanka","2001","6230.03052"
"LKA","Sri Lanka","2002","6409.86279"
"LKA","Sri Lanka","2003","6741.01249"
"LKA","Sri Lanka","2004","7059.91098"
"LKA","Sri Lanka","2005","7452.74234"
"LKA","Sri Lanka","2006","7970.66491"
"LKA","Sri Lanka","2007","8454.20675"
"LKA","Sri Lanka","2008","8897.82686"
"LKA","Sri Lanka","2009","9156.31906"
"LKA","Sri Lanka","2010","9832.18622"
"LKA","Sri Lanka","2011","10618.49260"
"LKA","Sri Lanka","2012","11447.69377"
"LKA","Sri Lanka","2013","12249.72233"
"LKA","Sri Lanka","2014","12909.96631"
"LKA","Sri Lanka","2015","13329.77934"
"LKA","Sri Lanka","2016","13845.61468"
"LKA","Sri Lanka","2017","14572.48582"
"LKA","Sri Lanka","2018","14759.82489"
"LKA","Sri Lanka","2019","14637.44429"
"LKA","Sri Lanka","2020","13886.65137"
"LKA","Sri Lanka","2021","14316.13522"
"LKA","Sri Lanka","2022","13249.06505"
"LKA","Sri Lanka","2023","13065.06983"
"LKA","Sri Lanka","2024","13793.06698"
"LKA","Sri Lanka","2025","14582.76037"
"ZAF","Sudáfrica","1990","10811.15153"
"ZAF","Sudáfrica","1991","10459.35598"
"ZAF","Sudáfrica","1992","10053.61012"
"ZAF","Sudáfrica","1993","9976.96506"
"ZAF","Sudáfrica","1994","10130.80582"
"ZAF","Sudáfrica","1995","10318.83860"
"ZAF","Sudáfrica","1996","10623.86036"
"ZAF","Sudáfrica","1997","10770.27796"
"ZAF","Sudáfrica","1998","10693.68823"
"ZAF","Sudáfrica","1999","10831.65896"
"ZAF","Sudáfrica","2000","11183.82550"
"ZAF","Sudáfrica","2001","11387.49237"
"ZAF","Sudáfrica","2002","11697.56573"
"ZAF","Sudáfrica","2003","11923.12110"
"ZAF","Sudáfrica","2004","12341.21027"
"ZAF","Sudáfrica","2005","12861.56331"
"ZAF","Sudáfrica","2006","13444.23321"
"ZAF","Sudáfrica","2007","14016.24447"
"ZAF","Sudáfrica","2008","14297.68878"
"ZAF","Sudáfrica","2009","13910.70171"
"ZAF","Sudáfrica","2010","14164.99584"
"ZAF","Sudáfrica","2011","14434.26115"
"ZAF","Sudáfrica","2012","14563.76240"
"ZAF","Sudáfrica","2013","14681.09664"
"ZAF","Sudáfrica","2014","14643.33848"
"ZAF","Sudáfrica","2015","14541.67486"
"ZAF","Sudáfrica","2016","14501.28078"
"ZAF","Sudáfrica","2017","14573.59808"
"ZAF","Sudáfrica","2018","14553.56157"
"ZAF","Sudáfrica","2019","14352.66987"
"ZAF","Sudáfrica","2020","13250.56666"
"ZAF","Sudáfrica","2021","13681.95481"
"ZAF","Sudáfrica","2022","13767.49676"
"ZAF","Sudáfrica","2023","13695.37557"
"ZAF","Sudáfrica","2024","13597.65385"
"ZAF","Sudáfrica","2025","13592.04840"
"SDN","Sudán","1990","2460.18872"
"SDN","Sudán","1991","2591.86914"
"SDN","Sudán","1992","2709.79004"
"SDN","Sudán","1993","2777.27490"
"SDN","Sudán","1994","2736.47192"
"SDN","Sudán","1995","2824.63208"
"SDN","Sudán","1996","2924.29077"
"SDN","Sudán","1997","3380.18677"
"SDN","Sudán","1998","3441.17920"
"SDN","Sudán","1999","3459.22998"
"SDN","Sudán","2000","3575.85205"
"SDN","Sudán","2001","3701.54883"
"SDN","Sudán","2002","3814.31323"
"SDN","Sudán","2003","3946.92261"
"SDN","Sudán","2004","4041.05713"
"SDN","Sudán","2005","4152.32275"
"SDN","Sudán","2006","4299.97412"
"SDN","Sudán","2007","4415.78516"
"SDN","Sudán","2008","4446.40967"
"SDN","Sudán","2009","4188.05469"
"SDN","Sudán","2010","4219.83691"
"SDN","Sudán","2011","4467.62598"
"SDN","Sudán","2012","4145.93164"
"SDN","Sudán","2013","4130.48584"
"SDN","Sudán","2014","4207.50049"
"SDN","Sudán","2015","4159.19434"
"SDN","Sudán","2016","4174.56104"
"SDN","Sudán","2017","4061.01831"
"SDN","Sudán","2018","3816.65991"
"SDN","Sudán","2019","3625.52319"
"SDN","Sudán","2020","3401.24976"
"SDN","Sudán","2021","3248.97559"
"SDN","Sudán","2022","3132.07715"
"SDN","Sudán","2023","2181.07910"
"SDN","Sudán","2024","1861.39795"
"SDN","Sudán","2025","1873.38562"
"SWE","Suecia","1990","40199.70742"
"SWE","Suecia","1991","39469.07165"
"SWE","Suecia","1992","38783.63977"
"SWE","Suecia","1993","37762.54082"
"SWE","Suecia","1994","39000.82772"
"SWE","Suecia","1995","40385.21397"
"SWE","Suecia","1996","41008.35317"
"SWE","Suecia","1997","42241.06077"
"SWE","Suecia","1998","44010.10744"
"SWE","Suecia","1999","45823.30184"
"SWE","Suecia","2000","47868.50773"
"SWE","Suecia","2001","48389.81851"
"SWE","Suecia","2002","49331.20326"
"SWE","Suecia","2003","50072.47365"
"SWE","Suecia","2004","51960.53219"
"SWE","Suecia","2005","53198.67120"
"SWE","Suecia","2006","55373.93381"
"SWE","Suecia","2007","56737.36892"
"SWE","Suecia","2008","55777.39731"
"SWE","Suecia","2009","52950.71033"
"SWE","Suecia","2010","55520.43242"
"SWE","Suecia","2011","56846.13683"
"SWE","Suecia","2012","56193.32875"
"SWE","Suecia","2013","56353.08563"
"SWE","Suecia","2014","57077.66935"
"SWE","Suecia","2015","58955.64124"
"SWE","Suecia","2016","59460.28727"
"SWE","Suecia","2017","59769.01362"
"SWE","Suecia","2018","60124.57120"
"SWE","Suecia","2019","61070.52434"
"SWE","Suecia","2020","59458.28053"
"SWE","Suecia","2021","62190.85270"
"SWE","Suecia","2022","62544.50022"
"SWE","Suecia","2023","62122.51170"
"SWE","Suecia","2024","62558.40659"
"SWE","Suecia","2025","63362.46128"
"CHE","Suiza","1990","63921.42273"
"CHE","Suiza","1991","62404.06278"
"CHE","Suiza","1992","61004.74235"
"CHE","Suiza","1993","59202.98502"
"CHE","Suiza","1994","61091.49609"
"CHE","Suiza","1995","63169.28272"
"CHE","Suiza","1996","63243.21343"
"CHE","Suiza","1997","64414.45789"
"CHE","Suiza","1998","66006.25664"
"CHE","Suiza","1999","66795.88797"
"CHE","Suiza","2000","68834.81799"
"CHE","Suiza","2001","69489.69951"
"CHE","Suiza","2002","69228.36833"
"CHE","Suiza","2003","68521.34203"
"CHE","Suiza","2004","69812.37876"
"CHE","Suiza","2005","71414.34956"
"CHE","Suiza","2006","73901.61496"
"CHE","Suiza","2007","76161.56002"
"CHE","Suiza","2008","77103.71883"
"CHE","Suiza","2009","74672.95127"
"CHE","Suiza","2010","76308.80645"
"CHE","Suiza","2011","76527.33615"
"CHE","Suiza","2012","76570.23790"
"CHE","Suiza","2013","77084.66565"
"CHE","Suiza","2014","78086.68052"
"CHE","Suiza","2015","78325.74874"
"CHE","Suiza","2016","78956.06673"
"CHE","Suiza","2017","79333.74378"
"CHE","Suiza","2018","81371.89441"
"CHE","Suiza","2019","81694.63065"
"CHE","Suiza","2020","79270.87137"
"CHE","Suiza","2021","83524.98329"
"CHE","Suiza","2022","85762.28292"
"CHE","Suiza","2023","85383.35645"
"CHE","Suiza","2024","85448.05856"
"CHE","Suiza","2025","85732.10975"
"SUR","Suriname","1990","17137.65097"
"SUR","Suriname","1991","17493.49623"
"SUR","Suriname","1992","17455.12565"
"SUR","Suriname","1993","16217.16603"
"SUR","Suriname","1994","16648.53453"
"SUR","Suriname","1995","16368.31136"
"SUR","Suriname","1996","16184.49993"
"SUR","Suriname","1997","16754.35114"
"SUR","Suriname","1998","16789.75490"
"SUR","Suriname","1999","16217.51730"
"SUR","Suriname","2000","16220.17906"
"SUR","Suriname","2001","16556.94406"
"SUR","Suriname","2002","16678.07187"
"SUR","Suriname","2003","17383.50155"
"SUR","Suriname","2004","18585.51709"
"SUR","Suriname","2005","19220.28397"
"SUR","Suriname","2006","20113.67075"
"SUR","Suriname","2007","20902.13916"
"SUR","Suriname","2008","21515.81196"
"SUR","Suriname","2009","21906.41054"
"SUR","Suriname","2010","22772.47545"
"SUR","Suriname","2011","23829.53329"
"SUR","Suriname","2012","24193.84124"
"SUR","Suriname","2013","24624.02199"
"SUR","Suriname","2014","24414.35548"
"SUR","Suriname","2015","23327.52525"
"SUR","Suriname","2016","21950.41221"
"SUR","Suriname","2017","22070.51376"
"SUR","Suriname","2018","22938.53537"
"SUR","Suriname","2019","22966.74060"
"SUR","Suriname","2020","19091.36172"
"SUR","Suriname","2021","18458.23500"
"SUR","Suriname","2022","18742.58738"
"SUR","Suriname","2023","19020.86638"
"SUR","Suriname","2024","19179.10184"
"SUR","Suriname","2025","19357.39080"
"IBD","Sólo BIRF","1990","6226.55849"
"IBD","Sólo BIRF","1991","6116.49696"
"IBD","Sólo BIRF","1992","6005.37539"
"IBD","Sólo BIRF","1993","6031.65511"
"IBD","Sólo BIRF","1994","6046.78734"
"IBD","Sólo BIRF","1995","6163.32466"
"IBD","Sólo BIRF","1996","6370.48501"
"IBD","Sólo BIRF","1997","6579.50842"
"IBD","Sólo BIRF","1998","6617.18641"
"IBD","Sólo BIRF","1999","6787.76376"
"IBD","Sólo BIRF","2000","7099.69522"
"IBD","Sólo BIRF","2001","7274.65164"
"IBD","Sólo BIRF","2002","7513.60302"
"IBD","Sólo BIRF","2003","7867.92434"
"IBD","Sólo BIRF","2004","8369.88369"
"IBD","Sólo BIRF","2005","8847.83067"
"IBD","Sólo BIRF","2006","9452.10930"
"IBD","Sólo BIRF","2007","10148.68673"
"IBD","Sólo BIRF","2008","10594.50335"
"IBD","Sólo BIRF","2009","10692.06188"
"IBD","Sólo BIRF","2010","11358.60638"
"IBD","Sólo BIRF","2011","11906.63280"
"IBD","Sólo BIRF","2012","12375.63001"
"IBD","Sólo BIRF","2013","12836.62021"
"IBD","Sólo BIRF","2014","13271.24990"
"IBD","Sólo BIRF","2015","13669.87239"
"IBD","Sólo BIRF","2016","14147.46080"
"IBD","Sólo BIRF","2017","14720.50641"
"IBD","Sólo BIRF","2018","15291.03981"
"IBD","Sólo BIRF","2019","15754.98619"
"IBD","Sólo BIRF","2020","15351.79317"
"IBD","Sólo BIRF","2021","16390.99432"
"IBD","Sólo BIRF","2022","16933.99282"
"IBD","Sólo BIRF","2023","17639.88611"
"IBD","Sólo BIRF","2024","18338.07439"
"IBD","Sólo BIRF","2025","19028.60793"
"THA","Tailandia","1990","8702.89956"
"THA","Tailandia","1991","9295.04057"
"THA","Tailandia","1992","9887.97374"
"THA","Tailandia","1993","10539.96111"
"THA","Tailandia","1994","11216.25483"
"THA","Tailandia","1995","11955.21881"
"THA","Tailandia","1996","12457.68208"
"THA","Tailandia","1997","11954.14743"
"THA","Tailandia","1998","10898.33702"
"THA","Tailandia","1999","11254.60983"
"THA","Tailandia","2000","11623.78746"
"THA","Tailandia","2001","11902.61092"
"THA","Tailandia","2002","12513.54220"
"THA","Tailandia","2003","13288.74816"
"THA","Tailandia","2004","13998.52173"
"THA","Tailandia","2005","14459.82563"
"THA","Tailandia","2006","15052.69551"
"THA","Tailandia","2007","15744.36524"
"THA","Tailandia","2008","15893.50849"
"THA","Tailandia","2009","15667.60473"
"THA","Tailandia","2010","16732.18703"
"THA","Tailandia","2011","16768.16885"
"THA","Tailandia","2012","17871.57865"
"THA","Tailandia","2013","18244.40715"
"THA","Tailandia","2014","18326.60487"
"THA","Tailandia","2015","18814.04086"
"THA","Tailandia","2016","19372.71280"
"THA","Tailandia","2017","20096.86055"
"THA","Tailandia","2018","20882.17074"
"THA","Tailandia","2019","21280.15045"
"THA","Tailandia","2020","19950.28441"
"THA","Tailandia","2021","20236.97604"
"THA","Tailandia","2022","20768.48001"
"THA","Tailandia","2023","21245.27068"
"THA","Tailandia","2024","21882.21425"
"THA","Tailandia","2025","22431.75184"
"TZA","Tanzanía","1990","1794.20459"
"TZA","Tanzanía","1991","1785.66394"
"TZA","Tanzanía","1992","1751.91846"
"TZA","Tanzanía","1993","1718.39307"
"TZA","Tanzanía","1994","1679.66235"
"TZA","Tanzanía","1995","1685.85107"
"TZA","Tanzanía","1996","1730.55457"
"TZA","Tanzanía","1997","1755.80371"
"TZA","Tanzanía","1998","1773.72424"
"TZA","Tanzanía","1999","1810.97156"
"TZA","Tanzanía","2000","1839.93665"
"TZA","Tanzanía","2001","1899.74536"
"TZA","Tanzanía","2002","1982.64429"
"TZA","Tanzanía","2003","2059.83740"
"TZA","Tanzanía","2004","2155.24146"
"TZA","Tanzanía","2005","2253.09326"
"TZA","Tanzanía","2006","2334.10449"
"TZA","Tanzanía","2007","2423.61597"
"TZA","Tanzanía","2008","2493.25928"
"TZA","Tanzanía","2009","2560.81104"
"TZA","Tanzanía","2010","2654.80347"
"TZA","Tanzanía","2011","2779.70776"
"TZA","Tanzanía","2012","2822.48535"
"TZA","Tanzanía","2013","2924.86328"
"TZA","Tanzanía","2014","3027.56909"
"TZA","Tanzanía","2015","3111.44458"
"TZA","Tanzanía","2016","3214.24683"
"TZA","Tanzanía","2017","3318.28833"
"TZA","Tanzanía","2018","3392.68872"
"TZA","Tanzanía","2019","3484.63257"
"TZA","Tanzanía","2020","3449.82153"
"TZA","Tanzanía","2021","3493.08301"
"TZA","Tanzanía","2022","3546.98096"
"TZA","Tanzanía","2023","3620.79346"
"TZA","Tanzanía","2024","3713.26294"
"TZA","Tanzanía","2025","3820.61182"
"TJK","Tayikistán","1990","4173.04608"
"TJK","Tayikistán","1991","3777.10751"
"TJK","Tayikistán","1992","2630.38658"
"TJK","Tayikistán","1993","2169.96747"
"TJK","Tayikistán","1994","1678.33852"
"TJK","Tayikistán","1995","1439.50278"
"TJK","Tayikistán","1996","1175.79407"
"TJK","Tayikistán","1997","1181.28110"
"TJK","Tayikistán","1998","1236.67553"
"TJK","Tayikistán","1999","1275.82249"
"TJK","Tayikistán","2000","1365.23327"
"TJK","Tayikistán","2001","1467.39882"
"TJK","Tayikistán","2002","1594.93890"
"TJK","Tayikistán","2003","1736.64040"
"TJK","Tayikistán","2004","1878.28696"
"TJK","Tayikistán","2005","1965.30020"
"TJK","Tayikistán","2006","2063.28851"
"TJK","Tayikistán","2007","2181.89798"
"TJK","Tayikistán","2008","2308.09430"
"TJK","Tayikistán","2009","2349.50030"
"TJK","Tayikistán","2010","2449.27359"
"TJK","Tayikistán","2011","2572.48075"
"TJK","Tayikistán","2012","2700.09546"
"TJK","Tayikistán","2013","2828.38542"
"TJK","Tayikistán","2014","2943.08868"
"TJK","Tayikistán","2015","3041.44480"
"TJK","Tayikistán","2016","3169.96678"
"TJK","Tayikistán","2017","3312.71202"
"TJK","Tayikistán","2018","3479.69236"
"TJK","Tayikistán","2019","3649.88376"
"TJK","Tayikistán","2020","3724.74896"
"TJK","Tayikistán","2021","3985.91248"
"TJK","Tayikistán","2022","4213.75618"
"TJK","Tayikistán","2023","4472.32414"
"TJK","Tayikistán","2024","4755.93297"
"TJK","Tayikistán","2025","5061.84701"
"TLS","Timor-Leste","1990","2143.79194"
"TLS","Timor-Leste","1991","2318.79425"
"TLS","Timor-Leste","1992","2493.90856"
"TLS","Timor-Leste","1993","2674.39920"
"TLS","Timor-Leste","1994","2786.67622"
"TLS","Timor-Leste","1995","2891.86459"
"TLS","Timor-Leste","1996","3038.23037"
"TLS","Timor-Leste","1997","3073.97037"
"TLS","Timor-Leste","1998","2931.48082"
"TLS","Timor-Leste","1999","2136.64945"
"TLS","Timor-Leste","2000","3783.78330"
"TLS","Timor-Leste","2001","4038.33571"
"TLS","Timor-Leste","2002","3480.98847"
"TLS","Timor-Leste","2003","3264.94647"
"TLS","Timor-Leste","2004","3234.97584"
"TLS","Timor-Leste","2005","3263.94446"
"TLS","Timor-Leste","2006","3038.95232"
"TLS","Timor-Leste","2007","3256.56980"
"TLS","Timor-Leste","2008","3530.88217"
"TLS","Timor-Leste","2009","3792.35832"
"TLS","Timor-Leste","2010","4047.24941"
"TLS","Timor-Leste","2011","4189.79978"
"TLS","Timor-Leste","2012","4297.91482"
"TLS","Timor-Leste","2013","4340.27840"
"TLS","Timor-Leste","2014","4445.35927"
"TLS","Timor-Leste","2015","4467.80007"
"TLS","Timor-Leste","2016","4515.42246"
"TLS","Timor-Leste","2017","4290.02709"
"TLS","Timor-Leste","2018","4188.84099"
"TLS","Timor-Leste","2019","5103.14964"
"TLS","Timor-Leste","2020","6594.88171"
"TLS","Timor-Leste","2021","6825.04581"
"TLS","Timor-Leste","2022","5348.49183"
"TLS","Timor-Leste","2023","4331.07793"
"TLS","Timor-Leste","2024","3890.95755"
"TLS","Timor-Leste","2025","4109.90448"
"TGO","Togo","1990","2409.14820"
"TGO","Togo","1991","2324.31142"
"TGO","Togo","1992","2169.39273"
"TGO","Togo","1993","1863.03725"
"TGO","Togo","1994","2133.27158"
"TGO","Togo","1995","2185.19557"
"TGO","Togo","1996","2278.14214"
"TGO","Togo","1997","2519.00043"
"TGO","Togo","1998","2400.05346"
"TGO","Togo","1999","2399.45741"
"TGO","Togo","2000","2321.95042"
"TGO","Togo","2001","2283.58492"
"TGO","Togo","2002","2312.96463"
"TGO","Togo","2003","2407.58578"
"TGO","Togo","2004","2326.60102"
"TGO","Togo","2005","2164.01600"
"TGO","Togo","2006","2158.94394"
"TGO","Togo","2007","2067.21836"
"TGO","Togo","2008","2082.64202"
"TGO","Togo","2009","2126.44132"
"TGO","Togo","2010","2181.59889"
"TGO","Togo","2011","2246.56205"
"TGO","Togo","2012","2333.19277"
"TGO","Togo","2013","2416.37805"
"TGO","Togo","2014","2501.43253"
"TGO","Togo","2015","2588.27261"
"TGO","Togo","2016","2648.90085"
"TGO","Togo","2017","2708.61122"
"TGO","Togo","2018","2787.56398"
"TGO","Togo","2019","2862.62661"
"TGO","Togo","2020","2861.29796"
"TGO","Togo","2021","2952.09730"
"TGO","Togo","2022","3086.40879"
"TGO","Togo","2023","3215.82300"
"TGO","Togo","2024","3351.24993"
"TGO","Togo","2025","3485.98185"
"TON","Tonga","1990","4488.39424"
"TON","Tonga","1991","4766.99902"
"TON","Tonga","1992","4772.94259"
"TON","Tonga","1993","4947.35148"
"TON","Tonga","1994","5189.10434"
"TON","Tonga","1995","5509.04512"
"TON","Tonga","1996","5511.41451"
"TON","Tonga","1997","5456.60423"
"TON","Tonga","1998","5542.39331"
"TON","Tonga","1999","5633.44424"
"TON","Tonga","2000","5809.00930"
"TON","Tonga","2001","5860.83162"
"TON","Tonga","2002","6085.89291"
"TON","Tonga","2003","6054.65554"
"TON","Tonga","2004","5901.21343"
"TON","Tonga","2005","5829.11733"
"TON","Tonga","2006","5671.64079"
"TON","Tonga","2007","5507.35734"
"TON","Tonga","2008","5759.30613"
"TON","Tonga","2009","5454.57394"
"TON","Tonga","2010","5489.45367"
"TON","Tonga","2011","5848.19312"
"TON","Tonga","2012","5908.02401"
"TON","Tonga","2013","5952.45690"
"TON","Tonga","2014","6097.65042"
"TON","Tonga","2015","6195.43303"
"TON","Tonga","2016","6639.98720"
"TON","Tonga","2017","6863.54796"
"TON","Tonga","2018","6885.98490"
"TON","Tonga","2019","6859.71740"
"TON","Tonga","2020","6981.30436"
"TON","Tonga","2021","6930.06483"
"TON","Tonga","2022","6811.48235"
"TON","Tonga","2023","7031.32022"
"TON","Tonga","2024","7180.98743"
"TON","Tonga","2025","7412.86642"
"TTO","Trinidad y Tobago","1990","11869.52873"
"TTO","Trinidad y Tobago","1991","12142.34815"
"TTO","Trinidad y Tobago","1992","13267.97706"
"TTO","Trinidad y Tobago","1993","13088.70739"
"TTO","Trinidad y Tobago","1994","13472.74642"
"TTO","Trinidad y Tobago","1995","13912.31333"
"TTO","Trinidad y Tobago","1996","14838.90265"
"TTO","Trinidad y Tobago","1997","15895.24388"
"TTO","Trinidad y Tobago","1998","17129.09114"
"TTO","Trinidad y Tobago","1999","18440.57413"
"TTO","Trinidad y Tobago","2000","19637.55454"
"TTO","Trinidad y Tobago","2001","20366.75313"
"TTO","Trinidad y Tobago","2002","21876.85291"
"TTO","Trinidad y Tobago","2003","24910.82320"
"TTO","Trinidad y Tobago","2004","26757.90756"
"TTO","Trinidad y Tobago","2005","29536.43941"
"TTO","Trinidad y Tobago","2006","33348.75075"
"TTO","Trinidad y Tobago","2007","34793.64575"
"TTO","Trinidad y Tobago","2008","35825.33335"
"TTO","Trinidad y Tobago","2009","34212.26831"
"TTO","Trinidad y Tobago","2010","35145.12536"
"TTO","Trinidad y Tobago","2011","34769.76203"
"TTO","Trinidad y Tobago","2012","36903.68986"
"TTO","Trinidad y Tobago","2013","37994.06865"
"TTO","Trinidad y Tobago","2014","39248.65705"
"TTO","Trinidad y Tobago","2015","38963.96418"
"TTO","Trinidad y Tobago","2016","35914.99020"
"TTO","Trinidad y Tobago","2017","34095.98993"
"TTO","Trinidad y Tobago","2018","33710.01785"
"TTO","Trinidad y Tobago","2019","33748.70608"
"TTO","Trinidad y Tobago","2020","30720.88769"
"TTO","Trinidad y Tobago","2021","30482.12018"
"TTO","Trinidad y Tobago","2022","30784.11126"
"TTO","Trinidad y Tobago","2023","31196.60355"
"TTO","Trinidad y Tobago","2024","31960.15689"
"TTO","Trinidad y Tobago","2025","31721.57574"
"TKM","Turkmenistán","1990","7850.71329"
"TKM","Turkmenistán","1991","7304.00729"
"TKM","Turkmenistán","1992","6071.08331"
"TKM","Turkmenistán","1993","6028.10273"
"TKM","Turkmenistán","1994","4883.21714"
"TKM","Turkmenistán","1995","4451.02809"
"TKM","Turkmenistán","1996","4668.36343"
"TKM","Turkmenistán","1997","4066.63089"
"TKM","Turkmenistán","1998","4282.50715"
"TKM","Turkmenistán","1999","4898.42375"
"TKM","Turkmenistán","2000","5064.28782"
"TKM","Turkmenistán","2001","5179.46447"
"TKM","Turkmenistán","2002","5090.38095"
"TKM","Turkmenistán","2003","5154.75098"
"TKM","Turkmenistán","2004","5309.64539"
"TKM","Turkmenistán","2005","5889.84658"
"TKM","Turkmenistán","2006","6415.71291"
"TKM","Turkmenistán","2007","6993.52912"
"TKM","Turkmenistán","2008","7870.02718"
"TKM","Turkmenistán","2009","8186.87833"
"TKM","Turkmenistán","2010","8758.89687"
"TKM","Turkmenistán","2011","9837.56346"
"TKM","Turkmenistán","2012","10689.35373"
"TKM","Turkmenistán","2013","11516.37412"
"TKM","Turkmenistán","2014","12423.92464"
"TKM","Turkmenistán","2015","12926.66373"
"TKM","Turkmenistán","2016","13420.38497"
"TKM","Turkmenistán","2017","13963.40459"
"TKM","Turkmenistán","2018","14499.16844"
"TKM","Turkmenistán","2019","15080.90340"
"TKM","Turkmenistán","2020","15630.91452"
"TKM","Turkmenistán","2021","16259.87001"
"TKM","Turkmenistán","2022","16943.60460"
"TKM","Turkmenistán","2023","17685.85859"
"TKM","Turkmenistán","2024","18470.74385"
"TKM","Turkmenistán","2025","19313.94303"
"TUR","Turquía","1990","12184.19959"
"TUR","Turquía","1991","12057.93544"
"TUR","Turquía","1992","12451.04512"
"TUR","Turquía","1993","13174.46712"
"TUR","Turquía","1994","12343.00418"
"TUR","Turquía","1995","13099.25753"
"TUR","Turquía","1996","13826.92011"
"TUR","Turquía","1997","14631.29588"
"TUR","Turquía","1998","14704.33857"
"TUR","Turquía","1999","14066.18963"
"TUR","Turquía","2000","14856.91463"
"TUR","Turquía","2001","13872.12873"
"TUR","Turquía","2002","14587.89462"
"TUR","Turquía","2003","15255.71780"
"TUR","Turquía","2004","16583.88371"
"TUR","Turquía","2005","17902.59660"
"TUR","Turquía","2006","18972.00896"
"TUR","Turquía","2007","19909.08352"
"TUR","Turquía","2008","19839.58455"
"TUR","Turquía","2009","18612.19252"
"TUR","Turquía","2010","19897.44648"
"TUR","Turquía","2011","21760.42919"
"TUR","Turquía","2012","22517.71483"
"TUR","Turquía","2013","24117.31211"
"TUR","Turquía","2014","24888.85217"
"TUR","Turquía","2015","25984.80273"
"TUR","Turquía","2016","26489.64368"
"TUR","Turquía","2017","28194.68831"
"TUR","Turquía","2018","28780.30365"
"TUR","Turquía","2019","28741.05351"
"TUR","Turquía","2020","28976.71792"
"TUR","Turquía","2021","32105.54744"
"TUR","Turquía","2022","33520.81114"
"TUR","Turquía","2023","35069.17017"
"TUR","Turquía","2024","36154.49044"
"TUR","Turquía","2025","37300.74857"
"TUV","Tuvalu","1990","3120.28113"
"TUV","Tuvalu","1991","3185.82378"
"TUV","Tuvalu","1992","3234.81422"
"TUV","Tuvalu","1993","3335.31686"
"TUV","Tuvalu","1994","3645.93965"
"TUV","Tuvalu","1995","3436.23530"
"TUV","Tuvalu","1996","3209.94284"
"TUV","Tuvalu","1997","3509.25585"
"TUV","Tuvalu","1998","4031.35917"
"TUV","Tuvalu","1999","3949.50872"
"TUV","Tuvalu","2000","3893.29677"
"TUV","Tuvalu","2001","3903.20310"
"TUV","Tuvalu","2002","4211.58993"
"TUV","Tuvalu","2003","3998.43607"
"TUV","Tuvalu","2004","3874.58267"
"TUV","Tuvalu","2005","3682.89176"
"TUV","Tuvalu","2006","3687.77123"
"TUV","Tuvalu","2007","3893.64260"
"TUV","Tuvalu","2008","4093.92474"
"TUV","Tuvalu","2009","3812.13930"
"TUV","Tuvalu","2010","3664.45035"
"TUV","Tuvalu","2011","3879.34910"
"TUV","Tuvalu","2012","3715.60047"
"TUV","Tuvalu","2013","3833.48955"
"TUV","Tuvalu","2014","3903.43451"
"TUV","Tuvalu","2015","4277.71467"
"TUV","Tuvalu","2016","4495.57216"
"TUV","Tuvalu","2017","4668.54377"
"TUV","Tuvalu","2018","4785.23290"
"TUV","Tuvalu","2019","5515.89954"
"TUV","Tuvalu","2020","5442.36321"
"TUV","Tuvalu","2021","5551.80842"
"TUV","Tuvalu","2022","5044.53985"
"TUV","Tuvalu","2023","5315.16301"
"TUV","Tuvalu","2024","5592.18724"
"TUV","Tuvalu","2025","5776.07849"
"TUN","Túnez","1990","6742.58426"
"TUN","Túnez","1991","6859.73427"
"TUN","Túnez","1992","7241.29106"
"TUN","Túnez","1993","7253.33615"
"TUN","Túnez","1994","7350.65600"
"TUN","Túnez","1995","7406.23901"
"TUN","Túnez","1996","7821.79219"
"TUN","Túnez","1997","8136.33761"
"TUN","Túnez","1998","8417.98493"
"TUN","Túnez","1999","8821.98791"
"TUN","Túnez","2000","9134.41506"
"TUN","Túnez","2001","9380.56318"
"TUN","Túnez","2002","9407.55677"
"TUN","Túnez","2003","9752.02442"
"TUN","Túnez","2004","10263.80554"
"TUN","Túnez","2005","10529.15990"
"TUN","Túnez","2006","10983.92219"
"TUN","Túnez","2007","11613.92475"
"TUN","Túnez","2008","11990.19624"
"TUN","Túnez","2009","12229.77525"
"TUN","Túnez","2010","12458.27104"
"TUN","Túnez","2011","12068.71363"
"TUN","Túnez","2012","12436.39581"
"TUN","Túnez","2013","12587.99506"
"TUN","Túnez","2014","12824.00289"
"TUN","Túnez","2015","12802.79172"
"TUN","Túnez","2016","12803.87974"
"TUN","Túnez","2017","12955.40148"
"TUN","Túnez","2018","13163.19522"
"TUN","Túnez","2019","13243.90242"
"TUN","Túnez","2020","11955.59837"
"TUN","Túnez","2021","12444.32640"
"TUN","Túnez","2022","12712.22345"
"TUN","Túnez","2023","12650.96152"
"TUN","Túnez","2024","12774.91586"
"TUN","Túnez","2025","13017.63404"
"UKR","Ucrania","1990","22815.79883"
"UKR","Ucrania","1991","20784.16016"
"UKR","Ucrania","1992","18671.87305"
"UKR","Ucrania","1993","16012.37207"
"UKR","Ucrania","1994","12410.52539"
"UKR","Ucrania","1995","10983.00879"
"UKR","Ucrania","1996","9969.50098"
"UKR","Ucrania","1997","9754.04980"
"UKR","Ucrania","1998","9646.05469"
"UKR","Ucrania","1999","9704.44531"
"UKR","Ucrania","2000","10364.06250"
"UKR","Ucrania","2001","11379.38574"
"UKR","Ucrania","2002","12092.78906"
"UKR","Ucrania","2003","13342.87988"
"UKR","Ucrania","2004","15021.06641"
"UKR","Ucrania","2005","15610.57324"
"UKR","Ucrania","2006","16901.50781"
"UKR","Ucrania","2007","18374.01367"
"UKR","Ucrania","2008","18883.98633"
"UKR","Ucrania","2009","16092.79590"
"UKR","Ucrania","2010","16811.79492"
"UKR","Ucrania","2011","17783.95703"
"UKR","Ucrania","2012","17848.74023"
"UKR","Ucrania","2013","17889.09180"
"UKR","Ucrania","2014","16978.81250"
"UKR","Ucrania","2015","15403.70996"
"UKR","Ucrania","2016","15856.81250"
"UKR","Ucrania","2017","16310.36035"
"UKR","Ucrania","2018","16978.98438"
"UKR","Ucrania","2019","17636.55469"
"UKR","Ucrania","2020","17092.53906"
"UKR","Ucrania","2021","17846.40820"
"UKR","Ucrania","2022","13787.12109"
"UKR","Ucrania","2023","15916.95801"
"UKR","Ucrania","2024","16371.44141"
"UKR","Ucrania","2025","16155.07324"
"UGA","Uganda","1990","1080.03831"
"UGA","Uganda","1991","1103.22897"
"UGA","Uganda","1992","1102.72992"
"UGA","Uganda","1993","1153.99369"
"UGA","Uganda","1994","1187.36781"
"UGA","Uganda","1995","1288.50887"
"UGA","Uganda","1996","1367.94574"
"UGA","Uganda","1997","1396.63107"
"UGA","Uganda","1998","1422.20789"
"UGA","Uganda","1999","1487.75796"
"UGA","Uganda","2000","1487.00499"
"UGA","Uganda","2001","1516.96424"
"UGA","Uganda","2002","1598.58284"
"UGA","Uganda","2003","1649.14826"
"UGA","Uganda","2004","1709.36159"
"UGA","Uganda","2005","1765.03788"
"UGA","Uganda","2006","1898.97915"
"UGA","Uganda","2007","1999.06249"
"UGA","Uganda","2008","2110.10049"
"UGA","Uganda","2009","2188.29916"
"UGA","Uganda","2010","2244.60595"
"UGA","Uganda","2011","2384.46533"
"UGA","Uganda","2012","2405.09456"
"UGA","Uganda","2013","2420.88808"
"UGA","Uganda","2014","2470.50381"
"UGA","Uganda","2015","2520.02010"
"UGA","Uganda","2016","2554.22769"
"UGA","Uganda","2017","2543.84754"
"UGA","Uganda","2018","2613.87976"
"UGA","Uganda","2019","2689.41009"
"UGA","Uganda","2020","2678.00907"
"UGA","Uganda","2021","2684.92036"
"UGA","Uganda","2022","2724.90610"
"UGA","Uganda","2023","2791.05577"
"UGA","Uganda","2024","2879.67009"
"UGA","Uganda","2025","2980.37942"
"EUU","Unión Europea","1990","33422.61672"
"EUU","Unión Europea","1991","33583.85365"
"EUU","Unión Europea","1992","33682.80369"
"EUU","Unión Europea","1993","33381.27853"
"EUU","Unión Europea","1994","34198.70127"
"EUU","Unión Europea","1995","35113.92357"
"EUU","Unión Europea","1996","35774.04166"
"EUU","Unión Europea","1997","36637.82901"
"EUU","Unión Europea","1998","37661.31033"
"EUU","Unión Europea","1999","38687.85924"
"EUU","Unión Europea","2000","40161.09625"
"EUU","Unión Europea","2001","41009.62319"
"EUU","Unión Europea","2002","41423.95510"
"EUU","Unión Europea","2003","41730.11921"
"EUU","Unión Europea","2004","42726.62063"
"EUU","Unión Europea","2005","43477.09153"
"EUU","Unión Europea","2006","44947.06417"
"EUU","Unión Europea","2007","46274.98258"
"EUU","Unión Europea","2008","46521.24550"
"EUU","Unión Europea","2009","44430.48101"
"EUU","Unión Europea","2010","45251.04080"
"EUU","Unión Europea","2011","46206.07025"
"EUU","Unión Europea","2012","45788.92101"
"EUU","Unión Europea","2013","45724.83205"
"EUU","Unión Europea","2014","46455.56860"
"EUU","Unión Europea","2015","47490.91371"
"EUU","Unión Europea","2016","48336.50829"
"EUU","Unión Europea","2017","49704.25412"
"EUU","Unión Europea","2018","50737.23316"
"EUU","Unión Europea","2019","51662.07692"
"EUU","Unión Europea","2020","48769.51355"
"EUU","Unión Europea","2021","51968.43883"
"EUU","Unión Europea","2022","53777.33336"
"EUU","Unión Europea","2023","53861.79516"
"EUU","Unión Europea","2024","54341.62572"
"EUU","Unión Europea","2025","55086.98662"
"URY","Uruguay","1990","14060.84015"
"URY","Uruguay","1991","14474.72723"
"URY","Uruguay","1992","15536.48133"
"URY","Uruguay","1993","15865.27151"
"URY","Uruguay","1994","16932.02204"
"URY","Uruguay","1995","16600.03290"
"URY","Uruguay","1996","17433.68669"
"URY","Uruguay","1997","18823.93479"
"URY","Uruguay","1998","19577.78255"
"URY","Uruguay","1999","19192.71030"
"URY","Uruguay","2000","18752.05071"
"URY","Uruguay","2001","17986.89395"
"URY","Uruguay","2002","16572.78190"
"URY","Uruguay","2003","16694.43260"
"URY","Uruguay","2004","17519.37299"
"URY","Uruguay","2005","18811.31248"
"URY","Uruguay","2006","19560.07435"
"URY","Uruguay","2007","20803.88531"
"URY","Uruguay","2008","22249.37509"
"URY","Uruguay","2009","23138.07331"
"URY","Uruguay","2010","24879.82560"
"URY","Uruguay","2011","26099.31165"
"URY","Uruguay","2012","26953.27090"
"URY","Uruguay","2013","28119.47269"
"URY","Uruguay","2014","28935.08649"
"URY","Uruguay","2015","28941.61845"
"URY","Uruguay","2016","29332.55616"
"URY","Uruguay","2017","29762.42207"
"URY","Uruguay","2018","29757.92761"
"URY","Uruguay","2019","30010.56288"
"URY","Uruguay","2020","27788.17496"
"URY","Uruguay","2021","29431.87388"
"URY","Uruguay","2022","30840.07098"
"URY","Uruguay","2023","31100.96969"
"URY","Uruguay","2024","32149.48007"
"URY","Uruguay","2025","32741.62469"
"UZB","Uzbekistán","1990","4239.58649"
"UZB","Uzbekistán","1991","4118.51586"
"UZB","Uzbekistán","1992","3568.35539"
"UZB","Uzbekistán","1993","3406.55184"
"UZB","Uzbekistán","1994","3161.07497"
"UZB","Uzbekistán","1995","3070.52690"
"UZB","Uzbekistán","1996","3064.63712"
"UZB","Uzbekistán","1997","3168.77279"
"UZB","Uzbekistán","1998","3253.54494"
"UZB","Uzbekistán","1999","3346.15887"
"UZB","Uzbekistán","2000","3430.88371"
"UZB","Uzbekistán","2001","3530.54966"
"UZB","Uzbekistán","2002","3626.07786"
"UZB","Uzbekistán","2003","3733.79819"
"UZB","Uzbekistán","2004","3962.90117"
"UZB","Uzbekistán","2005","4185.63948"
"UZB","Uzbekistán","2006","4439.90667"
"UZB","Uzbekistán","2007","4792.82910"
"UZB","Uzbekistán","2008","5145.99183"
"UZB","Uzbekistán","2009","5471.82014"
"UZB","Uzbekistán","2010","5794.98038"
"UZB","Uzbekistán","2011","6170.84150"
"UZB","Uzbekistán","2012","6525.49715"
"UZB","Uzbekistán","2013","6932.93371"
"UZB","Uzbekistán","2014","7344.44304"
"UZB","Uzbekistán","2015","7792.23606"
"UZB","Uzbekistán","2016","8172.92169"
"UZB","Uzbekistán","2017","8413.29975"
"UZB","Uzbekistán","2018","8742.54920"
"UZB","Uzbekistán","2019","9169.01148"
"UZB","Uzbekistán","2020","9145.23120"
"UZB","Uzbekistán","2021","9705.60055"
"UZB","Uzbekistán","2022","10091.38779"
"UZB","Uzbekistán","2023","10514.09557"
"UZB","Uzbekistán","2024","10997.17073"
"UZB","Uzbekistán","2025","11622.85562"
"VUT","Vanuatu","1990","3531.78750"
"VUT","Vanuatu","1991","3553.43729"
"VUT","Vanuatu","1992","3555.93729"
"VUT","Vanuatu","1993","3495.49275"
"VUT","Vanuatu","1994","3723.02444"
"VUT","Vanuatu","1995","3674.38819"
"VUT","Vanuatu","1996","3676.87859"
"VUT","Vanuatu","1997","3775.23587"
"VUT","Vanuatu","1998","3740.68522"
"VUT","Vanuatu","1999","3676.29742"
"VUT","Vanuatu","2000","3805.62227"
"VUT","Vanuatu","2001","3584.91107"
"VUT","Vanuatu","2002","3314.71255"
"VUT","Vanuatu","2003","3372.77297"
"VUT","Vanuatu","2004","3422.60818"
"VUT","Vanuatu","2005","3517.84620"
"VUT","Vanuatu","2006","3724.24742"
"VUT","Vanuatu","2007","3738.66656"
"VUT","Vanuatu","2008","3850.27902"
"VUT","Vanuatu","2009","3867.75799"
"VUT","Vanuatu","2010","3825.75654"
"VUT","Vanuatu","2011","3861.18223"
"VUT","Vanuatu","2012","3815.41895"
"VUT","Vanuatu","2013","3748.76509"
"VUT","Vanuatu","2014","3779.64941"
"VUT","Vanuatu","2015","3825.81231"
"VUT","Vanuatu","2016","3877.08355"
"VUT","Vanuatu","2017","3947.67824"
"VUT","Vanuatu","2018","3951.18453"
"VUT","Vanuatu","2019","3986.65620"
"VUT","Vanuatu","2020","3671.97391"
"VUT","Vanuatu","2021","3546.08022"
"VUT","Vanuatu","2022","3658.51871"
"VUT","Vanuatu","2023","3782.82649"
"VUT","Vanuatu","2024","3837.03937"
"VUT","Vanuatu","2025","3866.99815"
"VNM","Vietnam","1990","2467.96460"
"VNM","Vietnam","1991","2560.84383"
"VNM","Vietnam","1992","2726.47374"
"VNM","Vietnam","1993","2890.42432"
"VNM","Vietnam","1994","3089.60934"
"VNM","Vietnam","1995","3328.21486"
"VNM","Vietnam","1996","3584.02898"
"VNM","Vietnam","1997","3820.30249"
"VNM","Vietnam","1998","3982.95806"
"VNM","Vietnam","1999","4119.05367"
"VNM","Vietnam","2000","4349.22349"
"VNM","Vietnam","2001","4570.26847"
"VNM","Vietnam","2002","4809.62151"
"VNM","Vietnam","2003","5090.28991"
"VNM","Vietnam","2004","5421.09703"
"VNM","Vietnam","2005","5776.36304"
"VNM","Vietnam","2006","6098.24495"
"VNM","Vietnam","2007","6418.54381"
"VNM","Vietnam","2008","6659.13561"
"VNM","Vietnam","2009","6914.33864"
"VNM","Vietnam","2010","7274.73311"
"VNM","Vietnam","2011","7652.61896"
"VNM","Vietnam","2012","7979.86829"
"VNM","Vietnam","2013","8324.19871"
"VNM","Vietnam","2014","8751.88281"
"VNM","Vietnam","2015","9248.02396"
"VNM","Vietnam","2016","9743.18822"
"VNM","Vietnam","2017","10290.54871"
"VNM","Vietnam","2018","10936.89379"
"VNM","Vietnam","2019","11628.61391"
"VNM","Vietnam","2020","11851.39657"
"VNM","Vietnam","2021","12048.90199"
"VNM","Vietnam","2022","12979.76390"
"VNM","Vietnam","2023","13534.79978"
"VNM","Vietnam","2024","14396.42174"
"VNM","Vietnam","2025","15457.34994"
"ZMB","Zambia","1990","2425.11129"
"ZMB","Zambia","1991","2364.86234"
"ZMB","Zambia","1992","2268.49812"
"ZMB","Zambia","1993","2365.62954"
"ZMB","Zambia","1994","2110.58326"
"ZMB","Zambia","1995","2119.95643"
"ZMB","Zambia","1996","2197.19565"
"ZMB","Zambia","1997","2223.45745"
"ZMB","Zambia","1998","2157.57339"
"ZMB","Zambia","1999","2198.18913"
"ZMB","Zambia","2000","2220.56537"
"ZMB","Zambia","2001","2268.96966"
"ZMB","Zambia","2002","2299.33289"
"ZMB","Zambia","2003","2383.87612"
"ZMB","Zambia","2004","2471.72073"
"ZMB","Zambia","2005","2564.47561"
"ZMB","Zambia","2006","2673.46152"
"ZMB","Zambia","2007","2796.35293"
"ZMB","Zambia","2008","2908.14363"
"ZMB","Zambia","2009","3065.84420"
"ZMB","Zambia","2010","3266.50749"
"ZMB","Zambia","2011","3335.64340"
"ZMB","Zambia","2012","3474.55253"
"ZMB","Zambia","2013","3535.22449"
"ZMB","Zambia","2014","3585.57749"
"ZMB","Zambia","2015","3576.92545"
"ZMB","Zambia","2016","3598.17166"
"ZMB","Zambia","2017","3612.50598"
"ZMB","Zambia","2018","3646.95966"
"ZMB","Zambia","2019","3591.56419"
"ZMB","Zambia","2020","3391.59541"
"ZMB","Zambia","2021","3503.03491"
"ZMB","Zambia","2022","3585.12379"
"ZMB","Zambia","2023","3673.48420"
"ZMB","Zambia","2024","3708.06904"
"ZMB","Zambia","2025","3742.25646"
"ZWE","Zimbabwe","1990","6082.86880"
"ZWE","Zimbabwe","1991","6254.30182"
"ZWE","Zimbabwe","1992","5532.06136"
"ZWE","Zimbabwe","1993","5509.10697"
"ZWE","Zimbabwe","1994","6010.76845"
"ZWE","Zimbabwe","1995","5964.61522"
"ZWE","Zimbabwe","1996","6474.18823"
"ZWE","Zimbabwe","1997","6524.09092"
"ZWE","Zimbabwe","1998","6582.37693"
"ZWE","Zimbabwe","1999","6423.73669"
"ZWE","Zimbabwe","2000","6170.36063"
"ZWE","Zimbabwe","2001","6217.43872"
"ZWE","Zimbabwe","2002","5610.21577"
"ZWE","Zimbabwe","2003","4601.68068"
"ZWE","Zimbabwe","2004","4287.61686"
"ZWE","Zimbabwe","2005","4004.68178"
"ZWE","Zimbabwe","2006","3819.24997"
"ZWE","Zimbabwe","2007","3631.55335"
"ZWE","Zimbabwe","2008","2954.11212"
"ZWE","Zimbabwe","2009","3299.42809"
"ZWE","Zimbabwe","2010","3885.41061"
"ZWE","Zimbabwe","2011","4358.94471"
"ZWE","Zimbabwe","2012","5003.50873"
"ZWE","Zimbabwe","2013","5031.70924"
"ZWE","Zimbabwe","2014","5081.13441"
"ZWE","Zimbabwe","2015","5102.73643"
"ZWE","Zimbabwe","2016","5070.42413"
"ZWE","Zimbabwe","2017","5234.40654"
"ZWE","Zimbabwe","2018","5415.49322"
"ZWE","Zimbabwe","2019","4993.86547"
"ZWE","Zimbabwe","2020","4527.73949"
"ZWE","Zimbabwe","2021","4827.10960"
"ZWE","Zimbabwe","2022","5036.78318"
"ZWE","Zimbabwe","2023","5218.04527"
"ZWE","Zimbabwe","2024","5211.89756"
"ZWE","Zimbabwe","2025","5529.23310"
"AFW","África Occidental y Central","1990","4165.72636"
"AFW","África Occidental y Central","1991","4101.37889"
"AFW","África Occidental y Central","1992","4090.01942"
"AFW","África Occidental y Central","1993","3928.31233"
"AFW","África Occidental y Central","1994","3812.27541"
"AFW","África Occidental y Central","1995","3774.10450"
"AFW","África Occidental y Central","1996","3841.15002"
"AFW","África Occidental y Central","1997","3894.84261"
"AFW","África Occidental y Central","1998","3922.43422"
"AFW","África Occidental y Central","1999","3874.21132"
"AFW","África Occidental y Central","2000","3915.43485"
"AFW","África Occidental y Central","2001","4010.56260"
"AFW","África Occidental y Central","2002","4299.84975"
"AFW","África Occidental y Central","2003","4423.57041"
"AFW","África Occidental y Central","2004","4648.60628"
"AFW","África Occidental y Central","2005","4782.44214"
"AFW","África Occidental y Central","2006","4899.65714"
"AFW","África Occidental y Central","2007","5023.69882"
"AFW","África Occidental y Central","2008","5188.67101"
"AFW","África Occidental y Central","2009","5362.15361"
"AFW","África Occidental y Central","2010","5582.43094"
"AFW","África Occidental y Central","2011","5698.38950"
"AFW","África Occidental y Central","2012","5823.41895"
"AFW","África Occidental y Central","2013","6009.65186"
"AFW","África Occidental y Central","2014","6183.24116"
"AFW","África Occidental y Central","2015","6194.43449"
"AFW","África Occidental y Central","2016","6034.82699"
"AFW","África Occidental y Central","2017","6009.51611"
"AFW","África Occidental y Central","2018","6026.52757"
"AFW","África Occidental y Central","2019","6070.28477"
"AFW","África Occidental y Central","2020","5698.76670"
"AFW","África Occidental y Central","2021","5702.13489"
"AFW","África Occidental y Central","2022","5818.48322"
"AFW","África Occidental y Central","2023","5886.79664"
"AFW","África Occidental y Central","2024","6009.08466"
"AFW","África Occidental y Central","2025","6139.58729"
"AFE","África Oriental y Meridional","1990","3520.01923"
"AFE","África Oriental y Meridional","1991","3425.13643"
"AFE","África Oriental y Meridional","1992","3252.31689"
"AFE","África Oriental y Meridional","1993","3127.87771"
"AFE","África Oriental y Meridional","1994","3099.43017"
"AFE","África Oriental y Meridional","1995","3155.04483"
"AFE","África Oriental y Meridional","1996","3247.12512"
"AFE","África Oriental y Meridional","1997","3291.61666"
"AFE","África Oriental y Meridional","1998","3269.45779"
"AFE","África Oriental y Meridional","1999","3268.36525"
"AFE","África Oriental y Meridional","2000","3282.34891"
"AFE","África Oriental y Meridional","2001","3313.89288"
"AFE","África Oriental y Meridional","2002","3350.69384"
"AFE","África Oriental y Meridional","2003","3357.78392"
"AFE","África Oriental y Meridional","2004","3457.68872"
"AFE","África Oriental y Meridional","2005","3578.21298"
"AFE","África Oriental y Meridional","2006","3718.69349"
"AFE","África Oriental y Meridional","2007","3867.50879"
"AFE","África Oriental y Meridional","2008","3935.02292"
"AFE","África Oriental y Meridional","2009","3870.96187"
"AFE","África Oriental y Meridional","2010","3978.12957"
"AFE","África Oriental y Meridional","2011","4033.18732"
"AFE","África Oriental y Meridional","2012","4051.44571"
"AFE","África Oriental y Meridional","2013","4126.33540"
"AFE","África Oriental y Meridional","2014","4186.24851"
"AFE","África Oriental y Meridional","2015","4207.36358"
"AFE","África Oriental y Meridional","2016","4210.93570"
"AFE","África Oriental y Meridional","2017","4223.18805"
"AFE","África Oriental y Meridional","2018","4229.83963"
"AFE","África Oriental y Meridional","2019","4200.53104"
"AFE","África Oriental y Meridional","2020","3978.13350"
"AFE","África Oriental y Meridional","2021","4049.96951"
"AFE","África Oriental y Meridional","2022","4098.12619"
"AFE","África Oriental y Meridional","2023","4076.22490"
"AFE","África Oriental y Meridional","2024","4099.88981"
"AFE","África Oriental y Meridional","2025","4164.67918"
"SSF","África Subsahariana","1990","3778.06278"
"SSF","África Subsahariana","1991","3695.49669"
"SSF","África Subsahariana","1992","3588.38053"
"SSF","África Subsahariana","1993","3448.82106"
"SSF","África Subsahariana","1994","3384.95252"
"SSF","África Subsahariana","1995","3402.78267"
"SSF","África Subsahariana","1996","3484.76695"
"SSF","África Subsahariana","1997","3533.19594"
"SSF","África Subsahariana","1998","3531.51838"
"SSF","África Subsahariana","1999","3511.45394"
"SSF","África Subsahariana","2000","3536.74165"
"SSF","África Subsahariana","2001","3594.49269"
"SSF","África Subsahariana","2002","3734.54816"
"SSF","África Subsahariana","2003","3789.70221"
"SSF","África Subsahariana","2004","3941.14291"
"SSF","África Subsahariana","2005","4067.54686"
"SSF","África Subsahariana","2006","4198.85923"
"SSF","África Subsahariana","2007","4337.79845"
"SSF","África Subsahariana","2008","4445.52735"
"SSF","África Subsahariana","2009","4479.14063"
"SSF","África Subsahariana","2010","4632.84408"
"SSF","África Subsahariana","2011","4713.42233"
"SSF","África Subsahariana","2012","4775.87393"
"SSF","África Subsahariana","2013","4896.32543"
"SSF","África Subsahariana","2014","5002.96695"
"SSF","África Subsahariana","2015","5019.95019"
"SSF","África Subsahariana","2016","4956.58487"
"SSF","África Subsahariana","2017","4953.26486"
"SSF","África Subsahariana","2018","4963.20882"
"SSF","África Subsahariana","2019","4962.55291"
"SSF","África Subsahariana","2020","4677.92220"
"SSF","África Subsahariana","2021","4720.48408"
"SSF","África Subsahariana","2022","4795.24716"
"SSF","África Subsahariana","2023","4809.48423"
"SSF","África Subsahariana","2024","4872.91557"
"SSF","África Subsahariana","2025","4963.37602"
"TSS","África Subsahariana (IDA y BIRF)","1990","3778.06278"
"TSS","África Subsahariana (IDA y BIRF)","1991","3695.49669"
"TSS","África Subsahariana (IDA y BIRF)","1992","3588.38053"
"TSS","África Subsahariana (IDA y BIRF)","1993","3448.82106"
"TSS","África Subsahariana (IDA y BIRF)","1994","3384.95252"
"TSS","África Subsahariana (IDA y BIRF)","1995","3402.78267"
"TSS","África Subsahariana (IDA y BIRF)","1996","3484.76695"
"TSS","África Subsahariana (IDA y BIRF)","1997","3533.19594"
"TSS","África Subsahariana (IDA y BIRF)","1998","3531.51838"
"TSS","África Subsahariana (IDA y BIRF)","1999","3511.45394"
"TSS","África Subsahariana (IDA y BIRF)","2000","3536.74165"
"TSS","África Subsahariana (IDA y BIRF)","2001","3594.49269"
"TSS","África Subsahariana (IDA y BIRF)","2002","3734.54816"
"TSS","África Subsahariana (IDA y BIRF)","2003","3789.70221"
"TSS","África Subsahariana (IDA y BIRF)","2004","3941.14291"
"TSS","África Subsahariana (IDA y BIRF)","2005","4067.54686"
"TSS","África Subsahariana (IDA y BIRF)","2006","4198.85923"
"TSS","África Subsahariana (IDA y BIRF)","2007","4337.79845"
"TSS","África Subsahariana (IDA y BIRF)","2008","4445.52735"
"TSS","África Subsahariana (IDA y BIRF)","2009","4479.14063"
"TSS","África Subsahariana (IDA y BIRF)","2010","4632.84408"
"TSS","África Subsahariana (IDA y BIRF)","2011","4713.42233"
"TSS","África Subsahariana (IDA y BIRF)","2012","4775.87393"
"TSS","África Subsahariana (IDA y BIRF)","2013","4896.32543"
"TSS","África Subsahariana (IDA y BIRF)","2014","5002.96695"
"TSS","África Subsahariana (IDA y BIRF)","2015","5019.95019"
"TSS","África Subsahariana (IDA y BIRF)","2016","4956.58487"
"TSS","África Subsahariana (IDA y BIRF)","2017","4953.26486"
"TSS","África Subsahariana (IDA y BIRF)","2018","4963.20882"
"TSS","África Subsahariana (IDA y BIRF)","2019","4962.55291"
"TSS","África Subsahariana (IDA y BIRF)","2020","4677.92220"
"TSS","África Subsahariana (IDA y BIRF)","2021","4720.48408"
"TSS","África Subsahariana (IDA y BIRF)","2022","4795.24716"
"TSS","África Subsahariana (IDA y BIRF)","2023","4809.48423"
"TSS","África Subsahariana (IDA y BIRF)","2024","4872.91557"
"TSS","África Subsahariana (IDA y BIRF)","2025","4963.37602"
"SSA","África Subsahariana (excluidos los Ingresos Altos)","1990","3776.50846"
"SSA","África Subsahariana (excluidos los Ingresos Altos)","1991","3693.92365"
"SSA","África Subsahariana (excluidos los Ingresos Altos)","1992","3586.69234"
"SSA","África Subsahariana (excluidos los Ingresos Altos)","1993","3447.01551"
"SSA","África Subsahariana (excluidos los Ingresos Altos)","1994","3383.25175"
"SSA","África Subsahariana (excluidos los Ingresos Altos)","1995","3401.12539"
"SSA","África Subsahariana (excluidos los Ingresos Altos)","1996","3482.96575"
"SSA","África Subsahariana (excluidos los Ingresos Altos)","1997","3531.18512"
"SSA","África Subsahariana (excluidos los Ingresos Altos)","1998","3529.50972"
"SSA","África Subsahariana (excluidos los Ingresos Altos)","1999","3509.45956"
"SSA","África Subsahariana (excluidos los Ingresos Altos)","2000","3534.70587"
"SSA","África Subsahariana (excluidos los Ingresos Altos)","2001","3592.57345"
"SSA","África Subsahariana (excluidos los Ingresos Altos)","2002","3732.68239"
"SSA","África Subsahariana (excluidos los Ingresos Altos)","2003","3788.02167"
"SSA","África Subsahariana (excluidos los Ingresos Altos)","2004","3939.58298"
"SSA","África Subsahariana (excluidos los Ingresos Altos)","2005","4065.86939"
"SSA","África Subsahariana (excluidos los Ingresos Altos)","2006","4197.05578"
"SSA","África Subsahariana (excluidos los Ingresos Altos)","2007","4335.86569"
"SSA","África Subsahariana (excluidos los Ingresos Altos)","2008","4443.73352"
"SSA","África Subsahariana (excluidos los Ingresos Altos)","2009","4477.45669"
"SSA","África Subsahariana (excluidos los Ingresos Altos)","2010","4631.14077"
"SSA","África Subsahariana (excluidos los Ingresos Altos)","2011","4711.55900"
"SSA","África Subsahariana (excluidos los Ingresos Altos)","2012","4774.00119"
"SSA","África Subsahariana (excluidos los Ingresos Altos)","2013","4894.49542"
"SSA","África Subsahariana (excluidos los Ingresos Altos)","2014","5001.11254"
"SSA","África Subsahariana (excluidos los Ingresos Altos)","2015","5017.95424"
"SSA","África Subsahariana (excluidos los Ingresos Altos)","2016","4954.34862"
"SSA","África Subsahariana (excluidos los Ingresos Altos)","2017","4950.90873"
"SSA","África Subsahariana (excluidos los Ingresos Altos)","2018","4960.78416"
"SSA","África Subsahariana (excluidos los Ingresos Altos)","2019","4960.03991"
"SSA","África Subsahariana (excluidos los Ingresos Altos)","2020","4675.79133"
"SSA","África Subsahariana (excluidos los Ingresos Altos)","2021","4718.40032"
"SSA","África Subsahariana (excluidos los Ingresos Altos)","2022","4793.06086"
"SSA","África Subsahariana (excluidos los Ingresos Altos)","2023","4807.21724"
"SSA","África Subsahariana (excluidos los Ingresos Altos)","2024","4870.62630"
"SSA","África Subsahariana (excluidos los Ingresos Altos)","2025","4960.99926"
