"country_code","year","ipcf_promedio"
"ARG","2022","695.30576"
"BOL","2021","594.3109"
"BRA","2022","648.7573104"
"CHL","2022","865.2939872"
"COL","2022","525.8253952"
"CRI","2022","744.1133856"
"DOM","2022","447.6119104"
"ECU","2022","461.552712"
"MEX","2022","502.3775104"
"PAN","2023","916.528688"
"PER","2022","378.4175888"
"PRY","2022","563.293"
"SLV","2022","398.5512048"
"URY","2022","845.4450064"
