geocodigoFundar,geonombreFundar,year,ipcf_promedio
ARG,Argentina,2022,695.30576
BOL,Bolivia,2021,594.3109
BRA,Brasil,2022,648.7573104
CHL,Chile,2022,865.2939872
COL,Colombia,2022,525.8253952
CRI,Costa Rica,2022,744.1133856
DOM,Rep. Dominicana,2022,447.6119104
ECU,Ecuador,2022,461.552712
MEX,México,2022,502.3775104
PAN,Panamá,2023,916.528688
PER,Perú,2022,378.4175888
PRY,Paraguay,2022,563.293
SLV,El Salvador,2022,398.5512048
URY,Uruguay,2022,845.4450064
