"geocodigoFundar","geonombreFundar","anio","categoria","indicador","porcentaje_pbi","porcentaje_total"
"ALB","Albania","2015","A los bienes y servicios","Ingreso no percibido (Revenue Forgone)","0.51469","2.81284"
"ALB","Albania","2015","Otros","Ingreso no percibido (Revenue Forgone)","0.00040","0.00217"
"ALB","Albania","2016","A los bienes y servicios","Ingreso no percibido (Revenue Forgone)","0.66087","3.80175"
"ALB","Albania","2016","Al ingreso","Ingreso no percibido (Revenue Forgone)","0.04805","0.27643"
"ALB","Albania","2017","A los bienes y servicios","Ingreso no percibido (Revenue Forgone)","1.14652","6.14249"
"ALB","Albania","2017","Al ingreso","Ingreso no percibido (Revenue Forgone)","0.06379","0.34178"
"ALB","Albania","2018","A los bienes y servicios","Ingreso no percibido (Revenue Forgone)","5.35350","29.20966"
"ALB","Albania","2018","Al ingreso","Ingreso no percibido (Revenue Forgone)","0.15192","0.82890"
"ALB","Albania","2019","A los bienes y servicios","Ingreso no percibido (Revenue Forgone)","4.78238","26.67108"
"ALB","Albania","2019","Al ingreso","Ingreso no percibido (Revenue Forgone)","0.14925","0.83237"
"ALB","Albania","2020","A los bienes y servicios","Ingreso no percibido (Revenue Forgone)","5.08899","30.12025"
"ALB","Albania","2020","Al ingreso","Ingreso no percibido (Revenue Forgone)","0.15273","0.90395"
"ALB","Albania","2021","A los bienes y servicios","Ingreso no percibido (Revenue Forgone)","4.17772","23.08612"
"ALB","Albania","2021","Al ingreso","Ingreso no percibido (Revenue Forgone)","0.69741","3.85387"
"ALB","Albania","2022","A los bienes y servicios","Ingreso no percibido (Revenue Forgone)","3.96743","22.11193"
"ALB","Albania","2022","Al ingreso","Ingreso no percibido (Revenue Forgone)","0.76305","4.25277"
"DEU","Alemania","1990","A los bienes y servicios","Ingreso no percibido (Revenue Forgone)","0.37496","3.44457"
"DEU","Alemania","1990","Al ingreso","Ingreso no percibido (Revenue Forgone)","0.79007","7.25794"
"DEU","Alemania","1990","Otros","Ingreso no percibido (Revenue Forgone)","0.04681","0.43006"
"DEU","Alemania","1991","A los bienes y servicios","Ingreso no percibido (Revenue Forgone)","0.36160","3.22726"
"DEU","Alemania","1991","Al ingreso","Ingreso no percibido (Revenue Forgone)","0.76456","6.82355"
"DEU","Alemania","1991","Otros","Ingreso no percibido (Revenue Forgone)","0.05489","0.48988"
"DEU","Alemania","1992","A los bienes y servicios","Ingreso no percibido (Revenue Forgone)","0.34535","2.99071"
"DEU","Alemania","1992","Al ingreso","Ingreso no percibido (Revenue Forgone)","0.70795","6.13070"
"DEU","Alemania","1992","Otros","Ingreso no percibido (Revenue Forgone)","0.06749","0.58444"
"DEU","Alemania","1993","A los bienes y servicios","Ingreso no percibido (Revenue Forgone)","0.36777","3.28344"
"DEU","Alemania","1993","Al ingreso","Ingreso no percibido (Revenue Forgone)","0.84654","7.55792"
"DEU","Alemania","1993","Otros","Ingreso no percibido (Revenue Forgone)","0.09913","0.88499"
"DEU","Alemania","1994","A los bienes y servicios","Ingreso no percibido (Revenue Forgone)","0.36206","3.16697"
"DEU","Alemania","1994","Al ingreso","Ingreso no percibido (Revenue Forgone)","0.80380","7.03080"
"DEU","Alemania","1994","Otros","Ingreso no percibido (Revenue Forgone)","0.11355","0.99319"
"DEU","Alemania","1995","A los bienes y servicios","Ingreso no percibido (Revenue Forgone)","0.33849","2.97408"
"DEU","Alemania","1995","Al ingreso","Ingreso no percibido (Revenue Forgone)","0.84404","7.41594"
"DEU","Alemania","1995","Otros","Ingreso no percibido (Revenue Forgone)","0.12529","1.10078"
"DEU","Alemania","1996","A los bienes y servicios","Ingreso no percibido (Revenue Forgone)","0.30571","2.89435"
"DEU","Alemania","1996","Al ingreso","Ingreso no percibido (Revenue Forgone)","0.83887","7.94215"
"DEU","Alemania","1996","Otros","Ingreso no percibido (Revenue Forgone)","0.12819","1.21362"
"DEU","Alemania","1997","A los bienes y servicios","Ingreso no percibido (Revenue Forgone)","0.30025","2.91363"
"DEU","Alemania","1997","Al ingreso","Ingreso no percibido (Revenue Forgone)","0.83050","8.05925"
"DEU","Alemania","1997","Otros","Ingreso no percibido (Revenue Forgone)","0.11068","1.07407"
"DEU","Alemania","1998","A los bienes y servicios","Ingreso no percibido (Revenue Forgone)","0.31558","3.04126"
"DEU","Alemania","1998","Al ingreso","Ingreso no percibido (Revenue Forgone)","0.83886","8.08419"
"DEU","Alemania","1998","Otros","Ingreso no percibido (Revenue Forgone)","0.09389","0.90480"
"DEU","Alemania","1999","A los bienes y servicios","Ingreso no percibido (Revenue Forgone)","0.41021","3.76660"
"DEU","Alemania","1999","Al ingreso","Ingreso no percibido (Revenue Forgone)","0.80443","7.38645"
"DEU","Alemania","1999","Otros","Ingreso no percibido (Revenue Forgone)","0.08280","0.76031"
"DEU","Alemania","2000","A los bienes y servicios","Ingreso no percibido (Revenue Forgone)","0.47336","4.29276"
"DEU","Alemania","2000","Al ingreso","Ingreso no percibido (Revenue Forgone)","0.81666","7.40599"
"DEU","Alemania","2000","Otros","Ingreso no percibido (Revenue Forgone)","0.06264","0.56805"
"DEU","Alemania","2001","A los bienes y servicios","Ingreso no percibido (Revenue Forgone)","0.52735","4.96603"
"DEU","Alemania","2001","Al ingreso","Ingreso no percibido (Revenue Forgone)","0.76142","7.17023"
"DEU","Alemania","2001","Otros","Ingreso no percibido (Revenue Forgone)","0.04254","0.40061"
"DEU","Alemania","2002","A los bienes y servicios","Ingreso no percibido (Revenue Forgone)","0.56061","5.36447"
"DEU","Alemania","2002","Al ingreso","Ingreso no percibido (Revenue Forgone)","0.78639","7.52502"
"DEU","Alemania","2002","Otros","Ingreso no percibido (Revenue Forgone)","0.02685","0.25694"
"DEU","Alemania","2003","A los bienes y servicios","Ingreso no percibido (Revenue Forgone)","0.60411","5.73026"
"DEU","Alemania","2003","Al ingreso","Ingreso no percibido (Revenue Forgone)","0.69711","6.61243"
"DEU","Alemania","2003","Otros","Ingreso no percibido (Revenue Forgone)","0.00942","0.08932"
"DEU","Alemania","2004","A los bienes y servicios","Ingreso no percibido (Revenue Forgone)","0.62677","6.14059"
"DEU","Alemania","2004","Al ingreso","Ingreso no percibido (Revenue Forgone)","0.67831","6.64562"
"DEU","Alemania","2004","Otros","Ingreso no percibido (Revenue Forgone)","0.00345","0.03375"
"DEU","Alemania","2005","A los bienes y servicios","Ingreso no percibido (Revenue Forgone)","0.63314","6.06911"
"DEU","Alemania","2005","Al ingreso","Ingreso no percibido (Revenue Forgone)","0.67231","6.44459"
"DEU","Alemania","2005","Otros","Ingreso no percibido (Revenue Forgone)","0.00112","0.01072"
"DEU","Alemania","2006","A los bienes y servicios","Ingreso no percibido (Revenue Forgone)","0.64278","5.99725"
"DEU","Alemania","2006","Al ingreso","Ingreso no percibido (Revenue Forgone)","0.62126","5.79651"
"DEU","Alemania","2007","A los bienes y servicios","Ingreso no percibido (Revenue Forgone)","0.68287","6.06274"
"DEU","Alemania","2007","Al ingreso","Ingreso no percibido (Revenue Forgone)","0.58189","5.16625"
"DEU","Alemania","2008","A los bienes y servicios","Ingreso no percibido (Revenue Forgone)","0.71491","6.25923"
"DEU","Alemania","2008","Al ingreso","Ingreso no percibido (Revenue Forgone)","0.52767","4.61988"
"DEU","Alemania","2009","A los bienes y servicios","Ingreso no percibido (Revenue Forgone)","0.80726","6.93638"
"DEU","Alemania","2009","Al ingreso","Ingreso no percibido (Revenue Forgone)","0.51558","4.43012"
"DEU","Alemania","2009","Otros","Ingreso no percibido (Revenue Forgone)","0.01034","0.08886"
"DEU","Alemania","2010","A los bienes y servicios","Ingreso no percibido (Revenue Forgone)","0.78821","7.06554"
"DEU","Alemania","2010","Al ingreso","Ingreso no percibido (Revenue Forgone)","0.29300","2.62645"
"DEU","Alemania","2010","Otros","Ingreso no percibido (Revenue Forgone)","0.01602","0.14357"
"DEU","Alemania","2011","A los bienes y servicios","Ingreso no percibido (Revenue Forgone)","0.68374","5.88283"
"DEU","Alemania","2011","Al ingreso","Ingreso no percibido (Revenue Forgone)","0.26334","2.26571"
"DEU","Alemania","2011","Otros","Ingreso no percibido (Revenue Forgone)","0.01561","0.13433"
"DEU","Alemania","2012","A los bienes y servicios","Ingreso no percibido (Revenue Forgone)","0.70269","5.94893"
"DEU","Alemania","2012","Al ingreso","Ingreso no percibido (Revenue Forgone)","0.24200","2.04878"
"DEU","Alemania","2012","Otros","Ingreso no percibido (Revenue Forgone)","0.01514","0.12818"
"DEU","Alemania","2013","A los bienes y servicios","Ingreso no percibido (Revenue Forgone)","0.69902","5.82473"
"DEU","Alemania","2013","Al ingreso","Ingreso no percibido (Revenue Forgone)","0.23534","1.96105"
"DEU","Alemania","2013","Otros","Ingreso no percibido (Revenue Forgone)","0.02162","0.18018"
"DEU","Alemania","2014","A los bienes y servicios","Ingreso no percibido (Revenue Forgone)","0.68693","5.73728"
"DEU","Alemania","2014","Al ingreso","Ingreso no percibido (Revenue Forgone)","0.21865","1.82616"
"DEU","Alemania","2014","Otros","Ingreso no percibido (Revenue Forgone)","0.02077","0.17347"
"DEU","Alemania","2015","A los bienes y servicios","Ingreso no percibido (Revenue Forgone)","0.68624","5.76095"
"DEU","Alemania","2015","Al ingreso","Ingreso no percibido (Revenue Forgone)","0.18560","1.55811"
"DEU","Alemania","2015","Otros","Ingreso no percibido (Revenue Forgone)","0.02013","0.16895"
"DEU","Alemania","2016","A los bienes y servicios","Ingreso no percibido (Revenue Forgone)","0.66919","5.69354"
"DEU","Alemania","2016","Al ingreso","Ingreso no percibido (Revenue Forgone)","0.18200","1.54850"
"DEU","Alemania","2016","Otros","Ingreso no percibido (Revenue Forgone)","0.01943","0.16531"
"DEU","Alemania","2017","A los bienes y servicios","Ingreso no percibido (Revenue Forgone)","0.64822","5.53078"
"DEU","Alemania","2017","Al ingreso","Ingreso no percibido (Revenue Forgone)","0.18729","1.59804"
"DEU","Alemania","2017","Otros","Ingreso no percibido (Revenue Forgone)","0.02294","0.19569"
"DEU","Alemania","2018","A los bienes y servicios","Ingreso no percibido (Revenue Forgone)","0.64725","5.44654"
"DEU","Alemania","2018","Al ingreso","Ingreso no percibido (Revenue Forgone)","0.18609","1.56593"
"DEU","Alemania","2018","Otros","Ingreso no percibido (Revenue Forgone)","0.02215","0.18639"
"DEU","Alemania","2019","A los bienes y servicios","Ingreso no percibido (Revenue Forgone)","0.63963","5.40477"
"DEU","Alemania","2019","Al ingreso","Ingreso no percibido (Revenue Forgone)","0.18603","1.57195"
"DEU","Alemania","2019","Otros","Ingreso no percibido (Revenue Forgone)","0.02181","0.18430"
"DEU","Alemania","2020","A los bienes y servicios","Ingreso no percibido (Revenue Forgone)","0.60650","5.49764"
"DEU","Alemania","2020","Al ingreso","Ingreso no percibido (Revenue Forgone)","0.19976","1.81074"
"DEU","Alemania","2020","Otros","Ingreso no percibido (Revenue Forgone)","0.02247","0.20365"
"DEU","Alemania","2021","A los bienes y servicios","Ingreso no percibido (Revenue Forgone)","0.63349","5.54887"
"DEU","Alemania","2021","Al ingreso","Ingreso no percibido (Revenue Forgone)","0.25606","2.24290"
"DEU","Alemania","2021","Otros","Ingreso no percibido (Revenue Forgone)","0.02214","0.19394"
"DEU","Alemania","2022","A los bienes y servicios","Ingreso no percibido (Revenue Forgone)","0.62013","5.51813"
"DEU","Alemania","2022","Al ingreso","Ingreso no percibido (Revenue Forgone)","0.26910","2.39459"
"DEU","Alemania","2022","Otros","Ingreso no percibido (Revenue Forgone)","0.02213","0.19692"
"DEU","Alemania","2023","A los bienes y servicios","Ingreso no percibido (Revenue Forgone)","0.61813","5.80566"
"DEU","Alemania","2023","Al ingreso","Ingreso no percibido (Revenue Forgone)","0.21256","1.99648"
"DEU","Alemania","2023","Otros","Ingreso no percibido (Revenue Forgone)","0.02208","0.20735"
"DEU","Alemania","2024","A los bienes y servicios","Ingreso no percibido (Revenue Forgone)","0.54626","0.00000"
"DEU","Alemania","2024","Al ingreso","Ingreso no percibido (Revenue Forgone)","0.21817","0.00000"
"DEU","Alemania","2024","Otros","Ingreso no percibido (Revenue Forgone)","0.02290","0.00000"
"América Latina y el Caribe","América Latina y el Caribe","1990","A los bienes y servicios","Ingreso no percibido (Revenue Forgone)","0.00000",""
"América Latina y el Caribe","América Latina y el Caribe","1990","Al ingreso","Ingreso no percibido (Revenue Forgone)","0.00000",""
"América Latina y el Caribe","América Latina y el Caribe","1990","Otros","Ingreso no percibido (Revenue Forgone)","0.00000",""
"América Latina y el Caribe","América Latina y el Caribe","1991","A los bienes y servicios","Ingreso no percibido (Revenue Forgone)","0.00000",""
"América Latina y el Caribe","América Latina y el Caribe","1991","Al ingreso","Ingreso no percibido (Revenue Forgone)","0.00000",""
"América Latina y el Caribe","América Latina y el Caribe","1991","Otros","Ingreso no percibido (Revenue Forgone)","0.00000",""
"América Latina y el Caribe","América Latina y el Caribe","1992","A los bienes y servicios","Ingreso no percibido (Revenue Forgone)","0.00000",""
"América Latina y el Caribe","América Latina y el Caribe","1992","Al ingreso","Ingreso no percibido (Revenue Forgone)","0.00000",""
"América Latina y el Caribe","América Latina y el Caribe","1992","Otros","Ingreso no percibido (Revenue Forgone)","0.00000",""
"América Latina y el Caribe","América Latina y el Caribe","1993","A los bienes y servicios","Ingreso no percibido (Revenue Forgone)","0.00000",""
"América Latina y el Caribe","América Latina y el Caribe","1993","Al ingreso","Ingreso no percibido (Revenue Forgone)","0.00000",""
"América Latina y el Caribe","América Latina y el Caribe","1993","Otros","Ingreso no percibido (Revenue Forgone)","0.00000",""
"América Latina y el Caribe","América Latina y el Caribe","1994","A los bienes y servicios","Ingreso no percibido (Revenue Forgone)","0.00000",""
"América Latina y el Caribe","América Latina y el Caribe","1994","Al ingreso","Ingreso no percibido (Revenue Forgone)","0.00000",""
"América Latina y el Caribe","América Latina y el Caribe","1994","Otros","Ingreso no percibido (Revenue Forgone)","0.00000",""
"América Latina y el Caribe","América Latina y el Caribe","1995","A los bienes y servicios","Ingreso no percibido (Revenue Forgone)","0.00000",""
"América Latina y el Caribe","América Latina y el Caribe","1995","Al ingreso","Ingreso no percibido (Revenue Forgone)","0.00000",""
"América Latina y el Caribe","América Latina y el Caribe","1995","Otros","Ingreso no percibido (Revenue Forgone)","0.00000",""
"América Latina y el Caribe","América Latina y el Caribe","1996","A los bienes y servicios","Ingreso no percibido (Revenue Forgone)","0.00000",""
"América Latina y el Caribe","América Latina y el Caribe","1996","Al ingreso","Ingreso no percibido (Revenue Forgone)","0.00000",""
"América Latina y el Caribe","América Latina y el Caribe","1996","Otros","Ingreso no percibido (Revenue Forgone)","0.00000",""
"América Latina y el Caribe","América Latina y el Caribe","1997","A los bienes y servicios","Ingreso no percibido (Revenue Forgone)","0.00000",""
"América Latina y el Caribe","América Latina y el Caribe","1997","Al ingreso","Ingreso no percibido (Revenue Forgone)","0.00000",""
"América Latina y el Caribe","América Latina y el Caribe","1997","Otros","Ingreso no percibido (Revenue Forgone)","0.00000",""
"América Latina y el Caribe","América Latina y el Caribe","1998","A los bienes y servicios","Ingreso no percibido (Revenue Forgone)","0.00000",""
"América Latina y el Caribe","América Latina y el Caribe","1998","Al ingreso","Ingreso no percibido (Revenue Forgone)","0.00000",""
"América Latina y el Caribe","América Latina y el Caribe","1998","Otros","Ingreso no percibido (Revenue Forgone)","0.00000",""
"América Latina y el Caribe","América Latina y el Caribe","1999","A los bienes y servicios","Ingreso no percibido (Revenue Forgone)","0.00000",""
"América Latina y el Caribe","América Latina y el Caribe","1999","Al ingreso","Ingreso no percibido (Revenue Forgone)","0.00000",""
"América Latina y el Caribe","América Latina y el Caribe","1999","Otros","Ingreso no percibido (Revenue Forgone)","0.00000",""
"América Latina y el Caribe","América Latina y el Caribe","2000","A los bienes y servicios","Ingreso no percibido (Revenue Forgone)","0.00000",""
"América Latina y el Caribe","América Latina y el Caribe","2000","Al ingreso","Ingreso no percibido (Revenue Forgone)","0.00000",""
"América Latina y el Caribe","América Latina y el Caribe","2000","Otros","Ingreso no percibido (Revenue Forgone)","0.00000",""
"América Latina y el Caribe","América Latina y el Caribe","2001","A los bienes y servicios","Ingreso no percibido (Revenue Forgone)","2.55000",""
"América Latina y el Caribe","América Latina y el Caribe","2001","Al ingreso","Ingreso no percibido (Revenue Forgone)","0.83000",""
"América Latina y el Caribe","América Latina y el Caribe","2001","Otros","Ingreso no percibido (Revenue Forgone)","0.06000",""
"América Latina y el Caribe","América Latina y el Caribe","2002","A los bienes y servicios","Ingreso no percibido (Revenue Forgone)","1.79000",""
"América Latina y el Caribe","América Latina y el Caribe","2002","Al ingreso","Ingreso no percibido (Revenue Forgone)","1.99000",""
"América Latina y el Caribe","América Latina y el Caribe","2002","Otros","Ingreso no percibido (Revenue Forgone)","0.01000",""
"América Latina y el Caribe","América Latina y el Caribe","2003","A los bienes y servicios","Ingreso no percibido (Revenue Forgone)","1.76000",""
"América Latina y el Caribe","América Latina y el Caribe","2003","Al ingreso","Ingreso no percibido (Revenue Forgone)","1.60000",""
"América Latina y el Caribe","América Latina y el Caribe","2003","Otros","Ingreso no percibido (Revenue Forgone)","0.06000",""
"América Latina y el Caribe","América Latina y el Caribe","2004","A los bienes y servicios","Ingreso no percibido (Revenue Forgone)","1.90000",""
"América Latina y el Caribe","América Latina y el Caribe","2004","Al ingreso","Ingreso no percibido (Revenue Forgone)","1.62000",""
"América Latina y el Caribe","América Latina y el Caribe","2004","Otros","Ingreso no percibido (Revenue Forgone)","0.04000",""
"América Latina y el Caribe","América Latina y el Caribe","2005","A los bienes y servicios","Ingreso no percibido (Revenue Forgone)","2.22000",""
"América Latina y el Caribe","América Latina y el Caribe","2005","Al ingreso","Ingreso no percibido (Revenue Forgone)","1.95000",""
"América Latina y el Caribe","América Latina y el Caribe","2005","Otros","Ingreso no percibido (Revenue Forgone)","0.08000",""
"América Latina y el Caribe","América Latina y el Caribe","2006","A los bienes y servicios","Ingreso no percibido (Revenue Forgone)","2.15000",""
"América Latina y el Caribe","América Latina y el Caribe","2006","Al ingreso","Ingreso no percibido (Revenue Forgone)","1.86000",""
"América Latina y el Caribe","América Latina y el Caribe","2006","Otros","Ingreso no percibido (Revenue Forgone)","0.08000",""
"América Latina y el Caribe","América Latina y el Caribe","2007","A los bienes y servicios","Ingreso no percibido (Revenue Forgone)","2.49000",""
"América Latina y el Caribe","América Latina y el Caribe","2007","Al ingreso","Ingreso no percibido (Revenue Forgone)","1.86000",""
"América Latina y el Caribe","América Latina y el Caribe","2007","Otros","Ingreso no percibido (Revenue Forgone)","0.08000",""
"América Latina y el Caribe","América Latina y el Caribe","2008","A los bienes y servicios","Ingreso no percibido (Revenue Forgone)","3.03000",""
"América Latina y el Caribe","América Latina y el Caribe","2008","Al ingreso","Ingreso no percibido (Revenue Forgone)","1.82000",""
"América Latina y el Caribe","América Latina y el Caribe","2008","Otros","Ingreso no percibido (Revenue Forgone)","0.09000",""
"América Latina y el Caribe","América Latina y el Caribe","2009","A los bienes y servicios","Ingreso no percibido (Revenue Forgone)","2.78000",""
"América Latina y el Caribe","América Latina y el Caribe","2009","Al ingreso","Ingreso no percibido (Revenue Forgone)","1.64000",""
"América Latina y el Caribe","América Latina y el Caribe","2009","Otros","Ingreso no percibido (Revenue Forgone)","0.11000",""
"América Latina y el Caribe","América Latina y el Caribe","2010","A los bienes y servicios","Ingreso no percibido (Revenue Forgone)","2.45000",""
"América Latina y el Caribe","América Latina y el Caribe","2010","Al ingreso","Ingreso no percibido (Revenue Forgone)","1.65000",""
"América Latina y el Caribe","América Latina y el Caribe","2010","Otros","Ingreso no percibido (Revenue Forgone)","0.13000",""
"América Latina y el Caribe","América Latina y el Caribe","2011","A los bienes y servicios","Ingreso no percibido (Revenue Forgone)","2.44000",""
"América Latina y el Caribe","América Latina y el Caribe","2011","Al ingreso","Ingreso no percibido (Revenue Forgone)","1.73000",""
"América Latina y el Caribe","América Latina y el Caribe","2011","Otros","Ingreso no percibido (Revenue Forgone)","0.13000",""
"América Latina y el Caribe","América Latina y el Caribe","2012","A los bienes y servicios","Ingreso no percibido (Revenue Forgone)","2.46000",""
"América Latina y el Caribe","América Latina y el Caribe","2012","Al ingreso","Ingreso no percibido (Revenue Forgone)","1.70000",""
"América Latina y el Caribe","América Latina y el Caribe","2012","Otros","Ingreso no percibido (Revenue Forgone)","0.14000",""
"América Latina y el Caribe","América Latina y el Caribe","2013","A los bienes y servicios","Ingreso no percibido (Revenue Forgone)","2.40000",""
"América Latina y el Caribe","América Latina y el Caribe","2013","Al ingreso","Ingreso no percibido (Revenue Forgone)","1.35000",""
"América Latina y el Caribe","América Latina y el Caribe","2013","Otros","Ingreso no percibido (Revenue Forgone)","0.12000",""
"América Latina y el Caribe","América Latina y el Caribe","2014","A los bienes y servicios","Ingreso no percibido (Revenue Forgone)","2.44000",""
"América Latina y el Caribe","América Latina y el Caribe","2014","Al ingreso","Ingreso no percibido (Revenue Forgone)","1.30000",""
"América Latina y el Caribe","América Latina y el Caribe","2014","Otros","Ingreso no percibido (Revenue Forgone)","0.12000",""
"América Latina y el Caribe","América Latina y el Caribe","2015","A los bienes y servicios","Ingreso no percibido (Revenue Forgone)","2.49000",""
"América Latina y el Caribe","América Latina y el Caribe","2015","Al ingreso","Ingreso no percibido (Revenue Forgone)","1.35000",""
"América Latina y el Caribe","América Latina y el Caribe","2015","Otros","Ingreso no percibido (Revenue Forgone)","0.14000",""
"América Latina y el Caribe","América Latina y el Caribe","2016","A los bienes y servicios","Ingreso no percibido (Revenue Forgone)","2.36000",""
"América Latina y el Caribe","América Latina y el Caribe","2016","Al ingreso","Ingreso no percibido (Revenue Forgone)","1.23000",""
"América Latina y el Caribe","América Latina y el Caribe","2016","Otros","Ingreso no percibido (Revenue Forgone)","0.13000",""
"América Latina y el Caribe","América Latina y el Caribe","2017","A los bienes y servicios","Ingreso no percibido (Revenue Forgone)","2.64000",""
"América Latina y el Caribe","América Latina y el Caribe","2017","Al ingreso","Ingreso no percibido (Revenue Forgone)","2.18000",""
"América Latina y el Caribe","América Latina y el Caribe","2017","Otros","Ingreso no percibido (Revenue Forgone)","0.12000",""
"América Latina y el Caribe","América Latina y el Caribe","2018","A los bienes y servicios","Ingreso no percibido (Revenue Forgone)","2.75000",""
"América Latina y el Caribe","América Latina y el Caribe","2018","Al ingreso","Ingreso no percibido (Revenue Forgone)","2.37000",""
"América Latina y el Caribe","América Latina y el Caribe","2018","Otros","Ingreso no percibido (Revenue Forgone)","0.12000",""
"América Latina y el Caribe","América Latina y el Caribe","2019","A los bienes y servicios","Ingreso no percibido (Revenue Forgone)","2.51000",""
"América Latina y el Caribe","América Latina y el Caribe","2019","Al ingreso","Ingreso no percibido (Revenue Forgone)","2.11000",""
"América Latina y el Caribe","América Latina y el Caribe","2019","Otros","Ingreso no percibido (Revenue Forgone)","0.11000",""
"América Latina y el Caribe","América Latina y el Caribe","2020","A los bienes y servicios","Ingreso no percibido (Revenue Forgone)","2.42000",""
"América Latina y el Caribe","América Latina y el Caribe","2020","Al ingreso","Ingreso no percibido (Revenue Forgone)","2.16000",""
"América Latina y el Caribe","América Latina y el Caribe","2020","Otros","Ingreso no percibido (Revenue Forgone)","0.13000",""
"América Latina y el Caribe","América Latina y el Caribe","2021","A los bienes y servicios","Ingreso no percibido (Revenue Forgone)","2.52000",""
"América Latina y el Caribe","América Latina y el Caribe","2021","Al ingreso","Ingreso no percibido (Revenue Forgone)","2.63000",""
"América Latina y el Caribe","América Latina y el Caribe","2021","Otros","Ingreso no percibido (Revenue Forgone)","0.15000",""
"América Latina y el Caribe","América Latina y el Caribe","2022","A los bienes y servicios","Ingreso no percibido (Revenue Forgone)","2.47000",""
"América Latina y el Caribe","América Latina y el Caribe","2022","Al ingreso","Ingreso no percibido (Revenue Forgone)","2.42000",""
"América Latina y el Caribe","América Latina y el Caribe","2022","Otros","Ingreso no percibido (Revenue Forgone)","0.12000",""
"América Latina y el Caribe","América Latina y el Caribe","2023","A los bienes y servicios","Ingreso no percibido (Revenue Forgone)","2.29000",""
"América Latina y el Caribe","América Latina y el Caribe","2023","Al ingreso","Ingreso no percibido (Revenue Forgone)","2.85000",""
"América Latina y el Caribe","América Latina y el Caribe","2023","Otros","Ingreso no percibido (Revenue Forgone)","0.29000",""
"América Latina y el Caribe","América Latina y el Caribe","2024","A los bienes y servicios","Ingreso no percibido (Revenue Forgone)","2.01000",""
"América Latina y el Caribe","América Latina y el Caribe","2024","Al ingreso","Ingreso no percibido (Revenue Forgone)","3.81000",""
"América Latina y el Caribe","América Latina y el Caribe","2024","Otros","Ingreso no percibido (Revenue Forgone)","0.28000",""
"América Latina y el Caribe","América Latina y el Caribe","2025","A los bienes y servicios","Ingreso no percibido (Revenue Forgone)","2.33000",""
"América Latina y el Caribe","América Latina y el Caribe","2025","Al ingreso","Ingreso no percibido (Revenue Forgone)","3.84000",""
"América Latina y el Caribe","América Latina y el Caribe","2025","Otros","Ingreso no percibido (Revenue Forgone)","0.27000",""
"DZA","Argelia","2009","Otros","Ingreso no percibido (Revenue Forgone)","4.12082","39.26702"
"DZA","Argelia","2010","Otros","Ingreso no percibido (Revenue Forgone)","3.25149","33.10239"
"DZA","Argelia","2011","Otros","Ingreso no percibido (Revenue Forgone)","4.19814","43.78127"
"DZA","Argelia","2012","A los bienes y servicios","Ingreso no percibido (Revenue Forgone)","3.25295","29.15538"
"DZA","Argelia","2012","Al ingreso","Ingreso no percibido (Revenue Forgone)","0.18643","1.67090"
"DZA","Argelia","2012","Otros","Ingreso no percibido (Revenue Forgone)","0.25283","2.26606"
"DZA","Argelia","2013","A los bienes y servicios","Ingreso no percibido (Revenue Forgone)","0.00012","0.00103"
"DZA","Argelia","2013","Al ingreso","Ingreso no percibido (Revenue Forgone)","0.15338","1.37679"
"DZA","Argelia","2013","Otros","Ingreso no percibido (Revenue Forgone)","0.16019","1.43791"
"DZA","Argelia","2014","A los bienes y servicios","Ingreso no percibido (Revenue Forgone)","2.59677","23.91088"
"DZA","Argelia","2014","Al ingreso","Ingreso no percibido (Revenue Forgone)","0.05434","0.50040"
"DZA","Argelia","2014","Otros","Ingreso no percibido (Revenue Forgone)","0.00000","0.00003"
"DZA","Argelia","2015","A los bienes y servicios","Ingreso no percibido (Revenue Forgone)","4.60767","36.93770"
"DZA","Argelia","2015","Al ingreso","Ingreso no percibido (Revenue Forgone)","0.13632","1.09285"
"DZA","Argelia","2015","Otros","Ingreso no percibido (Revenue Forgone)","0.00003","0.00023"
"DZA","Argelia","2023","A los bienes y servicios","Ingreso no percibido (Revenue Forgone)","0.91458","8.97200"
"DZA","Argelia","2023","Otros","Ingreso no percibido (Revenue Forgone)","0.41869","4.10730"
"DZA","Argelia","2024","A los bienes y servicios","Ingreso no percibido (Revenue Forgone)","1.04102","0.00000"
"DZA","Argelia","2024","Otros","Ingreso no percibido (Revenue Forgone)","0.35339","0.00000"
"DZA","Argelia","2025","A los bienes y servicios","Ingreso no percibido (Revenue Forgone)","1.28566","0.00000"
"DZA","Argelia","2025","Otros","Ingreso no percibido (Revenue Forgone)","0.37199","0.00000"
"ARG","Argentina","2001","A los bienes y servicios","Ingreso no percibido (Revenue Forgone)","2.55405","20.28914"
"ARG","Argentina","2001","Al ingreso","Ingreso no percibido (Revenue Forgone)","0.82912","6.58649"
"ARG","Argentina","2001","Otros","Ingreso no percibido (Revenue Forgone)","0.05606","0.44535"
"ARG","Argentina","2002","A los bienes y servicios","Ingreso no percibido (Revenue Forgone)","2.45244","20.03459"
"ARG","Argentina","2002","Al ingreso","Ingreso no percibido (Revenue Forgone)","0.74151","6.05758"
"ARG","Argentina","2002","Otros","Ingreso no percibido (Revenue Forgone)","0.04442","0.36288"
"ARG","Argentina","2003","A los bienes y servicios","Ingreso no percibido (Revenue Forgone)","2.10208","13.99883"
"ARG","Argentina","2003","Al ingreso","Ingreso no percibido (Revenue Forgone)","0.69442","4.62450"
"ARG","Argentina","2003","Otros","Ingreso no percibido (Revenue Forgone)","0.15393","1.02507"
"ARG","Argentina","2004","A los bienes y servicios","Ingreso no percibido (Revenue Forgone)","2.21389","12.44405"
"ARG","Argentina","2004","Al ingreso","Ingreso no percibido (Revenue Forgone)","0.56008","3.14818"
"ARG","Argentina","2004","Otros","Ingreso no percibido (Revenue Forgone)","0.19297","1.08466"
"ARG","Argentina","2005","A los bienes y servicios","Ingreso no percibido (Revenue Forgone)","2.06507","11.61463"
"ARG","Argentina","2005","Al ingreso","Ingreso no percibido (Revenue Forgone)","0.68844","3.87203"
"ARG","Argentina","2005","Otros","Ingreso no percibido (Revenue Forgone)","0.23360","1.31383"
"ARG","Argentina","2006","A los bienes y servicios","Ingreso no percibido (Revenue Forgone)","2.02395","11.36370"
"ARG","Argentina","2006","Al ingreso","Ingreso no percibido (Revenue Forgone)","0.70144","3.93833"
"ARG","Argentina","2006","Otros","Ingreso no percibido (Revenue Forgone)","0.19373","1.08771"
"ARG","Argentina","2007","A los bienes y servicios","Ingreso no percibido (Revenue Forgone)","1.90489","10.31713"
"ARG","Argentina","2007","Al ingreso","Ingreso no percibido (Revenue Forgone)","0.75937","4.11284"
"ARG","Argentina","2007","Otros","Ingreso no percibido (Revenue Forgone)","0.21258","1.15138"
"ARG","Argentina","2008","A los bienes y servicios","Ingreso no percibido (Revenue Forgone)","1.76630","9.24942"
"ARG","Argentina","2008","Al ingreso","Ingreso no percibido (Revenue Forgone)","0.78594","4.11564"
"ARG","Argentina","2008","Otros","Ingreso no percibido (Revenue Forgone)","0.17570","0.92005"
"ARG","Argentina","2009","A los bienes y servicios","Ingreso no percibido (Revenue Forgone)","1.76127","9.52437"
"ARG","Argentina","2009","Al ingreso","Ingreso no percibido (Revenue Forgone)","0.72298","3.90961"
"ARG","Argentina","2009","Otros","Ingreso no percibido (Revenue Forgone)","0.15780","0.85331"
"ARG","Argentina","2010","A los bienes y servicios","Ingreso no percibido (Revenue Forgone)","1.94941","10.38814"
"ARG","Argentina","2010","Al ingreso","Ingreso no percibido (Revenue Forgone)","0.80035","4.26493"
"ARG","Argentina","2010","Otros","Ingreso no percibido (Revenue Forgone)","0.08433","0.44939"
"ARG","Argentina","2011","A los bienes y servicios","Ingreso no percibido (Revenue Forgone)","2.01519","10.75361"
"ARG","Argentina","2011","Al ingreso","Ingreso no percibido (Revenue Forgone)","0.80153","4.27720"
"ARG","Argentina","2011","Otros","Ingreso no percibido (Revenue Forgone)","0.16274","0.86844"
"ARG","Argentina","2012","A los bienes y servicios","Ingreso no percibido (Revenue Forgone)","2.04241","10.62365"
"ARG","Argentina","2012","Al ingreso","Ingreso no percibido (Revenue Forgone)","0.84520","4.39631"
"ARG","Argentina","2012","Otros","Ingreso no percibido (Revenue Forgone)","0.15034","0.78199"
"ARG","Argentina","2013","A los bienes y servicios","Ingreso no percibido (Revenue Forgone)","2.05780","10.89479"
"ARG","Argentina","2013","Al ingreso","Ingreso no percibido (Revenue Forgone)","0.91105","4.82346"
"ARG","Argentina","2013","Otros","Ingreso no percibido (Revenue Forgone)","0.14673","0.77684"
"ARG","Argentina","2014","A los bienes y servicios","Ingreso no percibido (Revenue Forgone)","2.06089","10.76774"
"ARG","Argentina","2014","Al ingreso","Ingreso no percibido (Revenue Forgone)","0.93629","4.89193"
"ARG","Argentina","2014","Otros","Ingreso no percibido (Revenue Forgone)","0.16520","0.86314"
"ARG","Argentina","2015","A los bienes y servicios","Ingreso no percibido (Revenue Forgone)","2.03381","10.59699"
"ARG","Argentina","2015","Al ingreso","Ingreso no percibido (Revenue Forgone)","1.05884","5.51701"
"ARG","Argentina","2015","Otros","Ingreso no percibido (Revenue Forgone)","0.17901","0.93272"
"ARG","Argentina","2016","A los bienes y servicios","Ingreso no percibido (Revenue Forgone)","1.99136","10.62426"
"ARG","Argentina","2016","Al ingreso","Ingreso no percibido (Revenue Forgone)","1.16379","6.20901"
"ARG","Argentina","2016","Otros","Ingreso no percibido (Revenue Forgone)","0.18416","0.98252"
"ARG","Argentina","2017","A los bienes y servicios","Ingreso no percibido (Revenue Forgone)","1.94400","10.97343"
"ARG","Argentina","2017","Al ingreso","Ingreso no percibido (Revenue Forgone)","1.11871","6.31486"
"ARG","Argentina","2017","Otros","Ingreso no percibido (Revenue Forgone)","0.20287","1.14515"
"ARG","Argentina","2018","A los bienes y servicios","Ingreso no percibido (Revenue Forgone)","1.89733","11.09429"
"ARG","Argentina","2018","Al ingreso","Ingreso no percibido (Revenue Forgone)","0.95382","5.57732"
"ARG","Argentina","2018","Otros","Ingreso no percibido (Revenue Forgone)","0.14833","0.86734"
"ARG","Argentina","2019","A los bienes y servicios","Ingreso no percibido (Revenue Forgone)","1.93691","10.77107"
"ARG","Argentina","2019","Al ingreso","Ingreso no percibido (Revenue Forgone)","0.94848","5.27446"
"ARG","Argentina","2019","Otros","Ingreso no percibido (Revenue Forgone)","0.16509","0.91806"
"ARG","Argentina","2020","A los bienes y servicios","Ingreso no percibido (Revenue Forgone)","1.93611","10.17396"
"ARG","Argentina","2020","Al ingreso","Ingreso no percibido (Revenue Forgone)","1.14286","6.00556"
"ARG","Argentina","2020","Otros","Ingreso no percibido (Revenue Forgone)","0.20669","1.08612"
"ARG","Argentina","2021","A los bienes y servicios","Ingreso no percibido (Revenue Forgone)","1.94000","10.25596"
"ARG","Argentina","2021","Al ingreso","Ingreso no percibido (Revenue Forgone)","1.12795","5.96300"
"ARG","Argentina","2021","Otros","Ingreso no percibido (Revenue Forgone)","0.19345","1.02271"
"ARG","Argentina","2022","A los bienes y servicios","Ingreso no percibido (Revenue Forgone)","1.82255","9.46907"
"ARG","Argentina","2022","Al ingreso","Ingreso no percibido (Revenue Forgone)","0.89096","4.62900"
"ARG","Argentina","2022","Otros","Ingreso no percibido (Revenue Forgone)","0.15288","0.79431"
"ARG","Argentina","2023","A los bienes y servicios","Ingreso no percibido (Revenue Forgone)","1.75432","0.00000"
"ARG","Argentina","2023","Al ingreso","Ingreso no percibido (Revenue Forgone)","0.95991","0.00000"
"ARG","Argentina","2023","Otros","Ingreso no percibido (Revenue Forgone)","1.28294","0.00000"
"ARG","Argentina","2024","A los bienes y servicios","Ingreso no percibido (Revenue Forgone)","1.60231","0.00000"
"ARG","Argentina","2024","Al ingreso","Ingreso no percibido (Revenue Forgone)","0.63361","0.00000"
"ARG","Argentina","2024","Otros","Ingreso no percibido (Revenue Forgone)","1.18107","0.00000"
"ARG","Argentina","2025","A los bienes y servicios","Ingreso no percibido (Revenue Forgone)","1.68908","0.00000"
"ARG","Argentina","2025","Al ingreso","Ingreso no percibido (Revenue Forgone)","0.80618","0.00000"
"ARG","Argentina","2025","Otros","Ingreso no percibido (Revenue Forgone)","0.90382","0.00000"
"ARM","Armenia","2015","A los bienes y servicios","Ingreso no percibido (Revenue Forgone)","5.16566","24.47753"
"ARM","Armenia","2015","Al ingreso","Ingreso no percibido (Revenue Forgone)","1.58126","7.49282"
"ARM","Armenia","2016","A los bienes y servicios","Ingreso no percibido (Revenue Forgone)","5.55589","26.11170"
"ARM","Armenia","2016","Al ingreso","Ingreso no percibido (Revenue Forgone)","1.97261","9.27093"
"ARM","Armenia","2017","A los bienes y servicios","Ingreso no percibido (Revenue Forgone)","5.02684","24.18998"
"ARM","Armenia","2017","Al ingreso","Ingreso no percibido (Revenue Forgone)","1.52104","7.31949"
"ARM","Armenia","2018","A los bienes y servicios","Ingreso no percibido (Revenue Forgone)","5.22049","25.01422"
"ARM","Armenia","2018","Al ingreso","Ingreso no percibido (Revenue Forgone)","1.35236","6.47989"
"ARM","Armenia","2019","A los bienes y servicios","Ingreso no percibido (Revenue Forgone)","5.32561","23.89756"
"ARM","Armenia","2019","Al ingreso","Ingreso no percibido (Revenue Forgone)","1.43332","6.43174"
"ARM","Armenia","2020","A los bienes y servicios","Ingreso no percibido (Revenue Forgone)","5.78738","26.47423"
"ARM","Armenia","2020","Al ingreso","Ingreso no percibido (Revenue Forgone)","1.61172","7.37278"
"ARM","Armenia","2021","A los bienes y servicios","Ingreso no percibido (Revenue Forgone)","5.19080","23.59345"
"ARM","Armenia","2021","Al ingreso","Ingreso no percibido (Revenue Forgone)","1.26069","5.73017"
"ARM","Armenia","2022","A los bienes y servicios","Ingreso no percibido (Revenue Forgone)","4.27334","19.57809"
"ARM","Armenia","2022","Al ingreso","Ingreso no percibido (Revenue Forgone)","1.64685","7.54495"
"ARM","Armenia","2023","A los bienes y servicios","Ingreso no percibido (Revenue Forgone)","4.33648","0.00000"
"ARM","Armenia","2023","Al ingreso","Ingreso no percibido (Revenue Forgone)","1.84941","0.00000"
"ARM","Armenia","2024","A los bienes y servicios","Ingreso no percibido (Revenue Forgone)","4.80425","0.00000"
"ARM","Armenia","2024","Al ingreso","Ingreso no percibido (Revenue Forgone)","1.92486","0.00000"
"ARM","Armenia","2025","A los bienes y servicios","Ingreso no percibido (Revenue Forgone)","5.29909","0.00000"
"ARM","Armenia","2025","Al ingreso","Ingreso no percibido (Revenue Forgone)","1.89830","0.00000"
"AUS","Australia","1990","A los bienes y servicios","Ingreso no percibido (Revenue Forgone)","0.00362","0.01620"
"AUS","Australia","1990","Al ingreso","Ingreso no percibido (Revenue Forgone)","2.62859","11.77696"
"AUS","Australia","1991","A los bienes y servicios","Ingreso no percibido (Revenue Forgone)","0.00360","0.01717"
"AUS","Australia","1991","Al ingreso","Ingreso no percibido (Revenue Forgone)","2.87845","13.72170"
"AUS","Australia","1992","A los bienes y servicios","Ingreso no percibido (Revenue Forgone)","0.00370","0.01803"
"AUS","Australia","1992","Al ingreso","Ingreso no percibido (Revenue Forgone)","2.64972","12.91195"
"AUS","Australia","1993","A los bienes y servicios","Ingreso no percibido (Revenue Forgone)","0.00154","0.00744"
"AUS","Australia","1993","Al ingreso","Ingreso no percibido (Revenue Forgone)","2.77950","13.43220"
"AUS","Australia","1994","A los bienes y servicios","Ingreso no percibido (Revenue Forgone)","-0.00580","-0.02669"
"AUS","Australia","1994","Al ingreso","Ingreso no percibido (Revenue Forgone)","3.29585","15.17243"
"AUS","Australia","1995","A los bienes y servicios","Ingreso no percibido (Revenue Forgone)","0.05690","0.25153"
"AUS","Australia","1995","Al ingreso","Ingreso no percibido (Revenue Forgone)","3.22740","14.26719"
"AUS","Australia","1996","A los bienes y servicios","Ingreso no percibido (Revenue Forgone)","0.06305","0.27459"
"AUS","Australia","1996","Al ingreso","Ingreso no percibido (Revenue Forgone)","3.60400","15.69503"
"AUS","Australia","1997","A los bienes y servicios","Ingreso no percibido (Revenue Forgone)","0.26122","1.14296"
"AUS","Australia","1997","Al ingreso","Ingreso no percibido (Revenue Forgone)","3.89705","17.05122"
"AUS","Australia","1998","A los bienes y servicios","Ingreso no percibido (Revenue Forgone)","0.25176","1.07962"
"AUS","Australia","1998","Al ingreso","Ingreso no percibido (Revenue Forgone)","3.97818","17.05956"
"AUS","Australia","1999","A los bienes y servicios","Ingreso no percibido (Revenue Forgone)","0.22150","0.92168"
"AUS","Australia","1999","Al ingreso","Ingreso no percibido (Revenue Forgone)","3.90611","16.25395"
"AUS","Australia","2000","A los bienes y servicios","Ingreso no percibido (Revenue Forgone)","0.13325","0.52143"
"AUS","Australia","2000","Al ingreso","Ingreso no percibido (Revenue Forgone)","3.99009","15.61385"
"AUS","Australia","2001","A los bienes y servicios","Ingreso no percibido (Revenue Forgone)","-0.00986","-0.04043"
"AUS","Australia","2001","Al ingreso","Ingreso no percibido (Revenue Forgone)","4.01320","16.46273"
"AUS","Australia","2002","A los bienes y servicios","Ingreso no percibido (Revenue Forgone)","0.00332","0.01333"
"AUS","Australia","2002","Al ingreso","Ingreso no percibido (Revenue Forgone)","3.86799","15.51237"
"AUS","Australia","2003","A los bienes y servicios","Ingreso no percibido (Revenue Forgone)","0.00518","0.02053"
"AUS","Australia","2003","Al ingreso","Ingreso no percibido (Revenue Forgone)","3.54186","14.03686"
"AUS","Australia","2004","A los bienes y servicios","Ingreso no percibido (Revenue Forgone)","-0.47499","-1.85589"
"AUS","Australia","2004","Al ingreso","Ingreso no percibido (Revenue Forgone)","3.92161","15.32244"
"AUS","Australia","2005","A los bienes y servicios","Ingreso no percibido (Revenue Forgone)","0.69311","2.73012"
"AUS","Australia","2005","Al ingreso","Ingreso no percibido (Revenue Forgone)","4.42912","17.44612"
"AUS","Australia","2006","A los bienes y servicios","Ingreso no percibido (Revenue Forgone)","0.92341","3.69244"
"AUS","Australia","2006","Al ingreso","Ingreso no percibido (Revenue Forgone)","8.53185","34.11632"
"AUS","Australia","2007","A los bienes y servicios","Ingreso no percibido (Revenue Forgone)","0.97810","3.90935"
"AUS","Australia","2007","Al ingreso","Ingreso no percibido (Revenue Forgone)","8.56903","34.24935"
"AUS","Australia","2008","A los bienes y servicios","Ingreso no percibido (Revenue Forgone)","0.96417","4.32426"
"AUS","Australia","2008","Al ingreso","Ingreso no percibido (Revenue Forgone)","9.27357","41.59146"
"AUS","Australia","2009","A los bienes y servicios","Ingreso no percibido (Revenue Forgone)","1.12731","5.38416"
"AUS","Australia","2009","Al ingreso","Ingreso no percibido (Revenue Forgone)","7.42991","35.48604"
"AUS","Australia","2010","A los bienes y servicios","Ingreso no percibido (Revenue Forgone)","1.14441","5.46103"
"AUS","Australia","2010","Al ingreso","Ingreso no percibido (Revenue Forgone)","7.31124","34.88870"
"AUS","Australia","2011","A los bienes y servicios","Ingreso no percibido (Revenue Forgone)","1.17347","5.49294"
"AUS","Australia","2011","Al ingreso","Ingreso no percibido (Revenue Forgone)","6.67357","31.23858"
"AUS","Australia","2012","A los bienes y servicios","Ingreso no percibido (Revenue Forgone)","1.14964","5.21189"
"AUS","Australia","2012","Al ingreso","Ingreso no percibido (Revenue Forgone)","6.10376","27.67144"
"AUS","Australia","2013","A los bienes y servicios","Ingreso no percibido (Revenue Forgone)","1.10344","4.97834"
"AUS","Australia","2013","Al ingreso","Ingreso no percibido (Revenue Forgone)","6.31463","28.48934"
"AUS","Australia","2014","A los bienes y servicios","Ingreso no percibido (Revenue Forgone)","1.01928","4.67895"
"AUS","Australia","2014","Al ingreso","Ingreso no percibido (Revenue Forgone)","6.57817","30.19687"
"AUS","Australia","2015","A los bienes y servicios","Ingreso no percibido (Revenue Forgone)","1.06354","4.77092"
"AUS","Australia","2015","Al ingreso","Ingreso no percibido (Revenue Forgone)","7.27518","32.63554"
"AUS","Australia","2016","A los bienes y servicios","Ingreso no percibido (Revenue Forgone)","1.12121","4.94488"
"AUS","Australia","2016","Al ingreso","Ingreso no percibido (Revenue Forgone)","7.97133","35.15615"
"AUS","Australia","2017","A los bienes y servicios","Ingreso no percibido (Revenue Forgone)","1.15756","4.92085"
"AUS","Australia","2017","Al ingreso","Ingreso no percibido (Revenue Forgone)","7.78170","33.08041"
"AUS","Australia","2018","A los bienes y servicios","Ingreso no percibido (Revenue Forgone)","1.14441","4.79671"
"AUS","Australia","2018","Al ingreso","Ingreso no percibido (Revenue Forgone)","7.90751","33.14370"
"AUS","Australia","2019","A los bienes y servicios","Ingreso no percibido (Revenue Forgone)","1.22046","5.48188"
"AUS","Australia","2019","Al ingreso","Ingreso no percibido (Revenue Forgone)","6.52749","29.31921"
"AUS","Australia","2020","A los bienes y servicios","Ingreso no percibido (Revenue Forgone)","1.10119","4.55608"
"AUS","Australia","2020","Al ingreso","Ingreso no percibido (Revenue Forgone)","5.84387","24.17848"
"AUS","Australia","2021","A los bienes y servicios","Ingreso no percibido (Revenue Forgone)","1.00374","4.04221"
"AUS","Australia","2021","Al ingreso","Ingreso no percibido (Revenue Forgone)","5.66329","22.80698"
"AUS","Australia","2022","A los bienes y servicios","Ingreso no percibido (Revenue Forgone)","0.93498","3.77774"
"AUS","Australia","2022","Al ingreso","Ingreso no percibido (Revenue Forgone)","6.91664","27.94636"
"AUS","Australia","2023","A los bienes y servicios","Ingreso no percibido (Revenue Forgone)","0.97855","0.00000"
"AUS","Australia","2023","Al ingreso","Ingreso no percibido (Revenue Forgone)","8.27633","0.00000"
"AUS","Australia","2024","A los bienes y servicios","Ingreso no percibido (Revenue Forgone)","1.02775","0.00000"
"AUS","Australia","2024","Al ingreso","Ingreso no percibido (Revenue Forgone)","7.05085","0.00000"
"AUS","Australia","2025","A los bienes y servicios","Ingreso no percibido (Revenue Forgone)","1.06375","0.00000"
"AUS","Australia","2025","Al ingreso","Ingreso no percibido (Revenue Forgone)","6.43842","0.00000"
"AUS","Australia","2026","A los bienes y servicios","Ingreso no percibido (Revenue Forgone)","0.00000","0.00000"
"AUS","Australia","2026","Al ingreso","Ingreso no percibido (Revenue Forgone)","0.00000","0.00000"
"AUS","Australia","2027","A los bienes y servicios","Ingreso no percibido (Revenue Forgone)","0.00000","0.00000"
"AUS","Australia","2027","Al ingreso","Ingreso no percibido (Revenue Forgone)","0.00000","0.00000"
"AUS","Australia","2028","A los bienes y servicios","Ingreso no percibido (Revenue Forgone)","0.00000","0.00000"
"AUS","Australia","2028","Al ingreso","Ingreso no percibido (Revenue Forgone)","0.00000","0.00000"
"AUT","Austria","2002","A los bienes y servicios","Ingreso no percibido (Revenue Forgone)","0.30639","1.04268"
"AUT","Austria","2002","Al ingreso","Ingreso no percibido (Revenue Forgone)","2.08052","7.08022"
"AUT","Austria","2003","A los bienes y servicios","Ingreso no percibido (Revenue Forgone)","0.28932","0.99802"
"AUT","Austria","2003","Al ingreso","Ingreso no percibido (Revenue Forgone)","2.20090","7.59217"
"AUT","Austria","2004","A los bienes y servicios","Ingreso no percibido (Revenue Forgone)","0.27937","0.97435"
"AUT","Austria","2004","Al ingreso","Ingreso no percibido (Revenue Forgone)","2.26987","7.91660"
"AUT","Austria","2005","A los bienes y servicios","Ingreso no percibido (Revenue Forgone)","0.21914","0.78965"
"AUT","Austria","2005","Al ingreso","Ingreso no percibido (Revenue Forgone)","2.29082","8.25492"
"AUT","Austria","2006","A los bienes y servicios","Ingreso no percibido (Revenue Forgone)","0.23540","0.86352"
"AUT","Austria","2006","Al ingreso","Ingreso no percibido (Revenue Forgone)","2.14339","7.86272"
"AUT","Austria","2007","A los bienes y servicios","Ingreso no percibido (Revenue Forgone)","0.23104","0.83896"
"AUT","Austria","2007","Al ingreso","Ingreso no percibido (Revenue Forgone)","2.02510","7.35379"
"AUT","Austria","2008","A los bienes y servicios","Ingreso no percibido (Revenue Forgone)","0.22032","0.78053"
"AUT","Austria","2008","Al ingreso","Ingreso no percibido (Revenue Forgone)","2.12304","7.52124"
"AUT","Austria","2009","A los bienes y servicios","Ingreso no percibido (Revenue Forgone)","0.16558","0.60507"
"AUT","Austria","2009","Al ingreso","Ingreso no percibido (Revenue Forgone)","2.21047","8.07782"
"AUT","Austria","2010","A los bienes y servicios","Ingreso no percibido (Revenue Forgone)","0.33736","1.22996"
"AUT","Austria","2010","Al ingreso","Ingreso no percibido (Revenue Forgone)","1.76432","6.43249"
"AUT","Austria","2010","Otros","Ingreso no percibido (Revenue Forgone)","0.00408","0.01488"
"AUT","Austria","2011","A los bienes y servicios","Ingreso no percibido (Revenue Forgone)","1.17047","4.24293"
"AUT","Austria","2011","Al ingreso","Ingreso no percibido (Revenue Forgone)","1.63937","5.94269"
"AUT","Austria","2011","Otros","Ingreso no percibido (Revenue Forgone)","0.00389","0.01412"
"AUT","Austria","2012","A los bienes y servicios","Ingreso no percibido (Revenue Forgone)","1.17945","4.19386"
"AUT","Austria","2012","Al ingreso","Ingreso no percibido (Revenue Forgone)","1.74580","6.20767"
"AUT","Austria","2012","Otros","Ingreso no percibido (Revenue Forgone)","0.00411","0.01460"
"AUT","Austria","2013","A los bienes y servicios","Ingreso no percibido (Revenue Forgone)","1.19088","4.14450"
"AUT","Austria","2013","Al ingreso","Ingreso no percibido (Revenue Forgone)","1.69494","5.89873"
"AUT","Austria","2013","Otros","Ingreso no percibido (Revenue Forgone)","0.00374","0.01300"
"AUT","Austria","2014","A los bienes y servicios","Ingreso no percibido (Revenue Forgone)","1.20141","4.17566"
"AUT","Austria","2014","Al ingreso","Ingreso no percibido (Revenue Forgone)","1.63065","5.66757"
"AUT","Austria","2014","Otros","Ingreso no percibido (Revenue Forgone)","0.00364","0.01263"
"AUT","Austria","2015","A los bienes y servicios","Ingreso no percibido (Revenue Forgone)","1.18743","4.07807"
"AUT","Austria","2015","Al ingreso","Ingreso no percibido (Revenue Forgone)","1.66041","5.70247"
"AUT","Austria","2015","Otros","Ingreso no percibido (Revenue Forgone)","0.00438","0.01506"
"AUT","Austria","2016","A los bienes y servicios","Ingreso no percibido (Revenue Forgone)","1.11172","4.01499"
"AUT","Austria","2016","Al ingreso","Ingreso no percibido (Revenue Forgone)","1.64030","5.92399"
"AUT","Austria","2016","Otros","Ingreso no percibido (Revenue Forgone)","0.00506","0.01828"
"AUT","Austria","2017","A los bienes y servicios","Ingreso no percibido (Revenue Forgone)","1.07434","3.87966"
"AUT","Austria","2017","Al ingreso","Ingreso no percibido (Revenue Forgone)","1.60688","5.80277"
"AUT","Austria","2017","Otros","Ingreso no percibido (Revenue Forgone)","0.00545","0.01966"
"AUT","Austria","2018","A los bienes y servicios","Ingreso no percibido (Revenue Forgone)","1.07323","3.87986"
"AUT","Austria","2018","Al ingreso","Ingreso no percibido (Revenue Forgone)","1.61181","5.82686"
"AUT","Austria","2018","Otros","Ingreso no percibido (Revenue Forgone)","0.00496","0.01792"
"AUT","Austria","2019","A los bienes y servicios","Ingreso no percibido (Revenue Forgone)","1.25876","4.53119"
"AUT","Austria","2019","Al ingreso","Ingreso no percibido (Revenue Forgone)","1.81877","6.54707"
"AUT","Austria","2019","Otros","Ingreso no percibido (Revenue Forgone)","0.00556","0.02001"
"AUT","Austria","2020","A los bienes y servicios","Ingreso no percibido (Revenue Forgone)","1.25553","4.71782"
"AUT","Austria","2020","Al ingreso","Ingreso no percibido (Revenue Forgone)","2.12270","7.97633"
"AUT","Austria","2020","Otros","Ingreso no percibido (Revenue Forgone)","0.00605","0.02272"
"AUT","Austria","2021","A los bienes y servicios","Ingreso no percibido (Revenue Forgone)","1.29015","4.61917"
"AUT","Austria","2021","Al ingreso","Ingreso no percibido (Revenue Forgone)","2.08649","7.47034"
"AUT","Austria","2021","Otros","Ingreso no percibido (Revenue Forgone)","0.00591","0.02115"
"AUT","Austria","2022","A los bienes y servicios","Ingreso no percibido (Revenue Forgone)","1.30145","4.60521"
"AUT","Austria","2022","Al ingreso","Ingreso no percibido (Revenue Forgone)","2.19772","7.77666"
"AUT","Austria","2022","Otros","Ingreso no percibido (Revenue Forgone)","0.00692","0.02447"
"AUT","Austria","2023","A los bienes y servicios","Ingreso no percibido (Revenue Forgone)","1.44855","5.18715"
"AUT","Austria","2023","Al ingreso","Ingreso no percibido (Revenue Forgone)","2.16017","7.73538"
"AUT","Austria","2023","Otros","Ingreso no percibido (Revenue Forgone)","0.00718","0.02569"
"AZE","Azerbaiyán","2020","Al ingreso","Ingreso no percibido (Revenue Forgone)","4.43523","29.20681"
"AZE","Azerbaiyán","2020","Otros","Ingreso no percibido (Revenue Forgone)","2.89068","19.03569"
"AZE","Azerbaiyán","2021","Al ingreso","Ingreso no percibido (Revenue Forgone)","3.12876","23.31183"
"AZE","Azerbaiyán","2021","Otros","Ingreso no percibido (Revenue Forgone)","1.81174","13.49897"
"AZE","Azerbaiyán","2022","Al ingreso","Ingreso no percibido (Revenue Forgone)","0.00000","0.00000"
"AZE","Azerbaiyán","2022","Otros","Ingreso no percibido (Revenue Forgone)","0.00000","0.00000"
"AZE","Azerbaiyán","2023","Al ingreso","Ingreso no percibido (Revenue Forgone)","0.00000","0.00000"
"AZE","Azerbaiyán","2023","Otros","Ingreso no percibido (Revenue Forgone)","0.00000","0.00000"
"AZE","Azerbaiyán","2024","Al ingreso","Ingreso no percibido (Revenue Forgone)","0.00000","0.00000"
"AZE","Azerbaiyán","2024","Otros","Ingreso no percibido (Revenue Forgone)","0.00000","0.00000"
"AZE","Azerbaiyán","2025","Al ingreso","Ingreso no percibido (Revenue Forgone)","0.00000","0.00000"
"AZE","Azerbaiyán","2025","Otros","Ingreso no percibido (Revenue Forgone)","0.00000","0.00000"
"BGD","Bangladesh","2021","A los bienes y servicios","Ingreso no percibido (Revenue Forgone)","4.41145","57.72359"
"BGD","Bangladesh","2021","Al ingreso","Ingreso no percibido (Revenue Forgone)","3.56393","46.63394"
"BGD","Bangladesh","2022","A los bienes y servicios","Ingreso no percibido (Revenue Forgone)","3.26232","42.00005"
"BGD","Bangladesh","2022","Al ingreso","Ingreso no percibido (Revenue Forgone)","2.89688","37.29530"
"BEN","Benin","2008","Otros","Ingreso no percibido (Revenue Forgone)","1.73819","14.74070"
"BEN","Benin","2009","Otros","Ingreso no percibido (Revenue Forgone)","1.92881","17.58063"
"BEN","Benin","2010","A los bienes y servicios","Ingreso no percibido (Revenue Forgone)","1.11058","9.77105"
"BEN","Benin","2011","A los bienes y servicios","Ingreso no percibido (Revenue Forgone)","0.91989","8.48121"
"BEN","Benin","2012","A los bienes y servicios","Ingreso no percibido (Revenue Forgone)","0.87266","8.27453"
"BEN","Benin","2014","A los bienes y servicios","Ingreso no percibido (Revenue Forgone)","1.38246","12.93210"
"BEN","Benin","2015","A los bienes y servicios","Ingreso no percibido (Revenue Forgone)","1.40902","13.30345"
"BEN","Benin","2016","A los bienes y servicios","Ingreso no percibido (Revenue Forgone)","2.10348","22.98455"
"BEN","Benin","2016","Al ingreso","Ingreso no percibido (Revenue Forgone)","0.33885","3.70257"
"BEN","Benin","2016","Otros","Ingreso no percibido (Revenue Forgone)","0.00573","0.06262"
"BEN","Benin","2017","A los bienes y servicios","Ingreso no percibido (Revenue Forgone)","2.05475","21.26038"
"BEN","Benin","2017","Al ingreso","Ingreso no percibido (Revenue Forgone)","0.02695","0.27884"
"BEN","Benin","2017","Otros","Ingreso no percibido (Revenue Forgone)","0.00781","0.08086"
"BEN","Benin","2018","A los bienes y servicios","Ingreso no percibido (Revenue Forgone)","1.92643","18.79342"
"BEN","Benin","2018","Al ingreso","Ingreso no percibido (Revenue Forgone)","0.07758","0.75686"
"BEN","Benin","2018","Otros","Ingreso no percibido (Revenue Forgone)","0.00242","0.02361"
"BEN","Benin","2019","A los bienes y servicios","Ingreso no percibido (Revenue Forgone)","2.56334","24.19648"
"BEN","Benin","2019","Al ingreso","Ingreso no percibido (Revenue Forgone)","0.05074","0.47898"
"BEN","Benin","2019","Otros","Ingreso no percibido (Revenue Forgone)","0.00224","0.02119"
"BEN","Benin","2020","A los bienes y servicios","Ingreso no percibido (Revenue Forgone)","1.53856","14.62397"
"BEN","Benin","2020","Al ingreso","Ingreso no percibido (Revenue Forgone)","0.14785","1.40529"
"BEN","Benin","2020","Otros","Ingreso no percibido (Revenue Forgone)","0.00512","0.04869"
"BEN","Benin","2021","A los bienes y servicios","Ingreso no percibido (Revenue Forgone)","1.91314","17.34024"
"BEN","Benin","2021","Al ingreso","Ingreso no percibido (Revenue Forgone)","0.07536","0.68303"
"BEN","Benin","2021","Otros","Ingreso no percibido (Revenue Forgone)","0.00364","0.03302"
"BEN","Benin","2022","A los bienes y servicios","Ingreso no percibido (Revenue Forgone)","1.68924","13.88346"
"BEN","Benin","2022","Al ingreso","Ingreso no percibido (Revenue Forgone)","0.06431","0.52858"
"BEN","Benin","2022","Otros","Ingreso no percibido (Revenue Forgone)","0.00377","0.03095"
"BEN","Benin","2023","A los bienes y servicios","Ingreso no percibido (Revenue Forgone)","1.47284","0.00000"
"BEN","Benin","2023","Al ingreso","Ingreso no percibido (Revenue Forgone)","0.14107","0.00000"
"BEN","Benin","2023","Otros","Ingreso no percibido (Revenue Forgone)","0.00198","0.00000"
"BTN","Bhután","2003","A los bienes y servicios","Ingreso no percibido (Revenue Forgone)","0.35903","3.80791"
"BTN","Bhután","2004","A los bienes y servicios","Ingreso no percibido (Revenue Forgone)","1.87465","24.40121"
"BTN","Bhután","2005","A los bienes y servicios","Ingreso no percibido (Revenue Forgone)","5.26759","61.53836"
"BTN","Bhután","2006","A los bienes y servicios","Ingreso no percibido (Revenue Forgone)","0.40416","4.38493"
"BTN","Bhután","2007","A los bienes y servicios","Ingreso no percibido (Revenue Forgone)","3.09159","38.82398"
"BTN","Bhután","2011","A los bienes y servicios","Ingreso no percibido (Revenue Forgone)","3.46489","25.68110"
"BTN","Bhután","2011","Al ingreso","Ingreso no percibido (Revenue Forgone)","0.08732","0.64723"
"BTN","Bhután","2012","A los bienes y servicios","Ingreso no percibido (Revenue Forgone)","2.38873","16.45585"
"BTN","Bhután","2012","Al ingreso","Ingreso no percibido (Revenue Forgone)","0.09516","0.65555"
"BTN","Bhután","2013","A los bienes y servicios","Ingreso no percibido (Revenue Forgone)","2.98543","21.57826"
"BTN","Bhután","2013","Al ingreso","Ingreso no percibido (Revenue Forgone)","0.12913","0.93336"
"BTN","Bhután","2014","A los bienes y servicios","Ingreso no percibido (Revenue Forgone)","2.22164","16.79277"
"BTN","Bhután","2014","Al ingreso","Ingreso no percibido (Revenue Forgone)","0.13843","1.04636"
"BTN","Bhután","2015","A los bienes y servicios","Ingreso no percibido (Revenue Forgone)","2.95358","22.91642"
"BTN","Bhután","2015","Al ingreso","Ingreso no percibido (Revenue Forgone)","0.10651","0.82640"
"BTN","Bhután","2016","A los bienes y servicios","Ingreso no percibido (Revenue Forgone)","2.49921","19.59552"
"BTN","Bhután","2016","Al ingreso","Ingreso no percibido (Revenue Forgone)","0.44699","3.50474"
"BTN","Bhután","2017","A los bienes y servicios","Ingreso no percibido (Revenue Forgone)","2.51229","20.32429"
"BTN","Bhután","2017","Al ingreso","Ingreso no percibido (Revenue Forgone)","0.05604","0.45334"
"BTN","Bhután","2018","Otros","Ingreso no percibido (Revenue Forgone)","2.07419","12.72806"
"BTN","Bhután","2019","Al ingreso","Ingreso no percibido (Revenue Forgone)","0.14129","0.92634"
"BTN","Bhután","2019","Otros","Ingreso no percibido (Revenue Forgone)","2.53478","16.61942"
"BTN","Bhután","2020","A los bienes y servicios","Ingreso no percibido (Revenue Forgone)","2.63797","31.62698"
"BTN","Bhután","2020","Al ingreso","Ingreso no percibido (Revenue Forgone)","0.03580","0.42920"
"BTN","Bhután","2021","A los bienes y servicios","Ingreso no percibido (Revenue Forgone)","1.65069","15.02639"
"BTN","Bhután","2021","Al ingreso","Ingreso no percibido (Revenue Forgone)","0.06255","0.56943"
"BTN","Bhután","2022","A los bienes y servicios","Ingreso no percibido (Revenue Forgone)","1.99594","16.27762"
"BTN","Bhután","2022","Al ingreso","Ingreso no percibido (Revenue Forgone)","0.11486","0.93668"
"BOL","Bolivia","2005","A los bienes y servicios","Ingreso no percibido (Revenue Forgone)","1.28259","7.22593"
"BOL","Bolivia","2005","Al ingreso","Ingreso no percibido (Revenue Forgone)","1.71830","9.68065"
"BOL","Bolivia","2006","A los bienes y servicios","Ingreso no percibido (Revenue Forgone)","1.46259","8.48016"
"BOL","Bolivia","2006","Al ingreso","Ingreso no percibido (Revenue Forgone)","1.34412","7.79323"
"BOL","Bolivia","2007","A los bienes y servicios","Ingreso no percibido (Revenue Forgone)","1.33318","7.48251"
"BOL","Bolivia","2007","Al ingreso","Ingreso no percibido (Revenue Forgone)","0.62713","3.51977"
"BOL","Bolivia","2008","A los bienes y servicios","Ingreso no percibido (Revenue Forgone)","1.65219","8.62713"
"BOL","Bolivia","2008","Al ingreso","Ingreso no percibido (Revenue Forgone)","0.47011","2.45476"
"BOL","Bolivia","2009","A los bienes y servicios","Ingreso no percibido (Revenue Forgone)","5.45269","28.01152"
"BOL","Bolivia","2009","Al ingreso","Ingreso no percibido (Revenue Forgone)","0.35177","1.80711"
"BOL","Bolivia","2010","A los bienes y servicios","Ingreso no percibido (Revenue Forgone)","1.47118","8.14514"
"BOL","Bolivia","2010","Al ingreso","Ingreso no percibido (Revenue Forgone)","0.24914","1.37934"
"BOL","Bolivia","2011","A los bienes y servicios","Ingreso no percibido (Revenue Forgone)","1.13564","5.79926"
"BOL","Bolivia","2011","Al ingreso","Ingreso no percibido (Revenue Forgone)","0.22264","1.13693"
"BOL","Bolivia","2012","A los bienes y servicios","Ingreso no percibido (Revenue Forgone)","1.26238","6.28969"
"BOL","Bolivia","2012","Al ingreso","Ingreso no percibido (Revenue Forgone)","0.22164","1.10428"
"BOL","Bolivia","2013","A los bienes y servicios","Ingreso no percibido (Revenue Forgone)","1.49814","7.15811"
"BOL","Bolivia","2013","Al ingreso","Ingreso no percibido (Revenue Forgone)","0.15652","0.74786"
"BOL","Bolivia","2014","A los bienes y servicios","Ingreso no percibido (Revenue Forgone)","1.89141","8.82803"
"BOL","Bolivia","2014","Al ingreso","Ingreso no percibido (Revenue Forgone)","0.17526","0.81801"
"BOL","Bolivia","2015","A los bienes y servicios","Ingreso no percibido (Revenue Forgone)","1.66438","7.52383"
"BOL","Bolivia","2015","Al ingreso","Ingreso no percibido (Revenue Forgone)","0.18243","0.82468"
"BOL","Bolivia","2016","A los bienes y servicios","Ingreso no percibido (Revenue Forgone)","1.32890","6.54884"
"BOL","Bolivia","2016","Al ingreso","Ingreso no percibido (Revenue Forgone)","0.16782","0.82704"
"BRA","Brasil","2006","A los bienes y servicios","Ingreso no percibido (Revenue Forgone)","0.55642","3.56376"
"BRA","Brasil","2006","Al ingreso","Ingreso no percibido (Revenue Forgone)","2.15683","13.81403"
"BRA","Brasil","2006","Otros","Ingreso no percibido (Revenue Forgone)","0.00096","0.00614"
"BRA","Brasil","2007","A los bienes y servicios","Ingreso no percibido (Revenue Forgone)","0.58302","3.62430"
"BRA","Brasil","2007","Al ingreso","Ingreso no percibido (Revenue Forgone)","2.67416","16.62371"
"BRA","Brasil","2007","Otros","Ingreso no percibido (Revenue Forgone)","0.00093","0.00578"
"BRA","Brasil","2008","A los bienes y servicios","Ingreso no percibido (Revenue Forgone)","0.61883","3.93735"
"BRA","Brasil","2008","Al ingreso","Ingreso no percibido (Revenue Forgone)","2.57021","16.35319"
"BRA","Brasil","2008","Otros","Ingreso no percibido (Revenue Forgone)","0.00078","0.00499"
"BRA","Brasil","2009","A los bienes y servicios","Ingreso no percibido (Revenue Forgone)","0.51890","3.63540"
"BRA","Brasil","2009","Al ingreso","Ingreso no percibido (Revenue Forgone)","2.96358","20.76292"
"BRA","Brasil","2009","Otros","Ingreso no percibido (Revenue Forgone)","0.00077","0.00538"
"BRA","Brasil","2010","A los bienes y servicios","Ingreso no percibido (Revenue Forgone)","0.55289","3.81023"
"BRA","Brasil","2010","Al ingreso","Ingreso no percibido (Revenue Forgone)","2.94272","20.27955"
"BRA","Brasil","2010","Otros","Ingreso no percibido (Revenue Forgone)","0.00069","0.00477"
"BRA","Brasil","2011","A los bienes y servicios","Ingreso no percibido (Revenue Forgone)","0.58270","3.81851"
"BRA","Brasil","2011","Al ingreso","Ingreso no percibido (Revenue Forgone)","2.89991","19.00356"
"BRA","Brasil","2011","Otros","Ingreso no percibido (Revenue Forgone)","0.00065","0.00429"
"BRA","Brasil","2012","A los bienes y servicios","Ingreso no percibido (Revenue Forgone)","0.55565","3.86695"
"BRA","Brasil","2012","Al ingreso","Ingreso no percibido (Revenue Forgone)","3.21851","22.39871"
"BRA","Brasil","2012","Otros","Ingreso no percibido (Revenue Forgone)","0.00063","0.00437"
"BRA","Brasil","2013","A los bienes y servicios","Ingreso no percibido (Revenue Forgone)","0.58441","4.06715"
"BRA","Brasil","2013","Al ingreso","Ingreso no percibido (Revenue Forgone)","3.60340","25.07747"
"BRA","Brasil","2013","Otros","Ingreso no percibido (Revenue Forgone)","0.00060","0.00419"
"BRA","Brasil","2014","A los bienes y servicios","Ingreso no percibido (Revenue Forgone)","0.61142","4.44133"
"BRA","Brasil","2014","Al ingreso","Ingreso no percibido (Revenue Forgone)","3.83903","27.88674"
"BRA","Brasil","2014","Otros","Ingreso no percibido (Revenue Forgone)","0.00059","0.00429"
"BRA","Brasil","2015","A los bienes y servicios","Ingreso no percibido (Revenue Forgone)","0.55542","4.00236"
"BRA","Brasil","2015","Al ingreso","Ingreso no percibido (Revenue Forgone)","3.94701","28.44224"
"BRA","Brasil","2015","Otros","Ingreso no percibido (Revenue Forgone)","0.00062","0.00447"
"BRA","Brasil","2016","A los bienes y servicios","Ingreso no percibido (Revenue Forgone)","0.48723","3.48276"
"BRA","Brasil","2016","Al ingreso","Ingreso no percibido (Revenue Forgone)","3.79356","27.11661"
"BRA","Brasil","2016","Otros","Ingreso no percibido (Revenue Forgone)","0.00065","0.00461"
"BRA","Brasil","2017","A los bienes y servicios","Ingreso no percibido (Revenue Forgone)","0.47504","3.41426"
"BRA","Brasil","2017","Al ingreso","Ingreso no percibido (Revenue Forgone)","3.89661","28.00611"
"BRA","Brasil","2017","Otros","Ingreso no percibido (Revenue Forgone)","0.00064","0.00457"
"BRA","Brasil","2018","A los bienes y servicios","Ingreso no percibido (Revenue Forgone)","0.56315","3.95739"
"BRA","Brasil","2018","Al ingreso","Ingreso no percibido (Revenue Forgone)","3.87956","27.26257"
"BRA","Brasil","2018","Otros","Ingreso no percibido (Revenue Forgone)","0.00062","0.00435"
"BRA","Brasil","2019","A los bienes y servicios","Ingreso no percibido (Revenue Forgone)","0.61113","4.35733"
"BRA","Brasil","2019","Al ingreso","Ingreso no percibido (Revenue Forgone)","3.77823","26.93845"
"BRA","Brasil","2019","Otros","Ingreso no percibido (Revenue Forgone)","0.00061","0.00434"
"BRA","Brasil","2020","A los bienes y servicios","Ingreso no percibido (Revenue Forgone)","0.52880","4.07102"
"BRA","Brasil","2020","Al ingreso","Ingreso no percibido (Revenue Forgone)","3.78855","29.16633"
"BRA","Brasil","2020","Otros","Ingreso no percibido (Revenue Forgone)","0.00061","0.00470"
"BRA","Brasil","2021","A los bienes y servicios","Ingreso no percibido (Revenue Forgone)","0.46289","3.20812"
"BRA","Brasil","2021","Al ingreso","Ingreso no percibido (Revenue Forgone)","4.20611","29.15114"
"BRA","Brasil","2021","Otros","Ingreso no percibido (Revenue Forgone)","0.00056","0.00387"
"BRA","Brasil","2022","A los bienes y servicios","Ingreso no percibido (Revenue Forgone)","0.47936","3.17218"
"BRA","Brasil","2022","Al ingreso","Ingreso no percibido (Revenue Forgone)","4.28005","28.32360"
"BRA","Brasil","2022","Otros","Ingreso no percibido (Revenue Forgone)","0.00055","0.00361"
"BRA","Brasil","2023","A los bienes y servicios","Ingreso no percibido (Revenue Forgone)","0.44200","0.00000"
"BRA","Brasil","2023","Al ingreso","Ingreso no percibido (Revenue Forgone)","4.29992","0.00000"
"BRA","Brasil","2023","Otros","Ingreso no percibido (Revenue Forgone)","0.00053","0.00000"
"BRA","Brasil","2024","A los bienes y servicios","Ingreso no percibido (Revenue Forgone)","0.42786","0.00000"
"BRA","Brasil","2024","Al ingreso","Ingreso no percibido (Revenue Forgone)","3.93387","0.00000"
"BRA","Brasil","2024","Otros","Ingreso no percibido (Revenue Forgone)","0.00051","0.00000"
"BGR","Bulgaria","2007","A los bienes y servicios","Ingreso no percibido (Revenue Forgone)","0.29370","1.34966"
"BGR","Bulgaria","2007","Al ingreso","Ingreso no percibido (Revenue Forgone)","0.44737","2.05585"
"BGR","Bulgaria","2008","A los bienes y servicios","Ingreso no percibido (Revenue Forgone)","0.29067","1.32278"
"BGR","Bulgaria","2008","Al ingreso","Ingreso no percibido (Revenue Forgone)","0.26158","1.19044"
"BGR","Bulgaria","2009","A los bienes y servicios","Ingreso no percibido (Revenue Forgone)","0.29354","1.57934"
"BGR","Bulgaria","2009","Al ingreso","Ingreso no percibido (Revenue Forgone)","0.23722","1.27629"
"BGR","Bulgaria","2010","A los bienes y servicios","Ingreso no percibido (Revenue Forgone)","0.18851","1.05482"
"BGR","Bulgaria","2010","Al ingreso","Ingreso no percibido (Revenue Forgone)","0.43149","2.41440"
"BGR","Bulgaria","2011","A los bienes y servicios","Ingreso no percibido (Revenue Forgone)","0.21785","1.21821"
"BGR","Bulgaria","2011","Al ingreso","Ingreso no percibido (Revenue Forgone)","0.46162","2.58139"
"BGR","Bulgaria","2012","A los bienes y servicios","Ingreso no percibido (Revenue Forgone)","0.30072","1.63565"
"BGR","Bulgaria","2012","Al ingreso","Ingreso no percibido (Revenue Forgone)","0.38026","2.06826"
"BGR","Bulgaria","2013","A los bienes y servicios","Ingreso no percibido (Revenue Forgone)","0.33719","1.71279"
"BGR","Bulgaria","2013","Al ingreso","Ingreso no percibido (Revenue Forgone)","0.36318","1.84484"
"BGR","Bulgaria","2014","A los bienes y servicios","Ingreso no percibido (Revenue Forgone)","0.25620","1.30938"
"BGR","Bulgaria","2014","Al ingreso","Ingreso no percibido (Revenue Forgone)","0.33121","1.69275"
"BGR","Bulgaria","2015","A los bienes y servicios","Ingreso no percibido (Revenue Forgone)","0.23797","1.18525"
"BGR","Bulgaria","2015","Al ingreso","Ingreso no percibido (Revenue Forgone)","0.34541","1.72036"
"BGR","Bulgaria","2016","A los bienes y servicios","Ingreso no percibido (Revenue Forgone)","0.27709","1.36275"
"BGR","Bulgaria","2016","Al ingreso","Ingreso no percibido (Revenue Forgone)","0.39621","1.94861"
"BGR","Bulgaria","2017","A los bienes y servicios","Ingreso no percibido (Revenue Forgone)","0.29024","1.41422"
"BGR","Bulgaria","2017","Al ingreso","Ingreso no percibido (Revenue Forgone)","0.32934","1.60471"
"BGR","Bulgaria","2018","A los bienes y servicios","Ingreso no percibido (Revenue Forgone)","0.27562","1.38245"
"BGR","Bulgaria","2018","Al ingreso","Ingreso no percibido (Revenue Forgone)","0.30262","1.51791"
"BGR","Bulgaria","2019","A los bienes y servicios","Ingreso no percibido (Revenue Forgone)","0.25402","1.23565"
"BGR","Bulgaria","2019","Al ingreso","Ingreso no percibido (Revenue Forgone)","0.33608","1.63485"
"BGR","Bulgaria","2020","A los bienes y servicios","Ingreso no percibido (Revenue Forgone)","0.30999","1.53624"
"BGR","Bulgaria","2020","Al ingreso","Ingreso no percibido (Revenue Forgone)","0.35116","1.74025"
"BGR","Bulgaria","2021","A los bienes y servicios","Ingreso no percibido (Revenue Forgone)","0.49344","2.39743"
"BGR","Bulgaria","2021","Al ingreso","Ingreso no percibido (Revenue Forgone)","0.57397","2.78870"
"BGR","Bulgaria","2022","A los bienes y servicios","Ingreso no percibido (Revenue Forgone)","0.58953","2.71350"
"BGR","Bulgaria","2022","Al ingreso","Ingreso no percibido (Revenue Forgone)","0.62301","2.86763"
"BGR","Bulgaria","2023","A los bienes y servicios","Ingreso no percibido (Revenue Forgone)","0.62020","3.02905"
"BGR","Bulgaria","2023","Al ingreso","Ingreso no percibido (Revenue Forgone)","0.55623","2.71662"
"BFA","Burkina Faso","2015","A los bienes y servicios","Ingreso no percibido (Revenue Forgone)","0.87741","6.82952"
"BFA","Burkina Faso","2015","Al ingreso","Ingreso no percibido (Revenue Forgone)","0.20860","1.62368"
"BFA","Burkina Faso","2015","Otros","Ingreso no percibido (Revenue Forgone)","0.00013","0.00099"
"BFA","Burkina Faso","2016","A los bienes y servicios","Ingreso no percibido (Revenue Forgone)","0.91537","6.77387"
"BFA","Burkina Faso","2016","Al ingreso","Ingreso no percibido (Revenue Forgone)","0.30150","2.23113"
"BFA","Burkina Faso","2016","Otros","Ingreso no percibido (Revenue Forgone)","0.00003","0.00025"
"BFA","Burkina Faso","2017","A los bienes y servicios","Ingreso no percibido (Revenue Forgone)","0.77040","5.34305"
"BFA","Burkina Faso","2017","Al ingreso","Ingreso no percibido (Revenue Forgone)","0.29435","2.04141"
"BFA","Burkina Faso","2017","Otros","Ingreso no percibido (Revenue Forgone)","0.00055","0.00380"
"BFA","Burkina Faso","2018","A los bienes y servicios","Ingreso no percibido (Revenue Forgone)","0.45584","3.05043"
"BFA","Burkina Faso","2018","Al ingreso","Ingreso no percibido (Revenue Forgone)","0.32383","2.16702"
"BFA","Burkina Faso","2018","Otros","Ingreso no percibido (Revenue Forgone)","0.00018","0.00118"
"BFA","Burkina Faso","2019","A los bienes y servicios","Ingreso no percibido (Revenue Forgone)","0.59560","3.88830"
"BFA","Burkina Faso","2019","Al ingreso","Ingreso no percibido (Revenue Forgone)","0.21118","1.37863"
"BFA","Burkina Faso","2019","Otros","Ingreso no percibido (Revenue Forgone)","0.00015","0.00100"
"BFA","Burkina Faso","2020","A los bienes y servicios","Ingreso no percibido (Revenue Forgone)","0.60090","4.20280"
"BFA","Burkina Faso","2020","Al ingreso","Ingreso no percibido (Revenue Forgone)","0.47458","3.31930"
"BFA","Burkina Faso","2020","Otros","Ingreso no percibido (Revenue Forgone)","0.00018","0.00125"
"BFA","Burkina Faso","2021","A los bienes y servicios","Ingreso no percibido (Revenue Forgone)","0.57954","4.23888"
"BFA","Burkina Faso","2021","Al ingreso","Ingreso no percibido (Revenue Forgone)","0.64844","4.74288"
"BFA","Burkina Faso","2021","Otros","Ingreso no percibido (Revenue Forgone)","0.00051","0.00375"
"BFA","Burkina Faso","2022","A los bienes y servicios","Ingreso no percibido (Revenue Forgone)","0.66776","4.13558"
"BFA","Burkina Faso","2022","Al ingreso","Ingreso no percibido (Revenue Forgone)","0.74852","4.63579"
"BFA","Burkina Faso","2022","Otros","Ingreso no percibido (Revenue Forgone)","0.00028","0.00175"
"BFA","Burkina Faso","2023","A los bienes y servicios","Ingreso no percibido (Revenue Forgone)","0.87126","0.00000"
"BFA","Burkina Faso","2023","Al ingreso","Ingreso no percibido (Revenue Forgone)","0.63780","0.00000"
"BFA","Burkina Faso","2023","Otros","Ingreso no percibido (Revenue Forgone)","0.00029","0.00000"
"BDI","Burundi","2009","Otros","Ingreso no percibido (Revenue Forgone)","1.11605","8.73323"
"BDI","Burundi","2010","Otros","Ingreso no percibido (Revenue Forgone)","1.36715","10.00342"
"BDI","Burundi","2011","Otros","Ingreso no percibido (Revenue Forgone)","3.24222","23.51616"
"BDI","Burundi","2012","Otros","Ingreso no percibido (Revenue Forgone)","3.85232","26.36474"
"BDI","Burundi","2013","Otros","Ingreso no percibido (Revenue Forgone)","3.57544","26.09870"
"BDI","Burundi","2014","Otros","Ingreso no percibido (Revenue Forgone)","3.93799","28.81707"
"BDI","Burundi","2015","A los bienes y servicios","Ingreso no percibido (Revenue Forgone)","0.60926","inf"
"BDI","Burundi","2015","Otros","Ingreso no percibido (Revenue Forgone)","1.91572","inf"
"BDI","Burundi","2016","A los bienes y servicios","Ingreso no percibido (Revenue Forgone)","0.47282","inf"
"BDI","Burundi","2016","Otros","Ingreso no percibido (Revenue Forgone)","1.36319","inf"
"BDI","Burundi","2017","A los bienes y servicios","Ingreso no percibido (Revenue Forgone)","0.51652","inf"
"BDI","Burundi","2017","Otros","Ingreso no percibido (Revenue Forgone)","1.95191","inf"
"BDI","Burundi","2019","A los bienes y servicios","Ingreso no percibido (Revenue Forgone)","0.00473","0.02850"
"BDI","Burundi","2019","Otros","Ingreso no percibido (Revenue Forgone)","2.82944","17.05206"
"BDI","Burundi","2020","A los bienes y servicios","Ingreso no percibido (Revenue Forgone)","0.00494","0.02806"
"BDI","Burundi","2020","Otros","Ingreso no percibido (Revenue Forgone)","2.24628","12.75306"
"BDI","Burundi","2021","A los bienes y servicios","Ingreso no percibido (Revenue Forgone)","0.00775","0.04378"
"BDI","Burundi","2021","Otros","Ingreso no percibido (Revenue Forgone)","3.37619","19.07547"
"BDI","Burundi","2022","A los bienes y servicios","Ingreso no percibido (Revenue Forgone)","0.00860","0.05334"
"BDI","Burundi","2022","Otros","Ingreso no percibido (Revenue Forgone)","2.38072","14.76171"
"BDI","Burundi","2023","A los bienes y servicios","Ingreso no percibido (Revenue Forgone)","0.00930","0.00000"
"BDI","Burundi","2023","Otros","Ingreso no percibido (Revenue Forgone)","2.69045","0.00000"
"BDI","Burundi","2024","A los bienes y servicios","Ingreso no percibido (Revenue Forgone)","0.00649","0.00000"
"BDI","Burundi","2024","Otros","Ingreso no percibido (Revenue Forgone)","1.59020","0.00000"
"BEL","Bélgica","2001","A los bienes y servicios","Ingreso no percibido (Revenue Forgone)","0.37892","1.39080"
"BEL","Bélgica","2001","Al ingreso","Ingreso no percibido (Revenue Forgone)","2.76376","10.14429"
"BEL","Bélgica","2002","A los bienes y servicios","Ingreso no percibido (Revenue Forgone)","0.02465","0.09442"
"BEL","Bélgica","2002","Al ingreso","Ingreso no percibido (Revenue Forgone)","2.65176","10.15694"
"BEL","Bélgica","2003","Al ingreso","Ingreso no percibido (Revenue Forgone)","2.47425","9.68385"
"BEL","Bélgica","2004","A los bienes y servicios","Ingreso no percibido (Revenue Forgone)","2.77873","10.74202"
"BEL","Bélgica","2004","Al ingreso","Ingreso no percibido (Revenue Forgone)","2.46250","9.51955"
"BEL","Bélgica","2005","A los bienes y servicios","Ingreso no percibido (Revenue Forgone)","2.77168","10.72826"
"BEL","Bélgica","2005","Al ingreso","Ingreso no percibido (Revenue Forgone)","2.78173","10.76719"
"BEL","Bélgica","2006","A los bienes y servicios","Ingreso no percibido (Revenue Forgone)","2.68884","10.47517"
"BEL","Bélgica","2006","Al ingreso","Ingreso no percibido (Revenue Forgone)","3.27806","12.77066"
"BEL","Bélgica","2007","A los bienes y servicios","Ingreso no percibido (Revenue Forgone)","2.57165","10.18943"
"BEL","Bélgica","2007","Al ingreso","Ingreso no percibido (Revenue Forgone)","3.65547","14.48376"
"BEL","Bélgica","2008","A los bienes y servicios","Ingreso no percibido (Revenue Forgone)","2.64873","10.32250"
"BEL","Bélgica","2008","Al ingreso","Ingreso no percibido (Revenue Forgone)","4.11746","16.04639"
"BEL","Bélgica","2009","A los bienes y servicios","Ingreso no percibido (Revenue Forgone)","2.86093","11.87520"
"BEL","Bélgica","2009","Al ingreso","Ingreso no percibido (Revenue Forgone)","4.53873","18.83939"
"BEL","Bélgica","2010","A los bienes y servicios","Ingreso no percibido (Revenue Forgone)","3.10615","12.55320"
"BEL","Bélgica","2010","Al ingreso","Ingreso no percibido (Revenue Forgone)","4.89901","19.79887"
"BEL","Bélgica","2011","A los bienes y servicios","Ingreso no percibido (Revenue Forgone)","2.92647","11.74755"
"BEL","Bélgica","2011","Al ingreso","Ingreso no percibido (Revenue Forgone)","4.88661","19.61598"
"BEL","Bélgica","2012","A los bienes y servicios","Ingreso no percibido (Revenue Forgone)","2.77220","10.76209"
"BEL","Bélgica","2012","Al ingreso","Ingreso no percibido (Revenue Forgone)","3.72392","14.45676"
"BEL","Bélgica","2013","A los bienes y servicios","Ingreso no percibido (Revenue Forgone)","2.81706","10.76357"
"BEL","Bélgica","2013","Al ingreso","Ingreso no percibido (Revenue Forgone)","3.42429","13.08369"
"BEL","Bélgica","2014","A los bienes y servicios","Ingreso no percibido (Revenue Forgone)","2.77992","10.62051"
"BEL","Bélgica","2014","Al ingreso","Ingreso no percibido (Revenue Forgone)","2.92446","11.17274"
"BEL","Bélgica","2015","A los bienes y servicios","Ingreso no percibido (Revenue Forgone)","2.82420","11.74433"
"BEL","Bélgica","2015","Al ingreso","Ingreso no percibido (Revenue Forgone)","2.87486","11.95497"
"BEL","Bélgica","2016","A los bienes y servicios","Ingreso no percibido (Revenue Forgone)","2.84189","12.90589"
"BEL","Bélgica","2016","Al ingreso","Ingreso no percibido (Revenue Forgone)","2.81893","12.80162"
"BEL","Bélgica","2017","A los bienes y servicios","Ingreso no percibido (Revenue Forgone)","2.83245","12.53549"
"BEL","Bélgica","2017","Al ingreso","Ingreso no percibido (Revenue Forgone)","2.72754","12.07121"
"BEL","Bélgica","2018","A los bienes y servicios","Ingreso no percibido (Revenue Forgone)","2.82988","12.26622"
"BEL","Bélgica","2018","Al ingreso","Ingreso no percibido (Revenue Forgone)","2.89876","12.56478"
"BEL","Bélgica","2019","A los bienes y servicios","Ingreso no percibido (Revenue Forgone)","2.85410","13.24800"
"BEL","Bélgica","2019","Al ingreso","Ingreso no percibido (Revenue Forgone)","2.94900","13.68853"
"BEL","Bélgica","2020","A los bienes y servicios","Ingreso no percibido (Revenue Forgone)","2.98872","14.41325"
"BEL","Bélgica","2020","Al ingreso","Ingreso no percibido (Revenue Forgone)","3.06344","14.77354"
"BEL","Bélgica","2021","A los bienes y servicios","Ingreso no percibido (Revenue Forgone)","2.91391","13.17756"
"BEL","Bélgica","2021","Al ingreso","Ingreso no percibido (Revenue Forgone)","2.93101","13.25493"
"BEL","Bélgica","2022","A los bienes y servicios","Ingreso no percibido (Revenue Forgone)","3.04197","13.91150"
"BEL","Bélgica","2022","Al ingreso","Ingreso no percibido (Revenue Forgone)","2.90080","13.26586"
"CPV","Cabo Verde","2004","A los bienes y servicios","Ingreso no percibido (Revenue Forgone)","2.28861","15.54436"
"CPV","Cabo Verde","2004","Al ingreso","Ingreso no percibido (Revenue Forgone)","0.20261","1.37611"
"CPV","Cabo Verde","2005","A los bienes y servicios","Ingreso no percibido (Revenue Forgone)","2.06143","13.93638"
"CPV","Cabo Verde","2005","Al ingreso","Ingreso no percibido (Revenue Forgone)","0.13300","0.89914"
"CPV","Cabo Verde","2006","A los bienes y servicios","Ingreso no percibido (Revenue Forgone)","1.92177","11.05682"
"CPV","Cabo Verde","2006","Al ingreso","Ingreso no percibido (Revenue Forgone)","0.26463","1.52256"
"CPV","Cabo Verde","2007","A los bienes y servicios","Ingreso no percibido (Revenue Forgone)","2.53835","13.34482"
"CPV","Cabo Verde","2007","Al ingreso","Ingreso no percibido (Revenue Forgone)","0.58150","3.05710"
"CPV","Cabo Verde","2008","A los bienes y servicios","Ingreso no percibido (Revenue Forgone)","1.68949","8.74312"
"CPV","Cabo Verde","2008","Al ingreso","Ingreso no percibido (Revenue Forgone)","0.33421","1.72955"
"CPV","Cabo Verde","2009","A los bienes y servicios","Ingreso no percibido (Revenue Forgone)","1.58204","9.39604"
"CPV","Cabo Verde","2009","Al ingreso","Ingreso no percibido (Revenue Forgone)","0.45780","2.71898"
"CPV","Cabo Verde","2010","A los bienes y servicios","Ingreso no percibido (Revenue Forgone)","2.69151","16.03324"
"CPV","Cabo Verde","2010","Al ingreso","Ingreso no percibido (Revenue Forgone)","0.47880","2.85220"
"CPV","Cabo Verde","2011","A los bienes y servicios","Ingreso no percibido (Revenue Forgone)","2.77595","15.58416"
"CPV","Cabo Verde","2011","Al ingreso","Ingreso no percibido (Revenue Forgone)","0.38942","2.18622"
"CPV","Cabo Verde","2012","A los bienes y servicios","Ingreso no percibido (Revenue Forgone)","2.64263","16.42409"
"CPV","Cabo Verde","2012","Al ingreso","Ingreso no percibido (Revenue Forgone)","0.47483","2.95112"
"CPV","Cabo Verde","2013","A los bienes y servicios","Ingreso no percibido (Revenue Forgone)","1.57897","9.76324"
"CPV","Cabo Verde","2013","Al ingreso","Ingreso no percibido (Revenue Forgone)","0.34958","2.16154"
"CPV","Cabo Verde","2014","A los bienes y servicios","Ingreso no percibido (Revenue Forgone)","2.54850","16.59858"
"CPV","Cabo Verde","2014","Al ingreso","Ingreso no percibido (Revenue Forgone)","0.13447","0.87583"
"CPV","Cabo Verde","2015","A los bienes y servicios","Ingreso no percibido (Revenue Forgone)","1.92455","11.29920"
"CPV","Cabo Verde","2015","Al ingreso","Ingreso no percibido (Revenue Forgone)","0.24930","1.46368"
"CPV","Cabo Verde","2016","A los bienes y servicios","Ingreso no percibido (Revenue Forgone)","2.67025","15.88368"
"CPV","Cabo Verde","2016","Al ingreso","Ingreso no percibido (Revenue Forgone)","1.45736","8.66893"
"CPV","Cabo Verde","2017","A los bienes y servicios","Ingreso no percibido (Revenue Forgone)","2.86238","16.03743"
"CPV","Cabo Verde","2017","Al ingreso","Ingreso no percibido (Revenue Forgone)","1.20317","6.74117"
"CPV","Cabo Verde","2018","A los bienes y servicios","Ingreso no percibido (Revenue Forgone)","5.00874","26.37258"
"CPV","Cabo Verde","2018","Al ingreso","Ingreso no percibido (Revenue Forgone)","0.56630","2.98175"
"CPV","Cabo Verde","2019","A los bienes y servicios","Ingreso no percibido (Revenue Forgone)","4.98126","27.52903"
"CPV","Cabo Verde","2019","Al ingreso","Ingreso no percibido (Revenue Forgone)","0.58404","3.22771"
"CPV","Cabo Verde","2020","A los bienes y servicios","Ingreso no percibido (Revenue Forgone)","6.59624","36.29017"
"CPV","Cabo Verde","2020","Al ingreso","Ingreso no percibido (Revenue Forgone)","0.31716","1.74491"
"CPV","Cabo Verde","2021","A los bienes y servicios","Ingreso no percibido (Revenue Forgone)","6.38891","36.43194"
"CPV","Cabo Verde","2021","Al ingreso","Ingreso no percibido (Revenue Forgone)","0.07276","0.41488"
"CPV","Cabo Verde","2022","A los bienes y servicios","Ingreso no percibido (Revenue Forgone)","3.48673","19.08010"
"CPV","Cabo Verde","2022","Al ingreso","Ingreso no percibido (Revenue Forgone)","0.48432","2.65027"
"CPV","Cabo Verde","2023","A los bienes y servicios","Ingreso no percibido (Revenue Forgone)","3.48938","18.52251"
"CPV","Cabo Verde","2023","Al ingreso","Ingreso no percibido (Revenue Forgone)","0.50407","2.67571"
"CPV","Cabo Verde","2024","A los bienes y servicios","Ingreso no percibido (Revenue Forgone)","3.42688","0.00000"
"CPV","Cabo Verde","2024","Al ingreso","Ingreso no percibido (Revenue Forgone)","0.46434","0.00000"
"CPV","Cabo Verde","2024","Otros","Ingreso no percibido (Revenue Forgone)","0.27091","0.00000"
"CPV","Cabo Verde","2025","A los bienes y servicios","Ingreso no percibido (Revenue Forgone)","3.06801","0.00000"
"CPV","Cabo Verde","2025","Al ingreso","Ingreso no percibido (Revenue Forgone)","0.37444","0.00000"
"CPV","Cabo Verde","2025","Otros","Ingreso no percibido (Revenue Forgone)","0.25296","0.00000"
"CMR","Camerún","2015","A los bienes y servicios","Ingreso no percibido (Revenue Forgone)","0.00000","0.00000"
"CMR","Camerún","2015","Al ingreso","Ingreso no percibido (Revenue Forgone)","0.00000","0.00000"
"CMR","Camerún","2016","A los bienes y servicios","Ingreso no percibido (Revenue Forgone)","0.00000","0.00000"
"CMR","Camerún","2016","Al ingreso","Ingreso no percibido (Revenue Forgone)","0.00000","0.00000"
"CMR","Camerún","2017","A los bienes y servicios","Ingreso no percibido (Revenue Forgone)","2.23130","16.90189"
"CMR","Camerún","2017","Al ingreso","Ingreso no percibido (Revenue Forgone)","0.65789","4.98347"
"CMR","Camerún","2018","A los bienes y servicios","Ingreso no percibido (Revenue Forgone)","2.34830","17.56745"
"CMR","Camerún","2018","Al ingreso","Ingreso no percibido (Revenue Forgone)","0.10719","0.80189"
"CMR","Camerún","2019","A los bienes y servicios","Ingreso no percibido (Revenue Forgone)","2.43593","18.67543"
"CMR","Camerún","2019","Al ingreso","Ingreso no percibido (Revenue Forgone)","0.07916","0.60690"
"CMR","Camerún","2020","A los bienes y servicios","Ingreso no percibido (Revenue Forgone)","1.83127","0.00000"
"CMR","Camerún","2020","Al ingreso","Ingreso no percibido (Revenue Forgone)","0.09495","0.00000"
"CMR","Camerún","2021","A los bienes y servicios","Ingreso no percibido (Revenue Forgone)","1.61495","0.00000"
"CMR","Camerún","2021","Al ingreso","Ingreso no percibido (Revenue Forgone)","0.14663","0.00000"
"CMR","Camerún","2022","A los bienes y servicios","Ingreso no percibido (Revenue Forgone)","1.58738","0.00000"
"CMR","Camerún","2022","Al ingreso","Ingreso no percibido (Revenue Forgone)","0.18654","0.00000"
"CMR","Camerún","2023","A los bienes y servicios","Ingreso no percibido (Revenue Forgone)","1.35836","0.00000"
"CMR","Camerún","2023","Al ingreso","Ingreso no percibido (Revenue Forgone)","0.14520","0.00000"
"CAN","Canadá","1990","A los bienes y servicios","Ingreso no percibido (Revenue Forgone)","0.00000","0.00000"
"CAN","Canadá","1990","Al ingreso","Ingreso no percibido (Revenue Forgone)","5.64600","38.61130"
"CAN","Canadá","1991","A los bienes y servicios","Ingreso no percibido (Revenue Forgone)","1.33020","9.08364"
"CAN","Canadá","1991","Al ingreso","Ingreso no percibido (Revenue Forgone)","6.27539","42.85320"
"CAN","Canadá","1992","A los bienes y servicios","Ingreso no percibido (Revenue Forgone)","1.35990","9.62905"
"CAN","Canadá","1992","Al ingreso","Ingreso no percibido (Revenue Forgone)","5.63919","39.92953"
"CAN","Canadá","1993","A los bienes y servicios","Ingreso no percibido (Revenue Forgone)","1.37476","10.26950"
"CAN","Canadá","1993","Al ingreso","Ingreso no percibido (Revenue Forgone)","5.65889","42.27195"
"CAN","Canadá","1994","A los bienes y servicios","Ingreso no percibido (Revenue Forgone)","1.33906","9.87877"
"CAN","Canadá","1994","Al ingreso","Ingreso no percibido (Revenue Forgone)","6.54733","48.30211"
"CAN","Canadá","1995","A los bienes y servicios","Ingreso no percibido (Revenue Forgone)","1.25418","9.19778"
"CAN","Canadá","1995","Al ingreso","Ingreso no percibido (Revenue Forgone)","5.12084","37.55482"
"CAN","Canadá","1996","A los bienes y servicios","Ingreso no percibido (Revenue Forgone)","1.18511","8.40770"
"CAN","Canadá","1996","Al ingreso","Ingreso no percibido (Revenue Forgone)","5.63074","39.94690"
"CAN","Canadá","1997","A los bienes y servicios","Ingreso no percibido (Revenue Forgone)","1.14783","7.65348"
"CAN","Canadá","1997","Al ingreso","Ingreso no percibido (Revenue Forgone)","5.77125","38.48135"
"CAN","Canadá","1998","A los bienes y servicios","Ingreso no percibido (Revenue Forgone)","1.16847","7.93113"
"CAN","Canadá","1998","Al ingreso","Ingreso no percibido (Revenue Forgone)","5.97184","40.53466"
"CAN","Canadá","1999","A los bienes y servicios","Ingreso no percibido (Revenue Forgone)","1.15871","6.81605"
"CAN","Canadá","1999","Al ingreso","Ingreso no percibido (Revenue Forgone)","6.74186","39.65847"
"CAN","Canadá","2000","A los bienes y servicios","Ingreso no percibido (Revenue Forgone)","1.12651","6.75583"
"CAN","Canadá","2000","Al ingreso","Ingreso no percibido (Revenue Forgone)","5.41584","32.47948"
"CAN","Canadá","2001","A los bienes y servicios","Ingreso no percibido (Revenue Forgone)","1.13189","7.18211"
"CAN","Canadá","2001","Al ingreso","Ingreso no percibido (Revenue Forgone)","3.81454","24.20408"
"CAN","Canadá","2002","A los bienes y servicios","Ingreso no percibido (Revenue Forgone)","1.39902","9.39452"
"CAN","Canadá","2002","Al ingreso","Ingreso no percibido (Revenue Forgone)","3.70690","24.89211"
"CAN","Canadá","2003","A los bienes y servicios","Ingreso no percibido (Revenue Forgone)","1.41064","9.65719"
"CAN","Canadá","2003","Al ingreso","Ingreso no percibido (Revenue Forgone)","4.55152","31.15945"
"CAN","Canadá","2004","A los bienes y servicios","Ingreso no percibido (Revenue Forgone)","1.42918","9.78784"
"CAN","Canadá","2004","Al ingreso","Ingreso no percibido (Revenue Forgone)","5.21872","35.74074"
"CAN","Canadá","2005","A los bienes y servicios","Ingreso no percibido (Revenue Forgone)","1.48531","10.22519"
"CAN","Canadá","2005","Al ingreso","Ingreso no percibido (Revenue Forgone)","5.09036","35.04314"
"CAN","Canadá","2006","A los bienes y servicios","Ingreso no percibido (Revenue Forgone)","1.36843","9.46538"
"CAN","Canadá","2006","Al ingreso","Ingreso no percibido (Revenue Forgone)","5.58551","38.63473"
"CAN","Canadá","2007","A los bienes y servicios","Ingreso no percibido (Revenue Forgone)","1.27784","8.90520"
"CAN","Canadá","2007","Al ingreso","Ingreso no percibido (Revenue Forgone)","5.87864","40.96788"
"CAN","Canadá","2008","A los bienes y servicios","Ingreso no percibido (Revenue Forgone)","1.18887","8.93943"
"CAN","Canadá","2008","Al ingreso","Ingreso no percibido (Revenue Forgone)","4.86795","36.60356"
"CAN","Canadá","2009","A los bienes y servicios","Ingreso no percibido (Revenue Forgone)","1.28649","9.59973"
"CAN","Canadá","2009","Al ingreso","Ingreso no percibido (Revenue Forgone)","5.15390","38.45828"
"CAN","Canadá","2010","A los bienes y servicios","Ingreso no percibido (Revenue Forgone)","1.02878","8.05525"
"CAN","Canadá","2010","Al ingreso","Ingreso no percibido (Revenue Forgone)","4.41494","34.56849"
"CAN","Canadá","2011","A los bienes y servicios","Ingreso no percibido (Revenue Forgone)","1.00363","7.84120"
"CAN","Canadá","2011","Al ingreso","Ingreso no percibido (Revenue Forgone)","4.25949","33.27877"
"CAN","Canadá","2012","A los bienes y servicios","Ingreso no percibido (Revenue Forgone)","0.99086","7.79571"
"CAN","Canadá","2012","Al ingreso","Ingreso no percibido (Revenue Forgone)","4.45227","35.02882"
"CAN","Canadá","2013","A los bienes y servicios","Ingreso no percibido (Revenue Forgone)","0.98857","7.75808"
"CAN","Canadá","2013","Al ingreso","Ingreso no percibido (Revenue Forgone)","4.55603","35.75483"
"CAN","Canadá","2014","A los bienes y servicios","Ingreso no percibido (Revenue Forgone)","0.97599","7.56310"
"CAN","Canadá","2014","Al ingreso","Ingreso no percibido (Revenue Forgone)","4.97690","38.56674"
"CAN","Canadá","2015","A los bienes y servicios","Ingreso no percibido (Revenue Forgone)","1.01937","7.53927"
"CAN","Canadá","2015","Al ingreso","Ingreso no percibido (Revenue Forgone)","4.96664","36.73325"
"CAN","Canadá","2016","A los bienes y servicios","Ingreso no percibido (Revenue Forgone)","1.03429","7.59287"
"CAN","Canadá","2016","Al ingreso","Ingreso no percibido (Revenue Forgone)","5.19616","38.14559"
"CAN","Canadá","2017","A los bienes y servicios","Ingreso no percibido (Revenue Forgone)","1.01395","7.49599"
"CAN","Canadá","2017","Al ingreso","Ingreso no percibido (Revenue Forgone)","5.49060","40.59126"
"CAN","Canadá","2018","A los bienes y servicios","Ingreso no percibido (Revenue Forgone)","1.01267","7.26165"
"CAN","Canadá","2018","Al ingreso","Ingreso no percibido (Revenue Forgone)","5.07234","36.37272"
"CAN","Canadá","2019","A los bienes y servicios","Ingreso no percibido (Revenue Forgone)","1.02720","7.29768"
"CAN","Canadá","2019","Al ingreso","Ingreso no percibido (Revenue Forgone)","5.63585","40.03944"
"CAN","Canadá","2020","A los bienes y servicios","Ingreso no percibido (Revenue Forgone)","1.32897","9.44716"
"CAN","Canadá","2020","Al ingreso","Ingreso no percibido (Revenue Forgone)","5.63882","40.08433"
"CAN","Canadá","2021","A los bienes y servicios","Ingreso no percibido (Revenue Forgone)","0.99099","7.25702"
"CAN","Canadá","2021","Al ingreso","Ingreso no percibido (Revenue Forgone)","6.89890","50.52075"
"CAN","Canadá","2022","A los bienes y servicios","Ingreso no percibido (Revenue Forgone)","1.03091","0.00000"
"CAN","Canadá","2022","Al ingreso","Ingreso no percibido (Revenue Forgone)","5.05903","0.00000"
"CAN","Canadá","2023","A los bienes y servicios","Ingreso no percibido (Revenue Forgone)","0.00000","0.00000"
"CAN","Canadá","2023","Al ingreso","Ingreso no percibido (Revenue Forgone)","0.00000","0.00000"
"CAN","Canadá","2024","A los bienes y servicios","Ingreso no percibido (Revenue Forgone)","0.00000","0.00000"
"CAN","Canadá","2024","Al ingreso","Ingreso no percibido (Revenue Forgone)","0.00000","0.00000"
"CAN","Canadá","2025","A los bienes y servicios","Ingreso no percibido (Revenue Forgone)","0.00000","0.00000"
"CAN","Canadá","2025","Al ingreso","Ingreso no percibido (Revenue Forgone)","0.00000","0.00000"
"TCD","Chad","2020","A los bienes y servicios","Ingreso no percibido (Revenue Forgone)","0.32854","4.49397"
"TCD","Chad","2020","Al ingreso","Ingreso no percibido (Revenue Forgone)","0.11472","1.56915"
"TCD","Chad","2020","Otros","Ingreso no percibido (Revenue Forgone)","0.14427","1.97340"
"TCD","Chad","2021","A los bienes y servicios","Ingreso no percibido (Revenue Forgone)","0.35699","4.84386"
"TCD","Chad","2021","Al ingreso","Ingreso no percibido (Revenue Forgone)","0.08755","1.18788"
"TCD","Chad","2021","Otros","Ingreso no percibido (Revenue Forgone)","0.12065","1.63706"
"TCD","Chad","2022","A los bienes y servicios","Ingreso no percibido (Revenue Forgone)","0.07864","1.08635"
"TCD","Chad","2022","Al ingreso","Ingreso no percibido (Revenue Forgone)","0.02408","0.33260"
"TCD","Chad","2022","Otros","Ingreso no percibido (Revenue Forgone)","0.00044","0.00607"
"CZE","Chequia","2011","A los bienes y servicios","Ingreso no percibido (Revenue Forgone)","3.33016","18.70306"
"CZE","Chequia","2011","Al ingreso","Ingreso no percibido (Revenue Forgone)","7.59372","42.64832"
"CZE","Chequia","2012","A los bienes y servicios","Ingreso no percibido (Revenue Forgone)","2.56467","14.13648"
"CZE","Chequia","2012","Al ingreso","Ingreso no percibido (Revenue Forgone)","7.95906","43.87042"
"CZE","Chequia","2013","A los bienes y servicios","Ingreso no percibido (Revenue Forgone)","3.64976","19.75304"
"CZE","Chequia","2013","Al ingreso","Ingreso no percibido (Revenue Forgone)","6.42160","34.75460"
"CZE","Chequia","2014","A los bienes y servicios","Ingreso no percibido (Revenue Forgone)","3.73678","21.04292"
"CZE","Chequia","2014","Al ingreso","Ingreso no percibido (Revenue Forgone)","6.37144","35.87944"
"CZE","Chequia","2015","A los bienes y servicios","Ingreso no percibido (Revenue Forgone)","3.63575","19.97150"
"CZE","Chequia","2015","Al ingreso","Ingreso no percibido (Revenue Forgone)","6.64982","36.52810"
"CZE","Chequia","2016","A los bienes y servicios","Ingreso no percibido (Revenue Forgone)","3.47991","18.59453"
"CZE","Chequia","2016","Al ingreso","Ingreso no percibido (Revenue Forgone)","6.60958","35.31761"
"CZE","Chequia","2017","A los bienes y servicios","Ingreso no percibido (Revenue Forgone)","3.46314","18.38188"
"CZE","Chequia","2017","Al ingreso","Ingreso no percibido (Revenue Forgone)","6.44074","34.18655"
"CZE","Chequia","2018","A los bienes y servicios","Ingreso no percibido (Revenue Forgone)","5.80359","30.69349"
"CZE","Chequia","2018","Al ingreso","Ingreso no percibido (Revenue Forgone)","3.69084","19.51980"
"CZE","Chequia","2019","A los bienes y servicios","Ingreso no percibido (Revenue Forgone)","3.45623","18.55932"
"CZE","Chequia","2019","Al ingreso","Ingreso no percibido (Revenue Forgone)","6.77894","36.40164"
"CZE","Chequia","2020","A los bienes y servicios","Ingreso no percibido (Revenue Forgone)","3.58551","19.81512"
"CZE","Chequia","2020","Al ingreso","Ingreso no percibido (Revenue Forgone)","7.10011","39.23834"
"CZE","Chequia","2021","A los bienes y servicios","Ingreso no percibido (Revenue Forgone)","3.49411","20.27155"
"CZE","Chequia","2021","Al ingreso","Ingreso no percibido (Revenue Forgone)","7.26565","42.15268"
"CZE","Chequia","2022","A los bienes y servicios","Ingreso no percibido (Revenue Forgone)","3.94901","22.65645"
"CZE","Chequia","2022","Al ingreso","Ingreso no percibido (Revenue Forgone)","7.73206","44.36075"
"CHL","Chile","2002","A los bienes y servicios","Ingreso no percibido (Revenue Forgone)","0.86160","4.97459"
"CHL","Chile","2002","Al ingreso","Ingreso no percibido (Revenue Forgone)","3.16602","18.27955"
"CHL","Chile","2003","A los bienes y servicios","Ingreso no percibido (Revenue Forgone)","0.80098","4.79006"
"CHL","Chile","2003","Al ingreso","Ingreso no percibido (Revenue Forgone)","2.87215","17.17628"
"CHL","Chile","2004","A los bienes y servicios","Ingreso no percibido (Revenue Forgone)","0.59324","3.60455"
"CHL","Chile","2004","Al ingreso","Ingreso no percibido (Revenue Forgone)","3.10956","18.89367"
"CHL","Chile","2005","A los bienes y servicios","Ingreso no percibido (Revenue Forgone)","0.80042","4.52303"
"CHL","Chile","2005","Al ingreso","Ingreso no percibido (Revenue Forgone)","3.33251","18.83132"
"CHL","Chile","2006","A los bienes y servicios","Ingreso no percibido (Revenue Forgone)","0.73348","4.19280"
"CHL","Chile","2006","Al ingreso","Ingreso no percibido (Revenue Forgone)","3.10362","17.74136"
"CHL","Chile","2007","A los bienes y servicios","Ingreso no percibido (Revenue Forgone)","0.70674","3.68013"
"CHL","Chile","2007","Al ingreso","Ingreso no percibido (Revenue Forgone)","3.92556","20.44114"
"CHL","Chile","2008","A los bienes y servicios","Ingreso no percibido (Revenue Forgone)","0.83971","4.43752"
"CHL","Chile","2008","Al ingreso","Ingreso no percibido (Revenue Forgone)","4.16123","21.99029"
"CHL","Chile","2009","A los bienes y servicios","Ingreso no percibido (Revenue Forgone)","0.82217","5.37034"
"CHL","Chile","2009","Al ingreso","Ingreso no percibido (Revenue Forgone)","4.00976","26.19133"
"CHL","Chile","2010","A los bienes y servicios","Ingreso no percibido (Revenue Forgone)","0.62037","3.60339"
"CHL","Chile","2010","Al ingreso","Ingreso no percibido (Revenue Forgone)","4.08269","23.71426"
"CHL","Chile","2011","A los bienes y servicios","Ingreso no percibido (Revenue Forgone)","0.78683","4.20716"
"CHL","Chile","2011","Al ingreso","Ingreso no percibido (Revenue Forgone)","4.25257","22.73823"
"CHL","Chile","2012","A los bienes y servicios","Ingreso no percibido (Revenue Forgone)","0.87891","4.68295"
"CHL","Chile","2012","Al ingreso","Ingreso no percibido (Revenue Forgone)","3.57105","19.02699"
"CHL","Chile","2013","A los bienes y servicios","Ingreso no percibido (Revenue Forgone)","0.84137","4.65216"
"CHL","Chile","2013","Al ingreso","Ingreso no percibido (Revenue Forgone)","3.61671","19.99772"
"CHL","Chile","2014","A los bienes y servicios","Ingreso no percibido (Revenue Forgone)","0.88009","4.90103"
"CHL","Chile","2014","Al ingreso","Ingreso no percibido (Revenue Forgone)","3.41855","19.03715"
"CHL","Chile","2015","A los bienes y servicios","Ingreso no percibido (Revenue Forgone)","0.89106","4.72324"
"CHL","Chile","2015","Al ingreso","Ingreso no percibido (Revenue Forgone)","3.54153","18.77253"
"CHL","Chile","2016","A los bienes y servicios","Ingreso no percibido (Revenue Forgone)","0.79527","4.20433"
"CHL","Chile","2016","Al ingreso","Ingreso no percibido (Revenue Forgone)","2.65786","14.05114"
"CHL","Chile","2017","A los bienes y servicios","Ingreso no percibido (Revenue Forgone)","0.79685","4.20033"
"CHL","Chile","2017","Al ingreso","Ingreso no percibido (Revenue Forgone)","2.26064","11.91621"
"CHL","Chile","2018","A los bienes y servicios","Ingreso no percibido (Revenue Forgone)","0.78674","3.96016"
"CHL","Chile","2018","Al ingreso","Ingreso no percibido (Revenue Forgone)","2.46597","12.41282"
"CHL","Chile","2019","A los bienes y servicios","Ingreso no percibido (Revenue Forgone)","1.14632","5.90543"
"CHL","Chile","2019","Al ingreso","Ingreso no percibido (Revenue Forgone)","1.23135","6.34347"
"CHL","Chile","2020","A los bienes y servicios","Ingreso no percibido (Revenue Forgone)","1.26356","7.12310"
"CHL","Chile","2020","Al ingreso","Ingreso no percibido (Revenue Forgone)","1.24142","6.99827"
"CHL","Chile","2021","A los bienes y servicios","Ingreso no percibido (Revenue Forgone)","1.33213","6.38851"
"CHL","Chile","2021","Al ingreso","Ingreso no percibido (Revenue Forgone)","1.77978","8.53529"
"CHL","Chile","2021","Otros","Ingreso no percibido (Revenue Forgone)","0.00000","0.00000"
"CHL","Chile","2022","A los bienes y servicios","Ingreso no percibido (Revenue Forgone)","1.19620","5.36080"
"CHL","Chile","2022","Al ingreso","Ingreso no percibido (Revenue Forgone)","1.57454","7.05636"
"CHL","Chile","2022","Otros","Ingreso no percibido (Revenue Forgone)","0.00000","0.00000"
"CHL","Chile","2023","A los bienes y servicios","Ingreso no percibido (Revenue Forgone)","0.93504","4.86898"
"CHL","Chile","2023","Al ingreso","Ingreso no percibido (Revenue Forgone)","1.47597","7.68574"
"CHL","Chile","2023","Otros","Ingreso no percibido (Revenue Forgone)","0.00000","0.00000"
"CHL","Chile","2024","A los bienes y servicios","Ingreso no percibido (Revenue Forgone)","0.87860","0.00000"
"CHL","Chile","2024","Al ingreso","Ingreso no percibido (Revenue Forgone)","1.15236","0.00000"
"CHL","Chile","2024","Otros","Ingreso no percibido (Revenue Forgone)","0.00000","0.00000"
"CHL","Chile","2025","A los bienes y servicios","Ingreso no percibido (Revenue Forgone)","0.86586","0.00000"
"CHL","Chile","2025","Al ingreso","Ingreso no percibido (Revenue Forgone)","1.16877","0.00000"
"CHL","Chile","2025","Otros","Ingreso no percibido (Revenue Forgone)","0.00000","0.00000"
"CYP","Chipre","2017","Al ingreso","Ingreso no percibido (Revenue Forgone)","0.85024","3.56936"
"CYP","Chipre","2018","A los bienes y servicios","Ingreso no percibido (Revenue Forgone)","0.72909","3.05913"
"CYP","Chipre","2018","Al ingreso","Ingreso no percibido (Revenue Forgone)","1.13353","4.75609"
"CYP","Chipre","2019","A los bienes y servicios","Ingreso no percibido (Revenue Forgone)","0.87603","3.79609"
"CYP","Chipre","2019","Al ingreso","Ingreso no percibido (Revenue Forgone)","1.05637","4.57752"
"CYP","Chipre","2019","Otros","Ingreso no percibido (Revenue Forgone)","0.42733","1.85175"
"CYP","Chipre","2020","A los bienes y servicios","Ingreso no percibido (Revenue Forgone)","0.91624","4.17549"
"CYP","Chipre","2020","Al ingreso","Ingreso no percibido (Revenue Forgone)","1.65192","7.52811"
"CYP","Chipre","2020","Otros","Ingreso no percibido (Revenue Forgone)","0.44695","2.03683"
"CYP","Chipre","2021","A los bienes y servicios","Ingreso no percibido (Revenue Forgone)","0.94626","4.19580"
"CYP","Chipre","2021","Al ingreso","Ingreso no percibido (Revenue Forgone)","1.62111","7.18812"
"CYP","Chipre","2021","Otros","Ingreso no percibido (Revenue Forgone)","0.38941","1.72667"
"CYP","Chipre","2022","A los bienes y servicios","Ingreso no percibido (Revenue Forgone)","0.70608","3.02596"
"CYP","Chipre","2022","Al ingreso","Ingreso no percibido (Revenue Forgone)","2.11405","9.05995"
"CYP","Chipre","2022","Otros","Ingreso no percibido (Revenue Forgone)","0.33995","1.45689"
"COL","Colombia","2004","Al ingreso","Ingreso no percibido (Revenue Forgone)","0.71268","5.61166"
"COL","Colombia","2005","A los bienes y servicios","Ingreso no percibido (Revenue Forgone)","2.14607","16.21832"
"COL","Colombia","2005","Al ingreso","Ingreso no percibido (Revenue Forgone)","1.12100","8.47164"
"COL","Colombia","2006","A los bienes y servicios","Ingreso no percibido (Revenue Forgone)","2.15050","15.16422"
"COL","Colombia","2006","Al ingreso","Ingreso no percibido (Revenue Forgone)","1.31264","9.25608"
"COL","Colombia","2007","A los bienes y servicios","Ingreso no percibido (Revenue Forgone)","1.56525","10.98586"
"COL","Colombia","2007","Al ingreso","Ingreso no percibido (Revenue Forgone)","1.46229","10.26321"
"COL","Colombia","2008","A los bienes y servicios","Ingreso no percibido (Revenue Forgone)","1.57665","11.05328"
"COL","Colombia","2008","Al ingreso","Ingreso no percibido (Revenue Forgone)","1.59017","11.14802"
"COL","Colombia","2009","A los bienes y servicios","Ingreso no percibido (Revenue Forgone)","1.58956","11.51314"
"COL","Colombia","2009","Al ingreso","Ingreso no percibido (Revenue Forgone)","1.62409","11.76325"
"COL","Colombia","2010","A los bienes y servicios","Ingreso no percibido (Revenue Forgone)","1.68776","12.87777"
"COL","Colombia","2010","Al ingreso","Ingreso no percibido (Revenue Forgone)","1.57295","12.00181"
"COL","Colombia","2011","A los bienes y servicios","Ingreso no percibido (Revenue Forgone)","5.33355","37.14799"
"COL","Colombia","2011","Al ingreso","Ingreso no percibido (Revenue Forgone)","0.97334","6.77928"
"COL","Colombia","2012","A los bienes y servicios","Ingreso no percibido (Revenue Forgone)","5.68470","37.70593"
"COL","Colombia","2012","Al ingreso","Ingreso no percibido (Revenue Forgone)","0.66631","4.41954"
"COL","Colombia","2013","A los bienes y servicios","Ingreso no percibido (Revenue Forgone)","6.10858","41.59157"
"COL","Colombia","2013","Al ingreso","Ingreso no percibido (Revenue Forgone)","0.95618","6.51033"
"COL","Colombia","2014","A los bienes y servicios","Ingreso no percibido (Revenue Forgone)","6.11192","41.79994"
"COL","Colombia","2014","Al ingreso","Ingreso no percibido (Revenue Forgone)","0.98099","6.70908"
"COL","Colombia","2015","A los bienes y servicios","Ingreso no percibido (Revenue Forgone)","6.53306","43.88250"
"COL","Colombia","2015","Al ingreso","Ingreso no percibido (Revenue Forgone)","0.77682","5.21789"
"COL","Colombia","2016","A los bienes y servicios","Ingreso no percibido (Revenue Forgone)","6.52861","46.63776"
"COL","Colombia","2016","Al ingreso","Ingreso no percibido (Revenue Forgone)","1.43176","10.22792"
"COL","Colombia","2017","A los bienes y servicios","Ingreso no percibido (Revenue Forgone)","6.55197","46.14153"
"COL","Colombia","2017","Al ingreso","Ingreso no percibido (Revenue Forgone)","1.21090","8.52764"
"COL","Colombia","2018","A los bienes y servicios","Ingreso no percibido (Revenue Forgone)","6.69443","47.49543"
"COL","Colombia","2018","Al ingreso","Ingreso no percibido (Revenue Forgone)","1.29592","9.19426"
"COL","Colombia","2019","A los bienes y servicios","Ingreso no percibido (Revenue Forgone)","4.82761","33.53121"
"COL","Colombia","2019","Al ingreso","Ingreso no percibido (Revenue Forgone)","1.62782","11.30639"
"COL","Colombia","2020","A los bienes y servicios","Ingreso no percibido (Revenue Forgone)","5.54726","41.04672"
"COL","Colombia","2020","Al ingreso","Ingreso no percibido (Revenue Forgone)","1.71753","12.70876"
"COL","Colombia","2021","A los bienes y servicios","Ingreso no percibido (Revenue Forgone)","5.29047","37.84418"
"COL","Colombia","2021","Al ingreso","Ingreso no percibido (Revenue Forgone)","3.28190","23.47627"
"COL","Colombia","2022","A los bienes y servicios","Ingreso no percibido (Revenue Forgone)","5.25587","35.61801"
"COL","Colombia","2022","Al ingreso","Ingreso no percibido (Revenue Forgone)","3.51783","23.83962"
"KOR","Corea del Sur","2015","A los bienes y servicios","Ingreso no percibido (Revenue Forgone)","0.54180","4.32863"
"KOR","Corea del Sur","2015","Al ingreso","Ingreso no percibido (Revenue Forgone)","1.49754","11.96435"
"KOR","Corea del Sur","2015","Otros","Ingreso no percibido (Revenue Forgone)","0.02305","0.18414"
"KOR","Corea del Sur","2016","A los bienes y servicios","Ingreso no percibido (Revenue Forgone)","0.53360","4.03240"
"KOR","Corea del Sur","2016","Al ingreso","Ingreso no percibido (Revenue Forgone)","1.48466","11.21949"
"KOR","Corea del Sur","2016","Otros","Ingreso no percibido (Revenue Forgone)","0.02446","0.18482"
"KOR","Corea del Sur","2017","A los bienes y servicios","Ingreso no percibido (Revenue Forgone)","0.52931","3.85783"
"KOR","Corea del Sur","2017","Al ingreso","Ingreso no percibido (Revenue Forgone)","1.49652","10.90722"
"KOR","Corea del Sur","2017","Otros","Ingreso no percibido (Revenue Forgone)","0.02548","0.18574"
"KOR","Corea del Sur","2018","A los bienes y servicios","Ingreso no percibido (Revenue Forgone)","0.51920","3.54950"
"KOR","Corea del Sur","2018","Al ingreso","Ingreso no percibido (Revenue Forgone)","1.63904","11.20521"
"KOR","Corea del Sur","2018","Otros","Ingreso no percibido (Revenue Forgone)","0.03179","0.21730"
"KOR","Corea del Sur","2019","A los bienes y servicios","Ingreso no percibido (Revenue Forgone)","0.54828","3.81261"
"KOR","Corea del Sur","2019","Al ingreso","Ingreso no percibido (Revenue Forgone)","1.85129","12.87333"
"KOR","Corea del Sur","2019","Otros","Ingreso no percibido (Revenue Forgone)","0.02963","0.20601"
"KOR","Corea del Sur","2020","A los bienes y servicios","Ingreso no percibido (Revenue Forgone)","0.59487","4.28834"
"KOR","Corea del Sur","2020","Al ingreso","Ingreso no percibido (Revenue Forgone)","1.93613","13.95731"
"KOR","Corea del Sur","2020","Otros","Ingreso no percibido (Revenue Forgone)","0.04061","0.29276"
"KOR","Corea del Sur","2021","A los bienes y servicios","Ingreso no percibido (Revenue Forgone)","0.54701","3.53240"
"KOR","Corea del Sur","2021","Al ingreso","Ingreso no percibido (Revenue Forgone)","1.95590","12.63040"
"KOR","Corea del Sur","2021","Otros","Ingreso no percibido (Revenue Forgone)","0.06375","0.41169"
"KOR","Corea del Sur","2022","A los bienes y servicios","Ingreso no percibido (Revenue Forgone)","0.55980","3.28549"
"KOR","Corea del Sur","2022","Al ingreso","Ingreso no percibido (Revenue Forgone)","2.07867","12.19978"
"KOR","Corea del Sur","2022","Otros","Ingreso no percibido (Revenue Forgone)","0.09622","0.56474"
"KOR","Corea del Sur","2023","A los bienes y servicios","Ingreso no percibido (Revenue Forgone)","0.59202","4.13157"
"KOR","Corea del Sur","2023","Al ingreso","Ingreso no percibido (Revenue Forgone)","2.21948","15.48917"
"KOR","Corea del Sur","2023","Otros","Ingreso no percibido (Revenue Forgone)","0.09399","0.65590"
"KOR","Corea del Sur","2024","A los bienes y servicios","Ingreso no percibido (Revenue Forgone)","0.57874","0.00000"
"KOR","Corea del Sur","2024","Al ingreso","Ingreso no percibido (Revenue Forgone)","2.15333","0.00000"
"KOR","Corea del Sur","2024","Otros","Ingreso no percibido (Revenue Forgone)","0.07010","0.00000"
"KOR","Corea del Sur","2025","A los bienes y servicios","Ingreso no percibido (Revenue Forgone)","0.58458","0.00000"
"KOR","Corea del Sur","2025","Al ingreso","Ingreso no percibido (Revenue Forgone)","2.33036","0.00000"
"KOR","Corea del Sur","2025","Otros","Ingreso no percibido (Revenue Forgone)","0.07475","0.00000"
"CRI","Costa Rica","2010","A los bienes y servicios","Ingreso no percibido (Revenue Forgone)","3.07092","23.24025"
"CRI","Costa Rica","2010","Al ingreso","Ingreso no percibido (Revenue Forgone)","1.75234","13.26146"
"CRI","Costa Rica","2011","A los bienes y servicios","Ingreso no percibido (Revenue Forgone)","3.12684","23.18063"
"CRI","Costa Rica","2011","Al ingreso","Ingreso no percibido (Revenue Forgone)","1.69670","12.57842"
"CRI","Costa Rica","2012","A los bienes y servicios","Ingreso no percibido (Revenue Forgone)","3.14296","23.49458"
"CRI","Costa Rica","2012","Al ingreso","Ingreso no percibido (Revenue Forgone)","1.78117","13.31479"
"CRI","Costa Rica","2013","A los bienes y servicios","Ingreso no percibido (Revenue Forgone)","3.16240","23.27119"
"CRI","Costa Rica","2013","Al ingreso","Ingreso no percibido (Revenue Forgone)","1.86112","13.69541"
"CRI","Costa Rica","2014","A los bienes y servicios","Ingreso no percibido (Revenue Forgone)","2.94578","22.30952"
"CRI","Costa Rica","2014","Al ingreso","Ingreso no percibido (Revenue Forgone)","1.80177","13.64549"
"CRI","Costa Rica","2015","A los bienes y servicios","Ingreso no percibido (Revenue Forgone)","2.83293","21.12126"
"CRI","Costa Rica","2015","Al ingreso","Ingreso no percibido (Revenue Forgone)","1.76334","13.14683"
"CRI","Costa Rica","2016","A los bienes y servicios","Ingreso no percibido (Revenue Forgone)","2.87629","20.67791"
"CRI","Costa Rica","2016","Al ingreso","Ingreso no percibido (Revenue Forgone)","2.16344","15.55320"
"CRI","Costa Rica","2017","A los bienes y servicios","Ingreso no percibido (Revenue Forgone)","2.87949","21.42639"
"CRI","Costa Rica","2017","Al ingreso","Ingreso no percibido (Revenue Forgone)","2.22964","16.59084"
"CRI","Costa Rica","2018","A los bienes y servicios","Ingreso no percibido (Revenue Forgone)","3.00347","22.43295"
"CRI","Costa Rica","2018","Al ingreso","Ingreso no percibido (Revenue Forgone)","2.35242","17.57023"
"CRI","Costa Rica","2019","A los bienes y servicios","Ingreso no percibido (Revenue Forgone)","2.33378","17.23927"
"CRI","Costa Rica","2019","Al ingreso","Ingreso no percibido (Revenue Forgone)","2.20361","16.27772"
"CRI","Costa Rica","2020","A los bienes y servicios","Ingreso no percibido (Revenue Forgone)","2.42010","19.41561"
"CRI","Costa Rica","2020","Al ingreso","Ingreso no percibido (Revenue Forgone)","1.69245","13.57795"
"CRI","Costa Rica","2021","A los bienes y servicios","Ingreso no percibido (Revenue Forgone)","2.17937","14.60694"
"CRI","Costa Rica","2021","Al ingreso","Ingreso no percibido (Revenue Forgone)","2.29891","15.40812"
"CRI","Costa Rica","2022","A los bienes y servicios","Ingreso no percibido (Revenue Forgone)","2.39596","15.49002"
"CRI","Costa Rica","2022","Al ingreso","Ingreso no percibido (Revenue Forgone)","2.22897","14.41043"
"CIV","Costa de Marfil","2009","A los bienes y servicios","Ingreso no percibido (Revenue Forgone)","0.15285","1.24409"
"CIV","Costa de Marfil","2010","A los bienes y servicios","Ingreso no percibido (Revenue Forgone)","0.15667","1.27624"
"CIV","Costa de Marfil","2011","A los bienes y servicios","Ingreso no percibido (Revenue Forgone)","0.08045","0.00000"
"CIV","Costa de Marfil","2012","A los bienes y servicios","Ingreso no percibido (Revenue Forgone)","0.23596","0.00000"
"CIV","Costa de Marfil","2012","Al ingreso","Ingreso no percibido (Revenue Forgone)","0.02195","0.00000"
"CIV","Costa de Marfil","2012","Otros","Ingreso no percibido (Revenue Forgone)","0.01608","0.00000"
"CIV","Costa de Marfil","2013","A los bienes y servicios","Ingreso no percibido (Revenue Forgone)","1.13712","10.07971"
"CIV","Costa de Marfil","2013","Al ingreso","Ingreso no percibido (Revenue Forgone)","0.18674","1.65532"
"CIV","Costa de Marfil","2013","Otros","Ingreso no percibido (Revenue Forgone)","0.01443","0.12788"
"CIV","Costa de Marfil","2014","A los bienes y servicios","Ingreso no percibido (Revenue Forgone)","1.25704","11.79031"
"CIV","Costa de Marfil","2014","Al ingreso","Ingreso no percibido (Revenue Forgone)","0.08361","0.78421"
"CIV","Costa de Marfil","2014","Otros","Ingreso no percibido (Revenue Forgone)","0.03058","0.28679"
"CIV","Costa de Marfil","2015","A los bienes y servicios","Ingreso no percibido (Revenue Forgone)","1.36571","12.51887"
"CIV","Costa de Marfil","2015","Al ingreso","Ingreso no percibido (Revenue Forgone)","0.11378","1.04301"
"CIV","Costa de Marfil","2015","Otros","Ingreso no percibido (Revenue Forgone)","0.03090","0.28326"
"CIV","Costa de Marfil","2016","A los bienes y servicios","Ingreso no percibido (Revenue Forgone)","1.00981","8.64046"
"CIV","Costa de Marfil","2016","Al ingreso","Ingreso no percibido (Revenue Forgone)","0.12752","1.09109"
"CIV","Costa de Marfil","2016","Otros","Ingreso no percibido (Revenue Forgone)","0.01018","0.08710"
"CIV","Costa de Marfil","2017","A los bienes y servicios","Ingreso no percibido (Revenue Forgone)","0.99011","8.24683"
"CIV","Costa de Marfil","2017","Al ingreso","Ingreso no percibido (Revenue Forgone)","0.13020","1.08446"
"CIV","Costa de Marfil","2017","Otros","Ingreso no percibido (Revenue Forgone)","0.01049","0.08741"
"CIV","Costa de Marfil","2018","A los bienes y servicios","Ingreso no percibido (Revenue Forgone)","0.90909","7.61153"
"CIV","Costa de Marfil","2018","Al ingreso","Ingreso no percibido (Revenue Forgone)","0.12182","1.01999"
"CIV","Costa de Marfil","2018","Otros","Ingreso no percibido (Revenue Forgone)","0.01043","0.08732"
"CIV","Costa de Marfil","2019","A los bienes y servicios","Ingreso no percibido (Revenue Forgone)","0.85559","7.19789"
"CIV","Costa de Marfil","2019","Al ingreso","Ingreso no percibido (Revenue Forgone)","0.13793","1.16041"
"CIV","Costa de Marfil","2019","Otros","Ingreso no percibido (Revenue Forgone)","0.00396","0.03329"
"CIV","Costa de Marfil","2020","A los bienes y servicios","Ingreso no percibido (Revenue Forgone)","0.81785","6.60655"
"CIV","Costa de Marfil","2020","Al ingreso","Ingreso no percibido (Revenue Forgone)","0.09951","0.80383"
"CIV","Costa de Marfil","2020","Otros","Ingreso no percibido (Revenue Forgone)","0.00331","0.02672"
"CIV","Costa de Marfil","2021","A los bienes y servicios","Ingreso no percibido (Revenue Forgone)","0.81007","6.22739"
"CIV","Costa de Marfil","2021","Al ingreso","Ingreso no percibido (Revenue Forgone)","0.07630","0.58655"
"CIV","Costa de Marfil","2021","Otros","Ingreso no percibido (Revenue Forgone)","0.00099","0.00762"
"CIV","Costa de Marfil","2022","A los bienes y servicios","Ingreso no percibido (Revenue Forgone)","1.07327","8.45291"
"CIV","Costa de Marfil","2022","Al ingreso","Ingreso no percibido (Revenue Forgone)","0.03617","0.28485"
"CIV","Costa de Marfil","2022","Otros","Ingreso no percibido (Revenue Forgone)","0.00271","0.02136"
"CIV","Costa de Marfil","2023","A los bienes y servicios","Ingreso no percibido (Revenue Forgone)","0.88665","6.57959"
"CIV","Costa de Marfil","2023","Al ingreso","Ingreso no percibido (Revenue Forgone)","0.06253","0.46404"
"CIV","Costa de Marfil","2023","Otros","Ingreso no percibido (Revenue Forgone)","0.00124","0.00922"
"CIV","Costa de Marfil","2024","A los bienes y servicios","Ingreso no percibido (Revenue Forgone)","0.60607","0.00000"
"CIV","Costa de Marfil","2024","Al ingreso","Ingreso no percibido (Revenue Forgone)","0.09621","0.00000"
"CIV","Costa de Marfil","2024","Otros","Ingreso no percibido (Revenue Forgone)","0.00114","0.00000"
"CIV","Costa de Marfil","2025","A los bienes y servicios","Ingreso no percibido (Revenue Forgone)","0.84638","0.00000"
"CIV","Costa de Marfil","2025","Al ingreso","Ingreso no percibido (Revenue Forgone)","0.09522","0.00000"
"CIV","Costa de Marfil","2025","Otros","Ingreso no percibido (Revenue Forgone)","0.00087","0.00000"
"HRV","Croacia","2015","A los bienes y servicios","Ingreso no percibido (Revenue Forgone)","0.22838","1.11768"
"HRV","Croacia","2016","A los bienes y servicios","Ingreso no percibido (Revenue Forgone)","0.23391","1.12001"
"HRV","Croacia","2017","A los bienes y servicios","Ingreso no percibido (Revenue Forgone)","0.22791","1.08332"
"HRV","Croacia","2018","A los bienes y servicios","Ingreso no percibido (Revenue Forgone)","0.22104","1.06376"
"HRV","Croacia","2019","A los bienes y servicios","Ingreso no percibido (Revenue Forgone)","0.27304","1.30389"
"HRV","Croacia","2020","A los bienes y servicios","Ingreso no percibido (Revenue Forgone)","0.28564","1.43521"
"HRV","Croacia","2021","A los bienes y servicios","Ingreso no percibido (Revenue Forgone)","3.09741","15.50484"
"HRV","Croacia","2021","Al ingreso","Ingreso no percibido (Revenue Forgone)","0.71779","3.59308"
"HRV","Croacia","2022","A los bienes y servicios","Ingreso no percibido (Revenue Forgone)","0.00000","0.00000"
"HRV","Croacia","2022","Al ingreso","Ingreso no percibido (Revenue Forgone)","0.00000","0.00000"
"HRV","Croacia","2023","A los bienes y servicios","Ingreso no percibido (Revenue Forgone)","0.00000","0.00000"
"HRV","Croacia","2024","A los bienes y servicios","Ingreso no percibido (Revenue Forgone)","0.00000","0.00000"
"DNK","Dinamarca","2006","A los bienes y servicios","Ingreso no percibido (Revenue Forgone)","1.35275","4.23201"
"DNK","Dinamarca","2006","Al ingreso","Ingreso no percibido (Revenue Forgone)","0.59475","1.86066"
"DNK","Dinamarca","2006","Otros","Ingreso no percibido (Revenue Forgone)","0.14621","0.45741"
"DNK","Dinamarca","2017","A los bienes y servicios","Ingreso no percibido (Revenue Forgone)","0.69186","2.08677"
"DNK","Dinamarca","2017","Al ingreso","Ingreso no percibido (Revenue Forgone)","1.44507","4.35853"
"DNK","Dinamarca","2017","Otros","Ingreso no percibido (Revenue Forgone)","0.18656","0.56271"
"DNK","Dinamarca","2018","A los bienes y servicios","Ingreso no percibido (Revenue Forgone)","0.80788","2.50210"
"DNK","Dinamarca","2018","Al ingreso","Ingreso no percibido (Revenue Forgone)","1.28899","3.99218"
"DNK","Dinamarca","2018","Otros","Ingreso no percibido (Revenue Forgone)","0.19411","0.60119"
"DNK","Dinamarca","2019","A los bienes y servicios","Ingreso no percibido (Revenue Forgone)","0.80811","2.31486"
"DNK","Dinamarca","2019","Al ingreso","Ingreso no percibido (Revenue Forgone)","1.27533","3.65322"
"DNK","Dinamarca","2019","Otros","Ingreso no percibido (Revenue Forgone)","0.18883","0.54091"
"DNK","Dinamarca","2020","A los bienes y servicios","Ingreso no percibido (Revenue Forgone)","0.63428","1.84306"
"DNK","Dinamarca","2020","Al ingreso","Ingreso no percibido (Revenue Forgone)","1.62091","4.71000"
"DNK","Dinamarca","2020","Otros","Ingreso no percibido (Revenue Forgone)","0.18568","0.53954"
"DNK","Dinamarca","2021","A los bienes y servicios","Ingreso no percibido (Revenue Forgone)","1.11107","3.17829"
"DNK","Dinamarca","2021","Al ingreso","Ingreso no percibido (Revenue Forgone)","1.64809","4.71446"
"DNK","Dinamarca","2021","Otros","Ingreso no percibido (Revenue Forgone)","0.16027","0.45847"
"DNK","Dinamarca","2022","A los bienes y servicios","Ingreso no percibido (Revenue Forgone)","0.98779","3.22220"
"DNK","Dinamarca","2022","Al ingreso","Ingreso no percibido (Revenue Forgone)","1.42931","4.66247"
"DNK","Dinamarca","2022","Otros","Ingreso no percibido (Revenue Forgone)","0.20005","0.65258"
"DNK","Dinamarca","2023","A los bienes y servicios","Ingreso no percibido (Revenue Forgone)","1.08014","3.43858"
"DNK","Dinamarca","2023","Al ingreso","Ingreso no percibido (Revenue Forgone)","1.44880","4.61220"
"DNK","Dinamarca","2023","Otros","Ingreso no percibido (Revenue Forgone)","0.16419","0.52268"
"ECU","Ecuador","2005","A los bienes y servicios","Ingreso no percibido (Revenue Forgone)","2.36930","21.66060"
"ECU","Ecuador","2005","Al ingreso","Ingreso no percibido (Revenue Forgone)","1.24109","11.34633"
"ECU","Ecuador","2006","A los bienes y servicios","Ingreso no percibido (Revenue Forgone)","2.99030","26.90623"
"ECU","Ecuador","2006","Al ingreso","Ingreso no percibido (Revenue Forgone)","1.32573","11.92870"
"ECU","Ecuador","2007","A los bienes y servicios","Ingreso no percibido (Revenue Forgone)","2.67648","23.25476"
"ECU","Ecuador","2007","Al ingreso","Ingreso no percibido (Revenue Forgone)","1.41604","12.30330"
"ECU","Ecuador","2009","A los bienes y servicios","Ingreso no percibido (Revenue Forgone)","2.14868","17.12942"
"ECU","Ecuador","2009","Al ingreso","Ingreso no percibido (Revenue Forgone)","1.21213","9.66318"
"ECU","Ecuador","2011","A los bienes y servicios","Ingreso no percibido (Revenue Forgone)","2.02723","16.42219"
"ECU","Ecuador","2011","Al ingreso","Ingreso no percibido (Revenue Forgone)","1.33304","10.79870"
"ECU","Ecuador","2012","A los bienes y servicios","Ingreso no percibido (Revenue Forgone)","2.01193","14.49332"
"ECU","Ecuador","2012","Al ingreso","Ingreso no percibido (Revenue Forgone)","1.42435","10.26053"
"ECU","Ecuador","2013","A los bienes y servicios","Ingreso no percibido (Revenue Forgone)","2.02280","14.38302"
"ECU","Ecuador","2013","Al ingreso","Ingreso no percibido (Revenue Forgone)","1.72037","12.23258"
"ECU","Ecuador","2013","Otros","Ingreso no percibido (Revenue Forgone)","0.02368","0.16839"
"ECU","Ecuador","2014","A los bienes y servicios","Ingreso no percibido (Revenue Forgone)","2.14053","15.25357"
"ECU","Ecuador","2014","Al ingreso","Ingreso no percibido (Revenue Forgone)","1.42530","10.15679"
"ECU","Ecuador","2014","Otros","Ingreso no percibido (Revenue Forgone)","0.02149","0.15311"
"ECU","Ecuador","2015","A los bienes y servicios","Ingreso no percibido (Revenue Forgone)","2.48984","15.13417"
"ECU","Ecuador","2015","Al ingreso","Ingreso no percibido (Revenue Forgone)","1.47767","8.98182"
"ECU","Ecuador","2015","Otros","Ingreso no percibido (Revenue Forgone)","0.10240","0.62241"
"ECU","Ecuador","2016","A los bienes y servicios","Ingreso no percibido (Revenue Forgone)","2.46083","16.45549"
"ECU","Ecuador","2016","Al ingreso","Ingreso no percibido (Revenue Forgone)","1.40719","9.40985"
"ECU","Ecuador","2016","Otros","Ingreso no percibido (Revenue Forgone)","0.11094","0.74188"
"ECU","Ecuador","2017","A los bienes y servicios","Ingreso no percibido (Revenue Forgone)","2.60256","18.41582"
"ECU","Ecuador","2017","Al ingreso","Ingreso no percibido (Revenue Forgone)","1.42271","10.06712"
"ECU","Ecuador","2017","Otros","Ingreso no percibido (Revenue Forgone)","0.08608","0.60914"
"ECU","Ecuador","2018","A los bienes y servicios","Ingreso no percibido (Revenue Forgone)","2.59921","17.34475"
"ECU","Ecuador","2018","Al ingreso","Ingreso no percibido (Revenue Forgone)","1.60048","10.68016"
"ECU","Ecuador","2018","Otros","Ingreso no percibido (Revenue Forgone)","0.08711","0.58132"
"ECU","Ecuador","2019","A los bienes y servicios","Ingreso no percibido (Revenue Forgone)","2.61374","18.53452"
"ECU","Ecuador","2019","Al ingreso","Ingreso no percibido (Revenue Forgone)","1.42328","10.09272"
"ECU","Ecuador","2019","Otros","Ingreso no percibido (Revenue Forgone)","0.09093","0.64482"
"ECU","Ecuador","2020","A los bienes y servicios","Ingreso no percibido (Revenue Forgone)","2.62766","19.48304"
"ECU","Ecuador","2020","Al ingreso","Ingreso no percibido (Revenue Forgone)","1.32494","9.82385"
"ECU","Ecuador","2020","Otros","Ingreso no percibido (Revenue Forgone)","0.08777","0.65077"
"ECU","Ecuador","2021","A los bienes y servicios","Ingreso no percibido (Revenue Forgone)","2.88129","20.95697"
"ECU","Ecuador","2021","Al ingreso","Ingreso no percibido (Revenue Forgone)","1.56846","11.40817"
"ECU","Ecuador","2021","Otros","Ingreso no percibido (Revenue Forgone)","0.07545","0.54881"
"ECU","Ecuador","2022","A los bienes y servicios","Ingreso no percibido (Revenue Forgone)","2.94122","19.36355"
"ECU","Ecuador","2022","Al ingreso","Ingreso no percibido (Revenue Forgone)","1.42830","9.40323"
"ECU","Ecuador","2022","Otros","Ingreso no percibido (Revenue Forgone)","0.06650","0.43781"
"ECU","Ecuador","2023","A los bienes y servicios","Ingreso no percibido (Revenue Forgone)","3.21912","0.00000"
"ECU","Ecuador","2023","Al ingreso","Ingreso no percibido (Revenue Forgone)","1.48232","0.00000"
"ECU","Ecuador","2023","Otros","Ingreso no percibido (Revenue Forgone)","0.06640","0.00000"
"EGY","Egipto","2023","A los bienes y servicios","Ingreso no percibido (Revenue Forgone)","2.81965","24.51873"
"EGY","Egipto","2023","Al ingreso","Ingreso no percibido (Revenue Forgone)","0.49727","4.32407"
"EGY","Egipto","2023","Otros","Ingreso no percibido (Revenue Forgone)","1.02211","8.88788"
"SLV","El Salvador","2013","A los bienes y servicios","Ingreso no percibido (Revenue Forgone)","1.66992","9.79157"
"SLV","El Salvador","2013","Al ingreso","Ingreso no percibido (Revenue Forgone)","1.36217","7.98707"
"SLV","El Salvador","2014","A los bienes y servicios","Ingreso no percibido (Revenue Forgone)","1.72742","10.33816"
"SLV","El Salvador","2014","Al ingreso","Ingreso no percibido (Revenue Forgone)","1.34280","8.03632"
"SLV","El Salvador","2015","A los bienes y servicios","Ingreso no percibido (Revenue Forgone)","1.92178","11.47133"
"SLV","El Salvador","2015","Al ingreso","Ingreso no percibido (Revenue Forgone)","1.88147","11.23073"
"SLV","El Salvador","2016","A los bienes y servicios","Ingreso no percibido (Revenue Forgone)","1.91592","11.03955"
"SLV","El Salvador","2016","Al ingreso","Ingreso no percibido (Revenue Forgone)","1.80456","10.39789"
"SLV","El Salvador","2017","A los bienes y servicios","Ingreso no percibido (Revenue Forgone)","1.78640","10.06201"
"SLV","El Salvador","2017","Al ingreso","Ingreso no percibido (Revenue Forgone)","1.71227","9.64449"
"SVK","Eslovaquia","2010","A los bienes y servicios","Ingreso no percibido (Revenue Forgone)","0.51829","3.38081"
"SVK","Eslovaquia","2010","Al ingreso","Ingreso no percibido (Revenue Forgone)","1.47870","9.64567"
"SVK","Eslovaquia","2010","Otros","Ingreso no percibido (Revenue Forgone)","0.01943","0.12674"
"SVK","Eslovaquia","2011","A los bienes y servicios","Ingreso no percibido (Revenue Forgone)","0.38265","2.34990"
"SVK","Eslovaquia","2011","Al ingreso","Ingreso no percibido (Revenue Forgone)","1.25587","7.71244"
"SVK","Eslovaquia","2011","Otros","Ingreso no percibido (Revenue Forgone)","0.01922","0.11804"
"SVK","Eslovaquia","2012","A los bienes y servicios","Ingreso no percibido (Revenue Forgone)","0.37002","2.34232"
"SVK","Eslovaquia","2012","Al ingreso","Ingreso no percibido (Revenue Forgone)","1.48900","9.42566"
"SVK","Eslovaquia","2013","A los bienes y servicios","Ingreso no percibido (Revenue Forgone)","0.30416","1.78710"
"SVK","Eslovaquia","2013","Al ingreso","Ingreso no percibido (Revenue Forgone)","0.92848","5.45534"
"SVK","Eslovaquia","2014","A los bienes y servicios","Ingreso no percibido (Revenue Forgone)","0.31796","1.79355"
"SVK","Eslovaquia","2014","Al ingreso","Ingreso no percibido (Revenue Forgone)","0.84337","4.75725"
"SVK","Eslovaquia","2015","A los bienes y servicios","Ingreso no percibido (Revenue Forgone)","0.33787","1.83866"
"SVK","Eslovaquia","2015","Al ingreso","Ingreso no percibido (Revenue Forgone)","0.91097","4.95737"
"SVK","Eslovaquia","2016","A los bienes y servicios","Ingreso no percibido (Revenue Forgone)","0.42779","2.32642"
"SVK","Eslovaquia","2016","Al ingreso","Ingreso no percibido (Revenue Forgone)","1.01563","5.52320"
"SVK","Eslovaquia","2017","A los bienes y servicios","Ingreso no percibido (Revenue Forgone)","0.55591","2.94050"
"SVK","Eslovaquia","2017","Al ingreso","Ingreso no percibido (Revenue Forgone)","0.85704","4.53329"
"SVK","Eslovaquia","2018","A los bienes y servicios","Ingreso no percibido (Revenue Forgone)","0.71469","3.78723"
"SVK","Eslovaquia","2018","Al ingreso","Ingreso no percibido (Revenue Forgone)","0.84752","4.49110"
"SVK","Eslovaquia","2019","A los bienes y servicios","Ingreso no percibido (Revenue Forgone)","0.75257","3.91492"
"SVK","Eslovaquia","2019","Al ingreso","Ingreso no percibido (Revenue Forgone)","0.89763","4.66955"
"SVK","Eslovaquia","2020","A los bienes y servicios","Ingreso no percibido (Revenue Forgone)","0.83336","4.39025"
"SVK","Eslovaquia","2020","Al ingreso","Ingreso no percibido (Revenue Forgone)","1.09022","5.74347"
"SVK","Eslovaquia","2021","A los bienes y servicios","Ingreso no percibido (Revenue Forgone)","1.11724","5.75350"
"SVK","Eslovaquia","2021","Al ingreso","Ingreso no percibido (Revenue Forgone)","1.30732","6.73239"
"SVK","Eslovaquia","2022","A los bienes y servicios","Ingreso no percibido (Revenue Forgone)","0.95916","4.79989"
"SVK","Eslovaquia","2022","Al ingreso","Ingreso no percibido (Revenue Forgone)","1.33163","6.66385"
"SVK","Eslovaquia","2023","A los bienes y servicios","Ingreso no percibido (Revenue Forgone)","1.06156","0.00000"
"SVK","Eslovaquia","2023","Al ingreso","Ingreso no percibido (Revenue Forgone)","2.28287","0.00000"
"SVK","Eslovaquia","2024","A los bienes y servicios","Ingreso no percibido (Revenue Forgone)","0.93722","0.00000"
"SVK","Eslovaquia","2024","Al ingreso","Ingreso no percibido (Revenue Forgone)","1.88290","0.00000"
"SVK","Eslovaquia","2025","A los bienes y servicios","Ingreso no percibido (Revenue Forgone)","1.43895","0.00000"
"SVK","Eslovaquia","2025","Al ingreso","Ingreso no percibido (Revenue Forgone)","1.02772","0.00000"
"SVK","Eslovaquia","2026","A los bienes y servicios","Ingreso no percibido (Revenue Forgone)","0.00000","0.00000"
"SVK","Eslovaquia","2026","Al ingreso","Ingreso no percibido (Revenue Forgone)","0.00000","0.00000"
"SVK","Eslovaquia","2027","A los bienes y servicios","Ingreso no percibido (Revenue Forgone)","0.00000","0.00000"
"SVK","Eslovaquia","2027","Al ingreso","Ingreso no percibido (Revenue Forgone)","0.00000","0.00000"
"SVK","Eslovaquia","2028","A los bienes y servicios","Ingreso no percibido (Revenue Forgone)","0.00000","0.00000"
"SVK","Eslovaquia","2028","Al ingreso","Ingreso no percibido (Revenue Forgone)","0.00000","0.00000"
"SVN","Eslovenia","2016","A los bienes y servicios","Ingreso no percibido (Revenue Forgone)","2.13131","11.38129"
"SVN","Eslovenia","2016","Al ingreso","Ingreso no percibido (Revenue Forgone)","2.81588","15.03697"
"SVN","Eslovenia","2017","A los bienes y servicios","Ingreso no percibido (Revenue Forgone)","2.61695","14.19211"
"SVN","Eslovenia","2017","Al ingreso","Ingreso no percibido (Revenue Forgone)","2.83395","15.36896"
"SVN","Eslovenia","2018","A los bienes y servicios","Ingreso no percibido (Revenue Forgone)","2.15961","11.58603"
"SVN","Eslovenia","2018","Al ingreso","Ingreso no percibido (Revenue Forgone)","2.90489","15.58438"
"SVN","Eslovenia","2018","Otros","Ingreso no percibido (Revenue Forgone)","0.00299","0.01605"
"SVN","Eslovenia","2019","A los bienes y servicios","Ingreso no percibido (Revenue Forgone)","2.07654","11.03875"
"SVN","Eslovenia","2019","Al ingreso","Ingreso no percibido (Revenue Forgone)","3.16754","16.83839"
"SVN","Eslovenia","2019","Otros","Ingreso no percibido (Revenue Forgone)","0.00278","0.01479"
"SVN","Eslovenia","2020","A los bienes y servicios","Ingreso no percibido (Revenue Forgone)","2.20544","12.77007"
"SVN","Eslovenia","2020","Al ingreso","Ingreso no percibido (Revenue Forgone)","3.01478","17.45639"
"SVN","Eslovenia","2021","A los bienes y servicios","Ingreso no percibido (Revenue Forgone)","2.11925","11.35544"
"SVN","Eslovenia","2021","Al ingreso","Ingreso no percibido (Revenue Forgone)","3.00788","16.11690"
"SVN","Eslovenia","2022","A los bienes y servicios","Ingreso no percibido (Revenue Forgone)","2.06435","11.33320"
"SVN","Eslovenia","2022","Al ingreso","Ingreso no percibido (Revenue Forgone)","2.91820","16.02084"
"ESP","España","1996","A los bienes y servicios","Ingreso no percibido (Revenue Forgone)","0.83847","4.95948"
"ESP","España","1996","Al ingreso","Ingreso no percibido (Revenue Forgone)","3.15602","18.66769"
"ESP","España","1996","Otros","Ingreso no percibido (Revenue Forgone)","0.00318","0.01883"
"ESP","España","1997","A los bienes y servicios","Ingreso no percibido (Revenue Forgone)","1.70863","10.24935"
"ESP","España","1997","Al ingreso","Ingreso no percibido (Revenue Forgone)","3.17276","19.03205"
"ESP","España","1998","A los bienes y servicios","Ingreso no percibido (Revenue Forgone)","1.74174","10.18602"
"ESP","España","1998","Al ingreso","Ingreso no percibido (Revenue Forgone)","3.64667","21.32642"
"ESP","España","1999","A los bienes y servicios","Ingreso no percibido (Revenue Forgone)","1.90024","11.13966"
"ESP","España","1999","Al ingreso","Ingreso no percibido (Revenue Forgone)","3.05126","17.88725"
"ESP","España","2000","A los bienes y servicios","Ingreso no percibido (Revenue Forgone)","2.38079","14.06217"
"ESP","España","2000","Al ingreso","Ingreso no percibido (Revenue Forgone)","3.00051","17.72259"
"ESP","España","2001","A los bienes y servicios","Ingreso no percibido (Revenue Forgone)","2.51438","15.06414"
"ESP","España","2001","Al ingreso","Ingreso no percibido (Revenue Forgone)","2.79979","16.77409"
"ESP","España","2002","A los bienes y servicios","Ingreso no percibido (Revenue Forgone)","2.63566","16.67633"
"ESP","España","2002","Al ingreso","Ingreso no percibido (Revenue Forgone)","2.70635","17.12365"
"ESP","España","2003","A los bienes y servicios","Ingreso no percibido (Revenue Forgone)","2.29788","14.99557"
"ESP","España","2003","Al ingreso","Ingreso no percibido (Revenue Forgone)","2.13961","13.96275"
"ESP","España","2004","A los bienes y servicios","Ingreso no percibido (Revenue Forgone)","2.28995","14.65069"
"ESP","España","2004","Al ingreso","Ingreso no percibido (Revenue Forgone)","2.12359","13.58631"
"ESP","España","2005","A los bienes y servicios","Ingreso no percibido (Revenue Forgone)","2.32521","14.15580"
"ESP","España","2005","Al ingreso","Ingreso no percibido (Revenue Forgone)","2.11845","12.89705"
"ESP","España","2006","A los bienes y servicios","Ingreso no percibido (Revenue Forgone)","2.40091","14.30339"
"ESP","España","2006","Al ingreso","Ingreso no percibido (Revenue Forgone)","2.41520","14.38849"
"ESP","España","2007","A los bienes y servicios","Ingreso no percibido (Revenue Forgone)","2.31354","13.36282"
"ESP","España","2007","Al ingreso","Ingreso no percibido (Revenue Forgone)","2.49092","14.38733"
"ESP","España","2008","A los bienes y servicios","Ingreso no percibido (Revenue Forgone)","2.21757","16.17913"
"ESP","España","2008","Al ingreso","Ingreso no percibido (Revenue Forgone)","2.55171","18.61695"
"ESP","España","2009","A los bienes y servicios","Ingreso no percibido (Revenue Forgone)","2.38497","21.28908"
"ESP","España","2009","Al ingreso","Ingreso no percibido (Revenue Forgone)","3.36436","30.03147"
"ESP","España","2010","A los bienes y servicios","Ingreso no percibido (Revenue Forgone)","1.83252","13.69083"
"ESP","España","2010","Al ingreso","Ingreso no percibido (Revenue Forgone)","2.59317","19.37371"
"ESP","España","2011","A los bienes y servicios","Ingreso no percibido (Revenue Forgone)","1.77110","13.75246"
"ESP","España","2011","Al ingreso","Ingreso no percibido (Revenue Forgone)","2.02326","15.71042"
"ESP","España","2012","A los bienes y servicios","Ingreso no percibido (Revenue Forgone)","1.76030","13.78683"
"ESP","España","2012","Al ingreso","Ingreso no percibido (Revenue Forgone)","1.93503","15.15537"
"ESP","España","2013","A los bienes y servicios","Ingreso no percibido (Revenue Forgone)","1.78519","12.24921"
"ESP","España","2013","Al ingreso","Ingreso no percibido (Revenue Forgone)","2.03446","13.95958"
"ESP","España","2014","A los bienes y servicios","Ingreso no percibido (Revenue Forgone)","1.75410","11.62509"
"ESP","España","2014","Al ingreso","Ingreso no percibido (Revenue Forgone)","1.96078","12.99489"
"ESP","España","2015","A los bienes y servicios","Ingreso no percibido (Revenue Forgone)","1.84922","12.23665"
"ESP","España","2015","Al ingreso","Ingreso no percibido (Revenue Forgone)","1.92773","12.75612"
"ESP","España","2016","A los bienes y servicios","Ingreso no percibido (Revenue Forgone)","1.86759","12.75792"
"ESP","España","2016","Al ingreso","Ingreso no percibido (Revenue Forgone)","1.22806","8.38915"
"ESP","España","2017","A los bienes y servicios","Ingreso no percibido (Revenue Forgone)","1.76572","12.18042"
"ESP","España","2017","Al ingreso","Ingreso no percibido (Revenue Forgone)","0.97560","6.72997"
"ESP","España","2018","A los bienes y servicios","Ingreso no percibido (Revenue Forgone)","1.85364","12.37366"
"ESP","España","2018","Al ingreso","Ingreso no percibido (Revenue Forgone)","1.06394","7.10212"
"ESP","España","2019","A los bienes y servicios","Ingreso no percibido (Revenue Forgone)","1.87308","12.95696"
"ESP","España","2019","Al ingreso","Ingreso no percibido (Revenue Forgone)","1.11663","7.72430"
"ESP","España","2020","A los bienes y servicios","Ingreso no percibido (Revenue Forgone)","1.84407","12.85960"
"ESP","España","2020","Al ingreso","Ingreso no percibido (Revenue Forgone)","1.54901","10.80202"
"ESP","España","2021","A los bienes y servicios","Ingreso no percibido (Revenue Forgone)","1.87874","11.77690"
"ESP","España","2021","Al ingreso","Ingreso no percibido (Revenue Forgone)","1.28775","8.07226"
"ESP","España","2022","A los bienes y servicios","Ingreso no percibido (Revenue Forgone)","1.95562","12.47982"
"ESP","España","2022","Al ingreso","Ingreso no percibido (Revenue Forgone)","1.29956","8.29319"
"ESP","España","2023","A los bienes y servicios","Ingreso no percibido (Revenue Forgone)","1.84790","12.23785"
"ESP","España","2023","Al ingreso","Ingreso no percibido (Revenue Forgone)","1.17340","7.77096"
"USA","Estados Unidos","1994","Al ingreso","Ingreso no percibido (Revenue Forgone)","5.75793","53.89295"
"USA","Estados Unidos","1995","Al ingreso","Ingreso no percibido (Revenue Forgone)","5.80837","52.78624"
"USA","Estados Unidos","1996","Al ingreso","Ingreso no percibido (Revenue Forgone)","5.63179","48.65574"
"USA","Estados Unidos","1997","Al ingreso","Ingreso no percibido (Revenue Forgone)","5.53483","45.84085"
"USA","Estados Unidos","1998","Al ingreso","Ingreso no percibido (Revenue Forgone)","6.10489","49.38126"
"USA","Estados Unidos","1999","Al ingreso","Ingreso no percibido (Revenue Forgone)","6.25962","50.10150"
"USA","Estados Unidos","2000","Al ingreso","Ingreso no percibido (Revenue Forgone)","6.27277","48.83817"
"USA","Estados Unidos","2001","Al ingreso","Ingreso no percibido (Revenue Forgone)","6.74867","56.91384"
"USA","Estados Unidos","2002","Al ingreso","Ingreso no percibido (Revenue Forgone)","6.89755","69.89798"
"USA","Estados Unidos","2003","Al ingreso","Ingreso no percibido (Revenue Forgone)","6.43645","68.54077"
"USA","Estados Unidos","2004","Al ingreso","Ingreso no percibido (Revenue Forgone)","5.95999","62.49017"
"USA","Estados Unidos","2005","Al ingreso","Ingreso no percibido (Revenue Forgone)","5.94879","55.69129"
"USA","Estados Unidos","2006","Al ingreso","Ingreso no percibido (Revenue Forgone)","6.26771","55.41518"
"USA","Estados Unidos","2007","Al ingreso","Ingreso no percibido (Revenue Forgone)","5.83298","51.66548"
"USA","Estados Unidos","2008","Al ingreso","Ingreso no percibido (Revenue Forgone)","5.94420","57.84439"
"USA","Estados Unidos","2009","Al ingreso","Ingreso no percibido (Revenue Forgone)","6.77434","85.71297"
"USA","Estados Unidos","2010","Al ingreso","Ingreso no percibido (Revenue Forgone)","6.80910","79.51566"
"USA","Estados Unidos","2011","Al ingreso","Ingreso no percibido (Revenue Forgone)","6.87470","72.06997"
"USA","Estados Unidos","2012","Al ingreso","Ingreso no percibido (Revenue Forgone)","6.64536","68.06028"
"USA","Estados Unidos","2013","Al ingreso","Ingreso no percibido (Revenue Forgone)","6.78528","64.86744"
"USA","Estados Unidos","2014","Al ingreso","Ingreso no percibido (Revenue Forgone)","6.63693","60.89067"
"USA","Estados Unidos","2015","Al ingreso","Ingreso no percibido (Revenue Forgone)","6.73601","60.23525"
"USA","Estados Unidos","2016","Al ingreso","Ingreso no percibido (Revenue Forgone)","7.54734","69.53177"
"USA","Estados Unidos","2017","Al ingreso","Ingreso no percibido (Revenue Forgone)","7.51467","65.32285"
"USA","Estados Unidos","2018","Al ingreso","Ingreso no percibido (Revenue Forgone)","6.65841","67.05665"
"USA","Estados Unidos","2019","Al ingreso","Ingreso no percibido (Revenue Forgone)","6.12499","61.95731"
"USA","Estados Unidos","2020","Al ingreso","Ingreso no percibido (Revenue Forgone)","5.82808","57.15881"
"USA","Estados Unidos","2021","Al ingreso","Ingreso no percibido (Revenue Forgone)","5.96199","52.95396"
"USA","Estados Unidos","2022","Al ingreso","Ingreso no percibido (Revenue Forgone)","5.62752","46.68273"
"USA","Estados Unidos","2023","Al ingreso","Ingreso no percibido (Revenue Forgone)","5.57780","54.55702"
"USA","Estados Unidos","2024","Al ingreso","Ingreso no percibido (Revenue Forgone)","5.48907","0.00000"
"USA","Estados Unidos","2025","Al ingreso","Ingreso no percibido (Revenue Forgone)","5.73710","0.00000"
"USA","Estados Unidos","2026","Al ingreso","Ingreso no percibido (Revenue Forgone)","0.00000","0.00000"
"USA","Estados Unidos","2027","Al ingreso","Ingreso no percibido (Revenue Forgone)","0.00000","0.00000"
"EST","Estonia","2009","A los bienes y servicios","Ingreso no percibido (Revenue Forgone)","0.86149","3.02272"
"EST","Estonia","2009","Al ingreso","Ingreso no percibido (Revenue Forgone)","1.66521","5.84269"
"EST","Estonia","2010","A los bienes y servicios","Ingreso no percibido (Revenue Forgone)","0.82833","3.10799"
"EST","Estonia","2010","Al ingreso","Ingreso no percibido (Revenue Forgone)","1.29516","4.85959"
"EST","Estonia","2011","A los bienes y servicios","Ingreso no percibido (Revenue Forgone)","0.64986","2.57698"
"EST","Estonia","2011","Al ingreso","Ingreso no percibido (Revenue Forgone)","1.07574","4.26575"
"EST","Estonia","2012","A los bienes y servicios","Ingreso no percibido (Revenue Forgone)","0.67302","2.65265"
"EST","Estonia","2012","Al ingreso","Ingreso no percibido (Revenue Forgone)","1.03942","4.09675"
"EST","Estonia","2013","A los bienes y servicios","Ingreso no percibido (Revenue Forgone)","0.66044","2.58655"
"EST","Estonia","2013","Al ingreso","Ingreso no percibido (Revenue Forgone)","1.00089","3.91989"
"EST","Estonia","2014","A los bienes y servicios","Ingreso no percibido (Revenue Forgone)","0.68605","2.64822"
"EST","Estonia","2014","Al ingreso","Ingreso no percibido (Revenue Forgone)","1.02917","3.97271"
"EST","Estonia","2015","A los bienes y servicios","Ingreso no percibido (Revenue Forgone)","0.53643","1.99064"
"EST","Estonia","2015","Al ingreso","Ingreso no percibido (Revenue Forgone)","1.06278","3.94384"
"EST","Estonia","2016","A los bienes y servicios","Ingreso no percibido (Revenue Forgone)","0.55208","2.04133"
"EST","Estonia","2016","Al ingreso","Ingreso no percibido (Revenue Forgone)","1.01311","3.74604"
"EST","Estonia","2017","A los bienes y servicios","Ingreso no percibido (Revenue Forgone)","0.56749","2.16863"
"EST","Estonia","2017","Al ingreso","Ingreso no percibido (Revenue Forgone)","1.05733","4.04055"
"EST","Estonia","2018","A los bienes y servicios","Ingreso no percibido (Revenue Forgone)","0.55224","2.08393"
"EST","Estonia","2018","Al ingreso","Ingreso no percibido (Revenue Forgone)","0.21257","0.80217"
"EST","Estonia","2019","A los bienes y servicios","Ingreso no percibido (Revenue Forgone)","0.55528","2.07263"
"EST","Estonia","2019","Al ingreso","Ingreso no percibido (Revenue Forgone)","0.30978","1.15627"
"EST","Estonia","2020","A los bienes y servicios","Ingreso no percibido (Revenue Forgone)","0.48810","1.83089"
"EST","Estonia","2020","Al ingreso","Ingreso no percibido (Revenue Forgone)","0.36182","1.35721"
"EST","Estonia","2021","A los bienes y servicios","Ingreso no percibido (Revenue Forgone)","0.56237","2.04225"
"EST","Estonia","2021","Al ingreso","Ingreso no percibido (Revenue Forgone)","0.45874","1.66590"
"EST","Estonia","2022","A los bienes y servicios","Ingreso no percibido (Revenue Forgone)","0.49914","1.85783"
"EST","Estonia","2022","Al ingreso","Ingreso no percibido (Revenue Forgone)","0.44288","1.64845"
"EST","Estonia","2023","A los bienes y servicios","Ingreso no percibido (Revenue Forgone)","0.49518","1.78903"
"EST","Estonia","2023","Al ingreso","Ingreso no percibido (Revenue Forgone)","0.63842","2.30653"
"EST","Estonia","2024","A los bienes y servicios","Ingreso no percibido (Revenue Forgone)","0.55834","0.00000"
"EST","Estonia","2024","Al ingreso","Ingreso no percibido (Revenue Forgone)","0.82941","0.00000"
"EST","Estonia","2025","A los bienes y servicios","Ingreso no percibido (Revenue Forgone)","0.52453","0.00000"
"EST","Estonia","2025","Al ingreso","Ingreso no percibido (Revenue Forgone)","0.34267","0.00000"
"SWZ","Eswatini","2013","A los bienes y servicios","Ingreso no percibido (Revenue Forgone)","6.75191","24.10661"
"SWZ","Eswatini","2013","Otros","Ingreso no percibido (Revenue Forgone)","5.74089","20.49691"
"SWZ","Eswatini","2016","A los bienes y servicios","Ingreso no percibido (Revenue Forgone)","1.00378","4.30382"
"SWZ","Eswatini","2017","A los bienes y servicios","Ingreso no percibido (Revenue Forgone)","0.47946","1.79580"
"SWZ","Eswatini","2018","A los bienes y servicios","Ingreso no percibido (Revenue Forgone)","0.50203","2.07361"
"SWZ","Eswatini","2019","A los bienes y servicios","Ingreso no percibido (Revenue Forgone)","0.51699","2.05223"
"SWZ","Eswatini","2020","A los bienes y servicios","Ingreso no percibido (Revenue Forgone)","1.06869","3.79950"
"SWZ","Eswatini","2021","A los bienes y servicios","Ingreso no percibido (Revenue Forgone)","0.91806","3.80496"
"SWZ","Eswatini","2022","A los bienes y servicios","Ingreso no percibido (Revenue Forgone)","0.78264","3.40103"
"SWZ","Eswatini","2023","A los bienes y servicios","Ingreso no percibido (Revenue Forgone)","0.63971","0.00000"
"SWZ","Eswatini","2024","A los bienes y servicios","Ingreso no percibido (Revenue Forgone)","0.66222","0.00000"
"ETH","Etiopía","2017","A los bienes y servicios","Ingreso no percibido (Revenue Forgone)","5.66543","74.50661"
"ETH","Etiopía","2018","A los bienes y servicios","Ingreso no percibido (Revenue Forgone)","4.37676","58.20220"
"ETH","Etiopía","2019","A los bienes y servicios","Ingreso no percibido (Revenue Forgone)","3.69142","55.41229"
"ETH","Etiopía","2020","A los bienes y servicios","Ingreso no percibido (Revenue Forgone)","2.32071","37.44882"
"ETH","Etiopía","2021","A los bienes y servicios","Ingreso no percibido (Revenue Forgone)","2.78030","0.00000"
"PHL","Filipinas","2012","A los bienes y servicios","Ingreso no percibido (Revenue Forgone)","0.65646","5.33448"
"PHL","Filipinas","2012","Al ingreso","Ingreso no percibido (Revenue Forgone)","0.78908","6.41223"
"PHL","Filipinas","2013","A los bienes y servicios","Ingreso no percibido (Revenue Forgone)","0.57490","4.51123"
"PHL","Filipinas","2013","Al ingreso","Ingreso no percibido (Revenue Forgone)","0.64335","5.04830"
"PHL","Filipinas","2014","A los bienes y servicios","Ingreso no percibido (Revenue Forgone)","0.28806","2.21322"
"PHL","Filipinas","2014","Al ingreso","Ingreso no percibido (Revenue Forgone)","0.66762","5.12941"
"PHL","Filipinas","2015","A los bienes y servicios","Ingreso no percibido (Revenue Forgone)","0.13012","0.99944"
"PHL","Filipinas","2015","Al ingreso","Ingreso no percibido (Revenue Forgone)","0.61860","4.75131"
"PHL","Filipinas","2016","A los bienes y servicios","Ingreso no percibido (Revenue Forgone)","1.71478","13.10284"
"PHL","Filipinas","2016","Al ingreso","Ingreso no percibido (Revenue Forgone)","0.80081","6.11911"
"PHL","Filipinas","2017","A los bienes y servicios","Ingreso no percibido (Revenue Forgone)","1.89758","13.95919"
"PHL","Filipinas","2017","Al ingreso","Ingreso no percibido (Revenue Forgone)","0.76671","5.64013"
"PHL","Filipinas","2018","A los bienes y servicios","Ingreso no percibido (Revenue Forgone)","2.11974","15.08977"
"PHL","Filipinas","2018","Al ingreso","Ingreso no percibido (Revenue Forgone)","0.71629","5.09903"
"PHL","Filipinas","2018","Otros","Ingreso no percibido (Revenue Forgone)","0.00357","0.02541"
"PHL","Filipinas","2019","A los bienes y servicios","Ingreso no percibido (Revenue Forgone)","1.69609","11.70647"
"PHL","Filipinas","2019","Al ingreso","Ingreso no percibido (Revenue Forgone)","0.76485","5.27905"
"PHL","Filipinas","2019","Otros","Ingreso no percibido (Revenue Forgone)","0.00706","0.04874"
"PHL","Filipinas","2020","A los bienes y servicios","Ingreso no percibido (Revenue Forgone)","2.13048","15.27116"
"PHL","Filipinas","2020","Al ingreso","Ingreso no percibido (Revenue Forgone)","0.38983","2.79426"
"PHL","Filipinas","2020","Otros","Ingreso no percibido (Revenue Forgone)","0.00799","0.05726"
"PHL","Filipinas","2021","A los bienes y servicios","Ingreso no percibido (Revenue Forgone)","1.74822","12.37236"
"PHL","Filipinas","2021","Al ingreso","Ingreso no percibido (Revenue Forgone)","0.15094","1.06820"
"PHL","Filipinas","2021","Otros","Ingreso no percibido (Revenue Forgone)","0.01070","0.07574"
"PHL","Filipinas","2022","A los bienes y servicios","Ingreso no percibido (Revenue Forgone)","1.90971","13.06320"
"PHL","Filipinas","2022","Al ingreso","Ingreso no percibido (Revenue Forgone)","0.21675","1.48265"
"PHL","Filipinas","2022","Otros","Ingreso no percibido (Revenue Forgone)","0.00774","0.05294"
"PHL","Filipinas","2023","A los bienes y servicios","Ingreso no percibido (Revenue Forgone)","1.98640","0.00000"
"PHL","Filipinas","2023","Al ingreso","Ingreso no percibido (Revenue Forgone)","0.21657","0.00000"
"PHL","Filipinas","2023","Otros","Ingreso no percibido (Revenue Forgone)","0.00773","0.00000"
"FIN","Finlandia","1990","A los bienes y servicios","Ingreso no percibido (Revenue Forgone)","-0.13489","-0.59399"
"FIN","Finlandia","1990","Al ingreso","Ingreso no percibido (Revenue Forgone)","8.94002","39.36823"
"FIN","Finlandia","1990","Otros","Ingreso no percibido (Revenue Forgone)","0.25702","1.13183"
"FIN","Finlandia","1991","A los bienes y servicios","Ingreso no percibido (Revenue Forgone)","-0.16246","-0.71151"
"FIN","Finlandia","1991","Al ingreso","Ingreso no percibido (Revenue Forgone)","7.57815","33.18918"
"FIN","Finlandia","1991","Otros","Ingreso no percibido (Revenue Forgone)","0.26509","1.16100"
"FIN","Finlandia","1992","A los bienes y servicios","Ingreso no percibido (Revenue Forgone)","-0.20852","-0.96900"
"FIN","Finlandia","1992","Al ingreso","Ingreso no percibido (Revenue Forgone)","7.72014","35.87487"
"FIN","Finlandia","1992","Otros","Ingreso no percibido (Revenue Forgone)","0.25983","1.20741"
"FIN","Finlandia","1993","A los bienes y servicios","Ingreso no percibido (Revenue Forgone)","-0.13363","-0.65189"
"FIN","Finlandia","1993","Al ingreso","Ingreso no percibido (Revenue Forgone)","6.89242","33.62359"
"FIN","Finlandia","1993","Otros","Ingreso no percibido (Revenue Forgone)","0.23373","1.14024"
"FIN","Finlandia","1994","A los bienes y servicios","Ingreso no percibido (Revenue Forgone)","-0.61227","-2.88978"
"FIN","Finlandia","1994","Al ingreso","Ingreso no percibido (Revenue Forgone)","6.64376","31.35702"
"FIN","Finlandia","1994","Otros","Ingreso no percibido (Revenue Forgone)","0.10944","0.51652"
"FIN","Finlandia","1995","A los bienes y servicios","Ingreso no percibido (Revenue Forgone)","1.49979","7.22865"
"FIN","Finlandia","1995","Al ingreso","Ingreso no percibido (Revenue Forgone)","6.10112","29.40609"
"FIN","Finlandia","1995","Otros","Ingreso no percibido (Revenue Forgone)","0.03413","0.16449"
"FIN","Finlandia","1996","A los bienes y servicios","Ingreso no percibido (Revenue Forgone)","1.63808","7.46201"
"FIN","Finlandia","1996","Al ingreso","Ingreso no percibido (Revenue Forgone)","6.51541","29.67995"
"FIN","Finlandia","1996","Otros","Ingreso no percibido (Revenue Forgone)","0.04119","0.18762"
"FIN","Finlandia","1997","A los bienes y servicios","Ingreso no percibido (Revenue Forgone)","1.79774","7.94093"
"FIN","Finlandia","1997","Al ingreso","Ingreso no percibido (Revenue Forgone)","6.37030","28.13878"
"FIN","Finlandia","1997","Otros","Ingreso no percibido (Revenue Forgone)","0.03331","0.14715"
"FIN","Finlandia","1998","A los bienes y servicios","Ingreso no percibido (Revenue Forgone)","1.56538","6.89077"
"FIN","Finlandia","1998","Al ingreso","Ingreso no percibido (Revenue Forgone)","5.88154","25.89045"
"FIN","Finlandia","1998","Otros","Ingreso no percibido (Revenue Forgone)","0.02956","0.13012"
"FIN","Finlandia","1999","A los bienes y servicios","Ingreso no percibido (Revenue Forgone)","1.31431","5.86954"
"FIN","Finlandia","1999","Al ingreso","Ingreso no percibido (Revenue Forgone)","5.86407","26.18822"
"FIN","Finlandia","1999","Otros","Ingreso no percibido (Revenue Forgone)","0.02971","0.13269"
"FIN","Finlandia","2000","A los bienes y servicios","Ingreso no percibido (Revenue Forgone)","1.28327","5.29166"
"FIN","Finlandia","2000","Al ingreso","Ingreso no percibido (Revenue Forgone)","5.59332","23.06446"
"FIN","Finlandia","2000","Otros","Ingreso no percibido (Revenue Forgone)","0.02464","0.10159"
"FIN","Finlandia","2001","A los bienes y servicios","Ingreso no percibido (Revenue Forgone)","1.15411","5.27185"
"FIN","Finlandia","2001","Al ingreso","Ingreso no percibido (Revenue Forgone)","5.42047","24.76000"
"FIN","Finlandia","2001","Otros","Ingreso no percibido (Revenue Forgone)","0.02095","0.09571"
"FIN","Finlandia","2002","A los bienes y servicios","Ingreso no percibido (Revenue Forgone)","1.07653","4.79014"
"FIN","Finlandia","2002","Al ingreso","Ingreso no percibido (Revenue Forgone)","5.51192","24.52593"
"FIN","Finlandia","2002","Otros","Ingreso no percibido (Revenue Forgone)","0.02014","0.08963"
"FIN","Finlandia","2003","A los bienes y servicios","Ingreso no percibido (Revenue Forgone)","0.88186","3.99695"
"FIN","Finlandia","2003","Al ingreso","Ingreso no percibido (Revenue Forgone)","5.25331","23.81024"
"FIN","Finlandia","2003","Otros","Ingreso no percibido (Revenue Forgone)","0.01911","0.08664"
"FIN","Finlandia","2004","Al ingreso","Ingreso no percibido (Revenue Forgone)","3.31105","15.17803"
"FIN","Finlandia","2009","A los bienes y servicios","Ingreso no percibido (Revenue Forgone)","2.11489","11.19934"
"FIN","Finlandia","2009","Al ingreso","Ingreso no percibido (Revenue Forgone)","7.13291","37.77208"
"FIN","Finlandia","2009","Otros","Ingreso no percibido (Revenue Forgone)","1.40507","7.44048"
"FIN","Finlandia","2010","A los bienes y servicios","Ingreso no percibido (Revenue Forgone)","2.45181","13.18113"
"FIN","Finlandia","2010","Al ingreso","Ingreso no percibido (Revenue Forgone)","7.12422","38.30043"
"FIN","Finlandia","2010","Otros","Ingreso no percibido (Revenue Forgone)","1.57217","8.45215"
"FIN","Finlandia","2011","A los bienes y servicios","Ingreso no percibido (Revenue Forgone)","2.63869","13.15882"
"FIN","Finlandia","2011","Al ingreso","Ingreso no percibido (Revenue Forgone)","7.07597","35.28699"
"FIN","Finlandia","2011","Otros","Ingreso no percibido (Revenue Forgone)","1.48845","7.42273"
"FIN","Finlandia","2012","A los bienes y servicios","Ingreso no percibido (Revenue Forgone)","2.55542","12.64946"
"FIN","Finlandia","2012","Al ingreso","Ingreso no percibido (Revenue Forgone)","7.21287","35.70405"
"FIN","Finlandia","2012","Otros","Ingreso no percibido (Revenue Forgone)","1.46972","7.27520"
"FIN","Finlandia","2013","A los bienes y servicios","Ingreso no percibido (Revenue Forgone)","2.49783","12.05102"
"FIN","Finlandia","2013","Al ingreso","Ingreso no percibido (Revenue Forgone)","7.75048","37.39302"
"FIN","Finlandia","2013","Otros","Ingreso no percibido (Revenue Forgone)","1.47078","7.09595"
"FIN","Finlandia","2014","A los bienes y servicios","Ingreso no percibido (Revenue Forgone)","2.52848","12.19369"
"FIN","Finlandia","2014","Al ingreso","Ingreso no percibido (Revenue Forgone)","7.76372","37.44085"
"FIN","Finlandia","2014","Otros","Ingreso no percibido (Revenue Forgone)","1.32763","6.40257"
"FIN","Finlandia","2015","A los bienes y servicios","Ingreso no percibido (Revenue Forgone)","2.51627","12.22268"
"FIN","Finlandia","2015","Al ingreso","Ingreso no percibido (Revenue Forgone)","7.82094","37.98992"
"FIN","Finlandia","2015","Otros","Ingreso no percibido (Revenue Forgone)","1.30690","6.34822"
"FIN","Finlandia","2016","A los bienes y servicios","Ingreso no percibido (Revenue Forgone)","2.46805","11.75977"
"FIN","Finlandia","2016","Al ingreso","Ingreso no percibido (Revenue Forgone)","7.91129","37.69576"
"FIN","Finlandia","2016","Otros","Ingreso no percibido (Revenue Forgone)","1.26786","6.04113"
"FIN","Finlandia","2017","A los bienes y servicios","Ingreso no percibido (Revenue Forgone)","2.42495","11.61314"
"FIN","Finlandia","2017","Al ingreso","Ingreso no percibido (Revenue Forgone)","8.23610","39.44289"
"FIN","Finlandia","2017","Otros","Ingreso no percibido (Revenue Forgone)","1.22649","5.87370"
"FIN","Finlandia","2018","A los bienes y servicios","Ingreso no percibido (Revenue Forgone)","2.71900","12.96974"
"FIN","Finlandia","2018","Al ingreso","Ingreso no percibido (Revenue Forgone)","8.37196","39.93459"
"FIN","Finlandia","2018","Otros","Ingreso no percibido (Revenue Forgone)","1.20610","5.75313"
"FIN","Finlandia","2019","A los bienes y servicios","Ingreso no percibido (Revenue Forgone)","2.57612","12.39435"
"FIN","Finlandia","2019","Al ingreso","Ingreso no percibido (Revenue Forgone)","8.34235","40.13717"
"FIN","Finlandia","2019","Otros","Ingreso no percibido (Revenue Forgone)","1.17140","5.63591"
"FIN","Finlandia","2020","A los bienes y servicios","Ingreso no percibido (Revenue Forgone)","2.58115","12.90203"
"FIN","Finlandia","2020","Al ingreso","Ingreso no percibido (Revenue Forgone)","8.69379","43.45647"
"FIN","Finlandia","2020","Otros","Ingreso no percibido (Revenue Forgone)","1.33362","6.66617"
"FIN","Finlandia","2021","A los bienes y servicios","Ingreso no percibido (Revenue Forgone)","2.61111","12.53546"
"FIN","Finlandia","2021","Al ingreso","Ingreso no percibido (Revenue Forgone)","8.17843","39.26318"
"FIN","Finlandia","2021","Otros","Ingreso no percibido (Revenue Forgone)","1.10165","5.28880"
"FIN","Finlandia","2022","A los bienes y servicios","Ingreso no percibido (Revenue Forgone)","2.46078","11.60779"
"FIN","Finlandia","2022","Al ingreso","Ingreso no percibido (Revenue Forgone)","7.93657","37.43774"
"FIN","Finlandia","2022","Otros","Ingreso no percibido (Revenue Forgone)","1.08385","5.11264"
"FIN","Finlandia","2023","A los bienes y servicios","Ingreso no percibido (Revenue Forgone)","2.46241","9.67909"
"FIN","Finlandia","2023","Al ingreso","Ingreso no percibido (Revenue Forgone)","8.77257","34.48276"
"FIN","Finlandia","2023","Otros","Ingreso no percibido (Revenue Forgone)","1.08622","4.26964"
"FIN","Finlandia","2024","A los bienes y servicios","Ingreso no percibido (Revenue Forgone)","2.39995","0.00000"
"FIN","Finlandia","2024","Al ingreso","Ingreso no percibido (Revenue Forgone)","8.65801","0.00000"
"FIN","Finlandia","2024","Otros","Ingreso no percibido (Revenue Forgone)","1.05007","0.00000"
"FIN","Finlandia","2025","A los bienes y servicios","Ingreso no percibido (Revenue Forgone)","2.28883","0.00000"
"FIN","Finlandia","2025","Al ingreso","Ingreso no percibido (Revenue Forgone)","8.56718","0.00000"
"FIN","Finlandia","2025","Otros","Ingreso no percibido (Revenue Forgone)","1.02927","0.00000"
"FRA","Francia","1999","A los bienes y servicios","Ingreso no percibido (Revenue Forgone)","0.88752","4.60259"
"FRA","Francia","1999","Al ingreso","Ingreso no percibido (Revenue Forgone)","2.90717","15.07632"
"FRA","Francia","1999","Otros","Ingreso no percibido (Revenue Forgone)","0.00093","0.00482"
"FRA","Francia","2000","A los bienes y servicios","Ingreso no percibido (Revenue Forgone)","0.98469","5.34593"
"FRA","Francia","2000","Al ingreso","Ingreso no percibido (Revenue Forgone)","2.82190","15.32025"
"FRA","Francia","2000","Otros","Ingreso no percibido (Revenue Forgone)","0.00078","0.00424"
"FRA","Francia","2001","A los bienes y servicios","Ingreso no percibido (Revenue Forgone)","0.96448","5.31219"
"FRA","Francia","2001","Al ingreso","Ingreso no percibido (Revenue Forgone)","3.14641","17.32990"
"FRA","Francia","2001","Otros","Ingreso no percibido (Revenue Forgone)","0.00075","0.00414"
"FRA","Francia","2002","A los bienes y servicios","Ingreso no percibido (Revenue Forgone)","0.84026","4.82395"
"FRA","Francia","2002","Al ingreso","Ingreso no percibido (Revenue Forgone)","3.54837","20.37138"
"FRA","Francia","2002","Otros","Ingreso no percibido (Revenue Forgone)","0.00076","0.00436"
"FRA","Francia","2003","A los bienes y servicios","Ingreso no percibido (Revenue Forgone)","0.87936","5.18437"
"FRA","Francia","2003","Al ingreso","Ingreso no percibido (Revenue Forgone)","3.72691","21.97236"
"FRA","Francia","2003","Otros","Ingreso no percibido (Revenue Forgone)","0.00074","0.00436"
"FRA","Francia","2004","A los bienes y servicios","Ingreso no percibido (Revenue Forgone)","0.90277","5.05378"
"FRA","Francia","2004","Al ingreso","Ingreso no percibido (Revenue Forgone)","3.84273","21.51191"
"FRA","Francia","2004","Otros","Ingreso no percibido (Revenue Forgone)","0.00065","0.00363"
"FRA","Francia","2005","A los bienes y servicios","Ingreso no percibido (Revenue Forgone)","1.04367","6.02708"
"FRA","Francia","2005","Al ingreso","Ingreso no percibido (Revenue Forgone)","2.13689","12.34027"
"FRA","Francia","2005","Otros","Ingreso no percibido (Revenue Forgone)","0.00062","0.00361"
"FRA","Francia","2006","A los bienes y servicios","Ingreso no percibido (Revenue Forgone)","1.02670","6.20978"
"FRA","Francia","2006","Al ingreso","Ingreso no percibido (Revenue Forgone)","2.37608","14.37132"
"FRA","Francia","2006","Otros","Ingreso no percibido (Revenue Forgone)","0.00011","0.00066"
"FRA","Francia","2007","A los bienes y servicios","Ingreso no percibido (Revenue Forgone)","0.82683","5.19387"
"FRA","Francia","2007","Al ingreso","Ingreso no percibido (Revenue Forgone)","1.93397","12.14854"
"FRA","Francia","2008","A los bienes y servicios","Ingreso no percibido (Revenue Forgone)","1.01246","6.59114"
"FRA","Francia","2008","Al ingreso","Ingreso no percibido (Revenue Forgone)","2.14769","13.98148"
"FRA","Francia","2009","A los bienes y servicios","Ingreso no percibido (Revenue Forgone)","1.09255","7.91729"
"FRA","Francia","2009","Al ingreso","Ingreso no percibido (Revenue Forgone)","2.54231","18.42313"
"FRA","Francia","2010","A los bienes y servicios","Ingreso no percibido (Revenue Forgone)","1.18127","7.77954"
"FRA","Francia","2010","Al ingreso","Ingreso no percibido (Revenue Forgone)","2.36153","15.55248"
"FRA","Francia","2010","Otros","Ingreso no percibido (Revenue Forgone)","0.00000","0.00000"
"FRA","Francia","2011","A los bienes y servicios","Ingreso no percibido (Revenue Forgone)","1.11098","7.64281"
"FRA","Francia","2011","Al ingreso","Ingreso no percibido (Revenue Forgone)","2.28568","15.72396"
"FRA","Francia","2011","Otros","Ingreso no percibido (Revenue Forgone)","0.00000","0.00000"
"FRA","Francia","2012","A los bienes y servicios","Ingreso no percibido (Revenue Forgone)","1.07940","7.20510"
"FRA","Francia","2012","Al ingreso","Ingreso no percibido (Revenue Forgone)","2.27880","15.21122"
"FRA","Francia","2012","Otros","Ingreso no percibido (Revenue Forgone)","0.00000","0.00000"
"FRA","Francia","2013","A los bienes y servicios","Ingreso no percibido (Revenue Forgone)","1.06751","6.88731"
"FRA","Francia","2013","Al ingreso","Ingreso no percibido (Revenue Forgone)","2.11979","13.67633"
"FRA","Francia","2013","Otros","Ingreso no percibido (Revenue Forgone)","0.00000","0.00000"
"FRA","Francia","2014","A los bienes y servicios","Ingreso no percibido (Revenue Forgone)","1.04020","6.82852"
"FRA","Francia","2014","Al ingreso","Ingreso no percibido (Revenue Forgone)","2.47459","16.24482"
"FRA","Francia","2014","Otros","Ingreso no percibido (Revenue Forgone)","0.00000","0.00000"
"FRA","Francia","2015","A los bienes y servicios","Ingreso no percibido (Revenue Forgone)","1.06959","6.99512"
"FRA","Francia","2015","Al ingreso","Ingreso no percibido (Revenue Forgone)","2.69506","17.62565"
"FRA","Francia","2015","Otros","Ingreso no percibido (Revenue Forgone)","0.00000","0.00000"
"FRA","Francia","2016","A los bienes y servicios","Ingreso no percibido (Revenue Forgone)","1.10941","7.30302"
"FRA","Francia","2016","Al ingreso","Ingreso no percibido (Revenue Forgone)","2.62817","17.30072"
"FRA","Francia","2016","Otros","Ingreso no percibido (Revenue Forgone)","0.00000","0.00000"
"FRA","Francia","2017","A los bienes y servicios","Ingreso no percibido (Revenue Forgone)","1.21557","7.66794"
"FRA","Francia","2017","Al ingreso","Ingreso no percibido (Revenue Forgone)","2.76321","17.43061"
"FRA","Francia","2017","Otros","Ingreso no percibido (Revenue Forgone)","0.00000","0.00000"
"FRA","Francia","2018","A los bienes y servicios","Ingreso no percibido (Revenue Forgone)","1.14445","7.38502"
"FRA","Francia","2018","Al ingreso","Ingreso no percibido (Revenue Forgone)","2.94842","19.02583"
"FRA","Francia","2018","Otros","Ingreso no percibido (Revenue Forgone)","0.00501","0.03233"
"FRA","Francia","2019","A los bienes y servicios","Ingreso no percibido (Revenue Forgone)","1.12688","7.65878"
"FRA","Francia","2019","Al ingreso","Ingreso no percibido (Revenue Forgone)","2.86016","19.43895"
"FRA","Francia","2019","Otros","Ingreso no percibido (Revenue Forgone)","0.00596","0.04052"
"FRA","Francia","2020","A los bienes y servicios","Ingreso no percibido (Revenue Forgone)","1.13179","7.74033"
"FRA","Francia","2020","Al ingreso","Ingreso no percibido (Revenue Forgone)","2.72836","18.65932"
"FRA","Francia","2020","Otros","Ingreso no percibido (Revenue Forgone)","0.00651","0.04455"
"FRA","Francia","2021","A los bienes y servicios","Ingreso no percibido (Revenue Forgone)","1.14637","8.26091"
"FRA","Francia","2021","Al ingreso","Ingreso no percibido (Revenue Forgone)","2.37762","17.13351"
"FRA","Francia","2021","Otros","Ingreso no percibido (Revenue Forgone)","0.00658","0.04741"
"FRA","Francia","2022","A los bienes y servicios","Ingreso no percibido (Revenue Forgone)","0.72730","5.11438"
"FRA","Francia","2022","Al ingreso","Ingreso no percibido (Revenue Forgone)","2.44866","17.21900"
"FRA","Francia","2022","Otros","Ingreso no percibido (Revenue Forgone)","0.00686","0.04822"
"FRA","Francia","2023","A los bienes y servicios","Ingreso no percibido (Revenue Forgone)","0.69341","5.32987"
"FRA","Francia","2023","Al ingreso","Ingreso no percibido (Revenue Forgone)","2.18985","16.83215"
"FRA","Francia","2023","Otros","Ingreso no percibido (Revenue Forgone)","0.00683","0.05249"
"FRA","Francia","2024","A los bienes y servicios","Ingreso no percibido (Revenue Forgone)","0.76808","0.00000"
"FRA","Francia","2024","Al ingreso","Ingreso no percibido (Revenue Forgone)","1.95737","0.00000"
"FRA","Francia","2024","Otros","Ingreso no percibido (Revenue Forgone)","0.00702","0.00000"
"FRA","Francia","2025","A los bienes y servicios","Ingreso no percibido (Revenue Forgone)","0.69427","0.00000"
"FRA","Francia","2025","Al ingreso","Ingreso no percibido (Revenue Forgone)","1.83563","0.00000"
"FRA","Francia","2025","Otros","Ingreso no percibido (Revenue Forgone)","0.00698","0.00000"
"GAB","Gabón","2016","A los bienes y servicios","Ingreso no percibido (Revenue Forgone)","1.25538","10.42258"
"GAB","Gabón","2017","A los bienes y servicios","Ingreso no percibido (Revenue Forgone)","1.21835","13.71688"
"GAB","Gabón","2018","A los bienes y servicios","Ingreso no percibido (Revenue Forgone)","0.90519","9.72184"
"GAB","Gabón","2019","A los bienes y servicios","Ingreso no percibido (Revenue Forgone)","1.11076","10.26353"
"GAB","Gabón","2020","A los bienes y servicios","Ingreso no percibido (Revenue Forgone)","1.27629","12.34465"
"GAB","Gabón","2021","A los bienes y servicios","Ingreso no percibido (Revenue Forgone)","1.01141","11.18140"
"GAB","Gabón","2022","A los bienes y servicios","Ingreso no percibido (Revenue Forgone)","0.87728","10.65844"
"GEO","Georgia","2018","A los bienes y servicios","Ingreso no percibido (Revenue Forgone)","5.23714","23.75350"
"GEO","Georgia","2018","Al ingreso","Ingreso no percibido (Revenue Forgone)","0.86737","3.93403"
"GEO","Georgia","2019","A los bienes y servicios","Ingreso no percibido (Revenue Forgone)","6.48413","28.31836"
"GEO","Georgia","2019","Al ingreso","Ingreso no percibido (Revenue Forgone)","0.57037","2.49098"
"GEO","Georgia","2020","A los bienes y servicios","Ingreso no percibido (Revenue Forgone)","5.92721","27.98392"
"GEO","Georgia","2020","Al ingreso","Ingreso no percibido (Revenue Forgone)","0.61265","2.89246"
"GEO","Georgia","2021","A los bienes y servicios","Ingreso no percibido (Revenue Forgone)","6.79978","31.66682"
"GEO","Georgia","2021","Al ingreso","Ingreso no percibido (Revenue Forgone)","0.54860","2.55483"
"GEO","Georgia","2022","A los bienes y servicios","Ingreso no percibido (Revenue Forgone)","6.70299","29.26780"
"GEO","Georgia","2022","Al ingreso","Ingreso no percibido (Revenue Forgone)","0.53700","2.34476"
"GEO","Georgia","2023","A los bienes y servicios","Ingreso no percibido (Revenue Forgone)","6.83506","0.00000"
"GEO","Georgia","2023","Al ingreso","Ingreso no percibido (Revenue Forgone)","0.49926","0.00000"
"GHA","Ghana","2017","A los bienes y servicios","Ingreso no percibido (Revenue Forgone)","1.20437","9.73032"
"GHA","Ghana","2017","Otros","Ingreso no percibido (Revenue Forgone)","0.03690","0.29808"
"GHA","Ghana","2018","A los bienes y servicios","Ingreso no percibido (Revenue Forgone)","0.92749","7.22877"
"GHA","Ghana","2018","Otros","Ingreso no percibido (Revenue Forgone)","0.03453","0.26911"
"GHA","Ghana","2019","A los bienes y servicios","Ingreso no percibido (Revenue Forgone)","0.93059","7.46957"
"GHA","Ghana","2019","Otros","Ingreso no percibido (Revenue Forgone)","0.05418","0.43487"
"GHA","Ghana","2020","A los bienes y servicios","Ingreso no percibido (Revenue Forgone)","0.63545","5.26383"
"GHA","Ghana","2020","Otros","Ingreso no percibido (Revenue Forgone)","0.16992","1.40753"
"GHA","Ghana","2021","A los bienes y servicios","Ingreso no percibido (Revenue Forgone)","0.67984","5.14212"
"GHA","Ghana","2021","Otros","Ingreso no percibido (Revenue Forgone)","0.07415","0.56085"
"GHA","Ghana","2022","A los bienes y servicios","Ingreso no percibido (Revenue Forgone)","0.71448","5.45347"
"GHA","Ghana","2022","Otros","Ingreso no percibido (Revenue Forgone)","0.06760","0.51599"
"GHA","Ghana","2023","A los bienes y servicios","Ingreso no percibido (Revenue Forgone)","0.49055","3.82096"
"GHA","Ghana","2023","Otros","Ingreso no percibido (Revenue Forgone)","0.02974","0.23165"
"GHA","Ghana","2024","A los bienes y servicios","Ingreso no percibido (Revenue Forgone)","0.46544","0.00000"
"GHA","Ghana","2024","Otros","Ingreso no percibido (Revenue Forgone)","0.05666","0.00000"
"GHA","Ghana","2025","A los bienes y servicios","Ingreso no percibido (Revenue Forgone)","0.43549","0.00000"
"GHA","Ghana","2025","Otros","Ingreso no percibido (Revenue Forgone)","0.06040","0.00000"
"GHA","Ghana","2026","A los bienes y servicios","Ingreso no percibido (Revenue Forgone)","0.00000","0.00000"
"GHA","Ghana","2026","Otros","Ingreso no percibido (Revenue Forgone)","0.00000","0.00000"
"GRC","Grecia","2012","A los bienes y servicios","Ingreso no percibido (Revenue Forgone)","1.22256","4.38894"
"GRC","Grecia","2012","Al ingreso","Ingreso no percibido (Revenue Forgone)","0.18324","0.65783"
"GRC","Grecia","2012","Otros","Ingreso no percibido (Revenue Forgone)","0.29038","1.04244"
"GRC","Grecia","2013","A los bienes y servicios","Ingreso no percibido (Revenue Forgone)","1.37124","5.00332"
"GRC","Grecia","2013","Al ingreso","Ingreso no percibido (Revenue Forgone)","0.15717","0.57348"
"GRC","Grecia","2013","Otros","Ingreso no percibido (Revenue Forgone)","0.30567","1.11530"
"GRC","Grecia","2014","A los bienes y servicios","Ingreso no percibido (Revenue Forgone)","1.41065","4.98436"
"GRC","Grecia","2014","Al ingreso","Ingreso no percibido (Revenue Forgone)","0.16306","0.57617"
"GRC","Grecia","2014","Otros","Ingreso no percibido (Revenue Forgone)","0.24358","0.86066"
"GRC","Grecia","2015","A los bienes y servicios","Ingreso no percibido (Revenue Forgone)","1.44444","5.06128"
"GRC","Grecia","2015","Al ingreso","Ingreso no percibido (Revenue Forgone)","0.61818","2.16610"
"GRC","Grecia","2015","Otros","Ingreso no percibido (Revenue Forgone)","0.06147","0.21539"
"GRC","Grecia","2016","A los bienes y servicios","Ingreso no percibido (Revenue Forgone)","1.45763","4.83387"
"GRC","Grecia","2016","Al ingreso","Ingreso no percibido (Revenue Forgone)","0.77541","2.57145"
"GRC","Grecia","2016","Otros","Ingreso no percibido (Revenue Forgone)","2.05492","6.81463"
"GRC","Grecia","2017","A los bienes y servicios","Ingreso no percibido (Revenue Forgone)","1.81943","6.20788"
"GRC","Grecia","2017","Al ingreso","Ingreso no percibido (Revenue Forgone)","2.08066","7.09920"
"GRC","Grecia","2017","Otros","Ingreso no percibido (Revenue Forgone)","0.09661","0.32962"
"GRC","Grecia","2018","A los bienes y servicios","Ingreso no percibido (Revenue Forgone)","1.71142","5.81601"
"GRC","Grecia","2018","Al ingreso","Ingreso no percibido (Revenue Forgone)","0.59408","2.01890"
"GRC","Grecia","2018","Otros","Ingreso no percibido (Revenue Forgone)","2.01189","6.83712"
"GRC","Grecia","2019","A los bienes y servicios","Ingreso no percibido (Revenue Forgone)","1.87558","7.24265"
"GRC","Grecia","2019","Al ingreso","Ingreso no percibido (Revenue Forgone)","0.66781","2.57878"
"GRC","Grecia","2019","Otros","Ingreso no percibido (Revenue Forgone)","2.08292","8.04332"
"GRC","Grecia","2020","A los bienes y servicios","Ingreso no percibido (Revenue Forgone)","1.61378","6.46656"
"GRC","Grecia","2020","Al ingreso","Ingreso no percibido (Revenue Forgone)","0.70607","2.82926"
"GRC","Grecia","2020","Otros","Ingreso no percibido (Revenue Forgone)","2.52872","10.13277"
"GRC","Grecia","2021","A los bienes y servicios","Ingreso no percibido (Revenue Forgone)","1.45165","5.68909"
"GRC","Grecia","2021","Al ingreso","Ingreso no percibido (Revenue Forgone)","2.89520","11.34641"
"GRC","Grecia","2021","Otros","Ingreso no percibido (Revenue Forgone)","2.10198","8.23773"
"GRC","Grecia","2022","A los bienes y servicios","Ingreso no percibido (Revenue Forgone)","1.34987","4.90175"
"GRC","Grecia","2022","Al ingreso","Ingreso no percibido (Revenue Forgone)","2.86587","10.40676"
"GRC","Grecia","2022","Otros","Ingreso no percibido (Revenue Forgone)","2.65301","9.63380"
"GRC","Grecia","2023","A los bienes y servicios","Ingreso no percibido (Revenue Forgone)","1.31899","4.97077"
"GRC","Grecia","2023","Al ingreso","Ingreso no percibido (Revenue Forgone)","2.46821","9.30173"
"GRC","Grecia","2023","Otros","Ingreso no percibido (Revenue Forgone)","3.99759","15.06536"
"GTM","Guatemala","2005","A los bienes y servicios","Ingreso no percibido (Revenue Forgone)","1.60692","14.51241"
"GTM","Guatemala","2005","Al ingreso","Ingreso no percibido (Revenue Forgone)","6.08594","54.96324"
"GTM","Guatemala","2005","Otros","Ingreso no percibido (Revenue Forgone)","0.00153","0.01385"
"GTM","Guatemala","2006","A los bienes y servicios","Ingreso no percibido (Revenue Forgone)","1.63642","13.99254"
"GTM","Guatemala","2006","Al ingreso","Ingreso no percibido (Revenue Forgone)","6.10210","52.17716"
"GTM","Guatemala","2006","Otros","Ingreso no percibido (Revenue Forgone)","0.00191","0.01631"
"GTM","Guatemala","2007","A los bienes y servicios","Ingreso no percibido (Revenue Forgone)","1.75627","14.65086"
"GTM","Guatemala","2007","Al ingreso","Ingreso no percibido (Revenue Forgone)","6.09425","50.83847"
"GTM","Guatemala","2007","Otros","Ingreso no percibido (Revenue Forgone)","0.00175","0.01458"
"GTM","Guatemala","2008","A los bienes y servicios","Ingreso no percibido (Revenue Forgone)","1.71890","15.33939"
"GTM","Guatemala","2008","Al ingreso","Ingreso no percibido (Revenue Forgone)","6.06334","54.10894"
"GTM","Guatemala","2008","Otros","Ingreso no percibido (Revenue Forgone)","0.00153","0.01368"
"GTM","Guatemala","2009","A los bienes y servicios","Ingreso no percibido (Revenue Forgone)","1.40457","13.29377"
"GTM","Guatemala","2009","Al ingreso","Ingreso no percibido (Revenue Forgone)","4.52324","42.81082"
"GTM","Guatemala","2009","Otros","Ingreso no percibido (Revenue Forgone)","0.00162","0.01534"
"GTM","Guatemala","2010","A los bienes y servicios","Ingreso no percibido (Revenue Forgone)","1.50578","14.05544"
"GTM","Guatemala","2010","Al ingreso","Ingreso no percibido (Revenue Forgone)","4.81329","44.92887"
"GTM","Guatemala","2010","Otros","Ingreso no percibido (Revenue Forgone)","0.00146","0.01366"
"GTM","Guatemala","2011","A los bienes y servicios","Ingreso no percibido (Revenue Forgone)","1.65114","14.72217"
"GTM","Guatemala","2011","Al ingreso","Ingreso no percibido (Revenue Forgone)","5.11873","45.64035"
"GTM","Guatemala","2011","Otros","Ingreso no percibido (Revenue Forgone)","0.00143","0.01279"
"GTM","Guatemala","2012","A los bienes y servicios","Ingreso no percibido (Revenue Forgone)","1.70035","15.09142"
"GTM","Guatemala","2012","Al ingreso","Ingreso no percibido (Revenue Forgone)","5.24766","46.57558"
"GTM","Guatemala","2012","Otros","Ingreso no percibido (Revenue Forgone)","0.00224","0.01987"
"GTM","Guatemala","2013","A los bienes y servicios","Ingreso no percibido (Revenue Forgone)","1.69570","14.81594"
"GTM","Guatemala","2013","Al ingreso","Ingreso no percibido (Revenue Forgone)","1.12167","9.80039"
"GTM","Guatemala","2013","Otros","Ingreso no percibido (Revenue Forgone)","0.00748","0.06533"
"GTM","Guatemala","2014","A los bienes y servicios","Ingreso no percibido (Revenue Forgone)","1.69999","14.73290"
"GTM","Guatemala","2014","Al ingreso","Ingreso no percibido (Revenue Forgone)","1.08365","9.39146"
"GTM","Guatemala","2014","Otros","Ingreso no percibido (Revenue Forgone)","0.00405","0.03506"
"GTM","Guatemala","2015","A los bienes y servicios","Ingreso no percibido (Revenue Forgone)","1.65847","14.95034"
"GTM","Guatemala","2015","Al ingreso","Ingreso no percibido (Revenue Forgone)","1.04562","9.42576"
"GTM","Guatemala","2015","Otros","Ingreso no percibido (Revenue Forgone)","0.00400","0.03609"
"GTM","Guatemala","2016","A los bienes y servicios","Ingreso no percibido (Revenue Forgone)","1.59651","14.22014"
"GTM","Guatemala","2016","Al ingreso","Ingreso no percibido (Revenue Forgone)","0.81337","7.24465"
"GTM","Guatemala","2016","Otros","Ingreso no percibido (Revenue Forgone)","0.00384","0.03423"
"GTM","Guatemala","2017","A los bienes y servicios","Ingreso no percibido (Revenue Forgone)","1.68404","17.17810"
"GTM","Guatemala","2017","Al ingreso","Ingreso no percibido (Revenue Forgone)","0.79264","8.08534"
"GTM","Guatemala","2017","Otros","Ingreso no percibido (Revenue Forgone)","0.00353","0.03598"
"GTM","Guatemala","2018","A los bienes y servicios","Ingreso no percibido (Revenue Forgone)","1.74805","15.38062"
"GTM","Guatemala","2018","Al ingreso","Ingreso no percibido (Revenue Forgone)","0.83110","7.31258"
"GTM","Guatemala","2018","Otros","Ingreso no percibido (Revenue Forgone)","0.00324","0.02855"
"GTM","Guatemala","2019","A los bienes y servicios","Ingreso no percibido (Revenue Forgone)","1.71592","15.26310"
"GTM","Guatemala","2019","Al ingreso","Ingreso no percibido (Revenue Forgone)","0.82934","7.37696"
"GTM","Guatemala","2019","Otros","Ingreso no percibido (Revenue Forgone)","0.00231","0.02059"
"GTM","Guatemala","2020","A los bienes y servicios","Ingreso no percibido (Revenue Forgone)","1.87225","17.38718"
"GTM","Guatemala","2020","Al ingreso","Ingreso no percibido (Revenue Forgone)","0.82017","7.61676"
"GTM","Guatemala","2020","Otros","Ingreso no percibido (Revenue Forgone)","0.00206","0.01913"
"GTM","Guatemala","2021","A los bienes y servicios","Ingreso no percibido (Revenue Forgone)","1.85955","15.11292"
"GTM","Guatemala","2021","Al ingreso","Ingreso no percibido (Revenue Forgone)","0.88915","7.22624"
"GTM","Guatemala","2021","Otros","Ingreso no percibido (Revenue Forgone)","0.00245","0.01991"
"GTM","Guatemala","2022","A los bienes y servicios","Ingreso no percibido (Revenue Forgone)","1.81638","14.50846"
"GTM","Guatemala","2022","Al ingreso","Ingreso no percibido (Revenue Forgone)","0.85508","6.82999"
"GTM","Guatemala","2022","Otros","Ingreso no percibido (Revenue Forgone)","0.00321","0.02566"
"GTM","Guatemala","2023","A los bienes y servicios","Ingreso no percibido (Revenue Forgone)","1.39978","0.00000"
"GTM","Guatemala","2023","Al ingreso","Ingreso no percibido (Revenue Forgone)","0.71005","0.00000"
"GTM","Guatemala","2023","Otros","Ingreso no percibido (Revenue Forgone)","0.00817","0.00000"
"GIN","Guinea","2016","A los bienes y servicios","Ingreso no percibido (Revenue Forgone)","1.86620","13.16204"
"GIN","Guinea","2016","Al ingreso","Ingreso no percibido (Revenue Forgone)","0.34473","2.43133"
"GIN","Guinea","2017","A los bienes y servicios","Ingreso no percibido (Revenue Forgone)","2.53460","19.11369"
"GIN","Guinea","2017","Al ingreso","Ingreso no percibido (Revenue Forgone)","0.35283","2.66073"
"GIN","Guinea","2018","A los bienes y servicios","Ingreso no percibido (Revenue Forgone)","1.46294","11.48562"
"GIN","Guinea","2018","Al ingreso","Ingreso no percibido (Revenue Forgone)","0.26659","2.09298"
"GIN","Guinea","2023","A los bienes y servicios","Ingreso no percibido (Revenue Forgone)","1.19018","10.07141"
"GIN","Guinea","2023","Al ingreso","Ingreso no percibido (Revenue Forgone)","0.57457","4.86201"
"GIN","Guinea","2023","Otros","Ingreso no percibido (Revenue Forgone)","0.00000","0.00000"
"HND","Honduras","2017","A los bienes y servicios","Ingreso no percibido (Revenue Forgone)","4.64628","25.05403"
"HND","Honduras","2017","Al ingreso","Ingreso no percibido (Revenue Forgone)","2.16230","11.65973"
"HND","Honduras","2018","A los bienes y servicios","Ingreso no percibido (Revenue Forgone)","4.28657","23.25175"
"HND","Honduras","2018","Al ingreso","Ingreso no percibido (Revenue Forgone)","2.67693","14.52056"
"HND","Honduras","2018","Otros","Ingreso no percibido (Revenue Forgone)","0.00017","0.00094"
"HND","Honduras","2019","A los bienes y servicios","Ingreso no percibido (Revenue Forgone)","4.59584","26.08637"
"HND","Honduras","2019","Al ingreso","Ingreso no percibido (Revenue Forgone)","2.22281","12.61686"
"HND","Honduras","2020","A los bienes y servicios","Ingreso no percibido (Revenue Forgone)","4.68017","31.06419"
"HND","Honduras","2020","Al ingreso","Ingreso no percibido (Revenue Forgone)","2.24111","14.87519"
"HND","Honduras","2021","A los bienes y servicios","Ingreso no percibido (Revenue Forgone)","4.69567","27.30617"
"HND","Honduras","2021","Al ingreso","Ingreso no percibido (Revenue Forgone)","2.66523","15.49881"
"HND","Honduras","2022","A los bienes y servicios","Ingreso no percibido (Revenue Forgone)","4.26847","24.34378"
"HND","Honduras","2022","Al ingreso","Ingreso no percibido (Revenue Forgone)","2.33977","13.34410"
"HND","Honduras","2023","A los bienes y servicios","Ingreso no percibido (Revenue Forgone)","4.57254","0.00000"
"HND","Honduras","2023","Al ingreso","Ingreso no percibido (Revenue Forgone)","1.92849","0.00000"
"HUN","Hungría","2013","A los bienes y servicios","Ingreso no percibido (Revenue Forgone)","0.39679","1.72417"
"HUN","Hungría","2013","Al ingreso","Ingreso no percibido (Revenue Forgone)","1.85411","8.05665"
"HUN","Hungría","2014","A los bienes y servicios","Ingreso no percibido (Revenue Forgone)","0.42404","1.82591"
"HUN","Hungría","2014","Al ingreso","Ingreso no percibido (Revenue Forgone)","1.86037","8.01067"
"HUN","Hungría","2015","A los bienes y servicios","Ingreso no percibido (Revenue Forgone)","0.46077","1.97302"
"HUN","Hungría","2015","Al ingreso","Ingreso no percibido (Revenue Forgone)","1.81365","7.76599"
"HUN","Hungría","2016","A los bienes y servicios","Ingreso no percibido (Revenue Forgone)","0.51801","2.21583"
"HUN","Hungría","2016","Al ingreso","Ingreso no percibido (Revenue Forgone)","2.12961","9.10952"
"HUN","Hungría","2017","A los bienes y servicios","Ingreso no percibido (Revenue Forgone)","0.53895","2.30091"
"HUN","Hungría","2017","Al ingreso","Ingreso no percibido (Revenue Forgone)","1.71014","7.30105"
"HUN","Hungría","2018","A los bienes y servicios","Ingreso no percibido (Revenue Forgone)","0.50891","2.25377"
"HUN","Hungría","2018","Al ingreso","Ingreso no percibido (Revenue Forgone)","1.62442","7.19397"
"HUN","Hungría","2019","A los bienes y servicios","Ingreso no percibido (Revenue Forgone)","0.46391","2.05194"
"HUN","Hungría","2019","Al ingreso","Ingreso no percibido (Revenue Forgone)","1.67906","7.42674"
"HUN","Hungría","2020","A los bienes y servicios","Ingreso no percibido (Revenue Forgone)","0.47072","2.05286"
"HUN","Hungría","2020","Al ingreso","Ingreso no percibido (Revenue Forgone)","1.84725","8.05596"
"HUN","Hungría","2021","A los bienes y servicios","Ingreso no percibido (Revenue Forgone)","0.45140","2.09593"
"HUN","Hungría","2021","Al ingreso","Ingreso no percibido (Revenue Forgone)","1.79309","8.32565"
"HUN","Hungría","2022","A los bienes y servicios","Ingreso no percibido (Revenue Forgone)","0.45065","1.90580"
"HUN","Hungría","2022","Al ingreso","Ingreso no percibido (Revenue Forgone)","1.96200","8.29735"
"HUN","Hungría","2023","A los bienes y servicios","Ingreso no percibido (Revenue Forgone)","0.41750","1.85720"
"HUN","Hungría","2023","Al ingreso","Ingreso no percibido (Revenue Forgone)","1.97442","8.78298"
"HUN","Hungría","2024","A los bienes y servicios","Ingreso no percibido (Revenue Forgone)","0.38570","0.00000"
"HUN","Hungría","2024","Al ingreso","Ingreso no percibido (Revenue Forgone)","1.98763","0.00000"
"HUN","Hungría","2025","A los bienes y servicios","Ingreso no percibido (Revenue Forgone)","0.26948","0.00000"
"HUN","Hungría","2025","Al ingreso","Ingreso no percibido (Revenue Forgone)","1.74960","0.00000"
"IND","India","2005","A los bienes y servicios","Ingreso no percibido (Revenue Forgone)","2.41112","23.86409"
"IND","India","2005","Al ingreso","Ingreso no percibido (Revenue Forgone)","1.95701","19.36949"
"IND","India","2006","A los bienes y servicios","Ingreso no percibido (Revenue Forgone)","3.68775","33.07796"
"IND","India","2006","Al ingreso","Ingreso no percibido (Revenue Forgone)","1.17049","10.49893"
"IND","India","2007","A los bienes y servicios","Ingreso no percibido (Revenue Forgone)","3.31801","27.36671"
"IND","India","2007","Al ingreso","Ingreso no percibido (Revenue Forgone)","1.57547","12.99438"
"IND","India","2008","A los bienes y servicios","Ingreso no percibido (Revenue Forgone)","3.35127","30.44778"
"IND","India","2008","Al ingreso","Ingreso no percibido (Revenue Forgone)","1.81814","16.51862"
"IND","India","2009","A los bienes y servicios","Ingreso no percibido (Revenue Forgone)","4.98070","50.60186"
"IND","India","2009","Al ingreso","Ingreso no percibido (Revenue Forgone)","1.64097","16.67159"
"IND","India","2010","A los bienes y servicios","Ingreso no percibido (Revenue Forgone)","4.77325","45.80089"
"IND","India","2010","Al ingreso","Ingreso no percibido (Revenue Forgone)","1.54591","14.83352"
"IND","India","2011","A los bienes y servicios","Ingreso no percibido (Revenue Forgone)","4.17758","40.97879"
"IND","India","2011","Al ingreso","Ingreso no percibido (Revenue Forgone)","1.08440","10.63714"
"IND","India","2012","A los bienes y servicios","Ingreso no percibido (Revenue Forgone)","4.34877","40.01758"
"IND","India","2012","Al ingreso","Ingreso no percibido (Revenue Forgone)","1.01711","9.35946"
"IND","India","2013","A los bienes y servicios","Ingreso no percibido (Revenue Forgone)","4.13028","37.46074"
"IND","India","2013","Al ingreso","Ingreso no percibido (Revenue Forgone)","0.91027","8.25598"
"IND","India","2014","A los bienes y servicios","Ingreso no percibido (Revenue Forgone)","3.66488","36.66544"
"IND","India","2014","Al ingreso","Ingreso no percibido (Revenue Forgone)","0.74629","7.46632"
"IND","India","2015","A los bienes y servicios","Ingreso no percibido (Revenue Forgone)","3.16408","29.90168"
"IND","India","2015","Al ingreso","Ingreso no percibido (Revenue Forgone)","0.86113","8.13794"
"IND","India","2016","A los bienes y servicios","Ingreso no percibido (Revenue Forgone)","0.96443","8.70118"
"IND","India","2016","Al ingreso","Ingreso no percibido (Revenue Forgone)","0.90086","8.12765"
"IND","India","2017","A los bienes y servicios","Ingreso no percibido (Revenue Forgone)","0.85584","7.63557"
"IND","India","2017","Al ingreso","Ingreso no percibido (Revenue Forgone)","0.91188","8.13548"
"IND","India","2018","A los bienes y servicios","Ingreso no percibido (Revenue Forgone)","0.28415","2.36157"
"IND","India","2018","Al ingreso","Ingreso no percibido (Revenue Forgone)","0.97134","8.07271"
"IND","India","2019","A los bienes y servicios","Ingreso no percibido (Revenue Forgone)","0.37681","0.00000"
"IND","India","2019","Al ingreso","Ingreso no percibido (Revenue Forgone)","1.04605","0.00000"
"IND","India","2020","A los bienes y servicios","Ingreso no percibido (Revenue Forgone)","0.39848","0.00000"
"IND","India","2020","Al ingreso","Ingreso no percibido (Revenue Forgone)","1.17052","0.00000"
"IND","India","2021","A los bienes y servicios","Ingreso no percibido (Revenue Forgone)","0.26602","0.00000"
"IND","India","2021","Al ingreso","Ingreso no percibido (Revenue Forgone)","0.89499","0.00000"
"IND","India","2022","A los bienes y servicios","Ingreso no percibido (Revenue Forgone)","0.14012","0.00000"
"IND","India","2022","Al ingreso","Ingreso no percibido (Revenue Forgone)","1.02072","0.00000"
"IND","India","2023","A los bienes y servicios","Ingreso no percibido (Revenue Forgone)","0.11282","0.00000"
"IND","India","2023","Al ingreso","Ingreso no percibido (Revenue Forgone)","1.02719","0.00000"
"IND","India","2024","A los bienes y servicios","Ingreso no percibido (Revenue Forgone)","0.11264","0.00000"
"IDN","Indonesia","2016","A los bienes y servicios","Ingreso no percibido (Revenue Forgone)","0.68026","6.56529"
"IDN","Indonesia","2016","Al ingreso","Ingreso no percibido (Revenue Forgone)","0.62115","5.99479"
"IDN","Indonesia","2016","Otros","Ingreso no percibido (Revenue Forgone)","0.00015","0.00140"
"IDN","Indonesia","2017","A los bienes y servicios","Ingreso no percibido (Revenue Forgone)","0.71816","7.26168"
"IDN","Indonesia","2017","Al ingreso","Ingreso no percibido (Revenue Forgone)","0.68004","6.87619"
"IDN","Indonesia","2017","Otros","Ingreso no percibido (Revenue Forgone)","0.00060","0.00610"
"IDN","Indonesia","2018","A los bienes y servicios","Ingreso no percibido (Revenue Forgone)","0.81100","7.91203"
"IDN","Indonesia","2018","Al ingreso","Ingreso no percibido (Revenue Forgone)","0.67297","6.56548"
"IDN","Indonesia","2018","Otros","Ingreso no percibido (Revenue Forgone)","0.00051","0.00493"
"IDN","Indonesia","2019","A los bienes y servicios","Ingreso no percibido (Revenue Forgone)","1.05178","10.77832"
"IDN","Indonesia","2019","Al ingreso","Ingreso no percibido (Revenue Forgone)","0.62982","6.45424"
"IDN","Indonesia","2019","Otros","Ingreso no percibido (Revenue Forgone)","0.00037","0.00375"
"IDN","Indonesia","2020","A los bienes y servicios","Ingreso no percibido (Revenue Forgone)","1.00426","12.06942"
"IDN","Indonesia","2020","Al ingreso","Ingreso no percibido (Revenue Forgone)","0.58912","7.08016"
"IDN","Indonesia","2020","Otros","Ingreso no percibido (Revenue Forgone)","0.00031","0.00374"
"IDN","Indonesia","2021","A los bienes y servicios","Ingreso no percibido (Revenue Forgone)","1.13539","12.45168"
"IDN","Indonesia","2021","Al ingreso","Ingreso no percibido (Revenue Forgone)","0.71746","7.86835"
"IDN","Indonesia","2021","Otros","Ingreso no percibido (Revenue Forgone)","0.00024","0.00258"
"IDN","Indonesia","2022","A los bienes y servicios","Ingreso no percibido (Revenue Forgone)","1.08451","10.43926"
"IDN","Indonesia","2022","Al ingreso","Ingreso no percibido (Revenue Forgone)","0.65674","6.32162"
"IDN","Indonesia","2022","Otros","Ingreso no percibido (Revenue Forgone)","0.00016","0.00157"
"IDN","Indonesia","2023","A los bienes y servicios","Ingreso no percibido (Revenue Forgone)","1.11011","10.76732"
"IDN","Indonesia","2023","Al ingreso","Ingreso no percibido (Revenue Forgone)","0.62128","6.02600"
"IDN","Indonesia","2023","Otros","Ingreso no percibido (Revenue Forgone)","0.00353","0.03422"
"IDN","Indonesia","2024","A los bienes y servicios","Ingreso no percibido (Revenue Forgone)","1.17682","0.00000"
"IDN","Indonesia","2024","Al ingreso","Ingreso no percibido (Revenue Forgone)","0.62620","0.00000"
"IDN","Indonesia","2024","Otros","Ingreso no percibido (Revenue Forgone)","0.00332","0.00000"
"IDN","Indonesia","2025","A los bienes y servicios","Ingreso no percibido (Revenue Forgone)","1.26896","0.00000"
"IDN","Indonesia","2025","Al ingreso","Ingreso no percibido (Revenue Forgone)","0.61185","0.00000"
"IDN","Indonesia","2025","Otros","Ingreso no percibido (Revenue Forgone)","0.00310","0.00000"
"IDN","Indonesia","2026","A los bienes y servicios","Ingreso no percibido (Revenue Forgone)","0.00000","0.00000"
"IDN","Indonesia","2026","Al ingreso","Ingreso no percibido (Revenue Forgone)","0.00000","0.00000"
"IDN","Indonesia","2026","Otros","Ingreso no percibido (Revenue Forgone)","0.00000","0.00000"
"IRL","Irlanda","2004","A los bienes y servicios","Ingreso no percibido (Revenue Forgone)","0.01837","0.07289"
"IRL","Irlanda","2004","Al ingreso","Ingreso no percibido (Revenue Forgone)","1.14688","4.55148"
"IRL","Irlanda","2004","Otros","Ingreso no percibido (Revenue Forgone)","0.01670","0.06629"
"IRL","Irlanda","2005","A los bienes y servicios","Ingreso no percibido (Revenue Forgone)","0.01873","0.07317"
"IRL","Irlanda","2005","Al ingreso","Ingreso no percibido (Revenue Forgone)","0.92363","3.60796"
"IRL","Irlanda","2005","Otros","Ingreso no percibido (Revenue Forgone)","0.02014","0.07867"
"IRL","Irlanda","2006","A los bienes y servicios","Ingreso no percibido (Revenue Forgone)","0.02082","0.07719"
"IRL","Irlanda","2006","Al ingreso","Ingreso no percibido (Revenue Forgone)","1.37544","5.09955"
"IRL","Irlanda","2006","Otros","Ingreso no percibido (Revenue Forgone)","0.02677","0.09925"
"IRL","Irlanda","2007","A los bienes y servicios","Ingreso no percibido (Revenue Forgone)","0.03040","0.11653"
"IRL","Irlanda","2007","Al ingreso","Ingreso no percibido (Revenue Forgone)","1.23839","4.74759"
"IRL","Irlanda","2007","Otros","Ingreso no percibido (Revenue Forgone)","0.02415","0.09260"
"IRL","Irlanda","2008","A los bienes y servicios","Ingreso no percibido (Revenue Forgone)","0.08266","0.34485"
"IRL","Irlanda","2008","Al ingreso","Ingreso no percibido (Revenue Forgone)","1.88266","7.85471"
"IRL","Irlanda","2008","Otros","Ingreso no percibido (Revenue Forgone)","0.02798","0.11673"
"IRL","Irlanda","2009","A los bienes y servicios","Ingreso no percibido (Revenue Forgone)","0.10317","0.45243"
"IRL","Irlanda","2009","Al ingreso","Ingreso no percibido (Revenue Forgone)","2.14028","9.38538"
"IRL","Irlanda","2009","Otros","Ingreso no percibido (Revenue Forgone)","0.03233","0.14176"
"IRL","Irlanda","2010","A los bienes y servicios","Ingreso no percibido (Revenue Forgone)","0.06533","0.28846"
"IRL","Irlanda","2010","Al ingreso","Ingreso no percibido (Revenue Forgone)","2.17157","9.58762"
"IRL","Irlanda","2010","Otros","Ingreso no percibido (Revenue Forgone)","0.03207","0.14159"
"IRL","Irlanda","2011","A los bienes y servicios","Ingreso no percibido (Revenue Forgone)","0.88868","3.97954"
"IRL","Irlanda","2011","Al ingreso","Ingreso no percibido (Revenue Forgone)","2.02238","9.05625"
"IRL","Irlanda","2011","Otros","Ingreso no percibido (Revenue Forgone)","0.21398","0.95821"
"IRL","Irlanda","2012","A los bienes y servicios","Ingreso no percibido (Revenue Forgone)","0.78736","3.42624"
"IRL","Irlanda","2012","Al ingreso","Ingreso no percibido (Revenue Forgone)","2.19680","9.55942"
"IRL","Irlanda","2012","Otros","Ingreso no percibido (Revenue Forgone)","0.35038","1.52469"
"IRL","Irlanda","2013","A los bienes y servicios","Ingreso no percibido (Revenue Forgone)","0.76215","3.30555"
"IRL","Irlanda","2013","Al ingreso","Ingreso no percibido (Revenue Forgone)","2.05778","8.92490"
"IRL","Irlanda","2013","Otros","Ingreso no percibido (Revenue Forgone)","0.18811","0.81585"
"IRL","Irlanda","2014","A los bienes y servicios","Ingreso no percibido (Revenue Forgone)","0.67165","2.91727"
"IRL","Irlanda","2014","Al ingreso","Ingreso no percibido (Revenue Forgone)","1.45141","6.30410"
"IRL","Irlanda","2014","Otros","Ingreso no percibido (Revenue Forgone)","0.18504","0.80372"
"IRL","Irlanda","2015","A los bienes y servicios","Ingreso no percibido (Revenue Forgone)","0.53907","2.90729"
"IRL","Irlanda","2015","Al ingreso","Ingreso no percibido (Revenue Forgone)","1.05954","5.71426"
"IRL","Irlanda","2015","Otros","Ingreso no percibido (Revenue Forgone)","0.13517","0.72900"
"IRL","Irlanda","2016","A los bienes y servicios","Ingreso no percibido (Revenue Forgone)","0.55698","2.93442"
"IRL","Irlanda","2016","Al ingreso","Ingreso no percibido (Revenue Forgone)","1.08195","5.70023"
"IRL","Irlanda","2016","Otros","Ingreso no percibido (Revenue Forgone)","0.11292","0.59493"
"IRL","Irlanda","2017","A los bienes y servicios","Ingreso no percibido (Revenue Forgone)","0.50965","2.84186"
"IRL","Irlanda","2017","Al ingreso","Ingreso no percibido (Revenue Forgone)","0.93383","5.20712"
"IRL","Irlanda","2017","Otros","Ingreso no percibido (Revenue Forgone)","0.11795","0.65769"
"IRL","Irlanda","2018","A los bienes y servicios","Ingreso no percibido (Revenue Forgone)","0.51889","2.88470"
"IRL","Irlanda","2018","Al ingreso","Ingreso no percibido (Revenue Forgone)","0.92461","5.14020"
"IRL","Irlanda","2018","Otros","Ingreso no percibido (Revenue Forgone)","0.14618","0.81265"
"IRL","Irlanda","2019","A los bienes y servicios","Ingreso no percibido (Revenue Forgone)","0.48230","2.72712"
"IRL","Irlanda","2019","Al ingreso","Ingreso no percibido (Revenue Forgone)","1.27949","7.23479"
"IRL","Irlanda","2019","Otros","Ingreso no percibido (Revenue Forgone)","0.14364","0.81223"
"IRL","Irlanda","2020","A los bienes y servicios","Ingreso no percibido (Revenue Forgone)","0.47922","2.95276"
"IRL","Irlanda","2020","Al ingreso","Ingreso no percibido (Revenue Forgone)","1.28433","7.91359"
"IRL","Irlanda","2020","Otros","Ingreso no percibido (Revenue Forgone)","0.13252","0.81654"
"IRL","Irlanda","2021","A los bienes y servicios","Ingreso no percibido (Revenue Forgone)","0.40746","2.41229"
"IRL","Irlanda","2021","Al ingreso","Ingreso no percibido (Revenue Forgone)","0.90448","5.35478"
"IRL","Irlanda","2021","Otros","Ingreso no percibido (Revenue Forgone)","0.10772","0.63773"
"IRL","Irlanda","2022","A los bienes y servicios","Ingreso no percibido (Revenue Forgone)","0.28272","1.65929"
"IRL","Irlanda","2022","Al ingreso","Ingreso no percibido (Revenue Forgone)","0.93576","5.49194"
"IRL","Irlanda","2022","Otros","Ingreso no percibido (Revenue Forgone)","0.10138","0.59497"
"IRL","Irlanda","2023","A los bienes y servicios","Ingreso no percibido (Revenue Forgone)","0.29658","1.61714"
"IRL","Irlanda","2023","Al ingreso","Ingreso no percibido (Revenue Forgone)","0.03669","0.20006"
"IRL","Irlanda","2023","Otros","Ingreso no percibido (Revenue Forgone)","0.10925","0.59568"
"ISL","Islandia","2000","A los bienes y servicios","Ingreso no percibido (Revenue Forgone)","1.07799","3.92004"
"ISL","Islandia","2000","Al ingreso","Ingreso no percibido (Revenue Forgone)","0.32950","1.19820"
"ISL","Islandia","2000","Otros","Ingreso no percibido (Revenue Forgone)","0.00056","0.00205"
"ISL","Islandia","2001","A los bienes y servicios","Ingreso no percibido (Revenue Forgone)","0.87538","3.42230"
"ISL","Islandia","2001","Al ingreso","Ingreso no percibido (Revenue Forgone)","0.20379","0.79673"
"ISL","Islandia","2001","Otros","Ingreso no percibido (Revenue Forgone)","0.00037","0.00146"
"ISL","Islandia","2002","A los bienes y servicios","Ingreso no percibido (Revenue Forgone)","0.84761","3.33415"
"ISL","Islandia","2002","Al ingreso","Ingreso no percibido (Revenue Forgone)","0.10105","0.39749"
"ISL","Islandia","2003","A los bienes y servicios","Ingreso no percibido (Revenue Forgone)","0.98160","3.67193"
"ISL","Islandia","2003","Al ingreso","Ingreso no percibido (Revenue Forgone)","0.07186","0.26880"
"ISL","Islandia","2004","A los bienes y servicios","Ingreso no percibido (Revenue Forgone)","0.98009","3.52790"
"ISL","Islandia","2005","A los bienes y servicios","Ingreso no percibido (Revenue Forgone)","0.93666","3.08814"
"ISL","Islandia","2005","Otros","Ingreso no percibido (Revenue Forgone)","0.00424","0.01398"
"ISL","Islandia","2006","A los bienes y servicios","Ingreso no percibido (Revenue Forgone)","0.93496","3.11334"
"ISL","Islandia","2007","A los bienes y servicios","Ingreso no percibido (Revenue Forgone)","0.97704","3.39092"
"ISL","Islandia","2008","A los bienes y servicios","Ingreso no percibido (Revenue Forgone)","0.97369","3.83084"
"ISL","Islandia","2009","A los bienes y servicios","Ingreso no percibido (Revenue Forgone)","0.89954","3.95294"
"ISL","Islandia","2010","A los bienes y servicios","Ingreso no percibido (Revenue Forgone)","0.90715","3.77827"
"ISL","Islandia","2011","A los bienes y servicios","Ingreso no percibido (Revenue Forgone)","0.88249","3.62151"
"ISL","Islandia","2012","A los bienes y servicios","Ingreso no percibido (Revenue Forgone)","0.93293","3.72877"
"ISL","Islandia","2013","A los bienes y servicios","Ingreso no percibido (Revenue Forgone)","0.90379","3.58581"
"ISL","Islandia","2014","A los bienes y servicios","Ingreso no percibido (Revenue Forgone)","0.94576","3.37632"
"ISL","Islandia","2015","A los bienes y servicios","Ingreso no percibido (Revenue Forgone)","0.79499","3.04143"
"ISL","Islandia","2016","A los bienes y servicios","Ingreso no percibido (Revenue Forgone)","0.67268","1.64022"
"ISL","Islandia","2017","A los bienes y servicios","Ingreso no percibido (Revenue Forgone)","2.95750","10.82679"
"ISL","Islandia","2017","Al ingreso","Ingreso no percibido (Revenue Forgone)","0.34372","1.25829"
"ISL","Islandia","2017","Otros","Ingreso no percibido (Revenue Forgone)","0.01325","0.04850"
"ISL","Islandia","2018","A los bienes y servicios","Ingreso no percibido (Revenue Forgone)","2.88232","10.90460"
"ISL","Islandia","2018","Al ingreso","Ingreso no percibido (Revenue Forgone)","0.37190","1.40699"
"ISL","Islandia","2018","Otros","Ingreso no percibido (Revenue Forgone)","0.01406","0.05321"
"ISL","Islandia","2019","A los bienes y servicios","Ingreso no percibido (Revenue Forgone)","2.70850","10.76877"
"ISL","Islandia","2019","Al ingreso","Ingreso no percibido (Revenue Forgone)","0.34421","1.36853"
"ISL","Islandia","2019","Otros","Ingreso no percibido (Revenue Forgone)","0.01487","0.05912"
"ISL","Islandia","2020","A los bienes y servicios","Ingreso no percibido (Revenue Forgone)","2.58828","10.18273"
"ISL","Islandia","2020","Al ingreso","Ingreso no percibido (Revenue Forgone)","0.38868","1.52912"
"ISL","Islandia","2020","Otros","Ingreso no percibido (Revenue Forgone)","0.02560","0.10073"
"ISL","Islandia","2021","A los bienes y servicios","Ingreso no percibido (Revenue Forgone)","2.71971","11.14072"
"ISL","Islandia","2021","Al ingreso","Ingreso no percibido (Revenue Forgone)","0.41475","1.69895"
"ISL","Islandia","2021","Otros","Ingreso no percibido (Revenue Forgone)","0.03209","0.13143"
"ISL","Islandia","2022","A los bienes y servicios","Ingreso no percibido (Revenue Forgone)","3.07580","12.06047"
"ISL","Islandia","2022","Al ingreso","Ingreso no percibido (Revenue Forgone)","0.32658","1.28055"
"ISL","Islandia","2022","Otros","Ingreso no percibido (Revenue Forgone)","0.02344","0.09192"
"ISL","Islandia","2023","A los bienes y servicios","Ingreso no percibido (Revenue Forgone)","2.92490","11.41198"
"ISL","Islandia","2023","Al ingreso","Ingreso no percibido (Revenue Forgone)","0.40428","1.57735"
"ISL","Islandia","2023","Otros","Ingreso no percibido (Revenue Forgone)","0.01466","0.05719"
"ISL","Islandia","2024","A los bienes y servicios","Ingreso no percibido (Revenue Forgone)","2.49217","0.00000"
"ISL","Islandia","2024","Al ingreso","Ingreso no percibido (Revenue Forgone)","0.55733","0.00000"
"ISL","Islandia","2024","Otros","Ingreso no percibido (Revenue Forgone)","0.01410","0.00000"
"ISL","Islandia","2025","A los bienes y servicios","Ingreso no percibido (Revenue Forgone)","2.46597","0.00000"
"ISL","Islandia","2025","Al ingreso","Ingreso no percibido (Revenue Forgone)","0.46683","0.00000"
"ISL","Islandia","2025","Otros","Ingreso no percibido (Revenue Forgone)","0.01549","0.00000"
"CYM","Islas Caimán","2016","A los bienes y servicios","Ingreso no percibido (Revenue Forgone)","0.24017","0.00000"
"CYM","Islas Caimán","2017","A los bienes y servicios","Ingreso no percibido (Revenue Forgone)","0.32187","0.00000"
"CYM","Islas Caimán","2019","A los bienes y servicios","Ingreso no percibido (Revenue Forgone)","0.16588","0.00000"
"CYM","Islas Caimán","2020","A los bienes y servicios","Ingreso no percibido (Revenue Forgone)","0.14080","0.00000"
"CYM","Islas Caimán","2020","Otros","Ingreso no percibido (Revenue Forgone)","0.00000","0.00000"
"CYM","Islas Caimán","2022","A los bienes y servicios","Ingreso no percibido (Revenue Forgone)","0.18811","0.00000"
"CYM","Islas Caimán","2023","A los bienes y servicios","Ingreso no percibido (Revenue Forgone)","0.11206","0.00000"
"ISR","Israel","1999","A los bienes y servicios","Ingreso no percibido (Revenue Forgone)","0.57493","1.94978"
"ISR","Israel","1999","Al ingreso","Ingreso no percibido (Revenue Forgone)","2.90252","9.84334"
"ISR","Israel","1999","Otros","Ingreso no percibido (Revenue Forgone)","0.12135","0.41154"
"ISR","Israel","2000","A los bienes y servicios","Ingreso no percibido (Revenue Forgone)","0.56052","1.74383"
"ISR","Israel","2000","Al ingreso","Ingreso no percibido (Revenue Forgone)","2.80082","8.71358"
"ISR","Israel","2000","Otros","Ingreso no percibido (Revenue Forgone)","0.10779","0.33535"
"ISR","Israel","2001","A los bienes y servicios","Ingreso no percibido (Revenue Forgone)","0.56366","1.76003"
"ISR","Israel","2001","Al ingreso","Ingreso no percibido (Revenue Forgone)","4.33841","13.54673"
"ISR","Israel","2001","Otros","Ingreso no percibido (Revenue Forgone)","0.06693","0.20900"
"ISR","Israel","2002","A los bienes y servicios","Ingreso no percibido (Revenue Forgone)","0.52877","1.70072"
"ISR","Israel","2002","Al ingreso","Ingreso no percibido (Revenue Forgone)","4.56526","14.68365"
"ISR","Israel","2002","Otros","Ingreso no percibido (Revenue Forgone)","0.06399","0.20582"
"ISR","Israel","2003","A los bienes y servicios","Ingreso no percibido (Revenue Forgone)","0.61596","2.02709"
"ISR","Israel","2003","Al ingreso","Ingreso no percibido (Revenue Forgone)","4.17815","13.75015"
"ISR","Israel","2003","Otros","Ingreso no percibido (Revenue Forgone)","0.04841","0.15931"
"ISR","Israel","2004","A los bienes y servicios","Ingreso no percibido (Revenue Forgone)","0.58898","1.95276"
"ISR","Israel","2004","Al ingreso","Ingreso no percibido (Revenue Forgone)","3.74241","12.40795"
"ISR","Israel","2004","Otros","Ingreso no percibido (Revenue Forgone)","0.04616","0.15305"
"ISR","Israel","2005","A los bienes y servicios","Ingreso no percibido (Revenue Forgone)","0.52896","1.72981"
"ISR","Israel","2005","Al ingreso","Ingreso no percibido (Revenue Forgone)","3.12540","10.22068"
"ISR","Israel","2005","Otros","Ingreso no percibido (Revenue Forgone)","0.03174","0.10379"
"ISR","Israel","2006","A los bienes y servicios","Ingreso no percibido (Revenue Forgone)","0.57561","1.84672"
"ISR","Israel","2006","Al ingreso","Ingreso no percibido (Revenue Forgone)","3.16587","10.15697"
"ISR","Israel","2006","Otros","Ingreso no percibido (Revenue Forgone)","0.08465","0.27158"
"ISR","Israel","2007","A los bienes y servicios","Ingreso no percibido (Revenue Forgone)","0.51398","1.65939"
"ISR","Israel","2007","Al ingreso","Ingreso no percibido (Revenue Forgone)","3.29736","10.64563"
"ISR","Israel","2007","Otros","Ingreso no percibido (Revenue Forgone)","0.35319","1.14030"
"ISR","Israel","2008","A los bienes y servicios","Ingreso no percibido (Revenue Forgone)","0.47494","1.63237"
"ISR","Israel","2008","Al ingreso","Ingreso no percibido (Revenue Forgone)","3.49215","12.00243"
"ISR","Israel","2008","Otros","Ingreso no percibido (Revenue Forgone)","0.41069","1.41154"
"ISR","Israel","2009","A los bienes y servicios","Ingreso no percibido (Revenue Forgone)","0.40993","1.52273"
"ISR","Israel","2009","Al ingreso","Ingreso no percibido (Revenue Forgone)","3.48203","12.93435"
"ISR","Israel","2009","Otros","Ingreso no percibido (Revenue Forgone)","0.33843","1.25714"
"ISR","Israel","2010","A los bienes y servicios","Ingreso no percibido (Revenue Forgone)","0.15734","0.56646"
"ISR","Israel","2010","Al ingreso","Ingreso no percibido (Revenue Forgone)","3.07871","11.08410"
"ISR","Israel","2010","Otros","Ingreso no percibido (Revenue Forgone)","0.34592","1.24540"
"ISR","Israel","2011","A los bienes y servicios","Ingreso no percibido (Revenue Forgone)","0.66508","2.37419"
"ISR","Israel","2011","Al ingreso","Ingreso no percibido (Revenue Forgone)","3.05959","10.92201"
"ISR","Israel","2011","Otros","Ingreso no percibido (Revenue Forgone)","0.33671","1.20198"
"ISR","Israel","2012","A los bienes y servicios","Ingreso no percibido (Revenue Forgone)","0.66608","2.44248"
"ISR","Israel","2012","Al ingreso","Ingreso no percibido (Revenue Forgone)","2.85028","10.45178"
"ISR","Israel","2012","Otros","Ingreso no percibido (Revenue Forgone)","0.32074","1.17614"
"ISR","Israel","2013","A los bienes y servicios","Ingreso no percibido (Revenue Forgone)","0.76456","2.71491"
"ISR","Israel","2013","Al ingreso","Ingreso no percibido (Revenue Forgone)","3.13712","11.13970"
"ISR","Israel","2013","Otros","Ingreso no percibido (Revenue Forgone)","0.20413","0.72485"
"ISR","Israel","2014","A los bienes y servicios","Ingreso no percibido (Revenue Forgone)","0.77721","2.73029"
"ISR","Israel","2014","Al ingreso","Ingreso no percibido (Revenue Forgone)","2.98374","10.48169"
"ISR","Israel","2014","Otros","Ingreso no percibido (Revenue Forgone)","0.19430","0.68257"
"ISR","Israel","2015","A los bienes y servicios","Ingreso no percibido (Revenue Forgone)","0.79269","2.75540"
"ISR","Israel","2015","Al ingreso","Ingreso no percibido (Revenue Forgone)","3.05206","10.60902"
"ISR","Israel","2015","Otros","Ingreso no percibido (Revenue Forgone)","0.36116","1.25540"
"ISR","Israel","2016","A los bienes y servicios","Ingreso no percibido (Revenue Forgone)","0.77723","2.69655"
"ISR","Israel","2016","Al ingreso","Ingreso no percibido (Revenue Forgone)","2.98518","10.35687"
"ISR","Israel","2016","Otros","Ingreso no percibido (Revenue Forgone)","0.35586","1.23463"
"ISR","Israel","2017","A los bienes y servicios","Ingreso no percibido (Revenue Forgone)","0.81998","2.73199"
"ISR","Israel","2017","Al ingreso","Ingreso no percibido (Revenue Forgone)","3.63257","12.10288"
"ISR","Israel","2017","Otros","Ingreso no percibido (Revenue Forgone)","0.34566","1.15167"
"ISR","Israel","2018","A los bienes y servicios","Ingreso no percibido (Revenue Forgone)","0.82301","2.88585"
"ISR","Israel","2018","Al ingreso","Ingreso no percibido (Revenue Forgone)","3.58219","12.56072"
"ISR","Israel","2018","Otros","Ingreso no percibido (Revenue Forgone)","0.33453","1.17303"
"ISR","Israel","2019","A los bienes y servicios","Ingreso no percibido (Revenue Forgone)","0.89068","3.18519"
"ISR","Israel","2019","Al ingreso","Ingreso no percibido (Revenue Forgone)","3.51441","12.56800"
"ISR","Israel","2019","Otros","Ingreso no percibido (Revenue Forgone)","0.26608","0.95155"
"ISR","Israel","2021","A los bienes y servicios","Ingreso no percibido (Revenue Forgone)","0.75522","3.01839"
"ISR","Israel","2021","Al ingreso","Ingreso no percibido (Revenue Forgone)","3.81023","15.22835"
"ISR","Israel","2021","Otros","Ingreso no percibido (Revenue Forgone)","0.27807","1.11137"
"ISR","Israel","2022","A los bienes y servicios","Ingreso no percibido (Revenue Forgone)","0.70278","2.76514"
"ISR","Israel","2022","Al ingreso","Ingreso no percibido (Revenue Forgone)","3.63521","14.30289"
"ISR","Israel","2022","Otros","Ingreso no percibido (Revenue Forgone)","0.22670","0.89198"
"ISR","Israel","2023","A los bienes y servicios","Ingreso no percibido (Revenue Forgone)","0.80442","0.00000"
"ISR","Israel","2023","Al ingreso","Ingreso no percibido (Revenue Forgone)","3.42850","0.00000"
"ISR","Israel","2023","Otros","Ingreso no percibido (Revenue Forgone)","0.22360","0.00000"
"ISR","Israel","2024","A los bienes y servicios","Ingreso no percibido (Revenue Forgone)","0.63824","0.00000"
"ISR","Israel","2024","Al ingreso","Ingreso no percibido (Revenue Forgone)","3.39576","0.00000"
"ISR","Israel","2024","Otros","Ingreso no percibido (Revenue Forgone)","0.21008","0.00000"
"ISR","Israel","2025","A los bienes y servicios","Ingreso no percibido (Revenue Forgone)","0.53189","0.00000"
"ISR","Israel","2025","Al ingreso","Ingreso no percibido (Revenue Forgone)","3.37941","0.00000"
"ISR","Israel","2025","Otros","Ingreso no percibido (Revenue Forgone)","0.25729","0.00000"
"ITA","Italia","2011","A los bienes y servicios","Ingreso no percibido (Revenue Forgone)","2.89585","13.13901"
"ITA","Italia","2011","Al ingreso","Ingreso no percibido (Revenue Forgone)","9.98571","45.30697"
"ITA","Italia","2011","Otros","Ingreso no percibido (Revenue Forgone)","2.18461","9.91196"
"ITA","Italia","2012","A los bienes y servicios","Ingreso no percibido (Revenue Forgone)","2.84710","12.21032"
"ITA","Italia","2012","Al ingreso","Ingreso no percibido (Revenue Forgone)","5.26568","22.58286"
"ITA","Italia","2012","Otros","Ingreso no percibido (Revenue Forgone)","0.45356","1.94517"
"ITA","Italia","2013","A los bienes y servicios","Ingreso no percibido (Revenue Forgone)","3.31440","14.12059"
"ITA","Italia","2013","Al ingreso","Ingreso no percibido (Revenue Forgone)","5.71988","24.36882"
"ITA","Italia","2013","Otros","Ingreso no percibido (Revenue Forgone)","0.71807","3.05924"
"ITA","Italia","2014","A los bienes y servicios","Ingreso no percibido (Revenue Forgone)","3.02928","13.15635"
"ITA","Italia","2014","Al ingreso","Ingreso no percibido (Revenue Forgone)","5.74290","24.94177"
"ITA","Italia","2014","Otros","Ingreso no percibido (Revenue Forgone)","0.59029","2.56367"
"ITA","Italia","2015","A los bienes y servicios","Ingreso no percibido (Revenue Forgone)","3.09449","13.72510"
"ITA","Italia","2015","Al ingreso","Ingreso no percibido (Revenue Forgone)","5.96080","26.43812"
"ITA","Italia","2015","Otros","Ingreso no percibido (Revenue Forgone)","0.60155","2.66806"
"ITA","Italia","2016","A los bienes y servicios","Ingreso no percibido (Revenue Forgone)","3.36458","13.78160"
"ITA","Italia","2016","Al ingreso","Ingreso no percibido (Revenue Forgone)","6.30891","25.84185"
"ITA","Italia","2016","Otros","Ingreso no percibido (Revenue Forgone)","0.65246","2.67255"
"ITA","Italia","2017","A los bienes y servicios","Ingreso no percibido (Revenue Forgone)","0.27260","1.13336"
"ITA","Italia","2017","Al ingreso","Ingreso no percibido (Revenue Forgone)","2.43385","10.11912"
"ITA","Italia","2017","Otros","Ingreso no percibido (Revenue Forgone)","0.44149","1.83555"
"ITA","Italia","2018","A los bienes y servicios","Ingreso no percibido (Revenue Forgone)","0.27601","1.16772"
"ITA","Italia","2018","Al ingreso","Ingreso no percibido (Revenue Forgone)","2.34999","9.94205"
"ITA","Italia","2018","Otros","Ingreso no percibido (Revenue Forgone)","0.47529","2.01081"
"ITA","Italia","2019","A los bienes y servicios","Ingreso no percibido (Revenue Forgone)","0.30053","1.25317"
"ITA","Italia","2019","Al ingreso","Ingreso no percibido (Revenue Forgone)","2.59748","10.83125"
"ITA","Italia","2019","Otros","Ingreso no percibido (Revenue Forgone)","0.54491","2.27224"
"ITA","Italia","2020","A los bienes y servicios","Ingreso no percibido (Revenue Forgone)","0.28798","1.19913"
"ITA","Italia","2020","Al ingreso","Ingreso no percibido (Revenue Forgone)","2.93041","12.20191"
"ITA","Italia","2020","Otros","Ingreso no percibido (Revenue Forgone)","0.59833","2.49139"
"ITA","Italia","2021","A los bienes y servicios","Ingreso no percibido (Revenue Forgone)","0.30166","1.25054"
"ITA","Italia","2021","Al ingreso","Ingreso no percibido (Revenue Forgone)","2.69098","11.15553"
"ITA","Italia","2021","Otros","Ingreso no percibido (Revenue Forgone)","0.79447","3.29350"
"ITA","Italia","2022","A los bienes y servicios","Ingreso no percibido (Revenue Forgone)","0.29020","1.18955"
"ITA","Italia","2022","Al ingreso","Ingreso no percibido (Revenue Forgone)","2.99619","12.28159"
"ITA","Italia","2022","Otros","Ingreso no percibido (Revenue Forgone)","0.92049","3.77314"
"ITA","Italia","2023","A los bienes y servicios","Ingreso no percibido (Revenue Forgone)","0.24803","0.99806"
"ITA","Italia","2023","Al ingreso","Ingreso no percibido (Revenue Forgone)","2.79555","11.24931"
"ITA","Italia","2023","Otros","Ingreso no percibido (Revenue Forgone)","0.91339","3.67548"
"ITA","Italia","2024","A los bienes y servicios","Ingreso no percibido (Revenue Forgone)","0.27644","0.00000"
"ITA","Italia","2024","Al ingreso","Ingreso no percibido (Revenue Forgone)","3.80822","0.00000"
"ITA","Italia","2024","Otros","Ingreso no percibido (Revenue Forgone)","0.73788","0.00000"
"ITA","Italia","2025","A los bienes y servicios","Ingreso no percibido (Revenue Forgone)","0.19437","0.00000"
"ITA","Italia","2025","Al ingreso","Ingreso no percibido (Revenue Forgone)","4.16533","0.00000"
"ITA","Italia","2025","Otros","Ingreso no percibido (Revenue Forgone)","0.92691","0.00000"
"ITA","Italia","2026","A los bienes y servicios","Ingreso no percibido (Revenue Forgone)","0.00000","0.00000"
"ITA","Italia","2026","Al ingreso","Ingreso no percibido (Revenue Forgone)","0.00000","0.00000"
"ITA","Italia","2026","Otros","Ingreso no percibido (Revenue Forgone)","0.00000","0.00000"
"ITA","Italia","2027","A los bienes y servicios","Ingreso no percibido (Revenue Forgone)","0.00000","0.00000"
"ITA","Italia","2027","Al ingreso","Ingreso no percibido (Revenue Forgone)","0.00000","0.00000"
"ITA","Italia","2027","Otros","Ingreso no percibido (Revenue Forgone)","0.00000","0.00000"
"JAM","Jamaica","2007","A los bienes y servicios","Ingreso no percibido (Revenue Forgone)","5.99542","25.12909"
"JAM","Jamaica","2007","Al ingreso","Ingreso no percibido (Revenue Forgone)","0.57443","2.40765"
"JAM","Jamaica","2008","A los bienes y servicios","Ingreso no percibido (Revenue Forgone)","7.37162","30.57487"
"JAM","Jamaica","2008","Al ingreso","Ingreso no percibido (Revenue Forgone)","0.70121","2.90836"
"JAM","Jamaica","2009","A los bienes y servicios","Ingreso no percibido (Revenue Forgone)","6.38558","26.60012"
"JAM","Jamaica","2009","Al ingreso","Ingreso no percibido (Revenue Forgone)","0.61929","2.57974"
"JAM","Jamaica","2010","A los bienes y servicios","Ingreso no percibido (Revenue Forgone)","5.64098","23.53192"
"JAM","Jamaica","2010","Al ingreso","Ingreso no percibido (Revenue Forgone)","0.45612","1.90275"
"JAM","Jamaica","2011","A los bienes y servicios","Ingreso no percibido (Revenue Forgone)","5.58492","23.91130"
"JAM","Jamaica","2011","Al ingreso","Ingreso no percibido (Revenue Forgone)","0.57964","2.48167"
"JAM","Jamaica","2012","A los bienes y servicios","Ingreso no percibido (Revenue Forgone)","4.21126","17.94159"
"JAM","Jamaica","2012","Al ingreso","Ingreso no percibido (Revenue Forgone)","0.67116","2.85938"
"JAM","Jamaica","2013","A los bienes y servicios","Ingreso no percibido (Revenue Forgone)","4.49080","19.05132"
"JAM","Jamaica","2013","Al ingreso","Ingreso no percibido (Revenue Forgone)","0.43471","1.84417"
"JAM","Jamaica","2014","A los bienes y servicios","Ingreso no percibido (Revenue Forgone)","4.19570","17.98063"
"JAM","Jamaica","2014","Al ingreso","Ingreso no percibido (Revenue Forgone)","0.20652","0.88503"
"JAM","Jamaica","2015","A los bienes y servicios","Ingreso no percibido (Revenue Forgone)","4.17422","17.15164"
"JAM","Jamaica","2015","Al ingreso","Ingreso no percibido (Revenue Forgone)","0.26134","1.07382"
"JAM","Jamaica","2016","A los bienes y servicios","Ingreso no percibido (Revenue Forgone)","2.96303","11.79786"
"JAM","Jamaica","2016","Al ingreso","Ingreso no percibido (Revenue Forgone)","0.32149","1.28006"
"JAM","Jamaica","2017","A los bienes y servicios","Ingreso no percibido (Revenue Forgone)","3.29856","12.77465"
"JAM","Jamaica","2017","Al ingreso","Ingreso no percibido (Revenue Forgone)","0.47287","1.83134"
"JAM","Jamaica","2018","A los bienes y servicios","Ingreso no percibido (Revenue Forgone)","3.66759","13.96274"
"JAM","Jamaica","2018","Al ingreso","Ingreso no percibido (Revenue Forgone)","0.98401","3.74617"
"JAM","Jamaica","2019","A los bienes y servicios","Ingreso no percibido (Revenue Forgone)","4.17446","15.48306"
"JAM","Jamaica","2019","Al ingreso","Ingreso no percibido (Revenue Forgone)","0.40206","1.49126"
"JAM","Jamaica","2020","A los bienes y servicios","Ingreso no percibido (Revenue Forgone)","2.04167","7.85661"
"JAM","Jamaica","2020","Al ingreso","Ingreso no percibido (Revenue Forgone)","0.33542","1.29074"
"JAM","Jamaica","2021","A los bienes y servicios","Ingreso no percibido (Revenue Forgone)","2.20594","8.47562"
"JAM","Jamaica","2021","Al ingreso","Ingreso no percibido (Revenue Forgone)","0.28212","1.08395"
"JAM","Jamaica","2022","A los bienes y servicios","Ingreso no percibido (Revenue Forgone)","2.82588","10.34865"
"JAM","Jamaica","2022","Al ingreso","Ingreso no percibido (Revenue Forgone)","0.24303","0.88999"
"JPN","Japón","2018","A los bienes y servicios","Ingreso no percibido (Revenue Forgone)","1.02012","8.84092"
"JPN","Japón","2018","Al ingreso","Ingreso no percibido (Revenue Forgone)","0.65995","5.71950"
"JPN","Japón","2018","Otros","Ingreso no percibido (Revenue Forgone)","0.12882","1.11640"
"JOR","Jordania","2014","A los bienes y servicios","Ingreso no percibido (Revenue Forgone)","7.31970","47.18792"
"JOR","Jordania","2014","Al ingreso","Ingreso no percibido (Revenue Forgone)","3.36859","21.71628"
"JOR","Jordania","2014","Otros","Ingreso no percibido (Revenue Forgone)","0.62598","4.03553"
"JOR","Jordania","2015","A los bienes y servicios","Ingreso no percibido (Revenue Forgone)","7.17378","47.76533"
"JOR","Jordania","2015","Al ingreso","Ingreso no percibido (Revenue Forgone)","2.92218","19.45683"
"JOR","Jordania","2015","Otros","Ingreso no percibido (Revenue Forgone)","0.76636","5.10268"
"JOR","Jordania","2016","A los bienes y servicios","Ingreso no percibido (Revenue Forgone)","8.28114","54.93606"
"JOR","Jordania","2016","Al ingreso","Ingreso no percibido (Revenue Forgone)","2.78481","18.47410"
"JOR","Jordania","2016","Otros","Ingreso no percibido (Revenue Forgone)","0.44266","2.93657"
"JOR","Jordania","2017","A los bienes y servicios","Ingreso no percibido (Revenue Forgone)","7.42844","50.39174"
"JOR","Jordania","2017","Al ingreso","Ingreso no percibido (Revenue Forgone)","2.55155","17.30878"
"JOR","Jordania","2017","Otros","Ingreso no percibido (Revenue Forgone)","0.36453","2.47285"
"JOR","Jordania","2018","A los bienes y servicios","Ingreso no percibido (Revenue Forgone)","7.88114","53.37938"
"JOR","Jordania","2018","Al ingreso","Ingreso no percibido (Revenue Forgone)","2.16942","14.69360"
"JOR","Jordania","2018","Otros","Ingreso no percibido (Revenue Forgone)","0.25006","1.69365"
"JOR","Jordania","2019","A los bienes y servicios","Ingreso no percibido (Revenue Forgone)","7.95971","53.62766"
"JOR","Jordania","2019","Al ingreso","Ingreso no percibido (Revenue Forgone)","1.76884","11.91735"
"JOR","Jordania","2019","Otros","Ingreso no percibido (Revenue Forgone)","0.22882","1.54164"
"JOR","Jordania","2020","A los bienes y servicios","Ingreso no percibido (Revenue Forgone)","7.24572","45.27226"
"JOR","Jordania","2020","Al ingreso","Ingreso no percibido (Revenue Forgone)","1.48906","9.30384"
"JOR","Jordania","2020","Otros","Ingreso no percibido (Revenue Forgone)","0.26783","1.67345"
"JOR","Jordania","2021","A los bienes y servicios","Ingreso no percibido (Revenue Forgone)","7.49483","43.78088"
"JOR","Jordania","2021","Al ingreso","Ingreso no percibido (Revenue Forgone)","1.31947","7.70766"
"JOR","Jordania","2021","Otros","Ingreso no percibido (Revenue Forgone)","0.35808","2.09170"
"JOR","Jordania","2022","A los bienes y servicios","Ingreso no percibido (Revenue Forgone)","7.37795","42.10749"
"JOR","Jordania","2022","Al ingreso","Ingreso no percibido (Revenue Forgone)","1.39275","7.94868"
"JOR","Jordania","2022","Otros","Ingreso no percibido (Revenue Forgone)","0.28804","1.64389"
"KAZ","Kazajstán","2017","A los bienes y servicios","Ingreso no percibido (Revenue Forgone)","0.00000","0.00000"
"KAZ","Kazajstán","2017","Al ingreso","Ingreso no percibido (Revenue Forgone)","0.00000","0.00000"
"KAZ","Kazajstán","2018","A los bienes y servicios","Ingreso no percibido (Revenue Forgone)","0.00000","0.00000"
"KAZ","Kazajstán","2018","Al ingreso","Ingreso no percibido (Revenue Forgone)","0.00000","0.00000"
"KAZ","Kazajstán","2019","A los bienes y servicios","Ingreso no percibido (Revenue Forgone)","0.00000","0.00000"
"KAZ","Kazajstán","2019","Al ingreso","Ingreso no percibido (Revenue Forgone)","0.00000","0.00000"
"KAZ","Kazajstán","2020","A los bienes y servicios","Ingreso no percibido (Revenue Forgone)","0.00000","0.00000"
"KAZ","Kazajstán","2020","Al ingreso","Ingreso no percibido (Revenue Forgone)","0.00000","0.00000"
"KAZ","Kazajstán","2021","A los bienes y servicios","Ingreso no percibido (Revenue Forgone)","0.00000","0.00000"
"KAZ","Kazajstán","2021","Al ingreso","Ingreso no percibido (Revenue Forgone)","0.00000","0.00000"
"KAZ","Kazajstán","2022","A los bienes y servicios","Ingreso no percibido (Revenue Forgone)","0.00000","0.00000"
"KAZ","Kazajstán","2022","Al ingreso","Ingreso no percibido (Revenue Forgone)","0.00000","0.00000"
"KAZ","Kazajstán","2023","A los bienes y servicios","Ingreso no percibido (Revenue Forgone)","0.00000","0.00000"
"KAZ","Kazajstán","2023","Al ingreso","Ingreso no percibido (Revenue Forgone)","0.00000","0.00000"
"KEN","Kenia","2017","A los bienes y servicios","Ingreso no percibido (Revenue Forgone)","3.97580","26.40294"
"KEN","Kenia","2017","Al ingreso","Ingreso no percibido (Revenue Forgone)","0.24211","1.60786"
"KEN","Kenia","2018","A los bienes y servicios","Ingreso no percibido (Revenue Forgone)","3.53779","24.61785"
"KEN","Kenia","2018","Al ingreso","Ingreso no percibido (Revenue Forgone)","0.27907","1.94196"
"KEN","Kenia","2019","A los bienes y servicios","Ingreso no percibido (Revenue Forgone)","2.31327","15.32251"
"KEN","Kenia","2019","Al ingreso","Ingreso no percibido (Revenue Forgone)","0.23350","1.54665"
"KEN","Kenia","2020","A los bienes y servicios","Ingreso no percibido (Revenue Forgone)","1.97166","13.78215"
"KEN","Kenia","2020","Al ingreso","Ingreso no percibido (Revenue Forgone)","0.25981","1.81611"
"KEN","Kenia","2021","A los bienes y servicios","Ingreso no percibido (Revenue Forgone)","2.21178","15.02798"
"KEN","Kenia","2021","Al ingreso","Ingreso no percibido (Revenue Forgone)","0.22581","1.53424"
"KEN","Kenia","2022","A los bienes y servicios","Ingreso no percibido (Revenue Forgone)","2.51790","18.00357"
"KEN","Kenia","2022","Al ingreso","Ingreso no percibido (Revenue Forgone)","0.39644","2.83468"
"KEN","Kenia","2023","A los bienes y servicios","Ingreso no percibido (Revenue Forgone)","2.74961","17.11151"
"KEN","Kenia","2023","Al ingreso","Ingreso no percibido (Revenue Forgone)","0.62964","3.91839"
"LSO","Lesotho","2005","A los bienes y servicios","Ingreso no percibido (Revenue Forgone)","1.70327","4.02472"
"LSO","Lesotho","2006","A los bienes y servicios","Ingreso no percibido (Revenue Forgone)","2.15900","3.90979"
"LSO","Lesotho","2007","Al ingreso","Ingreso no percibido (Revenue Forgone)","0.06062","0.11869"
"LSO","Lesotho","2012","Otros","Ingreso no percibido (Revenue Forgone)","0.14163","0.28118"
"LSO","Lesotho","2013","Al ingreso","Ingreso no percibido (Revenue Forgone)","0.48287","1.02391"
"LSO","Lesotho","2013","Otros","Ingreso no percibido (Revenue Forgone)","0.07451","0.15800"
"LSO","Lesotho","2014","A los bienes y servicios","Ingreso no percibido (Revenue Forgone)","2.38517","5.09723"
"LSO","Lesotho","2014","Al ingreso","Ingreso no percibido (Revenue Forgone)","0.10111","0.21608"
"LSO","Lesotho","2015","A los bienes y servicios","Ingreso no percibido (Revenue Forgone)","1.48435","4.43180"
"LSO","Lesotho","2016","A los bienes y servicios","Ingreso no percibido (Revenue Forgone)","1.26991","4.32332"
"LVA","Letonia","2013","A los bienes y servicios","Ingreso no percibido (Revenue Forgone)","4.93970","31.09404"
"LVA","Letonia","2013","Al ingreso","Ingreso no percibido (Revenue Forgone)","5.31764","33.47305"
"LVA","Letonia","2013","Otros","Ingreso no percibido (Revenue Forgone)","0.06112","0.38475"
"LVA","Letonia","2014","A los bienes y servicios","Ingreso no percibido (Revenue Forgone)","4.81352","29.89237"
"LVA","Letonia","2014","Al ingreso","Ingreso no percibido (Revenue Forgone)","5.42929","33.71635"
"LVA","Letonia","2014","Otros","Ingreso no percibido (Revenue Forgone)","0.07424","0.46104"
"LVA","Letonia","2015","A los bienes y servicios","Ingreso no percibido (Revenue Forgone)","4.74798","29.15335"
"LVA","Letonia","2015","Al ingreso","Ingreso no percibido (Revenue Forgone)","5.87142","36.05146"
"LVA","Letonia","2015","Otros","Ingreso no percibido (Revenue Forgone)","0.07252","0.44531"
"LVA","Letonia","2016","A los bienes y servicios","Ingreso no percibido (Revenue Forgone)","4.76953","27.84652"
"LVA","Letonia","2016","Al ingreso","Ingreso no percibido (Revenue Forgone)","5.68181","33.17278"
"LVA","Letonia","2016","Otros","Ingreso no percibido (Revenue Forgone)","0.10336","0.60343"
"LVA","Letonia","2017","A los bienes y servicios","Ingreso no percibido (Revenue Forgone)","4.66316","27.23875"
"LVA","Letonia","2017","Al ingreso","Ingreso no percibido (Revenue Forgone)","4.95691","28.95465"
"LVA","Letonia","2017","Otros","Ingreso no percibido (Revenue Forgone)","0.11888","0.69443"
"LVA","Letonia","2018","A los bienes y servicios","Ingreso no percibido (Revenue Forgone)","4.62166","27.28318"
"LVA","Letonia","2018","Al ingreso","Ingreso no percibido (Revenue Forgone)","3.40468","20.09897"
"LVA","Letonia","2018","Otros","Ingreso no percibido (Revenue Forgone)","0.12801","0.75571"
"LVA","Letonia","2019","A los bienes y servicios","Ingreso no percibido (Revenue Forgone)","4.47514","27.75094"
"LVA","Letonia","2019","Al ingreso","Ingreso no percibido (Revenue Forgone)","3.24198","20.10392"
"LVA","Letonia","2019","Otros","Ingreso no percibido (Revenue Forgone)","0.12852","0.79698"
"LVA","Letonia","2020","A los bienes y servicios","Ingreso no percibido (Revenue Forgone)","4.63008","28.46823"
"LVA","Letonia","2020","Al ingreso","Ingreso no percibido (Revenue Forgone)","3.24592","19.95769"
"LVA","Letonia","2020","Otros","Ingreso no percibido (Revenue Forgone)","0.12935","0.79529"
"LVA","Letonia","2021","A los bienes y servicios","Ingreso no percibido (Revenue Forgone)","4.43448","26.94574"
"LVA","Letonia","2021","Al ingreso","Ingreso no percibido (Revenue Forgone)","4.32230","26.26407"
"LVA","Letonia","2021","Otros","Ingreso no percibido (Revenue Forgone)","0.13242","0.80463"
"LVA","Letonia","2022","A los bienes y servicios","Ingreso no percibido (Revenue Forgone)","4.71206","27.08252"
"LVA","Letonia","2022","Al ingreso","Ingreso no percibido (Revenue Forgone)","3.55321","20.42207"
"LVA","Letonia","2022","Otros","Ingreso no percibido (Revenue Forgone)","0.12066","0.69352"
"LVA","Letonia","2023","A los bienes y servicios","Ingreso no percibido (Revenue Forgone)","4.54948","26.81873"
"LVA","Letonia","2023","Al ingreso","Ingreso no percibido (Revenue Forgone)","3.23021","19.04177"
"LVA","Letonia","2023","Otros","Ingreso no percibido (Revenue Forgone)","0.11041","0.65085"
"LBR","Liberia","2018","A los bienes y servicios","Ingreso no percibido (Revenue Forgone)","2.81676","24.45186"
"LBR","Liberia","2018","Al ingreso","Ingreso no percibido (Revenue Forgone)","0.07475","0.64894"
"LBR","Liberia","2019","A los bienes y servicios","Ingreso no percibido (Revenue Forgone)","2.51844","22.22579"
"LBR","Liberia","2019","Al ingreso","Ingreso no percibido (Revenue Forgone)","0.11779","1.03954"
"LBR","Liberia","2020","A los bienes y servicios","Ingreso no percibido (Revenue Forgone)","2.98627","23.01853"
"LBR","Liberia","2020","Al ingreso","Ingreso no percibido (Revenue Forgone)","0.11320","0.87259"
"LBR","Liberia","2021","A los bienes y servicios","Ingreso no percibido (Revenue Forgone)","3.85714","28.02215"
"LBR","Liberia","2021","Al ingreso","Ingreso no percibido (Revenue Forgone)","0.29763","2.16232"
"LTU","Lituania","2013","A los bienes y servicios","Ingreso no percibido (Revenue Forgone)","2.90458","18.52936"
"LTU","Lituania","2013","Al ingreso","Ingreso no percibido (Revenue Forgone)","4.83438","30.84031"
"LTU","Lituania","2014","A los bienes y servicios","Ingreso no percibido (Revenue Forgone)","2.97421","18.69498"
"LTU","Lituania","2014","Al ingreso","Ingreso no percibido (Revenue Forgone)","5.06028","31.80735"
"LTU","Lituania","2015","A los bienes y servicios","Ingreso no percibido (Revenue Forgone)","0.90831","5.45469"
"LTU","Lituania","2015","Al ingreso","Ingreso no percibido (Revenue Forgone)","1.60447","9.63528"
"LTU","Lituania","2016","A los bienes y servicios","Ingreso no percibido (Revenue Forgone)","0.91691","5.40471"
"LTU","Lituania","2016","Al ingreso","Ingreso no percibido (Revenue Forgone)","1.82816","10.77601"
"LTU","Lituania","2017","A los bienes y servicios","Ingreso no percibido (Revenue Forgone)","0.96809","5.75830"
"LTU","Lituania","2017","Al ingreso","Ingreso no percibido (Revenue Forgone)","1.99201","11.84862"
"LTU","Lituania","2018","A los bienes y servicios","Ingreso no percibido (Revenue Forgone)","0.97445","5.79601"
"LTU","Lituania","2018","Al ingreso","Ingreso no percibido (Revenue Forgone)","1.87855","11.17357"
"LTU","Lituania","2019","A los bienes y servicios","Ingreso no percibido (Revenue Forgone)","0.93232","4.69379"
"LTU","Lituania","2019","Al ingreso","Ingreso no percibido (Revenue Forgone)","2.13746","10.76117"
"LTU","Lituania","2020","A los bienes y servicios","Ingreso no percibido (Revenue Forgone)","1.24908","6.16238"
"LTU","Lituania","2020","Al ingreso","Ingreso no percibido (Revenue Forgone)","2.86490","14.13411"
"LTU","Lituania","2021","A los bienes y servicios","Ingreso no percibido (Revenue Forgone)","1.35209","6.42354"
"LTU","Lituania","2021","Al ingreso","Ingreso no percibido (Revenue Forgone)","2.90771","13.81405"
"LTU","Lituania","2022","A los bienes y servicios","Ingreso no percibido (Revenue Forgone)","1.22450","5.80557"
"LTU","Lituania","2022","Al ingreso","Ingreso no percibido (Revenue Forgone)","3.25065","15.41193"
"LTU","Lituania","2023","A los bienes y servicios","Ingreso no percibido (Revenue Forgone)","1.16078","5.49554"
"LTU","Lituania","2023","Al ingreso","Ingreso no percibido (Revenue Forgone)","3.56796","16.89204"
"LUX","Luxemburgo","2015","A los bienes y servicios","Ingreso no percibido (Revenue Forgone)","0.66861","2.71038"
"LUX","Luxemburgo","2015","Al ingreso","Ingreso no percibido (Revenue Forgone)","0.78313","3.17459"
"LUX","Luxemburgo","2016","A los bienes y servicios","Ingreso no percibido (Revenue Forgone)","0.70097","2.78570"
"LUX","Luxemburgo","2016","Al ingreso","Ingreso no percibido (Revenue Forgone)","0.80949","3.21699"
"LUX","Luxemburgo","2017","A los bienes y servicios","Ingreso no percibido (Revenue Forgone)","0.68937","2.66687"
"LUX","Luxemburgo","2017","Al ingreso","Ingreso no percibido (Revenue Forgone)","0.82690","3.19891"
"LUX","Luxemburgo","2018","A los bienes y servicios","Ingreso no percibido (Revenue Forgone)","0.79411","2.83077"
"LUX","Luxemburgo","2018","Al ingreso","Ingreso no percibido (Revenue Forgone)","0.76919","2.74194"
"LUX","Luxemburgo","2019","A los bienes y servicios","Ingreso no percibido (Revenue Forgone)","0.77225","2.76199"
"LUX","Luxemburgo","2019","Al ingreso","Ingreso no percibido (Revenue Forgone)","0.80269","2.87086"
"LUX","Luxemburgo","2020","A los bienes y servicios","Ingreso no percibido (Revenue Forgone)","0.77210","3.02644"
"LUX","Luxemburgo","2020","Al ingreso","Ingreso no percibido (Revenue Forgone)","0.81397","3.19052"
"LUX","Luxemburgo","2021","A los bienes y servicios","Ingreso no percibido (Revenue Forgone)","0.70646","2.74206"
"LUX","Luxemburgo","2021","Al ingreso","Ingreso no percibido (Revenue Forgone)","0.89540","3.47540"
"LUX","Luxemburgo","2022","A los bienes y servicios","Ingreso no percibido (Revenue Forgone)","0.69333","2.63119"
"LUX","Luxemburgo","2022","Al ingreso","Ingreso no percibido (Revenue Forgone)","0.96962","3.67971"
"LUX","Luxemburgo","2023","A los bienes y servicios","Ingreso no percibido (Revenue Forgone)","0.61981","2.28275"
"LUX","Luxemburgo","2023","Al ingreso","Ingreso no percibido (Revenue Forgone)","1.43718","5.29307"
"LUX","Luxemburgo","2024","A los bienes y servicios","Ingreso no percibido (Revenue Forgone)","0.42391","0.00000"
"LUX","Luxemburgo","2024","Al ingreso","Ingreso no percibido (Revenue Forgone)","1.29495","0.00000"
"LUX","Luxemburgo","2025","A los bienes y servicios","Ingreso no percibido (Revenue Forgone)","0.42948","0.00000"
"LUX","Luxemburgo","2025","Al ingreso","Ingreso no percibido (Revenue Forgone)","1.48137","0.00000"
"MKD","Macedonia del Norte","2017","A los bienes y servicios","Ingreso no percibido (Revenue Forgone)","2.57956","10.12343"
"MKD","Macedonia del Norte","2017","Al ingreso","Ingreso no percibido (Revenue Forgone)","0.40697","1.59714"
"MKD","Macedonia del Norte","2021","Al ingreso","Ingreso no percibido (Revenue Forgone)","0.51435","1.91131"
"MKD","Macedonia del Norte","2022","A los bienes y servicios","Ingreso no percibido (Revenue Forgone)","4.13793","15.17708"
"MKD","Macedonia del Norte","2022","Al ingreso","Ingreso no percibido (Revenue Forgone)","0.62886","2.30652"
"MKD","Macedonia del Norte","2023","A los bienes y servicios","Ingreso no percibido (Revenue Forgone)","4.07344","14.72101"
"MKD","Macedonia del Norte","2023","Al ingreso","Ingreso no percibido (Revenue Forgone)","0.61847","2.23510"
"MKD","Macedonia del Norte","2024","A los bienes y servicios","Ingreso no percibido (Revenue Forgone)","4.30770","0.00000"
"MKD","Macedonia del Norte","2024","Al ingreso","Ingreso no percibido (Revenue Forgone)","0.72273","0.00000"
"MKD","Macedonia del Norte","2025","A los bienes y servicios","Ingreso no percibido (Revenue Forgone)","4.41192","0.00000"
"MKD","Macedonia del Norte","2025","Al ingreso","Ingreso no percibido (Revenue Forgone)","0.74208","0.00000"
"MKD","Macedonia del Norte","2026","A los bienes y servicios","Ingreso no percibido (Revenue Forgone)","0.00000","0.00000"
"MKD","Macedonia del Norte","2026","Al ingreso","Ingreso no percibido (Revenue Forgone)","0.00000","0.00000"
"MKD","Macedonia del Norte","2027","A los bienes y servicios","Ingreso no percibido (Revenue Forgone)","0.00000","0.00000"
"MKD","Macedonia del Norte","2027","Al ingreso","Ingreso no percibido (Revenue Forgone)","0.00000","0.00000"
"MKD","Macedonia del Norte","2028","A los bienes y servicios","Ingreso no percibido (Revenue Forgone)","0.00000","0.00000"
"MKD","Macedonia del Norte","2028","Al ingreso","Ingreso no percibido (Revenue Forgone)","0.00000","0.00000"
"MDG","Madagascar","2015","A los bienes y servicios","Ingreso no percibido (Revenue Forgone)","1.14492","12.64035"
"MDG","Madagascar","2015","Al ingreso","Ingreso no percibido (Revenue Forgone)","0.38092","4.20551"
"MDG","Madagascar","2015","Otros","Ingreso no percibido (Revenue Forgone)","0.01583","0.17476"
"MDG","Madagascar","2016","A los bienes y servicios","Ingreso no percibido (Revenue Forgone)","1.20857","12.49690"
"MDG","Madagascar","2016","Al ingreso","Ingreso no percibido (Revenue Forgone)","0.21133","2.18519"
"MDG","Madagascar","2017","A los bienes y servicios","Ingreso no percibido (Revenue Forgone)","1.71338","16.30513"
"MDG","Madagascar","2017","Al ingreso","Ingreso no percibido (Revenue Forgone)","0.28166","2.68033"
"MDG","Madagascar","2018","A los bienes y servicios","Ingreso no percibido (Revenue Forgone)","2.12261","19.55194"
"MDG","Madagascar","2018","Al ingreso","Ingreso no percibido (Revenue Forgone)","0.27305","2.51513"
"MDG","Madagascar","2019","A los bienes y servicios","Ingreso no percibido (Revenue Forgone)","2.87356","26.18065"
"MDG","Madagascar","2019","Al ingreso","Ingreso no percibido (Revenue Forgone)","0.00701","0.06391"
"MDG","Madagascar","2020","A los bienes y servicios","Ingreso no percibido (Revenue Forgone)","0.68149","6.87806"
"MDG","Madagascar","2021","A los bienes y servicios","Ingreso no percibido (Revenue Forgone)","2.77866","25.67515"
"MDG","Madagascar","2021","Al ingreso","Ingreso no percibido (Revenue Forgone)","0.18215","1.68307"
"MDG","Madagascar","2022","A los bienes y servicios","Ingreso no percibido (Revenue Forgone)","2.93191","29.88925"
"MDG","Madagascar","2022","Al ingreso","Ingreso no percibido (Revenue Forgone)","0.25408","2.59021"
"MDG","Madagascar","2023","A los bienes y servicios","Ingreso no percibido (Revenue Forgone)","3.99682","36.19750"
"MDG","Madagascar","2023","Al ingreso","Ingreso no percibido (Revenue Forgone)","0.19806","1.79374"
"MDV","Maldivas","2019","A los bienes y servicios","Ingreso no percibido (Revenue Forgone)","5.20782","27.75123"
"MDV","Maldivas","2019","Al ingreso","Ingreso no percibido (Revenue Forgone)","0.32062","1.70851"
"MDV","Maldivas","2020","A los bienes y servicios","Ingreso no percibido (Revenue Forgone)","4.52868","24.79007"
"MDV","Maldivas","2020","Al ingreso","Ingreso no percibido (Revenue Forgone)","0.35251","1.92964"
"MDV","Maldivas","2021","A los bienes y servicios","Ingreso no percibido (Revenue Forgone)","4.29705","23.64051"
"MDV","Maldivas","2021","Al ingreso","Ingreso no percibido (Revenue Forgone)","0.31867","1.75317"
"MDV","Maldivas","2021","Otros","Ingreso no percibido (Revenue Forgone)","0.36534","2.00994"
"MDV","Maldivas","2022","A los bienes y servicios","Ingreso no percibido (Revenue Forgone)","4.96702","24.26449"
"MDV","Maldivas","2022","Al ingreso","Ingreso no percibido (Revenue Forgone)","0.33037","1.61390"
"MDV","Maldivas","2022","Otros","Ingreso no percibido (Revenue Forgone)","0.33069","1.61544"
"MDV","Maldivas","2023","A los bienes y servicios","Ingreso no percibido (Revenue Forgone)","7.11073","29.96426"
"MDV","Maldivas","2023","Al ingreso","Ingreso no percibido (Revenue Forgone)","0.27206","1.14643"
"MDV","Maldivas","2023","Otros","Ingreso no percibido (Revenue Forgone)","0.30992","1.30599"
"MLI","Malí","2014","A los bienes y servicios","Ingreso no percibido (Revenue Forgone)","2.97674","23.71028"
"MLI","Malí","2014","Al ingreso","Ingreso no percibido (Revenue Forgone)","0.09079","0.72319"
"MLI","Malí","2015","A los bienes y servicios","Ingreso no percibido (Revenue Forgone)","2.58747","18.51917"
"MLI","Malí","2015","Al ingreso","Ingreso no percibido (Revenue Forgone)","0.03848","0.27544"
"MLI","Malí","2016","A los bienes y servicios","Ingreso no percibido (Revenue Forgone)","2.14504","14.38667"
"MLI","Malí","2016","Al ingreso","Ingreso no percibido (Revenue Forgone)","0.20808","1.39558"
"MLI","Malí","2017","A los bienes y servicios","Ingreso no percibido (Revenue Forgone)","2.35918","15.54554"
"MLI","Malí","2017","Al ingreso","Ingreso no percibido (Revenue Forgone)","0.31243","2.05871"
"MLI","Malí","2018","A los bienes y servicios","Ingreso no percibido (Revenue Forgone)","2.25841","19.01787"
"MLI","Malí","2018","Al ingreso","Ingreso no percibido (Revenue Forgone)","0.28874","2.43143"
"MLI","Malí","2019","A los bienes y servicios","Ingreso no percibido (Revenue Forgone)","2.37833","16.09614"
"MLI","Malí","2019","Al ingreso","Ingreso no percibido (Revenue Forgone)","0.31049","2.10132"
"MLI","Malí","2020","A los bienes y servicios","Ingreso no percibido (Revenue Forgone)","1.53917","10.73024"
"MLI","Malí","2020","Al ingreso","Ingreso no percibido (Revenue Forgone)","1.02966","7.17822"
"MLI","Malí","2020","Otros","Ingreso no percibido (Revenue Forgone)","0.11201","0.78086"
"MLI","Malí","2021","A los bienes y servicios","Ingreso no percibido (Revenue Forgone)","2.47206","16.13041"
"MLI","Malí","2021","Al ingreso","Ingreso no percibido (Revenue Forgone)","0.87843","5.73187"
"MLI","Malí","2021","Otros","Ingreso no percibido (Revenue Forgone)","0.00887","0.05789"
"MLI","Malí","2022","A los bienes y servicios","Ingreso no percibido (Revenue Forgone)","2.04376","15.44626"
"MLI","Malí","2022","Al ingreso","Ingreso no percibido (Revenue Forgone)","0.54689","4.13325"
"MLI","Malí","2022","Otros","Ingreso no percibido (Revenue Forgone)","0.00000","0.00000"
"MLI","Malí","2023","A los bienes y servicios","Ingreso no percibido (Revenue Forgone)","1.88528","0.00000"
"MLI","Malí","2023","Al ingreso","Ingreso no percibido (Revenue Forgone)","0.46373","0.00000"
"MAR","Marruecos","2003","A los bienes y servicios","Ingreso no percibido (Revenue Forgone)","1.67613","9.65380"
"MAR","Marruecos","2003","Al ingreso","Ingreso no percibido (Revenue Forgone)","0.73404","4.22779"
"MAR","Marruecos","2003","Otros","Ingreso no percibido (Revenue Forgone)","0.00204","0.01174"
"MAR","Marruecos","2004","A los bienes y servicios","Ingreso no percibido (Revenue Forgone)","1.79744","10.24939"
"MAR","Marruecos","2004","Al ingreso","Ingreso no percibido (Revenue Forgone)","0.81786","4.66363"
"MAR","Marruecos","2004","Otros","Ingreso no percibido (Revenue Forgone)","0.00524","0.02989"
"MAR","Marruecos","2005","A los bienes y servicios","Ingreso no percibido (Revenue Forgone)","1.71023","8.82485"
"MAR","Marruecos","2005","Al ingreso","Ingreso no percibido (Revenue Forgone)","0.76357","3.94008"
"MAR","Marruecos","2005","Otros","Ingreso no percibido (Revenue Forgone)","0.00535","0.02761"
"MAR","Marruecos","2006","A los bienes y servicios","Ingreso no percibido (Revenue Forgone)","2.34874","11.84948"
"MAR","Marruecos","2006","Al ingreso","Ingreso no percibido (Revenue Forgone)","0.88893","4.48467"
"MAR","Marruecos","2006","Otros","Ingreso no percibido (Revenue Forgone)","0.00520","0.02625"
"MAR","Marruecos","2007","A los bienes y servicios","Ingreso no percibido (Revenue Forgone)","2.42220","10.96549"
"MAR","Marruecos","2007","Al ingreso","Ingreso no percibido (Revenue Forgone)","1.09052","4.93686"
"MAR","Marruecos","2007","Otros","Ingreso no percibido (Revenue Forgone)","0.00514","0.02326"
"MAR","Marruecos","2008","A los bienes y servicios","Ingreso no percibido (Revenue Forgone)","2.60703","10.64961"
"MAR","Marruecos","2008","Al ingreso","Ingreso no percibido (Revenue Forgone)","0.84482","3.45107"
"MAR","Marruecos","2008","Otros","Ingreso no percibido (Revenue Forgone)","0.00503","0.02053"
"MAR","Marruecos","2009","A los bienes y servicios","Ingreso no percibido (Revenue Forgone)","2.55500","11.78813"
"MAR","Marruecos","2009","Al ingreso","Ingreso no percibido (Revenue Forgone)","1.01998","4.70591"
"MAR","Marruecos","2009","Otros","Ingreso no percibido (Revenue Forgone)","0.00519","0.02392"
"MAR","Marruecos","2010","A los bienes y servicios","Ingreso no percibido (Revenue Forgone)","2.17222","10.30187"
"MAR","Marruecos","2010","Al ingreso","Ingreso no percibido (Revenue Forgone)","1.08287","5.13558"
"MAR","Marruecos","2010","Otros","Ingreso no percibido (Revenue Forgone)","0.02626","0.12455"
"MAR","Marruecos","2011","A los bienes y servicios","Ingreso no percibido (Revenue Forgone)","2.40834","11.18757"
"MAR","Marruecos","2011","Al ingreso","Ingreso no percibido (Revenue Forgone)","1.24778","5.79635"
"MAR","Marruecos","2011","Otros","Ingreso no percibido (Revenue Forgone)","0.02806","0.13033"
"MAR","Marruecos","2012","A los bienes y servicios","Ingreso no percibido (Revenue Forgone)","2.45404","11.11043"
"MAR","Marruecos","2012","Al ingreso","Ingreso no percibido (Revenue Forgone)","1.48869","6.73987"
"MAR","Marruecos","2012","Otros","Ingreso no percibido (Revenue Forgone)","0.00719","0.03256"
"MAR","Marruecos","2013","A los bienes y servicios","Ingreso no percibido (Revenue Forgone)","2.24637","10.87765"
"MAR","Marruecos","2013","Al ingreso","Ingreso no percibido (Revenue Forgone)","1.15452","5.59056"
"MAR","Marruecos","2013","Otros","Ingreso no percibido (Revenue Forgone)","0.02439","0.11810"
"MAR","Marruecos","2014","A los bienes y servicios","Ingreso no percibido (Revenue Forgone)","2.21938","10.90407"
"MAR","Marruecos","2014","Al ingreso","Ingreso no percibido (Revenue Forgone)","1.15842","5.69145"
"MAR","Marruecos","2014","Otros","Ingreso no percibido (Revenue Forgone)","0.01817","0.08929"
"MAR","Marruecos","2015","A los bienes y servicios","Ingreso no percibido (Revenue Forgone)","2.01888","10.38657"
"MAR","Marruecos","2015","Al ingreso","Ingreso no percibido (Revenue Forgone)","0.90611","4.66169"
"MAR","Marruecos","2015","Otros","Ingreso no percibido (Revenue Forgone)","0.01688","0.08685"
"MAR","Marruecos","2016","A los bienes y servicios","Ingreso no percibido (Revenue Forgone)","2.09449","10.54245"
"MAR","Marruecos","2016","Al ingreso","Ingreso no percibido (Revenue Forgone)","0.85145","4.28570"
"MAR","Marruecos","2016","Otros","Ingreso no percibido (Revenue Forgone)","0.01663","0.08372"
"MAR","Marruecos","2017","A los bienes y servicios","Ingreso no percibido (Revenue Forgone)","1.65297","8.21164"
"MAR","Marruecos","2017","Al ingreso","Ingreso no percibido (Revenue Forgone)","0.81356","4.04161"
"MAR","Marruecos","2017","Otros","Ingreso no percibido (Revenue Forgone)","0.01854","0.09210"
"MAR","Marruecos","2018","A los bienes y servicios","Ingreso no percibido (Revenue Forgone)","1.59683","7.87158"
"MAR","Marruecos","2018","Al ingreso","Ingreso no percibido (Revenue Forgone)","0.77198","3.80546"
"MAR","Marruecos","2018","Otros","Ingreso no percibido (Revenue Forgone)","0.02058","0.10146"
"MAR","Marruecos","2019","A los bienes y servicios","Ingreso no percibido (Revenue Forgone)","1.58149","7.94148"
"MAR","Marruecos","2019","Al ingreso","Ingreso no percibido (Revenue Forgone)","0.69654","3.49768"
"MAR","Marruecos","2019","Otros","Ingreso no percibido (Revenue Forgone)","0.01605","0.08060"
"MAR","Marruecos","2020","A los bienes y servicios","Ingreso no percibido (Revenue Forgone)","1.61001","8.04116"
"MAR","Marruecos","2020","Al ingreso","Ingreso no percibido (Revenue Forgone)","0.78847","3.93802"
"MAR","Marruecos","2020","Otros","Ingreso no percibido (Revenue Forgone)","0.01640","0.08191"
"MAR","Marruecos","2021","A los bienes y servicios","Ingreso no percibido (Revenue Forgone)","1.81660","9.23762"
"MAR","Marruecos","2021","Al ingreso","Ingreso no percibido (Revenue Forgone)","0.67494","3.43214"
"MAR","Marruecos","2021","Otros","Ingreso no percibido (Revenue Forgone)","0.01551","0.07887"
"MAR","Marruecos","2022","A los bienes y servicios","Ingreso no percibido (Revenue Forgone)","2.04057","9.22980"
"MAR","Marruecos","2022","Al ingreso","Ingreso no percibido (Revenue Forgone)","0.79598","3.60034"
"MAR","Marruecos","2022","Otros","Ingreso no percibido (Revenue Forgone)","0.01608","0.07275"
"MAR","Marruecos","2023","A los bienes y servicios","Ingreso no percibido (Revenue Forgone)","2.02349","9.64528"
"MAR","Marruecos","2023","Al ingreso","Ingreso no percibido (Revenue Forgone)","0.48614","2.31726"
"MAR","Marruecos","2023","Otros","Ingreso no percibido (Revenue Forgone)","0.01579","0.07524"
"MAR","Marruecos","2024","A los bienes y servicios","Ingreso no percibido (Revenue Forgone)","1.53907","0.00000"
"MAR","Marruecos","2024","Al ingreso","Ingreso no percibido (Revenue Forgone)","0.52645","0.00000"
"MAR","Marruecos","2024","Otros","Ingreso no percibido (Revenue Forgone)","0.01580","0.00000"
"MUS","Mauricio","2006","A los bienes y servicios","Ingreso no percibido (Revenue Forgone)","1.48269","9.41586"
"MUS","Mauricio","2006","Al ingreso","Ingreso no percibido (Revenue Forgone)","1.29735","8.23887"
"MUS","Mauricio","2007","A los bienes y servicios","Ingreso no percibido (Revenue Forgone)","0.87463","5.89470"
"MUS","Mauricio","2007","Al ingreso","Ingreso no percibido (Revenue Forgone)","1.81591","12.23852"
"MUS","Mauricio","2008","A los bienes y servicios","Ingreso no percibido (Revenue Forgone)","0.97472","5.84652"
"MUS","Mauricio","2008","Al ingreso","Ingreso no percibido (Revenue Forgone)","0.46246","2.77393"
"MUS","Mauricio","2009","A los bienes y servicios","Ingreso no percibido (Revenue Forgone)","0.77693","4.22139"
"MUS","Mauricio","2009","Al ingreso","Ingreso no percibido (Revenue Forgone)","0.57950","3.14870"
"MUS","Mauricio","2010","A los bienes y servicios","Ingreso no percibido (Revenue Forgone)","0.58634","3.18761"
"MUS","Mauricio","2010","Al ingreso","Ingreso no percibido (Revenue Forgone)","0.45038","2.44845"
"MUS","Mauricio","2011","A los bienes y servicios","Ingreso no percibido (Revenue Forgone)","0.71512","3.90222"
"MUS","Mauricio","2011","Al ingreso","Ingreso no percibido (Revenue Forgone)","0.42567","2.32275"
"MUS","Mauricio","2012","A los bienes y servicios","Ingreso no percibido (Revenue Forgone)","0.79877","4.22255"
"MUS","Mauricio","2012","Al ingreso","Ingreso no percibido (Revenue Forgone)","1.05594","5.58205"
"MUS","Mauricio","2013","A los bienes y servicios","Ingreso no percibido (Revenue Forgone)","0.92144","4.91273"
"MUS","Mauricio","2013","Al ingreso","Ingreso no percibido (Revenue Forgone)","1.00252","5.34498"
"MUS","Mauricio","2014","A los bienes y servicios","Ingreso no percibido (Revenue Forgone)","0.63456","3.40713"
"MUS","Mauricio","2014","Al ingreso","Ingreso no percibido (Revenue Forgone)","0.56502","3.03375"
"MUS","Mauricio","2016","A los bienes y servicios","Ingreso no percibido (Revenue Forgone)","0.66383","3.79865"
"MUS","Mauricio","2016","Al ingreso","Ingreso no percibido (Revenue Forgone)","0.79315","4.53865"
"MUS","Mauricio","2017","A los bienes y servicios","Ingreso no percibido (Revenue Forgone)","0.87782","4.93281"
"MUS","Mauricio","2017","Al ingreso","Ingreso no percibido (Revenue Forgone)","0.45340","2.54782"
"MUS","Mauricio","2018","A los bienes y servicios","Ingreso no percibido (Revenue Forgone)","1.03036","5.63153"
"MUS","Mauricio","2018","Al ingreso","Ingreso no percibido (Revenue Forgone)","0.50842","2.77884"
"MUS","Mauricio","2019","A los bienes y servicios","Ingreso no percibido (Revenue Forgone)","1.30809","6.71274"
"MUS","Mauricio","2019","Al ingreso","Ingreso no percibido (Revenue Forgone)","0.71428","3.66548"
"MUS","Mauricio","2020","A los bienes y servicios","Ingreso no percibido (Revenue Forgone)","2.08143","10.01038"
"MUS","Mauricio","2020","Al ingreso","Ingreso no percibido (Revenue Forgone)","1.29406","6.22363"
"MUS","Mauricio","2021","A los bienes y servicios","Ingreso no percibido (Revenue Forgone)","2.73413","14.05969"
"MUS","Mauricio","2021","Al ingreso","Ingreso no percibido (Revenue Forgone)","1.71083","8.79758"
"MUS","Mauricio","2022","A los bienes y servicios","Ingreso no percibido (Revenue Forgone)","1.71358","8.30842"
"MUS","Mauricio","2022","Al ingreso","Ingreso no percibido (Revenue Forgone)","1.44518","7.00705"
"MUS","Mauricio","2023","A los bienes y servicios","Ingreso no percibido (Revenue Forgone)","1.98055","8.98635"
"MUS","Mauricio","2023","Al ingreso","Ingreso no percibido (Revenue Forgone)","1.58617","7.19693"
"MUS","Mauricio","2024","A los bienes y servicios","Ingreso no percibido (Revenue Forgone)","2.15252","0.00000"
"MUS","Mauricio","2024","Al ingreso","Ingreso no percibido (Revenue Forgone)","1.59810","0.00000"
"MUS","Mauricio","2025","A los bienes y servicios","Ingreso no percibido (Revenue Forgone)","2.44146","0.00000"
"MUS","Mauricio","2025","Al ingreso","Ingreso no percibido (Revenue Forgone)","1.84548","0.00000"
"MRT","Mauritania","2013","A los bienes y servicios","Ingreso no percibido (Revenue Forgone)","4.87603","51.96271"
"MRT","Mauritania","2013","Al ingreso","Ingreso no percibido (Revenue Forgone)","1.19654","12.75123"
"MRT","Mauritania","2013","Otros","Ingreso no percibido (Revenue Forgone)","0.16824","1.79293"
"MRT","Mauritania","2015","A los bienes y servicios","Ingreso no percibido (Revenue Forgone)","3.22703","27.12511"
"MRT","Mauritania","2015","Al ingreso","Ingreso no percibido (Revenue Forgone)","0.50198","4.21941"
"MRT","Mauritania","2016","A los bienes y servicios","Ingreso no percibido (Revenue Forgone)","2.17461","18.02636"
"MRT","Mauritania","2016","Al ingreso","Ingreso no percibido (Revenue Forgone)","0.54809","4.54334"
"MRT","Mauritania","2017","A los bienes y servicios","Ingreso no percibido (Revenue Forgone)","3.77009","30.08727"
"MRT","Mauritania","2017","Al ingreso","Ingreso no percibido (Revenue Forgone)","0.84088","6.71067"
"MRT","Mauritania","2018","A los bienes y servicios","Ingreso no percibido (Revenue Forgone)","3.39074","25.53959"
"MRT","Mauritania","2018","Al ingreso","Ingreso no percibido (Revenue Forgone)","0.75800","5.70933"
"MRT","Mauritania","2019","A los bienes y servicios","Ingreso no percibido (Revenue Forgone)","2.61795","21.42174"
"MRT","Mauritania","2019","Al ingreso","Ingreso no percibido (Revenue Forgone)","0.65754","5.38043"
"MRT","Mauritania","2020","A los bienes y servicios","Ingreso no percibido (Revenue Forgone)","2.94845","27.03874"
"MRT","Mauritania","2020","Al ingreso","Ingreso no percibido (Revenue Forgone)","0.67809","6.21846"
"MRT","Mauritania","2021","A los bienes y servicios","Ingreso no percibido (Revenue Forgone)","3.02301","25.91345"
"MRT","Mauritania","2021","Al ingreso","Ingreso no percibido (Revenue Forgone)","0.34919","2.99324"
"MRT","Mauritania","2022","A los bienes y servicios","Ingreso no percibido (Revenue Forgone)","1.97136","14.58986"
"MRT","Mauritania","2022","Al ingreso","Ingreso no percibido (Revenue Forgone)","0.20526","1.51911"
"MDA","Moldavia","2018","A los bienes y servicios","Ingreso no percibido (Revenue Forgone)","2.03627","11.30377"
"MDA","Moldavia","2018","Al ingreso","Ingreso no percibido (Revenue Forgone)","0.73002","4.05248"
"MDA","Moldavia","2018","Otros","Ingreso no percibido (Revenue Forgone)","0.23251","1.29069"
"MDA","Moldavia","2019","A los bienes y servicios","Ingreso no percibido (Revenue Forgone)","1.98380","11.23562"
"MDA","Moldavia","2019","Al ingreso","Ingreso no percibido (Revenue Forgone)","0.69181","3.91822"
"MDA","Moldavia","2019","Otros","Ingreso no percibido (Revenue Forgone)","0.22083","1.25072"
"MDA","Moldavia","2020","A los bienes y servicios","Ingreso no percibido (Revenue Forgone)","2.27515","12.70334"
"MDA","Moldavia","2020","Al ingreso","Ingreso no percibido (Revenue Forgone)","0.24997","1.39571"
"MDA","Moldavia","2020","Otros","Ingreso no percibido (Revenue Forgone)","0.17223","0.96168"
"MDA","Moldavia","2021","A los bienes y servicios","Ingreso no percibido (Revenue Forgone)","2.50537","13.62496"
"MDA","Moldavia","2021","Al ingreso","Ingreso no percibido (Revenue Forgone)","0.00627","0.03411"
"MDA","Moldavia","2021","Otros","Ingreso no percibido (Revenue Forgone)","0.15877","0.86346"
"MDA","Moldavia","2022","A los bienes y servicios","Ingreso no percibido (Revenue Forgone)","4.39881","23.24829"
"MDA","Moldavia","2022","Al ingreso","Ingreso no percibido (Revenue Forgone)","0.99414","5.25417"
"MDA","Moldavia","2022","Otros","Ingreso no percibido (Revenue Forgone)","0.00808","0.04269"
"MNG","Mongolia","2013","A los bienes y servicios","Ingreso no percibido (Revenue Forgone)","1.42066","9.03081"
"MNG","Mongolia","2013","Al ingreso","Ingreso no percibido (Revenue Forgone)","0.45530","2.89424"
"MNG","Mongolia","2014","A los bienes y servicios","Ingreso no percibido (Revenue Forgone)","2.33634","18.10888"
"MNG","Mongolia","2014","Al ingreso","Ingreso no percibido (Revenue Forgone)","0.90655","7.02665"
"MNG","Mongolia","2015","A los bienes y servicios","Ingreso no percibido (Revenue Forgone)","2.16206","18.17757"
"MNG","Mongolia","2015","Al ingreso","Ingreso no percibido (Revenue Forgone)","0.70671","5.94168"
"MNG","Mongolia","2016","A los bienes y servicios","Ingreso no percibido (Revenue Forgone)","2.04920","18.05301"
"MNG","Mongolia","2016","Al ingreso","Ingreso no percibido (Revenue Forgone)","1.74625","15.38408"
"MNG","Mongolia","2017","A los bienes y servicios","Ingreso no percibido (Revenue Forgone)","1.73398","12.79982"
"MNG","Mongolia","2017","Al ingreso","Ingreso no percibido (Revenue Forgone)","1.42338","10.50708"
"MNG","Mongolia","2018","A los bienes y servicios","Ingreso no percibido (Revenue Forgone)","0.92595","5.54844"
"MNG","Mongolia","2018","Al ingreso","Ingreso no percibido (Revenue Forgone)","0.56871","3.40778"
"MNG","Mongolia","2019","A los bienes y servicios","Ingreso no percibido (Revenue Forgone)","0.77327","4.58901"
"MNG","Mongolia","2019","Al ingreso","Ingreso no percibido (Revenue Forgone)","0.47781","2.83559"
"MNG","Mongolia","2020","A los bienes y servicios","Ingreso no percibido (Revenue Forgone)","0.84986","6.00786"
"MNG","Mongolia","2020","Al ingreso","Ingreso no percibido (Revenue Forgone)","1.57102","11.10595"
"MNG","Mongolia","2021","A los bienes y servicios","Ingreso no percibido (Revenue Forgone)","1.14589","6.77689"
"MNG","Mongolia","2021","Al ingreso","Ingreso no percibido (Revenue Forgone)","1.07794","6.37498"
"MNG","Mongolia","2022","A los bienes y servicios","Ingreso no percibido (Revenue Forgone)","0.68150","0.00000"
"MNG","Mongolia","2022","Al ingreso","Ingreso no percibido (Revenue Forgone)","1.19867","0.00000"
"MNG","Mongolia","2023","A los bienes y servicios","Ingreso no percibido (Revenue Forgone)","0.59879","0.00000"
"MNG","Mongolia","2023","Al ingreso","Ingreso no percibido (Revenue Forgone)","0.89351","0.00000"
"MNG","Mongolia","2024","A los bienes y servicios","Ingreso no percibido (Revenue Forgone)","0.61921","0.00000"
"MNG","Mongolia","2024","Al ingreso","Ingreso no percibido (Revenue Forgone)","0.83783","0.00000"
"MNG","Mongolia","2025","A los bienes y servicios","Ingreso no percibido (Revenue Forgone)","0.66268","0.00000"
"MNG","Mongolia","2025","Al ingreso","Ingreso no percibido (Revenue Forgone)","0.91316","0.00000"
"MNG","Mongolia","2026","A los bienes y servicios","Ingreso no percibido (Revenue Forgone)","0.00000","0.00000"
"MNG","Mongolia","2026","Al ingreso","Ingreso no percibido (Revenue Forgone)","0.00000","0.00000"
"Mundo","Mundo","1990","A los bienes y servicios","Ingreso no percibido (Revenue Forgone)","0.06000",""
"Mundo","Mundo","1990","Al ingreso","Ingreso no percibido (Revenue Forgone)","4.50000",""
"Mundo","Mundo","1990","Otros","Ingreso no percibido (Revenue Forgone)","0.08000",""
"Mundo","Mundo","1991","A los bienes y servicios","Ingreso no percibido (Revenue Forgone)","0.38000",""
"Mundo","Mundo","1991","Al ingreso","Ingreso no percibido (Revenue Forgone)","4.37000",""
"Mundo","Mundo","1991","Otros","Ingreso no percibido (Revenue Forgone)","0.08000",""
"Mundo","Mundo","1992","A los bienes y servicios","Ingreso no percibido (Revenue Forgone)","0.38000",""
"Mundo","Mundo","1992","Al ingreso","Ingreso no percibido (Revenue Forgone)","4.18000",""
"Mundo","Mundo","1992","Otros","Ingreso no percibido (Revenue Forgone)","0.08000",""
"Mundo","Mundo","1993","A los bienes y servicios","Ingreso no percibido (Revenue Forgone)","0.50000",""
"Mundo","Mundo","1993","Al ingreso","Ingreso no percibido (Revenue Forgone)","4.30000",""
"Mundo","Mundo","1993","Otros","Ingreso no percibido (Revenue Forgone)","0.07000",""
"Mundo","Mundo","1994","A los bienes y servicios","Ingreso no percibido (Revenue Forgone)","0.33000",""
"Mundo","Mundo","1994","Al ingreso","Ingreso no percibido (Revenue Forgone)","4.93000",""
"Mundo","Mundo","1994","Otros","Ingreso no percibido (Revenue Forgone)","0.06000",""
"Mundo","Mundo","1995","A los bienes y servicios","Ingreso no percibido (Revenue Forgone)","0.85000",""
"Mundo","Mundo","1995","Al ingreso","Ingreso no percibido (Revenue Forgone)","4.41000",""
"Mundo","Mundo","1995","Otros","Ingreso no percibido (Revenue Forgone)","0.05000",""
"Mundo","Mundo","1996","A los bienes y servicios","Ingreso no percibido (Revenue Forgone)","0.92000",""
"Mundo","Mundo","1996","Al ingreso","Ingreso no percibido (Revenue Forgone)","4.43000",""
"Mundo","Mundo","1996","Otros","Ingreso no percibido (Revenue Forgone)","0.05000",""
"Mundo","Mundo","1997","A los bienes y servicios","Ingreso no percibido (Revenue Forgone)","1.01000",""
"Mundo","Mundo","1997","Al ingreso","Ingreso no percibido (Revenue Forgone)","3.88000",""
"Mundo","Mundo","1997","Otros","Ingreso no percibido (Revenue Forgone)","0.03000",""
"Mundo","Mundo","1998","A los bienes y servicios","Ingreso no percibido (Revenue Forgone)","1.07000",""
"Mundo","Mundo","1998","Al ingreso","Ingreso no percibido (Revenue Forgone)","4.16000",""
"Mundo","Mundo","1998","Otros","Ingreso no percibido (Revenue Forgone)","0.03000",""
"Mundo","Mundo","1999","A los bienes y servicios","Ingreso no percibido (Revenue Forgone)","1.00000",""
"Mundo","Mundo","1999","Al ingreso","Ingreso no percibido (Revenue Forgone)","3.87000",""
"Mundo","Mundo","1999","Otros","Ingreso no percibido (Revenue Forgone)","0.03000",""
"Mundo","Mundo","2000","A los bienes y servicios","Ingreso no percibido (Revenue Forgone)","1.11000",""
"Mundo","Mundo","2000","Al ingreso","Ingreso no percibido (Revenue Forgone)","3.06000",""
"Mundo","Mundo","2000","Otros","Ingreso no percibido (Revenue Forgone)","0.03000",""
"Mundo","Mundo","2001","A los bienes y servicios","Ingreso no percibido (Revenue Forgone)","1.18000",""
"Mundo","Mundo","2001","Al ingreso","Ingreso no percibido (Revenue Forgone)","2.92000",""
"Mundo","Mundo","2001","Otros","Ingreso no percibido (Revenue Forgone)","0.02000",""
"Mundo","Mundo","2002","A los bienes y servicios","Ingreso no percibido (Revenue Forgone)","1.10000",""
"Mundo","Mundo","2002","Al ingreso","Ingreso no percibido (Revenue Forgone)","2.79000",""
"Mundo","Mundo","2002","Otros","Ingreso no percibido (Revenue Forgone)","0.02000",""
"Mundo","Mundo","2003","A los bienes y servicios","Ingreso no percibido (Revenue Forgone)","1.07000",""
"Mundo","Mundo","2003","Al ingreso","Ingreso no percibido (Revenue Forgone)","2.32000",""
"Mundo","Mundo","2003","Otros","Ingreso no percibido (Revenue Forgone)","0.03000",""
"Mundo","Mundo","2004","A los bienes y servicios","Ingreso no percibido (Revenue Forgone)","1.23000",""
"Mundo","Mundo","2004","Al ingreso","Ingreso no percibido (Revenue Forgone)","2.22000",""
"Mundo","Mundo","2004","Otros","Ingreso no percibido (Revenue Forgone)","0.03000",""
"Mundo","Mundo","2005","A los bienes y servicios","Ingreso no percibido (Revenue Forgone)","1.69000",""
"Mundo","Mundo","2005","Al ingreso","Ingreso no percibido (Revenue Forgone)","2.01000",""
"Mundo","Mundo","2005","Otros","Ingreso no percibido (Revenue Forgone)","0.04000",""
"Mundo","Mundo","2006","A los bienes y servicios","Ingreso no percibido (Revenue Forgone)","1.58000",""
"Mundo","Mundo","2006","Al ingreso","Ingreso no percibido (Revenue Forgone)","2.06000",""
"Mundo","Mundo","2006","Otros","Ingreso no percibido (Revenue Forgone)","0.04000",""
"Mundo","Mundo","2007","A los bienes y servicios","Ingreso no percibido (Revenue Forgone)","1.64000",""
"Mundo","Mundo","2007","Al ingreso","Ingreso no percibido (Revenue Forgone)","2.10000",""
"Mundo","Mundo","2007","Otros","Ingreso no percibido (Revenue Forgone)","0.05000",""
"Mundo","Mundo","2008","A los bienes y servicios","Ingreso no percibido (Revenue Forgone)","1.74000",""
"Mundo","Mundo","2008","Al ingreso","Ingreso no percibido (Revenue Forgone)","2.03000",""
"Mundo","Mundo","2008","Otros","Ingreso no percibido (Revenue Forgone)","0.20000",""
"Mundo","Mundo","2009","A los bienes y servicios","Ingreso no percibido (Revenue Forgone)","1.61000",""
"Mundo","Mundo","2009","Al ingreso","Ingreso no percibido (Revenue Forgone)","2.03000",""
"Mundo","Mundo","2009","Otros","Ingreso no percibido (Revenue Forgone)","0.30000",""
"Mundo","Mundo","2010","A los bienes y servicios","Ingreso no percibido (Revenue Forgone)","1.54000",""
"Mundo","Mundo","2010","Al ingreso","Ingreso no percibido (Revenue Forgone)","2.03000",""
"Mundo","Mundo","2010","Otros","Ingreso no percibido (Revenue Forgone)","0.18000",""
"Mundo","Mundo","2011","A los bienes y servicios","Ingreso no percibido (Revenue Forgone)","1.76000",""
"Mundo","Mundo","2011","Al ingreso","Ingreso no percibido (Revenue Forgone)","2.13000",""
"Mundo","Mundo","2011","Otros","Ingreso no percibido (Revenue Forgone)","0.25000",""
"Mundo","Mundo","2012","A los bienes y servicios","Ingreso no percibido (Revenue Forgone)","1.71000",""
"Mundo","Mundo","2012","Al ingreso","Ingreso no percibido (Revenue Forgone)","1.94000",""
"Mundo","Mundo","2012","Otros","Ingreso no percibido (Revenue Forgone)","0.16000",""
"Mundo","Mundo","2013","A los bienes y servicios","Ingreso no percibido (Revenue Forgone)","1.95000",""
"Mundo","Mundo","2013","Al ingreso","Ingreso no percibido (Revenue Forgone)","1.94000",""
"Mundo","Mundo","2013","Otros","Ingreso no percibido (Revenue Forgone)","0.27000",""
"Mundo","Mundo","2014","A los bienes y servicios","Ingreso no percibido (Revenue Forgone)","1.95000",""
"Mundo","Mundo","2014","Al ingreso","Ingreso no percibido (Revenue Forgone)","1.89000",""
"Mundo","Mundo","2014","Otros","Ingreso no percibido (Revenue Forgone)","0.18000",""
"Mundo","Mundo","2015","A los bienes y servicios","Ingreso no percibido (Revenue Forgone)","1.95000",""
"Mundo","Mundo","2015","Al ingreso","Ingreso no percibido (Revenue Forgone)","1.78000",""
"Mundo","Mundo","2015","Otros","Ingreso no percibido (Revenue Forgone)","0.13000",""
"Mundo","Mundo","2016","A los bienes y servicios","Ingreso no percibido (Revenue Forgone)","1.96000",""
"Mundo","Mundo","2016","Al ingreso","Ingreso no percibido (Revenue Forgone)","1.76000",""
"Mundo","Mundo","2016","Otros","Ingreso no percibido (Revenue Forgone)","0.14000",""
"Mundo","Mundo","2017","A los bienes y servicios","Ingreso no percibido (Revenue Forgone)","2.08000",""
"Mundo","Mundo","2017","Al ingreso","Ingreso no percibido (Revenue Forgone)","1.75000",""
"Mundo","Mundo","2017","Otros","Ingreso no percibido (Revenue Forgone)","0.10000",""
"Mundo","Mundo","2018","A los bienes y servicios","Ingreso no percibido (Revenue Forgone)","2.13000",""
"Mundo","Mundo","2018","Al ingreso","Ingreso no percibido (Revenue Forgone)","1.60000",""
"Mundo","Mundo","2018","Otros","Ingreso no percibido (Revenue Forgone)","0.12000",""
"Mundo","Mundo","2019","A los bienes y servicios","Ingreso no percibido (Revenue Forgone)","2.11000",""
"Mundo","Mundo","2019","Al ingreso","Ingreso no percibido (Revenue Forgone)","1.54000",""
"Mundo","Mundo","2019","Otros","Ingreso no percibido (Revenue Forgone)","0.14000",""
"Mundo","Mundo","2020","A los bienes y servicios","Ingreso no percibido (Revenue Forgone)","2.18000",""
"Mundo","Mundo","2020","Al ingreso","Ingreso no percibido (Revenue Forgone)","1.65000",""
"Mundo","Mundo","2020","Otros","Ingreso no percibido (Revenue Forgone)","0.15000",""
"Mundo","Mundo","2021","A los bienes y servicios","Ingreso no percibido (Revenue Forgone)","2.20000",""
"Mundo","Mundo","2021","Al ingreso","Ingreso no percibido (Revenue Forgone)","1.74000",""
"Mundo","Mundo","2021","Otros","Ingreso no percibido (Revenue Forgone)","0.15000",""
"Mundo","Mundo","2022","A los bienes y servicios","Ingreso no percibido (Revenue Forgone)","2.19000",""
"Mundo","Mundo","2022","Al ingreso","Ingreso no percibido (Revenue Forgone)","1.72000",""
"Mundo","Mundo","2022","Otros","Ingreso no percibido (Revenue Forgone)","0.23000",""
"Mundo","Mundo","2023","A los bienes y servicios","Ingreso no percibido (Revenue Forgone)","2.04000",""
"Mundo","Mundo","2023","Al ingreso","Ingreso no percibido (Revenue Forgone)","1.72000",""
"Mundo","Mundo","2023","Otros","Ingreso no percibido (Revenue Forgone)","0.21000",""
"Mundo","Mundo","2024","A los bienes y servicios","Ingreso no percibido (Revenue Forgone)","1.80000",""
"Mundo","Mundo","2024","Al ingreso","Ingreso no percibido (Revenue Forgone)","2.39000",""
"Mundo","Mundo","2024","Otros","Ingreso no percibido (Revenue Forgone)","0.19000",""
"Mundo","Mundo","2025","A los bienes y servicios","Ingreso no percibido (Revenue Forgone)","1.99000",""
"Mundo","Mundo","2025","Al ingreso","Ingreso no percibido (Revenue Forgone)","2.72000",""
"Mundo","Mundo","2025","Otros","Ingreso no percibido (Revenue Forgone)","0.18000",""
"MEX","México","2002","A los bienes y servicios","Ingreso no percibido (Revenue Forgone)","2.05273","21.75626"
"MEX","México","2002","Al ingreso","Ingreso no percibido (Revenue Forgone)","2.05893","21.82200"
"MEX","México","2002","Otros","Ingreso no percibido (Revenue Forgone)","0.00807","0.08555"
"MEX","México","2003","A los bienes y servicios","Ingreso no percibido (Revenue Forgone)","0.00000","0.00000"
"MEX","México","2003","Al ingreso","Ingreso no percibido (Revenue Forgone)","2.63140","27.92986"
"MEX","México","2003","Otros","Ingreso no percibido (Revenue Forgone)","0.08332","0.88437"
"MEX","México","2004","A los bienes y servicios","Ingreso no percibido (Revenue Forgone)","0.00000","0.00000"
"MEX","México","2004","Al ingreso","Ingreso no percibido (Revenue Forgone)","2.51636","29.73999"
"MEX","México","2004","Otros","Ingreso no percibido (Revenue Forgone)","0.03288","0.38864"
"MEX","México","2005","A los bienes y servicios","Ingreso no percibido (Revenue Forgone)","0.00000","0.00000"
"MEX","México","2005","Al ingreso","Ingreso no percibido (Revenue Forgone)","3.52045","42.55763"
"MEX","México","2005","Otros","Ingreso no percibido (Revenue Forgone)","0.01960","0.23692"
"MEX","México","2006","A los bienes y servicios","Ingreso no percibido (Revenue Forgone)","0.00000","0.00000"
"MEX","México","2006","Al ingreso","Ingreso no percibido (Revenue Forgone)","2.77936","32.31865"
"MEX","México","2006","Otros","Ingreso no percibido (Revenue Forgone)","0.01375","0.15985"
"MEX","México","2007","A los bienes y servicios","Ingreso no percibido (Revenue Forgone)","0.00000","0.00000"
"MEX","México","2007","Al ingreso","Ingreso no percibido (Revenue Forgone)","2.62517","29.38792"
"MEX","México","2007","Otros","Ingreso no percibido (Revenue Forgone)","0.04397","0.49222"
"MEX","México","2008","A los bienes y servicios","Ingreso no percibido (Revenue Forgone)","0.00000","0.00000"
"MEX","México","2008","Al ingreso","Ingreso no percibido (Revenue Forgone)","2.05548","21.45935"
"MEX","México","2009","A los bienes y servicios","Ingreso no percibido (Revenue Forgone)","0.00000","0.00000"
"MEX","México","2009","Al ingreso","Ingreso no percibido (Revenue Forgone)","1.64437","17.80660"
"MEX","México","2010","A los bienes y servicios","Ingreso no percibido (Revenue Forgone)","0.00000","0.00000"
"MEX","México","2010","Al ingreso","Ingreso no percibido (Revenue Forgone)","1.53223","15.83645"
"MEX","México","2011","A los bienes y servicios","Ingreso no percibido (Revenue Forgone)","0.00000","0.00000"
"MEX","México","2011","Al ingreso","Ingreso no percibido (Revenue Forgone)","1.81286","18.85041"
"MEX","México","2012","A los bienes y servicios","Ingreso no percibido (Revenue Forgone)","0.00000","0.00000"
"MEX","México","2012","Al ingreso","Ingreso no percibido (Revenue Forgone)","1.71934","18.38834"
"MEX","México","2013","A los bienes y servicios","Ingreso no percibido (Revenue Forgone)","1.51451","15.32346"
"MEX","México","2013","Al ingreso","Ingreso no percibido (Revenue Forgone)","1.47665","14.94037"
"MEX","México","2014","A los bienes y servicios","Ingreso no percibido (Revenue Forgone)","1.24756","12.17665"
"MEX","México","2014","Al ingreso","Ingreso no percibido (Revenue Forgone)","1.29913","12.67998"
"MEX","México","2015","A los bienes y servicios","Ingreso no percibido (Revenue Forgone)","1.38584","11.22500"
"MEX","México","2015","Al ingreso","Ingreso no percibido (Revenue Forgone)","1.38195","11.19353"
"MEX","México","2016","A los bienes y servicios","Ingreso no percibido (Revenue Forgone)","1.74593","13.30356"
"MEX","México","2016","Al ingreso","Ingreso no percibido (Revenue Forgone)","1.48317","11.30142"
"MEX","México","2017","A los bienes y servicios","Ingreso no percibido (Revenue Forgone)","2.02451","15.95682"
"MEX","México","2017","Al ingreso","Ingreso no percibido (Revenue Forgone)","1.59650","12.58334"
"MEX","México","2018","A los bienes y servicios","Ingreso no percibido (Revenue Forgone)","1.99803","15.71750"
"MEX","México","2018","Al ingreso","Ingreso no percibido (Revenue Forgone)","1.56539","12.31411"
"MEX","México","2019","A los bienes y servicios","Ingreso no percibido (Revenue Forgone)","2.13791","16.71507"
"MEX","México","2019","Al ingreso","Ingreso no percibido (Revenue Forgone)","1.56130","12.20692"
"MEX","México","2020","A los bienes y servicios","Ingreso no percibido (Revenue Forgone)","1.94299","13.98087"
"MEX","México","2020","Al ingreso","Ingreso no percibido (Revenue Forgone)","1.78536","12.84663"
"MEX","México","2021","A los bienes y servicios","Ingreso no percibido (Revenue Forgone)","2.16313","16.12923"
"MEX","México","2021","Al ingreso","Ingreso no percibido (Revenue Forgone)","1.69609","12.64679"
"MEX","México","2022","A los bienes y servicios","Ingreso no percibido (Revenue Forgone)","3.31679","24.73662"
"MEX","México","2022","Al ingreso","Ingreso no percibido (Revenue Forgone)","1.42731","10.64493"
"MEX","México","2022","Otros","Ingreso no percibido (Revenue Forgone)","0.00507","0.03783"
"MEX","México","2023","A los bienes y servicios","Ingreso no percibido (Revenue Forgone)","3.09995","21.78562"
"MEX","México","2023","Al ingreso","Ingreso no percibido (Revenue Forgone)","1.45366","10.21596"
"MEX","México","2023","Otros","Ingreso no percibido (Revenue Forgone)","0.00000","0.00000"
"MEX","México","2024","A los bienes y servicios","Ingreso no percibido (Revenue Forgone)","2.62662","0.00000"
"MEX","México","2024","Al ingreso","Ingreso no percibido (Revenue Forgone)","1.52669","0.00000"
"MEX","México","2024","Otros","Ingreso no percibido (Revenue Forgone)","0.03320","0.00000"
"MEX","México","2025","A los bienes y servicios","Ingreso no percibido (Revenue Forgone)","2.62795","0.00000"
"MEX","México","2025","Al ingreso","Ingreso no percibido (Revenue Forgone)","1.55478","0.00000"
"MEX","México","2025","Otros","Ingreso no percibido (Revenue Forgone)","0.00000","0.00000"
"NIC","Nicaragua","2004","A los bienes y servicios","Ingreso no percibido (Revenue Forgone)","4.84690","39.76702"
"NIC","Nicaragua","2004","Al ingreso","Ingreso no percibido (Revenue Forgone)","1.19786","9.82800"
"NIC","Nicaragua","2005","A los bienes y servicios","Ingreso no percibido (Revenue Forgone)","5.26967","40.85086"
"NIC","Nicaragua","2005","Al ingreso","Ingreso no percibido (Revenue Forgone)","1.08937","8.44485"
"NIC","Nicaragua","2006","A los bienes y servicios","Ingreso no percibido (Revenue Forgone)","5.53173","40.42430"
"NIC","Nicaragua","2006","Al ingreso","Ingreso no percibido (Revenue Forgone)","1.10394","8.06727"
"NIC","Nicaragua","2007","A los bienes y servicios","Ingreso no percibido (Revenue Forgone)","6.72910","48.54312"
"NIC","Nicaragua","2007","Al ingreso","Ingreso no percibido (Revenue Forgone)","1.18065","8.51710"
"NIC","Nicaragua","2008","A los bienes y servicios","Ingreso no percibido (Revenue Forgone)","7.63138","57.80600"
"NIC","Nicaragua","2008","Al ingreso","Ingreso no percibido (Revenue Forgone)","1.10874","8.39842"
"NIC","Nicaragua","2009","A los bienes y servicios","Ingreso no percibido (Revenue Forgone)","5.51901","42.00903"
"NIC","Nicaragua","2009","Al ingreso","Ingreso no percibido (Revenue Forgone)","1.12832","8.58841"
"NIC","Nicaragua","2010","A los bienes y servicios","Ingreso no percibido (Revenue Forgone)","5.32785","38.95098"
"NIC","Nicaragua","2010","Al ingreso","Ingreso no percibido (Revenue Forgone)","0.41470","3.03177"
"NIC","Nicaragua","2016","A los bienes y servicios","Ingreso no percibido (Revenue Forgone)","4.26807","26.40074"
"NIC","Nicaragua","2016","Al ingreso","Ingreso no percibido (Revenue Forgone)","0.91327","5.64914"
"NIC","Nicaragua","2017","A los bienes y servicios","Ingreso no percibido (Revenue Forgone)","4.20140","25.34967"
"NIC","Nicaragua","2017","Al ingreso","Ingreso no percibido (Revenue Forgone)","0.95501","5.76217"
"NIC","Nicaragua","2018","A los bienes y servicios","Ingreso no percibido (Revenue Forgone)","4.32764","27.56564"
"NIC","Nicaragua","2018","Al ingreso","Ingreso no percibido (Revenue Forgone)","0.87540","5.57602"
"NIC","Nicaragua","2019","A los bienes y servicios","Ingreso no percibido (Revenue Forgone)","3.75064","21.52844"
"NIC","Nicaragua","2019","Al ingreso","Ingreso no percibido (Revenue Forgone)","1.07360","6.16239"
"NIC","Nicaragua","2020","A los bienes y servicios","Ingreso no percibido (Revenue Forgone)","3.54999","20.86888"
"NIC","Nicaragua","2020","Al ingreso","Ingreso no percibido (Revenue Forgone)","1.17764","6.92285"
"NIC","Nicaragua","2021","A los bienes y servicios","Ingreso no percibido (Revenue Forgone)","3.50874","18.64292"
"NIC","Nicaragua","2021","Al ingreso","Ingreso no percibido (Revenue Forgone)","1.36465","7.25078"
"NIC","Nicaragua","2022","A los bienes y servicios","Ingreso no percibido (Revenue Forgone)","3.56113","17.93058"
"NIC","Nicaragua","2022","Al ingreso","Ingreso no percibido (Revenue Forgone)","1.42877","7.19398"
"NGA","Nigeria","2019","A los bienes y servicios","Ingreso no percibido (Revenue Forgone)","2.27485","inf"
"NGA","Nigeria","2019","Al ingreso","Ingreso no percibido (Revenue Forgone)","0.75529","inf"
"NGA","Nigeria","2020","A los bienes y servicios","Ingreso no percibido (Revenue Forgone)","3.29313","inf"
"NGA","Nigeria","2020","Al ingreso","Ingreso no percibido (Revenue Forgone)","0.49529","inf"
"NGA","Nigeria","2021","A los bienes y servicios","Ingreso no percibido (Revenue Forgone)","3.30704","inf"
"NGA","Nigeria","2021","Al ingreso","Ingreso no percibido (Revenue Forgone)","0.54792","inf"
"NGA","Nigeria","2022","A los bienes y servicios","Ingreso no percibido (Revenue Forgone)","0.96717","inf"
"NGA","Nigeria","2022","Al ingreso","Ingreso no percibido (Revenue Forgone)","0.32825","inf"
"NGA","Nigeria","2023","A los bienes y servicios","Ingreso no percibido (Revenue Forgone)","0.79358","inf"
"NGA","Nigeria","2023","Al ingreso","Ingreso no percibido (Revenue Forgone)","0.33451","inf"
"NGA","Nigeria","2024","A los bienes y servicios","Ingreso no percibido (Revenue Forgone)","0.64234","0.00000"
"NGA","Nigeria","2024","Al ingreso","Ingreso no percibido (Revenue Forgone)","0.33398","0.00000"
"NGA","Nigeria","2025","A los bienes y servicios","Ingreso no percibido (Revenue Forgone)","0.66833","0.00000"
"NGA","Nigeria","2025","Al ingreso","Ingreso no percibido (Revenue Forgone)","0.35037","0.00000"
"NGA","Nigeria","2026","A los bienes y servicios","Ingreso no percibido (Revenue Forgone)","0.00000","0.00000"
"NGA","Nigeria","2026","Al ingreso","Ingreso no percibido (Revenue Forgone)","0.00000","0.00000"
"NOR","Noruega","2010","A los bienes y servicios","Ingreso no percibido (Revenue Forgone)","0.95123","2.64093"
"NOR","Noruega","2010","Al ingreso","Ingreso no percibido (Revenue Forgone)","4.18491","11.61865"
"NOR","Noruega","2011","A los bienes y servicios","Ingreso no percibido (Revenue Forgone)","1.02768","2.79750"
"NOR","Noruega","2011","Al ingreso","Ingreso no percibido (Revenue Forgone)","3.24123","8.82315"
"NOR","Noruega","2012","A los bienes y servicios","Ingreso no percibido (Revenue Forgone)","0.86438","2.39464"
"NOR","Noruega","2012","Al ingreso","Ingreso no percibido (Revenue Forgone)","2.66530","7.38387"
"NOR","Noruega","2013","A los bienes y servicios","Ingreso no percibido (Revenue Forgone)","1.07665","3.12947"
"NOR","Noruega","2013","Al ingreso","Ingreso no percibido (Revenue Forgone)","3.49871","10.16965"
"NOR","Noruega","2014","A los bienes y servicios","Ingreso no percibido (Revenue Forgone)","1.30585","3.92900"
"NOR","Noruega","2014","Al ingreso","Ingreso no percibido (Revenue Forgone)","3.68669","11.09243"
"NOR","Noruega","2015","A los bienes y servicios","Ingreso no percibido (Revenue Forgone)","1.41551","4.37024"
"NOR","Noruega","2015","Al ingreso","Ingreso no percibido (Revenue Forgone)","3.21966","9.94035"
"NOR","Noruega","2016","A los bienes y servicios","Ingreso no percibido (Revenue Forgone)","1.46076","4.49720"
"NOR","Noruega","2016","Al ingreso","Ingreso no percibido (Revenue Forgone)","3.10567","9.56132"
"NOR","Noruega","2017","A los bienes y servicios","Ingreso no percibido (Revenue Forgone)","1.42003","4.37569"
"NOR","Noruega","2017","Al ingreso","Ingreso no percibido (Revenue Forgone)","3.13824","9.67021"
"NOR","Noruega","2018","A los bienes y servicios","Ingreso no percibido (Revenue Forgone)","1.39494","4.20252"
"NOR","Noruega","2018","Al ingreso","Ingreso no percibido (Revenue Forgone)","2.97566","8.96476"
"NOR","Noruega","2019","A los bienes y servicios","Ingreso no percibido (Revenue Forgone)","1.39671","4.16842"
"NOR","Noruega","2019","Al ingreso","Ingreso no percibido (Revenue Forgone)","2.91398","8.69660"
"NOR","Noruega","2020","A los bienes y servicios","Ingreso no percibido (Revenue Forgone)","1.21560","3.81889"
"NOR","Noruega","2020","Al ingreso","Ingreso no percibido (Revenue Forgone)","2.91116","9.14559"
"NOR","Noruega","2021","A los bienes y servicios","Ingreso no percibido (Revenue Forgone)","1.29294","3.71696"
"NOR","Noruega","2021","Al ingreso","Ingreso no percibido (Revenue Forgone)","2.90590","8.35389"
"NOR","Noruega","2022","A los bienes y servicios","Ingreso no percibido (Revenue Forgone)","1.20047","3.09365"
"NOR","Noruega","2022","Al ingreso","Ingreso no percibido (Revenue Forgone)","2.85565","7.35910"
"NOR","Noruega","2023","A los bienes y servicios","Ingreso no percibido (Revenue Forgone)","1.03104","2.84020"
"NOR","Noruega","2023","Al ingreso","Ingreso no percibido (Revenue Forgone)","3.43524","9.46306"
"NOR","Noruega","2024","A los bienes y servicios","Ingreso no percibido (Revenue Forgone)","1.12213","0.00000"
"NOR","Noruega","2024","Al ingreso","Ingreso no percibido (Revenue Forgone)","3.52384","0.00000"
"NZL","Nueva Zelanda","2009","Al ingreso","Ingreso no percibido (Revenue Forgone)","1.95567","6.80511"
"NZL","Nueva Zelanda","2010","Al ingreso","Ingreso no percibido (Revenue Forgone)","2.08961","7.29818"
"NZL","Nueva Zelanda","2011","Al ingreso","Ingreso no percibido (Revenue Forgone)","2.03691","7.17204"
"NZL","Nueva Zelanda","2012","Al ingreso","Ingreso no percibido (Revenue Forgone)","1.80705","6.06409"
"NZL","Nueva Zelanda","2013","Al ingreso","Ingreso no percibido (Revenue Forgone)","1.67898","5.70162"
"NZL","Nueva Zelanda","2014","Al ingreso","Ingreso no percibido (Revenue Forgone)","1.60469","5.42138"
"NZL","Nueva Zelanda","2015","Al ingreso","Ingreso no percibido (Revenue Forgone)","1.55413","5.15582"
"NZL","Nueva Zelanda","2016","Al ingreso","Ingreso no percibido (Revenue Forgone)","1.34036","4.43017"
"NZL","Nueva Zelanda","2017","Al ingreso","Ingreso no percibido (Revenue Forgone)","1.25820","4.16765"
"NZL","Nueva Zelanda","2018","Al ingreso","Ingreso no percibido (Revenue Forgone)","1.18224","3.83515"
"NZL","Nueva Zelanda","2019","Al ingreso","Ingreso no percibido (Revenue Forgone)","1.34344","4.63373"
"NZL","Nueva Zelanda","2020","Al ingreso","Ingreso no percibido (Revenue Forgone)","1.44697","4.31990"
"NZL","Nueva Zelanda","2021","Al ingreso","Ingreso no percibido (Revenue Forgone)","1.34787","4.03273"
"NZL","Nueva Zelanda","2022","Al ingreso","Ingreso no percibido (Revenue Forgone)","1.25925","3.96559"
"NZL","Nueva Zelanda","2023","Al ingreso","Ingreso no percibido (Revenue Forgone)","1.10624","3.47570"
"NER","Níger","2011","A los bienes y servicios","Ingreso no percibido (Revenue Forgone)","4.89578","50.86094"
"NER","Níger","2012","A los bienes y servicios","Ingreso no percibido (Revenue Forgone)","3.89312","38.45001"
"NER","Níger","2019","A los bienes y servicios","Ingreso no percibido (Revenue Forgone)","2.65475","27.00108"
"NER","Níger","2019","Al ingreso","Ingreso no percibido (Revenue Forgone)","0.44845","4.56116"
"NER","Níger","2020","A los bienes y servicios","Ingreso no percibido (Revenue Forgone)","1.78501","19.32793"
"NER","Níger","2020","Al ingreso","Ingreso no percibido (Revenue Forgone)","0.36478","3.94976"
"NER","Níger","2021","A los bienes y servicios","Ingreso no percibido (Revenue Forgone)","1.56073","15.77067"
"NER","Níger","2021","Al ingreso","Ingreso no percibido (Revenue Forgone)","0.35907","3.62832"
"NER","Níger","2022","A los bienes y servicios","Ingreso no percibido (Revenue Forgone)","1.62685","17.96258"
"NER","Níger","2022","Al ingreso","Ingreso no percibido (Revenue Forgone)","0.22318","2.46422"
"NER","Níger","2023","A los bienes y servicios","Ingreso no percibido (Revenue Forgone)","2.44192","30.32154"
"NER","Níger","2023","Al ingreso","Ingreso no percibido (Revenue Forgone)","1.52925","18.98886"
"PAK","Pakistán","2003","A los bienes y servicios","Ingreso no percibido (Revenue Forgone)","0.25059","3.13685"
"PAK","Pakistán","2003","Al ingreso","Ingreso no percibido (Revenue Forgone)","0.10332","1.29331"
"PAK","Pakistán","2004","A los bienes y servicios","Ingreso no percibido (Revenue Forgone)","0.17932","2.35284"
"PAK","Pakistán","2004","Al ingreso","Ingreso no percibido (Revenue Forgone)","0.08080","1.06015"
"PAK","Pakistán","2005","A los bienes y servicios","Ingreso no percibido (Revenue Forgone)","0.22675","3.13072"
"PAK","Pakistán","2005","Al ingreso","Ingreso no percibido (Revenue Forgone)","0.05337","0.73687"
"PAK","Pakistán","2006","A los bienes y servicios","Ingreso no percibido (Revenue Forgone)","0.17814","2.40166"
"PAK","Pakistán","2006","Al ingreso","Ingreso no percibido (Revenue Forgone)","0.04799","0.64703"
"PAK","Pakistán","2007","A los bienes y servicios","Ingreso no percibido (Revenue Forgone)","0.55359","7.24390"
"PAK","Pakistán","2007","Al ingreso","Ingreso no percibido (Revenue Forgone)","1.08963","14.25809"
"PAK","Pakistán","2008","A los bienes y servicios","Ingreso no percibido (Revenue Forgone)","0.46648","5.84185"
"PAK","Pakistán","2008","Al ingreso","Ingreso no percibido (Revenue Forgone)","0.21871","2.73888"
"PAK","Pakistán","2009","A los bienes y servicios","Ingreso no percibido (Revenue Forgone)","0.53572","6.67383"
"PAK","Pakistán","2009","Al ingreso","Ingreso no percibido (Revenue Forgone)","0.27544","3.43128"
"PAK","Pakistán","2010","A los bienes y servicios","Ingreso no percibido (Revenue Forgone)","0.62475","6.95373"
"PAK","Pakistán","2010","Al ingreso","Ingreso no percibido (Revenue Forgone)","0.28190","3.13773"
"PAK","Pakistán","2011","A los bienes y servicios","Ingreso no percibido (Revenue Forgone)","0.65229","7.66380"
"PAK","Pakistán","2011","Al ingreso","Ingreso no percibido (Revenue Forgone)","0.23571","2.76938"
"PAK","Pakistán","2012","A los bienes y servicios","Ingreso no percibido (Revenue Forgone)","0.61004","6.73288"
"PAK","Pakistán","2012","Al ingreso","Ingreso no percibido (Revenue Forgone)","0.31152","3.43816"
"PAK","Pakistán","2013","A los bienes y servicios","Ingreso no percibido (Revenue Forgone)","0.62751","6.27670"
"PAK","Pakistán","2013","Al ingreso","Ingreso no percibido (Revenue Forgone)","0.32902","3.29101"
"PAK","Pakistán","2014","A los bienes y servicios","Ingreso no percibido (Revenue Forgone)","0.47026","5.22887"
"PAK","Pakistán","2014","Al ingreso","Ingreso no percibido (Revenue Forgone)","0.34570","3.84391"
"PAK","Pakistán","2015","A los bienes y servicios","Ingreso no percibido (Revenue Forgone)","1.91093","17.19839"
"PAK","Pakistán","2015","Al ingreso","Ingreso no percibido (Revenue Forgone)","0.27477","2.47290"
"PAK","Pakistán","2016","A los bienes y servicios","Ingreso no percibido (Revenue Forgone)","1.00013","8.96748"
"PAK","Pakistán","2016","Al ingreso","Ingreso no percibido (Revenue Forgone)","0.20565","1.84394"
"PAK","Pakistán","2017","A los bienes y servicios","Ingreso no percibido (Revenue Forgone)","1.13000","9.86828"
"PAK","Pakistán","2017","Al ingreso","Ingreso no percibido (Revenue Forgone)","0.03939","0.34401"
"PAK","Pakistán","2018","A los bienes y servicios","Ingreso no percibido (Revenue Forgone)","1.22277","11.75798"
"PAK","Pakistán","2018","Al ingreso","Ingreso no percibido (Revenue Forgone)","0.15764","1.51580"
"PAK","Pakistán","2019","A los bienes y servicios","Ingreso no percibido (Revenue Forgone)","1.89635","19.20757"
"PAK","Pakistán","2019","Al ingreso","Ingreso no percibido (Revenue Forgone)","0.32340","3.27563"
"PAK","Pakistán","2020","A los bienes y servicios","Ingreso no percibido (Revenue Forgone)","1.62372","14.74708"
"PAK","Pakistán","2020","Al ingreso","Ingreso no percibido (Revenue Forgone)","0.79518","7.22204"
"PAK","Pakistán","2021","A los bienes y servicios","Ingreso no percibido (Revenue Forgone)","1.55134","13.72105"
"PAK","Pakistán","2021","Al ingreso","Ingreso no percibido (Revenue Forgone)","0.80170","7.09075"
"PAK","Pakistán","2022","A los bienes y servicios","Ingreso no percibido (Revenue Forgone)","2.72398","23.35646"
"PAK","Pakistán","2022","Al ingreso","Ingreso no percibido (Revenue Forgone)","0.63593","5.45266"
"PAK","Pakistán","2023","A los bienes y servicios","Ingreso no percibido (Revenue Forgone)","4.05276","0.00000"
"PAK","Pakistán","2023","Al ingreso","Ingreso no percibido (Revenue Forgone)","0.56816","0.00000"
"PAN","Panamá","2012","A los bienes y servicios","Ingreso no percibido (Revenue Forgone)","3.23016","30.56150"
"PAN","Panamá","2012","Al ingreso","Ingreso no percibido (Revenue Forgone)","1.44361","13.65840"
"PAN","Panamá","2013","A los bienes y servicios","Ingreso no percibido (Revenue Forgone)","3.02533","29.42418"
"PAN","Panamá","2013","Al ingreso","Ingreso no percibido (Revenue Forgone)","1.20268","11.69723"
"PAN","Panamá","2014","A los bienes y servicios","Ingreso no percibido (Revenue Forgone)","2.86799","30.72961"
"PAN","Panamá","2014","Al ingreso","Ingreso no percibido (Revenue Forgone)","1.22690","13.14587"
"PAN","Panamá","2015","A los bienes y servicios","Ingreso no percibido (Revenue Forgone)","2.76460","30.80951"
"PAN","Panamá","2015","Al ingreso","Ingreso no percibido (Revenue Forgone)","1.29892","14.47554"
"PAN","Panamá","2015","Otros","Ingreso no percibido (Revenue Forgone)","0.02389","0.26629"
"PAN","Panamá","2016","A los bienes y servicios","Ingreso no percibido (Revenue Forgone)","2.38194","25.45040"
"PAN","Panamá","2016","Al ingreso","Ingreso no percibido (Revenue Forgone)","1.21366","12.96760"
"PAN","Panamá","2016","Otros","Ingreso no percibido (Revenue Forgone)","0.03629","0.38775"
"PAN","Panamá","2017","A los bienes y servicios","Ingreso no percibido (Revenue Forgone)","2.73657","30.82840"
"PAN","Panamá","2017","Al ingreso","Ingreso no percibido (Revenue Forgone)","0.97227","10.95292"
"PAN","Panamá","2017","Otros","Ingreso no percibido (Revenue Forgone)","0.03503","0.39462"
"PAN","Panamá","2018","A los bienes y servicios","Ingreso no percibido (Revenue Forgone)","2.23984","25.23328"
"PAN","Panamá","2018","Al ingreso","Ingreso no percibido (Revenue Forgone)","0.97379","10.97035"
"PAN","Panamá","2018","Otros","Ingreso no percibido (Revenue Forgone)","0.02089","0.23533"
"PAN","Panamá","2019","A los bienes y servicios","Ingreso no percibido (Revenue Forgone)","2.04210","25.99771"
"PAN","Panamá","2019","Al ingreso","Ingreso no percibido (Revenue Forgone)","0.83747","10.66169"
"PAN","Panamá","2019","Otros","Ingreso no percibido (Revenue Forgone)","0.03996","0.50870"
"PAN","Panamá","2020","A los bienes y servicios","Ingreso no percibido (Revenue Forgone)","1.84038","29.52346"
"PAN","Panamá","2020","Al ingreso","Ingreso no percibido (Revenue Forgone)","0.78915","12.65953"
"PAN","Panamá","2020","Otros","Ingreso no percibido (Revenue Forgone)","0.02134","0.34242"
"PAN","Panamá","2021","A los bienes y servicios","Ingreso no percibido (Revenue Forgone)","1.96818","29.37781"
"PAN","Panamá","2021","Al ingreso","Ingreso no percibido (Revenue Forgone)","1.05924","15.81061"
"PAN","Panamá","2021","Otros","Ingreso no percibido (Revenue Forgone)","0.01842","0.27501"
"PAN","Panamá","2022","A los bienes y servicios","Ingreso no percibido (Revenue Forgone)","2.03653","26.44848"
"PAN","Panamá","2022","Al ingreso","Ingreso no percibido (Revenue Forgone)","1.06543","13.83677"
"PAN","Panamá","2022","Otros","Ingreso no percibido (Revenue Forgone)","0.01005","0.13051"
"PNG","Papúa Nueva Guinea","2004","Al ingreso","Ingreso no percibido (Revenue Forgone)","0.00010","0.00062"
"PNG","Papúa Nueva Guinea","2005","Al ingreso","Ingreso no percibido (Revenue Forgone)","0.11532","0.70125"
"PNG","Papúa Nueva Guinea","2006","Al ingreso","Ingreso no percibido (Revenue Forgone)","0.09165","0.47333"
"PNG","Papúa Nueva Guinea","2007","Al ingreso","Ingreso no percibido (Revenue Forgone)","0.07451","0.36026"
"PNG","Papúa Nueva Guinea","2008","A los bienes y servicios","Ingreso no percibido (Revenue Forgone)","0.00685","0.03753"
"PNG","Papúa Nueva Guinea","2008","Al ingreso","Ingreso no percibido (Revenue Forgone)","0.13904","0.76118"
"PNG","Papúa Nueva Guinea","2009","A los bienes y servicios","Ingreso no percibido (Revenue Forgone)","0.00509","0.03337"
"PNG","Papúa Nueva Guinea","2009","Al ingreso","Ingreso no percibido (Revenue Forgone)","0.30227","1.98087"
"PNG","Papúa Nueva Guinea","2010","A los bienes y servicios","Ingreso no percibido (Revenue Forgone)","0.00488","0.02829"
"PNG","Papúa Nueva Guinea","2010","Al ingreso","Ingreso no percibido (Revenue Forgone)","0.24392","1.41414"
"PNG","Papúa Nueva Guinea","2011","A los bienes y servicios","Ingreso no percibido (Revenue Forgone)","0.00602","0.03149"
"PNG","Papúa Nueva Guinea","2011","Al ingreso","Ingreso no percibido (Revenue Forgone)","0.13588","0.71077"
"PNG","Papúa Nueva Guinea","2012","A los bienes y servicios","Ingreso no percibido (Revenue Forgone)","0.00653","0.03525"
"PNG","Papúa Nueva Guinea","2012","Al ingreso","Ingreso no percibido (Revenue Forgone)","0.07973","0.43047"
"PNG","Papúa Nueva Guinea","2013","A los bienes y servicios","Ingreso no percibido (Revenue Forgone)","0.01809","0.09720"
"PNG","Papúa Nueva Guinea","2013","Al ingreso","Ingreso no percibido (Revenue Forgone)","0.12194","0.65532"
"PNG","Papúa Nueva Guinea","2014","A los bienes y servicios","Ingreso no percibido (Revenue Forgone)","0.58875","3.28733"
"PNG","Papúa Nueva Guinea","2014","Al ingreso","Ingreso no percibido (Revenue Forgone)","0.23079","1.28860"
"PNG","Papúa Nueva Guinea","2015","A los bienes y servicios","Ingreso no percibido (Revenue Forgone)","3.49780","22.97193"
"PNG","Papúa Nueva Guinea","2015","Al ingreso","Ingreso no percibido (Revenue Forgone)","2.87717","18.89593"
"PNG","Papúa Nueva Guinea","2016","A los bienes y servicios","Ingreso no percibido (Revenue Forgone)","0.43324","3.34564"
"PNG","Papúa Nueva Guinea","2016","Al ingreso","Ingreso no percibido (Revenue Forgone)","0.96571","7.45761"
"PNG","Papúa Nueva Guinea","2017","A los bienes y servicios","Ingreso no percibido (Revenue Forgone)","0.41822","3.31802"
"PNG","Papúa Nueva Guinea","2017","Al ingreso","Ingreso no percibido (Revenue Forgone)","1.01431","8.04726"
"PNG","Papúa Nueva Guinea","2018","A los bienes y servicios","Ingreso no percibido (Revenue Forgone)","0.39985","3.04264"
"PNG","Papúa Nueva Guinea","2018","Al ingreso","Ingreso no percibido (Revenue Forgone)","0.14621","1.11260"
"PNG","Papúa Nueva Guinea","2019","A los bienes y servicios","Ingreso no percibido (Revenue Forgone)","0.16805","1.29053"
"PNG","Papúa Nueva Guinea","2019","Al ingreso","Ingreso no percibido (Revenue Forgone)","0.14253","1.09452"
"PNG","Papúa Nueva Guinea","2020","A los bienes y servicios","Ingreso no percibido (Revenue Forgone)","0.27607","2.32402"
"PNG","Papúa Nueva Guinea","2020","Al ingreso","Ingreso no percibido (Revenue Forgone)","0.12361","1.04060"
"PNG","Papúa Nueva Guinea","2021","A los bienes y servicios","Ingreso no percibido (Revenue Forgone)","2.43206","20.02336"
"PNG","Papúa Nueva Guinea","2021","Al ingreso","Ingreso no percibido (Revenue Forgone)","0.61369","5.05257"
"PNG","Papúa Nueva Guinea","2022","A los bienes y servicios","Ingreso no percibido (Revenue Forgone)","2.21303","14.98238"
"PNG","Papúa Nueva Guinea","2022","Al ingreso","Ingreso no percibido (Revenue Forgone)","0.79357","5.37255"
"PNG","Papúa Nueva Guinea","2023","A los bienes y servicios","Ingreso no percibido (Revenue Forgone)","1.54811","9.71521"
"PNG","Papúa Nueva Guinea","2023","Al ingreso","Ingreso no percibido (Revenue Forgone)","0.12294","0.77154"
"PRY","Paraguay","2013","A los bienes y servicios","Ingreso no percibido (Revenue Forgone)","0.96925","9.77785"
"PRY","Paraguay","2013","Al ingreso","Ingreso no percibido (Revenue Forgone)","0.30826","3.10974"
"PRY","Paraguay","2014","A los bienes y servicios","Ingreso no percibido (Revenue Forgone)","1.13229","10.30607"
"PRY","Paraguay","2014","Al ingreso","Ingreso no percibido (Revenue Forgone)","0.27581","2.51044"
"PRY","Paraguay","2015","A los bienes y servicios","Ingreso no percibido (Revenue Forgone)","1.00788","0.00000"
"PRY","Paraguay","2015","Al ingreso","Ingreso no percibido (Revenue Forgone)","0.28671","0.00000"
"PRY","Paraguay","2016","A los bienes y servicios","Ingreso no percibido (Revenue Forgone)","1.00802","9.61672"
"PRY","Paraguay","2016","Al ingreso","Ingreso no percibido (Revenue Forgone)","0.28665","2.73472"
"PRY","Paraguay","2017","A los bienes y servicios","Ingreso no percibido (Revenue Forgone)","0.97266","8.82832"
"PRY","Paraguay","2017","Al ingreso","Ingreso no percibido (Revenue Forgone)","0.26720","2.42527"
"PRY","Paraguay","2018","A los bienes y servicios","Ingreso no percibido (Revenue Forgone)","0.83257","7.60328"
"PRY","Paraguay","2018","Al ingreso","Ingreso no percibido (Revenue Forgone)","0.31491","2.87581"
"PRY","Paraguay","2019","A los bienes y servicios","Ingreso no percibido (Revenue Forgone)","1.18690","10.93013"
"PRY","Paraguay","2019","Al ingreso","Ingreso no percibido (Revenue Forgone)","0.28069","2.58486"
"PRY","Paraguay","2020","A los bienes y servicios","Ingreso no percibido (Revenue Forgone)","1.18820","11.31947"
"PRY","Paraguay","2020","Al ingreso","Ingreso no percibido (Revenue Forgone)","0.23451","2.23411"
"PRY","Paraguay","2021","A los bienes y servicios","Ingreso no percibido (Revenue Forgone)","1.20986","11.21697"
"PRY","Paraguay","2021","Al ingreso","Ingreso no percibido (Revenue Forgone)","0.24032","2.22806"
"PRY","Paraguay","2022","A los bienes y servicios","Ingreso no percibido (Revenue Forgone)","1.16268","0.00000"
"PRY","Paraguay","2022","Al ingreso","Ingreso no percibido (Revenue Forgone)","0.23538","0.00000"
"PRY","Paraguay","2023","A los bienes y servicios","Ingreso no percibido (Revenue Forgone)","0.00000","0.00000"
"PRY","Paraguay","2023","Al ingreso","Ingreso no percibido (Revenue Forgone)","0.00000","0.00000"
"PRY","Paraguay","2024","A los bienes y servicios","Ingreso no percibido (Revenue Forgone)","0.00000","0.00000"
"PRY","Paraguay","2024","Al ingreso","Ingreso no percibido (Revenue Forgone)","0.00000","0.00000"
"NLD","Países Bajos","1998","Al ingreso","Ingreso no percibido (Revenue Forgone)","1.64705","7.93083"
"NLD","Países Bajos","1999","Al ingreso","Ingreso no percibido (Revenue Forgone)","1.78826","8.43901"
"NLD","Países Bajos","2000","Al ingreso","Ingreso no percibido (Revenue Forgone)","1.75501","8.34288"
"NLD","Países Bajos","2001","A los bienes y servicios","Ingreso no percibido (Revenue Forgone)","0.83054","3.90183"
"NLD","Países Bajos","2001","Al ingreso","Ingreso no percibido (Revenue Forgone)","1.67308","7.86008"
"NLD","Países Bajos","2001","Otros","Ingreso no percibido (Revenue Forgone)","0.08138","0.38230"
"NLD","Países Bajos","2002","A los bienes y servicios","Ingreso no percibido (Revenue Forgone)","0.91489","4.34110"
"NLD","Países Bajos","2002","Al ingreso","Ingreso no percibido (Revenue Forgone)","1.77271","8.41141"
"NLD","Países Bajos","2002","Otros","Ingreso no percibido (Revenue Forgone)","0.12845","0.60951"
"NLD","Países Bajos","2003","A los bienes y servicios","Ingreso no percibido (Revenue Forgone)","0.84832","4.18559"
"NLD","Países Bajos","2003","Al ingreso","Ingreso no percibido (Revenue Forgone)","1.54515","7.62376"
"NLD","Países Bajos","2003","Otros","Ingreso no percibido (Revenue Forgone)","0.08934","0.44079"
"NLD","Países Bajos","2004","A los bienes y servicios","Ingreso no percibido (Revenue Forgone)","1.36707","6.79301"
"NLD","Países Bajos","2004","Al ingreso","Ingreso no percibido (Revenue Forgone)","10.12172","50.29524"
"NLD","Países Bajos","2004","Otros","Ingreso no percibido (Revenue Forgone)","0.03579","0.17783"
"NLD","Países Bajos","2005","A los bienes y servicios","Ingreso no percibido (Revenue Forgone)","1.32915","6.28467"
"NLD","Países Bajos","2005","Al ingreso","Ingreso no percibido (Revenue Forgone)","10.31934","48.79340"
"NLD","Países Bajos","2005","Otros","Ingreso no percibido (Revenue Forgone)","0.03798","0.17959"
"NLD","Países Bajos","2006","A los bienes y servicios","Ingreso no percibido (Revenue Forgone)","1.31052","6.10558"
"NLD","Países Bajos","2006","Al ingreso","Ingreso no percibido (Revenue Forgone)","9.89212","46.08629"
"NLD","Países Bajos","2006","Otros","Ingreso no percibido (Revenue Forgone)","0.03634","0.16928"
"NLD","Países Bajos","2007","A los bienes y servicios","Ingreso no percibido (Revenue Forgone)","1.29796","6.01206"
"NLD","Países Bajos","2007","Al ingreso","Ingreso no percibido (Revenue Forgone)","9.88305","45.77748"
"NLD","Países Bajos","2007","Otros","Ingreso no percibido (Revenue Forgone)","0.05795","0.26842"
"NLD","Países Bajos","2008","A los bienes y servicios","Ingreso no percibido (Revenue Forgone)","1.29511","6.16678"
"NLD","Países Bajos","2008","Al ingreso","Ingreso no percibido (Revenue Forgone)","9.83354","46.82325"
"NLD","Países Bajos","2008","Otros","Ingreso no percibido (Revenue Forgone)","0.06109","0.29086"
"NLD","Países Bajos","2009","A los bienes y servicios","Ingreso no percibido (Revenue Forgone)","1.34969","6.55443"
"NLD","Países Bajos","2009","Al ingreso","Ingreso no percibido (Revenue Forgone)","10.30671","50.05209"
"NLD","Países Bajos","2009","Otros","Ingreso no percibido (Revenue Forgone)","0.05880","0.28556"
"NLD","Países Bajos","2010","A los bienes y servicios","Ingreso no percibido (Revenue Forgone)","1.70090","8.09548"
"NLD","Países Bajos","2010","Al ingreso","Ingreso no percibido (Revenue Forgone)","10.31851","49.11128"
"NLD","Países Bajos","2010","Otros","Ingreso no percibido (Revenue Forgone)","0.06076","0.28918"
"NLD","Países Bajos","2011","A los bienes y servicios","Ingreso no percibido (Revenue Forgone)","1.71864","8.59705"
"NLD","Países Bajos","2011","Al ingreso","Ingreso no percibido (Revenue Forgone)","10.52131","52.63005"
"NLD","Países Bajos","2011","Otros","Ingreso no percibido (Revenue Forgone)","0.18642","0.93251"
"NLD","Países Bajos","2012","A los bienes y servicios","Ingreso no percibido (Revenue Forgone)","1.80033","9.36770"
"NLD","Países Bajos","2012","Al ingreso","Ingreso no percibido (Revenue Forgone)","10.71746","55.76650"
"NLD","Países Bajos","2012","Otros","Ingreso no percibido (Revenue Forgone)","0.19387","1.00877"
"NLD","Países Bajos","2013","A los bienes y servicios","Ingreso no percibido (Revenue Forgone)","2.45625","12.56958"
"NLD","Países Bajos","2013","Al ingreso","Ingreso no percibido (Revenue Forgone)","11.16131","57.11672"
"NLD","Países Bajos","2013","Otros","Ingreso no percibido (Revenue Forgone)","0.47824","2.44733"
"NLD","Países Bajos","2014","A los bienes y servicios","Ingreso no percibido (Revenue Forgone)","2.44850","12.00711"
"NLD","Países Bajos","2014","Al ingreso","Ingreso no percibido (Revenue Forgone)","11.07872","54.32860"
"NLD","Países Bajos","2014","Otros","Ingreso no percibido (Revenue Forgone)","0.59589","2.92215"
"NLD","Países Bajos","2015","A los bienes y servicios","Ingreso no percibido (Revenue Forgone)","2.24880","10.75765"
"NLD","Países Bajos","2015","Al ingreso","Ingreso no percibido (Revenue Forgone)","10.96051","52.43207"
"NLD","Países Bajos","2015","Otros","Ingreso no percibido (Revenue Forgone)","0.60854","2.91110"
"NLD","Países Bajos","2016","A los bienes y servicios","Ingreso no percibido (Revenue Forgone)","2.19404","10.18309"
"NLD","Países Bajos","2016","Al ingreso","Ingreso no percibido (Revenue Forgone)","11.02745","51.18126"
"NLD","Países Bajos","2016","Otros","Ingreso no percibido (Revenue Forgone)","0.68197","3.16518"
"NLD","Países Bajos","2017","A los bienes y servicios","Ingreso no percibido (Revenue Forgone)","2.39506","10.55376"
"NLD","Países Bajos","2017","Al ingreso","Ingreso no percibido (Revenue Forgone)","10.74391","47.34262"
"NLD","Países Bajos","2017","Otros","Ingreso no percibido (Revenue Forgone)","0.72215","3.18214"
"NLD","Países Bajos","2018","A los bienes y servicios","Ingreso no percibido (Revenue Forgone)","3.23213","14.26087"
"NLD","Países Bajos","2018","Al ingreso","Ingreso no percibido (Revenue Forgone)","10.61226","46.82368"
"NLD","Países Bajos","2018","Otros","Ingreso no percibido (Revenue Forgone)","0.72690","3.20725"
"NLD","Países Bajos","2019","A los bienes y servicios","Ingreso no percibido (Revenue Forgone)","2.97541","12.62955"
"NLD","Países Bajos","2019","Al ingreso","Ingreso no percibido (Revenue Forgone)","10.47258","44.45229"
"NLD","Países Bajos","2019","Otros","Ingreso no percibido (Revenue Forgone)","0.66272","2.81299"
"NLD","Países Bajos","2020","A los bienes y servicios","Ingreso no percibido (Revenue Forgone)","4.04048","16.89413"
"NLD","Países Bajos","2020","Al ingreso","Ingreso no percibido (Revenue Forgone)","11.37810","47.57437"
"NLD","Países Bajos","2020","Otros","Ingreso no percibido (Revenue Forgone)","0.74492","3.11468"
"NLD","Países Bajos","2021","A los bienes y servicios","Ingreso no percibido (Revenue Forgone)","4.01537","16.82134"
"NLD","Países Bajos","2021","Al ingreso","Ingreso no percibido (Revenue Forgone)","11.10650","46.52780"
"NLD","Países Bajos","2021","Otros","Ingreso no percibido (Revenue Forgone)","0.84336","3.53305"
"NLD","Países Bajos","2022","A los bienes y servicios","Ingreso no percibido (Revenue Forgone)","3.70349","15.55418"
"NLD","Países Bajos","2022","Al ingreso","Ingreso no percibido (Revenue Forgone)","10.29321","43.23018"
"NLD","Países Bajos","2022","Otros","Ingreso no percibido (Revenue Forgone)","0.81926","3.44080"
"NLD","Países Bajos","2023","A los bienes y servicios","Ingreso no percibido (Revenue Forgone)","3.58458","14.45144"
"NLD","Países Bajos","2023","Al ingreso","Ingreso no percibido (Revenue Forgone)","10.13816","40.87255"
"NLD","Países Bajos","2023","Otros","Ingreso no percibido (Revenue Forgone)","0.73080","2.94625"
"NLD","Países Bajos","2024","A los bienes y servicios","Ingreso no percibido (Revenue Forgone)","3.44549","0.00000"
"NLD","Países Bajos","2024","Al ingreso","Ingreso no percibido (Revenue Forgone)","10.36328","0.00000"
"NLD","Países Bajos","2024","Otros","Ingreso no percibido (Revenue Forgone)","0.79427","0.00000"
"NLD","Países Bajos","2025","A los bienes y servicios","Ingreso no percibido (Revenue Forgone)","3.35379","0.00000"
"NLD","Países Bajos","2025","Al ingreso","Ingreso no percibido (Revenue Forgone)","10.16983","0.00000"
"NLD","Países Bajos","2025","Otros","Ingreso no percibido (Revenue Forgone)","0.67154","0.00000"
"Países miembros de OCDE","Países miembros de OCDE","1990","A los bienes y servicios","Ingreso no percibido (Revenue Forgone)","0.06000",""
"Países miembros de OCDE","Países miembros de OCDE","1990","Al ingreso","Ingreso no percibido (Revenue Forgone)","4.50000",""
"Países miembros de OCDE","Países miembros de OCDE","1990","Otros","Ingreso no percibido (Revenue Forgone)","0.08000",""
"Países miembros de OCDE","Países miembros de OCDE","1991","A los bienes y servicios","Ingreso no percibido (Revenue Forgone)","0.38000",""
"Países miembros de OCDE","Países miembros de OCDE","1991","Al ingreso","Ingreso no percibido (Revenue Forgone)","4.37000",""
"Países miembros de OCDE","Países miembros de OCDE","1991","Otros","Ingreso no percibido (Revenue Forgone)","0.08000",""
"Países miembros de OCDE","Países miembros de OCDE","1992","A los bienes y servicios","Ingreso no percibido (Revenue Forgone)","0.38000",""
"Países miembros de OCDE","Países miembros de OCDE","1992","Al ingreso","Ingreso no percibido (Revenue Forgone)","4.18000",""
"Países miembros de OCDE","Países miembros de OCDE","1992","Otros","Ingreso no percibido (Revenue Forgone)","0.08000",""
"Países miembros de OCDE","Países miembros de OCDE","1993","A los bienes y servicios","Ingreso no percibido (Revenue Forgone)","0.50000",""
"Países miembros de OCDE","Países miembros de OCDE","1993","Al ingreso","Ingreso no percibido (Revenue Forgone)","4.30000",""
"Países miembros de OCDE","Países miembros de OCDE","1993","Otros","Ingreso no percibido (Revenue Forgone)","0.07000",""
"Países miembros de OCDE","Países miembros de OCDE","1994","A los bienes y servicios","Ingreso no percibido (Revenue Forgone)","0.33000",""
"Países miembros de OCDE","Países miembros de OCDE","1994","Al ingreso","Ingreso no percibido (Revenue Forgone)","4.93000",""
"Países miembros de OCDE","Países miembros de OCDE","1994","Otros","Ingreso no percibido (Revenue Forgone)","0.06000",""
"Países miembros de OCDE","Países miembros de OCDE","1995","A los bienes y servicios","Ingreso no percibido (Revenue Forgone)","0.85000",""
"Países miembros de OCDE","Países miembros de OCDE","1995","Al ingreso","Ingreso no percibido (Revenue Forgone)","4.41000",""
"Países miembros de OCDE","Países miembros de OCDE","1995","Otros","Ingreso no percibido (Revenue Forgone)","0.05000",""
"Países miembros de OCDE","Países miembros de OCDE","1996","A los bienes y servicios","Ingreso no percibido (Revenue Forgone)","0.92000",""
"Países miembros de OCDE","Países miembros de OCDE","1996","Al ingreso","Ingreso no percibido (Revenue Forgone)","4.43000",""
"Países miembros de OCDE","Países miembros de OCDE","1996","Otros","Ingreso no percibido (Revenue Forgone)","0.05000",""
"Países miembros de OCDE","Países miembros de OCDE","1997","A los bienes y servicios","Ingreso no percibido (Revenue Forgone)","1.01000",""
"Países miembros de OCDE","Países miembros de OCDE","1997","Al ingreso","Ingreso no percibido (Revenue Forgone)","3.88000",""
"Países miembros de OCDE","Países miembros de OCDE","1997","Otros","Ingreso no percibido (Revenue Forgone)","0.03000",""
"Países miembros de OCDE","Países miembros de OCDE","1998","A los bienes y servicios","Ingreso no percibido (Revenue Forgone)","1.07000",""
"Países miembros de OCDE","Países miembros de OCDE","1998","Al ingreso","Ingreso no percibido (Revenue Forgone)","4.16000",""
"Países miembros de OCDE","Países miembros de OCDE","1998","Otros","Ingreso no percibido (Revenue Forgone)","0.03000",""
"Países miembros de OCDE","Países miembros de OCDE","1999","A los bienes y servicios","Ingreso no percibido (Revenue Forgone)","1.00000",""
"Países miembros de OCDE","Países miembros de OCDE","1999","Al ingreso","Ingreso no percibido (Revenue Forgone)","3.87000",""
"Países miembros de OCDE","Países miembros de OCDE","1999","Otros","Ingreso no percibido (Revenue Forgone)","0.03000",""
"Países miembros de OCDE","Países miembros de OCDE","2000","A los bienes y servicios","Ingreso no percibido (Revenue Forgone)","1.02000",""
"Países miembros de OCDE","Países miembros de OCDE","2000","Al ingreso","Ingreso no percibido (Revenue Forgone)","3.31000",""
"Países miembros de OCDE","Países miembros de OCDE","2000","Otros","Ingreso no percibido (Revenue Forgone)","0.03000",""
"Países miembros de OCDE","Países miembros de OCDE","2001","A los bienes y servicios","Ingreso no percibido (Revenue Forgone)","1.02000",""
"Países miembros de OCDE","Países miembros de OCDE","2001","Al ingreso","Ingreso no percibido (Revenue Forgone)","3.31000",""
"Países miembros de OCDE","Países miembros de OCDE","2001","Otros","Ingreso no percibido (Revenue Forgone)","0.03000",""
"Países miembros de OCDE","Países miembros de OCDE","2002","A los bienes y servicios","Ingreso no percibido (Revenue Forgone)","1.03000",""
"Países miembros de OCDE","Países miembros de OCDE","2002","Al ingreso","Ingreso no percibido (Revenue Forgone)","3.13000",""
"Países miembros de OCDE","Países miembros de OCDE","2002","Otros","Ingreso no percibido (Revenue Forgone)","0.02000",""
"Países miembros de OCDE","Países miembros de OCDE","2003","A los bienes y servicios","Ingreso no percibido (Revenue Forgone)","1.06000",""
"Países miembros de OCDE","Países miembros de OCDE","2003","Al ingreso","Ingreso no percibido (Revenue Forgone)","3.10000",""
"Países miembros de OCDE","Países miembros de OCDE","2003","Otros","Ingreso no percibido (Revenue Forgone)","0.02000",""
"Países miembros de OCDE","Países miembros de OCDE","2004","A los bienes y servicios","Ingreso no percibido (Revenue Forgone)","0.99000",""
"Países miembros de OCDE","Países miembros de OCDE","2004","Al ingreso","Ingreso no percibido (Revenue Forgone)","3.17000",""
"Países miembros de OCDE","Países miembros de OCDE","2004","Otros","Ingreso no percibido (Revenue Forgone)","0.01000",""
"Países miembros de OCDE","Países miembros de OCDE","2005","A los bienes y servicios","Ingreso no percibido (Revenue Forgone)","1.23000",""
"Países miembros de OCDE","Países miembros de OCDE","2005","Al ingreso","Ingreso no percibido (Revenue Forgone)","3.13000",""
"Países miembros de OCDE","Países miembros de OCDE","2005","Otros","Ingreso no percibido (Revenue Forgone)","0.02000",""
"Países miembros de OCDE","Países miembros de OCDE","2006","A los bienes y servicios","Ingreso no percibido (Revenue Forgone)","1.24000",""
"Países miembros de OCDE","Países miembros de OCDE","2006","Al ingreso","Ingreso no percibido (Revenue Forgone)","3.31000",""
"Países miembros de OCDE","Países miembros de OCDE","2006","Otros","Ingreso no percibido (Revenue Forgone)","0.03000",""
"Países miembros de OCDE","Países miembros de OCDE","2007","A los bienes y servicios","Ingreso no percibido (Revenue Forgone)","1.15000",""
"Países miembros de OCDE","Países miembros de OCDE","2007","Al ingreso","Ingreso no percibido (Revenue Forgone)","3.39000",""
"Países miembros de OCDE","Países miembros de OCDE","2007","Otros","Ingreso no percibido (Revenue Forgone)","0.04000",""
"Países miembros de OCDE","Países miembros de OCDE","2008","A los bienes y servicios","Ingreso no percibido (Revenue Forgone)","1.29000",""
"Países miembros de OCDE","Países miembros de OCDE","2008","Al ingreso","Ingreso no percibido (Revenue Forgone)","3.51000",""
"Países miembros de OCDE","Países miembros de OCDE","2008","Otros","Ingreso no percibido (Revenue Forgone)","0.04000",""
"Países miembros de OCDE","Países miembros de OCDE","2009","A los bienes y servicios","Ingreso no percibido (Revenue Forgone)","1.26000",""
"Países miembros de OCDE","Países miembros de OCDE","2009","Al ingreso","Ingreso no percibido (Revenue Forgone)","3.62000",""
"Países miembros de OCDE","Países miembros de OCDE","2009","Otros","Ingreso no percibido (Revenue Forgone)","0.10000",""
"Países miembros de OCDE","Países miembros de OCDE","2010","A los bienes y servicios","Ingreso no percibido (Revenue Forgone)","1.36000",""
"Países miembros de OCDE","Países miembros de OCDE","2010","Al ingreso","Ingreso no percibido (Revenue Forgone)","3.38000",""
"Países miembros de OCDE","Países miembros de OCDE","2010","Otros","Ingreso no percibido (Revenue Forgone)","0.10000",""
"Países miembros de OCDE","Países miembros de OCDE","2011","A los bienes y servicios","Ingreso no percibido (Revenue Forgone)","1.74000",""
"Países miembros de OCDE","Países miembros de OCDE","2011","Al ingreso","Ingreso no percibido (Revenue Forgone)","3.49000",""
"Países miembros de OCDE","Países miembros de OCDE","2011","Otros","Ingreso no percibido (Revenue Forgone)","0.16000",""
"Países miembros de OCDE","Países miembros de OCDE","2012","A los bienes y servicios","Ingreso no percibido (Revenue Forgone)","1.64000",""
"Países miembros de OCDE","Países miembros de OCDE","2012","Al ingreso","Ingreso no percibido (Revenue Forgone)","3.15000",""
"Países miembros de OCDE","Países miembros de OCDE","2012","Otros","Ingreso no percibido (Revenue Forgone)","0.12000",""
"Países miembros de OCDE","Países miembros de OCDE","2013","A los bienes y servicios","Ingreso no percibido (Revenue Forgone)","1.88000",""
"Países miembros de OCDE","Países miembros de OCDE","2013","Al ingreso","Ingreso no percibido (Revenue Forgone)","3.26000",""
"Países miembros de OCDE","Países miembros de OCDE","2013","Otros","Ingreso no percibido (Revenue Forgone)","0.13000",""
"Países miembros de OCDE","Países miembros de OCDE","2014","A los bienes y servicios","Ingreso no percibido (Revenue Forgone)","1.87000",""
"Países miembros de OCDE","Países miembros de OCDE","2014","Al ingreso","Ingreso no percibido (Revenue Forgone)","3.22000",""
"Países miembros de OCDE","Países miembros de OCDE","2014","Otros","Ingreso no percibido (Revenue Forgone)","0.12000",""
"Países miembros de OCDE","Países miembros de OCDE","2015","A los bienes y servicios","Ingreso no percibido (Revenue Forgone)","1.70000",""
"Países miembros de OCDE","Países miembros de OCDE","2015","Al ingreso","Ingreso no percibido (Revenue Forgone)","2.94000",""
"Países miembros de OCDE","Países miembros de OCDE","2015","Otros","Ingreso no percibido (Revenue Forgone)","0.11000",""
"Países miembros de OCDE","Países miembros de OCDE","2016","A los bienes y servicios","Ingreso no percibido (Revenue Forgone)","1.74000",""
"Países miembros de OCDE","Países miembros de OCDE","2016","Al ingreso","Ingreso no percibido (Revenue Forgone)","2.98000",""
"Países miembros de OCDE","Países miembros de OCDE","2016","Otros","Ingreso no percibido (Revenue Forgone)","0.17000",""
"Países miembros de OCDE","Países miembros de OCDE","2017","A los bienes y servicios","Ingreso no percibido (Revenue Forgone)","1.75000",""
"Países miembros de OCDE","Países miembros de OCDE","2017","Al ingreso","Ingreso no percibido (Revenue Forgone)","2.80000",""
"Países miembros de OCDE","Países miembros de OCDE","2017","Otros","Ingreso no percibido (Revenue Forgone)","0.11000",""
"Países miembros de OCDE","Países miembros de OCDE","2018","A los bienes y servicios","Ingreso no percibido (Revenue Forgone)","1.82000",""
"Países miembros de OCDE","Países miembros de OCDE","2018","Al ingreso","Ingreso no percibido (Revenue Forgone)","2.55000",""
"Países miembros de OCDE","Países miembros de OCDE","2018","Otros","Ingreso no percibido (Revenue Forgone)","0.16000",""
"Países miembros de OCDE","Países miembros de OCDE","2019","A los bienes y servicios","Ingreso no percibido (Revenue Forgone)","1.68000",""
"Países miembros de OCDE","Países miembros de OCDE","2019","Al ingreso","Ingreso no percibido (Revenue Forgone)","2.68000",""
"Países miembros de OCDE","Países miembros de OCDE","2019","Otros","Ingreso no percibido (Revenue Forgone)","0.16000",""
"Países miembros de OCDE","Países miembros de OCDE","2020","A los bienes y servicios","Ingreso no percibido (Revenue Forgone)","1.76000",""
"Países miembros de OCDE","Países miembros de OCDE","2020","Al ingreso","Ingreso no percibido (Revenue Forgone)","2.83000",""
"Países miembros de OCDE","Países miembros de OCDE","2020","Otros","Ingreso no percibido (Revenue Forgone)","0.18000",""
"Países miembros de OCDE","Países miembros de OCDE","2021","A los bienes y servicios","Ingreso no percibido (Revenue Forgone)","1.71000",""
"Países miembros de OCDE","Países miembros de OCDE","2021","Al ingreso","Ingreso no percibido (Revenue Forgone)","2.99000",""
"Países miembros de OCDE","Países miembros de OCDE","2021","Otros","Ingreso no percibido (Revenue Forgone)","0.18000",""
"Países miembros de OCDE","Países miembros de OCDE","2022","A los bienes y servicios","Ingreso no percibido (Revenue Forgone)","1.73000",""
"Países miembros de OCDE","Países miembros de OCDE","2022","Al ingreso","Ingreso no percibido (Revenue Forgone)","3.00000",""
"Países miembros de OCDE","Países miembros de OCDE","2022","Otros","Ingreso no percibido (Revenue Forgone)","0.20000",""
"Países miembros de OCDE","Países miembros de OCDE","2023","A los bienes y servicios","Ingreso no percibido (Revenue Forgone)","1.44000",""
"Países miembros de OCDE","Países miembros de OCDE","2023","Al ingreso","Ingreso no percibido (Revenue Forgone)","2.85000",""
"Países miembros de OCDE","Países miembros de OCDE","2023","Otros","Ingreso no percibido (Revenue Forgone)","0.29000",""
"Países miembros de OCDE","Países miembros de OCDE","2024","A los bienes y servicios","Ingreso no percibido (Revenue Forgone)","1.19000",""
"Países miembros de OCDE","Países miembros de OCDE","2024","Al ingreso","Ingreso no percibido (Revenue Forgone)","3.27000",""
"Países miembros de OCDE","Países miembros de OCDE","2024","Otros","Ingreso no percibido (Revenue Forgone)","0.17000",""
"Países miembros de OCDE","Países miembros de OCDE","2025","A los bienes y servicios","Ingreso no percibido (Revenue Forgone)","1.23000",""
"Países miembros de OCDE","Países miembros de OCDE","2025","Al ingreso","Ingreso no percibido (Revenue Forgone)","3.43000",""
"Países miembros de OCDE","Países miembros de OCDE","2025","Otros","Ingreso no percibido (Revenue Forgone)","0.21000",""
"PER","Perú","2003","A los bienes y servicios","Ingreso no percibido (Revenue Forgone)","1.79150","13.14726"
"PER","Perú","2003","Al ingreso","Ingreso no percibido (Revenue Forgone)","0.19607","1.43893"
"PER","Perú","2005","A los bienes y servicios","Ingreso no percibido (Revenue Forgone)","1.88111","12.82395"
"PER","Perú","2005","Al ingreso","Ingreso no percibido (Revenue Forgone)","0.21046","1.43474"
"PER","Perú","2006","A los bienes y servicios","Ingreso no percibido (Revenue Forgone)","1.85850","11.54868"
"PER","Perú","2006","Al ingreso","Ingreso no percibido (Revenue Forgone)","0.21924","1.36233"
"PER","Perú","2007","A los bienes y servicios","Ingreso no percibido (Revenue Forgone)","1.73927","10.53621"
"PER","Perú","2007","Al ingreso","Ingreso no percibido (Revenue Forgone)","0.32100","1.94455"
"PER","Perú","2008","A los bienes y servicios","Ingreso no percibido (Revenue Forgone)","1.77333","10.70314"
"PER","Perú","2008","Al ingreso","Ingreso no percibido (Revenue Forgone)","0.28974","1.74874"
"PER","Perú","2009","A los bienes y servicios","Ingreso no percibido (Revenue Forgone)","1.77103","12.17172"
"PER","Perú","2009","Al ingreso","Ingreso no percibido (Revenue Forgone)","0.25612","1.76023"
"PER","Perú","2010","A los bienes y servicios","Ingreso no percibido (Revenue Forgone)","1.86554","12.04955"
"PER","Perú","2010","Al ingreso","Ingreso no percibido (Revenue Forgone)","0.27854","1.79909"
"PER","Perú","2011","A los bienes y servicios","Ingreso no percibido (Revenue Forgone)","1.53847","9.54926"
"PER","Perú","2011","Al ingreso","Ingreso no percibido (Revenue Forgone)","0.36109","2.24127"
"PER","Perú","2012","A los bienes y servicios","Ingreso no percibido (Revenue Forgone)","1.59160","9.64075"
"PER","Perú","2012","Al ingreso","Ingreso no percibido (Revenue Forgone)","0.37768","2.28773"
"PER","Perú","2013","A los bienes y servicios","Ingreso no percibido (Revenue Forgone)","1.63254","10.02508"
"PER","Perú","2013","Al ingreso","Ingreso no percibido (Revenue Forgone)","0.35274","2.16611"
"PER","Perú","2014","A los bienes y servicios","Ingreso no percibido (Revenue Forgone)","1.74851","10.55875"
"PER","Perú","2014","Al ingreso","Ingreso no percibido (Revenue Forgone)","0.41392","2.49952"
"PER","Perú","2015","A los bienes y servicios","Ingreso no percibido (Revenue Forgone)","1.84782","12.51150"
"PER","Perú","2015","Al ingreso","Ingreso no percibido (Revenue Forgone)","0.42684","2.89013"
"PER","Perú","2016","A los bienes y servicios","Ingreso no percibido (Revenue Forgone)","1.74597","12.88209"
"PER","Perú","2016","Al ingreso","Ingreso no percibido (Revenue Forgone)","0.36714","2.70886"
"PER","Perú","2017","A los bienes y servicios","Ingreso no percibido (Revenue Forgone)","1.79709","14.03819"
"PER","Perú","2017","Al ingreso","Ingreso no percibido (Revenue Forgone)","0.39672","3.09900"
"PER","Perú","2018","A los bienes y servicios","Ingreso no percibido (Revenue Forgone)","1.83481","13.03869"
"PER","Perú","2018","Al ingreso","Ingreso no percibido (Revenue Forgone)","0.37048","2.63278"
"PER","Perú","2019","A los bienes y servicios","Ingreso no percibido (Revenue Forgone)","1.82793","12.86193"
"PER","Perú","2019","Al ingreso","Ingreso no percibido (Revenue Forgone)","0.38939","2.73985"
"PER","Perú","2020","A los bienes y servicios","Ingreso no percibido (Revenue Forgone)","1.94282","15.02288"
"PER","Perú","2020","Al ingreso","Ingreso no percibido (Revenue Forgone)","0.37332","2.88669"
"PER","Perú","2021","A los bienes y servicios","Ingreso no percibido (Revenue Forgone)","1.46415","9.22059"
"PER","Perú","2021","Al ingreso","Ingreso no percibido (Revenue Forgone)","0.35164","2.21449"
"PER","Perú","2022","A los bienes y servicios","Ingreso no percibido (Revenue Forgone)","1.56419","9.25808"
"PER","Perú","2022","Al ingreso","Ingreso no percibido (Revenue Forgone)","0.31611","1.87097"
"PER","Perú","2023","A los bienes y servicios","Ingreso no percibido (Revenue Forgone)","1.64538","0.00000"
"PER","Perú","2023","Al ingreso","Ingreso no percibido (Revenue Forgone)","0.38734","0.00000"
"PER","Perú","2024","A los bienes y servicios","Ingreso no percibido (Revenue Forgone)","1.82119","0.00000"
"PER","Perú","2024","Al ingreso","Ingreso no percibido (Revenue Forgone)","0.37693","0.00000"
"PER","Perú","2025","A los bienes y servicios","Ingreso no percibido (Revenue Forgone)","1.75822","0.00000"
"PER","Perú","2025","Al ingreso","Ingreso no percibido (Revenue Forgone)","0.35474","0.00000"
"POL","Polonia","2009","A los bienes y servicios","Ingreso no percibido (Revenue Forgone)","2.63792","15.70722"
"POL","Polonia","2009","Al ingreso","Ingreso no percibido (Revenue Forgone)","1.73707","10.34320"
"POL","Polonia","2010","A los bienes y servicios","Ingreso no percibido (Revenue Forgone)","2.73993","15.63666"
"POL","Polonia","2010","Al ingreso","Ingreso no percibido (Revenue Forgone)","2.00095","11.41933"
"POL","Polonia","2011","A los bienes y servicios","Ingreso no percibido (Revenue Forgone)","2.73257","15.46873"
"POL","Polonia","2011","Al ingreso","Ingreso no percibido (Revenue Forgone)","1.92728","10.91006"
"POL","Polonia","2012","A los bienes y servicios","Ingreso no percibido (Revenue Forgone)","2.75895","16.22511"
"POL","Polonia","2012","Al ingreso","Ingreso no percibido (Revenue Forgone)","1.84221","10.83385"
"POL","Polonia","2013","A los bienes y servicios","Ingreso no percibido (Revenue Forgone)","2.78037","16.64237"
"POL","Polonia","2013","Al ingreso","Ingreso no percibido (Revenue Forgone)","1.96322","11.75121"
"POL","Polonia","2014","A los bienes y servicios","Ingreso no percibido (Revenue Forgone)","2.63118","15.78579"
"POL","Polonia","2014","Al ingreso","Ingreso no percibido (Revenue Forgone)","2.08056","12.48236"
"POL","Polonia","2015","A los bienes y servicios","Ingreso no percibido (Revenue Forgone)","2.60843","15.69044"
"POL","Polonia","2015","Al ingreso","Ingreso no percibido (Revenue Forgone)","2.00904","12.08493"
"POL","Polonia","2016","A los bienes y servicios","Ingreso no percibido (Revenue Forgone)","3.29769","19.14522"
"POL","Polonia","2016","Al ingreso","Ingreso no percibido (Revenue Forgone)","2.04386","11.86597"
"POL","Polonia","2017","A los bienes y servicios","Ingreso no percibido (Revenue Forgone)","2.96528","16.74457"
"POL","Polonia","2017","Al ingreso","Ingreso no percibido (Revenue Forgone)","2.02926","11.45897"
"POL","Polonia","2018","A los bienes y servicios","Ingreso no percibido (Revenue Forgone)","3.19560","17.59864"
"POL","Polonia","2018","Al ingreso","Ingreso no percibido (Revenue Forgone)","2.01006","11.06967"
"PRT","Portugal","2010","A los bienes y servicios","Ingreso no percibido (Revenue Forgone)","3.40532","17.64208"
"PRT","Portugal","2010","Al ingreso","Ingreso no percibido (Revenue Forgone)","4.44757","23.04174"
"PRT","Portugal","2010","Otros","Ingreso no percibido (Revenue Forgone)","0.26687","1.38261"
"PRT","Portugal","2011","A los bienes y servicios","Ingreso no percibido (Revenue Forgone)","3.60581","17.37551"
"PRT","Portugal","2011","Al ingreso","Ingreso no percibido (Revenue Forgone)","2.85382","13.75184"
"PRT","Portugal","2011","Otros","Ingreso no percibido (Revenue Forgone)","0.07118","0.34299"
"PRT","Portugal","2012","A los bienes y servicios","Ingreso no percibido (Revenue Forgone)","2.36177","11.70219"
"PRT","Portugal","2012","Al ingreso","Ingreso no percibido (Revenue Forgone)","2.09133","10.36219"
"PRT","Portugal","2012","Otros","Ingreso no percibido (Revenue Forgone)","0.08129","0.40276"
"PRT","Portugal","2013","A los bienes y servicios","Ingreso no percibido (Revenue Forgone)","3.17637","14.37286"
"PRT","Portugal","2013","Al ingreso","Ingreso no percibido (Revenue Forgone)","2.10867","9.54161"
"PRT","Portugal","2013","Otros","Ingreso no percibido (Revenue Forgone)","0.07939","0.35924"
"PRT","Portugal","2014","A los bienes y servicios","Ingreso no percibido (Revenue Forgone)","3.92726","17.77566"
"PRT","Portugal","2014","Al ingreso","Ingreso no percibido (Revenue Forgone)","0.79371","3.59250"
"PRT","Portugal","2014","Otros","Ingreso no percibido (Revenue Forgone)","0.10243","0.46363"
"PRT","Portugal","2015","A los bienes y servicios","Ingreso no percibido (Revenue Forgone)","4.18991","18.79476"
"PRT","Portugal","2015","Al ingreso","Ingreso no percibido (Revenue Forgone)","0.81285","3.64623"
"PRT","Portugal","2015","Otros","Ingreso no percibido (Revenue Forgone)","0.12303","0.55186"
"PRT","Portugal","2016","A los bienes y servicios","Ingreso no percibido (Revenue Forgone)","4.08695","18.64016"
"PRT","Portugal","2016","Al ingreso","Ingreso no percibido (Revenue Forgone)","0.87557","3.99339"
"PRT","Portugal","2016","Otros","Ingreso no percibido (Revenue Forgone)","0.15447","0.70451"
"PRT","Portugal","2017","A los bienes y servicios","Ingreso no percibido (Revenue Forgone)","4.61846","20.99493"
"PRT","Portugal","2017","Al ingreso","Ingreso no percibido (Revenue Forgone)","1.12051","5.09370"
"PRT","Portugal","2017","Otros","Ingreso no percibido (Revenue Forgone)","0.18736","0.85170"
"PRT","Portugal","2018","A los bienes y servicios","Ingreso no percibido (Revenue Forgone)","4.32385","19.43560"
"PRT","Portugal","2018","Al ingreso","Ingreso no percibido (Revenue Forgone)","1.06601","4.79169"
"PRT","Portugal","2018","Otros","Ingreso no percibido (Revenue Forgone)","0.18976","0.85296"
"PRT","Portugal","2019","A los bienes y servicios","Ingreso no percibido (Revenue Forgone)","4.86699","21.48116"
"PRT","Portugal","2019","Al ingreso","Ingreso no percibido (Revenue Forgone)","1.18010","5.20855"
"PRT","Portugal","2019","Otros","Ingreso no percibido (Revenue Forgone)","0.16532","0.72967"
"PRT","Portugal","2020","A los bienes y servicios","Ingreso no percibido (Revenue Forgone)","4.82538","21.46008"
"PRT","Portugal","2020","Al ingreso","Ingreso no percibido (Revenue Forgone)","1.31645","5.85470"
"PRT","Portugal","2020","Otros","Ingreso no percibido (Revenue Forgone)","0.14744","0.65571"
"PRT","Portugal","2021","A los bienes y servicios","Ingreso no percibido (Revenue Forgone)","4.73043","20.99446"
"PRT","Portugal","2021","Al ingreso","Ingreso no percibido (Revenue Forgone)","1.45519","6.45838"
"PRT","Portugal","2021","Otros","Ingreso no percibido (Revenue Forgone)","0.13677","0.60701"
"PRT","Portugal","2022","A los bienes y servicios","Ingreso no percibido (Revenue Forgone)","4.70956","20.20701"
"PRT","Portugal","2022","Al ingreso","Ingreso no percibido (Revenue Forgone)","1.42595","6.11822"
"PRT","Portugal","2022","Otros","Ingreso no percibido (Revenue Forgone)","0.27513","1.18048"
"PRT","Portugal","2023","A los bienes y servicios","Ingreso no percibido (Revenue Forgone)","4.86289","21.21229"
"PRT","Portugal","2023","Al ingreso","Ingreso no percibido (Revenue Forgone)","1.29268","5.63879"
"PRT","Portugal","2023","Otros","Ingreso no percibido (Revenue Forgone)","0.27359","1.19340"
"PRI","Puerto Rico","2017","A los bienes y servicios","Ingreso no percibido (Revenue Forgone)","3.98643","0.00000"
"PRI","Puerto Rico","2017","Al ingreso","Ingreso no percibido (Revenue Forgone)","17.75902","0.00000"
"PRI","Puerto Rico","2018","A los bienes y servicios","Ingreso no percibido (Revenue Forgone)","3.80148","0.00000"
"PRI","Puerto Rico","2018","Al ingreso","Ingreso no percibido (Revenue Forgone)","17.06403","0.00000"
"PRI","Puerto Rico","2019","A los bienes y servicios","Ingreso no percibido (Revenue Forgone)","3.69252","0.00000"
"PRI","Puerto Rico","2019","Al ingreso","Ingreso no percibido (Revenue Forgone)","16.78243","0.00000"
"PRI","Puerto Rico","2020","A los bienes y servicios","Ingreso no percibido (Revenue Forgone)","3.99860","0.00000"
"PRI","Puerto Rico","2020","Al ingreso","Ingreso no percibido (Revenue Forgone)","17.74239","0.00000"
"PRI","Puerto Rico","2021","A los bienes y servicios","Ingreso no percibido (Revenue Forgone)","3.60613","0.00000"
"PRI","Puerto Rico","2021","Al ingreso","Ingreso no percibido (Revenue Forgone)","19.02177","0.00000"
"PRI","Puerto Rico","2022","A los bienes y servicios","Ingreso no percibido (Revenue Forgone)","3.41807","0.00000"
"PRI","Puerto Rico","2022","Al ingreso","Ingreso no percibido (Revenue Forgone)","18.92161","0.00000"
"PRI","Puerto Rico","2023","A los bienes y servicios","Ingreso no percibido (Revenue Forgone)","3.82911","0.00000"
"PRI","Puerto Rico","2023","Al ingreso","Ingreso no percibido (Revenue Forgone)","18.53607","0.00000"
"PRI","Puerto Rico","2024","A los bienes y servicios","Ingreso no percibido (Revenue Forgone)","3.35392","0.00000"
"PRI","Puerto Rico","2024","Al ingreso","Ingreso no percibido (Revenue Forgone)","18.26820","0.00000"
"PRI","Puerto Rico","2025","A los bienes y servicios","Ingreso no percibido (Revenue Forgone)","3.85449","0.00000"
"PRI","Puerto Rico","2025","Al ingreso","Ingreso no percibido (Revenue Forgone)","18.34879","0.00000"
"PRI","Puerto Rico","2026","A los bienes y servicios","Ingreso no percibido (Revenue Forgone)","0.00000","0.00000"
"PRI","Puerto Rico","2026","Al ingreso","Ingreso no percibido (Revenue Forgone)","0.00000","0.00000"
"GBR","Reino Unido","1998","A los bienes y servicios","Ingreso no percibido (Revenue Forgone)","2.06510","8.40878"
"GBR","Reino Unido","1998","Al ingreso","Ingreso no percibido (Revenue Forgone)","2.90235","11.81796"
"GBR","Reino Unido","1998","Otros","Ingreso no percibido (Revenue Forgone)","0.14171","0.57703"
"GBR","Reino Unido","1999","A los bienes y servicios","Ingreso no percibido (Revenue Forgone)","2.09250","8.36568"
"GBR","Reino Unido","1999","Al ingreso","Ingreso no percibido (Revenue Forgone)","2.61443","10.45231"
"GBR","Reino Unido","1999","Otros","Ingreso no percibido (Revenue Forgone)","0.14953","0.59782"
"GBR","Reino Unido","2000","A los bienes y servicios","Ingreso no percibido (Revenue Forgone)","1.80241","7.01338"
"GBR","Reino Unido","2000","Al ingreso","Ingreso no percibido (Revenue Forgone)","2.64683","10.29913"
"GBR","Reino Unido","2000","Otros","Ingreso no percibido (Revenue Forgone)","0.14626","0.56913"
"GBR","Reino Unido","2001","A los bienes y servicios","Ingreso no percibido (Revenue Forgone)","1.81915","7.23468"
"GBR","Reino Unido","2001","Al ingreso","Ingreso no percibido (Revenue Forgone)","2.98524","11.87217"
"GBR","Reino Unido","2001","Otros","Ingreso no percibido (Revenue Forgone)","0.16665","0.66275"
"GBR","Reino Unido","2002","A los bienes y servicios","Ingreso no percibido (Revenue Forgone)","1.82720","7.45277"
"GBR","Reino Unido","2002","Al ingreso","Ingreso no percibido (Revenue Forgone)","3.48192","14.20204"
"GBR","Reino Unido","2002","Otros","Ingreso no percibido (Revenue Forgone)","0.16451","0.67099"
"GBR","Reino Unido","2003","A los bienes y servicios","Ingreso no percibido (Revenue Forgone)","1.95179","8.18528"
"GBR","Reino Unido","2003","Al ingreso","Ingreso no percibido (Revenue Forgone)","3.29445","13.81598"
"GBR","Reino Unido","2003","Otros","Ingreso no percibido (Revenue Forgone)","0.16927","0.70988"
"GBR","Reino Unido","2004","A los bienes y servicios","Ingreso no percibido (Revenue Forgone)","2.11093","8.64287"
"GBR","Reino Unido","2004","Al ingreso","Ingreso no percibido (Revenue Forgone)","3.31874","13.58806"
"GBR","Reino Unido","2004","Otros","Ingreso no percibido (Revenue Forgone)","0.15877","0.65007"
"GBR","Reino Unido","2005","A los bienes y servicios","Ingreso no percibido (Revenue Forgone)","2.06899","8.34980"
"GBR","Reino Unido","2005","Al ingreso","Ingreso no percibido (Revenue Forgone)","3.65469","14.74920"
"GBR","Reino Unido","2005","Otros","Ingreso no percibido (Revenue Forgone)","0.17015","0.68668"
"GBR","Reino Unido","2006","A los bienes y servicios","Ingreso no percibido (Revenue Forgone)","2.06856","8.25454"
"GBR","Reino Unido","2006","Al ingreso","Ingreso no percibido (Revenue Forgone)","2.96935","11.84912"
"GBR","Reino Unido","2006","Otros","Ingreso no percibido (Revenue Forgone)","0.20312","0.81054"
"GBR","Reino Unido","2007","A los bienes y servicios","Ingreso no percibido (Revenue Forgone)","2.12088","8.40030"
"GBR","Reino Unido","2007","Al ingreso","Ingreso no percibido (Revenue Forgone)","3.90803","15.47876"
"GBR","Reino Unido","2007","Otros","Ingreso no percibido (Revenue Forgone)","0.18580","0.73592"
"GBR","Reino Unido","2008","A los bienes y servicios","Ingreso no percibido (Revenue Forgone)","2.21825","9.14462"
"GBR","Reino Unido","2008","Al ingreso","Ingreso no percibido (Revenue Forgone)","3.94453","16.26113"
"GBR","Reino Unido","2008","Otros","Ingreso no percibido (Revenue Forgone)","0.18104","0.74631"
"GBR","Reino Unido","2009","A los bienes y servicios","Ingreso no percibido (Revenue Forgone)","2.17652","9.39416"
"GBR","Reino Unido","2009","Al ingreso","Ingreso no percibido (Revenue Forgone)","2.99167","12.91244"
"GBR","Reino Unido","2009","Otros","Ingreso no percibido (Revenue Forgone)","0.15399","0.66464"
"GBR","Reino Unido","2010","A los bienes y servicios","Ingreso no percibido (Revenue Forgone)","1.79541","7.42565"
"GBR","Reino Unido","2010","Al ingreso","Ingreso no percibido (Revenue Forgone)","2.81123","11.62701"
"GBR","Reino Unido","2010","Otros","Ingreso no percibido (Revenue Forgone)","0.04414","0.18256"
"GBR","Reino Unido","2011","A los bienes y servicios","Ingreso no percibido (Revenue Forgone)","2.06395","8.26581"
"GBR","Reino Unido","2011","Al ingreso","Ingreso no percibido (Revenue Forgone)","3.41545","13.67839"
"GBR","Reino Unido","2011","Otros","Ingreso no percibido (Revenue Forgone)","0.06285","0.25172"
"GBR","Reino Unido","2012","A los bienes y servicios","Ingreso no percibido (Revenue Forgone)","2.34344","9.64858"
"GBR","Reino Unido","2012","Al ingreso","Ingreso no percibido (Revenue Forgone)","3.18809","13.12625"
"GBR","Reino Unido","2012","Otros","Ingreso no percibido (Revenue Forgone)","0.06565","0.27029"
"GBR","Reino Unido","2013","A los bienes y servicios","Ingreso no percibido (Revenue Forgone)","2.49472","10.26110"
"GBR","Reino Unido","2013","Al ingreso","Ingreso no percibido (Revenue Forgone)","3.75303","15.43667"
"GBR","Reino Unido","2013","Otros","Ingreso no percibido (Revenue Forgone)","0.25514","1.04943"
"GBR","Reino Unido","2014","A los bienes y servicios","Ingreso no percibido (Revenue Forgone)","2.57153","10.66286"
"GBR","Reino Unido","2014","Al ingreso","Ingreso no percibido (Revenue Forgone)","4.22333","17.51207"
"GBR","Reino Unido","2014","Otros","Ingreso no percibido (Revenue Forgone)","0.24537","1.01742"
"GBR","Reino Unido","2015","A los bienes y servicios","Ingreso no percibido (Revenue Forgone)","2.67213","11.02879"
"GBR","Reino Unido","2015","Al ingreso","Ingreso no percibido (Revenue Forgone)","4.30379","17.76323"
"GBR","Reino Unido","2015","Otros","Ingreso no percibido (Revenue Forgone)","0.24185","0.99821"
"GBR","Reino Unido","2016","A los bienes y servicios","Ingreso no percibido (Revenue Forgone)","2.65082","10.78118"
"GBR","Reino Unido","2016","Al ingreso","Ingreso no percibido (Revenue Forgone)","4.72171","19.20375"
"GBR","Reino Unido","2016","Otros","Ingreso no percibido (Revenue Forgone)","0.36628","1.48970"
"GBR","Reino Unido","2017","A los bienes y servicios","Ingreso no percibido (Revenue Forgone)","2.71911","11.00194"
"GBR","Reino Unido","2017","Al ingreso","Ingreso no percibido (Revenue Forgone)","4.23990","17.15525"
"GBR","Reino Unido","2017","Otros","Ingreso no percibido (Revenue Forgone)","0.28067","1.13565"
"GBR","Reino Unido","2018","A los bienes y servicios","Ingreso no percibido (Revenue Forgone)","2.95498","11.97898"
"GBR","Reino Unido","2018","Al ingreso","Ingreso no percibido (Revenue Forgone)","4.59137","18.61262"
"GBR","Reino Unido","2018","Otros","Ingreso no percibido (Revenue Forgone)","0.42559","1.72527"
"GBR","Reino Unido","2019","A los bienes y servicios","Ingreso no percibido (Revenue Forgone)","2.86313","11.82434"
"GBR","Reino Unido","2019","Al ingreso","Ingreso no percibido (Revenue Forgone)","4.46099","18.42331"
"GBR","Reino Unido","2019","Otros","Ingreso no percibido (Revenue Forgone)","0.36931","1.52518"
"GBR","Reino Unido","2020","A los bienes y servicios","Ingreso no percibido (Revenue Forgone)","3.11221","12.95347"
"GBR","Reino Unido","2020","Al ingreso","Ingreso no percibido (Revenue Forgone)","5.22774","21.75862"
"GBR","Reino Unido","2020","Otros","Ingreso no percibido (Revenue Forgone)","0.37248","1.55030"
"GBR","Reino Unido","2021","A los bienes y servicios","Ingreso no percibido (Revenue Forgone)","2.67984","10.47711"
"GBR","Reino Unido","2021","Al ingreso","Ingreso no percibido (Revenue Forgone)","5.13433","20.07322"
"GBR","Reino Unido","2021","Otros","Ingreso no percibido (Revenue Forgone)","0.33517","1.31039"
"GBR","Reino Unido","2022","A los bienes y servicios","Ingreso no percibido (Revenue Forgone)","2.75112","10.41089"
"GBR","Reino Unido","2022","Al ingreso","Ingreso no percibido (Revenue Forgone)","4.80421","18.18031"
"GBR","Reino Unido","2022","Otros","Ingreso no percibido (Revenue Forgone)","0.36593","1.38477"
"GBR","Reino Unido","2023","A los bienes y servicios","Ingreso no percibido (Revenue Forgone)","2.61915","9.80813"
"GBR","Reino Unido","2023","Al ingreso","Ingreso no percibido (Revenue Forgone)","4.44915","16.66112"
"GBR","Reino Unido","2023","Otros","Ingreso no percibido (Revenue Forgone)","0.39448","1.47723"
"GBR","Reino Unido","2024","A los bienes y servicios","Ingreso no percibido (Revenue Forgone)","1.61277","inf"
"GBR","Reino Unido","2024","Al ingreso","Ingreso no percibido (Revenue Forgone)","0.43616","inf"
"GBR","Reino Unido","2024","Otros","Ingreso no percibido (Revenue Forgone)","0.01280","inf"
"GBR","Reino Unido","2025","A los bienes y servicios","Ingreso no percibido (Revenue Forgone)","2.44006","0.00000"
"GBR","Reino Unido","2025","Al ingreso","Ingreso no percibido (Revenue Forgone)","0.00000","0.00000"
"GBR","Reino Unido","2025","Otros","Ingreso no percibido (Revenue Forgone)","0.33601","0.00000"
"COD","Rep. Dem. Congo","2010","Al ingreso","Ingreso no percibido (Revenue Forgone)","0.37717","4.60040"
"COD","Rep. Dem. Congo","2011","Al ingreso","Ingreso no percibido (Revenue Forgone)","0.33907","3.92013"
"COD","Rep. Dem. Congo","2012","Al ingreso","Ingreso no percibido (Revenue Forgone)","0.07836","0.78253"
"COD","Rep. Dem. Congo","2013","A los bienes y servicios","Ingreso no percibido (Revenue Forgone)","0.42775","4.77649"
"COD","Rep. Dem. Congo","2013","Al ingreso","Ingreso no percibido (Revenue Forgone)","0.04300","0.48013"
"COD","Rep. Dem. Congo","2014","A los bienes y servicios","Ingreso no percibido (Revenue Forgone)","0.34589","4.11717"
"COD","Rep. Dem. Congo","2014","Al ingreso","Ingreso no percibido (Revenue Forgone)","0.03673","0.43724"
"COD","Rep. Dem. Congo","2015","A los bienes y servicios","Ingreso no percibido (Revenue Forgone)","0.47837","5.47908"
"COD","Rep. Dem. Congo","2015","Al ingreso","Ingreso no percibido (Revenue Forgone)","0.14403","1.64969"
"COD","Rep. Dem. Congo","2016","A los bienes y servicios","Ingreso no percibido (Revenue Forgone)","0.40088","5.18458"
"COD","Rep. Dem. Congo","2016","Al ingreso","Ingreso no percibido (Revenue Forgone)","0.20051","2.59322"
"COD","Rep. Dem. Congo","2017","A los bienes y servicios","Ingreso no percibido (Revenue Forgone)","1.56750","25.40182"
"COD","Rep. Dem. Congo","2017","Al ingreso","Ingreso no percibido (Revenue Forgone)","0.19149","3.10319"
"COD","Rep. Dem. Congo","2018","A los bienes y servicios","Ingreso no percibido (Revenue Forgone)","0.41703","5.92032"
"COD","Rep. Dem. Congo","2018","Al ingreso","Ingreso no percibido (Revenue Forgone)","0.11369","1.61392"
"COD","Rep. Dem. Congo","2019","A los bienes y servicios","Ingreso no percibido (Revenue Forgone)","0.40037","5.94958"
"COD","Rep. Dem. Congo","2019","Al ingreso","Ingreso no percibido (Revenue Forgone)","0.12230","1.81733"
"COD","Rep. Dem. Congo","2020","A los bienes y servicios","Ingreso no percibido (Revenue Forgone)","0.76797","12.52129"
"COD","Rep. Dem. Congo","2020","Al ingreso","Ingreso no percibido (Revenue Forgone)","0.06349","1.03519"
"COD","Rep. Dem. Congo","2021","A los bienes y servicios","Ingreso no percibido (Revenue Forgone)","0.44822","5.42935"
"COD","Rep. Dem. Congo","2021","Al ingreso","Ingreso no percibido (Revenue Forgone)","0.11664","1.41293"
"COD","Rep. Dem. Congo","2022","A los bienes y servicios","Ingreso no percibido (Revenue Forgone)","5.01350","42.06574"
"COD","Rep. Dem. Congo","2022","Al ingreso","Ingreso no percibido (Revenue Forgone)","0.12120","1.01691"
"COD","Rep. Dem. Congo","2023","A los bienes y servicios","Ingreso no percibido (Revenue Forgone)","3.00071","30.93884"
"COD","Rep. Dem. Congo","2023","Al ingreso","Ingreso no percibido (Revenue Forgone)","0.61978","6.39026"
"DOM","Rep. Dominicana","2008","A los bienes y servicios","Ingreso no percibido (Revenue Forgone)","5.65470","39.76025"
"DOM","Rep. Dominicana","2008","Al ingreso","Ingreso no percibido (Revenue Forgone)","0.43299","3.04451"
"DOM","Rep. Dominicana","2009","A los bienes y servicios","Ingreso no percibido (Revenue Forgone)","5.06739","39.88868"
"DOM","Rep. Dominicana","2009","Al ingreso","Ingreso no percibido (Revenue Forgone)","0.61154","4.81383"
"DOM","Rep. Dominicana","2009","Otros","Ingreso no percibido (Revenue Forgone)","0.36120","2.84322"
"DOM","Rep. Dominicana","2010","A los bienes y servicios","Ingreso no percibido (Revenue Forgone)","4.14246","33.64027"
"DOM","Rep. Dominicana","2010","Al ingreso","Ingreso no percibido (Revenue Forgone)","0.48637","3.94974"
"DOM","Rep. Dominicana","2010","Otros","Ingreso no percibido (Revenue Forgone)","0.65586","5.32613"
"DOM","Rep. Dominicana","2011","A los bienes y servicios","Ingreso no percibido (Revenue Forgone)","3.81982","30.86698"
"DOM","Rep. Dominicana","2011","Al ingreso","Ingreso no percibido (Revenue Forgone)","0.46597","3.76540"
"DOM","Rep. Dominicana","2011","Otros","Ingreso no percibido (Revenue Forgone)","0.62316","5.03559"
"DOM","Rep. Dominicana","2012","A los bienes y servicios","Ingreso no percibido (Revenue Forgone)","3.85090","29.38546"
"DOM","Rep. Dominicana","2012","Al ingreso","Ingreso no percibido (Revenue Forgone)","0.50907","3.88465"
"DOM","Rep. Dominicana","2012","Otros","Ingreso no percibido (Revenue Forgone)","0.63236","4.82542"
"DOM","Rep. Dominicana","2013","A los bienes y servicios","Ingreso no percibido (Revenue Forgone)","4.32869","31.85138"
"DOM","Rep. Dominicana","2013","Al ingreso","Ingreso no percibido (Revenue Forgone)","0.64760","4.76517"
"DOM","Rep. Dominicana","2013","Otros","Ingreso no percibido (Revenue Forgone)","0.65348","4.80842"
"DOM","Rep. Dominicana","2014","A los bienes y servicios","Ingreso no percibido (Revenue Forgone)","4.75256","35.27875"
"DOM","Rep. Dominicana","2014","Al ingreso","Ingreso no percibido (Revenue Forgone)","0.73403","5.44878"
"DOM","Rep. Dominicana","2014","Otros","Ingreso no percibido (Revenue Forgone)","0.75446","5.60045"
"DOM","Rep. Dominicana","2015","A los bienes y servicios","Ingreso no percibido (Revenue Forgone)","4.80880","37.35443"
"DOM","Rep. Dominicana","2015","Al ingreso","Ingreso no percibido (Revenue Forgone)","0.65770","5.10899"
"DOM","Rep. Dominicana","2015","Otros","Ingreso no percibido (Revenue Forgone)","0.83333","6.47322"
"DOM","Rep. Dominicana","2016","A los bienes y servicios","Ingreso no percibido (Revenue Forgone)","4.76628","36.83579"
"DOM","Rep. Dominicana","2016","Al ingreso","Ingreso no percibido (Revenue Forgone)","0.67767","5.23732"
"DOM","Rep. Dominicana","2016","Otros","Ingreso no percibido (Revenue Forgone)","0.82441","6.37139"
"DOM","Rep. Dominicana","2017","A los bienes y servicios","Ingreso no percibido (Revenue Forgone)","4.35952","33.02703"
"DOM","Rep. Dominicana","2017","Al ingreso","Ingreso no percibido (Revenue Forgone)","0.69775","5.28605"
"DOM","Rep. Dominicana","2017","Otros","Ingreso no percibido (Revenue Forgone)","0.84298","6.38630"
"DOM","Rep. Dominicana","2018","A los bienes y servicios","Ingreso no percibido (Revenue Forgone)","3.41822","26.01119"
"DOM","Rep. Dominicana","2018","Al ingreso","Ingreso no percibido (Revenue Forgone)","0.65203","4.96163"
"DOM","Rep. Dominicana","2018","Otros","Ingreso no percibido (Revenue Forgone)","0.73977","5.62931"
"DOM","Rep. Dominicana","2019","A los bienes y servicios","Ingreso no percibido (Revenue Forgone)","3.50709","26.37666"
"DOM","Rep. Dominicana","2019","Al ingreso","Ingreso no percibido (Revenue Forgone)","0.78374","5.89447"
"DOM","Rep. Dominicana","2019","Otros","Ingreso no percibido (Revenue Forgone)","0.64220","4.82995"
"DOM","Rep. Dominicana","2020","A los bienes y servicios","Ingreso no percibido (Revenue Forgone)","3.25117","26.05522"
"DOM","Rep. Dominicana","2020","Al ingreso","Ingreso no percibido (Revenue Forgone)","0.77572","6.21671"
"DOM","Rep. Dominicana","2020","Otros","Ingreso no percibido (Revenue Forgone)","0.58107","4.65679"
"DOM","Rep. Dominicana","2021","A los bienes y servicios","Ingreso no percibido (Revenue Forgone)","3.41114","23.82731"
"DOM","Rep. Dominicana","2021","Al ingreso","Ingreso no percibido (Revenue Forgone)","0.75811","5.29552"
"DOM","Rep. Dominicana","2021","Otros","Ingreso no percibido (Revenue Forgone)","0.68577","4.79022"
"DOM","Rep. Dominicana","2022","A los bienes y servicios","Ingreso no percibido (Revenue Forgone)","3.26667","23.52193"
"DOM","Rep. Dominicana","2022","Al ingreso","Ingreso no percibido (Revenue Forgone)","0.60644","4.36674"
"DOM","Rep. Dominicana","2022","Otros","Ingreso no percibido (Revenue Forgone)","0.63633","4.58192"
"DOM","Rep. Dominicana","2023","A los bienes y servicios","Ingreso no percibido (Revenue Forgone)","3.38281","0.00000"
"DOM","Rep. Dominicana","2023","Al ingreso","Ingreso no percibido (Revenue Forgone)","0.73680","0.00000"
"DOM","Rep. Dominicana","2023","Otros","Ingreso no percibido (Revenue Forgone)","0.69582","0.00000"
"DOM","Rep. Dominicana","2024","A los bienes y servicios","Ingreso no percibido (Revenue Forgone)","3.32674","0.00000"
"DOM","Rep. Dominicana","2024","Al ingreso","Ingreso no percibido (Revenue Forgone)","0.74625","0.00000"
"DOM","Rep. Dominicana","2024","Otros","Ingreso no percibido (Revenue Forgone)","0.77070","0.00000"
"DOM","Rep. Dominicana","2025","A los bienes y servicios","Ingreso no percibido (Revenue Forgone)","3.16595","0.00000"
"DOM","Rep. Dominicana","2025","Al ingreso","Ingreso no percibido (Revenue Forgone)","0.82055","0.00000"
"DOM","Rep. Dominicana","2025","Otros","Ingreso no percibido (Revenue Forgone)","0.78909","0.00000"
"RWA","Ruanda","2018","A los bienes y servicios","Ingreso no percibido (Revenue Forgone)","2.01810","12.70575"
"RWA","Ruanda","2018","Al ingreso","Ingreso no percibido (Revenue Forgone)","0.27649","1.74076"
"RWA","Ruanda","2019","A los bienes y servicios","Ingreso no percibido (Revenue Forgone)","2.35163","14.42572"
"RWA","Ruanda","2019","Al ingreso","Ingreso no percibido (Revenue Forgone)","0.35687","2.18913"
"RWA","Ruanda","2020","A los bienes y servicios","Ingreso no percibido (Revenue Forgone)","2.64864","16.49727"
"RWA","Ruanda","2020","Al ingreso","Ingreso no percibido (Revenue Forgone)","0.42284","2.63370"
"RWA","Ruanda","2021","A los bienes y servicios","Ingreso no percibido (Revenue Forgone)","2.70986","16.91285"
"RWA","Ruanda","2021","Al ingreso","Ingreso no percibido (Revenue Forgone)","0.50398","3.14542"
"RWA","Ruanda","2022","A los bienes y servicios","Ingreso no percibido (Revenue Forgone)","2.61808","16.77953"
"RWA","Ruanda","2022","Al ingreso","Ingreso no percibido (Revenue Forgone)","0.56239","3.60442"
"RWA","Ruanda","2023","A los bienes y servicios","Ingreso no percibido (Revenue Forgone)","3.10652","22.58373"
"RWA","Ruanda","2023","Al ingreso","Ingreso no percibido (Revenue Forgone)","0.30356","2.20682"
"ROU","Rumania","2013","A los bienes y servicios","Ingreso no percibido (Revenue Forgone)","0.35321","1.33586"
"ROU","Rumania","2013","Al ingreso","Ingreso no percibido (Revenue Forgone)","1.93470","7.31709"
"ROU","Rumania","2013","Otros","Ingreso no percibido (Revenue Forgone)","0.51596","1.95139"
"ROU","Rumania","2014","A los bienes y servicios","Ingreso no percibido (Revenue Forgone)","0.37434","1.41487"
"ROU","Rumania","2014","Al ingreso","Ingreso no percibido (Revenue Forgone)","1.89803","7.17379"
"ROU","Rumania","2014","Otros","Ingreso no percibido (Revenue Forgone)","0.50426","1.90589"
"ROU","Rumania","2015","A los bienes y servicios","Ingreso no percibido (Revenue Forgone)","1.41310","5.22482"
"ROU","Rumania","2015","Al ingreso","Ingreso no percibido (Revenue Forgone)","1.96843","7.27811"
"ROU","Rumania","2015","Otros","Ingreso no percibido (Revenue Forgone)","0.47113","1.74195"
"ROU","Rumania","2016","A los bienes y servicios","Ingreso no percibido (Revenue Forgone)","1.49376","5.73626"
"ROU","Rumania","2016","Al ingreso","Ingreso no percibido (Revenue Forgone)","2.50875","9.63395"
"ROU","Rumania","2016","Otros","Ingreso no percibido (Revenue Forgone)","0.49141","1.88707"
"ROU","Rumania","2017","A los bienes y servicios","Ingreso no percibido (Revenue Forgone)","1.34579","5.37757"
"ROU","Rumania","2017","Al ingreso","Ingreso no percibido (Revenue Forgone)","2.55748","10.21931"
"ROU","Rumania","2017","Otros","Ingreso no percibido (Revenue Forgone)","0.44398","1.77407"
"ROU","Rumania","2018","A los bienes y servicios","Ingreso no percibido (Revenue Forgone)","1.31359","5.09323"
"ROU","Rumania","2018","Al ingreso","Ingreso no percibido (Revenue Forgone)","2.51985","9.77031"
"ROU","Rumania","2018","Otros","Ingreso no percibido (Revenue Forgone)","0.44651","1.73128"
"ROU","Rumania","2019","A los bienes y servicios","Ingreso no percibido (Revenue Forgone)","1.57268","9.96091"
"ROU","Rumania","2019","Al ingreso","Ingreso no percibido (Revenue Forgone)","2.64460","16.75018"
"ROU","Rumania","2019","Otros","Ingreso no percibido (Revenue Forgone)","0.42341","2.68174"
"ROU","Rumania","2020","A los bienes y servicios","Ingreso no percibido (Revenue Forgone)","1.47883","9.50324"
"ROU","Rumania","2020","Al ingreso","Ingreso no percibido (Revenue Forgone)","3.04292","19.55440"
"ROU","Rumania","2020","Otros","Ingreso no percibido (Revenue Forgone)","0.19437","1.24903"
"ROU","Rumania","2021","A los bienes y servicios","Ingreso no percibido (Revenue Forgone)","1.48412","9.11213"
"ROU","Rumania","2021","Al ingreso","Ingreso no percibido (Revenue Forgone)","2.96757","18.22014"
"ROU","Rumania","2021","Otros","Ingreso no percibido (Revenue Forgone)","0.18519","1.13702"
"ROU","Rumania","2022","A los bienes y servicios","Ingreso no percibido (Revenue Forgone)","1.45475","8.34524"
"ROU","Rumania","2022","Al ingreso","Ingreso no percibido (Revenue Forgone)","3.05524","17.52654"
"ROU","Rumania","2022","Otros","Ingreso no percibido (Revenue Forgone)","0.17395","0.99790"
"ROU","Rumania","2023","A los bienes y servicios","Ingreso no percibido (Revenue Forgone)","1.37983","0.00000"
"ROU","Rumania","2023","Al ingreso","Ingreso no percibido (Revenue Forgone)","3.20993","0.00000"
"ROU","Rumania","2023","Otros","Ingreso no percibido (Revenue Forgone)","0.16054","0.00000"
"RUS","Rusia","2014","A los bienes y servicios","Ingreso no percibido (Revenue Forgone)","2.02353","9.93328"
"RUS","Rusia","2014","Al ingreso","Ingreso no percibido (Revenue Forgone)","0.12527","0.61495"
"RUS","Rusia","2015","A los bienes y servicios","Ingreso no percibido (Revenue Forgone)","1.87087","10.85147"
"RUS","Rusia","2015","Al ingreso","Ingreso no percibido (Revenue Forgone)","0.43715","2.53556"
"RUS","Rusia","2016","A los bienes y servicios","Ingreso no percibido (Revenue Forgone)","15.20127","88.23999"
"RUS","Rusia","2016","Al ingreso","Ingreso no percibido (Revenue Forgone)","3.60649","20.93488"
"RUS","Rusia","2017","A los bienes y servicios","Ingreso no percibido (Revenue Forgone)","17.64605","101.84179"
"RUS","Rusia","2017","Al ingreso","Ingreso no percibido (Revenue Forgone)","1.92019","11.08214"
"RUS","Rusia","2018","A los bienes y servicios","Ingreso no percibido (Revenue Forgone)","13.51618","72.28964"
"RUS","Rusia","2018","Al ingreso","Ingreso no percibido (Revenue Forgone)","1.84891","9.88869"
"RUS","Rusia","2018","Otros","Ingreso no percibido (Revenue Forgone)","-0.17095","-0.91431"
"RUS","Rusia","2019","A los bienes y servicios","Ingreso no percibido (Revenue Forgone)","12.91237",""
"RUS","Rusia","2019","Al ingreso","Ingreso no percibido (Revenue Forgone)","1.82956","inf"
"RUS","Rusia","2019","Otros","Ingreso no percibido (Revenue Forgone)","-0.19212","-inf"
"RUS","Rusia","2020","A los bienes y servicios","Ingreso no percibido (Revenue Forgone)","21.53965",""
"RUS","Rusia","2020","Al ingreso","Ingreso no percibido (Revenue Forgone)","2.24915","inf"
"RUS","Rusia","2020","Otros","Ingreso no percibido (Revenue Forgone)","-0.19963","-inf"
"RUS","Rusia","2021","A los bienes y servicios","Ingreso no percibido (Revenue Forgone)","12.86785","110.00742"
"RUS","Rusia","2021","Al ingreso","Ingreso no percibido (Revenue Forgone)","2.25202","19.25251"
"RUS","Rusia","2021","Otros","Ingreso no percibido (Revenue Forgone)","-0.15150","-1.29522"
"RUS","Rusia","2022","A los bienes y servicios","Ingreso no percibido (Revenue Forgone)","22.08407","203.87618"
"RUS","Rusia","2022","Al ingreso","Ingreso no percibido (Revenue Forgone)","2.06107","19.02745"
"RUS","Rusia","2022","Otros","Ingreso no percibido (Revenue Forgone)","-0.16619","-1.53422"
"RUS","Rusia","2023","A los bienes y servicios","Ingreso no percibido (Revenue Forgone)","12.61235","0.00000"
"RUS","Rusia","2023","Al ingreso","Ingreso no percibido (Revenue Forgone)","2.45034","0.00000"
"RUS","Rusia","2023","Otros","Ingreso no percibido (Revenue Forgone)","-0.18928","0.00000"
"RUS","Rusia","2024","A los bienes y servicios","Ingreso no percibido (Revenue Forgone)","13.14472","0.00000"
"RUS","Rusia","2024","Al ingreso","Ingreso no percibido (Revenue Forgone)","2.25589","0.00000"
"RUS","Rusia","2024","Otros","Ingreso no percibido (Revenue Forgone)","-0.16136","0.00000"
"RUS","Rusia","2025","A los bienes y servicios","Ingreso no percibido (Revenue Forgone)","13.36499","0.00000"
"RUS","Rusia","2025","Al ingreso","Ingreso no percibido (Revenue Forgone)","2.72305","0.00000"
"RUS","Rusia","2025","Otros","Ingreso no percibido (Revenue Forgone)","-0.12052","0.00000"
"RUS","Rusia","2026","A los bienes y servicios","Ingreso no percibido (Revenue Forgone)","0.00000","0.00000"
"RUS","Rusia","2026","Al ingreso","Ingreso no percibido (Revenue Forgone)","0.00000","0.00000"
"RUS","Rusia","2026","Otros","Ingreso no percibido (Revenue Forgone)","0.00000","0.00000"
"RUS","Rusia","2027","A los bienes y servicios","Ingreso no percibido (Revenue Forgone)","0.00000","0.00000"
"RUS","Rusia","2027","Al ingreso","Ingreso no percibido (Revenue Forgone)","0.00000","0.00000"
"RUS","Rusia","2027","Otros","Ingreso no percibido (Revenue Forgone)","0.00000","0.00000"
"SEN","Senegal","2008","A los bienes y servicios","Ingreso no percibido (Revenue Forgone)","1.05895","7.32164"
"SEN","Senegal","2008","Otros","Ingreso no percibido (Revenue Forgone)","3.96308","27.40096"
"SEN","Senegal","2009","A los bienes y servicios","Ingreso no percibido (Revenue Forgone)","0.51361","3.59577"
"SEN","Senegal","2009","Otros","Ingreso no percibido (Revenue Forgone)","3.44383","24.11008"
"SEN","Senegal","2010","A los bienes y servicios","Ingreso no percibido (Revenue Forgone)","2.02589","13.52528"
"SEN","Senegal","2010","Al ingreso","Ingreso no percibido (Revenue Forgone)","0.72837","4.86274"
"SEN","Senegal","2010","Otros","Ingreso no percibido (Revenue Forgone)","0.00125","0.00837"
"SEN","Senegal","2011","A los bienes y servicios","Ingreso no percibido (Revenue Forgone)","2.33831","15.25098"
"SEN","Senegal","2011","Al ingreso","Ingreso no percibido (Revenue Forgone)","0.72305","4.71592"
"SEN","Senegal","2011","Otros","Ingreso no percibido (Revenue Forgone)","0.00715","0.04662"
"SEN","Senegal","2012","A los bienes y servicios","Ingreso no percibido (Revenue Forgone)","2.37222","15.73627"
"SEN","Senegal","2012","Al ingreso","Ingreso no percibido (Revenue Forgone)","0.72642","4.81873"
"SEN","Senegal","2012","Otros","Ingreso no percibido (Revenue Forgone)","0.00222","0.01471"
"SEN","Senegal","2013","A los bienes y servicios","Ingreso no percibido (Revenue Forgone)","2.20892","15.37178"
"SEN","Senegal","2013","Al ingreso","Ingreso no percibido (Revenue Forgone)","2.03555","14.16528"
"SEN","Senegal","2013","Otros","Ingreso no percibido (Revenue Forgone)","1.47904","10.29254"
"SEN","Senegal","2014","A los bienes y servicios","Ingreso no percibido (Revenue Forgone)","2.32326","15.31888"
"SEN","Senegal","2014","Al ingreso","Ingreso no percibido (Revenue Forgone)","2.18311","14.39476"
"SEN","Senegal","2014","Otros","Ingreso no percibido (Revenue Forgone)","1.50997","9.95626"
"SEN","Senegal","2015","A los bienes y servicios","Ingreso no percibido (Revenue Forgone)","3.54032","23.15307"
"SEN","Senegal","2015","Al ingreso","Ingreso no percibido (Revenue Forgone)","2.64011","17.26585"
"SEN","Senegal","2016","A los bienes y servicios","Ingreso no percibido (Revenue Forgone)","4.61634","29.06479"
"SEN","Senegal","2016","Al ingreso","Ingreso no percibido (Revenue Forgone)","1.26753","7.98043"
"SEN","Senegal","2017","A los bienes y servicios","Ingreso no percibido (Revenue Forgone)","4.21948","27.88195"
"SEN","Senegal","2017","Al ingreso","Ingreso no percibido (Revenue Forgone)","1.33770","8.83943"
"SEN","Senegal","2018","A los bienes y servicios","Ingreso no percibido (Revenue Forgone)","5.16070","33.57677"
"SEN","Senegal","2018","Al ingreso","Ingreso no percibido (Revenue Forgone)","0.36925","2.40243"
"SEN","Senegal","2018","Otros","Ingreso no percibido (Revenue Forgone)","0.00000","0.00000"
"SEN","Senegal","2019","A los bienes y servicios","Ingreso no percibido (Revenue Forgone)","5.04055","28.76323"
"SEN","Senegal","2019","Al ingreso","Ingreso no percibido (Revenue Forgone)","0.43025","2.45519"
"SEN","Senegal","2020","A los bienes y servicios","Ingreso no percibido (Revenue Forgone)","5.60386","32.14821"
"SEN","Senegal","2020","Al ingreso","Ingreso no percibido (Revenue Forgone)","0.39664","2.27544"
"SEN","Senegal","2021","A los bienes y servicios","Ingreso no percibido (Revenue Forgone)","6.12300","34.47346"
"SEN","Senegal","2021","Al ingreso","Ingreso no percibido (Revenue Forgone)","0.10518","0.59219"
"SLE","Sierra Leona","2017","A los bienes y servicios","Ingreso no percibido (Revenue Forgone)","2.11144","29.91790"
"SLE","Sierra Leona","2018","A los bienes y servicios","Ingreso no percibido (Revenue Forgone)","1.55989","20.75781"
"SLE","Sierra Leona","2019","A los bienes y servicios","Ingreso no percibido (Revenue Forgone)","1.52154","19.61287"
"SLE","Sierra Leona","2020","A los bienes y servicios","Ingreso no percibido (Revenue Forgone)","1.57403","22.43436"
"SLE","Sierra Leona","2021","A los bienes y servicios","Ingreso no percibido (Revenue Forgone)","1.08885","14.61184"
"SLE","Sierra Leona","2022","A los bienes y servicios","Ingreso no percibido (Revenue Forgone)","0.97152","16.40922"
"SLE","Sierra Leona","2023","A los bienes y servicios","Ingreso no percibido (Revenue Forgone)","1.42427","0.00000"
"SOM","Somalia","2018","Otros","Ingreso no percibido (Revenue Forgone)","0.09377","5.26907"
"SOM","Somalia","2019","Otros","Ingreso no percibido (Revenue Forgone)","0.09960","5.56848"
"SOM","Somalia","2020","Otros","Ingreso no percibido (Revenue Forgone)","0.12714","7.86380"
"SOM","Somalia","2021","Otros","Ingreso no percibido (Revenue Forgone)","0.09110","5.30713"
"SOM","Somalia","2022","Otros","Ingreso no percibido (Revenue Forgone)","0.11673","6.55476"
"LKA","Sri Lanka","2017","A los bienes y servicios","Ingreso no percibido (Revenue Forgone)","1.17232","9.96185"
"LKA","Sri Lanka","2017","Al ingreso","Ingreso no percibido (Revenue Forgone)","0.53561","4.55136"
"LKA","Sri Lanka","2018","A los bienes y servicios","Ingreso no percibido (Revenue Forgone)","1.33602","11.80438"
"LKA","Sri Lanka","2018","Al ingreso","Ingreso no percibido (Revenue Forgone)","0.02215","0.19568"
"LKA","Sri Lanka","2019","A los bienes y servicios","Ingreso no percibido (Revenue Forgone)","1.39707","12.60200"
"LKA","Sri Lanka","2019","Al ingreso","Ingreso no percibido (Revenue Forgone)","0.02083","0.18793"
"LKA","Sri Lanka","2022","A los bienes y servicios","Ingreso no percibido (Revenue Forgone)","0.23153","3.11504"
"LKA","Sri Lanka","2022","Al ingreso","Ingreso no percibido (Revenue Forgone)","0.04797","0.64538"
"LKA","Sri Lanka","2023","A los bienes y servicios","Ingreso no percibido (Revenue Forgone)","3.20610","32.30816"
"LKA","Sri Lanka","2023","Al ingreso","Ingreso no percibido (Revenue Forgone)","0.31997","3.22437"
"ZAF","Sudáfrica","2006","A los bienes y servicios","Ingreso no percibido (Revenue Forgone)","1.84667","7.68251"
"ZAF","Sudáfrica","2006","Al ingreso","Ingreso no percibido (Revenue Forgone)","1.23387","5.13313"
"ZAF","Sudáfrica","2007","A los bienes y servicios","Ingreso no percibido (Revenue Forgone)","1.71057","6.99422"
"ZAF","Sudáfrica","2007","Al ingreso","Ingreso no percibido (Revenue Forgone)","1.06948","4.37293"
"ZAF","Sudáfrica","2008","A los bienes y servicios","Ingreso no percibido (Revenue Forgone)","1.83954","7.66982"
"ZAF","Sudáfrica","2008","Al ingreso","Ingreso no percibido (Revenue Forgone)","1.05677","4.40613"
"ZAF","Sudáfrica","2009","A los bienes y servicios","Ingreso no percibido (Revenue Forgone)","1.84795","8.61711"
"ZAF","Sudáfrica","2009","Al ingreso","Ingreso no percibido (Revenue Forgone)","1.15810","5.40029"
"ZAF","Sudáfrica","2010","A los bienes y servicios","Ingreso no percibido (Revenue Forgone)","1.56463","7.09681"
"ZAF","Sudáfrica","2010","Al ingreso","Ingreso no percibido (Revenue Forgone)","1.21236","5.49900"
"ZAF","Sudáfrica","2011","A los bienes y servicios","Ingreso no percibido (Revenue Forgone)","1.59066","7.11258"
"ZAF","Sudáfrica","2011","Al ingreso","Ingreso no percibido (Revenue Forgone)","1.33653","5.97625"
"ZAF","Sudáfrica","2012","A los bienes y servicios","Ingreso no percibido (Revenue Forgone)","1.72948","7.56870"
"ZAF","Sudáfrica","2012","Al ingreso","Ingreso no percibido (Revenue Forgone)","1.34127","5.86979"
"ZAF","Sudáfrica","2013","A los bienes y servicios","Ingreso no percibido (Revenue Forgone)","1.75302","7.52361"
"ZAF","Sudáfrica","2013","Al ingreso","Ingreso no percibido (Revenue Forgone)","1.42911","6.13344"
"ZAF","Sudáfrica","2014","A los bienes y servicios","Ingreso no percibido (Revenue Forgone)","1.82504","7.64302"
"ZAF","Sudáfrica","2014","Al ingreso","Ingreso no percibido (Revenue Forgone)","1.97858","8.28601"
"ZAF","Sudáfrica","2015","A los bienes y servicios","Ingreso no percibido (Revenue Forgone)","1.81542","7.47314"
"ZAF","Sudáfrica","2015","Al ingreso","Ingreso no percibido (Revenue Forgone)","2.11740","8.71624"
"ZAF","Sudáfrica","2016","A los bienes y servicios","Ingreso no percibido (Revenue Forgone)","1.89621","7.88034"
"ZAF","Sudáfrica","2016","Al ingreso","Ingreso no percibido (Revenue Forgone)","2.20687","9.17139"
"ZAF","Sudáfrica","2017","A los bienes y servicios","Ingreso no percibido (Revenue Forgone)","1.78959","7.44555"
"ZAF","Sudáfrica","2017","Al ingreso","Ingreso no percibido (Revenue Forgone)","2.94296","12.24409"
"ZAF","Sudáfrica","2018","A los bienes y servicios","Ingreso no percibido (Revenue Forgone)","1.72026","7.12140"
"ZAF","Sudáfrica","2018","Al ingreso","Ingreso no percibido (Revenue Forgone)","2.67060","11.05554"
"ZAF","Sudáfrica","2019","A los bienes y servicios","Ingreso no percibido (Revenue Forgone)","1.87874","7.76821"
"ZAF","Sudáfrica","2019","Al ingreso","Ingreso no percibido (Revenue Forgone)","2.62821","10.86714"
"ZAF","Sudáfrica","2020","A los bienes y servicios","Ingreso no percibido (Revenue Forgone)","2.12042","9.41071"
"ZAF","Sudáfrica","2020","Al ingreso","Ingreso no percibido (Revenue Forgone)","2.62602","11.65464"
"ZAF","Sudáfrica","2021","A los bienes y servicios","Ingreso no percibido (Revenue Forgone)","1.59428","6.31744"
"ZAF","Sudáfrica","2021","Al ingreso","Ingreso no percibido (Revenue Forgone)","2.33594","9.25629"
"ZAF","Sudáfrica","2022","A los bienes y servicios","Ingreso no percibido (Revenue Forgone)","1.81648","0.00000"
"ZAF","Sudáfrica","2022","Al ingreso","Ingreso no percibido (Revenue Forgone)","2.14562","0.00000"
"SWE","Suecia","1993","A los bienes y servicios","Ingreso no percibido (Revenue Forgone)","0.90386","4.58703"
"SWE","Suecia","1993","Al ingreso","Ingreso no percibido (Revenue Forgone)","5.34584","27.12970"
"SWE","Suecia","1993","Otros","Ingreso no percibido (Revenue Forgone)","0.03021","0.15331"
"SWE","Suecia","1994","A los bienes y servicios","Ingreso no percibido (Revenue Forgone)","0.92539","4.56855"
"SWE","Suecia","1994","Al ingreso","Ingreso no percibido (Revenue Forgone)","6.56104","32.39109"
"SWE","Suecia","1994","Otros","Ingreso no percibido (Revenue Forgone)","0.13827","0.68262"
"SWE","Suecia","1995","A los bienes y servicios","Ingreso no percibido (Revenue Forgone)","1.92286","9.08662"
"SWE","Suecia","1995","Al ingreso","Ingreso no percibido (Revenue Forgone)","5.34129","25.24062"
"SWE","Suecia","1995","Otros","Ingreso no percibido (Revenue Forgone)","0.12756","0.60280"
"SWE","Suecia","1996","A los bienes y servicios","Ingreso no percibido (Revenue Forgone)","2.40368","10.89771"
"SWE","Suecia","1996","Al ingreso","Ingreso no percibido (Revenue Forgone)","5.64298","25.58390"
"SWE","Suecia","1996","Otros","Ingreso no percibido (Revenue Forgone)","0.20584","0.93323"
"SWE","Suecia","1997","A los bienes y servicios","Ingreso no percibido (Revenue Forgone)","2.44571","10.43196"
"SWE","Suecia","1997","Al ingreso","Ingreso no percibido (Revenue Forgone)","5.26737","22.46756"
"SWE","Suecia","1997","Otros","Ingreso no percibido (Revenue Forgone)","0.08545","0.36446"
"SWE","Suecia","1998","A los bienes y servicios","Ingreso no percibido (Revenue Forgone)","2.51677","8.79325"
"SWE","Suecia","1998","Al ingreso","Ingreso no percibido (Revenue Forgone)","6.42799","22.45848"
"SWE","Suecia","1998","Otros","Ingreso no percibido (Revenue Forgone)","0.01393","0.04867"
"SWE","Suecia","1999","A los bienes y servicios","Ingreso no percibido (Revenue Forgone)","2.43013","8.14338"
"SWE","Suecia","1999","Al ingreso","Ingreso no percibido (Revenue Forgone)","5.71574","19.15349"
"SWE","Suecia","1999","Otros","Ingreso no percibido (Revenue Forgone)","0.02206","0.07392"
"SWE","Suecia","2000","A los bienes y servicios","Ingreso no percibido (Revenue Forgone)","2.37090","7.73982"
"SWE","Suecia","2000","Al ingreso","Ingreso no percibido (Revenue Forgone)","4.28638","13.99294"
"SWE","Suecia","2001","A los bienes y servicios","Ingreso no percibido (Revenue Forgone)","2.50279","9.22047"
"SWE","Suecia","2001","Al ingreso","Ingreso no percibido (Revenue Forgone)","4.33248","15.96117"
"SWE","Suecia","2002","A los bienes y servicios","Ingreso no percibido (Revenue Forgone)","2.65764","10.63106"
"SWE","Suecia","2002","Al ingreso","Ingreso no percibido (Revenue Forgone)","3.11050","12.44259"
"SWE","Suecia","2003","A los bienes y servicios","Ingreso no percibido (Revenue Forgone)","3.06542","12.15344"
"SWE","Suecia","2003","Al ingreso","Ingreso no percibido (Revenue Forgone)","3.93016","15.58182"
"SWE","Suecia","2004","A los bienes y servicios","Ingreso no percibido (Revenue Forgone)","2.49611","9.67133"
"SWE","Suecia","2004","Al ingreso","Ingreso no percibido (Revenue Forgone)","2.57077","9.96062"
"SWE","Suecia","2005","A los bienes y servicios","Ingreso no percibido (Revenue Forgone)","2.21718","8.16064"
"SWE","Suecia","2005","Al ingreso","Ingreso no percibido (Revenue Forgone)","1.75701","6.46690"
"SWE","Suecia","2006","A los bienes y servicios","Ingreso no percibido (Revenue Forgone)","2.22068","8.50251"
"SWE","Suecia","2006","Al ingreso","Ingreso no percibido (Revenue Forgone)","3.17208","12.14522"
"SWE","Suecia","2007","A los bienes y servicios","Ingreso no percibido (Revenue Forgone)","2.43618","9.63700"
"SWE","Suecia","2007","Al ingreso","Ingreso no percibido (Revenue Forgone)","3.67677","14.54447"
"SWE","Suecia","2007","Otros","Ingreso no percibido (Revenue Forgone)","0.07457","0.29500"
"SWE","Suecia","2008","A los bienes y servicios","Ingreso no percibido (Revenue Forgone)","2.32643","9.85403"
"SWE","Suecia","2008","Al ingreso","Ingreso no percibido (Revenue Forgone)","1.15393","4.88768"
"SWE","Suecia","2008","Otros","Ingreso no percibido (Revenue Forgone)","0.00619","0.02622"
"SWE","Suecia","2009","A los bienes y servicios","Ingreso no percibido (Revenue Forgone)","2.37956","10.52899"
"SWE","Suecia","2009","Al ingreso","Ingreso no percibido (Revenue Forgone)","4.77385","21.12321"
"SWE","Suecia","2009","Otros","Ingreso no percibido (Revenue Forgone)","0.18170","0.80398"
"SWE","Suecia","2010","A los bienes y servicios","Ingreso no percibido (Revenue Forgone)","2.31168","10.18356"
"SWE","Suecia","2010","Al ingreso","Ingreso no percibido (Revenue Forgone)","4.09992","18.06125"
"SWE","Suecia","2010","Otros","Ingreso no percibido (Revenue Forgone)","0.13543","0.59663"
"SWE","Suecia","2011","A los bienes y servicios","Ingreso no percibido (Revenue Forgone)","2.08943","9.54660"
"SWE","Suecia","2011","Al ingreso","Ingreso no percibido (Revenue Forgone)","2.80822","12.83074"
"SWE","Suecia","2011","Otros","Ingreso no percibido (Revenue Forgone)","0.16033","0.73255"
"SWE","Suecia","2012","A los bienes y servicios","Ingreso no percibido (Revenue Forgone)","2.40703","11.29466"
"SWE","Suecia","2012","Al ingreso","Ingreso no percibido (Revenue Forgone)","2.74560","12.88334"
"SWE","Suecia","2012","Otros","Ingreso no percibido (Revenue Forgone)","0.14096","0.66143"
"SWE","Suecia","2013","A los bienes y servicios","Ingreso no percibido (Revenue Forgone)","2.41131","11.26383"
"SWE","Suecia","2013","Al ingreso","Ingreso no percibido (Revenue Forgone)","2.73299","12.76650"
"SWE","Suecia","2013","Otros","Ingreso no percibido (Revenue Forgone)","0.16557","0.77343"
"SWE","Suecia","2014","A los bienes y servicios","Ingreso no percibido (Revenue Forgone)","2.26355","10.59910"
"SWE","Suecia","2014","Al ingreso","Ingreso no percibido (Revenue Forgone)","2.77949","13.01497"
"SWE","Suecia","2014","Otros","Ingreso no percibido (Revenue Forgone)","0.18947","0.88720"
"SWE","Suecia","2015","A los bienes y servicios","Ingreso no percibido (Revenue Forgone)","2.19838","9.95923"
"SWE","Suecia","2015","Al ingreso","Ingreso no percibido (Revenue Forgone)","2.48148","11.24174"
"SWE","Suecia","2015","Otros","Ingreso no percibido (Revenue Forgone)","0.20464","0.92709"
"SWE","Suecia","2016","A los bienes y servicios","Ingreso no percibido (Revenue Forgone)","2.26314","9.75971"
"SWE","Suecia","2016","Al ingreso","Ingreso no percibido (Revenue Forgone)","1.80683","7.79190"
"SWE","Suecia","2016","Otros","Ingreso no percibido (Revenue Forgone)","0.21123","0.91093"
"SWE","Suecia","2017","A los bienes y servicios","Ingreso no percibido (Revenue Forgone)","2.32494","9.95010"
"SWE","Suecia","2017","Al ingreso","Ingreso no percibido (Revenue Forgone)","1.97189","8.43914"
"SWE","Suecia","2017","Otros","Ingreso no percibido (Revenue Forgone)","0.22148","0.94785"
"SWE","Suecia","2018","A los bienes y servicios","Ingreso no percibido (Revenue Forgone)","2.35837","10.21564"
"SWE","Suecia","2018","Al ingreso","Ingreso no percibido (Revenue Forgone)","1.87718","8.13129"
"SWE","Suecia","2018","Otros","Ingreso no percibido (Revenue Forgone)","0.09891","0.42844"
"SWE","Suecia","2019","A los bienes y servicios","Ingreso no percibido (Revenue Forgone)","2.29048","10.26885"
"SWE","Suecia","2019","Al ingreso","Ingreso no percibido (Revenue Forgone)","2.14068","9.59726"
"SWE","Suecia","2019","Otros","Ingreso no percibido (Revenue Forgone)","0.09655","0.43288"
"SWE","Suecia","2020","A los bienes y servicios","Ingreso no percibido (Revenue Forgone)","2.18085","10.16488"
"SWE","Suecia","2020","Al ingreso","Ingreso no percibido (Revenue Forgone)","2.65944","12.39559"
"SWE","Suecia","2020","Otros","Ingreso no percibido (Revenue Forgone)","0.12348","0.57555"
"SWE","Suecia","2021","A los bienes y servicios","Ingreso no percibido (Revenue Forgone)","2.14204","9.60347"
"SWE","Suecia","2021","Al ingreso","Ingreso no percibido (Revenue Forgone)","1.55411","6.96756"
"SWE","Suecia","2021","Otros","Ingreso no percibido (Revenue Forgone)","0.11437","0.51274"
"SWE","Suecia","2022","A los bienes y servicios","Ingreso no percibido (Revenue Forgone)","2.25209","10.08634"
"SWE","Suecia","2022","Al ingreso","Ingreso no percibido (Revenue Forgone)","4.53334","20.30325"
"SWE","Suecia","2022","Otros","Ingreso no percibido (Revenue Forgone)","0.02950","0.13210"
"SWE","Suecia","2023","A los bienes y servicios","Ingreso no percibido (Revenue Forgone)","2.15288","10.07021"
"SWE","Suecia","2023","Al ingreso","Ingreso no percibido (Revenue Forgone)","4.89525","22.89780"
"SWE","Suecia","2023","Otros","Ingreso no percibido (Revenue Forgone)","0.14311","0.66939"
"SWE","Suecia","2024","A los bienes y servicios","Ingreso no percibido (Revenue Forgone)","2.12160","0.00000"
"SWE","Suecia","2024","Al ingreso","Ingreso no percibido (Revenue Forgone)","5.24855","0.00000"
"SWE","Suecia","2024","Otros","Ingreso no percibido (Revenue Forgone)","0.13618","0.00000"
"CHE","Suiza","1997","A los bienes y servicios","Ingreso no percibido (Revenue Forgone)","0.43809","5.34052"
"CHE","Suiza","1997","Al ingreso","Ingreso no percibido (Revenue Forgone)","0.16948","2.06610"
"CHE","Suiza","1997","Otros","Ingreso no percibido (Revenue Forgone)","0.00023","0.00285"
"CHE","Suiza","2011","A los bienes y servicios","Ingreso no percibido (Revenue Forgone)","2.67601","28.33541"
"CHE","Suiza","2011","Al ingreso","Ingreso no percibido (Revenue Forgone)","1.32867","14.06886"
"CHE","Suiza","2017","A los bienes y servicios","Ingreso no percibido (Revenue Forgone)","2.11796","20.80360"
"CHE","Suiza","2017","Al ingreso","Ingreso no percibido (Revenue Forgone)","1.47528","14.49093"
"CHE","Suiza","2017","Otros","Ingreso no percibido (Revenue Forgone)","0.04918","0.48305"
"CHE","Suiza","2018","A los bienes y servicios","Ingreso no percibido (Revenue Forgone)","2.06585","21.07564"
"CHE","Suiza","2018","Al ingreso","Ingreso no percibido (Revenue Forgone)","1.40900","14.37458"
"CHE","Suiza","2018","Otros","Ingreso no percibido (Revenue Forgone)","0.04848","0.49460"
"CHE","Suiza","2019","A los bienes y servicios","Ingreso no percibido (Revenue Forgone)","1.98635","19.96997"
"CHE","Suiza","2019","Al ingreso","Ingreso no percibido (Revenue Forgone)","1.36627","13.73588"
"CHE","Suiza","2019","Otros","Ingreso no percibido (Revenue Forgone)","0.05009","0.50359"
"TWN","Taiwán","2002","Al ingreso","Ingreso no percibido (Revenue Forgone)","2.18489","28.31231"
"TWN","Taiwán","2003","Al ingreso","Ingreso no percibido (Revenue Forgone)","2.12763","28.05168"
"TWN","Taiwán","2004","Al ingreso","Ingreso no percibido (Revenue Forgone)","2.17884","27.56467"
"TWN","Taiwán","2005","Al ingreso","Ingreso no percibido (Revenue Forgone)","2.53433","28.57015"
"TWN","Taiwán","2006","Al ingreso","Ingreso no percibido (Revenue Forgone)","2.50248","28.75191"
"TWN","Taiwán","2007","Al ingreso","Ingreso no percibido (Revenue Forgone)","2.79403","30.89211"
"TWN","Taiwán","2008","Al ingreso","Ingreso no percibido (Revenue Forgone)","2.04172","21.54355"
"TWN","Taiwán","2009","Al ingreso","Ingreso no percibido (Revenue Forgone)","1.60911","19.76943"
"TWN","Taiwán","2010","Al ingreso","Ingreso no percibido (Revenue Forgone)","1.51700","19.70562"
"TWN","Taiwán","2011","Al ingreso","Ingreso no percibido (Revenue Forgone)","1.42879","16.93344"
"TWN","Taiwán","2012","Al ingreso","Ingreso no percibido (Revenue Forgone)","1.38731","16.66161"
"TWN","Taiwán","2013","Al ingreso","Ingreso no percibido (Revenue Forgone)","1.37814","17.27772"
"TWN","Taiwán","2014","A los bienes y servicios","Ingreso no percibido (Revenue Forgone)","0.84147","10.18374"
"TWN","Taiwán","2014","Al ingreso","Ingreso no percibido (Revenue Forgone)","1.54973","18.75546"
"TWN","Taiwán","2015","A los bienes y servicios","Ingreso no percibido (Revenue Forgone)","0.56894","6.62293"
"TWN","Taiwán","2015","Al ingreso","Ingreso no percibido (Revenue Forgone)","1.32286","15.39913"
"TWN","Taiwán","2016","A los bienes y servicios","Ingreso no percibido (Revenue Forgone)","0.60864","6.96612"
"TWN","Taiwán","2016","Al ingreso","Ingreso no percibido (Revenue Forgone)","1.25308","14.34186"
"TWN","Taiwán","2017","A los bienes y servicios","Ingreso no percibido (Revenue Forgone)","0.63551","7.51672"
"TWN","Taiwán","2017","Al ingreso","Ingreso no percibido (Revenue Forgone)","1.28428","15.19033"
"TWN","Taiwán","2017","Otros","Ingreso no percibido (Revenue Forgone)","0.02795","0.33061"
"TWN","Taiwán","2018","A los bienes y servicios","Ingreso no percibido (Revenue Forgone)","0.69614","7.82260"
"TWN","Taiwán","2018","Al ingreso","Ingreso no percibido (Revenue Forgone)","1.41479","15.89817"
"TWN","Taiwán","2018","Otros","Ingreso no percibido (Revenue Forgone)","0.04312","0.48450"
"TWN","Taiwán","2019","A los bienes y servicios","Ingreso no percibido (Revenue Forgone)","0.65363","7.35534"
"TWN","Taiwán","2019","Al ingreso","Ingreso no percibido (Revenue Forgone)","1.39405","15.68727"
"TWN","Taiwán","2019","Otros","Ingreso no percibido (Revenue Forgone)","0.03925","0.44173"
"TWN","Taiwán","2020","A los bienes y servicios","Ingreso no percibido (Revenue Forgone)","0.75920","9.46936"
"TWN","Taiwán","2020","Al ingreso","Ingreso no percibido (Revenue Forgone)","1.62715","20.29514"
"TWN","Taiwán","2020","Otros","Ingreso no percibido (Revenue Forgone)","0.03378","0.42135"
"TWN","Taiwán","2021","A los bienes y servicios","Ingreso no percibido (Revenue Forgone)","0.89784","9.75602"
"TWN","Taiwán","2021","Al ingreso","Ingreso no percibido (Revenue Forgone)","2.04131","22.18111"
"TWN","Taiwán","2021","Otros","Ingreso no percibido (Revenue Forgone)","0.03624","0.39375"
"TWN","Taiwán","2022","A los bienes y servicios","Ingreso no percibido (Revenue Forgone)","0.78535","7.77860"
"TWN","Taiwán","2022","Al ingreso","Ingreso no percibido (Revenue Forgone)","2.10398","20.83929"
"TWN","Taiwán","2022","Otros","Ingreso no percibido (Revenue Forgone)","0.04397","0.43553"
"TWN","Taiwán","2023","A los bienes y servicios","Ingreso no percibido (Revenue Forgone)","0.85293","8.13346"
"TWN","Taiwán","2023","Al ingreso","Ingreso no percibido (Revenue Forgone)","1.58172","15.08314"
"TWN","Taiwán","2023","Otros","Ingreso no percibido (Revenue Forgone)","0.02464","0.23499"
"TWN","Taiwán","2024","A los bienes y servicios","Ingreso no percibido (Revenue Forgone)","0.90940","0.00000"
"TWN","Taiwán","2024","Al ingreso","Ingreso no percibido (Revenue Forgone)","1.35952","0.00000"
"TWN","Taiwán","2024","Otros","Ingreso no percibido (Revenue Forgone)","0.03149","0.00000"
"TWN","Taiwán","2025","A los bienes y servicios","Ingreso no percibido (Revenue Forgone)","0.62142","0.00000"
"TWN","Taiwán","2025","Al ingreso","Ingreso no percibido (Revenue Forgone)","1.37127","0.00000"
"TWN","Taiwán","2025","Otros","Ingreso no percibido (Revenue Forgone)","0.03011","0.00000"
"TZA","Tanzanía","2000","A los bienes y servicios","Ingreso no percibido (Revenue Forgone)","2.20188","31.50744"
"TZA","Tanzanía","2001","A los bienes y servicios","Ingreso no percibido (Revenue Forgone)","1.81880","24.28123"
"TZA","Tanzanía","2002","A los bienes y servicios","Ingreso no percibido (Revenue Forgone)","1.97104","26.63825"
"TZA","Tanzanía","2003","A los bienes y servicios","Ingreso no percibido (Revenue Forgone)","1.57115","20.89174"
"TZA","Tanzanía","2004","A los bienes y servicios","Ingreso no percibido (Revenue Forgone)","1.84477","23.62086"
"TZA","Tanzanía","2005","A los bienes y servicios","Ingreso no percibido (Revenue Forgone)","2.34166","29.36421"
"TZA","Tanzanía","2006","A los bienes y servicios","Ingreso no percibido (Revenue Forgone)","3.24111","39.36280"
"TZA","Tanzanía","2007","A los bienes y servicios","Ingreso no percibido (Revenue Forgone)","3.05643","32.81930"
"TZA","Tanzanía","2008","A los bienes y servicios","Ingreso no percibido (Revenue Forgone)","2.41300","23.87615"
"TZA","Tanzanía","2009","A los bienes y servicios","Ingreso no percibido (Revenue Forgone)","1.96603","18.60531"
"TZA","Tanzanía","2010","A los bienes y servicios","Ingreso no percibido (Revenue Forgone)","1.53072","15.36917"
"TZA","Tanzanía","2011","A los bienes y servicios","Ingreso no percibido (Revenue Forgone)","1.89888","19.22512"
"TZA","Tanzanía","2012","A los bienes y servicios","Ingreso no percibido (Revenue Forgone)","2.89834","27.78047"
"TZA","Tanzanía","2013","A los bienes y servicios","Ingreso no percibido (Revenue Forgone)","2.07682","19.36987"
"TZA","Tanzanía","2014","A los bienes y servicios","Ingreso no percibido (Revenue Forgone)","2.22037","19.53894"
"TZA","Tanzanía","2015","A los bienes y servicios","Ingreso no percibido (Revenue Forgone)","1.72446","16.43513"
"TZA","Tanzanía","2016","A los bienes y servicios","Ingreso no percibido (Revenue Forgone)","1.01542","8.91478"
"TZA","Tanzanía","2017","A los bienes y servicios","Ingreso no percibido (Revenue Forgone)","0.86213","7.38264"
"TZA","Tanzanía","2018","A los bienes y servicios","Ingreso no percibido (Revenue Forgone)","0.98032","8.05455"
"TZA","Tanzanía","2019","A los bienes y servicios","Ingreso no percibido (Revenue Forgone)","0.93829","8.19727"
"TZA","Tanzanía","2020","A los bienes y servicios","Ingreso no percibido (Revenue Forgone)","1.05204","8.67911"
"TZA","Tanzanía","2021","A los bienes y servicios","Ingreso no percibido (Revenue Forgone)","1.02204","9.05612"
"TZA","Tanzanía","2022","A los bienes y servicios","Ingreso no percibido (Revenue Forgone)","1.11358","9.24636"
"TZA","Tanzanía","2023","A los bienes y servicios","Ingreso no percibido (Revenue Forgone)","1.63286","14.38961"
"TZA","Tanzanía","2023","Al ingreso","Ingreso no percibido (Revenue Forgone)","0.00103","0.00904"
"TJK","Tayikistán","2022","Otros","Ingreso no percibido (Revenue Forgone)","10.81562","0.00000"
"TGO","Togo","2019","A los bienes y servicios","Ingreso no percibido (Revenue Forgone)","0.94172","6.93273"
"TGO","Togo","2019","Al ingreso","Ingreso no percibido (Revenue Forgone)","0.44609","3.28400"
"TGO","Togo","2020","A los bienes y servicios","Ingreso no percibido (Revenue Forgone)","1.64193","12.74229"
"TGO","Togo","2020","Al ingreso","Ingreso no percibido (Revenue Forgone)","0.55774","4.32836"
"TGO","Togo","2021","A los bienes y servicios","Ingreso no percibido (Revenue Forgone)","1.55097","10.90972"
"TGO","Togo","2021","Al ingreso","Ingreso no percibido (Revenue Forgone)","0.74956","5.27250"
"TGO","Togo","2021","Otros","Ingreso no percibido (Revenue Forgone)","0.00240","0.01685"
"TGO","Togo","2022","A los bienes y servicios","Ingreso no percibido (Revenue Forgone)","1.55693","10.91611"
"TGO","Togo","2022","Al ingreso","Ingreso no percibido (Revenue Forgone)","0.70291","4.92829"
"TGO","Togo","2022","Otros","Ingreso no percibido (Revenue Forgone)","0.00276","0.01936"
"TGO","Togo","2023","A los bienes y servicios","Ingreso no percibido (Revenue Forgone)","1.92004","13.37127"
"TGO","Togo","2023","Al ingreso","Ingreso no percibido (Revenue Forgone)","0.67657","4.71168"
"TGO","Togo","2023","Otros","Ingreso no percibido (Revenue Forgone)","0.00327","0.02276"
"TON","Tonga","2005","A los bienes y servicios","Ingreso no percibido (Revenue Forgone)","3.40077","17.52226"
"TON","Tonga","2006","A los bienes y servicios","Ingreso no percibido (Revenue Forgone)","1.73562","8.33720"
"TON","Tonga","2007","A los bienes y servicios","Ingreso no percibido (Revenue Forgone)","1.66301","7.88643"
"TON","Tonga","2008","A los bienes y servicios","Ingreso no percibido (Revenue Forgone)","1.31535","6.24313"
"TON","Tonga","2009","A los bienes y servicios","Ingreso no percibido (Revenue Forgone)","1.50259","7.58862"
"TON","Tonga","2010","A los bienes y servicios","Ingreso no percibido (Revenue Forgone)","1.50307","9.15810"
"TON","Tonga","2011","A los bienes y servicios","Ingreso no percibido (Revenue Forgone)","2.40360","13.71680"
"TON","Tonga","2013","A los bienes y servicios","Ingreso no percibido (Revenue Forgone)","3.63985","21.00221"
"TON","Tonga","2014","A los bienes y servicios","Ingreso no percibido (Revenue Forgone)","3.17897","17.89993"
"TON","Tonga","2021","A los bienes y servicios","Ingreso no percibido (Revenue Forgone)","4.87312","23.49620"
"TON","Tonga","2022","A los bienes y servicios","Ingreso no percibido (Revenue Forgone)","4.09583","19.18518"
"TON","Tonga","2023","A los bienes y servicios","Ingreso no percibido (Revenue Forgone)","4.89791","21.72588"
"TON","Tonga","2024","A los bienes y servicios","Ingreso no percibido (Revenue Forgone)","5.26963","0.00000"
"TUR","Turquía","2007","A los bienes y servicios","Ingreso no percibido (Revenue Forgone)","0.00006","0.00036"
"TUR","Turquía","2007","Al ingreso","Ingreso no percibido (Revenue Forgone)","0.00129","0.00807"
"TUR","Turquía","2010","A los bienes y servicios","Ingreso no percibido (Revenue Forgone)","0.00000","0.00000"
"TUR","Turquía","2010","Al ingreso","Ingreso no percibido (Revenue Forgone)","0.00000","0.00000"
"TUR","Turquía","2010","Otros","Ingreso no percibido (Revenue Forgone)","0.00000","0.00000"
"TUR","Turquía","2011","A los bienes y servicios","Ingreso no percibido (Revenue Forgone)","0.00000","0.00000"
"TUR","Turquía","2011","Al ingreso","Ingreso no percibido (Revenue Forgone)","0.00000","0.00000"
"TUR","Turquía","2011","Otros","Ingreso no percibido (Revenue Forgone)","0.00000","0.00000"
"TUR","Turquía","2012","A los bienes y servicios","Ingreso no percibido (Revenue Forgone)","0.00000","0.00000"
"TUR","Turquía","2012","Al ingreso","Ingreso no percibido (Revenue Forgone)","0.00000","0.00000"
"TUR","Turquía","2012","Otros","Ingreso no percibido (Revenue Forgone)","0.00000","0.00000"
"TUR","Turquía","2013","A los bienes y servicios","Ingreso no percibido (Revenue Forgone)","0.00000","0.00000"
"TUR","Turquía","2013","Al ingreso","Ingreso no percibido (Revenue Forgone)","0.00000","0.00000"
"TUR","Turquía","2013","Otros","Ingreso no percibido (Revenue Forgone)","0.00000","0.00000"
"TUR","Turquía","2014","A los bienes y servicios","Ingreso no percibido (Revenue Forgone)","0.00000","0.00000"
"TUR","Turquía","2014","Al ingreso","Ingreso no percibido (Revenue Forgone)","0.00000","0.00000"
"TUR","Turquía","2014","Otros","Ingreso no percibido (Revenue Forgone)","0.00000","0.00000"
"TUR","Turquía","2015","A los bienes y servicios","Ingreso no percibido (Revenue Forgone)","0.00010","0.00063"
"TUR","Turquía","2015","Al ingreso","Ingreso no percibido (Revenue Forgone)","0.00095","0.00618"
"TUR","Turquía","2015","Otros","Ingreso no percibido (Revenue Forgone)","0.00007","0.00045"
"TUR","Turquía","2016","A los bienes y servicios","Ingreso no percibido (Revenue Forgone)","0.00011","0.00069"
"TUR","Turquía","2016","Al ingreso","Ingreso no percibido (Revenue Forgone)","0.00095","0.00615"
"TUR","Turquía","2016","Otros","Ingreso no percibido (Revenue Forgone)","0.00008","0.00055"
"TUR","Turquía","2017","A los bienes y servicios","Ingreso no percibido (Revenue Forgone)","0.00122","0.00807"
"TUR","Turquía","2017","Al ingreso","Ingreso no percibido (Revenue Forgone)","0.00169","0.01116"
"TUR","Turquía","2017","Otros","Ingreso no percibido (Revenue Forgone)","0.00036","0.00236"
"TUR","Turquía","2018","A los bienes y servicios","Ingreso no percibido (Revenue Forgone)","0.00137","0.00948"
"TUR","Turquía","2018","Al ingreso","Ingreso no percibido (Revenue Forgone)","0.00191","0.01319"
"TUR","Turquía","2018","Otros","Ingreso no percibido (Revenue Forgone)","0.00023","0.00157"
"TUR","Turquía","2019","A los bienes y servicios","Ingreso no percibido (Revenue Forgone)","0.00173","0.01260"
"TUR","Turquía","2019","Al ingreso","Ingreso no percibido (Revenue Forgone)","0.00223","0.01624"
"TUR","Turquía","2019","Otros","Ingreso no percibido (Revenue Forgone)","0.00018","0.00130"
"TUR","Turquía","2020","A los bienes y servicios","Ingreso no percibido (Revenue Forgone)","0.00142","0.00979"
"TUR","Turquía","2020","Al ingreso","Ingreso no percibido (Revenue Forgone)","0.00232","0.01596"
"TUR","Turquía","2020","Otros","Ingreso no percibido (Revenue Forgone)","0.00013","0.00091"
"TUR","Turquía","2021","A los bienes y servicios","Ingreso no percibido (Revenue Forgone)","0.00113","0.00801"
"TUR","Turquía","2021","Al ingreso","Ingreso no percibido (Revenue Forgone)","0.00183","0.01299"
"TUR","Turquía","2021","Otros","Ingreso no percibido (Revenue Forgone)","0.00010","0.00074"
"TUR","Turquía","2022","A los bienes y servicios","Ingreso no percibido (Revenue Forgone)","0.00065","0.00469"
"TUR","Turquía","2022","Al ingreso","Ingreso no percibido (Revenue Forgone)","0.00143","0.01034"
"TUR","Turquía","2022","Otros","Ingreso no percibido (Revenue Forgone)","0.00017","0.00120"
"TUR","Turquía","2023","A los bienes y servicios","Ingreso no percibido (Revenue Forgone)","0.00078","0.00523"
"TUR","Turquía","2023","Al ingreso","Ingreso no percibido (Revenue Forgone)","0.00273","0.01822"
"TUR","Turquía","2023","Otros","Ingreso no percibido (Revenue Forgone)","0.00023","0.00157"
"TUR","Turquía","2024","A los bienes y servicios","Ingreso no percibido (Revenue Forgone)","0.00093","0.00000"
"TUR","Turquía","2024","Al ingreso","Ingreso no percibido (Revenue Forgone)","0.00383","0.00000"
"TUR","Turquía","2024","Otros","Ingreso no percibido (Revenue Forgone)","0.00033","0.00000"
"TUR","Turquía","2025","A los bienes y servicios","Ingreso no percibido (Revenue Forgone)","1.08690","0.00000"
"TUR","Turquía","2025","Al ingreso","Ingreso no percibido (Revenue Forgone)","3.52726","0.00000"
"TUR","Turquía","2025","Otros","Ingreso no percibido (Revenue Forgone)","0.38832","0.00000"
"TUR","Turquía","2026","A los bienes y servicios","Ingreso no percibido (Revenue Forgone)","0.00000","0.00000"
"TUR","Turquía","2026","Al ingreso","Ingreso no percibido (Revenue Forgone)","0.00000","0.00000"
"TUR","Turquía","2026","Otros","Ingreso no percibido (Revenue Forgone)","0.00000","0.00000"
"TUR","Turquía","2027","A los bienes y servicios","Ingreso no percibido (Revenue Forgone)","0.00000","0.00000"
"TUR","Turquía","2027","Al ingreso","Ingreso no percibido (Revenue Forgone)","0.00000","0.00000"
"TUR","Turquía","2027","Otros","Ingreso no percibido (Revenue Forgone)","0.00000","0.00000"
"TUN","Túnez","2019","A los bienes y servicios","Ingreso no percibido (Revenue Forgone)","4.83242","21.01404"
"TUN","Túnez","2019","Al ingreso","Ingreso no percibido (Revenue Forgone)","0.50235","2.18449"
"TUN","Túnez","2020","A los bienes y servicios","Ingreso no percibido (Revenue Forgone)","3.56303","15.86015"
"TUN","Túnez","2020","Al ingreso","Ingreso no percibido (Revenue Forgone)","0.44974","2.00192"
"TUN","Túnez","2021","A los bienes y servicios","Ingreso no percibido (Revenue Forgone)","4.15250","18.19751"
"TUN","Túnez","2021","Al ingreso","Ingreso no percibido (Revenue Forgone)","0.33727","1.47801"
"TUN","Túnez","2022","A los bienes y servicios","Ingreso no percibido (Revenue Forgone)","4.28680","17.01931"
"TUN","Túnez","2022","Al ingreso","Ingreso no percibido (Revenue Forgone)","0.30899","1.22673"
"UKR","Ucrania","2004","A los bienes y servicios","Ingreso no percibido (Revenue Forgone)","1.57401","11.19719"
"UKR","Ucrania","2004","Al ingreso","Ingreso no percibido (Revenue Forgone)","0.10886","0.77442"
"UKR","Ucrania","2004","Otros","Ingreso no percibido (Revenue Forgone)","0.30123","2.14291"
"UKR","Ucrania","2005","A los bienes y servicios","Ingreso no percibido (Revenue Forgone)","1.50447","8.36618"
"UKR","Ucrania","2005","Al ingreso","Ingreso no percibido (Revenue Forgone)","0.08624","0.47959"
"UKR","Ucrania","2005","Otros","Ingreso no percibido (Revenue Forgone)","0.31075","1.72805"
"UKR","Ucrania","2006","A los bienes y servicios","Ingreso no percibido (Revenue Forgone)","1.37056","7.35334"
"UKR","Ucrania","2006","Al ingreso","Ingreso no percibido (Revenue Forgone)","0.11355","0.60924"
"UKR","Ucrania","2006","Otros","Ingreso no percibido (Revenue Forgone)","0.25727","1.38031"
"UKR","Ucrania","2007","A los bienes y servicios","Ingreso no percibido (Revenue Forgone)","1.50422","8.71103"
"UKR","Ucrania","2007","Al ingreso","Ingreso no percibido (Revenue Forgone)","0.13019","0.75395"
"UKR","Ucrania","2007","Otros","Ingreso no percibido (Revenue Forgone)","0.23696","1.37222"
"UKR","Ucrania","2008","A los bienes y servicios","Ingreso no percibido (Revenue Forgone)","0.80413","4.53163"
"UKR","Ucrania","2008","Al ingreso","Ingreso no percibido (Revenue Forgone)","0.14311","0.80652"
"UKR","Ucrania","2008","Otros","Ingreso no percibido (Revenue Forgone)","0.29872","1.68345"
"UKR","Ucrania","2009","A los bienes y servicios","Ingreso no percibido (Revenue Forgone)","1.91777","11.69906"
"UKR","Ucrania","2009","Al ingreso","Ingreso no percibido (Revenue Forgone)","0.20995","1.28075"
"UKR","Ucrania","2009","Otros","Ingreso no percibido (Revenue Forgone)","0.35286","2.15258"
"UKR","Ucrania","2010","A los bienes y servicios","Ingreso no percibido (Revenue Forgone)","2.09487","13.45413"
"UKR","Ucrania","2010","Al ingreso","Ingreso no percibido (Revenue Forgone)","0.30965","1.98873"
"UKR","Ucrania","2010","Otros","Ingreso no percibido (Revenue Forgone)","0.33093","2.12540"
"UKR","Ucrania","2012","A los bienes y servicios","Ingreso no percibido (Revenue Forgone)","2.25869","12.33140"
"UKR","Ucrania","2012","Al ingreso","Ingreso no percibido (Revenue Forgone)","1.07560","5.87226"
"UKR","Ucrania","2012","Otros","Ingreso no percibido (Revenue Forgone)","0.02550","0.13921"
"UKR","Ucrania","2013","A los bienes y servicios","Ingreso no percibido (Revenue Forgone)","2.26109","12.87536"
"UKR","Ucrania","2013","Al ingreso","Ingreso no percibido (Revenue Forgone)","0.94857","5.40149"
"UKR","Ucrania","2013","Otros","Ingreso no percibido (Revenue Forgone)","0.03178","0.18096"
"UKR","Ucrania","2014","A los bienes y servicios","Ingreso no percibido (Revenue Forgone)","2.08992","12.08444"
"UKR","Ucrania","2014","Al ingreso","Ingreso no percibido (Revenue Forgone)","0.20419","1.18070"
"UKR","Ucrania","2014","Otros","Ingreso no percibido (Revenue Forgone)","0.00782","0.04520"
"UKR","Ucrania","2015","A los bienes y servicios","Ingreso no percibido (Revenue Forgone)","2.58276","12.62876"
"UKR","Ucrania","2015","Al ingreso","Ingreso no percibido (Revenue Forgone)","0.01192","0.05827"
"UKR","Ucrania","2015","Otros","Ingreso no percibido (Revenue Forgone)","0.18894","0.92385"
"UKR","Ucrania","2016","A los bienes y servicios","Ingreso no percibido (Revenue Forgone)","1.03450","5.26995"
"UKR","Ucrania","2016","Al ingreso","Ingreso no percibido (Revenue Forgone)","0.01159","0.05905"
"UKR","Ucrania","2016","Otros","Ingreso no percibido (Revenue Forgone)","0.22027","1.12209"
"UKR","Ucrania","2017","A los bienes y servicios","Ingreso no percibido (Revenue Forgone)","0.53346","2.66035"
"UKR","Ucrania","2017","Al ingreso","Ingreso no percibido (Revenue Forgone)","0.03970","0.19797"
"UKR","Ucrania","2017","Otros","Ingreso no percibido (Revenue Forgone)","0.26522","1.32263"
"UKR","Ucrania","2018","A los bienes y servicios","Ingreso no percibido (Revenue Forgone)","0.47361","2.35128"
"UKR","Ucrania","2018","Al ingreso","Ingreso no percibido (Revenue Forgone)","0.03623","0.17988"
"UKR","Ucrania","2018","Otros","Ingreso no percibido (Revenue Forgone)","0.22182","1.10125"
"UKR","Ucrania","2019","A los bienes y servicios","Ingreso no percibido (Revenue Forgone)","0.70789","3.68766"
"UKR","Ucrania","2019","Al ingreso","Ingreso no percibido (Revenue Forgone)","0.02604","0.13566"
"UKR","Ucrania","2019","Otros","Ingreso no percibido (Revenue Forgone)","0.23208","1.20898"
"UKR","Ucrania","2020","A los bienes y servicios","Ingreso no percibido (Revenue Forgone)","0.63550","3.31828"
"UKR","Ucrania","2020","Al ingreso","Ingreso no percibido (Revenue Forgone)","0.04557","0.23795"
"UKR","Ucrania","2020","Otros","Ingreso no percibido (Revenue Forgone)","0.31537","1.64672"
"UKR","Ucrania","2021","A los bienes y servicios","Ingreso no percibido (Revenue Forgone)","0.65873","3.45203"
"UKR","Ucrania","2021","Al ingreso","Ingreso no percibido (Revenue Forgone)","0.03263","0.17101"
"UKR","Ucrania","2021","Otros","Ingreso no percibido (Revenue Forgone)","0.24635","1.29097"
"UKR","Ucrania","2022","A los bienes y servicios","Ingreso no percibido (Revenue Forgone)","0.97525","5.84281"
"UKR","Ucrania","2022","Al ingreso","Ingreso no percibido (Revenue Forgone)","0.03074","0.18415"
"UKR","Ucrania","2022","Otros","Ingreso no percibido (Revenue Forgone)","0.29322","1.75667"
"UKR","Ucrania","2023","A los bienes y servicios","Ingreso no percibido (Revenue Forgone)","1.35640","0.00000"
"UKR","Ucrania","2023","Al ingreso","Ingreso no percibido (Revenue Forgone)","0.07590","0.00000"
"UKR","Ucrania","2023","Otros","Ingreso no percibido (Revenue Forgone)","0.34560","0.00000"
"UGA","Uganda","2017","A los bienes y servicios","Ingreso no percibido (Revenue Forgone)","0.66443","6.09714"
"UGA","Uganda","2017","Al ingreso","Ingreso no percibido (Revenue Forgone)","0.16634","1.52644"
"UGA","Uganda","2018","A los bienes y servicios","Ingreso no percibido (Revenue Forgone)","0.85639","7.72755"
"UGA","Uganda","2018","Al ingreso","Ingreso no percibido (Revenue Forgone)","0.18247","1.64648"
"UGA","Uganda","2019","A los bienes y servicios","Ingreso no percibido (Revenue Forgone)","1.13381","9.84685"
"UGA","Uganda","2019","Al ingreso","Ingreso no percibido (Revenue Forgone)","0.35079","3.04650"
"UGA","Uganda","2020","A los bienes y servicios","Ingreso no percibido (Revenue Forgone)","1.02078","8.99434"
"UGA","Uganda","2020","Al ingreso","Ingreso no percibido (Revenue Forgone)","0.44404","3.91252"
"UGA","Uganda","2021","A los bienes y servicios","Ingreso no percibido (Revenue Forgone)","1.15219","9.58400"
"UGA","Uganda","2021","Al ingreso","Ingreso no percibido (Revenue Forgone)","0.41679","3.46689"
"UGA","Uganda","2022","A los bienes y servicios","Ingreso no percibido (Revenue Forgone)","1.17653","9.98295"
"UGA","Uganda","2022","Al ingreso","Ingreso no percibido (Revenue Forgone)","0.35207","2.98738"
"UGA","Uganda","2023","A los bienes y servicios","Ingreso no percibido (Revenue Forgone)","1.11734","0.00000"
"UGA","Uganda","2023","Al ingreso","Ingreso no percibido (Revenue Forgone)","0.41833","0.00000"
"URY","Uruguay","2005","A los bienes y servicios","Ingreso no percibido (Revenue Forgone)","3.00789","14.09035"
"URY","Uruguay","2005","Al ingreso","Ingreso no percibido (Revenue Forgone)","0.48158","2.25593"
"URY","Uruguay","2005","Otros","Ingreso no percibido (Revenue Forgone)","0.53808","2.52063"
"URY","Uruguay","2006","A los bienes y servicios","Ingreso no percibido (Revenue Forgone)","2.99381","13.26759"
"URY","Uruguay","2006","Al ingreso","Ingreso no percibido (Revenue Forgone)","0.31601","1.40045"
"URY","Uruguay","2006","Otros","Ingreso no percibido (Revenue Forgone)","0.61238","2.71386"
"URY","Uruguay","2007","A los bienes y servicios","Ingreso no percibido (Revenue Forgone)","2.69089","12.27289"
"URY","Uruguay","2007","Al ingreso","Ingreso no percibido (Revenue Forgone)","0.71448","3.25868"
"URY","Uruguay","2007","Otros","Ingreso no percibido (Revenue Forgone)","0.63207","2.88282"
"URY","Uruguay","2008","A los bienes y servicios","Ingreso no percibido (Revenue Forgone)","2.62985","11.91743"
"URY","Uruguay","2008","Al ingreso","Ingreso no percibido (Revenue Forgone)","1.65843","7.51534"
"URY","Uruguay","2008","Otros","Ingreso no percibido (Revenue Forgone)","0.91034","4.12531"
"URY","Uruguay","2009","A los bienes y servicios","Ingreso no percibido (Revenue Forgone)","2.38260","9.48817"
"URY","Uruguay","2009","Al ingreso","Ingreso no percibido (Revenue Forgone)","1.66034","6.61194"
"URY","Uruguay","2009","Otros","Ingreso no percibido (Revenue Forgone)","0.98316","3.91522"
"URY","Uruguay","2010","A los bienes y servicios","Ingreso no percibido (Revenue Forgone)","2.50448","9.83983"
"URY","Uruguay","2010","Al ingreso","Ingreso no percibido (Revenue Forgone)","2.12913","8.36510"
"URY","Uruguay","2010","Otros","Ingreso no percibido (Revenue Forgone)","0.94173","3.69995"
"URY","Uruguay","2011","A los bienes y servicios","Ingreso no percibido (Revenue Forgone)","2.70945","10.47467"
"URY","Uruguay","2011","Al ingreso","Ingreso no percibido (Revenue Forgone)","1.94383","7.51479"
"URY","Uruguay","2011","Otros","Ingreso no percibido (Revenue Forgone)","0.97187","3.75723"
"URY","Uruguay","2012","A los bienes y servicios","Ingreso no percibido (Revenue Forgone)","2.77141","10.61935"
"URY","Uruguay","2012","Al ingreso","Ingreso no percibido (Revenue Forgone)","2.13820","8.19302"
"URY","Uruguay","2012","Otros","Ingreso no percibido (Revenue Forgone)","1.14206","4.37608"
"URY","Uruguay","2013","A los bienes y servicios","Ingreso no percibido (Revenue Forgone)","2.85837","10.70974"
"URY","Uruguay","2013","Al ingreso","Ingreso no percibido (Revenue Forgone)","1.85357","6.94496"
"URY","Uruguay","2013","Otros","Ingreso no percibido (Revenue Forgone)","1.11596","4.18128"
"URY","Uruguay","2014","A los bienes y servicios","Ingreso no percibido (Revenue Forgone)","3.10280","11.65753"
"URY","Uruguay","2014","Al ingreso","Ingreso no percibido (Revenue Forgone)","1.57309","5.91025"
"URY","Uruguay","2014","Otros","Ingreso no percibido (Revenue Forgone)","1.03718","3.89679"
"URY","Uruguay","2015","A los bienes y servicios","Ingreso no percibido (Revenue Forgone)","3.32863","12.57952"
"URY","Uruguay","2015","Al ingreso","Ingreso no percibido (Revenue Forgone)","1.64145","6.20336"
"URY","Uruguay","2015","Otros","Ingreso no percibido (Revenue Forgone)","1.07160","4.04977"
"URY","Uruguay","2016","A los bienes y servicios","Ingreso no percibido (Revenue Forgone)","3.37883","10.76923"
"URY","Uruguay","2016","Al ingreso","Ingreso no percibido (Revenue Forgone)","1.46873","4.68123"
"URY","Uruguay","2016","Otros","Ingreso no percibido (Revenue Forgone)","1.06299","3.38804"
"URY","Uruguay","2017","A los bienes y servicios","Ingreso no percibido (Revenue Forgone)","3.16312","11.32407"
"URY","Uruguay","2017","Al ingreso","Ingreso no percibido (Revenue Forgone)","1.49162","5.34005"
"URY","Uruguay","2017","Otros","Ingreso no percibido (Revenue Forgone)","1.03755","3.71445"
"URY","Uruguay","2018","A los bienes y servicios","Ingreso no percibido (Revenue Forgone)","3.12159","11.07430"
"URY","Uruguay","2018","Al ingreso","Ingreso no percibido (Revenue Forgone)","1.43943","5.10659"
"URY","Uruguay","2018","Otros","Ingreso no percibido (Revenue Forgone)","1.06100","3.76405"
"URY","Uruguay","2019","A los bienes y servicios","Ingreso no percibido (Revenue Forgone)","2.97437","11.52702"
"URY","Uruguay","2019","Al ingreso","Ingreso no percibido (Revenue Forgone)","1.55128","6.01191"
"URY","Uruguay","2019","Otros","Ingreso no percibido (Revenue Forgone)","1.02143","3.95852"
"URY","Uruguay","2020","A los bienes y servicios","Ingreso no percibido (Revenue Forgone)","2.72769","10.17925"
"URY","Uruguay","2020","Al ingreso","Ingreso no percibido (Revenue Forgone)","1.74240","6.50232"
"URY","Uruguay","2020","Otros","Ingreso no percibido (Revenue Forgone)","1.37401","5.12756"
"URY","Uruguay","2021","A los bienes y servicios","Ingreso no percibido (Revenue Forgone)","2.63340","10.04132"
"URY","Uruguay","2021","Al ingreso","Ingreso no percibido (Revenue Forgone)","2.11275","8.05604"
"URY","Uruguay","2021","Otros","Ingreso no percibido (Revenue Forgone)","1.51270","5.76801"
"URY","Uruguay","2022","A los bienes y servicios","Ingreso no percibido (Revenue Forgone)","2.94311","10.99428"
"URY","Uruguay","2022","Al ingreso","Ingreso no percibido (Revenue Forgone)","2.17363","8.11981"
"URY","Uruguay","2022","Otros","Ingreso no percibido (Revenue Forgone)","1.40745","5.25768"
"URY","Uruguay","2023","A los bienes y servicios","Ingreso no percibido (Revenue Forgone)","3.09515","0.00000"
"URY","Uruguay","2023","Al ingreso","Ingreso no percibido (Revenue Forgone)","2.19806","0.00000"
"URY","Uruguay","2023","Otros","Ingreso no percibido (Revenue Forgone)","1.48969","0.00000"
"ZMB","Zambia","2022","A los bienes y servicios","Ingreso no percibido (Revenue Forgone)","2.52182","15.67063"
"ZMB","Zambia","2022","Al ingreso","Ingreso no percibido (Revenue Forgone)","0.00099","0.00616"
"ZMB","Zambia","2023","A los bienes y servicios","Ingreso no percibido (Revenue Forgone)","0.88171","5.32003"
"ZMB","Zambia","2023","Al ingreso","Ingreso no percibido (Revenue Forgone)","0.67161","4.05235"
