"geocodigoFundar","geonombreFundar","anio","sector_institucional","indicador","valor"
"DEU","Alemania","1990","European institutions and bodies (EU accounts)","Porcentaje del total","0.91136"
"DEU","Alemania","1990","Fondos de seguridad social","Porcentaje del total","37.48080"
"DEU","Alemania","1990","Gobierno municipal local","Porcentaje del total","8.45305"
"DEU","Alemania","1990","Gobierno nacional","Porcentaje del total","31.65063"
"DEU","Alemania","1990","Gobierno provincial o regional","Porcentaje del total","21.50416"
"DEU","Alemania","1991","European institutions and bodies (EU accounts)","Porcentaje del total","0.87793"
"DEU","Alemania","1991","Fondos de seguridad social","Porcentaje del total","38.20623"
"DEU","Alemania","1991","Gobierno municipal local","Porcentaje del total","7.83715"
"DEU","Alemania","1991","Gobierno nacional","Porcentaje del total","32.24698"
"DEU","Alemania","1991","Gobierno provincial o regional","Porcentaje del total","20.83171"
"DEU","Alemania","1992","European institutions and bodies (EU accounts)","Porcentaje del total","0.73945"
"DEU","Alemania","1992","Fondos de seguridad social","Porcentaje del total","37.98372"
"DEU","Alemania","1992","Gobierno municipal local","Porcentaje del total","7.83936"
"DEU","Alemania","1992","Gobierno nacional","Porcentaje del total","32.44250"
"DEU","Alemania","1992","Gobierno provincial o regional","Porcentaje del total","20.99497"
"DEU","Alemania","1993","European institutions and bodies (EU accounts)","Porcentaje del total","0.67601"
"DEU","Alemania","1993","Fondos de seguridad social","Porcentaje del total","38.36501"
"DEU","Alemania","1993","Gobierno municipal local","Porcentaje del total","7.93988"
"DEU","Alemania","1993","Gobierno nacional","Porcentaje del total","31.41935"
"DEU","Alemania","1993","Gobierno provincial o regional","Porcentaje del total","21.59974"
"DEU","Alemania","1994","European institutions and bodies (EU accounts)","Porcentaje del total","0.63924"
"DEU","Alemania","1994","Fondos de seguridad social","Porcentaje del total","38.74040"
"DEU","Alemania","1994","Gobierno municipal local","Porcentaje del total","7.65494"
"DEU","Alemania","1994","Gobierno nacional","Porcentaje del total","31.74038"
"DEU","Alemania","1994","Gobierno provincial o regional","Porcentaje del total","21.22505"
"DEU","Alemania","1995","European institutions and bodies (EU accounts)","Porcentaje del total","0.59708"
"DEU","Alemania","1995","Fondos de seguridad social","Porcentaje del total","38.96283"
"DEU","Alemania","1995","Gobierno municipal local","Porcentaje del total","7.36465"
"DEU","Alemania","1995","Gobierno nacional","Porcentaje del total","31.43171"
"DEU","Alemania","1995","Gobierno provincial o regional","Porcentaje del total","21.64373"
"DEU","Alemania","1996","European institutions and bodies (EU accounts)","Porcentaje del total","0.54854"
"DEU","Alemania","1996","Fondos de seguridad social","Porcentaje del total","40.25191"
"DEU","Alemania","1996","Gobierno municipal local","Porcentaje del total","7.33703"
"DEU","Alemania","1996","Gobierno nacional","Porcentaje del total","29.72526"
"DEU","Alemania","1996","Gobierno provincial o regional","Porcentaje del total","22.13726"
"DEU","Alemania","1997","European institutions and bodies (EU accounts)","Porcentaje del total","0.55535"
"DEU","Alemania","1997","Fondos de seguridad social","Porcentaje del total","41.16218"
"DEU","Alemania","1997","Gobierno municipal local","Porcentaje del total","7.39626"
"DEU","Alemania","1997","Gobierno nacional","Porcentaje del total","29.24086"
"DEU","Alemania","1997","Gobierno provincial o regional","Porcentaje del total","21.64536"
"DEU","Alemania","1998","European institutions and bodies (EU accounts)","Porcentaje del total","0.50640"
"DEU","Alemania","1998","Fondos de seguridad social","Porcentaje del total","40.46347"
"DEU","Alemania","1998","Gobierno municipal local","Porcentaje del total","7.88165"
"DEU","Alemania","1998","Gobierno nacional","Porcentaje del total","29.31230"
"DEU","Alemania","1998","Gobierno provincial o regional","Porcentaje del total","21.83618"
"DEU","Alemania","1999","European institutions and bodies (EU accounts)","Porcentaje del total","0.47363"
"DEU","Alemania","1999","Fondos de seguridad social","Porcentaje del total","39.27120"
"DEU","Alemania","1999","Gobierno municipal local","Porcentaje del total","7.91437"
"DEU","Alemania","1999","Gobierno nacional","Porcentaje del total","30.29951"
"DEU","Alemania","1999","Gobierno provincial o regional","Porcentaje del total","22.04130"
"DEU","Alemania","2000","European institutions and bodies (EU accounts)","Porcentaje del total","0.48824"
"DEU","Alemania","2000","Fondos de seguridad social","Porcentaje del total","39.03808"
"DEU","Alemania","2000","Gobierno municipal local","Porcentaje del total","7.42612"
"DEU","Alemania","2000","Gobierno nacional","Porcentaje del total","30.61578"
"DEU","Alemania","2000","Gobierno provincial o regional","Porcentaje del total","22.43179"
"DEU","Alemania","2001","European institutions and bodies (EU accounts)","Porcentaje del total","0.44671"
"DEU","Alemania","2001","Fondos de seguridad social","Porcentaje del total","39.75674"
"DEU","Alemania","2001","Gobierno municipal local","Porcentaje del total","7.29449"
"DEU","Alemania","2001","Gobierno nacional","Porcentaje del total","30.55083"
"DEU","Alemania","2001","Gobierno provincial o regional","Porcentaje del total","21.95123"
"DEU","Alemania","2002","European institutions and bodies (EU accounts)","Porcentaje del total","0.42230"
"DEU","Alemania","2002","Fondos de seguridad social","Porcentaje del total","40.27370"
"DEU","Alemania","2002","Gobierno municipal local","Porcentaje del total","6.95819"
"DEU","Alemania","2002","Gobierno nacional","Porcentaje del total","30.58624"
"DEU","Alemania","2002","Gobierno provincial o regional","Porcentaje del total","21.75957"
"DEU","Alemania","2003","European institutions and bodies (EU accounts)","Porcentaje del total","0.39823"
"DEU","Alemania","2003","Fondos de seguridad social","Porcentaje del total","40.50885"
"DEU","Alemania","2003","Gobierno municipal local","Porcentaje del total","6.77863"
"DEU","Alemania","2003","Gobierno nacional","Porcentaje del total","30.74401"
"DEU","Alemania","2003","Gobierno provincial o regional","Porcentaje del total","21.57028"
"DEU","Alemania","2004","European institutions and bodies (EU accounts)","Porcentaje del total","0.40587"
"DEU","Alemania","2004","Fondos de seguridad social","Porcentaje del total","40.08445"
"DEU","Alemania","2004","Gobierno municipal local","Porcentaje del total","7.12259"
"DEU","Alemania","2004","Gobierno nacional","Porcentaje del total","29.96648"
"DEU","Alemania","2004","Gobierno provincial o regional","Porcentaje del total","22.42061"
"DEU","Alemania","2005","European institutions and bodies (EU accounts)","Porcentaje del total","0.46527"
"DEU","Alemania","2005","Fondos de seguridad social","Porcentaje del total","39.29153"
"DEU","Alemania","2005","Gobierno municipal local","Porcentaje del total","7.48283"
"DEU","Alemania","2005","Gobierno nacional","Porcentaje del total","30.60055"
"DEU","Alemania","2005","Gobierno provincial o regional","Porcentaje del total","22.15980"
"DEU","Alemania","2006","European institutions and bodies (EU accounts)","Porcentaje del total","0.48580"
"DEU","Alemania","2006","Fondos de seguridad social","Porcentaje del total","37.74023"
"DEU","Alemania","2006","Gobierno municipal local","Porcentaje del total","7.99565"
"DEU","Alemania","2006","Gobierno nacional","Porcentaje del total","30.96194"
"DEU","Alemania","2006","Gobierno provincial o regional","Porcentaje del total","22.81638"
"DEU","Alemania","2007","European institutions and bodies (EU accounts)","Porcentaje del total","0.41972"
"DEU","Alemania","2007","Fondos de seguridad social","Porcentaje del total","35.94816"
"DEU","Alemania","2007","Gobierno municipal local","Porcentaje del total","8.08422"
"DEU","Alemania","2007","Gobierno nacional","Porcentaje del total","32.09154"
"DEU","Alemania","2007","Gobierno provincial o regional","Porcentaje del total","23.45636"
"DEU","Alemania","2008","European institutions and bodies (EU accounts)","Porcentaje del total","0.41973"
"DEU","Alemania","2008","Fondos de seguridad social","Porcentaje del total","35.64772"
"DEU","Alemania","2008","Gobierno municipal local","Porcentaje del total","8.26477"
"DEU","Alemania","2008","Gobierno nacional","Porcentaje del total","32.10553"
"DEU","Alemania","2008","Gobierno provincial o regional","Porcentaje del total","23.56224"
"DEU","Alemania","2009","European institutions and bodies (EU accounts)","Porcentaje del total","0.38045"
"DEU","Alemania","2009","Fondos de seguridad social","Porcentaje del total","37.96251"
"DEU","Alemania","2009","Gobierno municipal local","Porcentaje del total","7.51262"
"DEU","Alemania","2009","Gobierno nacional","Porcentaje del total","31.98171"
"DEU","Alemania","2009","Gobierno provincial o regional","Porcentaje del total","22.16271"
"DEU","Alemania","2010","European institutions and bodies (EU accounts)","Porcentaje del total","0.46117"
"DEU","Alemania","2010","Fondos de seguridad social","Porcentaje del total","38.52029"
"DEU","Alemania","2010","Gobierno municipal local","Porcentaje del total","7.61491"
"DEU","Alemania","2010","Gobierno nacional","Porcentaje del total","31.72760"
"DEU","Alemania","2010","Gobierno provincial o regional","Porcentaje del total","21.67603"
"DEU","Alemania","2011","European institutions and bodies (EU accounts)","Porcentaje del total","0.46766"
"DEU","Alemania","2011","Fondos de seguridad social","Porcentaje del total","37.70254"
"DEU","Alemania","2011","Gobierno municipal local","Porcentaje del total","7.74377"
"DEU","Alemania","2011","Gobierno nacional","Porcentaje del total","32.40555"
"DEU","Alemania","2011","Gobierno provincial o regional","Porcentaje del total","21.68048"
"DEU","Alemania","2012","European institutions and bodies (EU accounts)","Porcentaje del total","0.43720"
"DEU","Alemania","2012","Fondos de seguridad social","Porcentaje del total","37.38002"
"DEU","Alemania","2012","Gobierno municipal local","Porcentaje del total","7.85926"
"DEU","Alemania","2012","Gobierno nacional","Porcentaje del total","32.26638"
"DEU","Alemania","2012","Gobierno provincial o regional","Porcentaje del total","22.05714"
"DEU","Alemania","2013","European institutions and bodies (EU accounts)","Porcentaje del total","0.40655"
"DEU","Alemania","2013","Fondos de seguridad social","Porcentaje del total","37.04581"
"DEU","Alemania","2013","Gobierno municipal local","Porcentaje del total","7.89762"
"DEU","Alemania","2013","Gobierno nacional","Porcentaje del total","32.48798"
"DEU","Alemania","2013","Gobierno provincial o regional","Porcentaje del total","22.16204"
"DEU","Alemania","2014","European institutions and bodies (EU accounts)","Porcentaje del total","0.41049"
"DEU","Alemania","2014","Fondos de seguridad social","Porcentaje del total","37.02463"
"DEU","Alemania","2014","Gobierno municipal local","Porcentaje del total","7.85814"
"DEU","Alemania","2014","Gobierno nacional","Porcentaje del total","32.45961"
"DEU","Alemania","2014","Gobierno provincial o regional","Porcentaje del total","22.24713"
"DEU","Alemania","2015","European institutions and bodies (EU accounts)","Porcentaje del total","0.59017"
"DEU","Alemania","2015","Fondos de seguridad social","Porcentaje del total","36.89363"
"DEU","Alemania","2015","Gobierno municipal local","Porcentaje del total","7.97807"
"DEU","Alemania","2015","Gobierno nacional","Porcentaje del total","31.91930"
"DEU","Alemania","2015","Gobierno provincial o regional","Porcentaje del total","22.61882"
"DEU","Alemania","2016","European institutions and bodies (EU accounts)","Porcentaje del total","0.57370"
"DEU","Alemania","2016","Fondos de seguridad social","Porcentaje del total","36.88516"
"DEU","Alemania","2016","Gobierno municipal local","Porcentaje del total","8.16823"
"DEU","Alemania","2016","Gobierno nacional","Porcentaje del total","31.11176"
"DEU","Alemania","2016","Gobierno provincial o regional","Porcentaje del total","23.26115"
"DEU","Alemania","2017","European institutions and bodies (EU accounts)","Porcentaje del total","0.53561"
"DEU","Alemania","2017","Fondos de seguridad social","Porcentaje del total","37.11268"
"DEU","Alemania","2017","Gobierno municipal local","Porcentaje del total","8.26177"
"DEU","Alemania","2017","Gobierno nacional","Porcentaje del total","31.01582"
"DEU","Alemania","2017","Gobierno provincial o regional","Porcentaje del total","23.07412"
"DEU","Alemania","2018","European institutions and bodies (EU accounts)","Porcentaje del total","0.53149"
"DEU","Alemania","2018","Fondos de seguridad social","Porcentaje del total","36.96779"
"DEU","Alemania","2018","Gobierno municipal local","Porcentaje del total","8.32282"
"DEU","Alemania","2018","Gobierno nacional","Porcentaje del total","30.91010"
"DEU","Alemania","2018","Gobierno provincial o regional","Porcentaje del total","23.26780"
"DEU","Alemania","2019","European institutions and bodies (EU accounts)","Porcentaje del total","0.51770"
"DEU","Alemania","2019","Fondos de seguridad social","Porcentaje del total","37.19111"
"DEU","Alemania","2019","Gobierno municipal local","Porcentaje del total","8.30394"
"DEU","Alemania","2019","Gobierno nacional","Porcentaje del total","30.61930"
"DEU","Alemania","2019","Gobierno provincial o regional","Porcentaje del total","23.36795"
"DEU","Alemania","2020","European institutions and bodies (EU accounts)","Porcentaje del total","0.52933"
"DEU","Alemania","2020","Fondos de seguridad social","Porcentaje del total","38.93843"
"DEU","Alemania","2020","Gobierno municipal local","Porcentaje del total","8.08292"
"DEU","Alemania","2020","Gobierno nacional","Porcentaje del total","28.92667"
"DEU","Alemania","2020","Gobierno provincial o regional","Porcentaje del total","23.52265"
"DEU","Alemania","2021","European institutions and bodies (EU accounts)","Porcentaje del total","0.54177"
"DEU","Alemania","2021","Fondos de seguridad social","Porcentaje del total","37.15908"
"DEU","Alemania","2021","Gobierno municipal local","Porcentaje del total","8.68107"
"DEU","Alemania","2021","Gobierno nacional","Porcentaje del total","29.16233"
"DEU","Alemania","2021","Gobierno provincial o regional","Porcentaje del total","24.45575"
"DEU","Alemania","2022","European institutions and bodies (EU accounts)","Porcentaje del total","0.65377"
"DEU","Alemania","2022","Fondos de seguridad social","Porcentaje del total","36.76878"
"DEU","Alemania","2022","Gobierno municipal local","Porcentaje del total","8.87601"
"DEU","Alemania","2022","Gobierno nacional","Porcentaje del total","28.96326"
"DEU","Alemania","2022","Gobierno provincial o regional","Porcentaje del total","24.73818"
"DEU","Alemania","2023","European institutions and bodies (EU accounts)","Porcentaje del total","0.52600"
"DEU","Alemania","2023","Fondos de seguridad social","Porcentaje del total","38.40429"
"DEU","Alemania","2023","Gobierno municipal local","Porcentaje del total","8.90014"
"DEU","Alemania","2023","Gobierno nacional","Porcentaje del total","28.45571"
"DEU","Alemania","2023","Gobierno provincial o regional","Porcentaje del total","23.71386"
"DEU","Alemania","2024","European institutions and bodies (EU accounts)","Porcentaje del total","0.33920"
"DEU","Alemania","2024","Fondos de seguridad social","Porcentaje del total","39.08438"
"DEU","Alemania","2024","Gobierno municipal local","Porcentaje del total","8.74188"
"DEU","Alemania","2024","Gobierno nacional","Porcentaje del total","28.50106"
"DEU","Alemania","2024","Gobierno provincial o regional","Porcentaje del total","23.33349"
"ATG","Antigua y Barbuda","1991","Gobierno nacional","Porcentaje del total","100.00000"
"ATG","Antigua y Barbuda","1992","Gobierno nacional","Porcentaje del total","100.00000"
"ATG","Antigua y Barbuda","1993","Gobierno nacional","Porcentaje del total","100.00000"
"ATG","Antigua y Barbuda","1994","Gobierno nacional","Porcentaje del total","100.00000"
"ATG","Antigua y Barbuda","1995","Gobierno nacional","Porcentaje del total","100.00000"
"ATG","Antigua y Barbuda","1996","Gobierno nacional","Porcentaje del total","100.00000"
"ATG","Antigua y Barbuda","1997","Gobierno nacional","Porcentaje del total","100.00000"
"ATG","Antigua y Barbuda","1998","Gobierno nacional","Porcentaje del total","100.00000"
"ATG","Antigua y Barbuda","1999","Gobierno nacional","Porcentaje del total","100.00000"
"ATG","Antigua y Barbuda","2000","Gobierno nacional","Porcentaje del total","100.00000"
"ATG","Antigua y Barbuda","2001","Gobierno nacional","Porcentaje del total","100.00000"
"ATG","Antigua y Barbuda","2002","Gobierno nacional","Porcentaje del total","100.00000"
"ATG","Antigua y Barbuda","2003","Gobierno nacional","Porcentaje del total","100.00000"
"ATG","Antigua y Barbuda","2004","Gobierno nacional","Porcentaje del total","100.00000"
"ATG","Antigua y Barbuda","2005","Gobierno nacional","Porcentaje del total","100.00000"
"ATG","Antigua y Barbuda","2006","Gobierno nacional","Porcentaje del total","100.00000"
"ATG","Antigua y Barbuda","2007","Fondos de seguridad social","Porcentaje del total","10.17670"
"ATG","Antigua y Barbuda","2007","Gobierno nacional","Porcentaje del total","89.82330"
"ATG","Antigua y Barbuda","2008","Fondos de seguridad social","Porcentaje del total","10.76980"
"ATG","Antigua y Barbuda","2008","Gobierno nacional","Porcentaje del total","89.23020"
"ATG","Antigua y Barbuda","2009","Fondos de seguridad social","Porcentaje del total","11.86723"
"ATG","Antigua y Barbuda","2009","Gobierno nacional","Porcentaje del total","88.13277"
"ATG","Antigua y Barbuda","2010","Fondos de seguridad social","Porcentaje del total","12.60310"
"ATG","Antigua y Barbuda","2010","Gobierno nacional","Porcentaje del total","87.39690"
"ATG","Antigua y Barbuda","2011","Fondos de seguridad social","Porcentaje del total","12.76530"
"ATG","Antigua y Barbuda","2011","Gobierno nacional","Porcentaje del total","87.23470"
"ATG","Antigua y Barbuda","2012","Fondos de seguridad social","Porcentaje del total","12.03511"
"ATG","Antigua y Barbuda","2012","Gobierno nacional","Porcentaje del total","87.96489"
"ATG","Antigua y Barbuda","2013","Fondos de seguridad social","Porcentaje del total","16.84961"
"ATG","Antigua y Barbuda","2013","Gobierno nacional","Porcentaje del total","83.15039"
"ATG","Antigua y Barbuda","2014","Fondos de seguridad social","Porcentaje del total","14.85642"
"ATG","Antigua y Barbuda","2014","Gobierno nacional","Porcentaje del total","85.14358"
"ATG","Antigua y Barbuda","2015","Fondos de seguridad social","Porcentaje del total","15.33539"
"ATG","Antigua y Barbuda","2015","Gobierno nacional","Porcentaje del total","84.66461"
"ATG","Antigua y Barbuda","2016","Fondos de seguridad social","Porcentaje del total","15.61651"
"ATG","Antigua y Barbuda","2016","Gobierno nacional","Porcentaje del total","84.38349"
"ATG","Antigua y Barbuda","2017","Fondos de seguridad social","Porcentaje del total","17.98030"
"ATG","Antigua y Barbuda","2017","Gobierno nacional","Porcentaje del total","82.01970"
"ATG","Antigua y Barbuda","2018","Fondos de seguridad social","Porcentaje del total","17.41273"
"ATG","Antigua y Barbuda","2018","Gobierno nacional","Porcentaje del total","82.58727"
"ATG","Antigua y Barbuda","2019","Fondos de seguridad social","Porcentaje del total","18.02507"
"ATG","Antigua y Barbuda","2019","Gobierno nacional","Porcentaje del total","81.97493"
"ATG","Antigua y Barbuda","2020","Fondos de seguridad social","Porcentaje del total","16.54234"
"ATG","Antigua y Barbuda","2020","Gobierno nacional","Porcentaje del total","83.45766"
"ATG","Antigua y Barbuda","2021","Fondos de seguridad social","Porcentaje del total","17.06882"
"ATG","Antigua y Barbuda","2021","Gobierno nacional","Porcentaje del total","82.93118"
"ATG","Antigua y Barbuda","2022","Fondos de seguridad social","Porcentaje del total","17.54451"
"ATG","Antigua y Barbuda","2022","Gobierno nacional","Porcentaje del total","82.45549"
"ATG","Antigua y Barbuda","2023","Fondos de seguridad social","Porcentaje del total","17.62090"
"ATG","Antigua y Barbuda","2023","Gobierno nacional","Porcentaje del total","82.37910"
"ATG","Antigua y Barbuda","2024","Fondos de seguridad social","Porcentaje del total","15.15344"
"ATG","Antigua y Barbuda","2024","Gobierno nacional","Porcentaje del total","84.84656"
"ARG","Argentina","1990","Fondos de seguridad social","Porcentaje del total","25.28137"
"ARG","Argentina","1990","Gobierno nacional","Porcentaje del total","59.11921"
"ARG","Argentina","1990","Gobierno provincial o regional","Porcentaje del total","15.59942"
"ARG","Argentina","1991","Fondos de seguridad social","Porcentaje del total","25.35863"
"ARG","Argentina","1991","Gobierno nacional","Porcentaje del total","59.33372"
"ARG","Argentina","1991","Gobierno provincial o regional","Porcentaje del total","15.30765"
"ARG","Argentina","1992","Fondos de seguridad social","Porcentaje del total","25.13300"
"ARG","Argentina","1992","Gobierno nacional","Porcentaje del total","58.39198"
"ARG","Argentina","1992","Gobierno provincial o regional","Porcentaje del total","16.47502"
"ARG","Argentina","1993","Fondos de seguridad social","Porcentaje del total","25.78901"
"ARG","Argentina","1993","Gobierno nacional","Porcentaje del total","57.01177"
"ARG","Argentina","1993","Gobierno provincial o regional","Porcentaje del total","17.19922"
"ARG","Argentina","1994","Fondos de seguridad social","Porcentaje del total","25.17136"
"ARG","Argentina","1994","Gobierno nacional","Porcentaje del total","57.29993"
"ARG","Argentina","1994","Gobierno provincial o regional","Porcentaje del total","17.52872"
"ARG","Argentina","1995","Fondos de seguridad social","Porcentaje del total","23.42864"
"ARG","Argentina","1995","Gobierno nacional","Porcentaje del total","59.03174"
"ARG","Argentina","1995","Gobierno provincial o regional","Porcentaje del total","17.53962"
"ARG","Argentina","1996","Fondos de seguridad social","Porcentaje del total","20.02187"
"ARG","Argentina","1996","Gobierno nacional","Porcentaje del total","61.73680"
"ARG","Argentina","1996","Gobierno provincial o regional","Porcentaje del total","18.24133"
"ARG","Argentina","1997","Fondos de seguridad social","Porcentaje del total","18.38080"
"ARG","Argentina","1997","Gobierno nacional","Porcentaje del total","63.57890"
"ARG","Argentina","1997","Gobierno provincial o regional","Porcentaje del total","18.04030"
"ARG","Argentina","1998","Fondos de seguridad social","Porcentaje del total","17.51977"
"ARG","Argentina","1998","Gobierno nacional","Porcentaje del total","63.94614"
"ARG","Argentina","1998","Gobierno provincial o regional","Porcentaje del total","18.53409"
"ARG","Argentina","1999","Fondos de seguridad social","Porcentaje del total","16.75603"
"ARG","Argentina","1999","Gobierno nacional","Porcentaje del total","64.83360"
"ARG","Argentina","1999","Gobierno provincial o regional","Porcentaje del total","18.41038"
"ARG","Argentina","2000","Fondos de seguridad social","Porcentaje del total","15.83056"
"ARG","Argentina","2000","Gobierno nacional","Porcentaje del total","66.37405"
"ARG","Argentina","2000","Gobierno provincial o regional","Porcentaje del total","17.79538"
"ARG","Argentina","2001","Fondos de seguridad social","Porcentaje del total","15.42904"
"ARG","Argentina","2001","Gobierno nacional","Porcentaje del total","67.20081"
"ARG","Argentina","2001","Gobierno provincial o regional","Porcentaje del total","17.37015"
"ARG","Argentina","2002","Fondos de seguridad social","Porcentaje del total","14.19701"
"ARG","Argentina","2002","Gobierno nacional","Porcentaje del total","68.70096"
"ARG","Argentina","2002","Gobierno provincial o regional","Porcentaje del total","17.10202"
"ARG","Argentina","2003","Fondos de seguridad social","Porcentaje del total","12.06276"
"ARG","Argentina","2003","Gobierno nacional","Porcentaje del total","71.62959"
"ARG","Argentina","2003","Gobierno provincial o regional","Porcentaje del total","16.30765"
"ARG","Argentina","2004","Fondos de seguridad social","Porcentaje del total","11.52301"
"ARG","Argentina","2004","Gobierno nacional","Porcentaje del total","73.13289"
"ARG","Argentina","2004","Gobierno provincial o regional","Porcentaje del total","15.34410"
"ARG","Argentina","2005","Fondos de seguridad social","Porcentaje del total","12.17612"
"ARG","Argentina","2005","Gobierno nacional","Porcentaje del total","72.47772"
"ARG","Argentina","2005","Gobierno provincial o regional","Porcentaje del total","15.34616"
"ARG","Argentina","2006","Fondos de seguridad social","Porcentaje del total","13.78342"
"ARG","Argentina","2006","Gobierno nacional","Porcentaje del total","71.01739"
"ARG","Argentina","2006","Gobierno provincial o regional","Porcentaje del total","15.19919"
"ARG","Argentina","2007","Fondos de seguridad social","Porcentaje del total","15.47949"
"ARG","Argentina","2007","Gobierno nacional","Porcentaje del total","70.02174"
"ARG","Argentina","2007","Gobierno provincial o regional","Porcentaje del total","14.49876"
"ARG","Argentina","2008","Fondos de seguridad social","Porcentaje del total","16.55179"
"ARG","Argentina","2008","Gobierno nacional","Porcentaje del total","69.12980"
"ARG","Argentina","2008","Gobierno provincial o regional","Porcentaje del total","14.31841"
"ARG","Argentina","2009","Fondos de seguridad social","Porcentaje del total","21.39647"
"ARG","Argentina","2009","Gobierno nacional","Porcentaje del total","63.93401"
"ARG","Argentina","2009","Gobierno provincial o regional","Porcentaje del total","14.66952"
"ARG","Argentina","2010","Fondos de seguridad social","Porcentaje del total","21.21264"
"ARG","Argentina","2010","Gobierno nacional","Porcentaje del total","64.56005"
"ARG","Argentina","2010","Gobierno provincial o regional","Porcentaje del total","14.22732"
"ARG","Argentina","2011","Fondos de seguridad social","Porcentaje del total","21.48811"
"ARG","Argentina","2011","Gobierno nacional","Porcentaje del total","63.96021"
"ARG","Argentina","2011","Gobierno provincial o regional","Porcentaje del total","14.55168"
"ARG","Argentina","2012","Fondos de seguridad social","Porcentaje del total","22.24595"
"ARG","Argentina","2012","Gobierno nacional","Porcentaje del total","62.75486"
"ARG","Argentina","2012","Gobierno provincial o regional","Porcentaje del total","14.99919"
"ARG","Argentina","2013","Fondos de seguridad social","Porcentaje del total","22.61294"
"ARG","Argentina","2013","Gobierno nacional","Porcentaje del total","60.57923"
"ARG","Argentina","2013","Gobierno provincial o regional","Porcentaje del total","16.80782"
"ARG","Argentina","2014","Fondos de seguridad social","Porcentaje del total","21.58768"
"ARG","Argentina","2014","Gobierno nacional","Porcentaje del total","61.49648"
"ARG","Argentina","2014","Gobierno provincial o regional","Porcentaje del total","16.91583"
"ARG","Argentina","2015","Fondos de seguridad social","Porcentaje del total","22.17987"
"ARG","Argentina","2015","Gobierno nacional","Porcentaje del total","61.01763"
"ARG","Argentina","2015","Gobierno provincial o regional","Porcentaje del total","16.80250"
"ARG","Argentina","2016","Fondos de seguridad social","Porcentaje del total","22.03303"
"ARG","Argentina","2016","Gobierno nacional","Porcentaje del total","61.10845"
"ARG","Argentina","2016","Gobierno provincial o regional","Porcentaje del total","16.85851"
"ARG","Argentina","2017","Fondos de seguridad social","Porcentaje del total","22.89406"
"ARG","Argentina","2017","Gobierno nacional","Porcentaje del total","58.97194"
"ARG","Argentina","2017","Gobierno provincial o regional","Porcentaje del total","18.13400"
"ARG","Argentina","2018","Fondos de seguridad social","Porcentaje del total","21.75044"
"ARG","Argentina","2018","Gobierno nacional","Porcentaje del total","59.97861"
"ARG","Argentina","2018","Gobierno provincial o regional","Porcentaje del total","18.27094"
"ARG","Argentina","2019","Fondos de seguridad social","Porcentaje del total","19.94615"
"ARG","Argentina","2019","Gobierno nacional","Porcentaje del total","63.08932"
"ARG","Argentina","2019","Gobierno provincial o regional","Porcentaje del total","16.96453"
"ARG","Argentina","2020","Fondos de seguridad social","Porcentaje del total","19.12656"
"ARG","Argentina","2020","Gobierno nacional","Porcentaje del total","63.97676"
"ARG","Argentina","2020","Gobierno provincial o regional","Porcentaje del total","16.89669"
"ARG","Argentina","2021","Fondos de seguridad social","Porcentaje del total","17.81261"
"ARG","Argentina","2021","Gobierno nacional","Porcentaje del total","64.94057"
"ARG","Argentina","2021","Gobierno provincial o regional","Porcentaje del total","17.24682"
"ARG","Argentina","2022","Fondos de seguridad social","Porcentaje del total","17.73179"
"ARG","Argentina","2022","Gobierno nacional","Porcentaje del total","65.12107"
"ARG","Argentina","2022","Gobierno provincial o regional","Porcentaje del total","17.14713"
"ARG","Argentina","2023","Fondos de seguridad social","Porcentaje del total","18.24426"
"ARG","Argentina","2023","Gobierno nacional","Porcentaje del total","63.57513"
"ARG","Argentina","2023","Gobierno provincial o regional","Porcentaje del total","18.18061"
"ARG","Argentina","2024","Fondos de seguridad social","Porcentaje del total","18.60349"
"ARG","Argentina","2024","Gobierno nacional","Porcentaje del total","64.00932"
"ARG","Argentina","2024","Gobierno provincial o regional","Porcentaje del total","17.38719"
"ARM","Armenia","2010","Fondos de seguridad social","Porcentaje del total","15.09401"
"ARM","Armenia","2010","Gobierno nacional","Porcentaje del total","84.90599"
"ARM","Armenia","2011","Fondos de seguridad social","Porcentaje del total","15.90997"
"ARM","Armenia","2011","Gobierno nacional","Porcentaje del total","84.09003"
"ARM","Armenia","2012","Fondos de seguridad social","Porcentaje del total","14.72144"
"ARM","Armenia","2012","Gobierno nacional","Porcentaje del total","85.27856"
"ARM","Armenia","2013","Fondos de seguridad social","Porcentaje del total","1.76409"
"ARM","Armenia","2013","Gobierno nacional","Porcentaje del total","98.23591"
"ARM","Armenia","2014","Fondos de seguridad social","Porcentaje del total","1.12465"
"ARM","Armenia","2014","Gobierno nacional","Porcentaje del total","98.87535"
"ARM","Armenia","2015","Fondos de seguridad social","Porcentaje del total","1.02056"
"ARM","Armenia","2015","Gobierno nacional","Porcentaje del total","98.97944"
"ARM","Armenia","2016","Fondos de seguridad social","Porcentaje del total","1.24010"
"ARM","Armenia","2016","Gobierno nacional","Porcentaje del total","98.75990"
"ARM","Armenia","2017","Fondos de seguridad social","Porcentaje del total","1.36573"
"ARM","Armenia","2017","Gobierno nacional","Porcentaje del total","98.63427"
"ARM","Armenia","2018","Fondos de seguridad social","Porcentaje del total","1.38147"
"ARM","Armenia","2018","Gobierno nacional","Porcentaje del total","98.61853"
"ARM","Armenia","2019","Fondos de seguridad social","Porcentaje del total","1.27513"
"ARM","Armenia","2019","Gobierno nacional","Porcentaje del total","98.72487"
"ARM","Armenia","2020","Fondos de seguridad social","Porcentaje del total","1.78733"
"ARM","Armenia","2020","Gobierno nacional","Porcentaje del total","98.21267"
"ARM","Armenia","2021","Fondos de seguridad social","Porcentaje del total","2.70737"
"ARM","Armenia","2021","Gobierno nacional","Porcentaje del total","97.29263"
"ARM","Armenia","2022","Fondos de seguridad social","Porcentaje del total","3.34675"
"ARM","Armenia","2022","Gobierno nacional","Porcentaje del total","96.65325"
"ARM","Armenia","2023","Fondos de seguridad social","Porcentaje del total","4.06367"
"ARM","Armenia","2023","Gobierno nacional","Porcentaje del total","95.93633"
"AUS","Australia","1990","Fondos de seguridad social","Porcentaje del total","0.00000"
"AUS","Australia","1990","Gobierno municipal local","Porcentaje del total","3.62833"
"AUS","Australia","1990","Gobierno nacional","Porcentaje del total","79.49614"
"AUS","Australia","1990","Gobierno provincial o regional","Porcentaje del total","16.87554"
"AUS","Australia","1991","Fondos de seguridad social","Porcentaje del total","0.00000"
"AUS","Australia","1991","Gobierno municipal local","Porcentaje del total","3.89866"
"AUS","Australia","1991","Gobierno nacional","Porcentaje del total","77.54540"
"AUS","Australia","1991","Gobierno provincial o regional","Porcentaje del total","18.55593"
"AUS","Australia","1992","Fondos de seguridad social","Porcentaje del total","0.00000"
"AUS","Australia","1992","Gobierno municipal local","Porcentaje del total","4.00518"
"AUS","Australia","1992","Gobierno nacional","Porcentaje del total","76.59547"
"AUS","Australia","1992","Gobierno provincial o regional","Porcentaje del total","19.39935"
"AUS","Australia","1993","Fondos de seguridad social","Porcentaje del total","0.00000"
"AUS","Australia","1993","Gobierno municipal local","Porcentaje del total","3.86087"
"AUS","Australia","1993","Gobierno nacional","Porcentaje del total","75.91397"
"AUS","Australia","1993","Gobierno provincial o regional","Porcentaje del total","20.22516"
"AUS","Australia","1994","Fondos de seguridad social","Porcentaje del total","0.00000"
"AUS","Australia","1994","Gobierno municipal local","Porcentaje del total","3.57098"
"AUS","Australia","1994","Gobierno nacional","Porcentaje del total","77.11940"
"AUS","Australia","1994","Gobierno provincial o regional","Porcentaje del total","19.30962"
"AUS","Australia","1995","Fondos de seguridad social","Porcentaje del total","0.00000"
"AUS","Australia","1995","Gobierno municipal local","Porcentaje del total","3.44035"
"AUS","Australia","1995","Gobierno nacional","Porcentaje del total","77.52649"
"AUS","Australia","1995","Gobierno provincial o regional","Porcentaje del total","19.03316"
"AUS","Australia","1996","Fondos de seguridad social","Porcentaje del total","0.00000"
"AUS","Australia","1996","Gobierno municipal local","Porcentaje del total","3.36343"
"AUS","Australia","1996","Gobierno nacional","Porcentaje del total","77.54748"
"AUS","Australia","1996","Gobierno provincial o regional","Porcentaje del total","19.08910"
"AUS","Australia","1997","Fondos de seguridad social","Porcentaje del total","0.00000"
"AUS","Australia","1997","Gobierno municipal local","Porcentaje del total","3.33962"
"AUS","Australia","1997","Gobierno nacional","Porcentaje del total","77.69275"
"AUS","Australia","1997","Gobierno provincial o regional","Porcentaje del total","18.96762"
"AUS","Australia","1998","Fondos de seguridad social","Porcentaje del total","0.00000"
"AUS","Australia","1998","Gobierno municipal local","Porcentaje del total","3.13282"
"AUS","Australia","1998","Gobierno nacional","Porcentaje del total","77.44180"
"AUS","Australia","1998","Gobierno provincial o regional","Porcentaje del total","19.42537"
"AUS","Australia","1999","Fondos de seguridad social","Porcentaje del total","0.00000"
"AUS","Australia","1999","Gobierno municipal local","Porcentaje del total","3.04850"
"AUS","Australia","1999","Gobierno nacional","Porcentaje del total","77.74028"
"AUS","Australia","1999","Gobierno provincial o regional","Porcentaje del total","19.21122"
"AUS","Australia","2000","Fondos de seguridad social","Porcentaje del total","0.00000"
"AUS","Australia","2000","Gobierno municipal local","Porcentaje del total","2.97505"
"AUS","Australia","2000","Gobierno nacional","Porcentaje del total","81.80142"
"AUS","Australia","2000","Gobierno provincial o regional","Porcentaje del total","15.22354"
"AUS","Australia","2001","Fondos de seguridad social","Porcentaje del total","0.00000"
"AUS","Australia","2001","Gobierno municipal local","Porcentaje del total","3.09694"
"AUS","Australia","2001","Gobierno nacional","Porcentaje del total","81.61727"
"AUS","Australia","2001","Gobierno provincial o regional","Porcentaje del total","15.28579"
"AUS","Australia","2002","Fondos de seguridad social","Porcentaje del total","0.00000"
"AUS","Australia","2002","Gobierno municipal local","Porcentaje del total","3.02656"
"AUS","Australia","2002","Gobierno nacional","Porcentaje del total","81.73172"
"AUS","Australia","2002","Gobierno provincial o regional","Porcentaje del total","15.24172"
"AUS","Australia","2003","Fondos de seguridad social","Porcentaje del total","0.00000"
"AUS","Australia","2003","Gobierno municipal local","Porcentaje del total","2.97740"
"AUS","Australia","2003","Gobierno nacional","Porcentaje del total","81.30577"
"AUS","Australia","2003","Gobierno provincial o regional","Porcentaje del total","15.71683"
"AUS","Australia","2004","Fondos de seguridad social","Porcentaje del total","0.00000"
"AUS","Australia","2004","Gobierno municipal local","Porcentaje del total","2.93591"
"AUS","Australia","2004","Gobierno nacional","Porcentaje del total","82.12262"
"AUS","Australia","2004","Gobierno provincial o regional","Porcentaje del total","14.94146"
"AUS","Australia","2005","Fondos de seguridad social","Porcentaje del total","0.00000"
"AUS","Australia","2005","Gobierno municipal local","Porcentaje del total","2.92791"
"AUS","Australia","2005","Gobierno nacional","Porcentaje del total","82.13591"
"AUS","Australia","2005","Gobierno provincial o regional","Porcentaje del total","14.93618"
"AUS","Australia","2006","Fondos de seguridad social","Porcentaje del total","0.00000"
"AUS","Australia","2006","Gobierno municipal local","Porcentaje del total","2.95107"
"AUS","Australia","2006","Gobierno nacional","Porcentaje del total","81.60453"
"AUS","Australia","2006","Gobierno provincial o regional","Porcentaje del total","15.44440"
"AUS","Australia","2007","Fondos de seguridad social","Porcentaje del total","0.00000"
"AUS","Australia","2007","Gobierno municipal local","Porcentaje del total","2.92382"
"AUS","Australia","2007","Gobierno nacional","Porcentaje del total","81.74651"
"AUS","Australia","2007","Gobierno provincial o regional","Porcentaje del total","15.32967"
"AUS","Australia","2008","Fondos de seguridad social","Porcentaje del total","0.00000"
"AUS","Australia","2008","Gobierno municipal local","Porcentaje del total","3.23235"
"AUS","Australia","2008","Gobierno nacional","Porcentaje del total","81.71241"
"AUS","Australia","2008","Gobierno provincial o regional","Porcentaje del total","15.05524"
"AUS","Australia","2009","Fondos de seguridad social","Porcentaje del total","0.00000"
"AUS","Australia","2009","Gobierno municipal local","Porcentaje del total","3.50404"
"AUS","Australia","2009","Gobierno nacional","Porcentaje del total","79.94481"
"AUS","Australia","2009","Gobierno provincial o regional","Porcentaje del total","16.55114"
"AUS","Australia","2010","Fondos de seguridad social","Porcentaje del total","0.00000"
"AUS","Australia","2010","Gobierno municipal local","Porcentaje del total","3.48959"
"AUS","Australia","2010","Gobierno nacional","Porcentaje del total","80.15064"
"AUS","Australia","2010","Gobierno provincial o regional","Porcentaje del total","16.35977"
"AUS","Australia","2011","Fondos de seguridad social","Porcentaje del total","0.00000"
"AUS","Australia","2011","Gobierno municipal local","Porcentaje del total","3.41283"
"AUS","Australia","2011","Gobierno nacional","Porcentaje del total","81.08310"
"AUS","Australia","2011","Gobierno provincial o regional","Porcentaje del total","15.50407"
"AUS","Australia","2012","Fondos de seguridad social","Porcentaje del total","0.00000"
"AUS","Australia","2012","Gobierno municipal local","Porcentaje del total","3.40390"
"AUS","Australia","2012","Gobierno nacional","Porcentaje del total","81.14083"
"AUS","Australia","2012","Gobierno provincial o regional","Porcentaje del total","15.45527"
"AUS","Australia","2013","Fondos de seguridad social","Porcentaje del total","0.00000"
"AUS","Australia","2013","Gobierno municipal local","Porcentaje del total","3.44851"
"AUS","Australia","2013","Gobierno nacional","Porcentaje del total","80.67418"
"AUS","Australia","2013","Gobierno provincial o regional","Porcentaje del total","15.87731"
"AUS","Australia","2014","Fondos de seguridad social","Porcentaje del total","0.00000"
"AUS","Australia","2014","Gobierno municipal local","Porcentaje del total","3.57708"
"AUS","Australia","2014","Gobierno nacional","Porcentaje del total","79.70638"
"AUS","Australia","2014","Gobierno provincial o regional","Porcentaje del total","16.71654"
"AUS","Australia","2015","Fondos de seguridad social","Porcentaje del total","0.00000"
"AUS","Australia","2015","Gobierno municipal local","Porcentaje del total","3.60733"
"AUS","Australia","2015","Gobierno nacional","Porcentaje del total","79.32754"
"AUS","Australia","2015","Gobierno provincial o regional","Porcentaje del total","17.06513"
"AUS","Australia","2016","Fondos de seguridad social","Porcentaje del total","0.00000"
"AUS","Australia","2016","Gobierno municipal local","Porcentaje del total","3.59469"
"AUS","Australia","2016","Gobierno nacional","Porcentaje del total","79.51386"
"AUS","Australia","2016","Gobierno provincial o regional","Porcentaje del total","16.89145"
"AUS","Australia","2017","Fondos de seguridad social","Porcentaje del total","0.00000"
"AUS","Australia","2017","Gobierno municipal local","Porcentaje del total","3.43779"
"AUS","Australia","2017","Gobierno nacional","Porcentaje del total","80.55159"
"AUS","Australia","2017","Gobierno provincial o regional","Porcentaje del total","16.01062"
"AUS","Australia","2018","Fondos de seguridad social","Porcentaje del total","0.00000"
"AUS","Australia","2018","Gobierno municipal local","Porcentaje del total","3.39298"
"AUS","Australia","2018","Gobierno nacional","Porcentaje del total","81.11535"
"AUS","Australia","2018","Gobierno provincial o regional","Porcentaje del total","15.49167"
"AUS","Australia","2019","Fondos de seguridad social","Porcentaje del total","0.00000"
"AUS","Australia","2019","Gobierno municipal local","Porcentaje del total","3.56691"
"AUS","Australia","2019","Gobierno nacional","Porcentaje del total","80.85731"
"AUS","Australia","2019","Gobierno provincial o regional","Porcentaje del total","15.57577"
"AUS","Australia","2020","Fondos de seguridad social","Porcentaje del total","0.00000"
"AUS","Australia","2020","Gobierno municipal local","Porcentaje del total","3.40413"
"AUS","Australia","2020","Gobierno nacional","Porcentaje del total","80.82984"
"AUS","Australia","2020","Gobierno provincial o regional","Porcentaje del total","15.76603"
"AUS","Australia","2021","Fondos de seguridad social","Porcentaje del total","0.00000"
"AUS","Australia","2021","Gobierno municipal local","Porcentaje del total","3.06949"
"AUS","Australia","2021","Gobierno nacional","Porcentaje del total","80.39779"
"AUS","Australia","2021","Gobierno provincial o regional","Porcentaje del total","16.53272"
"AUS","Australia","2022","Fondos de seguridad social","Porcentaje del total","0.00000"
"AUS","Australia","2022","Gobierno municipal local","Porcentaje del total","2.89977"
"AUS","Australia","2022","Gobierno nacional","Porcentaje del total","81.56259"
"AUS","Australia","2022","Gobierno provincial o regional","Porcentaje del total","15.53764"
"AUS","Australia","2023","Fondos de seguridad social","Porcentaje del total","0.00000"
"AUS","Australia","2023","Gobierno municipal local","Porcentaje del total","2.89362"
"AUS","Australia","2023","Gobierno nacional","Porcentaje del total","80.76158"
"AUS","Australia","2023","Gobierno provincial o regional","Porcentaje del total","16.34480"
"AUT","Austria","1990","Fondos de seguridad social","Porcentaje del total","27.77478"
"AUT","Austria","1990","Gobierno municipal local","Porcentaje del total","11.19624"
"AUT","Austria","1990","Gobierno nacional","Porcentaje del total","50.37913"
"AUT","Austria","1990","Gobierno provincial o regional","Porcentaje del total","10.64985"
"AUT","Austria","1991","Fondos de seguridad social","Porcentaje del total","27.72516"
"AUT","Austria","1991","Gobierno municipal local","Porcentaje del total","11.27999"
"AUT","Austria","1991","Gobierno nacional","Porcentaje del total","50.19519"
"AUT","Austria","1991","Gobierno provincial o regional","Porcentaje del total","10.79966"
"AUT","Austria","1992","Fondos de seguridad social","Porcentaje del total","27.80951"
"AUT","Austria","1992","Gobierno municipal local","Porcentaje del total","11.13178"
"AUT","Austria","1992","Gobierno nacional","Porcentaje del total","50.53434"
"AUT","Austria","1992","Gobierno provincial o regional","Porcentaje del total","10.52438"
"AUT","Austria","1993","Fondos de seguridad social","Porcentaje del total","28.47361"
"AUT","Austria","1993","Gobierno municipal local","Porcentaje del total","10.82648"
"AUT","Austria","1993","Gobierno nacional","Porcentaje del total","50.43019"
"AUT","Austria","1993","Gobierno provincial o regional","Porcentaje del total","10.26972"
"AUT","Austria","1994","Fondos de seguridad social","Porcentaje del total","28.74742"
"AUT","Austria","1994","Gobierno municipal local","Porcentaje del total","11.01175"
"AUT","Austria","1994","Gobierno nacional","Porcentaje del total","49.78365"
"AUT","Austria","1994","Gobierno provincial o regional","Porcentaje del total","10.45718"
"AUT","Austria","1995","European institutions and bodies (EU accounts)","Porcentaje del total","0.42868"
"AUT","Austria","1995","Fondos de seguridad social","Porcentaje del total","29.05574"
"AUT","Austria","1995","Gobierno municipal local","Porcentaje del total","4.09978"
"AUT","Austria","1995","Gobierno nacional","Porcentaje del total","64.64065"
"AUT","Austria","1995","Gobierno provincial o regional","Porcentaje del total","1.77515"
"AUT","Austria","1996","European institutions and bodies (EU accounts)","Porcentaje del total","0.48256"
"AUT","Austria","1996","Fondos de seguridad social","Porcentaje del total","28.01602"
"AUT","Austria","1996","Gobierno municipal local","Porcentaje del total","3.95415"
"AUT","Austria","1996","Gobierno nacional","Porcentaje del total","65.84336"
"AUT","Austria","1996","Gobierno provincial o regional","Porcentaje del total","1.70391"
"AUT","Austria","1997","European institutions and bodies (EU accounts)","Porcentaje del total","0.47367"
"AUT","Austria","1997","Fondos de seguridad social","Porcentaje del total","27.41742"
"AUT","Austria","1997","Gobierno municipal local","Porcentaje del total","3.83392"
"AUT","Austria","1997","Gobierno nacional","Porcentaje del total","66.63249"
"AUT","Austria","1997","Gobierno provincial o regional","Porcentaje del total","1.64249"
"AUT","Austria","1998","European institutions and bodies (EU accounts)","Porcentaje del total","0.47872"
"AUT","Austria","1998","Fondos de seguridad social","Porcentaje del total","27.23801"
"AUT","Austria","1998","Gobierno municipal local","Porcentaje del total","3.75920"
"AUT","Austria","1998","Gobierno nacional","Porcentaje del total","66.82983"
"AUT","Austria","1998","Gobierno provincial o regional","Porcentaje del total","1.69424"
"AUT","Austria","1999","European institutions and bodies (EU accounts)","Porcentaje del total","0.41769"
"AUT","Austria","1999","Fondos de seguridad social","Porcentaje del total","27.45339"
"AUT","Austria","1999","Gobierno municipal local","Porcentaje del total","3.72508"
"AUT","Austria","1999","Gobierno nacional","Porcentaje del total","66.72718"
"AUT","Austria","1999","Gobierno provincial o regional","Porcentaje del total","1.67666"
"AUT","Austria","2000","European institutions and bodies (EU accounts)","Porcentaje del total","0.47262"
"AUT","Austria","2000","Fondos de seguridad social","Porcentaje del total","27.42004"
"AUT","Austria","2000","Gobierno municipal local","Porcentaje del total","3.50276"
"AUT","Austria","2000","Gobierno nacional","Porcentaje del total","67.00240"
"AUT","Austria","2000","Gobierno provincial o regional","Porcentaje del total","1.60218"
"AUT","Austria","2001","European institutions and bodies (EU accounts)","Porcentaje del total","0.39008"
"AUT","Austria","2001","Fondos de seguridad social","Porcentaje del total","26.20317"
"AUT","Austria","2001","Gobierno municipal local","Porcentaje del total","3.09170"
"AUT","Austria","2001","Gobierno nacional","Porcentaje del total","68.80503"
"AUT","Austria","2001","Gobierno provincial o regional","Porcentaje del total","1.51002"
"AUT","Austria","2002","European institutions and bodies (EU accounts)","Porcentaje del total","0.37783"
"AUT","Austria","2002","Fondos de seguridad social","Porcentaje del total","26.64550"
"AUT","Austria","2002","Gobierno municipal local","Porcentaje del total","3.09223"
"AUT","Austria","2002","Gobierno nacional","Porcentaje del total","68.32381"
"AUT","Austria","2002","Gobierno provincial o regional","Porcentaje del total","1.56063"
"AUT","Austria","2003","European institutions and bodies (EU accounts)","Porcentaje del total","0.36717"
"AUT","Austria","2003","Fondos de seguridad social","Porcentaje del total","26.95117"
"AUT","Austria","2003","Gobierno municipal local","Porcentaje del total","3.11252"
"AUT","Austria","2003","Gobierno nacional","Porcentaje del total","67.97780"
"AUT","Austria","2003","Gobierno provincial o regional","Porcentaje del total","1.59134"
"AUT","Austria","2004","European institutions and bodies (EU accounts)","Porcentaje del total","0.34851"
"AUT","Austria","2004","Fondos de seguridad social","Porcentaje del total","27.18615"
"AUT","Austria","2004","Gobierno municipal local","Porcentaje del total","3.09952"
"AUT","Austria","2004","Gobierno nacional","Porcentaje del total","67.80331"
"AUT","Austria","2004","Gobierno provincial o regional","Porcentaje del total","1.56251"
"AUT","Austria","2005","European institutions and bodies (EU accounts)","Porcentaje del total","0.35891"
"AUT","Austria","2005","Fondos de seguridad social","Porcentaje del total","27.77290"
"AUT","Austria","2005","Gobierno municipal local","Porcentaje del total","3.11803"
"AUT","Austria","2005","Gobierno nacional","Porcentaje del total","67.17710"
"AUT","Austria","2005","Gobierno provincial o regional","Porcentaje del total","1.57305"
"AUT","Austria","2006","European institutions and bodies (EU accounts)","Porcentaje del total","0.36686"
"AUT","Austria","2006","Fondos de seguridad social","Porcentaje del total","27.97240"
"AUT","Austria","2006","Gobierno municipal local","Porcentaje del total","3.12751"
"AUT","Austria","2006","Gobierno nacional","Porcentaje del total","66.95806"
"AUT","Austria","2006","Gobierno provincial o regional","Porcentaje del total","1.57516"
"AUT","Austria","2007","European institutions and bodies (EU accounts)","Porcentaje del total","0.36301"
"AUT","Austria","2007","Fondos de seguridad social","Porcentaje del total","27.48390"
"AUT","Austria","2007","Gobierno municipal local","Porcentaje del total","3.07480"
"AUT","Austria","2007","Gobierno nacional","Porcentaje del total","67.52685"
"AUT","Austria","2007","Gobierno provincial o regional","Porcentaje del total","1.55144"
"AUT","Austria","2008","European institutions and bodies (EU accounts)","Porcentaje del total","0.32782"
"AUT","Austria","2008","Fondos de seguridad social","Porcentaje del total","27.32371"
"AUT","Austria","2008","Gobierno municipal local","Porcentaje del total","3.04320"
"AUT","Austria","2008","Gobierno nacional","Porcentaje del total","67.75051"
"AUT","Austria","2008","Gobierno provincial o regional","Porcentaje del total","1.55476"
"AUT","Austria","2009","European institutions and bodies (EU accounts)","Porcentaje del total","0.27476"
"AUT","Austria","2009","Fondos de seguridad social","Porcentaje del total","28.58579"
"AUT","Austria","2009","Gobierno municipal local","Porcentaje del total","3.14040"
"AUT","Austria","2009","Gobierno nacional","Porcentaje del total","66.37781"
"AUT","Austria","2009","Gobierno provincial o regional","Porcentaje del total","1.62124"
"AUT","Austria","2010","European institutions and bodies (EU accounts)","Porcentaje del total","0.28786"
"AUT","Austria","2010","Fondos de seguridad social","Porcentaje del total","28.34741"
"AUT","Austria","2010","Gobierno municipal local","Porcentaje del total","3.14302"
"AUT","Austria","2010","Gobierno nacional","Porcentaje del total","66.59421"
"AUT","Austria","2010","Gobierno provincial o regional","Porcentaje del total","1.62750"
"AUT","Austria","2011","European institutions and bodies (EU accounts)","Porcentaje del total","0.32503"
"AUT","Austria","2011","Fondos de seguridad social","Porcentaje del total","28.26988"
"AUT","Austria","2011","Gobierno municipal local","Porcentaje del total","3.11265"
"AUT","Austria","2011","Gobierno nacional","Porcentaje del total","66.71103"
"AUT","Austria","2011","Gobierno provincial o regional","Porcentaje del total","1.58141"
"AUT","Austria","2012","European institutions and bodies (EU accounts)","Porcentaje del total","0.28421"
"AUT","Austria","2012","Fondos de seguridad social","Porcentaje del total","28.07033"
"AUT","Austria","2012","Gobierno municipal local","Porcentaje del total","3.09260"
"AUT","Austria","2012","Gobierno nacional","Porcentaje del total","66.96099"
"AUT","Austria","2012","Gobierno provincial o regional","Porcentaje del total","1.59188"
"AUT","Austria","2013","European institutions and bodies (EU accounts)","Porcentaje del total","0.25833"
"AUT","Austria","2013","Fondos de seguridad social","Porcentaje del total","28.13038"
"AUT","Austria","2013","Gobierno municipal local","Porcentaje del total","3.07238"
"AUT","Austria","2013","Gobierno nacional","Porcentaje del total","66.92930"
"AUT","Austria","2013","Gobierno provincial o regional","Porcentaje del total","1.60962"
"AUT","Austria","2014","European institutions and bodies (EU accounts)","Porcentaje del total","0.27912"
"AUT","Austria","2014","Fondos de seguridad social","Porcentaje del total","28.20951"
"AUT","Austria","2014","Gobierno municipal local","Porcentaje del total","3.05586"
"AUT","Austria","2014","Gobierno nacional","Porcentaje del total","66.88127"
"AUT","Austria","2014","Gobierno provincial o regional","Porcentaje del total","1.57424"
"AUT","Austria","2015","European institutions and bodies (EU accounts)","Porcentaje del total","0.42172"
"AUT","Austria","2015","Fondos de seguridad social","Porcentaje del total","27.89465"
"AUT","Austria","2015","Gobierno municipal local","Porcentaje del total","2.94654"
"AUT","Austria","2015","Gobierno nacional","Porcentaje del total","67.20210"
"AUT","Austria","2015","Gobierno provincial o regional","Porcentaje del total","1.53499"
"AUT","Austria","2016","European institutions and bodies (EU accounts)","Porcentaje del total","0.43711"
"AUT","Austria","2016","Fondos de seguridad social","Porcentaje del total","28.79211"
"AUT","Austria","2016","Gobierno municipal local","Porcentaje del total","3.00798"
"AUT","Austria","2016","Gobierno nacional","Porcentaje del total","66.16321"
"AUT","Austria","2016","Gobierno provincial o regional","Porcentaje del total","1.59959"
"AUT","Austria","2017","European institutions and bodies (EU accounts)","Porcentaje del total","0.44479"
"AUT","Austria","2017","Fondos de seguridad social","Porcentaje del total","29.04147"
"AUT","Austria","2017","Gobierno municipal local","Porcentaje del total","2.99875"
"AUT","Austria","2017","Gobierno nacional","Porcentaje del total","65.92286"
"AUT","Austria","2017","Gobierno provincial o regional","Porcentaje del total","1.59214"
"AUT","Austria","2018","European institutions and bodies (EU accounts)","Porcentaje del total","0.41692"
"AUT","Austria","2018","Fondos de seguridad social","Porcentaje del total","29.13315"
"AUT","Austria","2018","Gobierno municipal local","Porcentaje del total","3.13428"
"AUT","Austria","2018","Gobierno nacional","Porcentaje del total","65.24778"
"AUT","Austria","2018","Gobierno provincial o regional","Porcentaje del total","2.06787"
"AUT","Austria","2019","European institutions and bodies (EU accounts)","Porcentaje del total","0.40561"
"AUT","Austria","2019","Fondos de seguridad social","Porcentaje del total","29.34958"
"AUT","Austria","2019","Gobierno municipal local","Porcentaje del total","3.15021"
"AUT","Austria","2019","Gobierno nacional","Porcentaje del total","65.06259"
"AUT","Austria","2019","Gobierno provincial o regional","Porcentaje del total","2.03201"
"AUT","Austria","2020","European institutions and bodies (EU accounts)","Porcentaje del total","0.44516"
"AUT","Austria","2020","Fondos de seguridad social","Porcentaje del total","31.01990"
"AUT","Austria","2020","Gobierno municipal local","Porcentaje del total","3.17598"
"AUT","Austria","2020","Gobierno nacional","Porcentaje del total","63.28622"
"AUT","Austria","2020","Gobierno provincial o regional","Porcentaje del total","2.07274"
"AUT","Austria","2021","European institutions and bodies (EU accounts)","Porcentaje del total","0.43405"
"AUT","Austria","2021","Fondos de seguridad social","Porcentaje del total","29.84182"
"AUT","Austria","2021","Gobierno municipal local","Porcentaje del total","3.02068"
"AUT","Austria","2021","Gobierno nacional","Porcentaje del total","64.71282"
"AUT","Austria","2021","Gobierno provincial o regional","Porcentaje del total","1.99063"
"AUT","Austria","2022","European institutions and bodies (EU accounts)","Porcentaje del total","0.53263"
"AUT","Austria","2022","Fondos de seguridad social","Porcentaje del total","28.97196"
"AUT","Austria","2022","Gobierno municipal local","Porcentaje del total","3.00120"
"AUT","Austria","2022","Gobierno nacional","Porcentaje del total","65.56965"
"AUT","Austria","2022","Gobierno provincial o regional","Porcentaje del total","1.92455"
"AUT","Austria","2023","European institutions and bodies (EU accounts)","Porcentaje del total","0.42420"
"AUT","Austria","2023","Fondos de seguridad social","Porcentaje del total","29.56721"
"AUT","Austria","2023","Gobierno municipal local","Porcentaje del total","3.09285"
"AUT","Austria","2023","Gobierno nacional","Porcentaje del total","65.00126"
"AUT","Austria","2023","Gobierno provincial o regional","Porcentaje del total","1.91449"
"AUT","Austria","2024","European institutions and bodies (EU accounts)","Porcentaje del total","0.25619"
"AUT","Austria","2024","Fondos de seguridad social","Porcentaje del total","30.40681"
"AUT","Austria","2024","Gobierno municipal local","Porcentaje del total","3.11934"
"AUT","Austria","2024","Gobierno nacional","Porcentaje del total","64.29549"
"AUT","Austria","2024","Gobierno provincial o regional","Porcentaje del total","1.92218"
"AZE","Azerbaiyán","2014","Fondos de seguridad social","Porcentaje del total","17.19484"
"AZE","Azerbaiyán","2014","Gobierno nacional","Porcentaje del total","82.80516"
"AZE","Azerbaiyán","2015","Fondos de seguridad social","Porcentaje del total","17.51786"
"AZE","Azerbaiyán","2015","Gobierno nacional","Porcentaje del total","82.48214"
"AZE","Azerbaiyán","2016","Fondos de seguridad social","Porcentaje del total","17.44355"
"AZE","Azerbaiyán","2016","Gobierno nacional","Porcentaje del total","82.55645"
"AZE","Azerbaiyán","2017","Fondos de seguridad social","Porcentaje del total","18.21627"
"AZE","Azerbaiyán","2017","Gobierno nacional","Porcentaje del total","81.78373"
"AZE","Azerbaiyán","2018","Fondos de seguridad social","Porcentaje del total","18.51027"
"AZE","Azerbaiyán","2018","Gobierno nacional","Porcentaje del total","81.48973"
"AZE","Azerbaiyán","2019","Fondos de seguridad social","Porcentaje del total","20.52712"
"AZE","Azerbaiyán","2019","Gobierno nacional","Porcentaje del total","79.47288"
"AZE","Azerbaiyán","2020","Fondos de seguridad social","Porcentaje del total","25.01962"
"AZE","Azerbaiyán","2020","Gobierno nacional","Porcentaje del total","74.98038"
"AZE","Azerbaiyán","2021","Fondos de seguridad social","Porcentaje del total","26.70289"
"AZE","Azerbaiyán","2021","Gobierno nacional","Porcentaje del total","73.29711"
"AZE","Azerbaiyán","2022","Fondos de seguridad social","Porcentaje del total","21.17999"
"AZE","Azerbaiyán","2022","Gobierno nacional","Porcentaje del total","78.82001"
"AZE","Azerbaiyán","2023","Fondos de seguridad social","Porcentaje del total","22.33473"
"AZE","Azerbaiyán","2023","Gobierno nacional","Porcentaje del total","77.66527"
"BHS","Bahamas","1990","Fondos de seguridad social","Porcentaje del total","13.16082"
"BHS","Bahamas","1990","Gobierno nacional","Porcentaje del total","86.83918"
"BHS","Bahamas","1991","Fondos de seguridad social","Porcentaje del total","13.02615"
"BHS","Bahamas","1991","Gobierno nacional","Porcentaje del total","86.97385"
"BHS","Bahamas","1992","Fondos de seguridad social","Porcentaje del total","11.08358"
"BHS","Bahamas","1992","Gobierno nacional","Porcentaje del total","88.91642"
"BHS","Bahamas","1993","Fondos de seguridad social","Porcentaje del total","12.19913"
"BHS","Bahamas","1993","Gobierno nacional","Porcentaje del total","87.80087"
"BHS","Bahamas","1994","Fondos de seguridad social","Porcentaje del total","11.09232"
"BHS","Bahamas","1994","Gobierno nacional","Porcentaje del total","88.90768"
"BHS","Bahamas","1995","Fondos de seguridad social","Porcentaje del total","10.88627"
"BHS","Bahamas","1995","Gobierno nacional","Porcentaje del total","89.11373"
"BHS","Bahamas","1996","Fondos de seguridad social","Porcentaje del total","11.09295"
"BHS","Bahamas","1996","Gobierno nacional","Porcentaje del total","88.90705"
"BHS","Bahamas","1997","Fondos de seguridad social","Porcentaje del total","11.91581"
"BHS","Bahamas","1997","Gobierno nacional","Porcentaje del total","88.08419"
"BHS","Bahamas","1998","Fondos de seguridad social","Porcentaje del total","11.73348"
"BHS","Bahamas","1998","Gobierno nacional","Porcentaje del total","88.26652"
"BHS","Bahamas","1999","Fondos de seguridad social","Porcentaje del total","12.47961"
"BHS","Bahamas","1999","Gobierno nacional","Porcentaje del total","87.52039"
"BHS","Bahamas","2000","Fondos de seguridad social","Porcentaje del total","11.94923"
"BHS","Bahamas","2000","Gobierno nacional","Porcentaje del total","88.05077"
"BHS","Bahamas","2001","Fondos de seguridad social","Porcentaje del total","11.73999"
"BHS","Bahamas","2001","Gobierno nacional","Porcentaje del total","88.26001"
"BHS","Bahamas","2002","Fondos de seguridad social","Porcentaje del total","13.59564"
"BHS","Bahamas","2002","Gobierno nacional","Porcentaje del total","86.40436"
"BHS","Bahamas","2003","Fondos de seguridad social","Porcentaje del total","13.02455"
"BHS","Bahamas","2003","Gobierno nacional","Porcentaje del total","86.97545"
"BHS","Bahamas","2004","Fondos de seguridad social","Porcentaje del total","13.12312"
"BHS","Bahamas","2004","Gobierno nacional","Porcentaje del total","86.87688"
"BHS","Bahamas","2005","Fondos de seguridad social","Porcentaje del total","12.81447"
"BHS","Bahamas","2005","Gobierno nacional","Porcentaje del total","87.18553"
"BHS","Bahamas","2006","Fondos de seguridad social","Porcentaje del total","11.98793"
"BHS","Bahamas","2006","Gobierno nacional","Porcentaje del total","88.01207"
"BHS","Bahamas","2007","Fondos de seguridad social","Porcentaje del total","11.43190"
"BHS","Bahamas","2007","Gobierno nacional","Porcentaje del total","88.56810"
"BHS","Bahamas","2008","Fondos de seguridad social","Porcentaje del total","10.90748"
"BHS","Bahamas","2008","Gobierno nacional","Porcentaje del total","89.09252"
"BHS","Bahamas","2009","Fondos de seguridad social","Porcentaje del total","12.39612"
"BHS","Bahamas","2009","Gobierno nacional","Porcentaje del total","87.60388"
"BHS","Bahamas","2010","Fondos de seguridad social","Porcentaje del total","13.12017"
"BHS","Bahamas","2010","Gobierno nacional","Porcentaje del total","86.87983"
"BHS","Bahamas","2011","Fondos de seguridad social","Porcentaje del total","12.80680"
"BHS","Bahamas","2011","Gobierno nacional","Porcentaje del total","87.19320"
"BHS","Bahamas","2012","Fondos de seguridad social","Porcentaje del total","13.72265"
"BHS","Bahamas","2012","Gobierno nacional","Porcentaje del total","86.27735"
"BHS","Bahamas","2013","Fondos de seguridad social","Porcentaje del total","15.87378"
"BHS","Bahamas","2013","Gobierno nacional","Porcentaje del total","84.12622"
"BHS","Bahamas","2014","Fondos de seguridad social","Porcentaje del total","16.41058"
"BHS","Bahamas","2014","Gobierno nacional","Porcentaje del total","83.58942"
"BHS","Bahamas","2015","Fondos de seguridad social","Porcentaje del total","14.79112"
"BHS","Bahamas","2015","Gobierno nacional","Porcentaje del total","85.20888"
"BHS","Bahamas","2016","Fondos de seguridad social","Porcentaje del total","13.46033"
"BHS","Bahamas","2016","Gobierno nacional","Porcentaje del total","86.53967"
"BHS","Bahamas","2017","Fondos de seguridad social","Porcentaje del total","13.09848"
"BHS","Bahamas","2017","Gobierno nacional","Porcentaje del total","86.90152"
"BHS","Bahamas","2018","Fondos de seguridad social","Porcentaje del total","13.39559"
"BHS","Bahamas","2018","Gobierno nacional","Porcentaje del total","86.60441"
"BHS","Bahamas","2019","Fondos de seguridad social","Porcentaje del total","11.55050"
"BHS","Bahamas","2019","Gobierno nacional","Porcentaje del total","88.44950"
"BHS","Bahamas","2020","Fondos de seguridad social","Porcentaje del total","10.88402"
"BHS","Bahamas","2020","Gobierno nacional","Porcentaje del total","89.11598"
"BHS","Bahamas","2021","Fondos de seguridad social","Porcentaje del total","13.78408"
"BHS","Bahamas","2021","Gobierno nacional","Porcentaje del total","86.21592"
"BHS","Bahamas","2022","Fondos de seguridad social","Porcentaje del total","11.41718"
"BHS","Bahamas","2022","Gobierno nacional","Porcentaje del total","88.58282"
"BHS","Bahamas","2023","Fondos de seguridad social","Porcentaje del total","11.26038"
"BHS","Bahamas","2023","Gobierno nacional","Porcentaje del total","88.73962"
"BHS","Bahamas","2024","Fondos de seguridad social","Porcentaje del total","10.66925"
"BHS","Bahamas","2024","Gobierno nacional","Porcentaje del total","89.33075"
"BGD","Bangladesh","2000","Gobierno nacional","Porcentaje del total","100.00000"
"BGD","Bangladesh","2001","Gobierno nacional","Porcentaje del total","100.00000"
"BGD","Bangladesh","2002","Gobierno nacional","Porcentaje del total","100.00000"
"BGD","Bangladesh","2003","Gobierno nacional","Porcentaje del total","100.00000"
"BGD","Bangladesh","2004","Gobierno nacional","Porcentaje del total","100.00000"
"BGD","Bangladesh","2005","Gobierno nacional","Porcentaje del total","100.00000"
"BGD","Bangladesh","2006","Gobierno nacional","Porcentaje del total","100.00000"
"BGD","Bangladesh","2007","Gobierno nacional","Porcentaje del total","100.00000"
"BGD","Bangladesh","2008","Gobierno nacional","Porcentaje del total","100.00000"
"BGD","Bangladesh","2009","Gobierno nacional","Porcentaje del total","100.00000"
"BGD","Bangladesh","2010","Gobierno nacional","Porcentaje del total","100.00000"
"BGD","Bangladesh","2011","Gobierno nacional","Porcentaje del total","100.00000"
"BGD","Bangladesh","2012","Gobierno nacional","Porcentaje del total","100.00000"
"BGD","Bangladesh","2013","Gobierno nacional","Porcentaje del total","100.00000"
"BGD","Bangladesh","2014","Gobierno nacional","Porcentaje del total","100.00000"
"BGD","Bangladesh","2015","Gobierno nacional","Porcentaje del total","100.00000"
"BGD","Bangladesh","2016","Gobierno nacional","Porcentaje del total","100.00000"
"BGD","Bangladesh","2017","Gobierno nacional","Porcentaje del total","100.00000"
"BGD","Bangladesh","2018","Gobierno nacional","Porcentaje del total","100.00000"
"BGD","Bangladesh","2019","Gobierno nacional","Porcentaje del total","100.00000"
"BGD","Bangladesh","2020","Gobierno nacional","Porcentaje del total","100.00000"
"BGD","Bangladesh","2021","Gobierno nacional","Porcentaje del total","100.00000"
"BGD","Bangladesh","2022","Gobierno nacional","Porcentaje del total","100.00000"
"BGD","Bangladesh","2023","Gobierno nacional","Porcentaje del total","100.00000"
"BRB","Barbados","1990","Fondos de seguridad social","Porcentaje del total","13.05247"
"BRB","Barbados","1990","Gobierno nacional","Porcentaje del total","86.94753"
"BRB","Barbados","1991","Fondos de seguridad social","Porcentaje del total","13.33363"
"BRB","Barbados","1991","Gobierno nacional","Porcentaje del total","86.66637"
"BRB","Barbados","1992","Fondos de seguridad social","Porcentaje del total","12.77969"
"BRB","Barbados","1992","Gobierno nacional","Porcentaje del total","87.22031"
"BRB","Barbados","1993","Fondos de seguridad social","Porcentaje del total","12.22010"
"BRB","Barbados","1993","Gobierno nacional","Porcentaje del total","87.77990"
"BRB","Barbados","1994","Fondos de seguridad social","Porcentaje del total","14.73871"
"BRB","Barbados","1994","Gobierno nacional","Porcentaje del total","85.26129"
"BRB","Barbados","1995","Fondos de seguridad social","Porcentaje del total","14.43331"
"BRB","Barbados","1995","Gobierno nacional","Porcentaje del total","85.56669"
"BRB","Barbados","1996","Fondos de seguridad social","Porcentaje del total","15.14126"
"BRB","Barbados","1996","Gobierno nacional","Porcentaje del total","84.85874"
"BRB","Barbados","1997","Fondos de seguridad social","Porcentaje del total","13.66203"
"BRB","Barbados","1997","Gobierno nacional","Porcentaje del total","86.33797"
"BRB","Barbados","1998","Fondos de seguridad social","Porcentaje del total","14.61672"
"BRB","Barbados","1998","Gobierno nacional","Porcentaje del total","85.38328"
"BRB","Barbados","1999","Fondos de seguridad social","Porcentaje del total","15.37379"
"BRB","Barbados","1999","Gobierno nacional","Porcentaje del total","84.62621"
"BRB","Barbados","2000","Fondos de seguridad social","Porcentaje del total","15.60973"
"BRB","Barbados","2000","Gobierno nacional","Porcentaje del total","84.39027"
"BRB","Barbados","2001","Fondos de seguridad social","Porcentaje del total","16.01339"
"BRB","Barbados","2001","Gobierno nacional","Porcentaje del total","83.98661"
"BRB","Barbados","2002","Fondos de seguridad social","Porcentaje del total","15.33767"
"BRB","Barbados","2002","Gobierno nacional","Porcentaje del total","84.66233"
"BRB","Barbados","2003","Fondos de seguridad social","Porcentaje del total","15.24583"
"BRB","Barbados","2003","Gobierno nacional","Porcentaje del total","84.75417"
"BRB","Barbados","2004","Fondos de seguridad social","Porcentaje del total","17.18628"
"BRB","Barbados","2004","Gobierno nacional","Porcentaje del total","82.81372"
"BRB","Barbados","2005","Fondos de seguridad social","Porcentaje del total","16.65496"
"BRB","Barbados","2005","Gobierno nacional","Porcentaje del total","83.34504"
"BRB","Barbados","2006","Fondos de seguridad social","Porcentaje del total","17.50915"
"BRB","Barbados","2006","Gobierno nacional","Porcentaje del total","82.49085"
"BRB","Barbados","2007","Fondos de seguridad social","Porcentaje del total","17.24707"
"BRB","Barbados","2007","Gobierno nacional","Porcentaje del total","82.75293"
"BRB","Barbados","2008","Fondos de seguridad social","Porcentaje del total","18.05672"
"BRB","Barbados","2008","Gobierno nacional","Porcentaje del total","81.94328"
"BRB","Barbados","2009","Fondos de seguridad social","Porcentaje del total","19.53336"
"BRB","Barbados","2009","Gobierno nacional","Porcentaje del total","80.46664"
"BRB","Barbados","2010","Fondos de seguridad social","Porcentaje del total","20.63900"
"BRB","Barbados","2010","Gobierno nacional","Porcentaje del total","79.36100"
"BRB","Barbados","2011","Fondos de seguridad social","Porcentaje del total","18.75826"
"BRB","Barbados","2011","Gobierno nacional","Porcentaje del total","81.24174"
"BRB","Barbados","2012","Fondos de seguridad social","Porcentaje del total","20.28737"
"BRB","Barbados","2012","Gobierno nacional","Porcentaje del total","79.71263"
"BRB","Barbados","2013","Fondos de seguridad social","Porcentaje del total","21.68683"
"BRB","Barbados","2013","Gobierno nacional","Porcentaje del total","78.31317"
"BRB","Barbados","2014","Fondos de seguridad social","Porcentaje del total","19.59925"
"BRB","Barbados","2014","Gobierno nacional","Porcentaje del total","80.40075"
"BRB","Barbados","2015","Fondos de seguridad social","Porcentaje del total","21.66241"
"BRB","Barbados","2015","Gobierno nacional","Porcentaje del total","78.33759"
"BRB","Barbados","2016","Fondos de seguridad social","Porcentaje del total","17.58621"
"BRB","Barbados","2016","Gobierno nacional","Porcentaje del total","82.41379"
"BRB","Barbados","2017","Fondos de seguridad social","Porcentaje del total","19.01524"
"BRB","Barbados","2017","Gobierno nacional","Porcentaje del total","80.98476"
"BRB","Barbados","2018","Fondos de seguridad social","Porcentaje del total","18.09632"
"BRB","Barbados","2018","Gobierno nacional","Porcentaje del total","81.90368"
"BRB","Barbados","2019","Fondos de seguridad social","Porcentaje del total","19.49101"
"BRB","Barbados","2019","Gobierno nacional","Porcentaje del total","80.50899"
"BRB","Barbados","2020","Fondos de seguridad social","Porcentaje del total","19.93763"
"BRB","Barbados","2020","Gobierno nacional","Porcentaje del total","80.06237"
"BRB","Barbados","2021","Fondos de seguridad social","Porcentaje del total","18.35740"
"BRB","Barbados","2021","Gobierno nacional","Porcentaje del total","81.64260"
"BRB","Barbados","2022","Fondos de seguridad social","Porcentaje del total","16.64166"
"BRB","Barbados","2022","Gobierno nacional","Porcentaje del total","83.35834"
"BRB","Barbados","2023","Fondos de seguridad social","Porcentaje del total","16.83746"
"BRB","Barbados","2023","Gobierno nacional","Porcentaje del total","83.16254"
"BRB","Barbados","2024","Fondos de seguridad social","Porcentaje del total","15.24812"
"BRB","Barbados","2024","Gobierno nacional","Porcentaje del total","84.75188"
"BLZ","Belice","1990","Fondos de seguridad social","Porcentaje del total","5.70377"
"BLZ","Belice","1990","Gobierno municipal local","Porcentaje del total","0.78700"
"BLZ","Belice","1990","Gobierno nacional","Porcentaje del total","93.50923"
"BLZ","Belice","1991","Fondos de seguridad social","Porcentaje del total","6.37298"
"BLZ","Belice","1991","Gobierno municipal local","Porcentaje del total","0.63244"
"BLZ","Belice","1991","Gobierno nacional","Porcentaje del total","92.99459"
"BLZ","Belice","1992","Fondos de seguridad social","Porcentaje del total","6.73395"
"BLZ","Belice","1992","Gobierno municipal local","Porcentaje del total","0.89865"
"BLZ","Belice","1992","Gobierno nacional","Porcentaje del total","92.36740"
"BLZ","Belice","1993","Fondos de seguridad social","Porcentaje del total","6.32754"
"BLZ","Belice","1993","Gobierno municipal local","Porcentaje del total","0.53715"
"BLZ","Belice","1993","Gobierno nacional","Porcentaje del total","93.13531"
"BLZ","Belice","1994","Fondos de seguridad social","Porcentaje del total","6.27302"
"BLZ","Belice","1994","Gobierno municipal local","Porcentaje del total","0.69123"
"BLZ","Belice","1994","Gobierno nacional","Porcentaje del total","93.03575"
"BLZ","Belice","1995","Fondos de seguridad social","Porcentaje del total","6.32968"
"BLZ","Belice","1995","Gobierno municipal local","Porcentaje del total","0.48375"
"BLZ","Belice","1995","Gobierno nacional","Porcentaje del total","93.18657"
"BLZ","Belice","1996","Fondos de seguridad social","Porcentaje del total","5.80336"
"BLZ","Belice","1996","Gobierno municipal local","Porcentaje del total","0.60860"
"BLZ","Belice","1996","Gobierno nacional","Porcentaje del total","93.58804"
"BLZ","Belice","1997","Fondos de seguridad social","Porcentaje del total","5.98546"
"BLZ","Belice","1997","Gobierno municipal local","Porcentaje del total","0.58099"
"BLZ","Belice","1997","Gobierno nacional","Porcentaje del total","93.43355"
"BLZ","Belice","1998","Fondos de seguridad social","Porcentaje del total","5.81226"
"BLZ","Belice","1998","Gobierno municipal local","Porcentaje del total","0.58345"
"BLZ","Belice","1998","Gobierno nacional","Porcentaje del total","93.60429"
"BLZ","Belice","1999","Fondos de seguridad social","Porcentaje del total","6.05088"
"BLZ","Belice","1999","Gobierno municipal local","Porcentaje del total","0.77458"
"BLZ","Belice","1999","Gobierno nacional","Porcentaje del total","93.17454"
"BLZ","Belice","2000","Fondos de seguridad social","Porcentaje del total","5.77693"
"BLZ","Belice","2000","Gobierno municipal local","Porcentaje del total","0.68074"
"BLZ","Belice","2000","Gobierno nacional","Porcentaje del total","93.54233"
"BLZ","Belice","2001","Fondos de seguridad social","Porcentaje del total","8.62158"
"BLZ","Belice","2001","Gobierno municipal local","Porcentaje del total","0.76411"
"BLZ","Belice","2001","Gobierno nacional","Porcentaje del total","90.61431"
"BLZ","Belice","2002","Fondos de seguridad social","Porcentaje del total","8.68958"
"BLZ","Belice","2002","Gobierno municipal local","Porcentaje del total","0.81465"
"BLZ","Belice","2002","Gobierno nacional","Porcentaje del total","90.49577"
"BLZ","Belice","2003","Fondos de seguridad social","Porcentaje del total","9.22994"
"BLZ","Belice","2003","Gobierno municipal local","Porcentaje del total","1.30574"
"BLZ","Belice","2003","Gobierno nacional","Porcentaje del total","89.46432"
"BLZ","Belice","2004","Fondos de seguridad social","Porcentaje del total","10.14937"
"BLZ","Belice","2004","Gobierno municipal local","Porcentaje del total","0.98594"
"BLZ","Belice","2004","Gobierno nacional","Porcentaje del total","88.86469"
"BLZ","Belice","2005","Fondos de seguridad social","Porcentaje del total","10.16790"
"BLZ","Belice","2005","Gobierno municipal local","Porcentaje del total","1.11509"
"BLZ","Belice","2005","Gobierno nacional","Porcentaje del total","88.71701"
"BLZ","Belice","2006","Fondos de seguridad social","Porcentaje del total","9.18901"
"BLZ","Belice","2006","Gobierno municipal local","Porcentaje del total","0.78425"
"BLZ","Belice","2006","Gobierno nacional","Porcentaje del total","90.02674"
"BLZ","Belice","2007","Fondos de seguridad social","Porcentaje del total","8.09322"
"BLZ","Belice","2007","Gobierno municipal local","Porcentaje del total","0.99977"
"BLZ","Belice","2007","Gobierno nacional","Porcentaje del total","90.90700"
"BLZ","Belice","2008","Fondos de seguridad social","Porcentaje del total","8.75644"
"BLZ","Belice","2008","Gobierno municipal local","Porcentaje del total","0.96159"
"BLZ","Belice","2008","Gobierno nacional","Porcentaje del total","90.28197"
"BLZ","Belice","2009","Fondos de seguridad social","Porcentaje del total","8.93883"
"BLZ","Belice","2009","Gobierno municipal local","Porcentaje del total","0.78539"
"BLZ","Belice","2009","Gobierno nacional","Porcentaje del total","90.27578"
"BLZ","Belice","2010","Fondos de seguridad social","Porcentaje del total","8.15405"
"BLZ","Belice","2010","Gobierno municipal local","Porcentaje del total","0.88799"
"BLZ","Belice","2010","Gobierno nacional","Porcentaje del total","90.95796"
"BLZ","Belice","2011","Fondos de seguridad social","Porcentaje del total","8.24039"
"BLZ","Belice","2011","Gobierno municipal local","Porcentaje del total","0.89814"
"BLZ","Belice","2011","Gobierno nacional","Porcentaje del total","90.86147"
"BLZ","Belice","2012","Fondos de seguridad social","Porcentaje del total","8.31288"
"BLZ","Belice","2012","Gobierno municipal local","Porcentaje del total","0.63084"
"BLZ","Belice","2012","Gobierno nacional","Porcentaje del total","91.05628"
"BLZ","Belice","2013","Fondos de seguridad social","Porcentaje del total","8.13802"
"BLZ","Belice","2013","Gobierno municipal local","Porcentaje del total","0.73847"
"BLZ","Belice","2013","Gobierno nacional","Porcentaje del total","91.12351"
"BLZ","Belice","2014","Fondos de seguridad social","Porcentaje del total","7.77121"
"BLZ","Belice","2014","Gobierno municipal local","Porcentaje del total","0.59654"
"BLZ","Belice","2014","Gobierno nacional","Porcentaje del total","91.63225"
"BLZ","Belice","2015","Fondos de seguridad social","Porcentaje del total","8.17077"
"BLZ","Belice","2015","Gobierno municipal local","Porcentaje del total","0.57746"
"BLZ","Belice","2015","Gobierno nacional","Porcentaje del total","91.25177"
"BLZ","Belice","2016","Fondos de seguridad social","Porcentaje del total","7.96837"
"BLZ","Belice","2016","Gobierno municipal local","Porcentaje del total","0.67646"
"BLZ","Belice","2016","Gobierno nacional","Porcentaje del total","91.35517"
"BLZ","Belice","2017","Fondos de seguridad social","Porcentaje del total","7.83621"
"BLZ","Belice","2017","Gobierno municipal local","Porcentaje del total","0.60556"
"BLZ","Belice","2017","Gobierno nacional","Porcentaje del total","91.55823"
"BLZ","Belice","2018","Fondos de seguridad social","Porcentaje del total","7.70693"
"BLZ","Belice","2018","Gobierno municipal local","Porcentaje del total","0.48922"
"BLZ","Belice","2018","Gobierno nacional","Porcentaje del total","91.80385"
"BLZ","Belice","2019","Fondos de seguridad social","Porcentaje del total","8.68781"
"BLZ","Belice","2019","Gobierno municipal local","Porcentaje del total","0.59117"
"BLZ","Belice","2019","Gobierno nacional","Porcentaje del total","90.72101"
"BLZ","Belice","2020","Fondos de seguridad social","Porcentaje del total","11.81069"
"BLZ","Belice","2020","Gobierno municipal local","Porcentaje del total","0.72722"
"BLZ","Belice","2020","Gobierno nacional","Porcentaje del total","87.46209"
"BLZ","Belice","2021","Fondos de seguridad social","Porcentaje del total","10.41657"
"BLZ","Belice","2021","Gobierno municipal local","Porcentaje del total","0.76352"
"BLZ","Belice","2021","Gobierno nacional","Porcentaje del total","88.81991"
"BLZ","Belice","2022","Fondos de seguridad social","Porcentaje del total","10.78271"
"BLZ","Belice","2022","Gobierno municipal local","Porcentaje del total","0.59013"
"BLZ","Belice","2022","Gobierno nacional","Porcentaje del total","88.62715"
"BLZ","Belice","2023","Fondos de seguridad social","Porcentaje del total","11.02137"
"BLZ","Belice","2023","Gobierno municipal local","Porcentaje del total","0.45800"
"BLZ","Belice","2023","Gobierno nacional","Porcentaje del total","88.52063"
"BLZ","Belice","2024","Fondos de seguridad social","Porcentaje del total","10.70790"
"BLZ","Belice","2024","Gobierno municipal local","Porcentaje del total","0.45689"
"BLZ","Belice","2024","Gobierno nacional","Porcentaje del total","88.83521"
"BTN","Bhután","1990","Gobierno nacional","Porcentaje del total","100.00000"
"BTN","Bhután","1991","Gobierno nacional","Porcentaje del total","100.00000"
"BTN","Bhután","1992","Gobierno nacional","Porcentaje del total","100.00000"
"BTN","Bhután","1993","Gobierno nacional","Porcentaje del total","100.00000"
"BTN","Bhután","1994","Gobierno nacional","Porcentaje del total","100.00000"
"BTN","Bhután","1995","Gobierno municipal local","Porcentaje del total","0.02155"
"BTN","Bhután","1995","Gobierno nacional","Porcentaje del total","99.97845"
"BTN","Bhután","1996","Gobierno municipal local","Porcentaje del total","0.33080"
"BTN","Bhután","1996","Gobierno nacional","Porcentaje del total","99.66920"
"BTN","Bhután","1997","Gobierno municipal local","Porcentaje del total","0.33097"
"BTN","Bhután","1997","Gobierno nacional","Porcentaje del total","99.66903"
"BTN","Bhután","1998","Gobierno municipal local","Porcentaje del total","0.34594"
"BTN","Bhután","1998","Gobierno nacional","Porcentaje del total","99.65406"
"BTN","Bhután","1999","Gobierno municipal local","Porcentaje del total","0.26375"
"BTN","Bhután","1999","Gobierno nacional","Porcentaje del total","99.73625"
"BTN","Bhután","2000","Gobierno municipal local","Porcentaje del total","0.24602"
"BTN","Bhután","2000","Gobierno nacional","Porcentaje del total","99.75398"
"BTN","Bhután","2001","Gobierno municipal local","Porcentaje del total","0.30814"
"BTN","Bhután","2001","Gobierno nacional","Porcentaje del total","99.69186"
"BTN","Bhután","2002","Gobierno municipal local","Porcentaje del total","0.44870"
"BTN","Bhután","2002","Gobierno nacional","Porcentaje del total","99.55130"
"BTN","Bhután","2003","Gobierno municipal local","Porcentaje del total","0.18732"
"BTN","Bhután","2003","Gobierno nacional","Porcentaje del total","99.81268"
"BTN","Bhután","2004","Gobierno municipal local","Porcentaje del total","0.28172"
"BTN","Bhután","2004","Gobierno nacional","Porcentaje del total","99.71828"
"BTN","Bhután","2005","Gobierno municipal local","Porcentaje del total","0.21739"
"BTN","Bhután","2005","Gobierno nacional","Porcentaje del total","99.78261"
"BTN","Bhután","2006","Gobierno municipal local","Porcentaje del total","0.33781"
"BTN","Bhután","2006","Gobierno nacional","Porcentaje del total","99.66219"
"BTN","Bhután","2007","Gobierno municipal local","Porcentaje del total","0.50250"
"BTN","Bhután","2007","Gobierno nacional","Porcentaje del total","99.49750"
"BTN","Bhután","2008","Gobierno municipal local","Porcentaje del total","0.15463"
"BTN","Bhután","2008","Gobierno nacional","Porcentaje del total","99.84537"
"BTN","Bhután","2009","Gobierno municipal local","Porcentaje del total","0.10443"
"BTN","Bhután","2009","Gobierno nacional","Porcentaje del total","99.89557"
"BTN","Bhután","2010","Gobierno municipal local","Porcentaje del total","0.05216"
"BTN","Bhután","2010","Gobierno nacional","Porcentaje del total","99.94784"
"BTN","Bhután","2011","Gobierno municipal local","Porcentaje del total","0.02339"
"BTN","Bhután","2011","Gobierno nacional","Porcentaje del total","99.97661"
"BTN","Bhután","2012","Gobierno municipal local","Porcentaje del total","0.02454"
"BTN","Bhután","2012","Gobierno nacional","Porcentaje del total","99.97546"
"BTN","Bhután","2013","Gobierno municipal local","Porcentaje del total","0.03540"
"BTN","Bhután","2013","Gobierno nacional","Porcentaje del total","99.96460"
"BTN","Bhután","2014","Gobierno municipal local","Porcentaje del total","0.04686"
"BTN","Bhután","2014","Gobierno nacional","Porcentaje del total","99.95314"
"BTN","Bhután","2015","Gobierno municipal local","Porcentaje del total","0.34222"
"BTN","Bhután","2015","Gobierno nacional","Porcentaje del total","99.65778"
"BTN","Bhután","2016","Gobierno municipal local","Porcentaje del total","0.26388"
"BTN","Bhután","2016","Gobierno nacional","Porcentaje del total","99.73612"
"BTN","Bhután","2017","Gobierno municipal local","Porcentaje del total","0.13971"
"BTN","Bhután","2017","Gobierno nacional","Porcentaje del total","99.86029"
"BTN","Bhután","2018","Gobierno municipal local","Porcentaje del total","0.13371"
"BTN","Bhután","2018","Gobierno nacional","Porcentaje del total","99.86629"
"BTN","Bhután","2019","Gobierno municipal local","Porcentaje del total","0.13617"
"BTN","Bhután","2019","Gobierno nacional","Porcentaje del total","99.86383"
"BTN","Bhután","2020","Gobierno municipal local","Porcentaje del total","0.75292"
"BTN","Bhután","2020","Gobierno nacional","Porcentaje del total","99.24708"
"BTN","Bhután","2021","Gobierno municipal local","Porcentaje del total","0.58523"
"BTN","Bhután","2021","Gobierno nacional","Porcentaje del total","99.41477"
"BTN","Bhután","2022","Gobierno municipal local","Porcentaje del total","0.56616"
"BTN","Bhután","2022","Gobierno nacional","Porcentaje del total","99.43384"
"BTN","Bhután","2023","Gobierno municipal local","Porcentaje del total","2.74903"
"BTN","Bhután","2023","Gobierno nacional","Porcentaje del total","97.25097"
"BOL","Bolivia","1990","Gobierno nacional","Porcentaje del total","100.00000"
"BOL","Bolivia","1991","Gobierno nacional","Porcentaje del total","100.00000"
"BOL","Bolivia","1992","Gobierno nacional","Porcentaje del total","100.00000"
"BOL","Bolivia","1993","Gobierno nacional","Porcentaje del total","100.00000"
"BOL","Bolivia","1994","Gobierno municipal local","Porcentaje del total","4.71433"
"BOL","Bolivia","1994","Gobierno nacional","Porcentaje del total","95.28567"
"BOL","Bolivia","1995","Gobierno municipal local","Porcentaje del total","5.72121"
"BOL","Bolivia","1995","Gobierno nacional","Porcentaje del total","94.27879"
"BOL","Bolivia","1996","Gobierno municipal local","Porcentaje del total","6.09520"
"BOL","Bolivia","1996","Gobierno nacional","Porcentaje del total","93.90480"
"BOL","Bolivia","1997","Gobierno municipal local","Porcentaje del total","5.92198"
"BOL","Bolivia","1997","Gobierno nacional","Porcentaje del total","94.07802"
"BOL","Bolivia","1998","Gobierno municipal local","Porcentaje del total","6.09444"
"BOL","Bolivia","1998","Gobierno nacional","Porcentaje del total","93.90556"
"BOL","Bolivia","1999","Gobierno municipal local","Porcentaje del total","8.29628"
"BOL","Bolivia","1999","Gobierno nacional","Porcentaje del total","91.70372"
"BOL","Bolivia","2000","Fondos de seguridad social","Porcentaje del total","7.28304"
"BOL","Bolivia","2000","Gobierno municipal local","Porcentaje del total","6.28069"
"BOL","Bolivia","2000","Gobierno nacional","Porcentaje del total","86.43627"
"BOL","Bolivia","2001","Fondos de seguridad social","Porcentaje del total","7.26982"
"BOL","Bolivia","2001","Gobierno municipal local","Porcentaje del total","5.79019"
"BOL","Bolivia","2001","Gobierno nacional","Porcentaje del total","86.93999"
"BOL","Bolivia","2002","Fondos de seguridad social","Porcentaje del total","7.51828"
"BOL","Bolivia","2002","Gobierno municipal local","Porcentaje del total","6.09189"
"BOL","Bolivia","2002","Gobierno nacional","Porcentaje del total","86.38984"
"BOL","Bolivia","2003","Fondos de seguridad social","Porcentaje del total","7.61432"
"BOL","Bolivia","2003","Gobierno municipal local","Porcentaje del total","6.08946"
"BOL","Bolivia","2003","Gobierno nacional","Porcentaje del total","86.29622"
"BOL","Bolivia","2004","Fondos de seguridad social","Porcentaje del total","6.73312"
"BOL","Bolivia","2004","Gobierno municipal local","Porcentaje del total","6.03058"
"BOL","Bolivia","2004","Gobierno nacional","Porcentaje del total","87.23631"
"BOL","Bolivia","2005","Fondos de seguridad social","Porcentaje del total","6.09298"
"BOL","Bolivia","2005","Gobierno municipal local","Porcentaje del total","4.95510"
"BOL","Bolivia","2005","Gobierno nacional","Porcentaje del total","88.95192"
"BOL","Bolivia","2006","Fondos de seguridad social","Porcentaje del total","5.69118"
"BOL","Bolivia","2006","Gobierno municipal local","Porcentaje del total","4.80105"
"BOL","Bolivia","2006","Gobierno nacional","Porcentaje del total","89.50777"
"BOL","Bolivia","2007","Fondos de seguridad social","Porcentaje del total","5.42786"
"BOL","Bolivia","2007","Gobierno municipal local","Porcentaje del total","4.73077"
"BOL","Bolivia","2007","Gobierno nacional","Porcentaje del total","89.84137"
"BOL","Bolivia","2008","Fondos de seguridad social","Porcentaje del total","5.27462"
"BOL","Bolivia","2008","Gobierno municipal local","Porcentaje del total","4.22692"
"BOL","Bolivia","2008","Gobierno nacional","Porcentaje del total","90.49846"
"BOL","Bolivia","2009","Fondos de seguridad social","Porcentaje del total","5.74328"
"BOL","Bolivia","2009","Gobierno municipal local","Porcentaje del total","4.43100"
"BOL","Bolivia","2009","Gobierno nacional","Porcentaje del total","89.82571"
"BOL","Bolivia","2010","Fondos de seguridad social","Porcentaje del total","16.68826"
"BOL","Bolivia","2010","Gobierno municipal local","Porcentaje del total","4.37601"
"BOL","Bolivia","2010","Gobierno nacional","Porcentaje del total","78.93573"
"BOL","Bolivia","2011","Fondos de seguridad social","Porcentaje del total","18.42566"
"BOL","Bolivia","2011","Gobierno municipal local","Porcentaje del total","3.60142"
"BOL","Bolivia","2011","Gobierno nacional","Porcentaje del total","77.97291"
"BOL","Bolivia","2012","Fondos de seguridad social","Porcentaje del total","19.07157"
"BOL","Bolivia","2012","Gobierno municipal local","Porcentaje del total","3.45309"
"BOL","Bolivia","2012","Gobierno nacional","Porcentaje del total","77.47534"
"BOL","Bolivia","2013","Fondos de seguridad social","Porcentaje del total","18.24871"
"BOL","Bolivia","2013","Gobierno municipal local","Porcentaje del total","3.45167"
"BOL","Bolivia","2013","Gobierno nacional","Porcentaje del total","78.29962"
"BOL","Bolivia","2014","Fondos de seguridad social","Porcentaje del total","19.70341"
"BOL","Bolivia","2014","Gobierno municipal local","Porcentaje del total","3.37731"
"BOL","Bolivia","2014","Gobierno nacional","Porcentaje del total","76.91928"
"BOL","Bolivia","2015","Fondos de seguridad social","Porcentaje del total","21.16254"
"BOL","Bolivia","2015","Gobierno municipal local","Porcentaje del total","3.84361"
"BOL","Bolivia","2015","Gobierno nacional","Porcentaje del total","74.99385"
"BOL","Bolivia","2016","Fondos de seguridad social","Porcentaje del total","22.64091"
"BOL","Bolivia","2016","Gobierno municipal local","Porcentaje del total","4.69169"
"BOL","Bolivia","2016","Gobierno nacional","Porcentaje del total","72.66740"
"BOL","Bolivia","2017","Fondos de seguridad social","Porcentaje del total","23.72841"
"BOL","Bolivia","2017","Gobierno municipal local","Porcentaje del total","5.57109"
"BOL","Bolivia","2017","Gobierno nacional","Porcentaje del total","70.70049"
"BOL","Bolivia","2018","Fondos de seguridad social","Porcentaje del total","24.11259"
"BOL","Bolivia","2018","Gobierno municipal local","Porcentaje del total","5.12041"
"BOL","Bolivia","2018","Gobierno nacional","Porcentaje del total","70.76700"
"BOL","Bolivia","2019","Fondos de seguridad social","Porcentaje del total","25.07672"
"BOL","Bolivia","2019","Gobierno municipal local","Porcentaje del total","4.58982"
"BOL","Bolivia","2019","Gobierno nacional","Porcentaje del total","70.33347"
"BOL","Bolivia","2020","Fondos de seguridad social","Porcentaje del total","29.40845"
"BOL","Bolivia","2020","Gobierno municipal local","Porcentaje del total","4.84029"
"BOL","Bolivia","2020","Gobierno nacional","Porcentaje del total","65.75127"
"BOL","Bolivia","2021","Fondos de seguridad social","Porcentaje del total","26.60377"
"BOL","Bolivia","2021","Gobierno municipal local","Porcentaje del total","4.45382"
"BOL","Bolivia","2021","Gobierno nacional","Porcentaje del total","68.94241"
"BOL","Bolivia","2022","Fondos de seguridad social","Porcentaje del total","24.09411"
"BOL","Bolivia","2022","Gobierno municipal local","Porcentaje del total","4.39606"
"BOL","Bolivia","2022","Gobierno nacional","Porcentaje del total","71.50983"
"BOL","Bolivia","2023","Fondos de seguridad social","Porcentaje del total","24.06319"
"BOL","Bolivia","2023","Gobierno municipal local","Porcentaje del total","4.54339"
"BOL","Bolivia","2023","Gobierno nacional","Porcentaje del total","71.39342"
"BOL","Bolivia","2024","Fondos de seguridad social","Porcentaje del total","24.60044"
"BOL","Bolivia","2024","Gobierno municipal local","Porcentaje del total","4.60733"
"BOL","Bolivia","2024","Gobierno nacional","Porcentaje del total","70.79223"
"BWA","Botswana","2004","Gobierno nacional","Porcentaje del total","100.00000"
"BWA","Botswana","2005","Gobierno nacional","Porcentaje del total","100.00000"
"BWA","Botswana","2006","Gobierno nacional","Porcentaje del total","100.00000"
"BWA","Botswana","2007","Gobierno nacional","Porcentaje del total","100.00000"
"BWA","Botswana","2008","Gobierno nacional","Porcentaje del total","100.00000"
"BWA","Botswana","2009","Gobierno nacional","Porcentaje del total","100.00000"
"BWA","Botswana","2010","Gobierno nacional","Porcentaje del total","100.00000"
"BWA","Botswana","2011","Gobierno nacional","Porcentaje del total","100.00000"
"BWA","Botswana","2012","Gobierno nacional","Porcentaje del total","100.00000"
"BWA","Botswana","2013","Gobierno nacional","Porcentaje del total","100.00000"
"BWA","Botswana","2014","Gobierno nacional","Porcentaje del total","100.00000"
"BWA","Botswana","2015","Gobierno nacional","Porcentaje del total","100.00000"
"BWA","Botswana","2016","Gobierno nacional","Porcentaje del total","100.00000"
"BWA","Botswana","2017","Gobierno nacional","Porcentaje del total","100.00000"
"BWA","Botswana","2018","Gobierno nacional","Porcentaje del total","100.00000"
"BWA","Botswana","2019","Gobierno nacional","Porcentaje del total","100.00000"
"BWA","Botswana","2020","Gobierno nacional","Porcentaje del total","100.00000"
"BWA","Botswana","2021","Gobierno nacional","Porcentaje del total","100.00000"
"BWA","Botswana","2022","Gobierno nacional","Porcentaje del total","100.00000"
"BWA","Botswana","2023","Gobierno nacional","Porcentaje del total","100.00000"
"BRA","Brasil","1990","Fondos de seguridad social","Porcentaje del total","24.31639"
"BRA","Brasil","1990","Gobierno municipal local","Porcentaje del total","2.57554"
"BRA","Brasil","1990","Gobierno nacional","Porcentaje del total","43.29952"
"BRA","Brasil","1990","Gobierno provincial o regional","Porcentaje del total","29.80855"
"BRA","Brasil","1991","Fondos de seguridad social","Porcentaje del total","26.32234"
"BRA","Brasil","1991","Gobierno municipal local","Porcentaje del total","4.09187"
"BRA","Brasil","1991","Gobierno nacional","Porcentaje del total","40.44825"
"BRA","Brasil","1991","Gobierno provincial o regional","Porcentaje del total","29.13754"
"BRA","Brasil","1992","Fondos de seguridad social","Porcentaje del total","25.45189"
"BRA","Brasil","1992","Gobierno municipal local","Porcentaje del total","3.23777"
"BRA","Brasil","1992","Gobierno nacional","Porcentaje del total","42.24441"
"BRA","Brasil","1992","Gobierno provincial o regional","Porcentaje del total","29.06593"
"BRA","Brasil","1993","Fondos de seguridad social","Porcentaje del total","27.21636"
"BRA","Brasil","1993","Gobierno municipal local","Porcentaje del total","2.53066"
"BRA","Brasil","1993","Gobierno nacional","Porcentaje del total","45.38479"
"BRA","Brasil","1993","Gobierno provincial o regional","Porcentaje del total","24.86818"
"BRA","Brasil","1994","Fondos de seguridad social","Porcentaje del total","23.80765"
"BRA","Brasil","1994","Gobierno municipal local","Porcentaje del total","2.72172"
"BRA","Brasil","1994","Gobierno nacional","Porcentaje del total","47.33191"
"BRA","Brasil","1994","Gobierno provincial o regional","Porcentaje del total","26.13872"
"BRA","Brasil","1995","Fondos de seguridad social","Porcentaje del total","24.97963"
"BRA","Brasil","1995","Gobierno municipal local","Porcentaje del total","3.71430"
"BRA","Brasil","1995","Gobierno nacional","Porcentaje del total","44.78326"
"BRA","Brasil","1995","Gobierno provincial o regional","Porcentaje del total","26.52281"
"BRA","Brasil","1996","Fondos de seguridad social","Porcentaje del total","26.36287"
"BRA","Brasil","1996","Gobierno municipal local","Porcentaje del total","3.78263"
"BRA","Brasil","1996","Gobierno nacional","Porcentaje del total","43.07556"
"BRA","Brasil","1996","Gobierno provincial o regional","Porcentaje del total","26.77895"
"BRA","Brasil","1997","Fondos de seguridad social","Porcentaje del total","25.61246"
"BRA","Brasil","1997","Gobierno municipal local","Porcentaje del total","3.98106"
"BRA","Brasil","1997","Gobierno nacional","Porcentaje del total","44.62205"
"BRA","Brasil","1997","Gobierno provincial o regional","Porcentaje del total","25.78443"
"BRA","Brasil","1998","Fondos de seguridad social","Porcentaje del total","26.39090"
"BRA","Brasil","1998","Gobierno municipal local","Porcentaje del total","4.02118"
"BRA","Brasil","1998","Gobierno nacional","Porcentaje del total","44.88100"
"BRA","Brasil","1998","Gobierno provincial o regional","Porcentaje del total","24.70691"
"BRA","Brasil","1999","Fondos de seguridad social","Porcentaje del total","23.97922"
"BRA","Brasil","1999","Gobierno municipal local","Porcentaje del total","3.73480"
"BRA","Brasil","1999","Gobierno nacional","Porcentaje del total","48.20668"
"BRA","Brasil","1999","Gobierno provincial o regional","Porcentaje del total","24.07931"
"BRA","Brasil","2000","Fondos de seguridad social","Porcentaje del total","23.68211"
"BRA","Brasil","2000","Gobierno municipal local","Porcentaje del total","3.39106"
"BRA","Brasil","2000","Gobierno nacional","Porcentaje del total","47.89562"
"BRA","Brasil","2000","Gobierno provincial o regional","Porcentaje del total","25.03121"
"BRA","Brasil","2001","Fondos de seguridad social","Porcentaje del total","23.01519"
"BRA","Brasil","2001","Gobierno municipal local","Porcentaje del total","3.38230"
"BRA","Brasil","2001","Gobierno nacional","Porcentaje del total","48.32621"
"BRA","Brasil","2001","Gobierno provincial o regional","Porcentaje del total","25.27630"
"BRA","Brasil","2002","Fondos de seguridad social","Porcentaje del total","23.23121"
"BRA","Brasil","2002","Gobierno municipal local","Porcentaje del total","3.94542"
"BRA","Brasil","2002","Gobierno nacional","Porcentaje del total","48.91017"
"BRA","Brasil","2002","Gobierno provincial o regional","Porcentaje del total","23.91320"
"BRA","Brasil","2003","Fondos de seguridad social","Porcentaje del total","23.30365"
"BRA","Brasil","2003","Gobierno municipal local","Porcentaje del total","3.97850"
"BRA","Brasil","2003","Gobierno nacional","Porcentaje del total","48.47051"
"BRA","Brasil","2003","Gobierno provincial o regional","Porcentaje del total","24.24734"
"BRA","Brasil","2004","Fondos de seguridad social","Porcentaje del total","23.50757"
"BRA","Brasil","2004","Gobierno municipal local","Porcentaje del total","3.94506"
"BRA","Brasil","2004","Gobierno nacional","Porcentaje del total","48.62927"
"BRA","Brasil","2004","Gobierno provincial o regional","Porcentaje del total","23.91809"
"BRA","Brasil","2005","Fondos de seguridad social","Porcentaje del total","23.72906"
"BRA","Brasil","2005","Gobierno municipal local","Porcentaje del total","3.91553"
"BRA","Brasil","2005","Gobierno nacional","Porcentaje del total","49.06338"
"BRA","Brasil","2005","Gobierno provincial o regional","Porcentaje del total","23.29203"
"BRA","Brasil","2006","Fondos de seguridad social","Porcentaje del total","24.24032"
"BRA","Brasil","2006","Gobierno municipal local","Porcentaje del total","4.13429"
"BRA","Brasil","2006","Gobierno nacional","Porcentaje del total","48.16244"
"BRA","Brasil","2006","Gobierno provincial o regional","Porcentaje del total","23.46296"
"BRA","Brasil","2007","Fondos de seguridad social","Porcentaje del total","24.04686"
"BRA","Brasil","2007","Gobierno municipal local","Porcentaje del total","4.13415"
"BRA","Brasil","2007","Gobierno nacional","Porcentaje del total","49.05951"
"BRA","Brasil","2007","Gobierno provincial o regional","Porcentaje del total","22.75948"
"BRA","Brasil","2008","Fondos de seguridad social","Porcentaje del total","23.93807"
"BRA","Brasil","2008","Gobierno municipal local","Porcentaje del total","4.23869"
"BRA","Brasil","2008","Gobierno nacional","Porcentaje del total","48.13419"
"BRA","Brasil","2008","Gobierno provincial o regional","Porcentaje del total","23.68905"
"BRA","Brasil","2009","Fondos de seguridad social","Porcentaje del total","26.23454"
"BRA","Brasil","2009","Gobierno municipal local","Porcentaje del total","4.51463"
"BRA","Brasil","2009","Gobierno nacional","Porcentaje del total","45.78686"
"BRA","Brasil","2009","Gobierno provincial o regional","Porcentaje del total","23.46397"
"BRA","Brasil","2010","Fondos de seguridad social","Porcentaje del total","25.49946"
"BRA","Brasil","2010","Gobierno municipal local","Porcentaje del total","4.80326"
"BRA","Brasil","2010","Gobierno nacional","Porcentaje del total","45.85293"
"BRA","Brasil","2010","Gobierno provincial o regional","Porcentaje del total","23.84435"
"BRA","Brasil","2011","Fondos de seguridad social","Porcentaje del total","25.32424"
"BRA","Brasil","2011","Gobierno municipal local","Porcentaje del total","4.83058"
"BRA","Brasil","2011","Gobierno nacional","Porcentaje del total","46.92786"
"BRA","Brasil","2011","Gobierno provincial o regional","Porcentaje del total","22.91732"
"BRA","Brasil","2012","Fondos de seguridad social","Porcentaje del total","26.29820"
"BRA","Brasil","2012","Gobierno municipal local","Porcentaje del total","5.06770"
"BRA","Brasil","2012","Gobierno nacional","Porcentaje del total","45.19615"
"BRA","Brasil","2012","Gobierno provincial o regional","Porcentaje del total","23.43796"
"BRA","Brasil","2013","Fondos de seguridad social","Porcentaje del total","26.08133"
"BRA","Brasil","2013","Gobierno municipal local","Porcentaje del total","5.07302"
"BRA","Brasil","2013","Gobierno nacional","Porcentaje del total","45.26847"
"BRA","Brasil","2013","Gobierno provincial o regional","Porcentaje del total","23.57718"
"BRA","Brasil","2014","Fondos de seguridad social","Porcentaje del total","26.67144"
"BRA","Brasil","2014","Gobierno municipal local","Porcentaje del total","5.34777"
"BRA","Brasil","2014","Gobierno nacional","Porcentaje del total","44.34778"
"BRA","Brasil","2014","Gobierno provincial o regional","Porcentaje del total","23.63301"
"BRA","Brasil","2015","Fondos de seguridad social","Porcentaje del total","26.59008"
"BRA","Brasil","2015","Gobierno municipal local","Porcentaje del total","5.44172"
"BRA","Brasil","2015","Gobierno nacional","Porcentaje del total","44.38963"
"BRA","Brasil","2015","Gobierno provincial o regional","Porcentaje del total","23.57858"
"BRA","Brasil","2016","Fondos de seguridad social","Porcentaje del total","26.88671"
"BRA","Brasil","2016","Gobierno municipal local","Porcentaje del total","5.31084"
"BRA","Brasil","2016","Gobierno nacional","Porcentaje del total","44.37647"
"BRA","Brasil","2016","Gobierno provincial o regional","Porcentaje del total","23.42599"
"BRA","Brasil","2017","Fondos de seguridad social","Porcentaje del total","26.90323"
"BRA","Brasil","2017","Gobierno municipal local","Porcentaje del total","5.41202"
"BRA","Brasil","2017","Gobierno nacional","Porcentaje del total","43.96000"
"BRA","Brasil","2017","Gobierno provincial o regional","Porcentaje del total","23.72475"
"BRA","Brasil","2018","Fondos de seguridad social","Porcentaje del total","25.92250"
"BRA","Brasil","2018","Gobierno municipal local","Porcentaje del total","5.63226"
"BRA","Brasil","2018","Gobierno nacional","Porcentaje del total","44.59522"
"BRA","Brasil","2018","Gobierno provincial o regional","Porcentaje del total","23.85002"
"BRA","Brasil","2019","Fondos de seguridad social","Porcentaje del total","25.98205"
"BRA","Brasil","2019","Gobierno municipal local","Porcentaje del total","5.97448"
"BRA","Brasil","2019","Gobierno nacional","Porcentaje del total","44.02308"
"BRA","Brasil","2019","Gobierno provincial o regional","Porcentaje del total","24.02039"
"BRA","Brasil","2020","Fondos de seguridad social","Porcentaje del total","26.33567"
"BRA","Brasil","2020","Gobierno municipal local","Porcentaje del total","5.84328"
"BRA","Brasil","2020","Gobierno nacional","Porcentaje del total","42.65610"
"BRA","Brasil","2020","Gobierno provincial o regional","Porcentaje del total","25.16495"
"BRA","Brasil","2021","Fondos de seguridad social","Porcentaje del total","24.02064"
"BRA","Brasil","2021","Gobierno municipal local","Porcentaje del total","6.11334"
"BRA","Brasil","2021","Gobierno nacional","Porcentaje del total","44.95209"
"BRA","Brasil","2021","Gobierno provincial o regional","Porcentaje del total","24.91392"
"BRA","Brasil","2022","Fondos de seguridad social","Porcentaje del total","24.32986"
"BRA","Brasil","2022","Gobierno municipal local","Porcentaje del total","5.99398"
"BRA","Brasil","2022","Gobierno nacional","Porcentaje del total","46.19187"
"BRA","Brasil","2022","Gobierno provincial o regional","Porcentaje del total","23.48429"
"BRA","Brasil","2023","Fondos de seguridad social","Porcentaje del total","25.26454"
"BRA","Brasil","2023","Gobierno municipal local","Porcentaje del total","6.38578"
"BRA","Brasil","2023","Gobierno nacional","Porcentaje del total","45.36610"
"BRA","Brasil","2023","Gobierno provincial o regional","Porcentaje del total","22.98358"
"BRA","Brasil","2024","Fondos de seguridad social","Porcentaje del total","24.01314"
"BRA","Brasil","2024","Gobierno municipal local","Porcentaje del total","6.35402"
"BRA","Brasil","2024","Gobierno nacional","Porcentaje del total","46.65665"
"BRA","Brasil","2024","Gobierno provincial o regional","Porcentaje del total","22.97619"
"BGR","Bulgaria","1995","European institutions and bodies (EU accounts)","Porcentaje del total","0.00000"
"BGR","Bulgaria","1995","Fondos de seguridad social","Porcentaje del total","32.85244"
"BGR","Bulgaria","1995","Gobierno municipal local","Porcentaje del total","11.85676"
"BGR","Bulgaria","1995","Gobierno nacional","Porcentaje del total","55.29080"
"BGR","Bulgaria","1995","Gobierno provincial o regional","Porcentaje del total","0.00000"
"BGR","Bulgaria","1996","European institutions and bodies (EU accounts)","Porcentaje del total","0.00000"
"BGR","Bulgaria","1996","Fondos de seguridad social","Porcentaje del total","30.73195"
"BGR","Bulgaria","1996","Gobierno municipal local","Porcentaje del total","12.94939"
"BGR","Bulgaria","1996","Gobierno nacional","Porcentaje del total","56.31866"
"BGR","Bulgaria","1996","Gobierno provincial o regional","Porcentaje del total","0.00000"
"BGR","Bulgaria","1997","European institutions and bodies (EU accounts)","Porcentaje del total","0.00000"
"BGR","Bulgaria","1997","Fondos de seguridad social","Porcentaje del total","25.63207"
"BGR","Bulgaria","1997","Gobierno municipal local","Porcentaje del total","10.62604"
"BGR","Bulgaria","1997","Gobierno nacional","Porcentaje del total","63.74188"
"BGR","Bulgaria","1997","Gobierno provincial o regional","Porcentaje del total","0.00000"
"BGR","Bulgaria","1998","European institutions and bodies (EU accounts)","Porcentaje del total","0.00000"
"BGR","Bulgaria","1998","Fondos de seguridad social","Porcentaje del total","25.61201"
"BGR","Bulgaria","1998","Gobierno municipal local","Porcentaje del total","10.49871"
"BGR","Bulgaria","1998","Gobierno nacional","Porcentaje del total","63.88928"
"BGR","Bulgaria","1998","Gobierno provincial o regional","Porcentaje del total","0.00000"
"BGR","Bulgaria","1999","European institutions and bodies (EU accounts)","Porcentaje del total","0.00000"
"BGR","Bulgaria","1999","Fondos de seguridad social","Porcentaje del total","28.94925"
"BGR","Bulgaria","1999","Gobierno municipal local","Porcentaje del total","10.18889"
"BGR","Bulgaria","1999","Gobierno nacional","Porcentaje del total","60.86186"
"BGR","Bulgaria","1999","Gobierno provincial o regional","Porcentaje del total","0.00000"
"BGR","Bulgaria","2000","European institutions and bodies (EU accounts)","Porcentaje del total","0.00000"
"BGR","Bulgaria","2000","Fondos de seguridad social","Porcentaje del total","30.99811"
"BGR","Bulgaria","2000","Gobierno municipal local","Porcentaje del total","8.90303"
"BGR","Bulgaria","2000","Gobierno nacional","Porcentaje del total","60.09886"
"BGR","Bulgaria","2000","Gobierno provincial o regional","Porcentaje del total","0.00000"
"BGR","Bulgaria","2001","European institutions and bodies (EU accounts)","Porcentaje del total","0.00000"
"BGR","Bulgaria","2001","Fondos de seguridad social","Porcentaje del total","29.40680"
"BGR","Bulgaria","2001","Gobierno municipal local","Porcentaje del total","10.01828"
"BGR","Bulgaria","2001","Gobierno nacional","Porcentaje del total","60.57492"
"BGR","Bulgaria","2001","Gobierno provincial o regional","Porcentaje del total","0.00000"
"BGR","Bulgaria","2002","European institutions and bodies (EU accounts)","Porcentaje del total","0.00000"
"BGR","Bulgaria","2002","Fondos de seguridad social","Porcentaje del total","30.52523"
"BGR","Bulgaria","2002","Gobierno municipal local","Porcentaje del total","10.04103"
"BGR","Bulgaria","2002","Gobierno nacional","Porcentaje del total","59.43374"
"BGR","Bulgaria","2002","Gobierno provincial o regional","Porcentaje del total","0.00000"
"BGR","Bulgaria","2003","European institutions and bodies (EU accounts)","Porcentaje del total","0.00000"
"BGR","Bulgaria","2003","Fondos de seguridad social","Porcentaje del total","32.86517"
"BGR","Bulgaria","2003","Gobierno municipal local","Porcentaje del total","1.53451"
"BGR","Bulgaria","2003","Gobierno nacional","Porcentaje del total","65.60032"
"BGR","Bulgaria","2003","Gobierno provincial o regional","Porcentaje del total","0.00000"
"BGR","Bulgaria","2004","European institutions and bodies (EU accounts)","Porcentaje del total","0.00000"
"BGR","Bulgaria","2004","Fondos de seguridad social","Porcentaje del total","31.51123"
"BGR","Bulgaria","2004","Gobierno municipal local","Porcentaje del total","1.56208"
"BGR","Bulgaria","2004","Gobierno nacional","Porcentaje del total","66.92669"
"BGR","Bulgaria","2004","Gobierno provincial o regional","Porcentaje del total","0.00000"
"BGR","Bulgaria","2005","European institutions and bodies (EU accounts)","Porcentaje del total","0.00000"
"BGR","Bulgaria","2005","Fondos de seguridad social","Porcentaje del total","30.50327"
"BGR","Bulgaria","2005","Gobierno municipal local","Porcentaje del total","1.73274"
"BGR","Bulgaria","2005","Gobierno nacional","Porcentaje del total","67.76398"
"BGR","Bulgaria","2005","Gobierno provincial o regional","Porcentaje del total","0.00000"
"BGR","Bulgaria","2006","European institutions and bodies (EU accounts)","Porcentaje del total","0.00000"
"BGR","Bulgaria","2006","Fondos de seguridad social","Porcentaje del total","26.25893"
"BGR","Bulgaria","2006","Gobierno municipal local","Porcentaje del total","2.28193"
"BGR","Bulgaria","2006","Gobierno nacional","Porcentaje del total","71.45913"
"BGR","Bulgaria","2006","Gobierno provincial o regional","Porcentaje del total","0.00000"
"BGR","Bulgaria","2007","European institutions and bodies (EU accounts)","Porcentaje del total","0.81734"
"BGR","Bulgaria","2007","Fondos de seguridad social","Porcentaje del total","25.22175"
"BGR","Bulgaria","2007","Gobierno municipal local","Porcentaje del total","2.70041"
"BGR","Bulgaria","2007","Gobierno nacional","Porcentaje del total","71.26050"
"BGR","Bulgaria","2007","Gobierno provincial o regional","Porcentaje del total","0.00000"
"BGR","Bulgaria","2008","European institutions and bodies (EU accounts)","Porcentaje del total","1.01149"
"BGR","Bulgaria","2008","Fondos de seguridad social","Porcentaje del total","24.19076"
"BGR","Bulgaria","2008","Gobierno municipal local","Porcentaje del total","2.99083"
"BGR","Bulgaria","2008","Gobierno nacional","Porcentaje del total","71.80692"
"BGR","Bulgaria","2008","Gobierno provincial o regional","Porcentaje del total","0.00000"
"BGR","Bulgaria","2009","European institutions and bodies (EU accounts)","Porcentaje del total","0.70493"
"BGR","Bulgaria","2009","Fondos de seguridad social","Porcentaje del total","26.95288"
"BGR","Bulgaria","2009","Gobierno municipal local","Porcentaje del total","2.81732"
"BGR","Bulgaria","2009","Gobierno nacional","Porcentaje del total","69.52487"
"BGR","Bulgaria","2009","Gobierno provincial o regional","Porcentaje del total","0.00000"
"BGR","Bulgaria","2010","European institutions and bodies (EU accounts)","Porcentaje del total","0.58169"
"BGR","Bulgaria","2010","Fondos de seguridad social","Porcentaje del total","26.12918"
"BGR","Bulgaria","2010","Gobierno municipal local","Porcentaje del total","2.92417"
"BGR","Bulgaria","2010","Gobierno nacional","Porcentaje del total","70.36497"
"BGR","Bulgaria","2010","Gobierno provincial o regional","Porcentaje del total","0.00000"
"BGR","Bulgaria","2011","European institutions and bodies (EU accounts)","Porcentaje del total","0.62038"
"BGR","Bulgaria","2011","Fondos de seguridad social","Porcentaje del total","26.20830"
"BGR","Bulgaria","2011","Gobierno municipal local","Porcentaje del total","2.98138"
"BGR","Bulgaria","2011","Gobierno nacional","Porcentaje del total","70.18994"
"BGR","Bulgaria","2011","Gobierno provincial o regional","Porcentaje del total","0.00000"
"BGR","Bulgaria","2012","European institutions and bodies (EU accounts)","Porcentaje del total","0.55585"
"BGR","Bulgaria","2012","Fondos de seguridad social","Porcentaje del total","25.96491"
"BGR","Bulgaria","2012","Gobierno municipal local","Porcentaje del total","2.98020"
"BGR","Bulgaria","2012","Gobierno nacional","Porcentaje del total","70.49904"
"BGR","Bulgaria","2012","Gobierno provincial o regional","Porcentaje del total","0.00000"
"BGR","Bulgaria","2013","European institutions and bodies (EU accounts)","Porcentaje del total","0.61742"
"BGR","Bulgaria","2013","Fondos de seguridad social","Porcentaje del total","26.43095"
"BGR","Bulgaria","2013","Gobierno municipal local","Porcentaje del total","2.97370"
"BGR","Bulgaria","2013","Gobierno nacional","Porcentaje del total","69.97793"
"BGR","Bulgaria","2013","Gobierno provincial o regional","Porcentaje del total","0.00000"
"BGR","Bulgaria","2014","European institutions and bodies (EU accounts)","Porcentaje del total","0.57945"
"BGR","Bulgaria","2014","Fondos de seguridad social","Porcentaje del total","27.51488"
"BGR","Bulgaria","2014","Gobierno municipal local","Porcentaje del total","3.00754"
"BGR","Bulgaria","2014","Gobierno nacional","Porcentaje del total","68.89813"
"BGR","Bulgaria","2014","Gobierno provincial o regional","Porcentaje del total","0.00000"
"BGR","Bulgaria","2015","European institutions and bodies (EU accounts)","Porcentaje del total","0.56601"
"BGR","Bulgaria","2015","Fondos de seguridad social","Porcentaje del total","26.94337"
"BGR","Bulgaria","2015","Gobierno municipal local","Porcentaje del total","2.92876"
"BGR","Bulgaria","2015","Gobierno nacional","Porcentaje del total","69.56186"
"BGR","Bulgaria","2015","Gobierno provincial o regional","Porcentaje del total","0.00000"
"BGR","Bulgaria","2016","European institutions and bodies (EU accounts)","Porcentaje del total","0.69819"
"BGR","Bulgaria","2016","Fondos de seguridad social","Porcentaje del total","26.48327"
"BGR","Bulgaria","2016","Gobierno municipal local","Porcentaje del total","3.14765"
"BGR","Bulgaria","2016","Gobierno nacional","Porcentaje del total","69.67088"
"BGR","Bulgaria","2016","Gobierno provincial o regional","Porcentaje del total","0.00000"
"BGR","Bulgaria","2017","European institutions and bodies (EU accounts)","Porcentaje del total","0.60613"
"BGR","Bulgaria","2017","Fondos de seguridad social","Porcentaje del total","27.59834"
"BGR","Bulgaria","2017","Gobierno municipal local","Porcentaje del total","3.02013"
"BGR","Bulgaria","2017","Gobierno nacional","Porcentaje del total","68.77540"
"BGR","Bulgaria","2017","Gobierno provincial o regional","Porcentaje del total","0.00000"
"BGR","Bulgaria","2018","European institutions and bodies (EU accounts)","Porcentaje del total","0.72348"
"BGR","Bulgaria","2018","Fondos de seguridad social","Porcentaje del total","29.16044"
"BGR","Bulgaria","2018","Gobierno municipal local","Porcentaje del total","3.03289"
"BGR","Bulgaria","2018","Gobierno nacional","Porcentaje del total","67.08319"
"BGR","Bulgaria","2018","Gobierno provincial o regional","Porcentaje del total","0.00000"
"BGR","Bulgaria","2019","European institutions and bodies (EU accounts)","Porcentaje del total","0.61269"
"BGR","Bulgaria","2019","Fondos de seguridad social","Porcentaje del total","29.05577"
"BGR","Bulgaria","2019","Gobierno municipal local","Porcentaje del total","2.85107"
"BGR","Bulgaria","2019","Gobierno nacional","Porcentaje del total","67.48047"
"BGR","Bulgaria","2019","Gobierno provincial o regional","Porcentaje del total","0.00000"
"BGR","Bulgaria","2020","European institutions and bodies (EU accounts)","Porcentaje del total","0.66055"
"BGR","Bulgaria","2020","Fondos de seguridad social","Porcentaje del total","29.93689"
"BGR","Bulgaria","2020","Gobierno municipal local","Porcentaje del total","2.91280"
"BGR","Bulgaria","2020","Gobierno nacional","Porcentaje del total","66.48977"
"BGR","Bulgaria","2020","Gobierno provincial o regional","Porcentaje del total","0.00000"
"BGR","Bulgaria","2021","European institutions and bodies (EU accounts)","Porcentaje del total","1.05982"
"BGR","Bulgaria","2021","Fondos de seguridad social","Porcentaje del total","28.76474"
"BGR","Bulgaria","2021","Gobierno municipal local","Porcentaje del total","3.06059"
"BGR","Bulgaria","2021","Gobierno nacional","Porcentaje del total","67.11485"
"BGR","Bulgaria","2021","Gobierno provincial o regional","Porcentaje del total","0.00000"
"BGR","Bulgaria","2022","European institutions and bodies (EU accounts)","Porcentaje del total","0.89024"
"BGR","Bulgaria","2022","Fondos de seguridad social","Porcentaje del total","26.54695"
"BGR","Bulgaria","2022","Gobierno municipal local","Porcentaje del total","2.61362"
"BGR","Bulgaria","2022","Gobierno nacional","Porcentaje del total","69.94918"
"BGR","Bulgaria","2022","Gobierno provincial o regional","Porcentaje del total","0.00000"
"BGR","Bulgaria","2023","European institutions and bodies (EU accounts)","Porcentaje del total","0.64068"
"BGR","Bulgaria","2023","Fondos de seguridad social","Porcentaje del total","28.42123"
"BGR","Bulgaria","2023","Gobierno municipal local","Porcentaje del total","2.51430"
"BGR","Bulgaria","2023","Gobierno nacional","Porcentaje del total","68.42379"
"BGR","Bulgaria","2023","Gobierno provincial o regional","Porcentaje del total","0.00000"
"BGR","Bulgaria","2024","European institutions and bodies (EU accounts)","Porcentaje del total","0.52824"
"BGR","Bulgaria","2024","Fondos de seguridad social","Porcentaje del total","29.09894"
"BGR","Bulgaria","2024","Gobierno municipal local","Porcentaje del total","2.49626"
"BGR","Bulgaria","2024","Gobierno nacional","Porcentaje del total","67.87656"
"BFA","Burkina Faso","2000","Fondos de seguridad social","Porcentaje del total","15.90966"
"BFA","Burkina Faso","2000","Gobierno nacional","Porcentaje del total","84.09034"
"BFA","Burkina Faso","2001","Fondos de seguridad social","Porcentaje del total","15.09701"
"BFA","Burkina Faso","2001","Gobierno nacional","Porcentaje del total","84.90299"
"BFA","Burkina Faso","2002","Fondos de seguridad social","Porcentaje del total","14.11965"
"BFA","Burkina Faso","2002","Gobierno nacional","Porcentaje del total","85.88035"
"BFA","Burkina Faso","2003","Fondos de seguridad social","Porcentaje del total","13.92967"
"BFA","Burkina Faso","2003","Gobierno nacional","Porcentaje del total","86.07033"
"BFA","Burkina Faso","2004","Fondos de seguridad social","Porcentaje del total","13.67348"
"BFA","Burkina Faso","2004","Gobierno nacional","Porcentaje del total","86.32652"
"BFA","Burkina Faso","2005","Fondos de seguridad social","Porcentaje del total","13.17374"
"BFA","Burkina Faso","2005","Gobierno nacional","Porcentaje del total","86.82626"
"BFA","Burkina Faso","2006","Fondos de seguridad social","Porcentaje del total","13.33317"
"BFA","Burkina Faso","2006","Gobierno nacional","Porcentaje del total","86.66683"
"BFA","Burkina Faso","2007","Fondos de seguridad social","Porcentaje del total","12.82221"
"BFA","Burkina Faso","2007","Gobierno nacional","Porcentaje del total","87.17779"
"BFA","Burkina Faso","2008","Fondos de seguridad social","Porcentaje del total","12.66998"
"BFA","Burkina Faso","2008","Gobierno nacional","Porcentaje del total","87.33002"
"BFA","Burkina Faso","2009","Fondos de seguridad social","Porcentaje del total","12.47257"
"BFA","Burkina Faso","2009","Gobierno nacional","Porcentaje del total","87.52743"
"BFA","Burkina Faso","2010","Fondos de seguridad social","Porcentaje del total","10.95854"
"BFA","Burkina Faso","2010","Gobierno nacional","Porcentaje del total","89.04146"
"BFA","Burkina Faso","2011","Fondos de seguridad social","Porcentaje del total","10.87389"
"BFA","Burkina Faso","2011","Gobierno nacional","Porcentaje del total","89.12611"
"BFA","Burkina Faso","2012","Fondos de seguridad social","Porcentaje del total","9.59890"
"BFA","Burkina Faso","2012","Gobierno nacional","Porcentaje del total","90.40110"
"BFA","Burkina Faso","2013","Fondos de seguridad social","Porcentaje del total","9.82870"
"BFA","Burkina Faso","2013","Gobierno nacional","Porcentaje del total","90.17130"
"BFA","Burkina Faso","2014","Fondos de seguridad social","Porcentaje del total","10.75856"
"BFA","Burkina Faso","2014","Gobierno nacional","Porcentaje del total","89.24144"
"BFA","Burkina Faso","2015","Fondos de seguridad social","Porcentaje del total","11.78358"
"BFA","Burkina Faso","2015","Gobierno nacional","Porcentaje del total","88.21642"
"BFA","Burkina Faso","2016","Fondos de seguridad social","Porcentaje del total","11.51299"
"BFA","Burkina Faso","2016","Gobierno nacional","Porcentaje del total","88.48701"
"BFA","Burkina Faso","2017","Fondos de seguridad social","Porcentaje del total","10.98248"
"BFA","Burkina Faso","2017","Gobierno nacional","Porcentaje del total","89.01752"
"BFA","Burkina Faso","2018","Fondos de seguridad social","Porcentaje del total","11.05923"
"BFA","Burkina Faso","2018","Gobierno nacional","Porcentaje del total","88.94077"
"BFA","Burkina Faso","2019","Fondos de seguridad social","Porcentaje del total","10.93556"
"BFA","Burkina Faso","2019","Gobierno nacional","Porcentaje del total","89.06444"
"BFA","Burkina Faso","2020","Fondos de seguridad social","Porcentaje del total","9.50186"
"BFA","Burkina Faso","2020","Gobierno nacional","Porcentaje del total","90.49814"
"BFA","Burkina Faso","2021","Fondos de seguridad social","Porcentaje del total","10.00263"
"BFA","Burkina Faso","2021","Gobierno nacional","Porcentaje del total","89.99737"
"BFA","Burkina Faso","2022","Fondos de seguridad social","Porcentaje del total","8.74120"
"BFA","Burkina Faso","2022","Gobierno nacional","Porcentaje del total","91.25880"
"BFA","Burkina Faso","2023","Fondos de seguridad social","Porcentaje del total","9.61349"
"BFA","Burkina Faso","2023","Gobierno nacional","Porcentaje del total","90.38651"
"BEL","Bélgica","1990","European institutions and bodies (EU accounts)","Porcentaje del total","1.34005"
"BEL","Bélgica","1990","Fondos de seguridad social","Porcentaje del total","32.28833"
"BEL","Bélgica","1990","Gobierno municipal local","Porcentaje del total","4.35719"
"BEL","Bélgica","1990","Gobierno nacional","Porcentaje del total","60.37627"
"BEL","Bélgica","1990","Gobierno provincial o regional","Porcentaje del total","1.63817"
"BEL","Bélgica","1991","European institutions and bodies (EU accounts)","Porcentaje del total","1.37043"
"BEL","Bélgica","1991","Fondos de seguridad social","Porcentaje del total","33.38422"
"BEL","Bélgica","1991","Gobierno municipal local","Porcentaje del total","4.57336"
"BEL","Bélgica","1991","Gobierno nacional","Porcentaje del total","59.08009"
"BEL","Bélgica","1991","Gobierno provincial o regional","Porcentaje del total","1.59189"
"BEL","Bélgica","1992","European institutions and bodies (EU accounts)","Porcentaje del total","1.23208"
"BEL","Bélgica","1992","Fondos de seguridad social","Porcentaje del total","34.18552"
"BEL","Bélgica","1992","Gobierno municipal local","Porcentaje del total","4.56937"
"BEL","Bélgica","1992","Gobierno nacional","Porcentaje del total","58.38345"
"BEL","Bélgica","1992","Gobierno provincial o regional","Porcentaje del total","1.62958"
"BEL","Bélgica","1993","European institutions and bodies (EU accounts)","Porcentaje del total","1.09079"
"BEL","Bélgica","1993","Fondos de seguridad social","Porcentaje del total","33.61863"
"BEL","Bélgica","1993","Gobierno municipal local","Porcentaje del total","4.34784"
"BEL","Bélgica","1993","Gobierno nacional","Porcentaje del total","59.10475"
"BEL","Bélgica","1993","Gobierno provincial o regional","Porcentaje del total","1.83799"
"BEL","Bélgica","1994","European institutions and bodies (EU accounts)","Porcentaje del total","1.04843"
"BEL","Bélgica","1994","Fondos de seguridad social","Porcentaje del total","32.98321"
"BEL","Bélgica","1994","Gobierno municipal local","Porcentaje del total","4.67927"
"BEL","Bélgica","1994","Gobierno nacional","Porcentaje del total","59.48079"
"BEL","Bélgica","1994","Gobierno provincial o regional","Porcentaje del total","1.80831"
"BEL","Bélgica","1995","European institutions and bodies (EU accounts)","Porcentaje del total","1.04085"
"BEL","Bélgica","1995","Fondos de seguridad social","Porcentaje del total","32.24575"
"BEL","Bélgica","1995","Gobierno municipal local","Porcentaje del total","4.75143"
"BEL","Bélgica","1995","Gobierno nacional","Porcentaje del total","60.12260"
"BEL","Bélgica","1995","Gobierno provincial o regional","Porcentaje del total","1.83937"
"BEL","Bélgica","1996","European institutions and bodies (EU accounts)","Porcentaje del total","0.95246"
"BEL","Bélgica","1996","Fondos de seguridad social","Porcentaje del total","32.10322"
"BEL","Bélgica","1996","Gobierno municipal local","Porcentaje del total","4.82624"
"BEL","Bélgica","1996","Gobierno nacional","Porcentaje del total","60.16181"
"BEL","Bélgica","1996","Gobierno provincial o regional","Porcentaje del total","1.95627"
"BEL","Bélgica","1997","European institutions and bodies (EU accounts)","Porcentaje del total","1.01515"
"BEL","Bélgica","1997","Fondos de seguridad social","Porcentaje del total","31.95302"
"BEL","Bélgica","1997","Gobierno municipal local","Porcentaje del total","4.82447"
"BEL","Bélgica","1997","Gobierno nacional","Porcentaje del total","60.29736"
"BEL","Bélgica","1997","Gobierno provincial o regional","Porcentaje del total","1.91001"
"BEL","Bélgica","1998","European institutions and bodies (EU accounts)","Porcentaje del total","0.97900"
"BEL","Bélgica","1998","Fondos de seguridad social","Porcentaje del total","31.71808"
"BEL","Bélgica","1998","Gobierno municipal local","Porcentaje del total","4.51569"
"BEL","Bélgica","1998","Gobierno nacional","Porcentaje del total","60.74536"
"BEL","Bélgica","1998","Gobierno provincial o regional","Porcentaje del total","2.04187"
"BEL","Bélgica","1999","European institutions and bodies (EU accounts)","Porcentaje del total","0.89015"
"BEL","Bélgica","1999","Fondos de seguridad social","Porcentaje del total","31.70680"
"BEL","Bélgica","1999","Gobierno municipal local","Porcentaje del total","4.64293"
"BEL","Bélgica","1999","Gobierno nacional","Porcentaje del total","60.64286"
"BEL","Bélgica","1999","Gobierno provincial o regional","Porcentaje del total","2.11726"
"BEL","Bélgica","2000","European institutions and bodies (EU accounts)","Porcentaje del total","0.92075"
"BEL","Bélgica","2000","Fondos de seguridad social","Porcentaje del total","31.05276"
"BEL","Bélgica","2000","Gobierno municipal local","Porcentaje del total","4.08506"
"BEL","Bélgica","2000","Gobierno nacional","Porcentaje del total","61.76866"
"BEL","Bélgica","2000","Gobierno provincial o regional","Porcentaje del total","2.17276"
"BEL","Bélgica","2001","European institutions and bodies (EU accounts)","Porcentaje del total","0.87521"
"BEL","Bélgica","2001","Fondos de seguridad social","Porcentaje del total","31.63290"
"BEL","Bélgica","2001","Gobierno municipal local","Porcentaje del total","4.45234"
"BEL","Bélgica","2001","Gobierno nacional","Porcentaje del total","60.79463"
"BEL","Bélgica","2001","Gobierno provincial o regional","Porcentaje del total","2.24492"
"BEL","Bélgica","2002","European institutions and bodies (EU accounts)","Porcentaje del total","0.85829"
"BEL","Bélgica","2002","Fondos de seguridad social","Porcentaje del total","32.03335"
"BEL","Bélgica","2002","Gobierno municipal local","Porcentaje del total","4.75590"
"BEL","Bélgica","2002","Gobierno nacional","Porcentaje del total","57.90248"
"BEL","Bélgica","2002","Gobierno provincial o regional","Porcentaje del total","4.44997"
"BEL","Bélgica","2003","European institutions and bodies (EU accounts)","Porcentaje del total","0.93902"
"BEL","Bélgica","2003","Fondos de seguridad social","Porcentaje del total","31.94706"
"BEL","Bélgica","2003","Gobierno municipal local","Porcentaje del total","5.01703"
"BEL","Bélgica","2003","Gobierno nacional","Porcentaje del total","57.50323"
"BEL","Bélgica","2003","Gobierno provincial o regional","Porcentaje del total","4.59367"
"BEL","Bélgica","2004","European institutions and bodies (EU accounts)","Porcentaje del total","0.91474"
"BEL","Bélgica","2004","Fondos de seguridad social","Porcentaje del total","31.37365"
"BEL","Bélgica","2004","Gobierno municipal local","Porcentaje del total","4.84464"
"BEL","Bélgica","2004","Gobierno nacional","Porcentaje del total","58.16748"
"BEL","Bélgica","2004","Gobierno provincial o regional","Porcentaje del total","4.69948"
"BEL","Bélgica","2005","European institutions and bodies (EU accounts)","Porcentaje del total","0.94135"
"BEL","Bélgica","2005","Fondos de seguridad social","Porcentaje del total","30.92815"
"BEL","Bélgica","2005","Gobierno municipal local","Porcentaje del total","4.75490"
"BEL","Bélgica","2005","Gobierno nacional","Porcentaje del total","58.30521"
"BEL","Bélgica","2005","Gobierno provincial o regional","Porcentaje del total","5.07039"
"BEL","Bélgica","2006","European institutions and bodies (EU accounts)","Porcentaje del total","0.92532"
"BEL","Bélgica","2006","Fondos de seguridad social","Porcentaje del total","30.95763"
"BEL","Bélgica","2006","Gobierno municipal local","Porcentaje del total","4.79897"
"BEL","Bélgica","2006","Gobierno nacional","Porcentaje del total","58.10716"
"BEL","Bélgica","2006","Gobierno provincial o regional","Porcentaje del total","5.21092"
"BEL","Bélgica","2007","European institutions and bodies (EU accounts)","Porcentaje del total","0.98325"
"BEL","Bélgica","2007","Fondos de seguridad social","Porcentaje del total","31.18674"
"BEL","Bélgica","2007","Gobierno municipal local","Porcentaje del total","4.98399"
"BEL","Bélgica","2007","Gobierno nacional","Porcentaje del total","57.53806"
"BEL","Bélgica","2007","Gobierno provincial o regional","Porcentaje del total","5.30796"
"BEL","Bélgica","2008","European institutions and bodies (EU accounts)","Porcentaje del total","1.05623"
"BEL","Bélgica","2008","Fondos de seguridad social","Porcentaje del total","31.76446"
"BEL","Bélgica","2008","Gobierno municipal local","Porcentaje del total","4.43102"
"BEL","Bélgica","2008","Gobierno nacional","Porcentaje del total","57.58450"
"BEL","Bélgica","2008","Gobierno provincial o regional","Porcentaje del total","5.16379"
"BEL","Bélgica","2009","European institutions and bodies (EU accounts)","Porcentaje del total","0.81411"
"BEL","Bélgica","2009","Fondos de seguridad social","Porcentaje del total","33.54002"
"BEL","Bélgica","2009","Gobierno municipal local","Porcentaje del total","5.39752"
"BEL","Bélgica","2009","Gobierno nacional","Porcentaje del total","55.24269"
"BEL","Bélgica","2009","Gobierno provincial o regional","Porcentaje del total","5.00567"
"BEL","Bélgica","2010","European institutions and bodies (EU accounts)","Porcentaje del total","0.81877"
"BEL","Bélgica","2010","Fondos de seguridad social","Porcentaje del total","32.53164"
"BEL","Bélgica","2010","Gobierno municipal local","Porcentaje del total","5.05700"
"BEL","Bélgica","2010","Gobierno nacional","Porcentaje del total","56.37966"
"BEL","Bélgica","2010","Gobierno provincial o regional","Porcentaje del total","5.21292"
"BEL","Bélgica","2011","European institutions and bodies (EU accounts)","Porcentaje del total","0.79064"
"BEL","Bélgica","2011","Fondos de seguridad social","Porcentaje del total","32.51760"
"BEL","Bélgica","2011","Gobierno municipal local","Porcentaje del total","5.03186"
"BEL","Bélgica","2011","Gobierno nacional","Porcentaje del total","56.32022"
"BEL","Bélgica","2011","Gobierno provincial o regional","Porcentaje del total","5.33967"
"BEL","Bélgica","2012","European institutions and bodies (EU accounts)","Porcentaje del total","0.73344"
"BEL","Bélgica","2012","Fondos de seguridad social","Porcentaje del total","32.43071"
"BEL","Bélgica","2012","Gobierno municipal local","Porcentaje del total","4.62305"
"BEL","Bélgica","2012","Gobierno nacional","Porcentaje del total","57.01957"
"BEL","Bélgica","2012","Gobierno provincial o regional","Porcentaje del total","5.19323"
"BEL","Bélgica","2013","European institutions and bodies (EU accounts)","Porcentaje del total","0.66570"
"BEL","Bélgica","2013","Fondos de seguridad social","Porcentaje del total","32.16595"
"BEL","Bélgica","2013","Gobierno municipal local","Porcentaje del total","4.71090"
"BEL","Bélgica","2013","Gobierno nacional","Porcentaje del total","56.98127"
"BEL","Bélgica","2013","Gobierno provincial o regional","Porcentaje del total","5.47619"
"BEL","Bélgica","2014","European institutions and bodies (EU accounts)","Porcentaje del total","0.68829"
"BEL","Bélgica","2014","Fondos de seguridad social","Porcentaje del total","31.96636"
"BEL","Bélgica","2014","Gobierno municipal local","Porcentaje del total","4.62826"
"BEL","Bélgica","2014","Gobierno nacional","Porcentaje del total","57.39821"
"BEL","Bélgica","2014","Gobierno provincial o regional","Porcentaje del total","5.31888"
"BEL","Bélgica","2015","European institutions and bodies (EU accounts)","Porcentaje del total","0.87942"
"BEL","Bélgica","2015","Fondos de seguridad social","Porcentaje del total","32.23142"
"BEL","Bélgica","2015","Gobierno municipal local","Porcentaje del total","4.86161"
"BEL","Bélgica","2015","Gobierno nacional","Porcentaje del total","54.35861"
"BEL","Bélgica","2015","Gobierno provincial o regional","Porcentaje del total","7.66894"
"BEL","Bélgica","2016","European institutions and bodies (EU accounts)","Porcentaje del total","0.98105"
"BEL","Bélgica","2016","Fondos de seguridad social","Porcentaje del total","32.60346"
"BEL","Bélgica","2016","Gobierno municipal local","Porcentaje del total","5.02331"
"BEL","Bélgica","2016","Gobierno nacional","Porcentaje del total","50.67445"
"BEL","Bélgica","2016","Gobierno provincial o regional","Porcentaje del total","10.71772"
"BEL","Bélgica","2017","European institutions and bodies (EU accounts)","Porcentaje del total","0.94232"
"BEL","Bélgica","2017","Fondos de seguridad social","Porcentaje del total","31.99625"
"BEL","Bélgica","2017","Gobierno municipal local","Porcentaje del total","4.86209"
"BEL","Bélgica","2017","Gobierno nacional","Porcentaje del total","51.40268"
"BEL","Bélgica","2017","Gobierno provincial o regional","Porcentaje del total","10.79666"
"BEL","Bélgica","2018","European institutions and bodies (EU accounts)","Porcentaje del total","0.95116"
"BEL","Bélgica","2018","Fondos de seguridad social","Porcentaje del total","31.65724"
"BEL","Bélgica","2018","Gobierno municipal local","Porcentaje del total","4.57765"
"BEL","Bélgica","2018","Gobierno nacional","Porcentaje del total","52.58987"
"BEL","Bélgica","2018","Gobierno provincial o regional","Porcentaje del total","10.22408"
"BEL","Bélgica","2019","European institutions and bodies (EU accounts)","Porcentaje del total","0.98628"
"BEL","Bélgica","2019","Fondos de seguridad social","Porcentaje del total","32.57212"
"BEL","Bélgica","2019","Gobierno municipal local","Porcentaje del total","4.92850"
"BEL","Bélgica","2019","Gobierno nacional","Porcentaje del total","50.90986"
"BEL","Bélgica","2019","Gobierno provincial o regional","Porcentaje del total","10.60324"
"BEL","Bélgica","2020","European institutions and bodies (EU accounts)","Porcentaje del total","0.94924"
"BEL","Bélgica","2020","Fondos de seguridad social","Porcentaje del total","33.42536"
"BEL","Bélgica","2020","Gobierno municipal local","Porcentaje del total","5.10572"
"BEL","Bélgica","2020","Gobierno nacional","Porcentaje del total","49.45636"
"BEL","Bélgica","2020","Gobierno provincial o regional","Porcentaje del total","11.06332"
"BEL","Bélgica","2021","European institutions and bodies (EU accounts)","Porcentaje del total","0.91292"
"BEL","Bélgica","2021","Fondos de seguridad social","Porcentaje del total","32.10058"
"BEL","Bélgica","2021","Gobierno municipal local","Porcentaje del total","4.46145"
"BEL","Bélgica","2021","Gobierno nacional","Porcentaje del total","52.35589"
"BEL","Bélgica","2021","Gobierno provincial o regional","Porcentaje del total","10.16916"
"BEL","Bélgica","2022","European institutions and bodies (EU accounts)","Porcentaje del total","1.14664"
"BEL","Bélgica","2022","Fondos de seguridad social","Porcentaje del total","31.62636"
"BEL","Bélgica","2022","Gobierno municipal local","Porcentaje del total","4.52916"
"BEL","Bélgica","2022","Gobierno nacional","Porcentaje del total","52.59602"
"BEL","Bélgica","2022","Gobierno provincial o regional","Porcentaje del total","10.10182"
"BEL","Bélgica","2023","European institutions and bodies (EU accounts)","Porcentaje del total","0.88565"
"BEL","Bélgica","2023","Fondos de seguridad social","Porcentaje del total","32.11420"
"BEL","Bélgica","2023","Gobierno municipal local","Porcentaje del total","4.72366"
"BEL","Bélgica","2023","Gobierno nacional","Porcentaje del total","52.39574"
"BEL","Bélgica","2023","Gobierno provincial o regional","Porcentaje del total","9.88074"
"BEL","Bélgica","2024","European institutions and bodies (EU accounts)","Porcentaje del total","0.68831"
"BEL","Bélgica","2024","Fondos de seguridad social","Porcentaje del total","32.12976"
"BEL","Bélgica","2024","Gobierno municipal local","Porcentaje del total","4.58316"
"BEL","Bélgica","2024","Gobierno nacional","Porcentaje del total","52.56674"
"BEL","Bélgica","2024","Gobierno provincial o regional","Porcentaje del total","10.03203"
"CPV","Cabo Verde","1990","Fondos de seguridad social","Porcentaje del total","0.00000"
"CPV","Cabo Verde","1990","Gobierno nacional","Porcentaje del total","100.00000"
"CPV","Cabo Verde","1991","Fondos de seguridad social","Porcentaje del total","0.00000"
"CPV","Cabo Verde","1991","Gobierno nacional","Porcentaje del total","100.00000"
"CPV","Cabo Verde","1992","Fondos de seguridad social","Porcentaje del total","0.00000"
"CPV","Cabo Verde","1992","Gobierno nacional","Porcentaje del total","100.00000"
"CPV","Cabo Verde","1993","Fondos de seguridad social","Porcentaje del total","0.00000"
"CPV","Cabo Verde","1993","Gobierno nacional","Porcentaje del total","100.00000"
"CPV","Cabo Verde","1994","Fondos de seguridad social","Porcentaje del total","0.00000"
"CPV","Cabo Verde","1994","Gobierno nacional","Porcentaje del total","100.00000"
"CPV","Cabo Verde","1995","Fondos de seguridad social","Porcentaje del total","0.00000"
"CPV","Cabo Verde","1995","Gobierno nacional","Porcentaje del total","100.00000"
"CPV","Cabo Verde","1996","Fondos de seguridad social","Porcentaje del total","0.00000"
"CPV","Cabo Verde","1996","Gobierno nacional","Porcentaje del total","100.00000"
"CPV","Cabo Verde","1997","Fondos de seguridad social","Porcentaje del total","0.00000"
"CPV","Cabo Verde","1997","Gobierno nacional","Porcentaje del total","100.00000"
"CPV","Cabo Verde","1998","Fondos de seguridad social","Porcentaje del total","0.00000"
"CPV","Cabo Verde","1998","Gobierno nacional","Porcentaje del total","100.00000"
"CPV","Cabo Verde","1999","Fondos de seguridad social","Porcentaje del total","0.00000"
"CPV","Cabo Verde","1999","Gobierno nacional","Porcentaje del total","100.00000"
"CPV","Cabo Verde","2000","Fondos de seguridad social","Porcentaje del total","5.18554"
"CPV","Cabo Verde","2000","Gobierno nacional","Porcentaje del total","94.81446"
"CPV","Cabo Verde","2001","Fondos de seguridad social","Porcentaje del total","2.80136"
"CPV","Cabo Verde","2001","Gobierno nacional","Porcentaje del total","97.19864"
"CPV","Cabo Verde","2002","Fondos de seguridad social","Porcentaje del total","2.09594"
"CPV","Cabo Verde","2002","Gobierno nacional","Porcentaje del total","97.90406"
"CPV","Cabo Verde","2003","Fondos de seguridad social","Porcentaje del total","2.90964"
"CPV","Cabo Verde","2003","Gobierno nacional","Porcentaje del total","97.09036"
"CPV","Cabo Verde","2004","Fondos de seguridad social","Porcentaje del total","2.79066"
"CPV","Cabo Verde","2004","Gobierno nacional","Porcentaje del total","97.20934"
"CPV","Cabo Verde","2005","Fondos de seguridad social","Porcentaje del total","2.83099"
"CPV","Cabo Verde","2005","Gobierno nacional","Porcentaje del total","97.16901"
"CPV","Cabo Verde","2006","Fondos de seguridad social","Porcentaje del total","2.19310"
"CPV","Cabo Verde","2006","Gobierno nacional","Porcentaje del total","97.80690"
"CPV","Cabo Verde","2007","Fondos de seguridad social","Porcentaje del total","0.34089"
"CPV","Cabo Verde","2007","Gobierno nacional","Porcentaje del total","99.65911"
"CPV","Cabo Verde","2008","Fondos de seguridad social","Porcentaje del total","0.17453"
"CPV","Cabo Verde","2008","Gobierno municipal local","Porcentaje del total","1.87528"
"CPV","Cabo Verde","2008","Gobierno nacional","Porcentaje del total","97.95019"
"CPV","Cabo Verde","2009","Fondos de seguridad social","Porcentaje del total","0.17949"
"CPV","Cabo Verde","2009","Gobierno municipal local","Porcentaje del total","2.35925"
"CPV","Cabo Verde","2009","Gobierno nacional","Porcentaje del total","97.46126"
"CPV","Cabo Verde","2010","Fondos de seguridad social","Porcentaje del total","0.15938"
"CPV","Cabo Verde","2010","Gobierno municipal local","Porcentaje del total","2.80883"
"CPV","Cabo Verde","2010","Gobierno nacional","Porcentaje del total","97.03179"
"CPV","Cabo Verde","2011","Fondos de seguridad social","Porcentaje del total","0.12237"
"CPV","Cabo Verde","2011","Gobierno municipal local","Porcentaje del total","3.08201"
"CPV","Cabo Verde","2011","Gobierno nacional","Porcentaje del total","96.79562"
"CPV","Cabo Verde","2012","Fondos de seguridad social","Porcentaje del total","0.15031"
"CPV","Cabo Verde","2012","Gobierno municipal local","Porcentaje del total","3.18469"
"CPV","Cabo Verde","2012","Gobierno nacional","Porcentaje del total","96.66499"
"CPV","Cabo Verde","2013","Fondos de seguridad social","Porcentaje del total","0.15257"
"CPV","Cabo Verde","2013","Gobierno municipal local","Porcentaje del total","3.34573"
"CPV","Cabo Verde","2013","Gobierno nacional","Porcentaje del total","96.50170"
"CPV","Cabo Verde","2014","Fondos de seguridad social","Porcentaje del total","0.20588"
"CPV","Cabo Verde","2014","Gobierno municipal local","Porcentaje del total","3.48982"
"CPV","Cabo Verde","2014","Gobierno nacional","Porcentaje del total","96.30430"
"CPV","Cabo Verde","2015","Fondos de seguridad social","Porcentaje del total","0.14896"
"CPV","Cabo Verde","2015","Gobierno municipal local","Porcentaje del total","3.33760"
"CPV","Cabo Verde","2015","Gobierno nacional","Porcentaje del total","96.51344"
"CPV","Cabo Verde","2016","Fondos de seguridad social","Porcentaje del total","0.17291"
"CPV","Cabo Verde","2016","Gobierno municipal local","Porcentaje del total","3.56852"
"CPV","Cabo Verde","2016","Gobierno nacional","Porcentaje del total","96.25857"
"CPV","Cabo Verde","2017","Fondos de seguridad social","Porcentaje del total","0.16980"
"CPV","Cabo Verde","2017","Gobierno municipal local","Porcentaje del total","1.79269"
"CPV","Cabo Verde","2017","Gobierno nacional","Porcentaje del total","98.03751"
"CPV","Cabo Verde","2018","Fondos de seguridad social","Porcentaje del total","0.19104"
"CPV","Cabo Verde","2018","Gobierno municipal local","Porcentaje del total","2.82543"
"CPV","Cabo Verde","2018","Gobierno nacional","Porcentaje del total","96.98353"
"CPV","Cabo Verde","2019","Fondos de seguridad social","Porcentaje del total","0.18331"
"CPV","Cabo Verde","2019","Gobierno municipal local","Porcentaje del total","3.01552"
"CPV","Cabo Verde","2019","Gobierno nacional","Porcentaje del total","96.80116"
"CPV","Cabo Verde","2020","Fondos de seguridad social","Porcentaje del total","0.23369"
"CPV","Cabo Verde","2020","Gobierno municipal local","Porcentaje del total","2.73233"
"CPV","Cabo Verde","2020","Gobierno nacional","Porcentaje del total","97.03398"
"CPV","Cabo Verde","2021","Fondos de seguridad social","Porcentaje del total","0.23988"
"CPV","Cabo Verde","2021","Gobierno municipal local","Porcentaje del total","0.00000"
"CPV","Cabo Verde","2021","Gobierno nacional","Porcentaje del total","99.76012"
"CPV","Cabo Verde","2022","Fondos de seguridad social","Porcentaje del total","0.18745"
"CPV","Cabo Verde","2022","Gobierno municipal local","Porcentaje del total","0.00000"
"CPV","Cabo Verde","2022","Gobierno nacional","Porcentaje del total","99.81255"
"CPV","Cabo Verde","2023","Fondos de seguridad social","Porcentaje del total","0.18066"
"CPV","Cabo Verde","2023","Gobierno municipal local","Porcentaje del total","0.00000"
"CPV","Cabo Verde","2023","Gobierno nacional","Porcentaje del total","99.81934"
"KHM","Camboya","2005","Gobierno nacional","Porcentaje del total","100.00000"
"KHM","Camboya","2006","Gobierno nacional","Porcentaje del total","100.00000"
"KHM","Camboya","2007","Gobierno nacional","Porcentaje del total","100.00000"
"KHM","Camboya","2008","Gobierno nacional","Porcentaje del total","100.00000"
"KHM","Camboya","2009","Gobierno nacional","Porcentaje del total","100.00000"
"KHM","Camboya","2010","Gobierno nacional","Porcentaje del total","100.00000"
"KHM","Camboya","2011","Gobierno nacional","Porcentaje del total","100.00000"
"KHM","Camboya","2012","Gobierno municipal local","Porcentaje del total","6.78141"
"KHM","Camboya","2012","Gobierno nacional","Porcentaje del total","93.21859"
"KHM","Camboya","2013","Gobierno municipal local","Porcentaje del total","6.33689"
"KHM","Camboya","2013","Gobierno nacional","Porcentaje del total","93.66311"
"KHM","Camboya","2014","Gobierno municipal local","Porcentaje del total","5.67112"
"KHM","Camboya","2014","Gobierno nacional","Porcentaje del total","94.32888"
"KHM","Camboya","2015","Gobierno municipal local","Porcentaje del total","6.63880"
"KHM","Camboya","2015","Gobierno nacional","Porcentaje del total","93.36120"
"KHM","Camboya","2016","Gobierno municipal local","Porcentaje del total","5.90041"
"KHM","Camboya","2016","Gobierno nacional","Porcentaje del total","94.09959"
"KHM","Camboya","2017","Gobierno municipal local","Porcentaje del total","6.64527"
"KHM","Camboya","2017","Gobierno nacional","Porcentaje del total","93.35473"
"KHM","Camboya","2018","Gobierno municipal local","Porcentaje del total","8.54762"
"KHM","Camboya","2018","Gobierno nacional","Porcentaje del total","91.45238"
"KHM","Camboya","2019","Gobierno municipal local","Porcentaje del total","8.87315"
"KHM","Camboya","2019","Gobierno nacional","Porcentaje del total","91.12685"
"KHM","Camboya","2020","Gobierno municipal local","Porcentaje del total","9.30378"
"KHM","Camboya","2020","Gobierno nacional","Porcentaje del total","90.69622"
"KHM","Camboya","2021","Gobierno municipal local","Porcentaje del total","9.00917"
"KHM","Camboya","2021","Gobierno nacional","Porcentaje del total","90.99083"
"KHM","Camboya","2022","Gobierno municipal local","Porcentaje del total","8.30432"
"KHM","Camboya","2022","Gobierno nacional","Porcentaje del total","91.69568"
"KHM","Camboya","2023","Gobierno municipal local","Porcentaje del total","8.36499"
"KHM","Camboya","2023","Gobierno nacional","Porcentaje del total","91.63501"
"CMR","Camerún","1993","Fondos de seguridad social","Porcentaje del total","8.72600"
"CMR","Camerún","1993","Gobierno municipal local","Porcentaje del total","0.00000"
"CMR","Camerún","1993","Gobierno nacional","Porcentaje del total","91.27400"
"CMR","Camerún","1993","Gobierno provincial o regional","Porcentaje del total","0.00000"
"CMR","Camerún","1994","Fondos de seguridad social","Porcentaje del total","7.64363"
"CMR","Camerún","1994","Gobierno municipal local","Porcentaje del total","0.00000"
"CMR","Camerún","1994","Gobierno nacional","Porcentaje del total","92.35637"
"CMR","Camerún","1994","Gobierno provincial o regional","Porcentaje del total","0.00000"
"CMR","Camerún","1995","Fondos de seguridad social","Porcentaje del total","6.00115"
"CMR","Camerún","1995","Gobierno municipal local","Porcentaje del total","0.00000"
"CMR","Camerún","1995","Gobierno nacional","Porcentaje del total","93.99885"
"CMR","Camerún","1995","Gobierno provincial o regional","Porcentaje del total","0.00000"
"CMR","Camerún","1996","Fondos de seguridad social","Porcentaje del total","6.34615"
"CMR","Camerún","1996","Gobierno municipal local","Porcentaje del total","0.00000"
"CMR","Camerún","1996","Gobierno nacional","Porcentaje del total","93.65385"
"CMR","Camerún","1996","Gobierno provincial o regional","Porcentaje del total","0.00000"
"CMR","Camerún","1997","Fondos de seguridad social","Porcentaje del total","5.76925"
"CMR","Camerún","1997","Gobierno municipal local","Porcentaje del total","0.00000"
"CMR","Camerún","1997","Gobierno nacional","Porcentaje del total","94.23075"
"CMR","Camerún","1997","Gobierno provincial o regional","Porcentaje del total","0.00000"
"CMR","Camerún","1998","Fondos de seguridad social","Porcentaje del total","4.86779"
"CMR","Camerún","1998","Gobierno municipal local","Porcentaje del total","0.00000"
"CMR","Camerún","1998","Gobierno nacional","Porcentaje del total","95.13221"
"CMR","Camerún","1998","Gobierno provincial o regional","Porcentaje del total","0.00000"
"CMR","Camerún","1999","Fondos de seguridad social","Porcentaje del total","5.20331"
"CMR","Camerún","1999","Gobierno municipal local","Porcentaje del total","0.00000"
"CMR","Camerún","1999","Gobierno nacional","Porcentaje del total","94.79669"
"CMR","Camerún","1999","Gobierno provincial o regional","Porcentaje del total","0.00000"
"CMR","Camerún","2000","Fondos de seguridad social","Porcentaje del total","5.64498"
"CMR","Camerún","2000","Gobierno municipal local","Porcentaje del total","0.00000"
"CMR","Camerún","2000","Gobierno nacional","Porcentaje del total","94.35502"
"CMR","Camerún","2000","Gobierno provincial o regional","Porcentaje del total","0.00000"
"CMR","Camerún","2001","Fondos de seguridad social","Porcentaje del total","5.41150"
"CMR","Camerún","2001","Gobierno municipal local","Porcentaje del total","0.00000"
"CMR","Camerún","2001","Gobierno nacional","Porcentaje del total","94.58850"
"CMR","Camerún","2001","Gobierno provincial o regional","Porcentaje del total","0.00000"
"CMR","Camerún","2002","Fondos de seguridad social","Porcentaje del total","5.91611"
"CMR","Camerún","2002","Gobierno municipal local","Porcentaje del total","0.00000"
"CMR","Camerún","2002","Gobierno nacional","Porcentaje del total","94.08389"
"CMR","Camerún","2002","Gobierno provincial o regional","Porcentaje del total","0.00000"
"CMR","Camerún","2003","Fondos de seguridad social","Porcentaje del total","5.83404"
"CMR","Camerún","2003","Gobierno municipal local","Porcentaje del total","0.00000"
"CMR","Camerún","2003","Gobierno nacional","Porcentaje del total","94.16596"
"CMR","Camerún","2003","Gobierno provincial o regional","Porcentaje del total","0.00000"
"CMR","Camerún","2004","Fondos de seguridad social","Porcentaje del total","6.29249"
"CMR","Camerún","2004","Gobierno municipal local","Porcentaje del total","0.00000"
"CMR","Camerún","2004","Gobierno nacional","Porcentaje del total","93.70751"
"CMR","Camerún","2004","Gobierno provincial o regional","Porcentaje del total","0.00000"
"CMR","Camerún","2005","Fondos de seguridad social","Porcentaje del total","5.26577"
"CMR","Camerún","2005","Gobierno municipal local","Porcentaje del total","0.00000"
"CMR","Camerún","2005","Gobierno nacional","Porcentaje del total","94.73423"
"CMR","Camerún","2005","Gobierno provincial o regional","Porcentaje del total","0.00000"
"CMR","Camerún","2006","Fondos de seguridad social","Porcentaje del total","4.70320"
"CMR","Camerún","2006","Gobierno municipal local","Porcentaje del total","0.00000"
"CMR","Camerún","2006","Gobierno nacional","Porcentaje del total","95.29680"
"CMR","Camerún","2006","Gobierno provincial o regional","Porcentaje del total","0.00000"
"CMR","Camerún","2007","Fondos de seguridad social","Porcentaje del total","4.51640"
"CMR","Camerún","2007","Gobierno municipal local","Porcentaje del total","0.00000"
"CMR","Camerún","2007","Gobierno nacional","Porcentaje del total","95.48360"
"CMR","Camerún","2007","Gobierno provincial o regional","Porcentaje del total","0.00000"
"CMR","Camerún","2008","Fondos de seguridad social","Porcentaje del total","4.78345"
"CMR","Camerún","2008","Gobierno municipal local","Porcentaje del total","0.00000"
"CMR","Camerún","2008","Gobierno nacional","Porcentaje del total","95.21655"
"CMR","Camerún","2008","Gobierno provincial o regional","Porcentaje del total","0.00000"
"CMR","Camerún","2009","Fondos de seguridad social","Porcentaje del total","4.82090"
"CMR","Camerún","2009","Gobierno municipal local","Porcentaje del total","0.00000"
"CMR","Camerún","2009","Gobierno nacional","Porcentaje del total","95.17910"
"CMR","Camerún","2009","Gobierno provincial o regional","Porcentaje del total","0.00000"
"CMR","Camerún","2010","Fondos de seguridad social","Porcentaje del total","6.51844"
"CMR","Camerún","2010","Gobierno municipal local","Porcentaje del total","0.00000"
"CMR","Camerún","2010","Gobierno nacional","Porcentaje del total","93.48156"
"CMR","Camerún","2010","Gobierno provincial o regional","Porcentaje del total","0.00000"
"CMR","Camerún","2011","Fondos de seguridad social","Porcentaje del total","6.05122"
"CMR","Camerún","2011","Gobierno municipal local","Porcentaje del total","0.00000"
"CMR","Camerún","2011","Gobierno nacional","Porcentaje del total","93.94878"
"CMR","Camerún","2011","Gobierno provincial o regional","Porcentaje del total","0.00000"
"CMR","Camerún","2012","Fondos de seguridad social","Porcentaje del total","5.65888"
"CMR","Camerún","2012","Gobierno municipal local","Porcentaje del total","0.00000"
"CMR","Camerún","2012","Gobierno nacional","Porcentaje del total","94.34112"
"CMR","Camerún","2012","Gobierno provincial o regional","Porcentaje del total","0.00000"
"CMR","Camerún","2013","Fondos de seguridad social","Porcentaje del total","5.22070"
"CMR","Camerún","2013","Gobierno municipal local","Porcentaje del total","0.00000"
"CMR","Camerún","2013","Gobierno nacional","Porcentaje del total","94.77930"
"CMR","Camerún","2013","Gobierno provincial o regional","Porcentaje del total","0.00000"
"CMR","Camerún","2014","Fondos de seguridad social","Porcentaje del total","4.53693"
"CMR","Camerún","2014","Gobierno municipal local","Porcentaje del total","0.00000"
"CMR","Camerún","2014","Gobierno nacional","Porcentaje del total","95.46307"
"CMR","Camerún","2014","Gobierno provincial o regional","Porcentaje del total","0.00000"
"CMR","Camerún","2015","Fondos de seguridad social","Porcentaje del total","4.32761"
"CMR","Camerún","2015","Gobierno municipal local","Porcentaje del total","0.00000"
"CMR","Camerún","2015","Gobierno nacional","Porcentaje del total","95.67239"
"CMR","Camerún","2015","Gobierno provincial o regional","Porcentaje del total","0.00000"
"CMR","Camerún","2016","Fondos de seguridad social","Porcentaje del total","5.69644"
"CMR","Camerún","2016","Gobierno municipal local","Porcentaje del total","0.00000"
"CMR","Camerún","2016","Gobierno nacional","Porcentaje del total","94.30356"
"CMR","Camerún","2016","Gobierno provincial o regional","Porcentaje del total","0.00000"
"CMR","Camerún","2017","Fondos de seguridad social","Porcentaje del total","5.72480"
"CMR","Camerún","2017","Gobierno municipal local","Porcentaje del total","0.00000"
"CMR","Camerún","2017","Gobierno nacional","Porcentaje del total","94.27520"
"CMR","Camerún","2017","Gobierno provincial o regional","Porcentaje del total","0.00000"
"CMR","Camerún","2018","Fondos de seguridad social","Porcentaje del total","5.67314"
"CMR","Camerún","2018","Gobierno municipal local","Porcentaje del total","0.00000"
"CMR","Camerún","2018","Gobierno nacional","Porcentaje del total","94.32686"
"CMR","Camerún","2018","Gobierno provincial o regional","Porcentaje del total","0.00000"
"CMR","Camerún","2019","Fondos de seguridad social","Porcentaje del total","5.90819"
"CMR","Camerún","2019","Gobierno municipal local","Porcentaje del total","0.00000"
"CMR","Camerún","2019","Gobierno nacional","Porcentaje del total","94.09181"
"CMR","Camerún","2019","Gobierno provincial o regional","Porcentaje del total","0.00000"
"CMR","Camerún","2020","Fondos de seguridad social","Porcentaje del total","6.24932"
"CMR","Camerún","2020","Gobierno municipal local","Porcentaje del total","0.00000"
"CMR","Camerún","2020","Gobierno nacional","Porcentaje del total","93.75068"
"CMR","Camerún","2020","Gobierno provincial o regional","Porcentaje del total","0.00000"
"CMR","Camerún","2021","Fondos de seguridad social","Porcentaje del total","5.99858"
"CMR","Camerún","2021","Gobierno municipal local","Porcentaje del total","0.00000"
"CMR","Camerún","2021","Gobierno nacional","Porcentaje del total","94.00142"
"CMR","Camerún","2021","Gobierno provincial o regional","Porcentaje del total","0.00000"
"CMR","Camerún","2022","Fondos de seguridad social","Porcentaje del total","5.38422"
"CMR","Camerún","2022","Gobierno municipal local","Porcentaje del total","0.00000"
"CMR","Camerún","2022","Gobierno nacional","Porcentaje del total","94.61578"
"CMR","Camerún","2022","Gobierno provincial o regional","Porcentaje del total","0.00000"
"CMR","Camerún","2023","Fondos de seguridad social","Porcentaje del total","5.00347"
"CMR","Camerún","2023","Gobierno municipal local","Porcentaje del total","0.00000"
"CMR","Camerún","2023","Gobierno nacional","Porcentaje del total","94.99653"
"CMR","Camerún","2023","Gobierno provincial o regional","Porcentaje del total","0.00000"
"CMR","Camerún","2024","Fondos de seguridad social","Porcentaje del total","4.69453"
"CMR","Camerún","2024","Gobierno municipal local","Porcentaje del total","0.00000"
"CMR","Camerún","2024","Gobierno nacional","Porcentaje del total","95.30547"
"CMR","Camerún","2024","Gobierno provincial o regional","Porcentaje del total","0.00000"
"CAN","Canadá","1990","Fondos de seguridad social","Porcentaje del total","12.14546"
"CAN","Canadá","1990","Gobierno municipal local","Porcentaje del total","9.63503"
"CAN","Canadá","1990","Gobierno nacional","Porcentaje del total","41.65470"
"CAN","Canadá","1990","Gobierno provincial o regional","Porcentaje del total","36.56482"
"CAN","Canadá","1991","Fondos de seguridad social","Porcentaje del total","13.14197"
"CAN","Canadá","1991","Gobierno municipal local","Porcentaje del total","10.12463"
"CAN","Canadá","1991","Gobierno nacional","Porcentaje del total","41.00119"
"CAN","Canadá","1991","Gobierno provincial o regional","Porcentaje del total","35.73220"
"CAN","Canadá","1992","Fondos de seguridad social","Porcentaje del total","14.20866"
"CAN","Canadá","1992","Gobierno municipal local","Porcentaje del total","10.70786"
"CAN","Canadá","1992","Gobierno nacional","Porcentaje del total","39.95625"
"CAN","Canadá","1992","Gobierno provincial o regional","Porcentaje del total","35.12724"
"CAN","Canadá","1993","Fondos de seguridad social","Porcentaje del total","14.19627"
"CAN","Canadá","1993","Gobierno municipal local","Porcentaje del total","10.78931"
"CAN","Canadá","1993","Gobierno nacional","Porcentaje del total","38.39783"
"CAN","Canadá","1993","Gobierno provincial o regional","Porcentaje del total","36.61658"
"CAN","Canadá","1994","Fondos de seguridad social","Porcentaje del total","14.58116"
"CAN","Canadá","1994","Gobierno municipal local","Porcentaje del total","10.19165"
"CAN","Canadá","1994","Gobierno nacional","Porcentaje del total","38.86287"
"CAN","Canadá","1994","Gobierno provincial o regional","Porcentaje del total","36.36432"
"CAN","Canadá","1995","Fondos de seguridad social","Porcentaje del total","13.99187"
"CAN","Canadá","1995","Gobierno municipal local","Porcentaje del total","9.82569"
"CAN","Canadá","1995","Gobierno nacional","Porcentaje del total","39.11883"
"CAN","Canadá","1995","Gobierno provincial o regional","Porcentaje del total","37.06362"
"CAN","Canadá","1996","Fondos de seguridad social","Porcentaje del total","14.00154"
"CAN","Canadá","1996","Gobierno municipal local","Porcentaje del total","9.56660"
"CAN","Canadá","1996","Gobierno nacional","Porcentaje del total","39.79913"
"CAN","Canadá","1996","Gobierno provincial o regional","Porcentaje del total","36.63274"
"CAN","Canadá","1997","Fondos de seguridad social","Porcentaje del total","13.31227"
"CAN","Canadá","1997","Gobierno municipal local","Porcentaje del total","9.23179"
"CAN","Canadá","1997","Gobierno nacional","Porcentaje del total","41.48900"
"CAN","Canadá","1997","Gobierno provincial o regional","Porcentaje del total","35.96694"
"CAN","Canadá","1998","Fondos de seguridad social","Porcentaje del total","13.87875"
"CAN","Canadá","1998","Gobierno municipal local","Porcentaje del total","8.85359"
"CAN","Canadá","1998","Gobierno nacional","Porcentaje del total","40.79371"
"CAN","Canadá","1998","Gobierno provincial o regional","Porcentaje del total","36.47395"
"CAN","Canadá","1999","Fondos de seguridad social","Porcentaje del total","6.04363"
"CAN","Canadá","1999","Gobierno municipal local","Porcentaje del total","8.55666"
"CAN","Canadá","1999","Gobierno nacional","Porcentaje del total","46.80026"
"CAN","Canadá","1999","Gobierno provincial o regional","Porcentaje del total","38.59945"
"CAN","Canadá","2000","Fondos de seguridad social","Porcentaje del total","6.67215"
"CAN","Canadá","2000","Gobierno municipal local","Porcentaje del total","8.08484"
"CAN","Canadá","2000","Gobierno nacional","Porcentaje del total","47.26223"
"CAN","Canadá","2000","Gobierno provincial o regional","Porcentaje del total","37.98078"
"CAN","Canadá","2001","Fondos de seguridad social","Porcentaje del total","7.33640"
"CAN","Canadá","2001","Gobierno municipal local","Porcentaje del total","9.32743"
"CAN","Canadá","2001","Gobierno nacional","Porcentaje del total","46.23635"
"CAN","Canadá","2001","Gobierno provincial o regional","Porcentaje del total","37.09982"
"CAN","Canadá","2002","Fondos de seguridad social","Porcentaje del total","8.23717"
"CAN","Canadá","2002","Gobierno municipal local","Porcentaje del total","9.45564"
"CAN","Canadá","2002","Gobierno nacional","Porcentaje del total","45.01691"
"CAN","Canadá","2002","Gobierno provincial o regional","Porcentaje del total","37.29028"
"CAN","Canadá","2003","Fondos de seguridad social","Porcentaje del total","8.58100"
"CAN","Canadá","2003","Gobierno municipal local","Porcentaje del total","9.35676"
"CAN","Canadá","2003","Gobierno nacional","Porcentaje del total","44.67034"
"CAN","Canadá","2003","Gobierno provincial o regional","Porcentaje del total","37.39190"
"CAN","Canadá","2004","Fondos de seguridad social","Porcentaje del total","8.42308"
"CAN","Canadá","2004","Gobierno municipal local","Porcentaje del total","9.22408"
"CAN","Canadá","2004","Gobierno nacional","Porcentaje del total","44.63581"
"CAN","Canadá","2004","Gobierno provincial o regional","Porcentaje del total","37.71703"
"CAN","Canadá","2005","Fondos de seguridad social","Porcentaje del total","8.36398"
"CAN","Canadá","2005","Gobierno municipal local","Porcentaje del total","9.22050"
"CAN","Canadá","2005","Gobierno nacional","Porcentaje del total","44.47547"
"CAN","Canadá","2005","Gobierno provincial o regional","Porcentaje del total","37.94005"
"CAN","Canadá","2006","Fondos de seguridad social","Porcentaje del total","8.36884"
"CAN","Canadá","2006","Gobierno municipal local","Porcentaje del total","8.89529"
"CAN","Canadá","2006","Gobierno nacional","Porcentaje del total","44.17852"
"CAN","Canadá","2006","Gobierno provincial o regional","Porcentaje del total","38.55734"
"CAN","Canadá","2007","Fondos de seguridad social","Porcentaje del total","8.40241"
"CAN","Canadá","2007","Gobierno municipal local","Porcentaje del total","9.04119"
"CAN","Canadá","2007","Gobierno nacional","Porcentaje del total","44.15862"
"CAN","Canadá","2007","Gobierno provincial o regional","Porcentaje del total","38.39778"
"CAN","Canadá","2008","Fondos de seguridad social","Porcentaje del total","8.92649"
"CAN","Canadá","2008","Gobierno municipal local","Porcentaje del total","9.76010"
"CAN","Canadá","2008","Gobierno nacional","Porcentaje del total","42.57806"
"CAN","Canadá","2008","Gobierno provincial o regional","Porcentaje del total","38.73534"
"CAN","Canadá","2009","Fondos de seguridad social","Porcentaje del total","9.37061"
"CAN","Canadá","2009","Gobierno municipal local","Porcentaje del total","10.35521"
"CAN","Canadá","2009","Gobierno nacional","Porcentaje del total","41.43053"
"CAN","Canadá","2009","Gobierno provincial o regional","Porcentaje del total","38.84364"
"CAN","Canadá","2010","Fondos de seguridad social","Porcentaje del total","9.14419"
"CAN","Canadá","2010","Gobierno municipal local","Porcentaje del total","10.73121"
"CAN","Canadá","2010","Gobierno nacional","Porcentaje del total","41.18938"
"CAN","Canadá","2010","Gobierno provincial o regional","Porcentaje del total","38.93522"
"CAN","Canadá","2011","Fondos de seguridad social","Porcentaje del total","9.01123"
"CAN","Canadá","2011","Gobierno municipal local","Porcentaje del total","10.44029"
"CAN","Canadá","2011","Gobierno nacional","Porcentaje del total","41.55264"
"CAN","Canadá","2011","Gobierno provincial o regional","Porcentaje del total","38.99585"
"CAN","Canadá","2012","Fondos de seguridad social","Porcentaje del total","9.22245"
"CAN","Canadá","2012","Gobierno municipal local","Porcentaje del total","10.49584"
"CAN","Canadá","2012","Gobierno nacional","Porcentaje del total","40.76763"
"CAN","Canadá","2012","Gobierno provincial o regional","Porcentaje del total","39.51408"
"CAN","Canadá","2013","Fondos de seguridad social","Porcentaje del total","9.24476"
"CAN","Canadá","2013","Gobierno municipal local","Porcentaje del total","10.49030"
"CAN","Canadá","2013","Gobierno nacional","Porcentaje del total","40.93042"
"CAN","Canadá","2013","Gobierno provincial o regional","Porcentaje del total","39.33452"
"CAN","Canadá","2014","Fondos de seguridad social","Porcentaje del total","9.11930"
"CAN","Canadá","2014","Gobierno municipal local","Porcentaje del total","10.38231"
"CAN","Canadá","2014","Gobierno nacional","Porcentaje del total","41.27320"
"CAN","Canadá","2014","Gobierno provincial o regional","Porcentaje del total","39.22520"
"CAN","Canadá","2015","Fondos de seguridad social","Porcentaje del total","9.01251"
"CAN","Canadá","2015","Gobierno municipal local","Porcentaje del total","10.38867"
"CAN","Canadá","2015","Gobierno nacional","Porcentaje del total","41.19648"
"CAN","Canadá","2015","Gobierno provincial o regional","Porcentaje del total","39.40233"
"CAN","Canadá","2016","Fondos de seguridad social","Porcentaje del total","8.94645"
"CAN","Canadá","2016","Gobierno municipal local","Porcentaje del total","10.42320"
"CAN","Canadá","2016","Gobierno nacional","Porcentaje del total","40.95828"
"CAN","Canadá","2016","Gobierno provincial o regional","Porcentaje del total","39.67207"
"CAN","Canadá","2017","Fondos de seguridad social","Porcentaje del total","8.99055"
"CAN","Canadá","2017","Gobierno municipal local","Porcentaje del total","10.26785"
"CAN","Canadá","2017","Gobierno nacional","Porcentaje del total","40.93496"
"CAN","Canadá","2017","Gobierno provincial o regional","Porcentaje del total","39.80664"
"CAN","Canadá","2018","Fondos de seguridad social","Porcentaje del total","8.81627"
"CAN","Canadá","2018","Gobierno municipal local","Porcentaje del total","9.92466"
"CAN","Canadá","2018","Gobierno nacional","Porcentaje del total","41.80295"
"CAN","Canadá","2018","Gobierno provincial o regional","Porcentaje del total","39.45612"
"CAN","Canadá","2019","Fondos de seguridad social","Porcentaje del total","9.19477"
"CAN","Canadá","2019","Gobierno municipal local","Porcentaje del total","10.05474"
"CAN","Canadá","2019","Gobierno nacional","Porcentaje del total","41.34201"
"CAN","Canadá","2019","Gobierno provincial o regional","Porcentaje del total","39.40847"
"CAN","Canadá","2020","Fondos de seguridad social","Porcentaje del total","9.31499"
"CAN","Canadá","2020","Gobierno municipal local","Porcentaje del total","9.99668"
"CAN","Canadá","2020","Gobierno nacional","Porcentaje del total","41.98494"
"CAN","Canadá","2020","Gobierno provincial o regional","Porcentaje del total","38.70339"
"CAN","Canadá","2021","Fondos de seguridad social","Porcentaje del total","9.34405"
"CAN","Canadá","2021","Gobierno municipal local","Porcentaje del total","9.17700"
"CAN","Canadá","2021","Gobierno nacional","Porcentaje del total","42.69265"
"CAN","Canadá","2021","Gobierno provincial o regional","Porcentaje del total","38.78631"
"CAN","Canadá","2022","Fondos de seguridad social","Porcentaje del total","9.41324"
"CAN","Canadá","2022","Gobierno municipal local","Porcentaje del total","8.74196"
"CAN","Canadá","2022","Gobierno nacional","Porcentaje del total","43.04826"
"CAN","Canadá","2022","Gobierno provincial o regional","Porcentaje del total","38.79654"
"CAN","Canadá","2023","Fondos de seguridad social","Porcentaje del total","10.30494"
"CAN","Canadá","2023","Gobierno municipal local","Porcentaje del total","8.44579"
"CAN","Canadá","2023","Gobierno nacional","Porcentaje del total","43.24735"
"CAN","Canadá","2023","Gobierno provincial o regional","Porcentaje del total","38.00192"
"CAN","Canadá","2024","Fondos de seguridad social","Porcentaje del total","10.45022"
"CAN","Canadá","2024","Gobierno municipal local","Porcentaje del total","8.18469"
"CAN","Canadá","2024","Gobierno nacional","Porcentaje del total","43.58958"
"CAN","Canadá","2024","Gobierno provincial o regional","Porcentaje del total","37.77552"
"TCD","Chad","2010","Gobierno nacional","Porcentaje del total","100.00000"
"TCD","Chad","2011","Gobierno nacional","Porcentaje del total","100.00000"
"TCD","Chad","2012","Gobierno nacional","Porcentaje del total","100.00000"
"TCD","Chad","2013","Gobierno nacional","Porcentaje del total","100.00000"
"TCD","Chad","2014","Gobierno nacional","Porcentaje del total","100.00000"
"TCD","Chad","2015","Gobierno nacional","Porcentaje del total","100.00000"
"TCD","Chad","2016","Gobierno nacional","Porcentaje del total","100.00000"
"TCD","Chad","2017","Gobierno nacional","Porcentaje del total","100.00000"
"TCD","Chad","2018","Gobierno nacional","Porcentaje del total","100.00000"
"TCD","Chad","2019","Gobierno nacional","Porcentaje del total","100.00000"
"TCD","Chad","2020","Gobierno nacional","Porcentaje del total","100.00000"
"TCD","Chad","2021","Gobierno nacional","Porcentaje del total","100.00000"
"TCD","Chad","2022","Gobierno nacional","Porcentaje del total","100.00000"
"TCD","Chad","2023","Gobierno nacional","Porcentaje del total","100.00000"
"TCD","Chad","2024","Gobierno nacional","Porcentaje del total","100.00000"
"CZE","Chequia","1993","Fondos de seguridad social","Porcentaje del total","38.57574"
"CZE","Chequia","1993","Gobierno municipal local","Porcentaje del total","9.11665"
"CZE","Chequia","1993","Gobierno nacional","Porcentaje del total","52.30761"
"CZE","Chequia","1994","Fondos de seguridad social","Porcentaje del total","40.07653"
"CZE","Chequia","1994","Gobierno municipal local","Porcentaje del total","11.74830"
"CZE","Chequia","1994","Gobierno nacional","Porcentaje del total","48.17517"
"CZE","Chequia","1995","Fondos de seguridad social","Porcentaje del total","41.37943"
"CZE","Chequia","1995","Gobierno municipal local","Porcentaje del total","0.89488"
"CZE","Chequia","1995","Gobierno nacional","Porcentaje del total","57.72568"
"CZE","Chequia","1996","Fondos de seguridad social","Porcentaje del total","42.97714"
"CZE","Chequia","1996","Gobierno municipal local","Porcentaje del total","0.87493"
"CZE","Chequia","1996","Gobierno nacional","Porcentaje del total","56.14793"
"CZE","Chequia","1997","Fondos de seguridad social","Porcentaje del total","43.57144"
"CZE","Chequia","1997","Gobierno municipal local","Porcentaje del total","0.80881"
"CZE","Chequia","1997","Gobierno nacional","Porcentaje del total","55.61975"
"CZE","Chequia","1998","Fondos de seguridad social","Porcentaje del total","44.29997"
"CZE","Chequia","1998","Gobierno municipal local","Porcentaje del total","0.87991"
"CZE","Chequia","1998","Gobierno nacional","Porcentaje del total","54.82012"
"CZE","Chequia","1999","Fondos de seguridad social","Porcentaje del total","43.50904"
"CZE","Chequia","1999","Gobierno municipal local","Porcentaje del total","0.83179"
"CZE","Chequia","1999","Gobierno nacional","Porcentaje del total","55.65917"
"CZE","Chequia","2000","Fondos de seguridad social","Porcentaje del total","44.26460"
"CZE","Chequia","2000","Gobierno municipal local","Porcentaje del total","0.86552"
"CZE","Chequia","2000","Gobierno nacional","Porcentaje del total","54.86988"
"CZE","Chequia","2001","Fondos de seguridad social","Porcentaje del total","44.06541"
"CZE","Chequia","2001","Gobierno municipal local","Porcentaje del total","0.78550"
"CZE","Chequia","2001","Gobierno nacional","Porcentaje del total","55.14909"
"CZE","Chequia","2002","Fondos de seguridad social","Porcentaje del total","44.08328"
"CZE","Chequia","2002","Gobierno municipal local","Porcentaje del total","1.19731"
"CZE","Chequia","2002","Gobierno nacional","Porcentaje del total","54.71941"
"CZE","Chequia","2003","Fondos de seguridad social","Porcentaje del total","43.52997"
"CZE","Chequia","2003","Gobierno municipal local","Porcentaje del total","1.16211"
"CZE","Chequia","2003","Gobierno nacional","Porcentaje del total","55.30791"
"CZE","Chequia","2004","European institutions and bodies (EU accounts)","Porcentaje del total","0.33102"
"CZE","Chequia","2004","Fondos de seguridad social","Porcentaje del total","42.34136"
"CZE","Chequia","2004","Gobierno municipal local","Porcentaje del total","1.10270"
"CZE","Chequia","2004","Gobierno nacional","Porcentaje del total","56.22492"
"CZE","Chequia","2005","European institutions and bodies (EU accounts)","Porcentaje del total","0.49662"
"CZE","Chequia","2005","Fondos de seguridad social","Porcentaje del total","42.81876"
"CZE","Chequia","2005","Gobierno municipal local","Porcentaje del total","1.10084"
"CZE","Chequia","2005","Gobierno nacional","Porcentaje del total","55.58378"
"CZE","Chequia","2006","European institutions and bodies (EU accounts)","Porcentaje del total","0.46162"
"CZE","Chequia","2006","Fondos de seguridad social","Porcentaje del total","43.64102"
"CZE","Chequia","2006","Gobierno municipal local","Porcentaje del total","1.05248"
"CZE","Chequia","2006","Gobierno nacional","Porcentaje del total","54.84488"
"CZE","Chequia","2007","European institutions and bodies (EU accounts)","Porcentaje del total","0.48951"
"CZE","Chequia","2007","Fondos de seguridad social","Porcentaje del total","43.56622"
"CZE","Chequia","2007","Gobierno municipal local","Porcentaje del total","1.01438"
"CZE","Chequia","2007","Gobierno nacional","Porcentaje del total","54.92989"
"CZE","Chequia","2008","European institutions and bodies (EU accounts)","Porcentaje del total","0.46970"
"CZE","Chequia","2008","Fondos de seguridad social","Porcentaje del total","44.23920"
"CZE","Chequia","2008","Gobierno municipal local","Porcentaje del total","1.00930"
"CZE","Chequia","2008","Gobierno nacional","Porcentaje del total","54.28180"
"CZE","Chequia","2009","European institutions and bodies (EU accounts)","Porcentaje del total","0.43725"
"CZE","Chequia","2009","Fondos de seguridad social","Porcentaje del total","43.95329"
"CZE","Chequia","2009","Gobierno municipal local","Porcentaje del total","1.16440"
"CZE","Chequia","2009","Gobierno nacional","Porcentaje del total","54.44505"
"CZE","Chequia","2010","European institutions and bodies (EU accounts)","Porcentaje del total","0.51078"
"CZE","Chequia","2010","Fondos de seguridad social","Porcentaje del total","44.76232"
"CZE","Chequia","2010","Gobierno municipal local","Porcentaje del total","1.32023"
"CZE","Chequia","2010","Gobierno nacional","Porcentaje del total","53.40668"
"CZE","Chequia","2011","European institutions and bodies (EU accounts)","Porcentaje del total","0.51883"
"CZE","Chequia","2011","Fondos de seguridad social","Porcentaje del total","43.90330"
"CZE","Chequia","2011","Gobierno municipal local","Porcentaje del total","1.22410"
"CZE","Chequia","2011","Gobierno nacional","Porcentaje del total","54.35376"
"CZE","Chequia","2012","European institutions and bodies (EU accounts)","Porcentaje del total","0.45141"
"CZE","Chequia","2012","Fondos de seguridad social","Porcentaje del total","43.65197"
"CZE","Chequia","2012","Gobierno municipal local","Porcentaje del total","1.25005"
"CZE","Chequia","2012","Gobierno nacional","Porcentaje del total","54.64656"
"CZE","Chequia","2013","European institutions and bodies (EU accounts)","Porcentaje del total","0.39786"
"CZE","Chequia","2013","Fondos de seguridad social","Porcentaje del total","43.18283"
"CZE","Chequia","2013","Gobierno municipal local","Porcentaje del total","1.26169"
"CZE","Chequia","2013","Gobierno nacional","Porcentaje del total","55.15762"
"CZE","Chequia","2014","European institutions and bodies (EU accounts)","Porcentaje del total","0.48821"
"CZE","Chequia","2014","Fondos de seguridad social","Porcentaje del total","43.81399"
"CZE","Chequia","2014","Gobierno municipal local","Porcentaje del total","1.24169"
"CZE","Chequia","2014","Gobierno nacional","Porcentaje del total","54.45611"
"CZE","Chequia","2015","European institutions and bodies (EU accounts)","Porcentaje del total","0.51629"
"CZE","Chequia","2015","Fondos de seguridad social","Porcentaje del total","43.04831"
"CZE","Chequia","2015","Gobierno municipal local","Porcentaje del total","1.17859"
"CZE","Chequia","2015","Gobierno nacional","Porcentaje del total","55.25682"
"CZE","Chequia","2016","European institutions and bodies (EU accounts)","Porcentaje del total","0.49207"
"CZE","Chequia","2016","Fondos de seguridad social","Porcentaje del total","42.85619"
"CZE","Chequia","2016","Gobierno municipal local","Porcentaje del total","1.13029"
"CZE","Chequia","2016","Gobierno nacional","Porcentaje del total","55.52145"
"CZE","Chequia","2017","European institutions and bodies (EU accounts)","Porcentaje del total","0.46991"
"CZE","Chequia","2017","Fondos de seguridad social","Porcentaje del total","43.02060"
"CZE","Chequia","2017","Gobierno municipal local","Porcentaje del total","1.06852"
"CZE","Chequia","2017","Gobierno nacional","Porcentaje del total","55.44097"
"CZE","Chequia","2018","European institutions and bodies (EU accounts)","Porcentaje del total","0.43839"
"CZE","Chequia","2018","Fondos de seguridad social","Porcentaje del total","43.84398"
"CZE","Chequia","2018","Gobierno municipal local","Porcentaje del total","1.00554"
"CZE","Chequia","2018","Gobierno nacional","Porcentaje del total","54.71209"
"CZE","Chequia","2019","European institutions and bodies (EU accounts)","Porcentaje del total","0.43549"
"CZE","Chequia","2019","Fondos de seguridad social","Porcentaje del total","44.14863"
"CZE","Chequia","2019","Gobierno municipal local","Porcentaje del total","0.96905"
"CZE","Chequia","2019","Gobierno nacional","Porcentaje del total","54.44682"
"CZE","Chequia","2020","European institutions and bodies (EU accounts)","Porcentaje del total","0.40704"
"CZE","Chequia","2020","Fondos de seguridad social","Porcentaje del total","45.43973"
"CZE","Chequia","2020","Gobierno municipal local","Porcentaje del total","1.00538"
"CZE","Chequia","2020","Gobierno nacional","Porcentaje del total","53.14786"
"CZE","Chequia","2021","European institutions and bodies (EU accounts)","Porcentaje del total","0.50198"
"CZE","Chequia","2021","Fondos de seguridad social","Porcentaje del total","47.33332"
"CZE","Chequia","2021","Gobierno municipal local","Porcentaje del total","0.94813"
"CZE","Chequia","2021","Gobierno nacional","Porcentaje del total","51.21657"
"CZE","Chequia","2022","European institutions and bodies (EU accounts)","Porcentaje del total","0.54421"
"CZE","Chequia","2022","Fondos de seguridad social","Porcentaje del total","45.91284"
"CZE","Chequia","2022","Gobierno municipal local","Porcentaje del total","0.99662"
"CZE","Chequia","2022","Gobierno nacional","Porcentaje del total","52.54634"
"CZE","Chequia","2023","European institutions and bodies (EU accounts)","Porcentaje del total","0.42310"
"CZE","Chequia","2023","Fondos de seguridad social","Porcentaje del total","45.54785"
"CZE","Chequia","2023","Gobierno municipal local","Porcentaje del total","0.94616"
"CZE","Chequia","2023","Gobierno nacional","Porcentaje del total","53.08289"
"CZE","Chequia","2024","European institutions and bodies (EU accounts)","Porcentaje del total","0.39755"
"CZE","Chequia","2024","Fondos de seguridad social","Porcentaje del total","46.07800"
"CZE","Chequia","2024","Gobierno municipal local","Porcentaje del total","1.31091"
"CZE","Chequia","2024","Gobierno nacional","Porcentaje del total","52.21355"
"CHL","Chile","1990","Fondos de seguridad social","Porcentaje del total","5.22283"
"CHL","Chile","1990","Gobierno municipal local","Porcentaje del total","5.89022"
"CHL","Chile","1990","Gobierno nacional","Porcentaje del total","88.88696"
"CHL","Chile","1991","Fondos de seguridad social","Porcentaje del total","4.09901"
"CHL","Chile","1991","Gobierno municipal local","Porcentaje del total","6.02220"
"CHL","Chile","1991","Gobierno nacional","Porcentaje del total","89.87880"
"CHL","Chile","1992","Fondos de seguridad social","Porcentaje del total","4.10950"
"CHL","Chile","1992","Gobierno municipal local","Porcentaje del total","6.12680"
"CHL","Chile","1992","Gobierno nacional","Porcentaje del total","89.76370"
"CHL","Chile","1993","Fondos de seguridad social","Porcentaje del total","3.93859"
"CHL","Chile","1993","Gobierno municipal local","Porcentaje del total","6.44404"
"CHL","Chile","1993","Gobierno nacional","Porcentaje del total","89.61737"
"CHL","Chile","1994","Fondos de seguridad social","Porcentaje del total","3.83040"
"CHL","Chile","1994","Gobierno municipal local","Porcentaje del total","6.09387"
"CHL","Chile","1994","Gobierno nacional","Porcentaje del total","90.07573"
"CHL","Chile","1995","Fondos de seguridad social","Porcentaje del total","3.58602"
"CHL","Chile","1995","Gobierno municipal local","Porcentaje del total","6.48514"
"CHL","Chile","1995","Gobierno nacional","Porcentaje del total","89.92884"
"CHL","Chile","1996","Fondos de seguridad social","Porcentaje del total","3.60494"
"CHL","Chile","1996","Gobierno municipal local","Porcentaje del total","6.71408"
"CHL","Chile","1996","Gobierno nacional","Porcentaje del total","89.68099"
"CHL","Chile","1997","Fondos de seguridad social","Porcentaje del total","3.74939"
"CHL","Chile","1997","Gobierno municipal local","Porcentaje del total","7.15468"
"CHL","Chile","1997","Gobierno nacional","Porcentaje del total","89.09593"
"CHL","Chile","1998","Fondos de seguridad social","Porcentaje del total","3.95460"
"CHL","Chile","1998","Gobierno municipal local","Porcentaje del total","7.68995"
"CHL","Chile","1998","Gobierno nacional","Porcentaje del total","88.35545"
"CHL","Chile","1999","Fondos de seguridad social","Porcentaje del total","4.32567"
"CHL","Chile","1999","Gobierno municipal local","Porcentaje del total","8.39727"
"CHL","Chile","1999","Gobierno nacional","Porcentaje del total","87.27706"
"CHL","Chile","2000","Fondos de seguridad social","Porcentaje del total","4.35371"
"CHL","Chile","2000","Gobierno municipal local","Porcentaje del total","7.86105"
"CHL","Chile","2000","Gobierno nacional","Porcentaje del total","87.78524"
"CHL","Chile","2001","Fondos de seguridad social","Porcentaje del total","4.51786"
"CHL","Chile","2001","Gobierno municipal local","Porcentaje del total","7.87540"
"CHL","Chile","2001","Gobierno nacional","Porcentaje del total","87.60674"
"CHL","Chile","2002","Fondos de seguridad social","Porcentaje del total","4.70523"
"CHL","Chile","2002","Gobierno municipal local","Porcentaje del total","7.88298"
"CHL","Chile","2002","Gobierno nacional","Porcentaje del total","87.41179"
"CHL","Chile","2003","Fondos de seguridad social","Porcentaje del total","4.74091"
"CHL","Chile","2003","Gobierno municipal local","Porcentaje del total","7.99981"
"CHL","Chile","2003","Gobierno nacional","Porcentaje del total","87.25929"
"CHL","Chile","2004","Fondos de seguridad social","Porcentaje del total","4.86919"
"CHL","Chile","2004","Gobierno municipal local","Porcentaje del total","6.88835"
"CHL","Chile","2004","Gobierno nacional","Porcentaje del total","88.24246"
"CHL","Chile","2005","Fondos de seguridad social","Porcentaje del total","4.51653"
"CHL","Chile","2005","Gobierno municipal local","Porcentaje del total","6.49555"
"CHL","Chile","2005","Gobierno nacional","Porcentaje del total","88.98792"
"CHL","Chile","2006","Fondos de seguridad social","Porcentaje del total","4.10410"
"CHL","Chile","2006","Gobierno municipal local","Porcentaje del total","5.49311"
"CHL","Chile","2006","Gobierno nacional","Porcentaje del total","90.40278"
"CHL","Chile","2007","Fondos de seguridad social","Porcentaje del total","4.05780"
"CHL","Chile","2007","Gobierno municipal local","Porcentaje del total","5.22988"
"CHL","Chile","2007","Gobierno nacional","Porcentaje del total","90.71231"
"CHL","Chile","2008","Fondos de seguridad social","Porcentaje del total","4.74626"
"CHL","Chile","2008","Gobierno municipal local","Porcentaje del total","6.29200"
"CHL","Chile","2008","Gobierno nacional","Porcentaje del total","88.96174"
"CHL","Chile","2009","Fondos de seguridad social","Porcentaje del total","6.11855"
"CHL","Chile","2009","Gobierno municipal local","Porcentaje del total","8.21739"
"CHL","Chile","2009","Gobierno nacional","Porcentaje del total","85.66406"
"CHL","Chile","2010","Fondos de seguridad social","Porcentaje del total","5.14591"
"CHL","Chile","2010","Gobierno municipal local","Porcentaje del total","6.77521"
"CHL","Chile","2010","Gobierno nacional","Porcentaje del total","88.07887"
"CHL","Chile","2011","Fondos de seguridad social","Porcentaje del total","4.90175"
"CHL","Chile","2011","Gobierno municipal local","Porcentaje del total","6.59908"
"CHL","Chile","2011","Gobierno nacional","Porcentaje del total","88.49917"
"CHL","Chile","2012","Fondos de seguridad social","Porcentaje del total","5.13284"
"CHL","Chile","2012","Gobierno municipal local","Porcentaje del total","6.66130"
"CHL","Chile","2012","Gobierno nacional","Porcentaje del total","88.20587"
"CHL","Chile","2013","Fondos de seguridad social","Porcentaje del total","5.70749"
"CHL","Chile","2013","Gobierno municipal local","Porcentaje del total","7.34167"
"CHL","Chile","2013","Gobierno nacional","Porcentaje del total","86.95084"
"CHL","Chile","2014","Fondos de seguridad social","Porcentaje del total","5.76122"
"CHL","Chile","2014","Gobierno municipal local","Porcentaje del total","7.55602"
"CHL","Chile","2014","Gobierno nacional","Porcentaje del total","86.68276"
"CHL","Chile","2015","Fondos de seguridad social","Porcentaje del total","5.58756"
"CHL","Chile","2015","Gobierno municipal local","Porcentaje del total","7.55322"
"CHL","Chile","2015","Gobierno nacional","Porcentaje del total","86.85922"
"CHL","Chile","2016","Fondos de seguridad social","Porcentaje del total","5.73793"
"CHL","Chile","2016","Gobierno municipal local","Porcentaje del total","7.84472"
"CHL","Chile","2016","Gobierno nacional","Porcentaje del total","86.41735"
"CHL","Chile","2017","Fondos de seguridad social","Porcentaje del total","5.85058"
"CHL","Chile","2017","Gobierno municipal local","Porcentaje del total","7.90435"
"CHL","Chile","2017","Gobierno nacional","Porcentaje del total","86.24507"
"CHL","Chile","2018","Fondos de seguridad social","Porcentaje del total","5.73540"
"CHL","Chile","2018","Gobierno municipal local","Porcentaje del total","7.90397"
"CHL","Chile","2018","Gobierno nacional","Porcentaje del total","86.36062"
"CHL","Chile","2019","Fondos de seguridad social","Porcentaje del total","6.09333"
"CHL","Chile","2019","Gobierno municipal local","Porcentaje del total","8.29047"
"CHL","Chile","2019","Gobierno nacional","Porcentaje del total","85.61619"
"CHL","Chile","2020","Fondos de seguridad social","Porcentaje del total","6.68164"
"CHL","Chile","2020","Gobierno municipal local","Porcentaje del total","8.74753"
"CHL","Chile","2020","Gobierno nacional","Porcentaje del total","84.57083"
"CHL","Chile","2021","Fondos de seguridad social","Porcentaje del total","4.30867"
"CHL","Chile","2021","Gobierno municipal local","Porcentaje del total","7.01286"
"CHL","Chile","2021","Gobierno nacional","Porcentaje del total","88.67847"
"CHL","Chile","2022","Fondos de seguridad social","Porcentaje del total","3.23818"
"CHL","Chile","2022","Gobierno municipal local","Porcentaje del total","6.89230"
"CHL","Chile","2022","Gobierno nacional","Porcentaje del total","89.86952"
"CHL","Chile","2023","Fondos de seguridad social","Porcentaje del total","4.59445"
"CHL","Chile","2023","Gobierno municipal local","Porcentaje del total","8.60545"
"CHL","Chile","2023","Gobierno nacional","Porcentaje del total","86.80010"
"CHL","Chile","2024","Fondos de seguridad social","Porcentaje del total","4.73130"
"CHL","Chile","2024","Gobierno municipal local","Porcentaje del total","8.37036"
"CHL","Chile","2024","Gobierno nacional","Porcentaje del total","86.89834"
"CHN","China","2007","Gobierno municipal local","Porcentaje del total","43.49141"
"CHN","China","2007","Gobierno nacional","Porcentaje del total","56.50859"
"CHN","China","2008","Gobierno municipal local","Porcentaje del total","44.19104"
"CHN","China","2008","Gobierno nacional","Porcentaje del total","55.80896"
"CHN","China","2009","Gobierno municipal local","Porcentaje del total","45.68991"
"CHN","China","2009","Gobierno nacional","Porcentaje del total","54.31009"
"CHN","China","2010","Gobierno municipal local","Porcentaje del total","45.30950"
"CHN","China","2010","Gobierno nacional","Porcentaje del total","54.69050"
"CHN","China","2011","Gobierno municipal local","Porcentaje del total","46.23549"
"CHN","China","2011","Gobierno nacional","Porcentaje del total","53.76451"
"CHN","China","2012","Gobierno municipal local","Porcentaje del total","47.62540"
"CHN","China","2012","Gobierno nacional","Porcentaje del total","52.37460"
"CHN","China","2013","Gobierno municipal local","Porcentaje del total","48.94966"
"CHN","China","2013","Gobierno nacional","Porcentaje del total","51.05034"
"CHN","China","2014","Gobierno municipal local","Porcentaje del total","49.02497"
"CHN","China","2014","Gobierno nacional","Porcentaje del total","50.97503"
"CHN","China","2015","Gobierno municipal local","Porcentaje del total","49.67438"
"CHN","China","2015","Gobierno nacional","Porcentaje del total","50.32562"
"CHN","China","2016","Gobierno municipal local","Porcentaje del total","50.49053"
"CHN","China","2016","Gobierno nacional","Porcentaje del total","49.50947"
"CHN","China","2017","Gobierno municipal local","Porcentaje del total","48.49050"
"CHN","China","2017","Gobierno nacional","Porcentaje del total","51.50950"
"CHN","China","2018","Gobierno municipal local","Porcentaje del total","49.35734"
"CHN","China","2018","Gobierno nacional","Porcentaje del total","50.64266"
"CHN","China","2019","Fondos de seguridad social","Porcentaje del total","27.53009"
"CHN","China","2019","Gobierno municipal local","Porcentaje del total","35.30793"
"CHN","China","2019","Gobierno nacional","Porcentaje del total","37.16198"
"CHN","China","2020","Fondos de seguridad social","Porcentaje del total","24.19003"
"CHN","China","2020","Gobierno municipal local","Porcentaje del total","36.68228"
"CHN","China","2020","Gobierno nacional","Porcentaje del total","39.12769"
"CHN","China","2021","Fondos de seguridad social","Porcentaje del total","28.57809"
"CHN","China","2021","Gobierno municipal local","Porcentaje del total","34.64471"
"CHN","China","2021","Gobierno nacional","Porcentaje del total","36.77720"
"CHN","China","2022","Fondos de seguridad social","Porcentaje del total","31.04196"
"CHN","China","2022","Gobierno municipal local","Porcentaje del total","31.71892"
"CHN","China","2022","Gobierno nacional","Porcentaje del total","37.23911"
"CHN","China","2023","Fondos de seguridad social","Porcentaje del total","31.52919"
"CHN","China","2023","Gobierno municipal local","Porcentaje del total","32.24453"
"CHN","China","2023","Gobierno nacional","Porcentaje del total","36.22629"
"COL","Colombia","1990","Fondos de seguridad social","Porcentaje del total","7.89307"
"COL","Colombia","1990","Gobierno municipal local","Porcentaje del total","8.77975"
"COL","Colombia","1990","Gobierno nacional","Porcentaje del total","73.11449"
"COL","Colombia","1990","Gobierno provincial o regional","Porcentaje del total","10.21269"
"COL","Colombia","1991","Fondos de seguridad social","Porcentaje del total","13.88002"
"COL","Colombia","1991","Gobierno municipal local","Porcentaje del total","7.54232"
"COL","Colombia","1991","Gobierno nacional","Porcentaje del total","70.05071"
"COL","Colombia","1991","Gobierno provincial o regional","Porcentaje del total","8.52695"
"COL","Colombia","1992","Fondos de seguridad social","Porcentaje del total","14.06251"
"COL","Colombia","1992","Gobierno municipal local","Porcentaje del total","7.59367"
"COL","Colombia","1992","Gobierno nacional","Porcentaje del total","70.42296"
"COL","Colombia","1992","Gobierno provincial o regional","Porcentaje del total","7.92086"
"COL","Colombia","1993","Fondos de seguridad social","Porcentaje del total","15.26139"
"COL","Colombia","1993","Gobierno municipal local","Porcentaje del total","8.13347"
"COL","Colombia","1993","Gobierno nacional","Porcentaje del total","69.62501"
"COL","Colombia","1993","Gobierno provincial o regional","Porcentaje del total","6.98013"
"COL","Colombia","1994","Fondos de seguridad social","Porcentaje del total","17.80455"
"COL","Colombia","1994","Gobierno municipal local","Porcentaje del total","8.77624"
"COL","Colombia","1994","Gobierno nacional","Porcentaje del total","67.55849"
"COL","Colombia","1994","Gobierno provincial o regional","Porcentaje del total","5.86072"
"COL","Colombia","1995","Fondos de seguridad social","Porcentaje del total","22.71608"
"COL","Colombia","1995","Gobierno municipal local","Porcentaje del total","8.57574"
"COL","Colombia","1995","Gobierno nacional","Porcentaje del total","63.16053"
"COL","Colombia","1995","Gobierno provincial o regional","Porcentaje del total","5.54764"
"COL","Colombia","1996","Fondos de seguridad social","Porcentaje del total","23.52443"
"COL","Colombia","1996","Gobierno municipal local","Porcentaje del total","9.38790"
"COL","Colombia","1996","Gobierno nacional","Porcentaje del total","62.05880"
"COL","Colombia","1996","Gobierno provincial o regional","Porcentaje del total","5.02887"
"COL","Colombia","1997","Fondos de seguridad social","Porcentaje del total","23.53249"
"COL","Colombia","1997","Gobierno municipal local","Porcentaje del total","9.60603"
"COL","Colombia","1997","Gobierno nacional","Porcentaje del total","62.30030"
"COL","Colombia","1997","Gobierno provincial o regional","Porcentaje del total","4.56118"
"COL","Colombia","1998","Fondos de seguridad social","Porcentaje del total","21.41321"
"COL","Colombia","1998","Gobierno municipal local","Porcentaje del total","10.63815"
"COL","Colombia","1998","Gobierno nacional","Porcentaje del total","63.55296"
"COL","Colombia","1998","Gobierno provincial o regional","Porcentaje del total","4.39567"
"COL","Colombia","1999","Fondos de seguridad social","Porcentaje del total","19.98279"
"COL","Colombia","1999","Gobierno municipal local","Porcentaje del total","11.54297"
"COL","Colombia","1999","Gobierno nacional","Porcentaje del total","63.82705"
"COL","Colombia","1999","Gobierno provincial o regional","Porcentaje del total","4.64719"
"COL","Colombia","2000","Fondos de seguridad social","Porcentaje del total","16.30465"
"COL","Colombia","2000","Gobierno municipal local","Porcentaje del total","9.37998"
"COL","Colombia","2000","Gobierno nacional","Porcentaje del total","68.68376"
"COL","Colombia","2000","Gobierno provincial o regional","Porcentaje del total","5.63161"
"COL","Colombia","2001","Fondos de seguridad social","Porcentaje del total","14.61593"
"COL","Colombia","2001","Gobierno municipal local","Porcentaje del total","8.88298"
"COL","Colombia","2001","Gobierno nacional","Porcentaje del total","71.56573"
"COL","Colombia","2001","Gobierno provincial o regional","Porcentaje del total","4.93536"
"COL","Colombia","2002","Fondos de seguridad social","Porcentaje del total","13.43840"
"COL","Colombia","2002","Gobierno municipal local","Porcentaje del total","9.27765"
"COL","Colombia","2002","Gobierno nacional","Porcentaje del total","72.09980"
"COL","Colombia","2002","Gobierno provincial o regional","Porcentaje del total","5.18416"
"COL","Colombia","2003","Fondos de seguridad social","Porcentaje del total","12.22637"
"COL","Colombia","2003","Gobierno municipal local","Porcentaje del total","9.79816"
"COL","Colombia","2003","Gobierno nacional","Porcentaje del total","72.66925"
"COL","Colombia","2003","Gobierno provincial o regional","Porcentaje del total","5.30621"
"COL","Colombia","2004","Fondos de seguridad social","Porcentaje del total","13.27339"
"COL","Colombia","2004","Gobierno municipal local","Porcentaje del total","9.72441"
"COL","Colombia","2004","Gobierno nacional","Porcentaje del total","71.93872"
"COL","Colombia","2004","Gobierno provincial o regional","Porcentaje del total","5.06348"
"COL","Colombia","2005","Fondos de seguridad social","Porcentaje del total","12.71323"
"COL","Colombia","2005","Gobierno municipal local","Porcentaje del total","9.81931"
"COL","Colombia","2005","Gobierno nacional","Porcentaje del total","72.47075"
"COL","Colombia","2005","Gobierno provincial o regional","Porcentaje del total","4.99671"
"COL","Colombia","2006","Fondos de seguridad social","Porcentaje del total","11.62879"
"COL","Colombia","2006","Gobierno municipal local","Porcentaje del total","10.06738"
"COL","Colombia","2006","Gobierno nacional","Porcentaje del total","73.60392"
"COL","Colombia","2006","Gobierno provincial o regional","Porcentaje del total","4.69991"
"COL","Colombia","2007","Fondos de seguridad social","Porcentaje del total","11.72225"
"COL","Colombia","2007","Gobierno municipal local","Porcentaje del total","9.74186"
"COL","Colombia","2007","Gobierno nacional","Porcentaje del total","73.82698"
"COL","Colombia","2007","Gobierno provincial o regional","Porcentaje del total","4.70892"
"COL","Colombia","2008","Fondos de seguridad social","Porcentaje del total","10.61888"
"COL","Colombia","2008","Gobierno municipal local","Porcentaje del total","9.93152"
"COL","Colombia","2008","Gobierno nacional","Porcentaje del total","74.94872"
"COL","Colombia","2008","Gobierno provincial o regional","Porcentaje del total","4.50088"
"COL","Colombia","2009","Fondos de seguridad social","Porcentaje del total","10.95118"
"COL","Colombia","2009","Gobierno municipal local","Porcentaje del total","11.01560"
"COL","Colombia","2009","Gobierno nacional","Porcentaje del total","73.37297"
"COL","Colombia","2009","Gobierno provincial o regional","Porcentaje del total","4.66025"
"COL","Colombia","2010","Fondos de seguridad social","Porcentaje del total","11.65816"
"COL","Colombia","2010","Gobierno municipal local","Porcentaje del total","11.06259"
"COL","Colombia","2010","Gobierno nacional","Porcentaje del total","72.42296"
"COL","Colombia","2010","Gobierno provincial o regional","Porcentaje del total","4.85628"
"COL","Colombia","2011","Fondos de seguridad social","Porcentaje del total","8.79222"
"COL","Colombia","2011","Gobierno municipal local","Porcentaje del total","10.35560"
"COL","Colombia","2011","Gobierno nacional","Porcentaje del total","75.83814"
"COL","Colombia","2011","Gobierno provincial o regional","Porcentaje del total","5.01404"
"COL","Colombia","2012","Fondos de seguridad social","Porcentaje del total","8.98953"
"COL","Colombia","2012","Gobierno municipal local","Porcentaje del total","9.99780"
"COL","Colombia","2012","Gobierno nacional","Porcentaje del total","76.44951"
"COL","Colombia","2012","Gobierno provincial o regional","Porcentaje del total","4.56315"
"COL","Colombia","2013","Fondos de seguridad social","Porcentaje del total","11.64142"
"COL","Colombia","2013","Gobierno municipal local","Porcentaje del total","10.47008"
"COL","Colombia","2013","Gobierno nacional","Porcentaje del total","73.35455"
"COL","Colombia","2013","Gobierno provincial o regional","Porcentaje del total","4.53394"
"COL","Colombia","2014","Fondos de seguridad social","Porcentaje del total","9.19589"
"COL","Colombia","2014","Gobierno municipal local","Porcentaje del total","11.33815"
"COL","Colombia","2014","Gobierno nacional","Porcentaje del total","74.79053"
"COL","Colombia","2014","Gobierno provincial o regional","Porcentaje del total","4.67544"
"COL","Colombia","2015","Fondos de seguridad social","Porcentaje del total","8.48235"
"COL","Colombia","2015","Gobierno municipal local","Porcentaje del total","11.96447"
"COL","Colombia","2015","Gobierno nacional","Porcentaje del total","74.80094"
"COL","Colombia","2015","Gobierno provincial o regional","Porcentaje del total","4.75224"
"COL","Colombia","2016","Fondos de seguridad social","Porcentaje del total","9.37076"
"COL","Colombia","2016","Gobierno municipal local","Porcentaje del total","12.18980"
"COL","Colombia","2016","Gobierno nacional","Porcentaje del total","73.37199"
"COL","Colombia","2016","Gobierno provincial o regional","Porcentaje del total","5.06745"
"COL","Colombia","2017","Fondos de seguridad social","Porcentaje del total","7.64108"
"COL","Colombia","2017","Gobierno municipal local","Porcentaje del total","12.43426"
"COL","Colombia","2017","Gobierno nacional","Porcentaje del total","74.80113"
"COL","Colombia","2017","Gobierno provincial o regional","Porcentaje del total","5.12353"
"COL","Colombia","2018","Fondos de seguridad social","Porcentaje del total","9.55967"
"COL","Colombia","2018","Gobierno municipal local","Porcentaje del total","12.32825"
"COL","Colombia","2018","Gobierno nacional","Porcentaje del total","73.16248"
"COL","Colombia","2018","Gobierno provincial o regional","Porcentaje del total","4.94959"
"COL","Colombia","2019","Fondos de seguridad social","Porcentaje del total","9.36832"
"COL","Colombia","2019","Gobierno municipal local","Porcentaje del total","12.50369"
"COL","Colombia","2019","Gobierno nacional","Porcentaje del total","73.11131"
"COL","Colombia","2019","Gobierno provincial o regional","Porcentaje del total","5.01669"
"COL","Colombia","2020","Fondos de seguridad social","Porcentaje del total","9.81093"
"COL","Colombia","2020","Gobierno municipal local","Porcentaje del total","13.34612"
"COL","Colombia","2020","Gobierno nacional","Porcentaje del total","71.99072"
"COL","Colombia","2020","Gobierno provincial o regional","Porcentaje del total","4.85224"
"COL","Colombia","2021","Fondos de seguridad social","Porcentaje del total","9.46847"
"COL","Colombia","2021","Gobierno municipal local","Porcentaje del total","12.58482"
"COL","Colombia","2021","Gobierno nacional","Porcentaje del total","72.83565"
"COL","Colombia","2021","Gobierno provincial o regional","Porcentaje del total","5.11106"
"COL","Colombia","2022","Fondos de seguridad social","Porcentaje del total","8.27737"
"COL","Colombia","2022","Gobierno municipal local","Porcentaje del total","11.76670"
"COL","Colombia","2022","Gobierno nacional","Porcentaje del total","75.15366"
"COL","Colombia","2022","Gobierno provincial o regional","Porcentaje del total","4.80228"
"COL","Colombia","2023","Fondos de seguridad social","Porcentaje del total","7.25508"
"COL","Colombia","2023","Gobierno municipal local","Porcentaje del total","11.53251"
"COL","Colombia","2023","Gobierno nacional","Porcentaje del total","76.89235"
"COL","Colombia","2023","Gobierno provincial o regional","Porcentaje del total","4.32007"
"COL","Colombia","2024","Fondos de seguridad social","Porcentaje del total","8.54364"
"COL","Colombia","2024","Gobierno municipal local","Porcentaje del total","12.67618"
"COL","Colombia","2024","Gobierno nacional","Porcentaje del total","74.15688"
"COL","Colombia","2024","Gobierno provincial o regional","Porcentaje del total","4.62331"
"COG","Congo","1998","Gobierno nacional","Porcentaje del total","100.00000"
"COG","Congo","1999","Gobierno nacional","Porcentaje del total","100.00000"
"COG","Congo","2000","Gobierno nacional","Porcentaje del total","100.00000"
"COG","Congo","2001","Gobierno nacional","Porcentaje del total","100.00000"
"COG","Congo","2002","Gobierno nacional","Porcentaje del total","100.00000"
"COG","Congo","2003","Gobierno nacional","Porcentaje del total","100.00000"
"COG","Congo","2004","Gobierno nacional","Porcentaje del total","100.00000"
"COG","Congo","2005","Gobierno nacional","Porcentaje del total","100.00000"
"COG","Congo","2006","Gobierno nacional","Porcentaje del total","100.00000"
"COG","Congo","2007","Gobierno nacional","Porcentaje del total","100.00000"
"COG","Congo","2008","Gobierno nacional","Porcentaje del total","100.00000"
"COG","Congo","2009","Gobierno nacional","Porcentaje del total","100.00000"
"COG","Congo","2010","Gobierno nacional","Porcentaje del total","100.00000"
"COG","Congo","2011","Gobierno nacional","Porcentaje del total","100.00000"
"COG","Congo","2012","Gobierno nacional","Porcentaje del total","100.00000"
"COG","Congo","2013","Gobierno nacional","Porcentaje del total","100.00000"
"COG","Congo","2014","Gobierno nacional","Porcentaje del total","100.00000"
"COG","Congo","2015","Gobierno nacional","Porcentaje del total","100.00000"
"COG","Congo","2016","Gobierno nacional","Porcentaje del total","100.00000"
"COG","Congo","2017","Gobierno nacional","Porcentaje del total","100.00000"
"COG","Congo","2018","Fondos de seguridad social","Porcentaje del total","7.96196"
"COG","Congo","2018","Gobierno nacional","Porcentaje del total","92.03804"
"COG","Congo","2019","Fondos de seguridad social","Porcentaje del total","8.15873"
"COG","Congo","2019","Gobierno nacional","Porcentaje del total","91.84127"
"COG","Congo","2020","Fondos de seguridad social","Porcentaje del total","8.47155"
"COG","Congo","2020","Gobierno nacional","Porcentaje del total","91.52845"
"COG","Congo","2021","Fondos de seguridad social","Porcentaje del total","8.64487"
"COG","Congo","2021","Gobierno nacional","Porcentaje del total","91.35513"
"COG","Congo","2022","Fondos de seguridad social","Porcentaje del total","6.93737"
"COG","Congo","2022","Gobierno nacional","Porcentaje del total","93.06263"
"COG","Congo","2023","Fondos de seguridad social","Porcentaje del total","6.47527"
"COG","Congo","2023","Gobierno nacional","Porcentaje del total","93.52473"
"COG","Congo","2024","Fondos de seguridad social","Porcentaje del total","5.50076"
"COG","Congo","2024","Gobierno nacional","Porcentaje del total","94.49924"
"KOR","Corea del Sur","1990","Fondos de seguridad social","Porcentaje del total","10.09080"
"KOR","Corea del Sur","1990","Gobierno municipal local","Porcentaje del total","17.07095"
"KOR","Corea del Sur","1990","Gobierno nacional","Porcentaje del total","72.83825"
"KOR","Corea del Sur","1991","Fondos de seguridad social","Porcentaje del total","10.41611"
"KOR","Corea del Sur","1991","Gobierno municipal local","Porcentaje del total","18.14334"
"KOR","Corea del Sur","1991","Gobierno nacional","Porcentaje del total","71.44055"
"KOR","Corea del Sur","1992","Fondos de seguridad social","Porcentaje del total","11.13126"
"KOR","Corea del Sur","1992","Gobierno municipal local","Porcentaje del total","18.64512"
"KOR","Corea del Sur","1992","Gobierno nacional","Porcentaje del total","70.22362"
"KOR","Corea del Sur","1993","Fondos de seguridad social","Porcentaje del total","13.38540"
"KOR","Corea del Sur","1993","Gobierno municipal local","Porcentaje del total","18.94347"
"KOR","Corea del Sur","1993","Gobierno nacional","Porcentaje del total","67.67114"
"KOR","Corea del Sur","1994","Fondos de seguridad social","Porcentaje del total","12.44882"
"KOR","Corea del Sur","1994","Gobierno municipal local","Porcentaje del total","19.12777"
"KOR","Corea del Sur","1994","Gobierno nacional","Porcentaje del total","68.42340"
"KOR","Corea del Sur","1995","Fondos de seguridad social","Porcentaje del total","12.08853"
"KOR","Corea del Sur","1995","Gobierno municipal local","Porcentaje del total","18.67770"
"KOR","Corea del Sur","1995","Gobierno nacional","Porcentaje del total","69.23377"
"KOR","Corea del Sur","1996","Fondos de seguridad social","Porcentaje del total","13.33438"
"KOR","Corea del Sur","1996","Gobierno municipal local","Porcentaje del total","18.30476"
"KOR","Corea del Sur","1996","Gobierno nacional","Porcentaje del total","68.36086"
"KOR","Corea del Sur","1997","Fondos de seguridad social","Porcentaje del total","14.16986"
"KOR","Corea del Sur","1997","Gobierno municipal local","Porcentaje del total","17.88497"
"KOR","Corea del Sur","1997","Gobierno nacional","Porcentaje del total","67.94517"
"KOR","Corea del Sur","1998","Fondos de seguridad social","Porcentaje del total","16.57629"
"KOR","Corea del Sur","1998","Gobierno municipal local","Porcentaje del total","16.84233"
"KOR","Corea del Sur","1998","Gobierno nacional","Porcentaje del total","66.58138"
"KOR","Corea del Sur","1999","Fondos de seguridad social","Porcentaje del total","17.15541"
"KOR","Corea del Sur","1999","Gobierno municipal local","Porcentaje del total","16.33790"
"KOR","Corea del Sur","1999","Gobierno nacional","Porcentaje del total","66.50668"
"KOR","Corea del Sur","2000","Fondos de seguridad social","Porcentaje del total","16.69834"
"KOR","Corea del Sur","2000","Gobierno municipal local","Porcentaje del total","15.11501"
"KOR","Corea del Sur","2000","Gobierno nacional","Porcentaje del total","68.18665"
"KOR","Corea del Sur","2001","Fondos de seguridad social","Porcentaje del total","18.30633"
"KOR","Corea del Sur","2001","Gobierno municipal local","Porcentaje del total","17.78864"
"KOR","Corea del Sur","2001","Gobierno nacional","Porcentaje del total","63.90503"
"KOR","Corea del Sur","2002","Fondos de seguridad social","Porcentaje del total","18.98327"
"KOR","Corea del Sur","2002","Gobierno municipal local","Porcentaje del total","18.85053"
"KOR","Corea del Sur","2002","Gobierno nacional","Porcentaje del total","62.16620"
"KOR","Corea del Sur","2003","Fondos de seguridad social","Porcentaje del total","19.73923"
"KOR","Corea del Sur","2003","Gobierno municipal local","Porcentaje del total","17.99279"
"KOR","Corea del Sur","2003","Gobierno nacional","Porcentaje del total","62.26798"
"KOR","Corea del Sur","2004","Fondos de seguridad social","Porcentaje del total","20.99239"
"KOR","Corea del Sur","2004","Gobierno municipal local","Porcentaje del total","17.77799"
"KOR","Corea del Sur","2004","Gobierno nacional","Porcentaje del total","61.22962"
"KOR","Corea del Sur","2005","Fondos de seguridad social","Porcentaje del total","21.17341"
"KOR","Corea del Sur","2005","Gobierno municipal local","Porcentaje del total","17.35127"
"KOR","Corea del Sur","2005","Gobierno nacional","Porcentaje del total","61.47532"
"KOR","Corea del Sur","2006","Fondos de seguridad social","Porcentaje del total","21.20241"
"KOR","Corea del Sur","2006","Gobierno municipal local","Porcentaje del total","18.14343"
"KOR","Corea del Sur","2006","Gobierno nacional","Porcentaje del total","60.65415"
"KOR","Corea del Sur","2007","Fondos de seguridad social","Porcentaje del total","20.72468"
"KOR","Corea del Sur","2007","Gobierno municipal local","Porcentaje del total","16.83251"
"KOR","Corea del Sur","2007","Gobierno nacional","Porcentaje del total","62.44281"
"KOR","Corea del Sur","2008","Fondos de seguridad social","Porcentaje del total","21.82762"
"KOR","Corea del Sur","2008","Gobierno municipal local","Porcentaje del total","16.70824"
"KOR","Corea del Sur","2008","Gobierno nacional","Porcentaje del total","61.46414"
"KOR","Corea del Sur","2009","Fondos de seguridad social","Porcentaje del total","23.36550"
"KOR","Corea del Sur","2009","Gobierno municipal local","Porcentaje del total","16.50557"
"KOR","Corea del Sur","2009","Gobierno nacional","Porcentaje del total","60.12893"
"KOR","Corea del Sur","2010","Fondos de seguridad social","Porcentaje del total","23.34374"
"KOR","Corea del Sur","2010","Gobierno municipal local","Porcentaje del total","16.60990"
"KOR","Corea del Sur","2010","Gobierno nacional","Porcentaje del total","60.04636"
"KOR","Corea del Sur","2011","Fondos de seguridad social","Porcentaje del total","23.99205"
"KOR","Corea del Sur","2011","Gobierno municipal local","Porcentaje del total","16.24652"
"KOR","Corea del Sur","2011","Gobierno nacional","Porcentaje del total","59.76143"
"KOR","Corea del Sur","2012","Fondos de seguridad social","Porcentaje del total","24.72051"
"KOR","Corea del Sur","2012","Gobierno municipal local","Porcentaje del total","15.80232"
"KOR","Corea del Sur","2012","Gobierno nacional","Porcentaje del total","59.47717"
"KOR","Corea del Sur","2013","Fondos de seguridad social","Porcentaje del total","26.37131"
"KOR","Corea del Sur","2013","Gobierno municipal local","Porcentaje del total","15.48346"
"KOR","Corea del Sur","2013","Gobierno nacional","Porcentaje del total","58.14523"
"KOR","Corea del Sur","2014","Fondos de seguridad social","Porcentaje del total","26.86822"
"KOR","Corea del Sur","2014","Gobierno municipal local","Porcentaje del total","16.89115"
"KOR","Corea del Sur","2014","Gobierno nacional","Porcentaje del total","56.24063"
"KOR","Corea del Sur","2015","Fondos de seguridad social","Porcentaje del total","26.60160"
"KOR","Corea del Sur","2015","Gobierno municipal local","Porcentaje del total","18.03491"
"KOR","Corea del Sur","2015","Gobierno nacional","Porcentaje del total","55.36349"
"KOR","Corea del Sur","2016","Fondos de seguridad social","Porcentaje del total","26.15380"
"KOR","Corea del Sur","2016","Gobierno municipal local","Porcentaje del total","17.53492"
"KOR","Corea del Sur","2016","Gobierno nacional","Porcentaje del total","56.31129"
"KOR","Corea del Sur","2017","Fondos de seguridad social","Porcentaje del total","25.71079"
"KOR","Corea del Sur","2017","Gobierno municipal local","Porcentaje del total","17.27480"
"KOR","Corea del Sur","2017","Gobierno nacional","Porcentaje del total","57.01442"
"KOR","Corea del Sur","2018","Fondos de seguridad social","Porcentaje del total","25.39937"
"KOR","Corea del Sur","2018","Gobierno municipal local","Porcentaje del total","16.64561"
"KOR","Corea del Sur","2018","Gobierno nacional","Porcentaje del total","57.95502"
"KOR","Corea del Sur","2019","Fondos de seguridad social","Porcentaje del total","26.73187"
"KOR","Corea del Sur","2019","Gobierno municipal local","Porcentaje del total","17.26385"
"KOR","Corea del Sur","2019","Gobierno nacional","Porcentaje del total","56.00427"
"KOR","Corea del Sur","2020","Fondos de seguridad social","Porcentaje del total","28.01634"
"KOR","Corea del Sur","2020","Gobierno municipal local","Porcentaje del total","18.95236"
"KOR","Corea del Sur","2020","Gobierno nacional","Porcentaje del total","53.03129"
"KOR","Corea del Sur","2021","Fondos de seguridad social","Porcentaje del total","26.20145"
"KOR","Corea del Sur","2021","Gobierno municipal local","Porcentaje del total","18.22014"
"KOR","Corea del Sur","2021","Gobierno nacional","Porcentaje del total","55.57840"
"KOR","Corea del Sur","2022","Fondos de seguridad social","Porcentaje del total","25.56893"
"KOR","Corea del Sur","2022","Gobierno municipal local","Porcentaje del total","17.15295"
"KOR","Corea del Sur","2022","Gobierno nacional","Porcentaje del total","57.27812"
"KOR","Corea del Sur","2023","Fondos de seguridad social","Porcentaje del total","29.24428"
"KOR","Corea del Sur","2023","Gobierno municipal local","Porcentaje del total","17.42999"
"KOR","Corea del Sur","2023","Gobierno nacional","Porcentaje del total","53.32573"
"KOR","Corea del Sur","2024","Fondos de seguridad social","Porcentaje del total","30.22120"
"KOR","Corea del Sur","2024","Gobierno municipal local","Porcentaje del total","17.66641"
"KOR","Corea del Sur","2024","Gobierno nacional","Porcentaje del total","52.11239"
"CRI","Costa Rica","1990","Fondos de seguridad social","Porcentaje del total","34.16863"
"CRI","Costa Rica","1990","Gobierno municipal local","Porcentaje del total","2.09071"
"CRI","Costa Rica","1990","Gobierno nacional","Porcentaje del total","63.74066"
"CRI","Costa Rica","1991","Fondos de seguridad social","Porcentaje del total","32.50645"
"CRI","Costa Rica","1991","Gobierno municipal local","Porcentaje del total","1.82785"
"CRI","Costa Rica","1991","Gobierno nacional","Porcentaje del total","65.66570"
"CRI","Costa Rica","1992","Fondos de seguridad social","Porcentaje del total","32.09109"
"CRI","Costa Rica","1992","Gobierno municipal local","Porcentaje del total","1.82383"
"CRI","Costa Rica","1992","Gobierno nacional","Porcentaje del total","66.08508"
"CRI","Costa Rica","1993","Fondos de seguridad social","Porcentaje del total","33.34670"
"CRI","Costa Rica","1993","Gobierno municipal local","Porcentaje del total","2.01147"
"CRI","Costa Rica","1993","Gobierno nacional","Porcentaje del total","64.64183"
"CRI","Costa Rica","1994","Fondos de seguridad social","Porcentaje del total","33.77046"
"CRI","Costa Rica","1994","Gobierno municipal local","Porcentaje del total","1.54666"
"CRI","Costa Rica","1994","Gobierno nacional","Porcentaje del total","64.68288"
"CRI","Costa Rica","1995","Fondos de seguridad social","Porcentaje del total","32.95236"
"CRI","Costa Rica","1995","Gobierno municipal local","Porcentaje del total","1.57123"
"CRI","Costa Rica","1995","Gobierno nacional","Porcentaje del total","65.47641"
"CRI","Costa Rica","1996","Fondos de seguridad social","Porcentaje del total","32.90007"
"CRI","Costa Rica","1996","Gobierno municipal local","Porcentaje del total","2.16398"
"CRI","Costa Rica","1996","Gobierno nacional","Porcentaje del total","64.93595"
"CRI","Costa Rica","1997","Fondos de seguridad social","Porcentaje del total","33.38633"
"CRI","Costa Rica","1997","Gobierno municipal local","Porcentaje del total","2.10595"
"CRI","Costa Rica","1997","Gobierno nacional","Porcentaje del total","64.50772"
"CRI","Costa Rica","1998","Fondos de seguridad social","Porcentaje del total","33.36192"
"CRI","Costa Rica","1998","Gobierno municipal local","Porcentaje del total","1.83273"
"CRI","Costa Rica","1998","Gobierno nacional","Porcentaje del total","64.80535"
"CRI","Costa Rica","1999","Fondos de seguridad social","Porcentaje del total","34.29536"
"CRI","Costa Rica","1999","Gobierno municipal local","Porcentaje del total","1.70276"
"CRI","Costa Rica","1999","Gobierno nacional","Porcentaje del total","64.00188"
"CRI","Costa Rica","2000","Fondos de seguridad social","Porcentaje del total","34.77992"
"CRI","Costa Rica","2000","Gobierno municipal local","Porcentaje del total","1.90295"
"CRI","Costa Rica","2000","Gobierno nacional","Porcentaje del total","63.31713"
"CRI","Costa Rica","2001","Fondos de seguridad social","Porcentaje del total","34.08142"
"CRI","Costa Rica","2001","Gobierno municipal local","Porcentaje del total","1.92638"
"CRI","Costa Rica","2001","Gobierno nacional","Porcentaje del total","63.99220"
"CRI","Costa Rica","2002","Fondos de seguridad social","Porcentaje del total","34.86196"
"CRI","Costa Rica","2002","Gobierno municipal local","Porcentaje del total","1.83899"
"CRI","Costa Rica","2002","Gobierno nacional","Porcentaje del total","63.29905"
"CRI","Costa Rica","2003","Fondos de seguridad social","Porcentaje del total","33.93597"
"CRI","Costa Rica","2003","Gobierno municipal local","Porcentaje del total","2.04677"
"CRI","Costa Rica","2003","Gobierno nacional","Porcentaje del total","64.01726"
"CRI","Costa Rica","2004","Fondos de seguridad social","Porcentaje del total","33.49146"
"CRI","Costa Rica","2004","Gobierno municipal local","Porcentaje del total","2.12709"
"CRI","Costa Rica","2004","Gobierno nacional","Porcentaje del total","64.38145"
"CRI","Costa Rica","2005","Fondos de seguridad social","Porcentaje del total","33.69724"
"CRI","Costa Rica","2005","Gobierno municipal local","Porcentaje del total","2.15721"
"CRI","Costa Rica","2005","Gobierno nacional","Porcentaje del total","64.14555"
"CRI","Costa Rica","2006","Fondos de seguridad social","Porcentaje del total","32.89864"
"CRI","Costa Rica","2006","Gobierno municipal local","Porcentaje del total","2.38097"
"CRI","Costa Rica","2006","Gobierno nacional","Porcentaje del total","64.72039"
"CRI","Costa Rica","2007","Fondos de seguridad social","Porcentaje del total","31.68874"
"CRI","Costa Rica","2007","Gobierno municipal local","Porcentaje del total","2.25192"
"CRI","Costa Rica","2007","Gobierno nacional","Porcentaje del total","66.05934"
"CRI","Costa Rica","2008","Fondos de seguridad social","Porcentaje del total","32.31128"
"CRI","Costa Rica","2008","Gobierno municipal local","Porcentaje del total","2.35201"
"CRI","Costa Rica","2008","Gobierno nacional","Porcentaje del total","65.33671"
"CRI","Costa Rica","2009","Fondos de seguridad social","Porcentaje del total","36.48240"
"CRI","Costa Rica","2009","Gobierno municipal local","Porcentaje del total","2.64807"
"CRI","Costa Rica","2009","Gobierno nacional","Porcentaje del total","60.86953"
"CRI","Costa Rica","2010","Fondos de seguridad social","Porcentaje del total","37.65094"
"CRI","Costa Rica","2010","Gobierno municipal local","Porcentaje del total","2.64160"
"CRI","Costa Rica","2010","Gobierno nacional","Porcentaje del total","59.70746"
"CRI","Costa Rica","2011","Fondos de seguridad social","Porcentaje del total","37.86096"
"CRI","Costa Rica","2011","Gobierno municipal local","Porcentaje del total","2.58316"
"CRI","Costa Rica","2011","Gobierno nacional","Porcentaje del total","59.55587"
"CRI","Costa Rica","2012","Fondos de seguridad social","Porcentaje del total","37.99746"
"CRI","Costa Rica","2012","Gobierno municipal local","Porcentaje del total","2.71882"
"CRI","Costa Rica","2012","Gobierno nacional","Porcentaje del total","59.28372"
"CRI","Costa Rica","2013","Fondos de seguridad social","Porcentaje del total","38.01962"
"CRI","Costa Rica","2013","Gobierno municipal local","Porcentaje del total","2.84188"
"CRI","Costa Rica","2013","Gobierno nacional","Porcentaje del total","59.13850"
"CRI","Costa Rica","2014","Fondos de seguridad social","Porcentaje del total","38.58968"
"CRI","Costa Rica","2014","Gobierno municipal local","Porcentaje del total","3.00921"
"CRI","Costa Rica","2014","Gobierno nacional","Porcentaje del total","58.40111"
"CRI","Costa Rica","2015","Fondos de seguridad social","Porcentaje del total","38.49587"
"CRI","Costa Rica","2015","Gobierno municipal local","Porcentaje del total","3.05366"
"CRI","Costa Rica","2015","Gobierno nacional","Porcentaje del total","58.45047"
"CRI","Costa Rica","2016","Fondos de seguridad social","Porcentaje del total","37.81789"
"CRI","Costa Rica","2016","Gobierno municipal local","Porcentaje del total","2.95563"
"CRI","Costa Rica","2016","Gobierno nacional","Porcentaje del total","59.22648"
"CRI","Costa Rica","2017","Fondos de seguridad social","Porcentaje del total","38.52269"
"CRI","Costa Rica","2017","Gobierno municipal local","Porcentaje del total","3.00692"
"CRI","Costa Rica","2017","Gobierno nacional","Porcentaje del total","58.47039"
"CRI","Costa Rica","2018","Fondos de seguridad social","Porcentaje del total","39.24029"
"CRI","Costa Rica","2018","Gobierno municipal local","Porcentaje del total","2.94321"
"CRI","Costa Rica","2018","Gobierno nacional","Porcentaje del total","57.81650"
"CRI","Costa Rica","2019","Fondos de seguridad social","Porcentaje del total","39.20272"
"CRI","Costa Rica","2019","Gobierno municipal local","Porcentaje del total","2.96503"
"CRI","Costa Rica","2019","Gobierno nacional","Porcentaje del total","57.83225"
"CRI","Costa Rica","2020","Fondos de seguridad social","Porcentaje del total","41.64656"
"CRI","Costa Rica","2020","Gobierno municipal local","Porcentaje del total","3.11683"
"CRI","Costa Rica","2020","Gobierno nacional","Porcentaje del total","55.23660"
"CRI","Costa Rica","2021","Fondos de seguridad social","Porcentaje del total","36.98749"
"CRI","Costa Rica","2021","Gobierno municipal local","Porcentaje del total","2.96045"
"CRI","Costa Rica","2021","Gobierno nacional","Porcentaje del total","60.05206"
"CRI","Costa Rica","2022","Fondos de seguridad social","Porcentaje del total","35.88259"
"CRI","Costa Rica","2022","Gobierno municipal local","Porcentaje del total","2.70397"
"CRI","Costa Rica","2022","Gobierno nacional","Porcentaje del total","61.41344"
"CRI","Costa Rica","2023","Fondos de seguridad social","Porcentaje del total","36.91910"
"CRI","Costa Rica","2023","Gobierno municipal local","Porcentaje del total","2.77379"
"CRI","Costa Rica","2023","Gobierno nacional","Porcentaje del total","60.30710"
"CRI","Costa Rica","2024","Fondos de seguridad social","Porcentaje del total","37.59154"
"CRI","Costa Rica","2024","Gobierno municipal local","Porcentaje del total","2.79707"
"CRI","Costa Rica","2024","Gobierno nacional","Porcentaje del total","59.61140"
"CIV","Costa de Marfil","1990","Fondos de seguridad social","Porcentaje del total","6.80207"
"CIV","Costa de Marfil","1990","Gobierno nacional","Porcentaje del total","93.19793"
"CIV","Costa de Marfil","1991","Fondos de seguridad social","Porcentaje del total","6.65260"
"CIV","Costa de Marfil","1991","Gobierno nacional","Porcentaje del total","93.34740"
"CIV","Costa de Marfil","1992","Fondos de seguridad social","Porcentaje del total","7.09456"
"CIV","Costa de Marfil","1992","Gobierno nacional","Porcentaje del total","92.90544"
"CIV","Costa de Marfil","1993","Fondos de seguridad social","Porcentaje del total","8.13801"
"CIV","Costa de Marfil","1993","Gobierno nacional","Porcentaje del total","91.86199"
"CIV","Costa de Marfil","1994","Fondos de seguridad social","Porcentaje del total","6.07689"
"CIV","Costa de Marfil","1994","Gobierno nacional","Porcentaje del total","93.92311"
"CIV","Costa de Marfil","1995","Fondos de seguridad social","Porcentaje del total","5.64647"
"CIV","Costa de Marfil","1995","Gobierno nacional","Porcentaje del total","94.35353"
"CIV","Costa de Marfil","1996","Fondos de seguridad social","Porcentaje del total","6.80636"
"CIV","Costa de Marfil","1996","Gobierno nacional","Porcentaje del total","93.19364"
"CIV","Costa de Marfil","1997","Fondos de seguridad social","Porcentaje del total","7.11585"
"CIV","Costa de Marfil","1997","Gobierno nacional","Porcentaje del total","92.88415"
"CIV","Costa de Marfil","1998","Fondos de seguridad social","Porcentaje del total","6.68039"
"CIV","Costa de Marfil","1998","Gobierno nacional","Porcentaje del total","93.31961"
"CIV","Costa de Marfil","1999","Fondos de seguridad social","Porcentaje del total","6.90482"
"CIV","Costa de Marfil","1999","Gobierno nacional","Porcentaje del total","93.09518"
"CIV","Costa de Marfil","2000","Fondos de seguridad social","Porcentaje del total","8.78073"
"CIV","Costa de Marfil","2000","Gobierno nacional","Porcentaje del total","91.21927"
"CIV","Costa de Marfil","2001","Fondos de seguridad social","Porcentaje del total","8.94343"
"CIV","Costa de Marfil","2001","Gobierno nacional","Porcentaje del total","91.05657"
"CIV","Costa de Marfil","2002","Fondos de seguridad social","Porcentaje del total","8.28043"
"CIV","Costa de Marfil","2002","Gobierno nacional","Porcentaje del total","91.71957"
"CIV","Costa de Marfil","2003","Fondos de seguridad social","Porcentaje del total","8.40654"
"CIV","Costa de Marfil","2003","Gobierno nacional","Porcentaje del total","91.59346"
"CIV","Costa de Marfil","2004","Fondos de seguridad social","Porcentaje del total","8.21192"
"CIV","Costa de Marfil","2004","Gobierno nacional","Porcentaje del total","91.78808"
"CIV","Costa de Marfil","2005","Fondos de seguridad social","Porcentaje del total","8.30100"
"CIV","Costa de Marfil","2005","Gobierno nacional","Porcentaje del total","91.69900"
"CIV","Costa de Marfil","2006","Fondos de seguridad social","Porcentaje del total","8.10985"
"CIV","Costa de Marfil","2006","Gobierno nacional","Porcentaje del total","91.89015"
"CIV","Costa de Marfil","2007","Fondos de seguridad social","Porcentaje del total","7.75163"
"CIV","Costa de Marfil","2007","Gobierno nacional","Porcentaje del total","92.24837"
"CIV","Costa de Marfil","2008","Fondos de seguridad social","Porcentaje del total","7.70852"
"CIV","Costa de Marfil","2008","Gobierno nacional","Porcentaje del total","92.29148"
"CIV","Costa de Marfil","2009","Fondos de seguridad social","Porcentaje del total","7.84198"
"CIV","Costa de Marfil","2009","Gobierno nacional","Porcentaje del total","92.15802"
"CIV","Costa de Marfil","2010","Fondos de seguridad social","Porcentaje del total","7.99590"
"CIV","Costa de Marfil","2010","Gobierno nacional","Porcentaje del total","92.00410"
"CIV","Costa de Marfil","2011","Fondos de seguridad social","Porcentaje del total","7.06945"
"CIV","Costa de Marfil","2011","Gobierno nacional","Porcentaje del total","92.93055"
"CIV","Costa de Marfil","2012","Fondos de seguridad social","Porcentaje del total","9.74419"
"CIV","Costa de Marfil","2012","Gobierno nacional","Porcentaje del total","90.25581"
"CIV","Costa de Marfil","2013","Fondos de seguridad social","Porcentaje del total","11.28890"
"CIV","Costa de Marfil","2013","Gobierno nacional","Porcentaje del total","88.71110"
"CIV","Costa de Marfil","2014","Fondos de seguridad social","Porcentaje del total","11.56331"
"CIV","Costa de Marfil","2014","Gobierno nacional","Porcentaje del total","88.43669"
"CIV","Costa de Marfil","2015","Fondos de seguridad social","Porcentaje del total","11.23295"
"CIV","Costa de Marfil","2015","Gobierno nacional","Porcentaje del total","88.76705"
"CIV","Costa de Marfil","2016","Fondos de seguridad social","Porcentaje del total","11.86446"
"CIV","Costa de Marfil","2016","Gobierno nacional","Porcentaje del total","88.13554"
"CIV","Costa de Marfil","2017","Fondos de seguridad social","Porcentaje del total","11.44027"
"CIV","Costa de Marfil","2017","Gobierno nacional","Porcentaje del total","88.55973"
"CIV","Costa de Marfil","2018","Fondos de seguridad social","Porcentaje del total","11.42390"
"CIV","Costa de Marfil","2018","Gobierno nacional","Porcentaje del total","88.57610"
"CIV","Costa de Marfil","2019","Fondos de seguridad social","Porcentaje del total","11.25463"
"CIV","Costa de Marfil","2019","Gobierno nacional","Porcentaje del total","88.74537"
"CIV","Costa de Marfil","2020","Fondos de seguridad social","Porcentaje del total","11.61457"
"CIV","Costa de Marfil","2020","Gobierno nacional","Porcentaje del total","88.38543"
"CIV","Costa de Marfil","2021","Fondos de seguridad social","Porcentaje del total","11.13561"
"CIV","Costa de Marfil","2021","Gobierno nacional","Porcentaje del total","88.86439"
"CIV","Costa de Marfil","2022","Fondos de seguridad social","Porcentaje del total","11.18246"
"CIV","Costa de Marfil","2022","Gobierno nacional","Porcentaje del total","88.81754"
"CIV","Costa de Marfil","2023","Fondos de seguridad social","Porcentaje del total","10.54920"
"CIV","Costa de Marfil","2023","Gobierno nacional","Porcentaje del total","89.45080"
"CIV","Costa de Marfil","2024","Fondos de seguridad social","Porcentaje del total","10.81448"
"CIV","Costa de Marfil","2024","Gobierno nacional","Porcentaje del total","89.18552"
"HRV","Croacia","1995","European institutions and bodies (EU accounts)","Porcentaje del total","0.00000"
"HRV","Croacia","1995","Fondos de seguridad social","Porcentaje del total","36.66470"
"HRV","Croacia","1995","Gobierno municipal local","Porcentaje del total","7.29066"
"HRV","Croacia","1995","Gobierno nacional","Porcentaje del total","56.04465"
"HRV","Croacia","1996","European institutions and bodies (EU accounts)","Porcentaje del total","0.00000"
"HRV","Croacia","1996","Fondos de seguridad social","Porcentaje del total","36.69174"
"HRV","Croacia","1996","Gobierno municipal local","Porcentaje del total","8.80667"
"HRV","Croacia","1996","Gobierno nacional","Porcentaje del total","54.50159"
"HRV","Croacia","1997","European institutions and bodies (EU accounts)","Porcentaje del total","0.00000"
"HRV","Croacia","1997","Fondos de seguridad social","Porcentaje del total","36.93378"
"HRV","Croacia","1997","Gobierno municipal local","Porcentaje del total","8.65271"
"HRV","Croacia","1997","Gobierno nacional","Porcentaje del total","54.41351"
"HRV","Croacia","1998","European institutions and bodies (EU accounts)","Porcentaje del total","0.00000"
"HRV","Croacia","1998","Fondos de seguridad social","Porcentaje del total","33.32220"
"HRV","Croacia","1998","Gobierno municipal local","Porcentaje del total","8.96610"
"HRV","Croacia","1998","Gobierno nacional","Porcentaje del total","57.71170"
"HRV","Croacia","1999","European institutions and bodies (EU accounts)","Porcentaje del total","0.00000"
"HRV","Croacia","1999","Fondos de seguridad social","Porcentaje del total","33.95268"
"HRV","Croacia","1999","Gobierno municipal local","Porcentaje del total","8.73582"
"HRV","Croacia","1999","Gobierno nacional","Porcentaje del total","57.31150"
"HRV","Croacia","2000","European institutions and bodies (EU accounts)","Porcentaje del total","0.00000"
"HRV","Croacia","2000","Fondos de seguridad social","Porcentaje del total","33.51597"
"HRV","Croacia","2000","Gobierno municipal local","Porcentaje del total","8.91051"
"HRV","Croacia","2000","Gobierno nacional","Porcentaje del total","57.57353"
"HRV","Croacia","2001","European institutions and bodies (EU accounts)","Porcentaje del total","0.00000"
"HRV","Croacia","2001","Fondos de seguridad social","Porcentaje del total","33.34478"
"HRV","Croacia","2001","Gobierno municipal local","Porcentaje del total","9.49176"
"HRV","Croacia","2001","Gobierno nacional","Porcentaje del total","57.16346"
"HRV","Croacia","2002","European institutions and bodies (EU accounts)","Porcentaje del total","0.00000"
"HRV","Croacia","2002","Fondos de seguridad social","Porcentaje del total","31.12218"
"HRV","Croacia","2002","Gobierno municipal local","Porcentaje del total","10.36510"
"HRV","Croacia","2002","Gobierno nacional","Porcentaje del total","58.51272"
"HRV","Croacia","2003","European institutions and bodies (EU accounts)","Porcentaje del total","0.00000"
"HRV","Croacia","2003","Fondos de seguridad social","Porcentaje del total","31.25551"
"HRV","Croacia","2003","Gobierno municipal local","Porcentaje del total","10.76538"
"HRV","Croacia","2003","Gobierno nacional","Porcentaje del total","57.97911"
"HRV","Croacia","2004","European institutions and bodies (EU accounts)","Porcentaje del total","0.00000"
"HRV","Croacia","2004","Fondos de seguridad social","Porcentaje del total","31.74051"
"HRV","Croacia","2004","Gobierno municipal local","Porcentaje del total","11.27772"
"HRV","Croacia","2004","Gobierno nacional","Porcentaje del total","56.98176"
"HRV","Croacia","2005","European institutions and bodies (EU accounts)","Porcentaje del total","0.00000"
"HRV","Croacia","2005","Fondos de seguridad social","Porcentaje del total","31.55993"
"HRV","Croacia","2005","Gobierno municipal local","Porcentaje del total","11.28533"
"HRV","Croacia","2005","Gobierno nacional","Porcentaje del total","57.15474"
"HRV","Croacia","2006","European institutions and bodies (EU accounts)","Porcentaje del total","0.00000"
"HRV","Croacia","2006","Fondos de seguridad social","Porcentaje del total","30.74046"
"HRV","Croacia","2006","Gobierno municipal local","Porcentaje del total","11.73597"
"HRV","Croacia","2006","Gobierno nacional","Porcentaje del total","57.52356"
"HRV","Croacia","2007","European institutions and bodies (EU accounts)","Porcentaje del total","0.00000"
"HRV","Croacia","2007","Fondos de seguridad social","Porcentaje del total","30.95836"
"HRV","Croacia","2007","Gobierno municipal local","Porcentaje del total","12.15748"
"HRV","Croacia","2007","Gobierno nacional","Porcentaje del total","56.88416"
"HRV","Croacia","2008","European institutions and bodies (EU accounts)","Porcentaje del total","0.00000"
"HRV","Croacia","2008","Fondos de seguridad social","Porcentaje del total","31.15432"
"HRV","Croacia","2008","Gobierno municipal local","Porcentaje del total","12.30821"
"HRV","Croacia","2008","Gobierno nacional","Porcentaje del total","56.53747"
"HRV","Croacia","2009","European institutions and bodies (EU accounts)","Porcentaje del total","0.00000"
"HRV","Croacia","2009","Fondos de seguridad social","Porcentaje del total","32.32083"
"HRV","Croacia","2009","Gobierno municipal local","Porcentaje del total","12.69872"
"HRV","Croacia","2009","Gobierno nacional","Porcentaje del total","54.98045"
"HRV","Croacia","2010","European institutions and bodies (EU accounts)","Porcentaje del total","0.00000"
"HRV","Croacia","2010","Fondos de seguridad social","Porcentaje del total","32.25777"
"HRV","Croacia","2010","Gobierno municipal local","Porcentaje del total","11.93668"
"HRV","Croacia","2010","Gobierno nacional","Porcentaje del total","55.80554"
"HRV","Croacia","2011","European institutions and bodies (EU accounts)","Porcentaje del total","0.00000"
"HRV","Croacia","2011","Fondos de seguridad social","Porcentaje del total","32.48255"
"HRV","Croacia","2011","Gobierno municipal local","Porcentaje del total","12.63530"
"HRV","Croacia","2011","Gobierno nacional","Porcentaje del total","54.88215"
"HRV","Croacia","2012","European institutions and bodies (EU accounts)","Porcentaje del total","0.00000"
"HRV","Croacia","2012","Fondos de seguridad social","Porcentaje del total","31.33603"
"HRV","Croacia","2012","Gobierno municipal local","Porcentaje del total","13.24905"
"HRV","Croacia","2012","Gobierno nacional","Porcentaje del total","55.41492"
"HRV","Croacia","2013","European institutions and bodies (EU accounts)","Porcentaje del total","0.09295"
"HRV","Croacia","2013","Fondos de seguridad social","Porcentaje del total","30.19407"
"HRV","Croacia","2013","Gobierno municipal local","Porcentaje del total","13.85782"
"HRV","Croacia","2013","Gobierno nacional","Porcentaje del total","55.85516"
"HRV","Croacia","2014","European institutions and bodies (EU accounts)","Porcentaje del total","0.36058"
"HRV","Croacia","2014","Fondos de seguridad social","Porcentaje del total","31.25824"
"HRV","Croacia","2014","Gobierno municipal local","Porcentaje del total","13.56631"
"HRV","Croacia","2014","Gobierno nacional","Porcentaje del total","54.81488"
"HRV","Croacia","2015","European institutions and bodies (EU accounts)","Porcentaje del total","0.33086"
"HRV","Croacia","2015","Fondos de seguridad social","Porcentaje del total","30.35619"
"HRV","Croacia","2015","Gobierno municipal local","Porcentaje del total","12.29237"
"HRV","Croacia","2015","Gobierno nacional","Porcentaje del total","57.02058"
"HRV","Croacia","2016","European institutions and bodies (EU accounts)","Porcentaje del total","0.33466"
"HRV","Croacia","2016","Fondos de seguridad social","Porcentaje del total","29.64148"
"HRV","Croacia","2016","Gobierno municipal local","Porcentaje del total","12.28257"
"HRV","Croacia","2016","Gobierno nacional","Porcentaje del total","57.74129"
"HRV","Croacia","2017","European institutions and bodies (EU accounts)","Porcentaje del total","0.30031"
"HRV","Croacia","2017","Fondos de seguridad social","Porcentaje del total","29.69817"
"HRV","Croacia","2017","Gobierno municipal local","Porcentaje del total","11.73928"
"HRV","Croacia","2017","Gobierno nacional","Porcentaje del total","58.26224"
"HRV","Croacia","2018","European institutions and bodies (EU accounts)","Porcentaje del total","0.22595"
"HRV","Croacia","2018","Fondos de seguridad social","Porcentaje del total","29.24609"
"HRV","Croacia","2018","Gobierno municipal local","Porcentaje del total","13.64130"
"HRV","Croacia","2018","Gobierno nacional","Porcentaje del total","56.88666"
"HRV","Croacia","2019","European institutions and bodies (EU accounts)","Porcentaje del total","0.22779"
"HRV","Croacia","2019","Fondos de seguridad social","Porcentaje del total","28.82144"
"HRV","Croacia","2019","Gobierno municipal local","Porcentaje del total","13.78643"
"HRV","Croacia","2019","Gobierno nacional","Porcentaje del total","57.16434"
"HRV","Croacia","2020","European institutions and bodies (EU accounts)","Porcentaje del total","0.38358"
"HRV","Croacia","2020","Fondos de seguridad social","Porcentaje del total","30.12726"
"HRV","Croacia","2020","Gobierno municipal local","Porcentaje del total","13.92490"
"HRV","Croacia","2020","Gobierno nacional","Porcentaje del total","55.56426"
"HRV","Croacia","2021","European institutions and bodies (EU accounts)","Porcentaje del total","0.40891"
"HRV","Croacia","2021","Fondos de seguridad social","Porcentaje del total","29.70710"
"HRV","Croacia","2021","Gobierno municipal local","Porcentaje del total","12.53089"
"HRV","Croacia","2021","Gobierno nacional","Porcentaje del total","57.35309"
"HRV","Croacia","2022","European institutions and bodies (EU accounts)","Porcentaje del total","0.35304"
"HRV","Croacia","2022","Fondos de seguridad social","Porcentaje del total","28.59390"
"HRV","Croacia","2022","Gobierno municipal local","Porcentaje del total","12.77617"
"HRV","Croacia","2022","Gobierno nacional","Porcentaje del total","58.27689"
"HRV","Croacia","2023","European institutions and bodies (EU accounts)","Porcentaje del total","0.27636"
"HRV","Croacia","2023","Fondos de seguridad social","Porcentaje del total","28.42210"
"HRV","Croacia","2023","Gobierno municipal local","Porcentaje del total","13.47189"
"HRV","Croacia","2023","Gobierno nacional","Porcentaje del total","57.82965"
"HRV","Croacia","2024","European institutions and bodies (EU accounts)","Porcentaje del total","0.25438"
"HRV","Croacia","2024","Fondos de seguridad social","Porcentaje del total","29.34538"
"HRV","Croacia","2024","Gobierno municipal local","Porcentaje del total","14.15727"
"HRV","Croacia","2024","Gobierno nacional","Porcentaje del total","56.24297"
"CUB","Cuba","1990","Fondos de seguridad social","Porcentaje del total","100.00000"
"CUB","Cuba","1991","Fondos de seguridad social","Porcentaje del total","100.00000"
"CUB","Cuba","1992","Fondos de seguridad social","Porcentaje del total","100.00000"
"CUB","Cuba","1993","Fondos de seguridad social","Porcentaje del total","100.00000"
"CUB","Cuba","1994","Fondos de seguridad social","Porcentaje del total","100.00000"
"CUB","Cuba","1995","Fondos de seguridad social","Porcentaje del total","100.00000"
"CUB","Cuba","1996","Fondos de seguridad social","Porcentaje del total","100.00000"
"CUB","Cuba","1997","Fondos de seguridad social","Porcentaje del total","100.00000"
"CUB","Cuba","1998","Fondos de seguridad social","Porcentaje del total","100.00000"
"CUB","Cuba","1999","Fondos de seguridad social","Porcentaje del total","100.00000"
"CUB","Cuba","2000","Fondos de seguridad social","Porcentaje del total","100.00000"
"CUB","Cuba","2001","Fondos de seguridad social","Porcentaje del total","100.00000"
"CUB","Cuba","2002","Fondos de seguridad social","Porcentaje del total","10.86679"
"CUB","Cuba","2002","Gobierno municipal local","Porcentaje del total","27.45363"
"CUB","Cuba","2002","Gobierno nacional","Porcentaje del total","61.67958"
"CUB","Cuba","2003","Fondos de seguridad social","Porcentaje del total","10.82560"
"CUB","Cuba","2003","Gobierno municipal local","Porcentaje del total","26.63828"
"CUB","Cuba","2003","Gobierno nacional","Porcentaje del total","62.53611"
"CUB","Cuba","2004","Fondos de seguridad social","Porcentaje del total","11.52847"
"CUB","Cuba","2004","Gobierno municipal local","Porcentaje del total","34.56552"
"CUB","Cuba","2004","Gobierno nacional","Porcentaje del total","53.90601"
"CUB","Cuba","2005","Fondos de seguridad social","Porcentaje del total","10.14332"
"CUB","Cuba","2005","Gobierno municipal local","Porcentaje del total","30.09106"
"CUB","Cuba","2005","Gobierno nacional","Porcentaje del total","59.76562"
"CUB","Cuba","2006","Fondos de seguridad social","Porcentaje del total","9.36023"
"CUB","Cuba","2006","Gobierno municipal local","Porcentaje del total","32.87631"
"CUB","Cuba","2006","Gobierno nacional","Porcentaje del total","57.76346"
"CUB","Cuba","2007","Fondos de seguridad social","Porcentaje del total","9.35179"
"CUB","Cuba","2007","Gobierno municipal local","Porcentaje del total","37.01549"
"CUB","Cuba","2007","Gobierno nacional","Porcentaje del total","53.63271"
"CUB","Cuba","2008","Fondos de seguridad social","Porcentaje del total","10.30623"
"CUB","Cuba","2008","Gobierno municipal local","Porcentaje del total","43.38364"
"CUB","Cuba","2008","Gobierno nacional","Porcentaje del total","46.31013"
"CUB","Cuba","2009","Fondos de seguridad social","Porcentaje del total","11.00749"
"CUB","Cuba","2009","Gobierno municipal local","Porcentaje del total","47.26975"
"CUB","Cuba","2009","Gobierno nacional","Porcentaje del total","41.72275"
"CUB","Cuba","2010","Fondos de seguridad social","Porcentaje del total","12.41717"
"CUB","Cuba","2010","Gobierno municipal local","Porcentaje del total","52.20739"
"CUB","Cuba","2010","Gobierno nacional","Porcentaje del total","35.37544"
"CUB","Cuba","2011","Fondos de seguridad social","Porcentaje del total","11.46912"
"CUB","Cuba","2011","Gobierno municipal local","Porcentaje del total","49.22721"
"CUB","Cuba","2011","Gobierno nacional","Porcentaje del total","39.30367"
"CUB","Cuba","2012","Fondos de seguridad social","Porcentaje del total","10.81608"
"CUB","Cuba","2012","Gobierno municipal local","Porcentaje del total","47.75300"
"CUB","Cuba","2012","Gobierno nacional","Porcentaje del total","41.43091"
"CUB","Cuba","2013","Fondos de seguridad social","Porcentaje del total","100.00000"
"CUB","Cuba","2014","Fondos de seguridad social","Porcentaje del total","100.00000"
"CUB","Cuba","2015","Fondos de seguridad social","Porcentaje del total","100.00000"
"CUB","Cuba","2016","Fondos de seguridad social","Porcentaje del total","100.00000"
"CUB","Cuba","2017","Fondos de seguridad social","Porcentaje del total","100.00000"
"CUB","Cuba","2018","Fondos de seguridad social","Porcentaje del total","100.00000"
"CUB","Cuba","2019","Fondos de seguridad social","Porcentaje del total","100.00000"
"CUB","Cuba","2020","Fondos de seguridad social","Porcentaje del total","100.00000"
"CUB","Cuba","2021","Fondos de seguridad social","Porcentaje del total","100.00000"
"CUB","Cuba","2022","Fondos de seguridad social","Porcentaje del total","100.00000"
"CUB","Cuba","2023","Fondos de seguridad social","Porcentaje del total","100.00000"
"CUB","Cuba","2024","Fondos de seguridad social","Porcentaje del total","100.00000"
"DNK","Dinamarca","1990","European institutions and bodies (EU accounts)","Porcentaje del total","0.70920"
"DNK","Dinamarca","1990","Fondos de seguridad social","Porcentaje del total","0.00000"
"DNK","Dinamarca","1990","Gobierno municipal local","Porcentaje del total","31.11421"
"DNK","Dinamarca","1990","Gobierno nacional","Porcentaje del total","68.17658"
"DNK","Dinamarca","1991","European institutions and bodies (EU accounts)","Porcentaje del total","0.80587"
"DNK","Dinamarca","1991","Fondos de seguridad social","Porcentaje del total","0.00000"
"DNK","Dinamarca","1991","Gobierno municipal local","Porcentaje del total","31.10488"
"DNK","Dinamarca","1991","Gobierno nacional","Porcentaje del total","68.08925"
"DNK","Dinamarca","1992","European institutions and bodies (EU accounts)","Porcentaje del total","0.67419"
"DNK","Dinamarca","1992","Fondos de seguridad social","Porcentaje del total","0.00000"
"DNK","Dinamarca","1992","Gobierno municipal local","Porcentaje del total","31.22254"
"DNK","Dinamarca","1992","Gobierno nacional","Porcentaje del total","68.10327"
"DNK","Dinamarca","1993","European institutions and bodies (EU accounts)","Porcentaje del total","0.53986"
"DNK","Dinamarca","1993","Fondos de seguridad social","Porcentaje del total","0.00000"
"DNK","Dinamarca","1993","Gobierno municipal local","Porcentaje del total","31.05987"
"DNK","Dinamarca","1993","Gobierno nacional","Porcentaje del total","68.40027"
"DNK","Dinamarca","1994","European institutions and bodies (EU accounts)","Porcentaje del total","0.50846"
"DNK","Dinamarca","1994","Fondos de seguridad social","Porcentaje del total","0.00000"
"DNK","Dinamarca","1994","Gobierno municipal local","Porcentaje del total","31.22649"
"DNK","Dinamarca","1994","Gobierno nacional","Porcentaje del total","68.26504"
"DNK","Dinamarca","1995","European institutions and bodies (EU accounts)","Porcentaje del total","0.47972"
"DNK","Dinamarca","1995","Fondos de seguridad social","Porcentaje del total","0.00000"
"DNK","Dinamarca","1995","Gobierno municipal local","Porcentaje del total","31.30581"
"DNK","Dinamarca","1995","Gobierno nacional","Porcentaje del total","68.21447"
"DNK","Dinamarca","1996","European institutions and bodies (EU accounts)","Porcentaje del total","0.42822"
"DNK","Dinamarca","1996","Fondos de seguridad social","Porcentaje del total","0.00000"
"DNK","Dinamarca","1996","Gobierno municipal local","Porcentaje del total","31.10578"
"DNK","Dinamarca","1996","Gobierno nacional","Porcentaje del total","68.46600"
"DNK","Dinamarca","1997","European institutions and bodies (EU accounts)","Porcentaje del total","0.46587"
"DNK","Dinamarca","1997","Fondos de seguridad social","Porcentaje del total","0.00000"
"DNK","Dinamarca","1997","Gobierno municipal local","Porcentaje del total","31.38972"
"DNK","Dinamarca","1997","Gobierno nacional","Porcentaje del total","68.14441"
"DNK","Dinamarca","1998","European institutions and bodies (EU accounts)","Porcentaje del total","0.43866"
"DNK","Dinamarca","1998","Fondos de seguridad social","Porcentaje del total","0.00000"
"DNK","Dinamarca","1998","Gobierno municipal local","Porcentaje del total","31.53229"
"DNK","Dinamarca","1998","Gobierno nacional","Porcentaje del total","68.02905"
"DNK","Dinamarca","1999","European institutions and bodies (EU accounts)","Porcentaje del total","0.41885"
"DNK","Dinamarca","1999","Fondos de seguridad social","Porcentaje del total","1.10130"
"DNK","Dinamarca","1999","Gobierno municipal local","Porcentaje del total","31.44452"
"DNK","Dinamarca","1999","Gobierno nacional","Porcentaje del total","67.03532"
"DNK","Dinamarca","2000","European institutions and bodies (EU accounts)","Porcentaje del total","0.42493"
"DNK","Dinamarca","2000","Fondos de seguridad social","Porcentaje del total","1.14217"
"DNK","Dinamarca","2000","Gobierno municipal local","Porcentaje del total","30.89127"
"DNK","Dinamarca","2000","Gobierno nacional","Porcentaje del total","67.54163"
"DNK","Dinamarca","2001","European institutions and bodies (EU accounts)","Porcentaje del total","0.37970"
"DNK","Dinamarca","2001","Fondos de seguridad social","Porcentaje del total","1.16167"
"DNK","Dinamarca","2001","Gobierno municipal local","Porcentaje del total","32.50819"
"DNK","Dinamarca","2001","Gobierno nacional","Porcentaje del total","65.95043"
"DNK","Dinamarca","2002","European institutions and bodies (EU accounts)","Porcentaje del total","0.33168"
"DNK","Dinamarca","2002","Fondos de seguridad social","Porcentaje del total","0.04488"
"DNK","Dinamarca","2002","Gobierno municipal local","Porcentaje del total","33.00986"
"DNK","Dinamarca","2002","Gobierno nacional","Porcentaje del total","66.61359"
"DNK","Dinamarca","2003","European institutions and bodies (EU accounts)","Porcentaje del total","0.32707"
"DNK","Dinamarca","2003","Fondos de seguridad social","Porcentaje del total","0.07848"
"DNK","Dinamarca","2003","Gobierno municipal local","Porcentaje del total","33.16733"
"DNK","Dinamarca","2003","Gobierno nacional","Porcentaje del total","66.42712"
"DNK","Dinamarca","2004","European institutions and bodies (EU accounts)","Porcentaje del total","0.36855"
"DNK","Dinamarca","2004","Fondos de seguridad social","Porcentaje del total","0.07554"
"DNK","Dinamarca","2004","Gobierno municipal local","Porcentaje del total","31.93054"
"DNK","Dinamarca","2004","Gobierno nacional","Porcentaje del total","67.62538"
"DNK","Dinamarca","2005","European institutions and bodies (EU accounts)","Porcentaje del total","0.40374"
"DNK","Dinamarca","2005","Fondos de seguridad social","Porcentaje del total","0.06948"
"DNK","Dinamarca","2005","Gobierno municipal local","Porcentaje del total","30.47890"
"DNK","Dinamarca","2005","Gobierno nacional","Porcentaje del total","69.04789"
"DNK","Dinamarca","2006","European institutions and bodies (EU accounts)","Porcentaje del total","0.40527"
"DNK","Dinamarca","2006","Fondos de seguridad social","Porcentaje del total","0.05976"
"DNK","Dinamarca","2006","Gobierno municipal local","Porcentaje del total","30.74898"
"DNK","Dinamarca","2006","Gobierno nacional","Porcentaje del total","68.78599"
"DNK","Dinamarca","2007","European institutions and bodies (EU accounts)","Porcentaje del total","0.45064"
"DNK","Dinamarca","2007","Fondos de seguridad social","Porcentaje del total","0.02801"
"DNK","Dinamarca","2007","Gobierno municipal local","Porcentaje del total","23.70620"
"DNK","Dinamarca","2007","Gobierno nacional","Porcentaje del total","75.81514"
"DNK","Dinamarca","2008","European institutions and bodies (EU accounts)","Porcentaje del total","0.47236"
"DNK","Dinamarca","2008","Fondos de seguridad social","Porcentaje del total","0.02099"
"DNK","Dinamarca","2008","Gobierno municipal local","Porcentaje del total","24.65017"
"DNK","Dinamarca","2008","Gobierno nacional","Porcentaje del total","74.85649"
"DNK","Dinamarca","2009","European institutions and bodies (EU accounts)","Porcentaje del total","0.38707"
"DNK","Dinamarca","2009","Fondos de seguridad social","Porcentaje del total","0.01745"
"DNK","Dinamarca","2009","Gobierno municipal local","Porcentaje del total","25.70175"
"DNK","Dinamarca","2009","Gobierno nacional","Porcentaje del total","73.89373"
"DNK","Dinamarca","2010","European institutions and bodies (EU accounts)","Porcentaje del total","0.40326"
"DNK","Dinamarca","2010","Fondos de seguridad social","Porcentaje del total","0.11181"
"DNK","Dinamarca","2010","Gobierno municipal local","Porcentaje del total","26.75351"
"DNK","Dinamarca","2010","Gobierno nacional","Porcentaje del total","72.73142"
"DNK","Dinamarca","2011","European institutions and bodies (EU accounts)","Porcentaje del total","0.38711"
"DNK","Dinamarca","2011","Fondos de seguridad social","Porcentaje del total","0.11840"
"DNK","Dinamarca","2011","Gobierno municipal local","Porcentaje del total","26.74587"
"DNK","Dinamarca","2011","Gobierno nacional","Porcentaje del total","72.74862"
"DNK","Dinamarca","2012","European institutions and bodies (EU accounts)","Porcentaje del total","0.34681"
"DNK","Dinamarca","2012","Fondos de seguridad social","Porcentaje del total","0.08487"
"DNK","Dinamarca","2012","Gobierno municipal local","Porcentaje del total","26.46423"
"DNK","Dinamarca","2012","Gobierno nacional","Porcentaje del total","73.10409"
"DNK","Dinamarca","2013","European institutions and bodies (EU accounts)","Porcentaje del total","0.32305"
"DNK","Dinamarca","2013","Fondos de seguridad social","Porcentaje del total","0.08215"
"DNK","Dinamarca","2013","Gobierno municipal local","Porcentaje del total","26.51017"
"DNK","Dinamarca","2013","Gobierno nacional","Porcentaje del total","73.08463"
"DNK","Dinamarca","2014","European institutions and bodies (EU accounts)","Porcentaje del total","0.31410"
"DNK","Dinamarca","2014","Fondos de seguridad social","Porcentaje del total","0.07496"
"DNK","Dinamarca","2014","Gobierno municipal local","Porcentaje del total","25.03093"
"DNK","Dinamarca","2014","Gobierno nacional","Porcentaje del total","74.58001"
"DNK","Dinamarca","2015","European institutions and bodies (EU accounts)","Porcentaje del total","0.35163"
"DNK","Dinamarca","2015","Fondos de seguridad social","Porcentaje del total","0.05743"
"DNK","Dinamarca","2015","Gobierno municipal local","Porcentaje del total","26.40111"
"DNK","Dinamarca","2015","Gobierno nacional","Porcentaje del total","73.18984"
"DNK","Dinamarca","2016","European institutions and bodies (EU accounts)","Porcentaje del total","0.32235"
"DNK","Dinamarca","2016","Fondos de seguridad social","Porcentaje del total","0.04675"
"DNK","Dinamarca","2016","Gobierno municipal local","Porcentaje del total","26.79469"
"DNK","Dinamarca","2016","Gobierno nacional","Porcentaje del total","72.83621"
"DNK","Dinamarca","2017","European institutions and bodies (EU accounts)","Porcentaje del total","0.31846"
"DNK","Dinamarca","2017","Fondos de seguridad social","Porcentaje del total","0.03245"
"DNK","Dinamarca","2017","Gobierno municipal local","Porcentaje del total","26.71235"
"DNK","Dinamarca","2017","Gobierno nacional","Porcentaje del total","72.93674"
"DNK","Dinamarca","2018","European institutions and bodies (EU accounts)","Porcentaje del total","0.31946"
"DNK","Dinamarca","2018","Fondos de seguridad social","Porcentaje del total","0.02999"
"DNK","Dinamarca","2018","Gobierno municipal local","Porcentaje del total","27.00355"
"DNK","Dinamarca","2018","Gobierno nacional","Porcentaje del total","72.64700"
"DNK","Dinamarca","2019","European institutions and bodies (EU accounts)","Porcentaje del total","0.28806"
"DNK","Dinamarca","2019","Fondos de seguridad social","Porcentaje del total","0.02808"
"DNK","Dinamarca","2019","Gobierno municipal local","Porcentaje del total","25.63797"
"DNK","Dinamarca","2019","Gobierno nacional","Porcentaje del total","74.04589"
"DNK","Dinamarca","2020","European institutions and bodies (EU accounts)","Porcentaje del total","0.28107"
"DNK","Dinamarca","2020","Fondos de seguridad social","Porcentaje del total","0.05469"
"DNK","Dinamarca","2020","Gobierno municipal local","Porcentaje del total","26.80938"
"DNK","Dinamarca","2020","Gobierno nacional","Porcentaje del total","72.85486"
"DNK","Dinamarca","2021","European institutions and bodies (EU accounts)","Porcentaje del total","0.30633"
"DNK","Dinamarca","2021","Fondos de seguridad social","Porcentaje del total","0.06617"
"DNK","Dinamarca","2021","Gobierno municipal local","Porcentaje del total","25.66361"
"DNK","Dinamarca","2021","Gobierno nacional","Porcentaje del total","73.96389"
"DNK","Dinamarca","2022","European institutions and bodies (EU accounts)","Porcentaje del total","0.38494"
"DNK","Dinamarca","2022","Fondos de seguridad social","Porcentaje del total","0.04566"
"DNK","Dinamarca","2022","Gobierno municipal local","Porcentaje del total","26.53133"
"DNK","Dinamarca","2022","Gobierno nacional","Porcentaje del total","73.03807"
"DNK","Dinamarca","2023","European institutions and bodies (EU accounts)","Porcentaje del total","0.29455"
"DNK","Dinamarca","2023","Fondos de seguridad social","Porcentaje del total","0.04419"
"DNK","Dinamarca","2023","Gobierno municipal local","Porcentaje del total","26.97203"
"DNK","Dinamarca","2023","Gobierno nacional","Porcentaje del total","72.68923"
"DNK","Dinamarca","2024","European institutions and bodies (EU accounts)","Porcentaje del total","0.27942"
"DNK","Dinamarca","2024","Fondos de seguridad social","Porcentaje del total","0.03819"
"DNK","Dinamarca","2024","Gobierno municipal local","Porcentaje del total","25.83926"
"DNK","Dinamarca","2024","Gobierno nacional","Porcentaje del total","73.84313"
"ECU","Ecuador","1990","Fondos de seguridad social","Porcentaje del total","22.50360"
"ECU","Ecuador","1990","Gobierno municipal local","Porcentaje del total","2.71020"
"ECU","Ecuador","1990","Gobierno nacional","Porcentaje del total","74.78620"
"ECU","Ecuador","1991","Fondos de seguridad social","Porcentaje del total","26.09131"
"ECU","Ecuador","1991","Gobierno municipal local","Porcentaje del total","2.14527"
"ECU","Ecuador","1991","Gobierno nacional","Porcentaje del total","71.76343"
"ECU","Ecuador","1992","Fondos de seguridad social","Porcentaje del total","27.94524"
"ECU","Ecuador","1992","Gobierno municipal local","Porcentaje del total","2.42526"
"ECU","Ecuador","1992","Gobierno nacional","Porcentaje del total","69.62950"
"ECU","Ecuador","1993","Fondos de seguridad social","Porcentaje del total","26.10935"
"ECU","Ecuador","1993","Gobierno municipal local","Porcentaje del total","2.61461"
"ECU","Ecuador","1993","Gobierno nacional","Porcentaje del total","71.27604"
"ECU","Ecuador","1994","Fondos de seguridad social","Porcentaje del total","25.49591"
"ECU","Ecuador","1994","Gobierno municipal local","Porcentaje del total","4.06905"
"ECU","Ecuador","1994","Gobierno nacional","Porcentaje del total","70.43504"
"ECU","Ecuador","1995","Fondos de seguridad social","Porcentaje del total","25.49807"
"ECU","Ecuador","1995","Gobierno municipal local","Porcentaje del total","4.01246"
"ECU","Ecuador","1995","Gobierno nacional","Porcentaje del total","70.48948"
"ECU","Ecuador","1996","Fondos de seguridad social","Porcentaje del total","24.26073"
"ECU","Ecuador","1996","Gobierno municipal local","Porcentaje del total","4.13533"
"ECU","Ecuador","1996","Gobierno nacional","Porcentaje del total","71.60394"
"ECU","Ecuador","1997","Fondos de seguridad social","Porcentaje del total","19.70656"
"ECU","Ecuador","1997","Gobierno municipal local","Porcentaje del total","3.43624"
"ECU","Ecuador","1997","Gobierno nacional","Porcentaje del total","76.85720"
"ECU","Ecuador","1998","Fondos de seguridad social","Porcentaje del total","17.52348"
"ECU","Ecuador","1998","Gobierno municipal local","Porcentaje del total","3.14268"
"ECU","Ecuador","1998","Gobierno nacional","Porcentaje del total","79.33384"
"ECU","Ecuador","1999","Fondos de seguridad social","Porcentaje del total","11.90408"
"ECU","Ecuador","1999","Gobierno municipal local","Porcentaje del total","2.62386"
"ECU","Ecuador","1999","Gobierno nacional","Porcentaje del total","85.47206"
"ECU","Ecuador","2000","Fondos de seguridad social","Porcentaje del total","10.72547"
"ECU","Ecuador","2000","Gobierno municipal local","Porcentaje del total","1.60011"
"ECU","Ecuador","2000","Gobierno nacional","Porcentaje del total","87.67442"
"ECU","Ecuador","2001","Fondos de seguridad social","Porcentaje del total","14.20405"
"ECU","Ecuador","2001","Gobierno municipal local","Porcentaje del total","2.16152"
"ECU","Ecuador","2001","Gobierno nacional","Porcentaje del total","83.63444"
"ECU","Ecuador","2002","Fondos de seguridad social","Porcentaje del total","19.37394"
"ECU","Ecuador","2002","Gobierno municipal local","Porcentaje del total","2.56087"
"ECU","Ecuador","2002","Gobierno nacional","Porcentaje del total","78.06519"
"ECU","Ecuador","2003","Fondos de seguridad social","Porcentaje del total","21.01502"
"ECU","Ecuador","2003","Gobierno municipal local","Porcentaje del total","3.01093"
"ECU","Ecuador","2003","Gobierno nacional","Porcentaje del total","75.97406"
"ECU","Ecuador","2004","Fondos de seguridad social","Porcentaje del total","21.11447"
"ECU","Ecuador","2004","Gobierno municipal local","Porcentaje del total","3.00771"
"ECU","Ecuador","2004","Gobierno nacional","Porcentaje del total","75.87782"
"ECU","Ecuador","2005","Fondos de seguridad social","Porcentaje del total","19.37262"
"ECU","Ecuador","2005","Gobierno municipal local","Porcentaje del total","3.19138"
"ECU","Ecuador","2005","Gobierno nacional","Porcentaje del total","77.43600"
"ECU","Ecuador","2006","Fondos de seguridad social","Porcentaje del total","22.84004"
"ECU","Ecuador","2006","Gobierno municipal local","Porcentaje del total","2.28765"
"ECU","Ecuador","2006","Gobierno nacional","Porcentaje del total","74.87230"
"ECU","Ecuador","2007","Fondos de seguridad social","Porcentaje del total","23.19984"
"ECU","Ecuador","2007","Gobierno municipal local","Porcentaje del total","2.19296"
"ECU","Ecuador","2007","Gobierno nacional","Porcentaje del total","74.60720"
"ECU","Ecuador","2008","Fondos de seguridad social","Porcentaje del total","22.76308"
"ECU","Ecuador","2008","Gobierno municipal local","Porcentaje del total","2.04303"
"ECU","Ecuador","2008","Gobierno nacional","Porcentaje del total","75.19389"
"ECU","Ecuador","2009","Fondos de seguridad social","Porcentaje del total","21.02741"
"ECU","Ecuador","2009","Gobierno municipal local","Porcentaje del total","2.06248"
"ECU","Ecuador","2009","Gobierno nacional","Porcentaje del total","76.91011"
"ECU","Ecuador","2010","Fondos de seguridad social","Porcentaje del total","21.72681"
"ECU","Ecuador","2010","Gobierno municipal local","Porcentaje del total","1.95017"
"ECU","Ecuador","2010","Gobierno nacional","Porcentaje del total","76.32302"
"ECU","Ecuador","2011","Fondos de seguridad social","Porcentaje del total","28.34741"
"ECU","Ecuador","2011","Gobierno municipal local","Porcentaje del total","2.04578"
"ECU","Ecuador","2011","Gobierno nacional","Porcentaje del total","69.60681"
"ECU","Ecuador","2012","Fondos de seguridad social","Porcentaje del total","27.46975"
"ECU","Ecuador","2012","Gobierno municipal local","Porcentaje del total","2.17055"
"ECU","Ecuador","2012","Gobierno nacional","Porcentaje del total","70.35970"
"ECU","Ecuador","2013","Fondos de seguridad social","Porcentaje del total","22.50491"
"ECU","Ecuador","2013","Gobierno municipal local","Porcentaje del total","2.34728"
"ECU","Ecuador","2013","Gobierno nacional","Porcentaje del total","75.14781"
"ECU","Ecuador","2014","Fondos de seguridad social","Porcentaje del total","23.76652"
"ECU","Ecuador","2014","Gobierno municipal local","Porcentaje del total","2.46221"
"ECU","Ecuador","2014","Gobierno nacional","Porcentaje del total","73.77127"
"ECU","Ecuador","2015","Fondos de seguridad social","Porcentaje del total","23.68956"
"ECU","Ecuador","2015","Gobierno municipal local","Porcentaje del total","2.47734"
"ECU","Ecuador","2015","Gobierno nacional","Porcentaje del total","73.83311"
"ECU","Ecuador","2016","Fondos de seguridad social","Porcentaje del total","23.74372"
"ECU","Ecuador","2016","Gobierno municipal local","Porcentaje del total","2.68803"
"ECU","Ecuador","2016","Gobierno nacional","Porcentaje del total","73.56825"
"ECU","Ecuador","2017","Fondos de seguridad social","Porcentaje del total","27.08960"
"ECU","Ecuador","2017","Gobierno municipal local","Porcentaje del total","2.72876"
"ECU","Ecuador","2017","Gobierno nacional","Porcentaje del total","70.18164"
"ECU","Ecuador","2018","Fondos de seguridad social","Porcentaje del total","26.08105"
"ECU","Ecuador","2018","Gobierno municipal local","Porcentaje del total","2.82803"
"ECU","Ecuador","2018","Gobierno nacional","Porcentaje del total","71.09092"
"ECU","Ecuador","2019","Fondos de seguridad social","Porcentaje del total","26.52706"
"ECU","Ecuador","2019","Gobierno municipal local","Porcentaje del total","2.90100"
"ECU","Ecuador","2019","Gobierno nacional","Porcentaje del total","70.57194"
"ECU","Ecuador","2020","Fondos de seguridad social","Porcentaje del total","27.38905"
"ECU","Ecuador","2020","Gobierno municipal local","Porcentaje del total","2.88441"
"ECU","Ecuador","2020","Gobierno nacional","Porcentaje del total","69.72654"
"ECU","Ecuador","2021","Fondos de seguridad social","Porcentaje del total","25.62869"
"ECU","Ecuador","2021","Gobierno municipal local","Porcentaje del total","3.18821"
"ECU","Ecuador","2021","Gobierno nacional","Porcentaje del total","71.18310"
"ECU","Ecuador","2022","Fondos de seguridad social","Porcentaje del total","23.95821"
"ECU","Ecuador","2022","Gobierno municipal local","Porcentaje del total","2.83819"
"ECU","Ecuador","2022","Gobierno nacional","Porcentaje del total","73.20360"
"ECU","Ecuador","2023","Fondos de seguridad social","Porcentaje del total","24.71257"
"ECU","Ecuador","2023","Gobierno municipal local","Porcentaje del total","2.82742"
"ECU","Ecuador","2023","Gobierno nacional","Porcentaje del total","72.46001"
"ECU","Ecuador","2024","Fondos de seguridad social","Porcentaje del total","22.41137"
"ECU","Ecuador","2024","Gobierno municipal local","Porcentaje del total","2.84970"
"ECU","Ecuador","2024","Gobierno nacional","Porcentaje del total","74.73893"
"EGY","Egipto","2002","Fondos de seguridad social","Porcentaje del total","0.00000"
"EGY","Egipto","2002","Gobierno nacional","Porcentaje del total","100.00000"
"EGY","Egipto","2003","Fondos de seguridad social","Porcentaje del total","21.92973"
"EGY","Egipto","2003","Gobierno nacional","Porcentaje del total","78.07027"
"EGY","Egipto","2004","Fondos de seguridad social","Porcentaje del total","20.25624"
"EGY","Egipto","2004","Gobierno nacional","Porcentaje del total","79.74376"
"EGY","Egipto","2005","Fondos de seguridad social","Porcentaje del total","18.26679"
"EGY","Egipto","2005","Gobierno nacional","Porcentaje del total","81.73321"
"EGY","Egipto","2006","Fondos de seguridad social","Porcentaje del total","16.13490"
"EGY","Egipto","2006","Gobierno nacional","Porcentaje del total","83.86510"
"EGY","Egipto","2007","Fondos de seguridad social","Porcentaje del total","18.39297"
"EGY","Egipto","2007","Gobierno nacional","Porcentaje del total","81.60703"
"EGY","Egipto","2008","Fondos de seguridad social","Porcentaje del total","16.32030"
"EGY","Egipto","2008","Gobierno nacional","Porcentaje del total","83.67970"
"EGY","Egipto","2009","Fondos de seguridad social","Porcentaje del total","15.10618"
"EGY","Egipto","2009","Gobierno nacional","Porcentaje del total","84.89382"
"EGY","Egipto","2010","Fondos de seguridad social","Porcentaje del total","16.02790"
"EGY","Egipto","2010","Gobierno nacional","Porcentaje del total","83.97210"
"EGY","Egipto","2011","Fondos de seguridad social","Porcentaje del total","16.16793"
"EGY","Egipto","2011","Gobierno nacional","Porcentaje del total","83.83207"
"EGY","Egipto","2012","Fondos de seguridad social","Porcentaje del total","17.87974"
"EGY","Egipto","2012","Gobierno nacional","Porcentaje del total","82.12026"
"EGY","Egipto","2013","Fondos de seguridad social","Porcentaje del total","16.42530"
"EGY","Egipto","2013","Gobierno nacional","Porcentaje del total","83.57470"
"EGY","Egipto","2014","Fondos de seguridad social","Porcentaje del total","19.24224"
"EGY","Egipto","2014","Gobierno nacional","Porcentaje del total","80.75776"
"EGY","Egipto","2015","Fondos de seguridad social","Porcentaje del total","16.84174"
"EGY","Egipto","2015","Gobierno nacional","Porcentaje del total","83.15826"
"EGY","Egipto","2016","Fondos de seguridad social","Porcentaje del total","19.93999"
"EGY","Egipto","2016","Gobierno nacional","Porcentaje del total","80.06001"
"EGY","Egipto","2017","Fondos de seguridad social","Porcentaje del total","17.38666"
"EGY","Egipto","2017","Gobierno nacional","Porcentaje del total","82.61334"
"EGY","Egipto","2018","Fondos de seguridad social","Porcentaje del total","15.40047"
"EGY","Egipto","2018","Gobierno nacional","Porcentaje del total","84.59953"
"EGY","Egipto","2019","Fondos de seguridad social","Porcentaje del total","15.81392"
"EGY","Egipto","2019","Gobierno nacional","Porcentaje del total","84.18608"
"EGY","Egipto","2020","Fondos de seguridad social","Porcentaje del total","13.62248"
"EGY","Egipto","2020","Gobierno nacional","Porcentaje del total","86.37752"
"EGY","Egipto","2021","Fondos de seguridad social","Porcentaje del total","13.66616"
"EGY","Egipto","2021","Gobierno nacional","Porcentaje del total","86.33384"
"EGY","Egipto","2022","Fondos de seguridad social","Porcentaje del total","13.45307"
"EGY","Egipto","2022","Gobierno nacional","Porcentaje del total","86.54693"
"EGY","Egipto","2023","Fondos de seguridad social","Porcentaje del total","11.65847"
"EGY","Egipto","2023","Gobierno nacional","Porcentaje del total","88.34153"
"EGY","Egipto","2024","Fondos de seguridad social","Porcentaje del total","11.33006"
"EGY","Egipto","2024","Gobierno nacional","Porcentaje del total","88.66994"
"SLV","El Salvador","1990","Fondos de seguridad social","Porcentaje del total","19.24511"
"SLV","El Salvador","1990","Gobierno nacional","Porcentaje del total","80.75489"
"SLV","El Salvador","1991","Fondos de seguridad social","Porcentaje del total","18.63154"
"SLV","El Salvador","1991","Gobierno nacional","Porcentaje del total","81.36846"
"SLV","El Salvador","1992","Fondos de seguridad social","Porcentaje del total","18.19206"
"SLV","El Salvador","1992","Gobierno nacional","Porcentaje del total","81.80794"
"SLV","El Salvador","1993","Fondos de seguridad social","Porcentaje del total","18.47728"
"SLV","El Salvador","1993","Gobierno nacional","Porcentaje del total","81.52272"
"SLV","El Salvador","1994","Fondos de seguridad social","Porcentaje del total","20.12150"
"SLV","El Salvador","1994","Gobierno nacional","Porcentaje del total","79.87850"
"SLV","El Salvador","1995","Fondos de seguridad social","Porcentaje del total","19.06294"
"SLV","El Salvador","1995","Gobierno nacional","Porcentaje del total","80.93706"
"SLV","El Salvador","1996","Fondos de seguridad social","Porcentaje del total","20.60709"
"SLV","El Salvador","1996","Gobierno nacional","Porcentaje del total","79.39291"
"SLV","El Salvador","1997","Fondos de seguridad social","Porcentaje del total","22.01824"
"SLV","El Salvador","1997","Gobierno nacional","Porcentaje del total","77.98176"
"SLV","El Salvador","1998","Fondos de seguridad social","Porcentaje del total","22.91056"
"SLV","El Salvador","1998","Gobierno nacional","Porcentaje del total","77.08944"
"SLV","El Salvador","1999","Fondos de seguridad social","Porcentaje del total","19.49681"
"SLV","El Salvador","1999","Gobierno nacional","Porcentaje del total","80.50319"
"SLV","El Salvador","2000","Fondos de seguridad social","Porcentaje del total","19.48355"
"SLV","El Salvador","2000","Gobierno nacional","Porcentaje del total","80.51645"
"SLV","El Salvador","2001","Fondos de seguridad social","Porcentaje del total","17.80353"
"SLV","El Salvador","2001","Gobierno nacional","Porcentaje del total","82.19647"
"SLV","El Salvador","2002","Fondos de seguridad social","Porcentaje del total","16.60062"
"SLV","El Salvador","2002","Gobierno municipal local","Porcentaje del total","1.32304"
"SLV","El Salvador","2002","Gobierno nacional","Porcentaje del total","82.07634"
"SLV","El Salvador","2003","Fondos de seguridad social","Porcentaje del total","15.78930"
"SLV","El Salvador","2003","Gobierno municipal local","Porcentaje del total","1.46623"
"SLV","El Salvador","2003","Gobierno nacional","Porcentaje del total","82.74447"
"SLV","El Salvador","2004","Fondos de seguridad social","Porcentaje del total","15.57931"
"SLV","El Salvador","2004","Gobierno municipal local","Porcentaje del total","2.08424"
"SLV","El Salvador","2004","Gobierno nacional","Porcentaje del total","82.33645"
"SLV","El Salvador","2005","Fondos de seguridad social","Porcentaje del total","13.58111"
"SLV","El Salvador","2005","Gobierno municipal local","Porcentaje del total","1.67367"
"SLV","El Salvador","2005","Gobierno nacional","Porcentaje del total","84.74522"
"SLV","El Salvador","2006","Fondos de seguridad social","Porcentaje del total","12.48215"
"SLV","El Salvador","2006","Gobierno municipal local","Porcentaje del total","1.83396"
"SLV","El Salvador","2006","Gobierno nacional","Porcentaje del total","85.68389"
"SLV","El Salvador","2007","Fondos de seguridad social","Porcentaje del total","12.24849"
"SLV","El Salvador","2007","Gobierno municipal local","Porcentaje del total","1.79650"
"SLV","El Salvador","2007","Gobierno nacional","Porcentaje del total","85.95501"
"SLV","El Salvador","2008","Fondos de seguridad social","Porcentaje del total","12.85735"
"SLV","El Salvador","2008","Gobierno municipal local","Porcentaje del total","2.01046"
"SLV","El Salvador","2008","Gobierno nacional","Porcentaje del total","85.13219"
"SLV","El Salvador","2009","Fondos de seguridad social","Porcentaje del total","14.50877"
"SLV","El Salvador","2009","Gobierno municipal local","Porcentaje del total","2.11529"
"SLV","El Salvador","2009","Gobierno nacional","Porcentaje del total","83.37594"
"SLV","El Salvador","2010","Fondos de seguridad social","Porcentaje del total","13.63909"
"SLV","El Salvador","2010","Gobierno municipal local","Porcentaje del total","2.14892"
"SLV","El Salvador","2010","Gobierno nacional","Porcentaje del total","84.21199"
"SLV","El Salvador","2011","Fondos de seguridad social","Porcentaje del total","13.14231"
"SLV","El Salvador","2011","Gobierno municipal local","Porcentaje del total","2.19761"
"SLV","El Salvador","2011","Gobierno nacional","Porcentaje del total","84.66009"
"SLV","El Salvador","2012","Fondos de seguridad social","Porcentaje del total","12.88607"
"SLV","El Salvador","2012","Gobierno municipal local","Porcentaje del total","2.23330"
"SLV","El Salvador","2012","Gobierno nacional","Porcentaje del total","84.88063"
"SLV","El Salvador","2013","Fondos de seguridad social","Porcentaje del total","12.41836"
"SLV","El Salvador","2013","Gobierno municipal local","Porcentaje del total","2.28287"
"SLV","El Salvador","2013","Gobierno nacional","Porcentaje del total","85.29877"
"SLV","El Salvador","2014","Fondos de seguridad social","Porcentaje del total","12.74516"
"SLV","El Salvador","2014","Gobierno municipal local","Porcentaje del total","2.44911"
"SLV","El Salvador","2014","Gobierno nacional","Porcentaje del total","84.80573"
"SLV","El Salvador","2015","Fondos de seguridad social","Porcentaje del total","13.04385"
"SLV","El Salvador","2015","Gobierno municipal local","Porcentaje del total","2.22483"
"SLV","El Salvador","2015","Gobierno nacional","Porcentaje del total","84.73132"
"SLV","El Salvador","2016","Fondos de seguridad social","Porcentaje del total","13.19304"
"SLV","El Salvador","2016","Gobierno municipal local","Porcentaje del total","2.23043"
"SLV","El Salvador","2016","Gobierno nacional","Porcentaje del total","84.57653"
"SLV","El Salvador","2017","Fondos de seguridad social","Porcentaje del total","13.06635"
"SLV","El Salvador","2017","Gobierno municipal local","Porcentaje del total","2.09480"
"SLV","El Salvador","2017","Gobierno nacional","Porcentaje del total","84.83885"
"SLV","El Salvador","2018","Fondos de seguridad social","Porcentaje del total","12.70682"
"SLV","El Salvador","2018","Gobierno municipal local","Porcentaje del total","2.21911"
"SLV","El Salvador","2018","Gobierno nacional","Porcentaje del total","85.07407"
"SLV","El Salvador","2019","Fondos de seguridad social","Porcentaje del total","12.80789"
"SLV","El Salvador","2019","Gobierno municipal local","Porcentaje del total","2.12179"
"SLV","El Salvador","2019","Gobierno nacional","Porcentaje del total","85.07032"
"SLV","El Salvador","2020","Fondos de seguridad social","Porcentaje del total","12.94929"
"SLV","El Salvador","2020","Gobierno municipal local","Porcentaje del total","2.21168"
"SLV","El Salvador","2020","Gobierno nacional","Porcentaje del total","84.83903"
"SLV","El Salvador","2021","Fondos de seguridad social","Porcentaje del total","11.47794"
"SLV","El Salvador","2021","Gobierno municipal local","Porcentaje del total","1.95006"
"SLV","El Salvador","2021","Gobierno nacional","Porcentaje del total","86.57199"
"SLV","El Salvador","2022","Fondos de seguridad social","Porcentaje del total","11.21668"
"SLV","El Salvador","2022","Gobierno municipal local","Porcentaje del total","1.97776"
"SLV","El Salvador","2022","Gobierno nacional","Porcentaje del total","86.80556"
"SLV","El Salvador","2023","Fondos de seguridad social","Porcentaje del total","11.30237"
"SLV","El Salvador","2023","Gobierno municipal local","Porcentaje del total","1.74186"
"SLV","El Salvador","2023","Gobierno nacional","Porcentaje del total","86.95578"
"SLV","El Salvador","2024","Fondos de seguridad social","Porcentaje del total","10.81384"
"SLV","El Salvador","2024","Gobierno municipal local","Porcentaje del total","1.26486"
"SLV","El Salvador","2024","Gobierno nacional","Porcentaje del total","87.92129"
"SVK","Eslovaquia","1995","Fondos de seguridad social","Porcentaje del total","36.09155"
"SVK","Eslovaquia","1995","Gobierno municipal local","Porcentaje del total","1.29594"
"SVK","Eslovaquia","1995","Gobierno nacional","Porcentaje del total","62.61251"
"SVK","Eslovaquia","1996","Fondos de seguridad social","Porcentaje del total","39.20646"
"SVK","Eslovaquia","1996","Gobierno municipal local","Porcentaje del total","1.50630"
"SVK","Eslovaquia","1996","Gobierno nacional","Porcentaje del total","59.28723"
"SVK","Eslovaquia","1997","Fondos de seguridad social","Porcentaje del total","39.16142"
"SVK","Eslovaquia","1997","Gobierno municipal local","Porcentaje del total","1.50052"
"SVK","Eslovaquia","1997","Gobierno nacional","Porcentaje del total","59.33806"
"SVK","Eslovaquia","1998","Fondos de seguridad social","Porcentaje del total","38.99551"
"SVK","Eslovaquia","1998","Gobierno municipal local","Porcentaje del total","1.39962"
"SVK","Eslovaquia","1998","Gobierno nacional","Porcentaje del total","59.60488"
"SVK","Eslovaquia","1999","Fondos de seguridad social","Porcentaje del total","38.55760"
"SVK","Eslovaquia","1999","Gobierno municipal local","Porcentaje del total","1.41243"
"SVK","Eslovaquia","1999","Gobierno nacional","Porcentaje del total","60.02997"
"SVK","Eslovaquia","2000","Fondos de seguridad social","Porcentaje del total","40.51218"
"SVK","Eslovaquia","2000","Gobierno municipal local","Porcentaje del total","1.40340"
"SVK","Eslovaquia","2000","Gobierno nacional","Porcentaje del total","58.08442"
"SVK","Eslovaquia","2001","Fondos de seguridad social","Porcentaje del total","42.17332"
"SVK","Eslovaquia","2001","Gobierno municipal local","Porcentaje del total","1.36713"
"SVK","Eslovaquia","2001","Gobierno nacional","Porcentaje del total","56.45955"
"SVK","Eslovaquia","2002","Fondos de seguridad social","Porcentaje del total","43.02080"
"SVK","Eslovaquia","2002","Gobierno municipal local","Porcentaje del total","1.82430"
"SVK","Eslovaquia","2002","Gobierno nacional","Porcentaje del total","55.15489"
"SVK","Eslovaquia","2003","Fondos de seguridad social","Porcentaje del total","40.66640"
"SVK","Eslovaquia","2003","Gobierno municipal local","Porcentaje del total","1.78725"
"SVK","Eslovaquia","2003","Gobierno nacional","Porcentaje del total","57.54635"
"SVK","Eslovaquia","2004","European institutions and bodies (EU accounts)","Porcentaje del total","0.23232"
"SVK","Eslovaquia","2004","Fondos de seguridad social","Porcentaje del total","39.91885"
"SVK","Eslovaquia","2004","Gobierno municipal local","Porcentaje del total","1.79039"
"SVK","Eslovaquia","2004","Gobierno nacional","Porcentaje del total","58.05843"
"SVK","Eslovaquia","2005","European institutions and bodies (EU accounts)","Porcentaje del total","0.47721"
"SVK","Eslovaquia","2005","Fondos de seguridad social","Porcentaje del total","38.22027"
"SVK","Eslovaquia","2005","Gobierno municipal local","Porcentaje del total","2.64306"
"SVK","Eslovaquia","2005","Gobierno nacional","Porcentaje del total","58.65946"
"SVK","Eslovaquia","2006","European institutions and bodies (EU accounts)","Porcentaje del total","0.55471"
"SVK","Eslovaquia","2006","Fondos de seguridad social","Porcentaje del total","38.49750"
"SVK","Eslovaquia","2006","Gobierno municipal local","Porcentaje del total","2.72434"
"SVK","Eslovaquia","2006","Gobierno nacional","Porcentaje del total","58.22345"
"SVK","Eslovaquia","2007","European institutions and bodies (EU accounts)","Porcentaje del total","0.73454"
"SVK","Eslovaquia","2007","Fondos de seguridad social","Porcentaje del total","38.45115"
"SVK","Eslovaquia","2007","Gobierno municipal local","Porcentaje del total","2.59086"
"SVK","Eslovaquia","2007","Gobierno nacional","Porcentaje del total","58.22345"
"SVK","Eslovaquia","2008","European institutions and bodies (EU accounts)","Porcentaje del total","0.78005"
"SVK","Eslovaquia","2008","Fondos de seguridad social","Porcentaje del total","39.02006"
"SVK","Eslovaquia","2008","Gobierno municipal local","Porcentaje del total","2.57125"
"SVK","Eslovaquia","2008","Gobierno nacional","Porcentaje del total","57.62865"
"SVK","Eslovaquia","2009","European institutions and bodies (EU accounts)","Porcentaje del total","0.60202"
"SVK","Eslovaquia","2009","Fondos de seguridad social","Porcentaje del total","41.66318"
"SVK","Eslovaquia","2009","Gobierno municipal local","Porcentaje del total","2.84053"
"SVK","Eslovaquia","2009","Gobierno nacional","Porcentaje del total","54.89427"
"SVK","Eslovaquia","2010","European institutions and bodies (EU accounts)","Porcentaje del total","0.74642"
"SVK","Eslovaquia","2010","Fondos de seguridad social","Porcentaje del total","41.41806"
"SVK","Eslovaquia","2010","Gobierno municipal local","Porcentaje del total","2.84370"
"SVK","Eslovaquia","2010","Gobierno nacional","Porcentaje del total","54.99181"
"SVK","Eslovaquia","2011","European institutions and bodies (EU accounts)","Porcentaje del total","0.75511"
"SVK","Eslovaquia","2011","Fondos de seguridad social","Porcentaje del total","40.21692"
"SVK","Eslovaquia","2011","Gobierno municipal local","Porcentaje del total","2.75774"
"SVK","Eslovaquia","2011","Gobierno nacional","Porcentaje del total","56.27023"
"SVK","Eslovaquia","2012","European institutions and bodies (EU accounts)","Porcentaje del total","0.60919"
"SVK","Eslovaquia","2012","Fondos de seguridad social","Porcentaje del total","41.44205"
"SVK","Eslovaquia","2012","Gobierno municipal local","Porcentaje del total","2.86731"
"SVK","Eslovaquia","2012","Gobierno nacional","Porcentaje del total","55.08145"
"SVK","Eslovaquia","2013","European institutions and bodies (EU accounts)","Porcentaje del total","0.49645"
"SVK","Eslovaquia","2013","Fondos de seguridad social","Porcentaje del total","41.70195"
"SVK","Eslovaquia","2013","Gobierno municipal local","Porcentaje del total","2.76425"
"SVK","Eslovaquia","2013","Gobierno nacional","Porcentaje del total","55.03736"
"SVK","Eslovaquia","2014","European institutions and bodies (EU accounts)","Porcentaje del total","0.52341"
"SVK","Eslovaquia","2014","Fondos de seguridad social","Porcentaje del total","41.03152"
"SVK","Eslovaquia","2014","Gobierno municipal local","Porcentaje del total","2.65272"
"SVK","Eslovaquia","2014","Gobierno nacional","Porcentaje del total","55.79234"
"SVK","Eslovaquia","2015","European institutions and bodies (EU accounts)","Porcentaje del total","0.45509"
"SVK","Eslovaquia","2015","Fondos de seguridad social","Porcentaje del total","40.85863"
"SVK","Eslovaquia","2015","Gobierno municipal local","Porcentaje del total","1.98528"
"SVK","Eslovaquia","2015","Gobierno nacional","Porcentaje del total","56.70099"
"SVK","Eslovaquia","2016","European institutions and bodies (EU accounts)","Porcentaje del total","0.54137"
"SVK","Eslovaquia","2016","Fondos de seguridad social","Porcentaje del total","41.67781"
"SVK","Eslovaquia","2016","Gobierno municipal local","Porcentaje del total","1.93526"
"SVK","Eslovaquia","2016","Gobierno nacional","Porcentaje del total","55.84556"
"SVK","Eslovaquia","2017","European institutions and bodies (EU accounts)","Porcentaje del total","0.53253"
"SVK","Eslovaquia","2017","Fondos de seguridad social","Porcentaje del total","41.73290"
"SVK","Eslovaquia","2017","Gobierno municipal local","Porcentaje del total","1.88403"
"SVK","Eslovaquia","2017","Gobierno nacional","Porcentaje del total","55.85054"
"SVK","Eslovaquia","2018","European institutions and bodies (EU accounts)","Porcentaje del total","0.51147"
"SVK","Eslovaquia","2018","Fondos de seguridad social","Porcentaje del total","41.94325"
"SVK","Eslovaquia","2018","Gobierno municipal local","Porcentaje del total","1.83830"
"SVK","Eslovaquia","2018","Gobierno nacional","Porcentaje del total","55.70699"
"SVK","Eslovaquia","2019","European institutions and bodies (EU accounts)","Porcentaje del total","0.44716"
"SVK","Eslovaquia","2019","Fondos de seguridad social","Porcentaje del total","42.06671"
"SVK","Eslovaquia","2019","Gobierno municipal local","Porcentaje del total","1.75345"
"SVK","Eslovaquia","2019","Gobierno nacional","Porcentaje del total","55.73269"
"SVK","Eslovaquia","2020","European institutions and bodies (EU accounts)","Porcentaje del total","0.42511"
"SVK","Eslovaquia","2020","Fondos de seguridad social","Porcentaje del total","42.48294"
"SVK","Eslovaquia","2020","Gobierno municipal local","Porcentaje del total","2.00214"
"SVK","Eslovaquia","2020","Gobierno nacional","Porcentaje del total","55.08981"
"SVK","Eslovaquia","2021","European institutions and bodies (EU accounts)","Porcentaje del total","0.45602"
"SVK","Eslovaquia","2021","Fondos de seguridad social","Porcentaje del total","41.79580"
"SVK","Eslovaquia","2021","Gobierno municipal local","Porcentaje del total","1.96768"
"SVK","Eslovaquia","2021","Gobierno nacional","Porcentaje del total","55.78051"
"SVK","Eslovaquia","2022","European institutions and bodies (EU accounts)","Porcentaje del total","0.48996"
"SVK","Eslovaquia","2022","Fondos de seguridad social","Porcentaje del total","40.67867"
"SVK","Eslovaquia","2022","Gobierno municipal local","Porcentaje del total","1.84005"
"SVK","Eslovaquia","2022","Gobierno nacional","Porcentaje del total","56.99132"
"SVK","Eslovaquia","2023","European institutions and bodies (EU accounts)","Porcentaje del total","0.40128"
"SVK","Eslovaquia","2023","Fondos de seguridad social","Porcentaje del total","41.52776"
"SVK","Eslovaquia","2023","Gobierno municipal local","Porcentaje del total","1.81493"
"SVK","Eslovaquia","2023","Gobierno nacional","Porcentaje del total","56.25604"
"SVK","Eslovaquia","2024","European institutions and bodies (EU accounts)","Porcentaje del total","0.37756"
"SVK","Eslovaquia","2024","Fondos de seguridad social","Porcentaje del total","42.72355"
"SVK","Eslovaquia","2024","Gobierno municipal local","Porcentaje del total","2.08261"
"SVK","Eslovaquia","2024","Gobierno nacional","Porcentaje del total","54.81628"
"SVN","Eslovenia","1995","Fondos de seguridad social","Porcentaje del total","43.23462"
"SVN","Eslovenia","1995","Gobierno municipal local","Porcentaje del total","0.92670"
"SVN","Eslovenia","1995","Gobierno nacional","Porcentaje del total","55.83868"
"SVN","Eslovenia","1996","Fondos de seguridad social","Porcentaje del total","40.40344"
"SVN","Eslovenia","1996","Gobierno municipal local","Porcentaje del total","0.96369"
"SVN","Eslovenia","1996","Gobierno nacional","Porcentaje del total","58.63287"
"SVN","Eslovenia","1997","Fondos de seguridad social","Porcentaje del total","39.62396"
"SVN","Eslovenia","1997","Gobierno municipal local","Porcentaje del total","1.20814"
"SVN","Eslovenia","1997","Gobierno nacional","Porcentaje del total","59.16790"
"SVN","Eslovenia","1998","Fondos de seguridad social","Porcentaje del total","39.12157"
"SVN","Eslovenia","1998","Gobierno municipal local","Porcentaje del total","1.26524"
"SVN","Eslovenia","1998","Gobierno nacional","Porcentaje del total","59.61319"
"SVN","Eslovenia","1999","Fondos de seguridad social","Porcentaje del total","38.21944"
"SVN","Eslovenia","1999","Gobierno municipal local","Porcentaje del total","1.13633"
"SVN","Eslovenia","1999","Gobierno nacional","Porcentaje del total","60.64423"
"SVN","Eslovenia","2000","Fondos de seguridad social","Porcentaje del total","39.30478"
"SVN","Eslovenia","2000","Gobierno municipal local","Porcentaje del total","1.15279"
"SVN","Eslovenia","2000","Gobierno nacional","Porcentaje del total","59.54243"
"SVN","Eslovenia","2001","Fondos de seguridad social","Porcentaje del total","39.66452"
"SVN","Eslovenia","2001","Gobierno municipal local","Porcentaje del total","1.20795"
"SVN","Eslovenia","2001","Gobierno nacional","Porcentaje del total","59.12753"
"SVN","Eslovenia","2002","Fondos de seguridad social","Porcentaje del total","38.87096"
"SVN","Eslovenia","2002","Gobierno municipal local","Porcentaje del total","1.14190"
"SVN","Eslovenia","2002","Gobierno nacional","Porcentaje del total","59.98714"
"SVN","Eslovenia","2003","Fondos de seguridad social","Porcentaje del total","38.41991"
"SVN","Eslovenia","2003","Gobierno municipal local","Porcentaje del total","1.11011"
"SVN","Eslovenia","2003","Gobierno nacional","Porcentaje del total","60.46998"
"SVN","Eslovenia","2004","European institutions and bodies (EU accounts)","Porcentaje del total","0.19528"
"SVN","Eslovenia","2004","Fondos de seguridad social","Porcentaje del total","38.37431"
"SVN","Eslovenia","2004","Gobierno municipal local","Porcentaje del total","1.09298"
"SVN","Eslovenia","2004","Gobierno nacional","Porcentaje del total","60.33743"
"SVN","Eslovenia","2005","European institutions and bodies (EU accounts)","Porcentaje del total","0.30415"
"SVN","Eslovenia","2005","Fondos de seguridad social","Porcentaje del total","38.15945"
"SVN","Eslovenia","2005","Gobierno municipal local","Porcentaje del total","1.09627"
"SVN","Eslovenia","2005","Gobierno nacional","Porcentaje del total","60.44013"
"SVN","Eslovenia","2006","European institutions and bodies (EU accounts)","Porcentaje del total","0.35050"
"SVN","Eslovenia","2006","Fondos de seguridad social","Porcentaje del total","37.75663"
"SVN","Eslovenia","2006","Gobierno municipal local","Porcentaje del total","1.15948"
"SVN","Eslovenia","2006","Gobierno nacional","Porcentaje del total","60.73338"
"SVN","Eslovenia","2007","European institutions and bodies (EU accounts)","Porcentaje del total","0.63604"
"SVN","Eslovenia","2007","Fondos de seguridad social","Porcentaje del total","37.40964"
"SVN","Eslovenia","2007","Gobierno municipal local","Porcentaje del total","1.07870"
"SVN","Eslovenia","2007","Gobierno nacional","Porcentaje del total","60.87562"
"SVN","Eslovenia","2008","European institutions and bodies (EU accounts)","Porcentaje del total","0.54203"
"SVN","Eslovenia","2008","Fondos de seguridad social","Porcentaje del total","38.93841"
"SVN","Eslovenia","2008","Gobierno municipal local","Porcentaje del total","1.11389"
"SVN","Eslovenia","2008","Gobierno nacional","Porcentaje del total","59.40566"
"SVN","Eslovenia","2009","European institutions and bodies (EU accounts)","Porcentaje del total","0.43765"
"SVN","Eslovenia","2009","Fondos de seguridad social","Porcentaje del total","41.31321"
"SVN","Eslovenia","2009","Gobierno municipal local","Porcentaje del total","1.27077"
"SVN","Eslovenia","2009","Gobierno nacional","Porcentaje del total","56.97837"
"SVN","Eslovenia","2010","European institutions and bodies (EU accounts)","Porcentaje del total","0.43018"
"SVN","Eslovenia","2010","Fondos de seguridad social","Porcentaje del total","41.13020"
"SVN","Eslovenia","2010","Gobierno municipal local","Porcentaje del total","1.28951"
"SVN","Eslovenia","2010","Gobierno nacional","Porcentaje del total","57.15011"
"SVN","Eslovenia","2011","European institutions and bodies (EU accounts)","Porcentaje del total","0.46119"
"SVN","Eslovenia","2011","Fondos de seguridad social","Porcentaje del total","41.11749"
"SVN","Eslovenia","2011","Gobierno municipal local","Porcentaje del total","1.30456"
"SVN","Eslovenia","2011","Gobierno nacional","Porcentaje del total","57.11676"
"SVN","Eslovenia","2012","European institutions and bodies (EU accounts)","Porcentaje del total","0.40364"
"SVN","Eslovenia","2012","Fondos de seguridad social","Porcentaje del total","41.50189"
"SVN","Eslovenia","2012","Gobierno municipal local","Porcentaje del total","1.40623"
"SVN","Eslovenia","2012","Gobierno nacional","Porcentaje del total","56.68824"
"SVN","Eslovenia","2013","European institutions and bodies (EU accounts)","Porcentaje del total","0.38432"
"SVN","Eslovenia","2013","Fondos de seguridad social","Porcentaje del total","40.85713"
"SVN","Eslovenia","2013","Gobierno municipal local","Porcentaje del total","1.39148"
"SVN","Eslovenia","2013","Gobierno nacional","Porcentaje del total","57.36707"
"SVN","Eslovenia","2014","European institutions and bodies (EU accounts)","Porcentaje del total","0.38505"
"SVN","Eslovenia","2014","Fondos de seguridad social","Porcentaje del total","40.29214"
"SVN","Eslovenia","2014","Gobierno municipal local","Porcentaje del total","1.42251"
"SVN","Eslovenia","2014","Gobierno nacional","Porcentaje del total","57.90030"
"SVN","Eslovenia","2015","European institutions and bodies (EU accounts)","Porcentaje del total","0.46679"
"SVN","Eslovenia","2015","Fondos de seguridad social","Porcentaje del total","40.34802"
"SVN","Eslovenia","2015","Gobierno municipal local","Porcentaje del total","1.41507"
"SVN","Eslovenia","2015","Gobierno nacional","Porcentaje del total","57.77012"
"SVN","Eslovenia","2016","European institutions and bodies (EU accounts)","Porcentaje del total","0.43455"
"SVN","Eslovenia","2016","Fondos de seguridad social","Porcentaje del total","40.31560"
"SVN","Eslovenia","2016","Gobierno municipal local","Porcentaje del total","1.42063"
"SVN","Eslovenia","2016","Gobierno nacional","Porcentaje del total","57.82922"
"SVN","Eslovenia","2017","European institutions and bodies (EU accounts)","Porcentaje del total","0.42354"
"SVN","Eslovenia","2017","Fondos de seguridad social","Porcentaje del total","40.57045"
"SVN","Eslovenia","2017","Gobierno municipal local","Porcentaje del total","1.42445"
"SVN","Eslovenia","2017","Gobierno nacional","Porcentaje del total","57.58156"
"SVN","Eslovenia","2018","European institutions and bodies (EU accounts)","Porcentaje del total","0.38125"
"SVN","Eslovenia","2018","Fondos de seguridad social","Porcentaje del total","40.49597"
"SVN","Eslovenia","2018","Gobierno municipal local","Porcentaje del total","1.37870"
"SVN","Eslovenia","2018","Gobierno nacional","Porcentaje del total","57.74407"
"SVN","Eslovenia","2019","European institutions and bodies (EU accounts)","Porcentaje del total","0.38424"
"SVN","Eslovenia","2019","Fondos de seguridad social","Porcentaje del total","41.12310"
"SVN","Eslovenia","2019","Gobierno municipal local","Porcentaje del total","1.37161"
"SVN","Eslovenia","2019","Gobierno nacional","Porcentaje del total","57.12105"
"SVN","Eslovenia","2020","European institutions and bodies (EU accounts)","Porcentaje del total","0.40367"
"SVN","Eslovenia","2020","Fondos de seguridad social","Porcentaje del total","44.20524"
"SVN","Eslovenia","2020","Gobierno municipal local","Porcentaje del total","1.40507"
"SVN","Eslovenia","2020","Gobierno nacional","Porcentaje del total","53.98602"
"SVN","Eslovenia","2021","European institutions and bodies (EU accounts)","Porcentaje del total","0.44978"
"SVN","Eslovenia","2021","Fondos de seguridad social","Porcentaje del total","42.24091"
"SVN","Eslovenia","2021","Gobierno municipal local","Porcentaje del total","1.29848"
"SVN","Eslovenia","2021","Gobierno nacional","Porcentaje del total","56.01083"
"SVN","Eslovenia","2022","European institutions and bodies (EU accounts)","Porcentaje del total","0.53903"
"SVN","Eslovenia","2022","Fondos de seguridad social","Porcentaje del total","42.25809"
"SVN","Eslovenia","2022","Gobierno municipal local","Porcentaje del total","1.33539"
"SVN","Eslovenia","2022","Gobierno nacional","Porcentaje del total","55.86749"
"SVN","Eslovenia","2023","European institutions and bodies (EU accounts)","Porcentaje del total","0.40024"
"SVN","Eslovenia","2023","Fondos de seguridad social","Porcentaje del total","42.44280"
"SVN","Eslovenia","2023","Gobierno municipal local","Porcentaje del total","1.28112"
"SVN","Eslovenia","2023","Gobierno nacional","Porcentaje del total","55.87584"
"SVN","Eslovenia","2024","European institutions and bodies (EU accounts)","Porcentaje del total","0.35678"
"SVN","Eslovenia","2024","Fondos de seguridad social","Porcentaje del total","43.62328"
"SVN","Eslovenia","2024","Gobierno municipal local","Porcentaje del total","1.24075"
"SVN","Eslovenia","2024","Gobierno nacional","Porcentaje del total","54.77919"
"ESP","España","1990","European institutions and bodies (EU accounts)","Porcentaje del total","0.52766"
"ESP","España","1990","Fondos de seguridad social","Porcentaje del total","35.06669"
"ESP","España","1990","Gobierno municipal local","Porcentaje del total","7.79613"
"ESP","España","1990","Gobierno nacional","Porcentaje del total","51.79377"
"ESP","España","1990","Gobierno provincial o regional","Porcentaje del total","4.81575"
"ESP","España","1991","European institutions and bodies (EU accounts)","Porcentaje del total","0.58764"
"ESP","España","1991","Fondos de seguridad social","Porcentaje del total","35.20151"
"ESP","España","1991","Gobierno municipal local","Porcentaje del total","7.80407"
"ESP","España","1991","Gobierno nacional","Porcentaje del total","51.87406"
"ESP","España","1991","Gobierno provincial o regional","Porcentaje del total","4.53272"
"ESP","España","1992","European institutions and bodies (EU accounts)","Porcentaje del total","0.53310"
"ESP","España","1992","Fondos de seguridad social","Porcentaje del total","36.03068"
"ESP","España","1992","Gobierno municipal local","Porcentaje del total","7.91454"
"ESP","España","1992","Gobierno nacional","Porcentaje del total","51.25471"
"ESP","España","1992","Gobierno provincial o regional","Porcentaje del total","4.26697"
"ESP","España","1993","European institutions and bodies (EU accounts)","Porcentaje del total","0.46393"
"ESP","España","1993","Fondos de seguridad social","Porcentaje del total","37.47382"
"ESP","España","1993","Gobierno municipal local","Porcentaje del total","8.36696"
"ESP","España","1993","Gobierno nacional","Porcentaje del total","49.36980"
"ESP","España","1993","Gobierno provincial o regional","Porcentaje del total","4.32549"
"ESP","España","1994","European institutions and bodies (EU accounts)","Porcentaje del total","0.46051"
"ESP","España","1994","Fondos de seguridad social","Porcentaje del total","36.93814"
"ESP","España","1994","Gobierno municipal local","Porcentaje del total","8.23653"
"ESP","España","1994","Gobierno nacional","Porcentaje del total","49.59526"
"ESP","España","1994","Gobierno provincial o regional","Porcentaje del total","4.76956"
"ESP","España","1995","European institutions and bodies (EU accounts)","Porcentaje del total","0.78669"
"ESP","España","1995","Fondos de seguridad social","Porcentaje del total","34.58321"
"ESP","España","1995","Gobierno municipal local","Porcentaje del total","8.53498"
"ESP","España","1995","Gobierno nacional","Porcentaje del total","51.10442"
"ESP","España","1995","Gobierno provincial o regional","Porcentaje del total","4.99070"
"ESP","España","1996","European institutions and bodies (EU accounts)","Porcentaje del total","0.62706"
"ESP","España","1996","Fondos de seguridad social","Porcentaje del total","34.30876"
"ESP","España","1996","Gobierno municipal local","Porcentaje del total","8.54219"
"ESP","España","1996","Gobierno nacional","Porcentaje del total","51.55417"
"ESP","España","1996","Gobierno provincial o regional","Porcentaje del total","4.96783"
"ESP","España","1997","European institutions and bodies (EU accounts)","Porcentaje del total","0.48057"
"ESP","España","1997","Fondos de seguridad social","Porcentaje del total","33.87299"
"ESP","España","1997","Gobierno municipal local","Porcentaje del total","8.75029"
"ESP","España","1997","Gobierno nacional","Porcentaje del total","49.50134"
"ESP","España","1997","Gobierno provincial o regional","Porcentaje del total","7.39481"
"ESP","España","1998","European institutions and bodies (EU accounts)","Porcentaje del total","0.50033"
"ESP","España","1998","Fondos de seguridad social","Porcentaje del total","33.31374"
"ESP","España","1998","Gobierno municipal local","Porcentaje del total","8.98227"
"ESP","España","1998","Gobierno nacional","Porcentaje del total","49.60759"
"ESP","España","1998","Gobierno provincial o regional","Porcentaje del total","7.59607"
"ESP","España","1999","European institutions and bodies (EU accounts)","Porcentaje del total","0.46623"
"ESP","España","1999","Fondos de seguridad social","Porcentaje del total","33.60834"
"ESP","España","1999","Gobierno municipal local","Porcentaje del total","8.99273"
"ESP","España","1999","Gobierno nacional","Porcentaje del total","49.15216"
"ESP","España","1999","Gobierno provincial o regional","Porcentaje del total","7.78053"
"ESP","España","2000","European institutions and bodies (EU accounts)","Porcentaje del total","0.48917"
"ESP","España","2000","Fondos de seguridad social","Porcentaje del total","33.82156"
"ESP","España","2000","Gobierno municipal local","Porcentaje del total","8.86758"
"ESP","España","2000","Gobierno nacional","Porcentaje del total","48.93290"
"ESP","España","2000","Gobierno provincial o regional","Porcentaje del total","7.88879"
"ESP","España","2001","European institutions and bodies (EU accounts)","Porcentaje del total","0.43994"
"ESP","España","2001","Fondos de seguridad social","Porcentaje del total","34.62312"
"ESP","España","2001","Gobierno municipal local","Porcentaje del total","8.61161"
"ESP","España","2001","Gobierno nacional","Porcentaje del total","48.67627"
"ESP","España","2001","Gobierno provincial o regional","Porcentaje del total","7.64906"
"ESP","España","2002","European institutions and bodies (EU accounts)","Porcentaje del total","0.38177"
"ESP","España","2002","Fondos de seguridad social","Porcentaje del total","34.11427"
"ESP","España","2002","Gobierno municipal local","Porcentaje del total","8.34561"
"ESP","España","2002","Gobierno nacional","Porcentaje del total","45.42575"
"ESP","España","2002","Gobierno provincial o regional","Porcentaje del total","11.73259"
"ESP","España","2003","European institutions and bodies (EU accounts)","Porcentaje del total","0.37979"
"ESP","España","2003","Fondos de seguridad social","Porcentaje del total","34.46152"
"ESP","España","2003","Gobierno municipal local","Porcentaje del total","8.13076"
"ESP","España","2003","Gobierno nacional","Porcentaje del total","44.21315"
"ESP","España","2003","Gobierno provincial o regional","Porcentaje del total","12.81479"
"ESP","España","2004","European institutions and bodies (EU accounts)","Porcentaje del total","0.43604"
"ESP","España","2004","Fondos de seguridad social","Porcentaje del total","33.63463"
"ESP","España","2004","Gobierno municipal local","Porcentaje del total","8.05085"
"ESP","España","2004","Gobierno nacional","Porcentaje del total","43.94878"
"ESP","España","2004","Gobierno provincial o regional","Porcentaje del total","13.92970"
"ESP","España","2005","European institutions and bodies (EU accounts)","Porcentaje del total","0.45493"
"ESP","España","2005","Fondos de seguridad social","Porcentaje del total","32.46368"
"ESP","España","2005","Gobierno municipal local","Porcentaje del total","8.11163"
"ESP","España","2005","Gobierno nacional","Porcentaje del total","44.73675"
"ESP","España","2005","Gobierno provincial o regional","Porcentaje del total","14.23301"
"ESP","España","2006","European institutions and bodies (EU accounts)","Porcentaje del total","0.44352"
"ESP","España","2006","Fondos de seguridad social","Porcentaje del total","31.85172"
"ESP","España","2006","Gobierno municipal local","Porcentaje del total","8.22414"
"ESP","España","2006","Gobierno nacional","Porcentaje del total","44.85126"
"ESP","España","2006","Gobierno provincial o regional","Porcentaje del total","14.62937"
"ESP","España","2007","European institutions and bodies (EU accounts)","Porcentaje del total","0.43962"
"ESP","España","2007","Fondos de seguridad social","Porcentaje del total","31.63761"
"ESP","España","2007","Gobierno municipal local","Porcentaje del total","8.05417"
"ESP","España","2007","Gobierno nacional","Porcentaje del total","45.81990"
"ESP","España","2007","Gobierno provincial o regional","Porcentaje del total","14.04870"
"ESP","España","2008","European institutions and bodies (EU accounts)","Porcentaje del total","0.44573"
"ESP","España","2008","Fondos de seguridad social","Porcentaje del total","36.10350"
"ESP","España","2008","Gobierno municipal local","Porcentaje del total","8.47735"
"ESP","España","2008","Gobierno nacional","Porcentaje del total","40.69424"
"ESP","España","2008","Gobierno provincial o regional","Porcentaje del total","14.27917"
"ESP","España","2009","European institutions and bodies (EU accounts)","Porcentaje del total","0.42079"
"ESP","España","2009","Fondos de seguridad social","Porcentaje del total","39.42558"
"ESP","España","2009","Gobierno municipal local","Porcentaje del total","8.94406"
"ESP","España","2009","Gobierno nacional","Porcentaje del total","35.34440"
"ESP","España","2009","Gobierno provincial o regional","Porcentaje del total","15.86517"
"ESP","España","2010","European institutions and bodies (EU accounts)","Porcentaje del total","0.46021"
"ESP","España","2010","Fondos de seguridad social","Porcentaje del total","36.87582"
"ESP","España","2010","Gobierno municipal local","Porcentaje del total","9.03341"
"ESP","España","2010","Gobierno nacional","Porcentaje del total","40.49848"
"ESP","España","2010","Gobierno provincial o regional","Porcentaje del total","13.13208"
"ESP","España","2011","European institutions and bodies (EU accounts)","Porcentaje del total","0.47000"
"ESP","España","2011","Fondos de seguridad social","Porcentaje del total","36.91333"
"ESP","España","2011","Gobierno municipal local","Porcentaje del total","9.12802"
"ESP","España","2011","Gobierno nacional","Porcentaje del total","39.00345"
"ESP","España","2011","Gobierno provincial o regional","Porcentaje del total","14.48520"
"ESP","España","2012","European institutions and bodies (EU accounts)","Porcentaje del total","0.43335"
"ESP","España","2012","Fondos de seguridad social","Porcentaje del total","35.12555"
"ESP","España","2012","Gobierno municipal local","Porcentaje del total","9.33731"
"ESP","España","2012","Gobierno nacional","Porcentaje del total","37.19818"
"ESP","España","2012","Gobierno provincial o regional","Porcentaje del total","17.90562"
"ESP","España","2013","European institutions and bodies (EU accounts)","Porcentaje del total","0.39193"
"ESP","España","2013","Fondos de seguridad social","Porcentaje del total","33.70099"
"ESP","España","2013","Gobierno municipal local","Porcentaje del total","9.67867"
"ESP","España","2013","Gobierno nacional","Porcentaje del total","41.89186"
"ESP","España","2013","Gobierno provincial o regional","Porcentaje del total","14.33655"
"ESP","España","2014","European institutions and bodies (EU accounts)","Porcentaje del total","0.44588"
"ESP","España","2014","Fondos de seguridad social","Porcentaje del total","33.42495"
"ESP","España","2014","Gobierno municipal local","Porcentaje del total","9.74063"
"ESP","España","2014","Gobierno nacional","Porcentaje del total","42.54753"
"ESP","España","2014","Gobierno provincial o regional","Porcentaje del total","13.84102"
"ESP","España","2015","European institutions and bodies (EU accounts)","Porcentaje del total","0.68845"
"ESP","España","2015","Fondos de seguridad social","Porcentaje del total","32.73019"
"ESP","España","2015","Gobierno municipal local","Porcentaje del total","9.60100"
"ESP","España","2015","Gobierno nacional","Porcentaje del total","42.79774"
"ESP","España","2015","Gobierno provincial o regional","Porcentaje del total","14.18262"
"ESP","España","2016","European institutions and bodies (EU accounts)","Porcentaje del total","0.69570"
"ESP","España","2016","Fondos de seguridad social","Porcentaje del total","33.03461"
"ESP","España","2016","Gobierno municipal local","Porcentaje del total","9.63857"
"ESP","España","2016","Gobierno nacional","Porcentaje del total","41.79173"
"ESP","España","2016","Gobierno provincial o regional","Porcentaje del total","14.83938"
"ESP","España","2017","European institutions and bodies (EU accounts)","Porcentaje del total","0.66399"
"ESP","España","2017","Fondos de seguridad social","Porcentaje del total","33.20729"
"ESP","España","2017","Gobierno municipal local","Porcentaje del total","9.48370"
"ESP","España","2017","Gobierno nacional","Porcentaje del total","41.15031"
"ESP","España","2017","Gobierno provincial o regional","Porcentaje del total","15.49470"
"ESP","España","2018","European institutions and bodies (EU accounts)","Porcentaje del total","0.63631"
"ESP","España","2018","Fondos de seguridad social","Porcentaje del total","33.03780"
"ESP","España","2018","Gobierno municipal local","Porcentaje del total","9.33025"
"ESP","España","2018","Gobierno nacional","Porcentaje del total","41.67372"
"ESP","España","2018","Gobierno provincial o regional","Porcentaje del total","15.32193"
"ESP","España","2019","European institutions and bodies (EU accounts)","Porcentaje del total","0.61954"
"ESP","España","2019","Fondos de seguridad social","Porcentaje del total","34.51969"
"ESP","España","2019","Gobierno municipal local","Porcentaje del total","9.19423"
"ESP","España","2019","Gobierno nacional","Porcentaje del total","40.20580"
"ESP","España","2019","Gobierno provincial o regional","Porcentaje del total","15.46074"
"ESP","España","2020","European institutions and bodies (EU accounts)","Porcentaje del total","0.60704"
"ESP","España","2020","Fondos de seguridad social","Porcentaje del total","36.58755"
"ESP","España","2020","Gobierno municipal local","Porcentaje del total","8.84397"
"ESP","España","2020","Gobierno nacional","Porcentaje del total","37.35685"
"ESP","España","2020","Gobierno provincial o regional","Porcentaje del total","16.60458"
"ESP","España","2021","European institutions and bodies (EU accounts)","Porcentaje del total","0.65033"
"ESP","España","2021","Fondos de seguridad social","Porcentaje del total","34.69162"
"ESP","España","2021","Gobierno municipal local","Porcentaje del total","8.65338"
"ESP","España","2021","Gobierno nacional","Porcentaje del total","40.24932"
"ESP","España","2021","Gobierno provincial o regional","Porcentaje del total","15.75535"
"ESP","España","2022","European institutions and bodies (EU accounts)","Porcentaje del total","0.77545"
"ESP","España","2022","Fondos de seguridad social","Porcentaje del total","33.36379"
"ESP","España","2022","Gobierno municipal local","Porcentaje del total","8.15178"
"ESP","España","2022","Gobierno nacional","Porcentaje del total","42.54100"
"ESP","España","2022","Gobierno provincial o regional","Porcentaje del total","15.16798"
"ESP","España","2023","European institutions and bodies (EU accounts)","Porcentaje del total","0.66520"
"ESP","España","2023","Fondos de seguridad social","Porcentaje del total","34.01223"
"ESP","España","2023","Gobierno municipal local","Porcentaje del total","7.86343"
"ESP","España","2023","Gobierno nacional","Porcentaje del total","41.56378"
"ESP","España","2023","Gobierno provincial o regional","Porcentaje del total","15.89536"
"ESP","España","2024","European institutions and bodies (EU accounts)","Porcentaje del total","0.44303"
"ESP","España","2024","Fondos de seguridad social","Porcentaje del total","33.96166"
"ESP","España","2024","Gobierno municipal local","Porcentaje del total","7.48880"
"ESP","España","2024","Gobierno nacional","Porcentaje del total","41.14440"
"ESP","España","2024","Gobierno provincial o regional","Porcentaje del total","16.96211"
"USA","Estados Unidos","1990","Fondos de seguridad social","Porcentaje del total","25.57129"
"USA","Estados Unidos","1990","Gobierno municipal local","Porcentaje del total","13.75809"
"USA","Estados Unidos","1990","Gobierno nacional","Porcentaje del total","40.72113"
"USA","Estados Unidos","1990","Gobierno provincial o regional","Porcentaje del total","19.94948"
"USA","Estados Unidos","1991","Fondos de seguridad social","Porcentaje del total","26.07821"
"USA","Estados Unidos","1991","Gobierno municipal local","Porcentaje del total","14.45511"
"USA","Estados Unidos","1991","Gobierno nacional","Porcentaje del total","39.44931"
"USA","Estados Unidos","1991","Gobierno provincial o regional","Porcentaje del total","20.01738"
"USA","Estados Unidos","1992","Fondos de seguridad social","Porcentaje del total","26.07623"
"USA","Estados Unidos","1992","Gobierno municipal local","Porcentaje del total","14.35731"
"USA","Estados Unidos","1992","Gobierno nacional","Porcentaje del total","39.11903"
"USA","Estados Unidos","1992","Gobierno provincial o regional","Porcentaje del total","20.44743"
"USA","Estados Unidos","1993","Fondos de seguridad social","Porcentaje del total","25.74274"
"USA","Estados Unidos","1993","Gobierno municipal local","Porcentaje del total","13.91752"
"USA","Estados Unidos","1993","Gobierno nacional","Porcentaje del total","40.01368"
"USA","Estados Unidos","1993","Gobierno provincial o regional","Porcentaje del total","20.32606"
"USA","Estados Unidos","1994","Fondos de seguridad social","Porcentaje del total","25.45455"
"USA","Estados Unidos","1994","Gobierno municipal local","Porcentaje del total","13.77187"
"USA","Estados Unidos","1994","Gobierno nacional","Porcentaje del total","40.64600"
"USA","Estados Unidos","1994","Gobierno provincial o regional","Porcentaje del total","20.12758"
"USA","Estados Unidos","1995","Fondos de seguridad social","Porcentaje del total","25.16735"
"USA","Estados Unidos","1995","Gobierno municipal local","Porcentaje del total","13.34572"
"USA","Estados Unidos","1995","Gobierno nacional","Porcentaje del total","41.44526"
"USA","Estados Unidos","1995","Gobierno provincial o regional","Porcentaje del total","20.04167"
"USA","Estados Unidos","1996","Fondos de seguridad social","Porcentaje del total","24.44276"
"USA","Estados Unidos","1996","Gobierno municipal local","Porcentaje del total","12.99629"
"USA","Estados Unidos","1996","Gobierno nacional","Porcentaje del total","42.79917"
"USA","Estados Unidos","1996","Gobierno provincial o regional","Porcentaje del total","19.76178"
"USA","Estados Unidos","1997","Fondos de seguridad social","Porcentaje del total","23.98755"
"USA","Estados Unidos","1997","Gobierno municipal local","Porcentaje del total","12.75967"
"USA","Estados Unidos","1997","Gobierno nacional","Porcentaje del total","43.93041"
"USA","Estados Unidos","1997","Gobierno provincial o regional","Porcentaje del total","19.32236"
"USA","Estados Unidos","1998","Fondos de seguridad social","Porcentaje del total","23.87314"
"USA","Estados Unidos","1998","Gobierno municipal local","Porcentaje del total","12.44303"
"USA","Estados Unidos","1998","Gobierno nacional","Porcentaje del total","44.36424"
"USA","Estados Unidos","1998","Gobierno provincial o regional","Porcentaje del total","19.31959"
"USA","Estados Unidos","1999","Fondos de seguridad social","Porcentaje del total","23.73501"
"USA","Estados Unidos","1999","Gobierno municipal local","Porcentaje del total","12.36251"
"USA","Estados Unidos","1999","Gobierno nacional","Porcentaje del total","44.72937"
"USA","Estados Unidos","1999","Gobierno provincial o regional","Porcentaje del total","19.17311"
"USA","Estados Unidos","2000","Fondos de seguridad social","Porcentaje del total","23.55110"
"USA","Estados Unidos","2000","Gobierno municipal local","Porcentaje del total","12.17648"
"USA","Estados Unidos","2000","Gobierno nacional","Porcentaje del total","45.39298"
"USA","Estados Unidos","2000","Gobierno provincial o regional","Porcentaje del total","18.87944"
"USA","Estados Unidos","2001","Fondos de seguridad social","Porcentaje del total","24.54067"
"USA","Estados Unidos","2001","Gobierno municipal local","Porcentaje del total","12.74185"
"USA","Estados Unidos","2001","Gobierno nacional","Porcentaje del total","43.49710"
"USA","Estados Unidos","2001","Gobierno provincial o regional","Porcentaje del total","19.22037"
"USA","Estados Unidos","2002","Fondos de seguridad social","Porcentaje del total","26.47511"
"USA","Estados Unidos","2002","Gobierno municipal local","Porcentaje del total","14.35652"
"USA","Estados Unidos","2002","Gobierno nacional","Porcentaje del total","39.45539"
"USA","Estados Unidos","2002","Gobierno provincial o regional","Porcentaje del total","19.71298"
"USA","Estados Unidos","2003","Fondos de seguridad social","Porcentaje del total","26.68392"
"USA","Estados Unidos","2003","Gobierno municipal local","Porcentaje del total","14.87627"
"USA","Estados Unidos","2003","Gobierno nacional","Porcentaje del total","38.35427"
"USA","Estados Unidos","2003","Gobierno provincial o regional","Porcentaje del total","20.08554"
"USA","Estados Unidos","2004","Fondos de seguridad social","Porcentaje del total","26.24696"
"USA","Estados Unidos","2004","Gobierno municipal local","Porcentaje del total","15.01064"
"USA","Estados Unidos","2004","Gobierno nacional","Porcentaje del total","38.51612"
"USA","Estados Unidos","2004","Gobierno provincial o regional","Porcentaje del total","20.22628"
"USA","Estados Unidos","2005","Fondos de seguridad social","Porcentaje del total","24.43264"
"USA","Estados Unidos","2005","Gobierno municipal local","Porcentaje del total","14.58514"
"USA","Estados Unidos","2005","Gobierno nacional","Porcentaje del total","40.93056"
"USA","Estados Unidos","2005","Gobierno provincial o regional","Porcentaje del total","20.05166"
"USA","Estados Unidos","2006","Fondos de seguridad social","Porcentaje del total","23.60422"
"USA","Estados Unidos","2006","Gobierno municipal local","Porcentaje del total","14.34497"
"USA","Estados Unidos","2006","Gobierno nacional","Porcentaje del total","42.24225"
"USA","Estados Unidos","2006","Gobierno provincial o regional","Porcentaje del total","19.80856"
"USA","Estados Unidos","2007","Fondos de seguridad social","Porcentaje del total","23.45433"
"USA","Estados Unidos","2007","Gobierno municipal local","Porcentaje del total","14.59325"
"USA","Estados Unidos","2007","Gobierno nacional","Porcentaje del total","42.24068"
"USA","Estados Unidos","2007","Gobierno provincial o regional","Porcentaje del total","19.71173"
"USA","Estados Unidos","2008","Fondos de seguridad social","Porcentaje del total","24.55894"
"USA","Estados Unidos","2008","Gobierno municipal local","Porcentaje del total","15.07387"
"USA","Estados Unidos","2008","Gobierno nacional","Porcentaje del total","40.07427"
"USA","Estados Unidos","2008","Gobierno provincial o regional","Porcentaje del total","20.29291"
"USA","Estados Unidos","2009","Fondos de seguridad social","Porcentaje del total","27.20452"
"USA","Estados Unidos","2009","Gobierno municipal local","Porcentaje del total","17.60305"
"USA","Estados Unidos","2009","Gobierno nacional","Porcentaje del total","34.49714"
"USA","Estados Unidos","2009","Gobierno provincial o regional","Porcentaje del total","20.69528"
"USA","Estados Unidos","2010","Fondos de seguridad social","Porcentaje del total","26.08392"
"USA","Estados Unidos","2010","Gobierno municipal local","Porcentaje del total","16.69532"
"USA","Estados Unidos","2010","Gobierno nacional","Porcentaje del total","36.63987"
"USA","Estados Unidos","2010","Gobierno provincial o regional","Porcentaje del total","20.58089"
"USA","Estados Unidos","2011","Fondos de seguridad social","Porcentaje del total","22.85468"
"USA","Estados Unidos","2011","Gobierno municipal local","Porcentaje del total","16.07462"
"USA","Estados Unidos","2011","Gobierno nacional","Porcentaje del total","40.14491"
"USA","Estados Unidos","2011","Gobierno provincial o regional","Porcentaje del total","20.92579"
"USA","Estados Unidos","2012","Fondos de seguridad social","Porcentaje del total","22.64596"
"USA","Estados Unidos","2012","Gobierno municipal local","Porcentaje del total","15.68978"
"USA","Estados Unidos","2012","Gobierno nacional","Porcentaje del total","40.82658"
"USA","Estados Unidos","2012","Gobierno provincial o regional","Porcentaje del total","20.83768"
"USA","Estados Unidos","2013","Fondos de seguridad social","Porcentaje del total","24.01245"
"USA","Estados Unidos","2013","Gobierno municipal local","Porcentaje del total","14.66767"
"USA","Estados Unidos","2013","Gobierno nacional","Porcentaje del total","41.16125"
"USA","Estados Unidos","2013","Gobierno provincial o regional","Porcentaje del total","20.15864"
"USA","Estados Unidos","2014","Fondos de seguridad social","Porcentaje del total","23.71688"
"USA","Estados Unidos","2014","Gobierno municipal local","Porcentaje del total","14.47188"
"USA","Estados Unidos","2014","Gobierno nacional","Porcentaje del total","42.27015"
"USA","Estados Unidos","2014","Gobierno provincial o regional","Porcentaje del total","19.54110"
"USA","Estados Unidos","2015","Fondos de seguridad social","Porcentaje del total","23.58184"
"USA","Estados Unidos","2015","Gobierno municipal local","Porcentaje del total","14.25258"
"USA","Estados Unidos","2015","Gobierno nacional","Porcentaje del total","42.86664"
"USA","Estados Unidos","2015","Gobierno provincial o regional","Porcentaje del total","19.29894"
"USA","Estados Unidos","2016","Fondos de seguridad social","Porcentaje del total","23.84732"
"USA","Estados Unidos","2016","Gobierno municipal local","Porcentaje del total","14.68273"
"USA","Estados Unidos","2016","Gobierno nacional","Porcentaje del total","42.21371"
"USA","Estados Unidos","2016","Gobierno provincial o regional","Porcentaje del total","19.25624"
"USA","Estados Unidos","2017","Fondos de seguridad social","Porcentaje del total","23.22532"
"USA","Estados Unidos","2017","Gobierno municipal local","Porcentaje del total","14.38681"
"USA","Estados Unidos","2017","Gobierno nacional","Porcentaje del total","43.47757"
"USA","Estados Unidos","2017","Gobierno provincial o regional","Porcentaje del total","18.91030"
"USA","Estados Unidos","2018","Fondos de seguridad social","Porcentaje del total","24.50156"
"USA","Estados Unidos","2018","Gobierno municipal local","Porcentaje del total","15.15212"
"USA","Estados Unidos","2018","Gobierno nacional","Porcentaje del total","40.01227"
"USA","Estados Unidos","2018","Gobierno provincial o regional","Porcentaje del total","20.33405"
"USA","Estados Unidos","2019","Fondos de seguridad social","Porcentaje del total","24.41176"
"USA","Estados Unidos","2019","Gobierno municipal local","Porcentaje del total","15.16619"
"USA","Estados Unidos","2019","Gobierno nacional","Porcentaje del total","39.60241"
"USA","Estados Unidos","2019","Gobierno provincial o regional","Porcentaje del total","20.81964"
"USA","Estados Unidos","2020","Fondos de seguridad social","Porcentaje del total","24.38514"
"USA","Estados Unidos","2020","Gobierno municipal local","Porcentaje del total","15.38970"
"USA","Estados Unidos","2020","Gobierno nacional","Porcentaje del total","39.80806"
"USA","Estados Unidos","2020","Gobierno provincial o regional","Porcentaje del total","20.41710"
"USA","Estados Unidos","2021","Fondos de seguridad social","Porcentaje del total","22.54207"
"USA","Estados Unidos","2021","Gobierno municipal local","Porcentaje del total","14.09199"
"USA","Estados Unidos","2021","Gobierno nacional","Porcentaje del total","42.47243"
"USA","Estados Unidos","2021","Gobierno provincial o regional","Porcentaje del total","20.89351"
"USA","Estados Unidos","2022","Fondos de seguridad social","Porcentaje del total","21.38330"
"USA","Estados Unidos","2022","Gobierno municipal local","Porcentaje del total","13.19067"
"USA","Estados Unidos","2022","Gobierno nacional","Porcentaje del total","44.92258"
"USA","Estados Unidos","2022","Gobierno provincial o regional","Porcentaje del total","20.50344"
"USA","Estados Unidos","2023","Fondos de seguridad social","Porcentaje del total","23.50605"
"USA","Estados Unidos","2023","Gobierno municipal local","Porcentaje del total","14.45943"
"USA","Estados Unidos","2023","Gobierno nacional","Porcentaje del total","41.53064"
"USA","Estados Unidos","2023","Gobierno provincial o regional","Porcentaje del total","20.50387"
"USA","Estados Unidos","2024","Fondos de seguridad social","Porcentaje del total","23.35261"
"USA","Estados Unidos","2024","Gobierno municipal local","Porcentaje del total","14.53317"
"USA","Estados Unidos","2024","Gobierno nacional","Porcentaje del total","41.85188"
"USA","Estados Unidos","2024","Gobierno provincial o regional","Porcentaje del total","20.26234"
"EST","Estonia","1995","Fondos de seguridad social","Porcentaje del total","14.86126"
"EST","Estonia","1995","Gobierno municipal local","Porcentaje del total","0.79578"
"EST","Estonia","1995","Gobierno nacional","Porcentaje del total","84.34296"
"EST","Estonia","1996","Fondos de seguridad social","Porcentaje del total","13.91741"
"EST","Estonia","1996","Gobierno municipal local","Porcentaje del total","1.42364"
"EST","Estonia","1996","Gobierno nacional","Porcentaje del total","84.65895"
"EST","Estonia","1997","Fondos de seguridad social","Porcentaje del total","13.58186"
"EST","Estonia","1997","Gobierno municipal local","Porcentaje del total","1.41293"
"EST","Estonia","1997","Gobierno nacional","Porcentaje del total","85.00521"
"EST","Estonia","1998","Fondos de seguridad social","Porcentaje del total","13.02271"
"EST","Estonia","1998","Gobierno municipal local","Porcentaje del total","1.39371"
"EST","Estonia","1998","Gobierno nacional","Porcentaje del total","85.58358"
"EST","Estonia","1999","Fondos de seguridad social","Porcentaje del total","13.49480"
"EST","Estonia","1999","Gobierno municipal local","Porcentaje del total","1.45352"
"EST","Estonia","1999","Gobierno nacional","Porcentaje del total","85.05168"
"EST","Estonia","2000","Fondos de seguridad social","Porcentaje del total","13.83024"
"EST","Estonia","2000","Gobierno municipal local","Porcentaje del total","1.56577"
"EST","Estonia","2000","Gobierno nacional","Porcentaje del total","84.60400"
"EST","Estonia","2001","Fondos de seguridad social","Porcentaje del total","13.82549"
"EST","Estonia","2001","Gobierno municipal local","Porcentaje del total","1.51236"
"EST","Estonia","2001","Gobierno nacional","Porcentaje del total","84.66215"
"EST","Estonia","2002","Fondos de seguridad social","Porcentaje del total","14.78827"
"EST","Estonia","2002","Gobierno municipal local","Porcentaje del total","1.40617"
"EST","Estonia","2002","Gobierno nacional","Porcentaje del total","83.80556"
"EST","Estonia","2003","Fondos de seguridad social","Porcentaje del total","14.83510"
"EST","Estonia","2003","Gobierno municipal local","Porcentaje del total","1.26097"
"EST","Estonia","2003","Gobierno nacional","Porcentaje del total","83.90392"
"EST","Estonia","2004","European institutions and bodies (EU accounts)","Porcentaje del total","0.42350"
"EST","Estonia","2004","Fondos de seguridad social","Porcentaje del total","14.59208"
"EST","Estonia","2004","Gobierno municipal local","Porcentaje del total","1.18831"
"EST","Estonia","2004","Gobierno nacional","Porcentaje del total","83.79611"
"EST","Estonia","2005","European institutions and bodies (EU accounts)","Porcentaje del total","0.65832"
"EST","Estonia","2005","Fondos de seguridad social","Porcentaje del total","15.12777"
"EST","Estonia","2005","Gobierno municipal local","Porcentaje del total","1.17414"
"EST","Estonia","2005","Gobierno nacional","Porcentaje del total","83.03977"
"EST","Estonia","2006","European institutions and bodies (EU accounts)","Porcentaje del total","0.62155"
"EST","Estonia","2006","Fondos de seguridad social","Porcentaje del total","14.37945"
"EST","Estonia","2006","Gobierno municipal local","Porcentaje del total","1.02736"
"EST","Estonia","2006","Gobierno nacional","Porcentaje del total","83.97163"
"EST","Estonia","2007","European institutions and bodies (EU accounts)","Porcentaje del total","0.69024"
"EST","Estonia","2007","Fondos de seguridad social","Porcentaje del total","14.58125"
"EST","Estonia","2007","Gobierno municipal local","Porcentaje del total","0.91213"
"EST","Estonia","2007","Gobierno nacional","Porcentaje del total","83.81639"
"EST","Estonia","2008","European institutions and bodies (EU accounts)","Porcentaje del total","0.62472"
"EST","Estonia","2008","Fondos de seguridad social","Porcentaje del total","16.13461"
"EST","Estonia","2008","Gobierno municipal local","Porcentaje del total","1.15512"
"EST","Estonia","2008","Gobierno nacional","Porcentaje del total","82.08555"
"EST","Estonia","2009","European institutions and bodies (EU accounts)","Porcentaje del total","0.40207"
"EST","Estonia","2009","Fondos de seguridad social","Porcentaje del total","17.01690"
"EST","Estonia","2009","Gobierno municipal local","Porcentaje del total","1.20742"
"EST","Estonia","2009","Gobierno nacional","Porcentaje del total","81.37361"
"EST","Estonia","2010","European institutions and bodies (EU accounts)","Porcentaje del total","0.49028"
"EST","Estonia","2010","Fondos de seguridad social","Porcentaje del total","17.94964"
"EST","Estonia","2010","Gobierno municipal local","Porcentaje del total","1.39803"
"EST","Estonia","2010","Gobierno nacional","Porcentaje del total","80.16205"
"EST","Estonia","2011","European institutions and bodies (EU accounts)","Porcentaje del total","0.55602"
"EST","Estonia","2011","Fondos de seguridad social","Porcentaje del total","17.63477"
"EST","Estonia","2011","Gobierno municipal local","Porcentaje del total","1.51319"
"EST","Estonia","2011","Gobierno nacional","Porcentaje del total","80.29601"
"EST","Estonia","2012","European institutions and bodies (EU accounts)","Porcentaje del total","0.51101"
"EST","Estonia","2012","Fondos de seguridad social","Porcentaje del total","17.14053"
"EST","Estonia","2012","Gobierno municipal local","Porcentaje del total","1.30664"
"EST","Estonia","2012","Gobierno nacional","Porcentaje del total","81.04182"
"EST","Estonia","2013","European institutions and bodies (EU accounts)","Porcentaje del total","0.47497"
"EST","Estonia","2013","Fondos de seguridad social","Porcentaje del total","16.49402"
"EST","Estonia","2013","Gobierno municipal local","Porcentaje del total","1.12737"
"EST","Estonia","2013","Gobierno nacional","Porcentaje del total","81.90364"
"EST","Estonia","2014","European institutions and bodies (EU accounts)","Porcentaje del total","0.46292"
"EST","Estonia","2014","Fondos de seguridad social","Porcentaje del total","16.28936"
"EST","Estonia","2014","Gobierno municipal local","Porcentaje del total","1.05764"
"EST","Estonia","2014","Gobierno nacional","Porcentaje del total","82.19008"
"EST","Estonia","2015","European institutions and bodies (EU accounts)","Porcentaje del total","0.48695"
"EST","Estonia","2015","Fondos de seguridad social","Porcentaje del total","15.86085"
"EST","Estonia","2015","Gobierno municipal local","Porcentaje del total","0.98876"
"EST","Estonia","2015","Gobierno nacional","Porcentaje del total","82.66345"
"EST","Estonia","2016","European institutions and bodies (EU accounts)","Porcentaje del total","0.52880"
"EST","Estonia","2016","Fondos de seguridad social","Porcentaje del total","15.87894"
"EST","Estonia","2016","Gobierno municipal local","Porcentaje del total","0.95179"
"EST","Estonia","2016","Gobierno nacional","Porcentaje del total","82.64047"
"EST","Estonia","2017","European institutions and bodies (EU accounts)","Porcentaje del total","0.54536"
"EST","Estonia","2017","Fondos de seguridad social","Porcentaje del total","16.34732"
"EST","Estonia","2017","Gobierno municipal local","Porcentaje del total","0.89676"
"EST","Estonia","2017","Gobierno nacional","Porcentaje del total","82.21056"
"EST","Estonia","2018","European institutions and bodies (EU accounts)","Porcentaje del total","0.55398"
"EST","Estonia","2018","Fondos de seguridad social","Porcentaje del total","16.35394"
"EST","Estonia","2018","Gobierno municipal local","Porcentaje del total","0.82165"
"EST","Estonia","2018","Gobierno nacional","Porcentaje del total","82.27043"
"EST","Estonia","2019","European institutions and bodies (EU accounts)","Porcentaje del total","0.62681"
"EST","Estonia","2019","Fondos de seguridad social","Porcentaje del total","16.41924"
"EST","Estonia","2019","Gobierno municipal local","Porcentaje del total","0.75181"
"EST","Estonia","2019","Gobierno nacional","Porcentaje del total","82.20214"
"EST","Estonia","2020","European institutions and bodies (EU accounts)","Porcentaje del total","0.54332"
"EST","Estonia","2020","Fondos de seguridad social","Porcentaje del total","17.20088"
"EST","Estonia","2020","Gobierno municipal local","Porcentaje del total","0.76217"
"EST","Estonia","2020","Gobierno nacional","Porcentaje del total","81.49363"
"EST","Estonia","2021","European institutions and bodies (EU accounts)","Porcentaje del total","0.69979"
"EST","Estonia","2021","Fondos de seguridad social","Porcentaje del total","16.24255"
"EST","Estonia","2021","Gobierno municipal local","Porcentaje del total","0.69054"
"EST","Estonia","2021","Gobierno nacional","Porcentaje del total","82.36712"
"EST","Estonia","2022","European institutions and bodies (EU accounts)","Porcentaje del total","0.84287"
"EST","Estonia","2022","Fondos de seguridad social","Porcentaje del total","15.85690"
"EST","Estonia","2022","Gobierno municipal local","Porcentaje del total","0.61766"
"EST","Estonia","2022","Gobierno nacional","Porcentaje del total","82.68257"
"EST","Estonia","2023","European institutions and bodies (EU accounts)","Porcentaje del total","0.41388"
"EST","Estonia","2023","Fondos de seguridad social","Porcentaje del total","16.27901"
"EST","Estonia","2023","Gobierno municipal local","Porcentaje del total","0.57480"
"EST","Estonia","2023","Gobierno nacional","Porcentaje del total","82.73232"
"EST","Estonia","2024","European institutions and bodies (EU accounts)","Porcentaje del total","0.32027"
"EST","Estonia","2024","Fondos de seguridad social","Porcentaje del total","15.90706"
"EST","Estonia","2024","Gobierno municipal local","Porcentaje del total","0.52951"
"EST","Estonia","2024","Gobierno nacional","Porcentaje del total","83.24316"
"SWZ","Eswatini","1995","Fondos de seguridad social","Porcentaje del total","15.45419"
"SWZ","Eswatini","1995","Gobierno municipal local","Porcentaje del total","1.07985"
"SWZ","Eswatini","1995","Gobierno nacional","Porcentaje del total","83.46597"
"SWZ","Eswatini","1996","Fondos de seguridad social","Porcentaje del total","11.67511"
"SWZ","Eswatini","1996","Gobierno municipal local","Porcentaje del total","0.86791"
"SWZ","Eswatini","1996","Gobierno nacional","Porcentaje del total","87.45698"
"SWZ","Eswatini","1997","Fondos de seguridad social","Porcentaje del total","11.72471"
"SWZ","Eswatini","1997","Gobierno municipal local","Porcentaje del total","1.22405"
"SWZ","Eswatini","1997","Gobierno nacional","Porcentaje del total","87.05123"
"SWZ","Eswatini","1998","Fondos de seguridad social","Porcentaje del total","12.46164"
"SWZ","Eswatini","1998","Gobierno municipal local","Porcentaje del total","1.18990"
"SWZ","Eswatini","1998","Gobierno nacional","Porcentaje del total","86.34845"
"SWZ","Eswatini","1999","Fondos de seguridad social","Porcentaje del total","10.92147"
"SWZ","Eswatini","1999","Gobierno municipal local","Porcentaje del total","1.56403"
"SWZ","Eswatini","1999","Gobierno nacional","Porcentaje del total","87.51450"
"SWZ","Eswatini","2000","Fondos de seguridad social","Porcentaje del total","11.59864"
"SWZ","Eswatini","2000","Gobierno municipal local","Porcentaje del total","1.78254"
"SWZ","Eswatini","2000","Gobierno nacional","Porcentaje del total","86.61882"
"SWZ","Eswatini","2001","Fondos de seguridad social","Porcentaje del total","11.35696"
"SWZ","Eswatini","2001","Gobierno municipal local","Porcentaje del total","1.68628"
"SWZ","Eswatini","2001","Gobierno nacional","Porcentaje del total","86.95677"
"SWZ","Eswatini","2002","Fondos de seguridad social","Porcentaje del total","10.82666"
"SWZ","Eswatini","2002","Gobierno municipal local","Porcentaje del total","1.51482"
"SWZ","Eswatini","2002","Gobierno nacional","Porcentaje del total","87.65853"
"SWZ","Eswatini","2003","Fondos de seguridad social","Porcentaje del total","9.92473"
"SWZ","Eswatini","2003","Gobierno municipal local","Porcentaje del total","1.39460"
"SWZ","Eswatini","2003","Gobierno nacional","Porcentaje del total","88.68066"
"SWZ","Eswatini","2004","Fondos de seguridad social","Porcentaje del total","11.56339"
"SWZ","Eswatini","2004","Gobierno municipal local","Porcentaje del total","1.36065"
"SWZ","Eswatini","2004","Gobierno nacional","Porcentaje del total","87.07596"
"SWZ","Eswatini","2005","Fondos de seguridad social","Porcentaje del total","11.92038"
"SWZ","Eswatini","2005","Gobierno municipal local","Porcentaje del total","1.25174"
"SWZ","Eswatini","2005","Gobierno nacional","Porcentaje del total","86.82788"
"SWZ","Eswatini","2006","Fondos de seguridad social","Porcentaje del total","13.29254"
"SWZ","Eswatini","2006","Gobierno municipal local","Porcentaje del total","1.28727"
"SWZ","Eswatini","2006","Gobierno nacional","Porcentaje del total","85.42019"
"SWZ","Eswatini","2007","Fondos de seguridad social","Porcentaje del total","13.33217"
"SWZ","Eswatini","2007","Gobierno municipal local","Porcentaje del total","1.19390"
"SWZ","Eswatini","2007","Gobierno nacional","Porcentaje del total","85.47393"
"SWZ","Eswatini","2008","Fondos de seguridad social","Porcentaje del total","11.73107"
"SWZ","Eswatini","2008","Gobierno municipal local","Porcentaje del total","1.10572"
"SWZ","Eswatini","2008","Gobierno nacional","Porcentaje del total","87.16320"
"SWZ","Eswatini","2009","Fondos de seguridad social","Porcentaje del total","13.38828"
"SWZ","Eswatini","2009","Gobierno municipal local","Porcentaje del total","1.10571"
"SWZ","Eswatini","2009","Gobierno nacional","Porcentaje del total","85.50601"
"SWZ","Eswatini","2010","Fondos de seguridad social","Porcentaje del total","13.64841"
"SWZ","Eswatini","2010","Gobierno municipal local","Porcentaje del total","1.16782"
"SWZ","Eswatini","2010","Gobierno nacional","Porcentaje del total","85.18376"
"SWZ","Eswatini","2011","Fondos de seguridad social","Porcentaje del total","12.28541"
"SWZ","Eswatini","2011","Gobierno municipal local","Porcentaje del total","1.12939"
"SWZ","Eswatini","2011","Gobierno nacional","Porcentaje del total","86.58520"
"SWZ","Eswatini","2012","Fondos de seguridad social","Porcentaje del total","12.07707"
"SWZ","Eswatini","2012","Gobierno municipal local","Porcentaje del total","1.18829"
"SWZ","Eswatini","2012","Gobierno nacional","Porcentaje del total","86.73464"
"SWZ","Eswatini","2013","Fondos de seguridad social","Porcentaje del total","10.56293"
"SWZ","Eswatini","2013","Gobierno municipal local","Porcentaje del total","1.03288"
"SWZ","Eswatini","2013","Gobierno nacional","Porcentaje del total","88.40419"
"SWZ","Eswatini","2014","Fondos de seguridad social","Porcentaje del total","12.22957"
"SWZ","Eswatini","2014","Gobierno municipal local","Porcentaje del total","0.96788"
"SWZ","Eswatini","2014","Gobierno nacional","Porcentaje del total","86.80255"
"SWZ","Eswatini","2015","Fondos de seguridad social","Porcentaje del total","12.97648"
"SWZ","Eswatini","2015","Gobierno municipal local","Porcentaje del total","0.98047"
"SWZ","Eswatini","2015","Gobierno nacional","Porcentaje del total","86.04305"
"SWZ","Eswatini","2016","Fondos de seguridad social","Porcentaje del total","12.29599"
"SWZ","Eswatini","2016","Gobierno municipal local","Porcentaje del total","0.83868"
"SWZ","Eswatini","2016","Gobierno nacional","Porcentaje del total","86.86533"
"SWZ","Eswatini","2017","Fondos de seguridad social","Porcentaje del total","13.43912"
"SWZ","Eswatini","2017","Gobierno municipal local","Porcentaje del total","1.63728"
"SWZ","Eswatini","2017","Gobierno nacional","Porcentaje del total","84.92360"
"SWZ","Eswatini","2018","Fondos de seguridad social","Porcentaje del total","14.10382"
"SWZ","Eswatini","2018","Gobierno municipal local","Porcentaje del total","1.94565"
"SWZ","Eswatini","2018","Gobierno nacional","Porcentaje del total","83.95053"
"SWZ","Eswatini","2019","Fondos de seguridad social","Porcentaje del total","12.96868"
"SWZ","Eswatini","2019","Gobierno municipal local","Porcentaje del total","1.98058"
"SWZ","Eswatini","2019","Gobierno nacional","Porcentaje del total","85.05073"
"SWZ","Eswatini","2020","Fondos de seguridad social","Porcentaje del total","13.33573"
"SWZ","Eswatini","2020","Gobierno municipal local","Porcentaje del total","0.98962"
"SWZ","Eswatini","2020","Gobierno nacional","Porcentaje del total","85.67465"
"SWZ","Eswatini","2021","Fondos de seguridad social","Porcentaje del total","13.26020"
"SWZ","Eswatini","2021","Gobierno municipal local","Porcentaje del total","1.09069"
"SWZ","Eswatini","2021","Gobierno nacional","Porcentaje del total","85.64911"
"SWZ","Eswatini","2022","Fondos de seguridad social","Porcentaje del total","11.98436"
"SWZ","Eswatini","2022","Gobierno municipal local","Porcentaje del total","2.12167"
"SWZ","Eswatini","2022","Gobierno nacional","Porcentaje del total","85.89397"
"SWZ","Eswatini","2023","Fondos de seguridad social","Porcentaje del total","11.81864"
"SWZ","Eswatini","2023","Gobierno municipal local","Porcentaje del total","2.42506"
"SWZ","Eswatini","2023","Gobierno nacional","Porcentaje del total","85.75630"
"FJI","Fiji","2008","Gobierno nacional","Porcentaje del total","100.00000"
"FJI","Fiji","2009","Gobierno nacional","Porcentaje del total","100.00000"
"FJI","Fiji","2010","Gobierno nacional","Porcentaje del total","100.00000"
"FJI","Fiji","2011","Gobierno nacional","Porcentaje del total","100.00000"
"FJI","Fiji","2012","Gobierno nacional","Porcentaje del total","100.00000"
"FJI","Fiji","2013","Gobierno nacional","Porcentaje del total","100.00000"
"FJI","Fiji","2014","Gobierno nacional","Porcentaje del total","100.00000"
"FJI","Fiji","2015","Gobierno nacional","Porcentaje del total","100.00000"
"FJI","Fiji","2016","Gobierno nacional","Porcentaje del total","100.00000"
"FJI","Fiji","2017","Gobierno nacional","Porcentaje del total","100.00000"
"FJI","Fiji","2018","Gobierno nacional","Porcentaje del total","100.00000"
"FJI","Fiji","2019","Gobierno nacional","Porcentaje del total","100.00000"
"FJI","Fiji","2020","Gobierno nacional","Porcentaje del total","100.00000"
"FJI","Fiji","2021","Gobierno nacional","Porcentaje del total","100.00000"
"FJI","Fiji","2022","Gobierno nacional","Porcentaje del total","100.00000"
"FJI","Fiji","2023","Gobierno nacional","Porcentaje del total","100.00000"
"PHL","Filipinas","1994","Fondos de seguridad social","Porcentaje del total","8.52878"
"PHL","Filipinas","1994","Gobierno municipal local","Porcentaje del total","4.15454"
"PHL","Filipinas","1994","Gobierno nacional","Porcentaje del total","87.31667"
"PHL","Filipinas","1995","Fondos de seguridad social","Porcentaje del total","8.77738"
"PHL","Filipinas","1995","Gobierno municipal local","Porcentaje del total","4.34483"
"PHL","Filipinas","1995","Gobierno nacional","Porcentaje del total","86.87779"
"PHL","Filipinas","1996","Fondos de seguridad social","Porcentaje del total","8.22434"
"PHL","Filipinas","1996","Gobierno municipal local","Porcentaje del total","4.58003"
"PHL","Filipinas","1996","Gobierno nacional","Porcentaje del total","87.19562"
"PHL","Filipinas","1997","Fondos de seguridad social","Porcentaje del total","7.73084"
"PHL","Filipinas","1997","Gobierno municipal local","Porcentaje del total","4.97082"
"PHL","Filipinas","1997","Gobierno nacional","Porcentaje del total","87.29834"
"PHL","Filipinas","1998","Fondos de seguridad social","Porcentaje del total","11.57176"
"PHL","Filipinas","1998","Gobierno municipal local","Porcentaje del total","5.02609"
"PHL","Filipinas","1998","Gobierno nacional","Porcentaje del total","83.40214"
"PHL","Filipinas","1999","Fondos de seguridad social","Porcentaje del total","13.11848"
"PHL","Filipinas","1999","Gobierno municipal local","Porcentaje del total","5.16316"
"PHL","Filipinas","1999","Gobierno nacional","Porcentaje del total","81.71836"
"PHL","Filipinas","2000","Fondos de seguridad social","Porcentaje del total","13.14498"
"PHL","Filipinas","2000","Gobierno municipal local","Porcentaje del total","5.33517"
"PHL","Filipinas","2000","Gobierno nacional","Porcentaje del total","81.51985"
"PHL","Filipinas","2001","Fondos de seguridad social","Porcentaje del total","13.40155"
"PHL","Filipinas","2001","Gobierno municipal local","Porcentaje del total","5.43241"
"PHL","Filipinas","2001","Gobierno nacional","Porcentaje del total","81.16604"
"PHL","Filipinas","2002","Fondos de seguridad social","Porcentaje del total","14.52784"
"PHL","Filipinas","2002","Gobierno municipal local","Porcentaje del total","6.15305"
"PHL","Filipinas","2002","Gobierno nacional","Porcentaje del total","79.31911"
"PHL","Filipinas","2003","Fondos de seguridad social","Porcentaje del total","13.71729"
"PHL","Filipinas","2003","Gobierno municipal local","Porcentaje del total","6.22533"
"PHL","Filipinas","2003","Gobierno nacional","Porcentaje del total","80.05738"
"PHL","Filipinas","2004","Fondos de seguridad social","Porcentaje del total","13.48303"
"PHL","Filipinas","2004","Gobierno municipal local","Porcentaje del total","5.86245"
"PHL","Filipinas","2004","Gobierno nacional","Porcentaje del total","80.65453"
"PHL","Filipinas","2005","Fondos de seguridad social","Porcentaje del total","12.68067"
"PHL","Filipinas","2005","Gobierno municipal local","Porcentaje del total","5.88717"
"PHL","Filipinas","2005","Gobierno nacional","Porcentaje del total","81.43216"
"PHL","Filipinas","2006","Fondos de seguridad social","Porcentaje del total","11.39686"
"PHL","Filipinas","2006","Gobierno municipal local","Porcentaje del total","5.30602"
"PHL","Filipinas","2006","Gobierno nacional","Porcentaje del total","83.29712"
"PHL","Filipinas","2007","Fondos de seguridad social","Porcentaje del total","11.75311"
"PHL","Filipinas","2007","Gobierno municipal local","Porcentaje del total","5.06748"
"PHL","Filipinas","2007","Gobierno nacional","Porcentaje del total","83.17941"
"PHL","Filipinas","2008","Fondos de seguridad social","Porcentaje del total","11.34119"
"PHL","Filipinas","2008","Gobierno municipal local","Porcentaje del total","5.00817"
"PHL","Filipinas","2008","Gobierno nacional","Porcentaje del total","83.65064"
"PHL","Filipinas","2009","Fondos de seguridad social","Porcentaje del total","12.95431"
"PHL","Filipinas","2009","Gobierno municipal local","Porcentaje del total","5.54051"
"PHL","Filipinas","2009","Gobierno nacional","Porcentaje del total","81.50519"
"PHL","Filipinas","2010","Fondos de seguridad social","Porcentaje del total","12.62912"
"PHL","Filipinas","2010","Gobierno municipal local","Porcentaje del total","5.36994"
"PHL","Filipinas","2010","Gobierno nacional","Porcentaje del total","82.00094"
"PHL","Filipinas","2011","Fondos de seguridad social","Porcentaje del total","12.66917"
"PHL","Filipinas","2011","Gobierno municipal local","Porcentaje del total","5.54273"
"PHL","Filipinas","2011","Gobierno nacional","Porcentaje del total","81.78810"
"PHL","Filipinas","2012","Fondos de seguridad social","Porcentaje del total","12.90047"
"PHL","Filipinas","2012","Gobierno municipal local","Porcentaje del total","5.56666"
"PHL","Filipinas","2012","Gobierno nacional","Porcentaje del total","81.53287"
"PHL","Filipinas","2013","Fondos de seguridad social","Porcentaje del total","12.65916"
"PHL","Filipinas","2013","Gobierno municipal local","Porcentaje del total","5.16399"
"PHL","Filipinas","2013","Gobierno nacional","Porcentaje del total","82.17684"
"PHL","Filipinas","2014","Fondos de seguridad social","Porcentaje del total","13.46591"
"PHL","Filipinas","2014","Gobierno municipal local","Porcentaje del total","5.13067"
"PHL","Filipinas","2014","Gobierno nacional","Porcentaje del total","81.40342"
"PHL","Filipinas","2015","Fondos de seguridad social","Porcentaje del total","14.15565"
"PHL","Filipinas","2015","Gobierno municipal local","Porcentaje del total","5.30919"
"PHL","Filipinas","2015","Gobierno nacional","Porcentaje del total","80.53516"
"PHL","Filipinas","2016","Fondos de seguridad social","Porcentaje del total","14.03603"
"PHL","Filipinas","2016","Gobierno municipal local","Porcentaje del total","5.05217"
"PHL","Filipinas","2016","Gobierno nacional","Porcentaje del total","80.91180"
"PHL","Filipinas","2017","Fondos de seguridad social","Porcentaje del total","13.44380"
"PHL","Filipinas","2017","Gobierno municipal local","Porcentaje del total","5.31016"
"PHL","Filipinas","2017","Gobierno nacional","Porcentaje del total","81.24604"
"PHL","Filipinas","2018","Fondos de seguridad social","Porcentaje del total","13.69410"
"PHL","Filipinas","2018","Gobierno municipal local","Porcentaje del total","5.26613"
"PHL","Filipinas","2018","Gobierno nacional","Porcentaje del total","81.03977"
"PHL","Filipinas","2019","Fondos de seguridad social","Porcentaje del total","14.32123"
"PHL","Filipinas","2019","Gobierno municipal local","Porcentaje del total","5.21491"
"PHL","Filipinas","2019","Gobierno nacional","Porcentaje del total","80.46387"
"PHL","Filipinas","2020","Fondos de seguridad social","Porcentaje del total","15.73066"
"PHL","Filipinas","2020","Gobierno municipal local","Porcentaje del total","5.95858"
"PHL","Filipinas","2020","Gobierno nacional","Porcentaje del total","78.31075"
"PHL","Filipinas","2021","Fondos de seguridad social","Porcentaje del total","16.11295"
"PHL","Filipinas","2021","Gobierno municipal local","Porcentaje del total","5.47087"
"PHL","Filipinas","2021","Gobierno nacional","Porcentaje del total","78.41619"
"PHL","Filipinas","2022","Fondos de seguridad social","Porcentaje del total","15.58567"
"PHL","Filipinas","2022","Gobierno municipal local","Porcentaje del total","5.10054"
"PHL","Filipinas","2022","Gobierno nacional","Porcentaje del total","79.31379"
"PHL","Filipinas","2023","Fondos de seguridad social","Porcentaje del total","15.56120"
"PHL","Filipinas","2023","Gobierno municipal local","Porcentaje del total","5.57226"
"PHL","Filipinas","2023","Gobierno nacional","Porcentaje del total","78.86654"
"FIN","Finlandia","1990","Fondos de seguridad social","Porcentaje del total","25.63736"
"FIN","Finlandia","1990","Gobierno municipal local","Porcentaje del total","21.46348"
"FIN","Finlandia","1990","Gobierno nacional","Porcentaje del total","52.89916"
"FIN","Finlandia","1991","Fondos de seguridad social","Porcentaje del total","27.78051"
"FIN","Finlandia","1991","Gobierno municipal local","Porcentaje del total","20.88066"
"FIN","Finlandia","1991","Gobierno nacional","Porcentaje del total","51.33884"
"FIN","Finlandia","1992","Fondos de seguridad social","Porcentaje del total","29.84894"
"FIN","Finlandia","1992","Gobierno municipal local","Porcentaje del total","21.24408"
"FIN","Finlandia","1992","Gobierno nacional","Porcentaje del total","48.90697"
"FIN","Finlandia","1993","Fondos de seguridad social","Porcentaje del total","31.74088"
"FIN","Finlandia","1993","Gobierno municipal local","Porcentaje del total","21.18830"
"FIN","Finlandia","1993","Gobierno nacional","Porcentaje del total","47.07082"
"FIN","Finlandia","1994","Fondos de seguridad social","Porcentaje del total","31.66524"
"FIN","Finlandia","1994","Gobierno municipal local","Porcentaje del total","21.84127"
"FIN","Finlandia","1994","Gobierno nacional","Porcentaje del total","46.49349"
"FIN","Finlandia","1995","European institutions and bodies (EU accounts)","Porcentaje del total","0.39449"
"FIN","Finlandia","1995","Fondos de seguridad social","Porcentaje del total","30.76800"
"FIN","Finlandia","1995","Gobierno municipal local","Porcentaje del total","22.25795"
"FIN","Finlandia","1995","Gobierno nacional","Porcentaje del total","46.57956"
"FIN","Finlandia","1996","European institutions and bodies (EU accounts)","Porcentaje del total","0.35376"
"FIN","Finlandia","1996","Fondos de seguridad social","Porcentaje del total","28.87955"
"FIN","Finlandia","1996","Gobierno municipal local","Porcentaje del total","22.77132"
"FIN","Finlandia","1996","Gobierno nacional","Porcentaje del total","47.99537"
"FIN","Finlandia","1997","European institutions and bodies (EU accounts)","Porcentaje del total","0.33137"
"FIN","Finlandia","1997","Fondos de seguridad social","Porcentaje del total","27.61176"
"FIN","Finlandia","1997","Gobierno municipal local","Porcentaje del total","21.69940"
"FIN","Finlandia","1997","Gobierno nacional","Porcentaje del total","50.35747"
"FIN","Finlandia","1998","European institutions and bodies (EU accounts)","Porcentaje del total","0.28353"
"FIN","Finlandia","1998","Fondos de seguridad social","Porcentaje del total","27.26127"
"FIN","Finlandia","1998","Gobierno municipal local","Porcentaje del total","21.75565"
"FIN","Finlandia","1998","Gobierno nacional","Porcentaje del total","50.69955"
"FIN","Finlandia","1999","European institutions and bodies (EU accounts)","Porcentaje del total","0.25363"
"FIN","Finlandia","1999","Fondos de seguridad social","Porcentaje del total","27.49070"
"FIN","Finlandia","1999","Gobierno municipal local","Porcentaje del total","21.67676"
"FIN","Finlandia","1999","Gobierno nacional","Porcentaje del total","50.57891"
"FIN","Finlandia","2000","European institutions and bodies (EU accounts)","Porcentaje del total","0.22263"
"FIN","Finlandia","2000","Fondos de seguridad social","Porcentaje del total","25.23591"
"FIN","Finlandia","2000","Gobierno municipal local","Porcentaje del total","21.56803"
"FIN","Finlandia","2000","Gobierno nacional","Porcentaje del total","52.97343"
"FIN","Finlandia","2001","European institutions and bodies (EU accounts)","Porcentaje del total","0.20367"
"FIN","Finlandia","2001","Fondos de seguridad social","Porcentaje del total","26.91321"
"FIN","Finlandia","2001","Gobierno municipal local","Porcentaje del total","22.11175"
"FIN","Finlandia","2001","Gobierno nacional","Porcentaje del total","50.77138"
"FIN","Finlandia","2002","European institutions and bodies (EU accounts)","Porcentaje del total","0.16496"
"FIN","Finlandia","2002","Fondos de seguridad social","Porcentaje del total","26.51499"
"FIN","Finlandia","2002","Gobierno municipal local","Porcentaje del total","21.40278"
"FIN","Finlandia","2002","Gobierno nacional","Porcentaje del total","51.91727"
"FIN","Finlandia","2003","European institutions and bodies (EU accounts)","Porcentaje del total","0.16188"
"FIN","Finlandia","2003","Fondos de seguridad social","Porcentaje del total","26.70008"
"FIN","Finlandia","2003","Gobierno municipal local","Porcentaje del total","21.03756"
"FIN","Finlandia","2003","Gobierno nacional","Porcentaje del total","52.10049"
"FIN","Finlandia","2004","European institutions and bodies (EU accounts)","Porcentaje del total","0.19614"
"FIN","Finlandia","2004","Fondos de seguridad social","Porcentaje del total","26.80075"
"FIN","Finlandia","2004","Gobierno municipal local","Porcentaje del total","20.75500"
"FIN","Finlandia","2004","Gobierno nacional","Porcentaje del total","52.24811"
"FIN","Finlandia","2005","European institutions and bodies (EU accounts)","Porcentaje del total","0.22245"
"FIN","Finlandia","2005","Fondos de seguridad social","Porcentaje del total","27.26997"
"FIN","Finlandia","2005","Gobierno municipal local","Porcentaje del total","20.66590"
"FIN","Finlandia","2005","Gobierno nacional","Porcentaje del total","51.84169"
"FIN","Finlandia","2006","European institutions and bodies (EU accounts)","Porcentaje del total","0.24188"
"FIN","Finlandia","2006","Fondos de seguridad social","Porcentaje del total","27.86581"
"FIN","Finlandia","2006","Gobierno municipal local","Porcentaje del total","20.99419"
"FIN","Finlandia","2006","Gobierno nacional","Porcentaje del total","50.89812"
"FIN","Finlandia","2007","European institutions and bodies (EU accounts)","Porcentaje del total","0.25824"
"FIN","Finlandia","2007","Fondos de seguridad social","Porcentaje del total","27.61114"
"FIN","Finlandia","2007","Gobierno municipal local","Porcentaje del total","21.24808"
"FIN","Finlandia","2007","Gobierno nacional","Porcentaje del total","50.88254"
"FIN","Finlandia","2008","European institutions and bodies (EU accounts)","Porcentaje del total","0.25807"
"FIN","Finlandia","2008","Fondos de seguridad social","Porcentaje del total","27.98066"
"FIN","Finlandia","2008","Gobierno municipal local","Porcentaje del total","21.89219"
"FIN","Finlandia","2008","Gobierno nacional","Porcentaje del total","49.86909"
"FIN","Finlandia","2009","European institutions and bodies (EU accounts)","Porcentaje del total","0.20647"
"FIN","Finlandia","2009","Fondos de seguridad social","Porcentaje del total","29.76263"
"FIN","Finlandia","2009","Gobierno municipal local","Porcentaje del total","23.71834"
"FIN","Finlandia","2009","Gobierno nacional","Porcentaje del total","46.31256"
"FIN","Finlandia","2010","European institutions and bodies (EU accounts)","Porcentaje del total","0.19917"
"FIN","Finlandia","2010","Fondos de seguridad social","Porcentaje del total","29.67700"
"FIN","Finlandia","2010","Gobierno municipal local","Porcentaje del total","24.26522"
"FIN","Finlandia","2010","Gobierno nacional","Porcentaje del total","45.85861"
"FIN","Finlandia","2011","European institutions and bodies (EU accounts)","Porcentaje del total","0.23081"
"FIN","Finlandia","2011","Fondos de seguridad social","Porcentaje del total","28.73198"
"FIN","Finlandia","2011","Gobierno municipal local","Porcentaje del total","23.14051"
"FIN","Finlandia","2011","Gobierno nacional","Porcentaje del total","47.89670"
"FIN","Finlandia","2012","European institutions and bodies (EU accounts)","Porcentaje del total","0.21696"
"FIN","Finlandia","2012","Fondos de seguridad social","Porcentaje del total","29.62507"
"FIN","Finlandia","2012","Gobierno municipal local","Porcentaje del total","22.68468"
"FIN","Finlandia","2012","Gobierno nacional","Porcentaje del total","47.47329"
"FIN","Finlandia","2013","European institutions and bodies (EU accounts)","Porcentaje del total","0.18830"
"FIN","Finlandia","2013","Fondos de seguridad social","Porcentaje del total","28.90132"
"FIN","Finlandia","2013","Gobierno municipal local","Porcentaje del total","23.35152"
"FIN","Finlandia","2013","Gobierno nacional","Porcentaje del total","47.55886"
"FIN","Finlandia","2014","European institutions and bodies (EU accounts)","Porcentaje del total","0.18994"
"FIN","Finlandia","2014","Fondos de seguridad social","Porcentaje del total","28.89244"
"FIN","Finlandia","2014","Gobierno municipal local","Porcentaje del total","23.50295"
"FIN","Finlandia","2014","Gobierno nacional","Porcentaje del total","47.41466"
"FIN","Finlandia","2015","European institutions and bodies (EU accounts)","Porcentaje del total","0.26412"
"FIN","Finlandia","2015","Fondos de seguridad social","Porcentaje del total","28.95449"
"FIN","Finlandia","2015","Gobierno municipal local","Porcentaje del total","23.74814"
"FIN","Finlandia","2015","Gobierno nacional","Porcentaje del total","47.03325"
"FIN","Finlandia","2016","European institutions and bodies (EU accounts)","Porcentaje del total","0.29018"
"FIN","Finlandia","2016","Fondos de seguridad social","Porcentaje del total","29.04905"
"FIN","Finlandia","2016","Gobierno municipal local","Porcentaje del total","23.06261"
"FIN","Finlandia","2016","Gobierno nacional","Porcentaje del total","47.59817"
"FIN","Finlandia","2017","European institutions and bodies (EU accounts)","Porcentaje del total","0.30623"
"FIN","Finlandia","2017","Fondos de seguridad social","Porcentaje del total","27.83936"
"FIN","Finlandia","2017","Gobierno municipal local","Porcentaje del total","23.47476"
"FIN","Finlandia","2017","Gobierno nacional","Porcentaje del total","48.37965"
"FIN","Finlandia","2018","European institutions and bodies (EU accounts)","Porcentaje del total","0.23242"
"FIN","Finlandia","2018","Fondos de seguridad social","Porcentaje del total","27.93812"
"FIN","Finlandia","2018","Gobierno municipal local","Porcentaje del total","22.70054"
"FIN","Finlandia","2018","Gobierno nacional","Porcentaje del total","49.12892"
"FIN","Finlandia","2019","European institutions and bodies (EU accounts)","Porcentaje del total","0.39728"
"FIN","Finlandia","2019","Fondos de seguridad social","Porcentaje del total","27.89361"
"FIN","Finlandia","2019","Gobierno municipal local","Porcentaje del total","22.83737"
"FIN","Finlandia","2019","Gobierno nacional","Porcentaje del total","48.87174"
"FIN","Finlandia","2020","European institutions and bodies (EU accounts)","Porcentaje del total","0.41060"
"FIN","Finlandia","2020","Fondos de seguridad social","Porcentaje del total","27.43299"
"FIN","Finlandia","2020","Gobierno municipal local","Porcentaje del total","24.68025"
"FIN","Finlandia","2020","Gobierno nacional","Porcentaje del total","47.47616"
"FIN","Finlandia","2021","European institutions and bodies (EU accounts)","Porcentaje del total","0.43854"
"FIN","Finlandia","2021","Fondos de seguridad social","Porcentaje del total","27.86897"
"FIN","Finlandia","2021","Gobierno municipal local","Porcentaje del total","23.85287"
"FIN","Finlandia","2021","Gobierno nacional","Porcentaje del total","47.83961"
"FIN","Finlandia","2022","European institutions and bodies (EU accounts)","Porcentaje del total","0.53385"
"FIN","Finlandia","2022","Fondos de seguridad social","Porcentaje del total","27.64785"
"FIN","Finlandia","2022","Gobierno municipal local","Porcentaje del total","23.00238"
"FIN","Finlandia","2022","Gobierno nacional","Porcentaje del total","48.81592"
"FIN","Finlandia","2023","European institutions and bodies (EU accounts)","Porcentaje del total","0.40115"
"FIN","Finlandia","2023","Fondos de seguridad social","Porcentaje del total","29.06724"
"FIN","Finlandia","2023","Gobierno municipal local","Porcentaje del total","11.18083"
"FIN","Finlandia","2023","Gobierno nacional","Porcentaje del total","59.35079"
"FIN","Finlandia","2024","European institutions and bodies (EU accounts)","Porcentaje del total","0.15708"
"FIN","Finlandia","2024","Fondos de seguridad social","Porcentaje del total","27.84368"
"FIN","Finlandia","2024","Gobierno municipal local","Porcentaje del total","11.99358"
"FIN","Finlandia","2024","Gobierno nacional","Porcentaje del total","60.00567"
"FRA","Francia","1990","European institutions and bodies (EU accounts)","Porcentaje del total","0.59518"
"FRA","Francia","1990","Fondos de seguridad social","Porcentaje del total","44.00686"
"FRA","Francia","1990","Gobierno municipal local","Porcentaje del total","9.26791"
"FRA","Francia","1990","Gobierno nacional","Porcentaje del total","46.13005"
"FRA","Francia","1991","European institutions and bodies (EU accounts)","Porcentaje del total","0.58503"
"FRA","Francia","1991","Fondos de seguridad social","Porcentaje del total","43.87143"
"FRA","Francia","1991","Gobierno municipal local","Porcentaje del total","9.33562"
"FRA","Francia","1991","Gobierno nacional","Porcentaje del total","46.20792"
"FRA","Francia","1992","European institutions and bodies (EU accounts)","Porcentaje del total","0.48747"
"FRA","Francia","1992","Fondos de seguridad social","Porcentaje del total","45.17291"
"FRA","Francia","1992","Gobierno municipal local","Porcentaje del total","10.25267"
"FRA","Francia","1992","Gobierno nacional","Porcentaje del total","44.08695"
"FRA","Francia","1993","European institutions and bodies (EU accounts)","Porcentaje del total","0.43795"
"FRA","Francia","1993","Fondos de seguridad social","Porcentaje del total","47.39568"
"FRA","Francia","1993","Gobierno municipal local","Porcentaje del total","10.43462"
"FRA","Francia","1993","Gobierno nacional","Porcentaje del total","41.73175"
"FRA","Francia","1994","European institutions and bodies (EU accounts)","Porcentaje del total","0.42576"
"FRA","Francia","1994","Fondos de seguridad social","Porcentaje del total","47.15110"
"FRA","Francia","1994","Gobierno municipal local","Porcentaje del total","10.70177"
"FRA","Francia","1994","Gobierno nacional","Porcentaje del total","41.72137"
"FRA","Francia","1995","European institutions and bodies (EU accounts)","Porcentaje del total","0.72011"
"FRA","Francia","1995","Fondos de seguridad social","Porcentaje del total","45.73536"
"FRA","Francia","1995","Gobierno municipal local","Porcentaje del total","10.93318"
"FRA","Francia","1995","Gobierno nacional","Porcentaje del total","42.61135"
"FRA","Francia","1996","European institutions and bodies (EU accounts)","Porcentaje del total","0.57029"
"FRA","Francia","1996","Fondos de seguridad social","Porcentaje del total","45.52453"
"FRA","Francia","1996","Gobierno municipal local","Porcentaje del total","11.10088"
"FRA","Francia","1996","Gobierno nacional","Porcentaje del total","42.80430"
"FRA","Francia","1997","European institutions and bodies (EU accounts)","Porcentaje del total","0.57198"
"FRA","Francia","1997","Fondos de seguridad social","Porcentaje del total","45.51925"
"FRA","Francia","1997","Gobierno municipal local","Porcentaje del total","10.94678"
"FRA","Francia","1997","Gobierno nacional","Porcentaje del total","42.96200"
"FRA","Francia","1998","European institutions and bodies (EU accounts)","Porcentaje del total","0.28254"
"FRA","Francia","1998","Fondos de seguridad social","Porcentaje del total","45.86516"
"FRA","Francia","1998","Gobierno municipal local","Porcentaje del total","10.98572"
"FRA","Francia","1998","Gobierno nacional","Porcentaje del total","42.86658"
"FRA","Francia","1999","European institutions and bodies (EU accounts)","Porcentaje del total","0.27082"
"FRA","Francia","1999","Fondos de seguridad social","Porcentaje del total","45.75101"
"FRA","Francia","1999","Gobierno municipal local","Porcentaje del total","10.66246"
"FRA","Francia","1999","Gobierno nacional","Porcentaje del total","43.31571"
"FRA","Francia","2000","European institutions and bodies (EU accounts)","Porcentaje del total","0.29110"
"FRA","Francia","2000","Fondos de seguridad social","Porcentaje del total","47.46609"
"FRA","Francia","2000","Gobierno municipal local","Porcentaje del total","10.06023"
"FRA","Francia","2000","Gobierno nacional","Porcentaje del total","42.18258"
"FRA","Francia","2001","European institutions and bodies (EU accounts)","Porcentaje del total","0.25318"
"FRA","Francia","2001","Fondos de seguridad social","Porcentaje del total","48.25105"
"FRA","Francia","2001","Gobierno municipal local","Porcentaje del total","9.80459"
"FRA","Francia","2001","Gobierno nacional","Porcentaje del total","41.69118"
"FRA","Francia","2002","European institutions and bodies (EU accounts)","Porcentaje del total","0.23700"
"FRA","Francia","2002","Fondos de seguridad social","Porcentaje del total","49.12795"
"FRA","Francia","2002","Gobierno municipal local","Porcentaje del total","9.98902"
"FRA","Francia","2002","Gobierno nacional","Porcentaje del total","40.64604"
"FRA","Francia","2003","European institutions and bodies (EU accounts)","Porcentaje del total","0.20908"
"FRA","Francia","2003","Fondos de seguridad social","Porcentaje del total","49.80473"
"FRA","Francia","2003","Gobierno municipal local","Porcentaje del total","10.22517"
"FRA","Francia","2003","Gobierno nacional","Porcentaje del total","39.76101"
"FRA","Francia","2004","European institutions and bodies (EU accounts)","Porcentaje del total","0.21950"
"FRA","Francia","2004","Fondos de seguridad social","Porcentaje del total","47.07921"
"FRA","Francia","2004","Gobierno municipal local","Porcentaje del total","10.97943"
"FRA","Francia","2004","Gobierno nacional","Porcentaje del total","41.72186"
"FRA","Francia","2005","European institutions and bodies (EU accounts)","Porcentaje del total","0.24481"
"FRA","Francia","2005","Fondos de seguridad social","Porcentaje del total","48.17088"
"FRA","Francia","2005","Gobierno municipal local","Porcentaje del total","11.44614"
"FRA","Francia","2005","Gobierno nacional","Porcentaje del total","40.13817"
"FRA","Francia","2006","European institutions and bodies (EU accounts)","Porcentaje del total","0.21894"
"FRA","Francia","2006","Fondos de seguridad social","Porcentaje del total","50.34488"
"FRA","Francia","2006","Gobierno municipal local","Porcentaje del total","11.44778"
"FRA","Francia","2006","Gobierno nacional","Porcentaje del total","37.98840"
"FRA","Francia","2007","European institutions and bodies (EU accounts)","Porcentaje del total","0.21821"
"FRA","Francia","2007","Fondos de seguridad social","Porcentaje del total","50.77966"
"FRA","Francia","2007","Gobierno municipal local","Porcentaje del total","11.91187"
"FRA","Francia","2007","Gobierno nacional","Porcentaje del total","37.09026"
"FRA","Francia","2008","European institutions and bodies (EU accounts)","Porcentaje del total","0.24598"
"FRA","Francia","2008","Fondos de seguridad social","Porcentaje del total","51.80875"
"FRA","Francia","2008","Gobierno municipal local","Porcentaje del total","12.00266"
"FRA","Francia","2008","Gobierno nacional","Porcentaje del total","35.94261"
"FRA","Francia","2009","European institutions and bodies (EU accounts)","Porcentaje del total","0.20622"
"FRA","Francia","2009","Fondos de seguridad social","Porcentaje del total","54.10893"
"FRA","Francia","2009","Gobierno municipal local","Porcentaje del total","12.91394"
"FRA","Francia","2009","Gobierno nacional","Porcentaje del total","32.77091"
"FRA","Francia","2010","European institutions and bodies (EU accounts)","Porcentaje del total","0.23390"
"FRA","Francia","2010","Fondos de seguridad social","Porcentaje del total","53.23537"
"FRA","Francia","2010","Gobierno municipal local","Porcentaje del total","10.58140"
"FRA","Francia","2010","Gobierno nacional","Porcentaje del total","35.94934"
"FRA","Francia","2011","European institutions and bodies (EU accounts)","Porcentaje del total","0.23340"
"FRA","Francia","2011","Fondos de seguridad social","Porcentaje del total","53.25410"
"FRA","Francia","2011","Gobierno municipal local","Porcentaje del total","12.95604"
"FRA","Francia","2011","Gobierno nacional","Porcentaje del total","33.55645"
"FRA","Francia","2012","European institutions and bodies (EU accounts)","Porcentaje del total","0.22682"
"FRA","Francia","2012","Fondos de seguridad social","Porcentaje del total","53.03816"
"FRA","Francia","2012","Gobierno municipal local","Porcentaje del total","13.03996"
"FRA","Francia","2012","Gobierno nacional","Porcentaje del total","33.69505"
"FRA","Francia","2013","European institutions and bodies (EU accounts)","Porcentaje del total","0.21579"
"FRA","Francia","2013","Fondos de seguridad social","Porcentaje del total","52.75888"
"FRA","Francia","2013","Gobierno municipal local","Porcentaje del total","12.83184"
"FRA","Francia","2013","Gobierno nacional","Porcentaje del total","34.19350"
"FRA","Francia","2014","European institutions and bodies (EU accounts)","Porcentaje del total","0.21024"
"FRA","Francia","2014","Fondos de seguridad social","Porcentaje del total","53.28883"
"FRA","Francia","2014","Gobierno municipal local","Porcentaje del total","12.95247"
"FRA","Francia","2014","Gobierno nacional","Porcentaje del total","33.54845"
"FRA","Francia","2015","European institutions and bodies (EU accounts)","Porcentaje del total","0.30712"
"FRA","Francia","2015","Fondos de seguridad social","Porcentaje del total","52.82151"
"FRA","Francia","2015","Gobierno municipal local","Porcentaje del total","13.16427"
"FRA","Francia","2015","Gobierno nacional","Porcentaje del total","33.70709"
"FRA","Francia","2016","European institutions and bodies (EU accounts)","Porcentaje del total","0.35710"
"FRA","Francia","2016","Fondos de seguridad social","Porcentaje del total","52.66603"
"FRA","Francia","2016","Gobierno municipal local","Porcentaje del total","13.51381"
"FRA","Francia","2016","Gobierno nacional","Porcentaje del total","33.46307"
"FRA","Francia","2017","European institutions and bodies (EU accounts)","Porcentaje del total","0.38211"
"FRA","Francia","2017","Fondos de seguridad social","Porcentaje del total","51.94982"
"FRA","Francia","2017","Gobierno municipal local","Porcentaje del total","13.38374"
"FRA","Francia","2017","Gobierno nacional","Porcentaje del total","34.28433"
"FRA","Francia","2018","European institutions and bodies (EU accounts)","Porcentaje del total","0.42243"
"FRA","Francia","2018","Fondos de seguridad social","Porcentaje del total","52.33330"
"FRA","Francia","2018","Gobierno municipal local","Porcentaje del total","13.57112"
"FRA","Francia","2018","Gobierno nacional","Porcentaje del total","33.67316"
"FRA","Francia","2019","European institutions and bodies (EU accounts)","Porcentaje del total","0.42344"
"FRA","Francia","2019","Fondos de seguridad social","Porcentaje del total","53.29606"
"FRA","Francia","2019","Gobierno municipal local","Porcentaje del total","13.60082"
"FRA","Francia","2019","Gobierno nacional","Porcentaje del total","32.67967"
"FRA","Francia","2020","European institutions and bodies (EU accounts)","Porcentaje del total","0.48190"
"FRA","Francia","2020","Fondos de seguridad social","Porcentaje del total","53.69970"
"FRA","Francia","2020","Gobierno municipal local","Porcentaje del total","13.49708"
"FRA","Francia","2020","Gobierno nacional","Porcentaje del total","32.32133"
"FRA","Francia","2021","European institutions and bodies (EU accounts)","Porcentaje del total","0.48384"
"FRA","Francia","2021","Fondos de seguridad social","Porcentaje del total","54.23649"
"FRA","Francia","2021","Gobierno municipal local","Porcentaje del total","14.48253"
"FRA","Francia","2021","Gobierno nacional","Porcentaje del total","30.79714"
"FRA","Francia","2022","European institutions and bodies (EU accounts)","Porcentaje del total","0.63056"
"FRA","Francia","2022","Fondos de seguridad social","Porcentaje del total","53.97222"
"FRA","Francia","2022","Gobierno municipal local","Porcentaje del total","14.38322"
"FRA","Francia","2022","Gobierno nacional","Porcentaje del total","31.01400"
"FRA","Francia","2023","European institutions and bodies (EU accounts)","Porcentaje del total","0.53010"
"FRA","Francia","2023","Fondos de seguridad social","Porcentaje del total","55.29014"
"FRA","Francia","2023","Gobierno municipal local","Porcentaje del total","14.30970"
"FRA","Francia","2023","Gobierno nacional","Porcentaje del total","29.87006"
"FRA","Francia","2024","European institutions and bodies (EU accounts)","Porcentaje del total","0.20488"
"FRA","Francia","2024","Fondos de seguridad social","Porcentaje del total","56.14486"
"FRA","Francia","2024","Gobierno municipal local","Porcentaje del total","14.49278"
"FRA","Francia","2024","Gobierno nacional","Porcentaje del total","29.15749"
"GAB","Gabón","2007","Fondos de seguridad social","Porcentaje del total","0.00000"
"GAB","Gabón","2007","Gobierno municipal local","Porcentaje del total","0.00000"
"GAB","Gabón","2007","Gobierno nacional","Porcentaje del total","100.00000"
"GAB","Gabón","2007","Gobierno provincial o regional","Porcentaje del total","0.00000"
"GAB","Gabón","2008","Fondos de seguridad social","Porcentaje del total","0.00000"
"GAB","Gabón","2008","Gobierno municipal local","Porcentaje del total","0.00000"
"GAB","Gabón","2008","Gobierno nacional","Porcentaje del total","100.00000"
"GAB","Gabón","2008","Gobierno provincial o regional","Porcentaje del total","0.00000"
"GAB","Gabón","2009","Fondos de seguridad social","Porcentaje del total","0.00000"
"GAB","Gabón","2009","Gobierno municipal local","Porcentaje del total","0.00000"
"GAB","Gabón","2009","Gobierno nacional","Porcentaje del total","100.00000"
"GAB","Gabón","2009","Gobierno provincial o regional","Porcentaje del total","0.00000"
"GAB","Gabón","2010","Fondos de seguridad social","Porcentaje del total","11.43489"
"GAB","Gabón","2010","Gobierno municipal local","Porcentaje del total","0.00000"
"GAB","Gabón","2010","Gobierno nacional","Porcentaje del total","88.56511"
"GAB","Gabón","2010","Gobierno provincial o regional","Porcentaje del total","0.00000"
"GAB","Gabón","2011","Fondos de seguridad social","Porcentaje del total","10.17235"
"GAB","Gabón","2011","Gobierno municipal local","Porcentaje del total","0.00000"
"GAB","Gabón","2011","Gobierno nacional","Porcentaje del total","89.82765"
"GAB","Gabón","2011","Gobierno provincial o regional","Porcentaje del total","0.00000"
"GAB","Gabón","2012","Fondos de seguridad social","Porcentaje del total","10.57881"
"GAB","Gabón","2012","Gobierno municipal local","Porcentaje del total","0.00000"
"GAB","Gabón","2012","Gobierno nacional","Porcentaje del total","89.42119"
"GAB","Gabón","2012","Gobierno provincial o regional","Porcentaje del total","0.00000"
"GAB","Gabón","2013","Fondos de seguridad social","Porcentaje del total","8.54992"
"GAB","Gabón","2013","Gobierno municipal local","Porcentaje del total","0.00000"
"GAB","Gabón","2013","Gobierno nacional","Porcentaje del total","91.45008"
"GAB","Gabón","2013","Gobierno provincial o regional","Porcentaje del total","0.00000"
"GAB","Gabón","2014","Fondos de seguridad social","Porcentaje del total","7.95364"
"GAB","Gabón","2014","Gobierno municipal local","Porcentaje del total","0.00000"
"GAB","Gabón","2014","Gobierno nacional","Porcentaje del total","92.04636"
"GAB","Gabón","2014","Gobierno provincial o regional","Porcentaje del total","0.00000"
"GAB","Gabón","2015","Fondos de seguridad social","Porcentaje del total","6.73128"
"GAB","Gabón","2015","Gobierno municipal local","Porcentaje del total","0.00000"
"GAB","Gabón","2015","Gobierno nacional","Porcentaje del total","93.26872"
"GAB","Gabón","2015","Gobierno provincial o regional","Porcentaje del total","0.00000"
"GAB","Gabón","2016","Fondos de seguridad social","Porcentaje del total","14.11784"
"GAB","Gabón","2016","Gobierno municipal local","Porcentaje del total","0.00000"
"GAB","Gabón","2016","Gobierno nacional","Porcentaje del total","85.88216"
"GAB","Gabón","2016","Gobierno provincial o regional","Porcentaje del total","0.00000"
"GAB","Gabón","2017","Fondos de seguridad social","Porcentaje del total","15.26001"
"GAB","Gabón","2017","Gobierno municipal local","Porcentaje del total","0.00000"
"GAB","Gabón","2017","Gobierno nacional","Porcentaje del total","84.73999"
"GAB","Gabón","2017","Gobierno provincial o regional","Porcentaje del total","0.00000"
"GAB","Gabón","2018","Fondos de seguridad social","Porcentaje del total","14.75850"
"GAB","Gabón","2018","Gobierno municipal local","Porcentaje del total","0.00000"
"GAB","Gabón","2018","Gobierno nacional","Porcentaje del total","85.24150"
"GAB","Gabón","2018","Gobierno provincial o regional","Porcentaje del total","0.00000"
"GAB","Gabón","2019","Fondos de seguridad social","Porcentaje del total","12.49685"
"GAB","Gabón","2019","Gobierno municipal local","Porcentaje del total","0.00000"
"GAB","Gabón","2019","Gobierno nacional","Porcentaje del total","87.50315"
"GAB","Gabón","2019","Gobierno provincial o regional","Porcentaje del total","0.00000"
"GAB","Gabón","2020","Fondos de seguridad social","Porcentaje del total","12.91530"
"GAB","Gabón","2020","Gobierno municipal local","Porcentaje del total","0.00000"
"GAB","Gabón","2020","Gobierno nacional","Porcentaje del total","87.08470"
"GAB","Gabón","2020","Gobierno provincial o regional","Porcentaje del total","0.00000"
"GAB","Gabón","2021","Fondos de seguridad social","Porcentaje del total","13.21402"
"GAB","Gabón","2021","Gobierno municipal local","Porcentaje del total","0.00000"
"GAB","Gabón","2021","Gobierno nacional","Porcentaje del total","86.78598"
"GAB","Gabón","2021","Gobierno provincial o regional","Porcentaje del total","0.00000"
"GAB","Gabón","2022","Fondos de seguridad social","Porcentaje del total","10.65214"
"GAB","Gabón","2022","Gobierno municipal local","Porcentaje del total","0.00000"
"GAB","Gabón","2022","Gobierno nacional","Porcentaje del total","89.34786"
"GAB","Gabón","2022","Gobierno provincial o regional","Porcentaje del total","0.00000"
"GAB","Gabón","2023","Fondos de seguridad social","Porcentaje del total","8.52103"
"GAB","Gabón","2023","Gobierno nacional","Porcentaje del total","91.47897"
"GAB","Gabón","2024","Fondos de seguridad social","Porcentaje del total","9.58439"
"GAB","Gabón","2024","Gobierno nacional","Porcentaje del total","90.41561"
"GMB","Gambia","2006","Gobierno nacional","Porcentaje del total","100.00000"
"GMB","Gambia","2007","Gobierno nacional","Porcentaje del total","100.00000"
"GMB","Gambia","2008","Gobierno nacional","Porcentaje del total","100.00000"
"GMB","Gambia","2009","Gobierno nacional","Porcentaje del total","100.00000"
"GMB","Gambia","2010","Gobierno nacional","Porcentaje del total","100.00000"
"GMB","Gambia","2011","Gobierno nacional","Porcentaje del total","100.00000"
"GMB","Gambia","2012","Gobierno nacional","Porcentaje del total","100.00000"
"GMB","Gambia","2013","Gobierno nacional","Porcentaje del total","100.00000"
"GMB","Gambia","2014","Gobierno nacional","Porcentaje del total","100.00000"
"GMB","Gambia","2015","Gobierno nacional","Porcentaje del total","100.00000"
"GMB","Gambia","2016","Gobierno nacional","Porcentaje del total","100.00000"
"GMB","Gambia","2017","Gobierno nacional","Porcentaje del total","100.00000"
"GMB","Gambia","2018","Gobierno nacional","Porcentaje del total","100.00000"
"GMB","Gambia","2019","Gobierno nacional","Porcentaje del total","100.00000"
"GMB","Gambia","2020","Gobierno nacional","Porcentaje del total","100.00000"
"GMB","Gambia","2021","Gobierno nacional","Porcentaje del total","100.00000"
"GMB","Gambia","2022","Gobierno nacional","Porcentaje del total","100.00000"
"GMB","Gambia","2023","Gobierno nacional","Porcentaje del total","100.00000"
"GMB","Gambia","2024","Gobierno nacional","Porcentaje del total","100.00000"
"GEO","Georgia","1995","Fondos de seguridad social","Porcentaje del total","22.25245"
"GEO","Georgia","1995","Gobierno municipal local","Porcentaje del total","6.09358"
"GEO","Georgia","1995","Gobierno nacional","Porcentaje del total","71.65397"
"GEO","Georgia","1996","Fondos de seguridad social","Porcentaje del total","17.08159"
"GEO","Georgia","1996","Gobierno municipal local","Porcentaje del total","4.83116"
"GEO","Georgia","1996","Gobierno nacional","Porcentaje del total","78.08726"
"GEO","Georgia","1997","Fondos de seguridad social","Porcentaje del total","11.81025"
"GEO","Georgia","1997","Gobierno municipal local","Porcentaje del total","5.08977"
"GEO","Georgia","1997","Gobierno nacional","Porcentaje del total","83.09998"
"GEO","Georgia","1998","Fondos de seguridad social","Porcentaje del total","15.78712"
"GEO","Georgia","1998","Gobierno municipal local","Porcentaje del total","6.02266"
"GEO","Georgia","1998","Gobierno nacional","Porcentaje del total","78.19022"
"GEO","Georgia","1999","Fondos de seguridad social","Porcentaje del total","13.34640"
"GEO","Georgia","1999","Gobierno municipal local","Porcentaje del total","6.09623"
"GEO","Georgia","1999","Gobierno nacional","Porcentaje del total","80.55737"
"GEO","Georgia","2000","Fondos de seguridad social","Porcentaje del total","16.20805"
"GEO","Georgia","2000","Gobierno municipal local","Porcentaje del total","5.19016"
"GEO","Georgia","2000","Gobierno nacional","Porcentaje del total","78.60179"
"GEO","Georgia","2001","Fondos de seguridad social","Porcentaje del total","16.01214"
"GEO","Georgia","2001","Gobierno municipal local","Porcentaje del total","4.54480"
"GEO","Georgia","2001","Gobierno nacional","Porcentaje del total","79.44307"
"GEO","Georgia","2002","Fondos de seguridad social","Porcentaje del total","15.32394"
"GEO","Georgia","2002","Gobierno municipal local","Porcentaje del total","5.09616"
"GEO","Georgia","2002","Gobierno nacional","Porcentaje del total","79.57990"
"GEO","Georgia","2003","Fondos de seguridad social","Porcentaje del total","18.12632"
"GEO","Georgia","2003","Gobierno municipal local","Porcentaje del total","5.73824"
"GEO","Georgia","2003","Gobierno nacional","Porcentaje del total","76.13544"
"GEO","Georgia","2004","Fondos de seguridad social","Porcentaje del total","20.81350"
"GEO","Georgia","2004","Gobierno municipal local","Porcentaje del total","2.40633"
"GEO","Georgia","2004","Gobierno nacional","Porcentaje del total","76.78017"
"GEO","Georgia","2005","Fondos de seguridad social","Porcentaje del total","0.00000"
"GEO","Georgia","2005","Gobierno municipal local","Porcentaje del total","2.50456"
"GEO","Georgia","2005","Gobierno nacional","Porcentaje del total","97.49544"
"GEO","Georgia","2006","Fondos de seguridad social","Porcentaje del total","0.00000"
"GEO","Georgia","2006","Gobierno municipal local","Porcentaje del total","2.72433"
"GEO","Georgia","2006","Gobierno nacional","Porcentaje del total","97.27567"
"GEO","Georgia","2007","Fondos de seguridad social","Porcentaje del total","0.00000"
"GEO","Georgia","2007","Gobierno municipal local","Porcentaje del total","2.45719"
"GEO","Georgia","2007","Gobierno nacional","Porcentaje del total","97.54281"
"GEO","Georgia","2008","Fondos de seguridad social","Porcentaje del total","0.00000"
"GEO","Georgia","2008","Gobierno municipal local","Porcentaje del total","2.77521"
"GEO","Georgia","2008","Gobierno nacional","Porcentaje del total","97.22479"
"GEO","Georgia","2009","Fondos de seguridad social","Porcentaje del total","0.00000"
"GEO","Georgia","2009","Gobierno municipal local","Porcentaje del total","3.65476"
"GEO","Georgia","2009","Gobierno nacional","Porcentaje del total","96.34524"
"GEO","Georgia","2010","Fondos de seguridad social","Porcentaje del total","0.00000"
"GEO","Georgia","2010","Gobierno municipal local","Porcentaje del total","3.93829"
"GEO","Georgia","2010","Gobierno nacional","Porcentaje del total","96.06171"
"GEO","Georgia","2011","Fondos de seguridad social","Porcentaje del total","0.00000"
"GEO","Georgia","2011","Gobierno municipal local","Porcentaje del total","3.59268"
"GEO","Georgia","2011","Gobierno nacional","Porcentaje del total","96.40732"
"GEO","Georgia","2012","Fondos de seguridad social","Porcentaje del total","0.00000"
"GEO","Georgia","2012","Gobierno municipal local","Porcentaje del total","3.44771"
"GEO","Georgia","2012","Gobierno nacional","Porcentaje del total","96.55229"
"GEO","Georgia","2013","Fondos de seguridad social","Porcentaje del total","0.00000"
"GEO","Georgia","2013","Gobierno municipal local","Porcentaje del total","3.46433"
"GEO","Georgia","2013","Gobierno nacional","Porcentaje del total","96.53567"
"GEO","Georgia","2014","Fondos de seguridad social","Porcentaje del total","0.00000"
"GEO","Georgia","2014","Gobierno municipal local","Porcentaje del total","3.39566"
"GEO","Georgia","2014","Gobierno nacional","Porcentaje del total","96.60434"
"GEO","Georgia","2015","Fondos de seguridad social","Porcentaje del total","0.00000"
"GEO","Georgia","2015","Gobierno municipal local","Porcentaje del total","3.62141"
"GEO","Georgia","2015","Gobierno nacional","Porcentaje del total","96.37859"
"GEO","Georgia","2016","Fondos de seguridad social","Porcentaje del total","0.00000"
"GEO","Georgia","2016","Gobierno municipal local","Porcentaje del total","4.13608"
"GEO","Georgia","2016","Gobierno nacional","Porcentaje del total","95.86392"
"GEO","Georgia","2017","Fondos de seguridad social","Porcentaje del total","0.00000"
"GEO","Georgia","2017","Gobierno municipal local","Porcentaje del total","3.98345"
"GEO","Georgia","2017","Gobierno nacional","Porcentaje del total","96.01655"
"GEO","Georgia","2018","Fondos de seguridad social","Porcentaje del total","0.00000"
"GEO","Georgia","2018","Gobierno municipal local","Porcentaje del total","4.22395"
"GEO","Georgia","2018","Gobierno nacional","Porcentaje del total","95.77605"
"GEO","Georgia","2019","Fondos de seguridad social","Porcentaje del total","0.00000"
"GEO","Georgia","2019","Gobierno municipal local","Porcentaje del total","3.99909"
"GEO","Georgia","2019","Gobierno nacional","Porcentaje del total","96.00091"
"GEO","Georgia","2020","Fondos de seguridad social","Porcentaje del total","0.00000"
"GEO","Georgia","2020","Gobierno municipal local","Porcentaje del total","3.95012"
"GEO","Georgia","2020","Gobierno nacional","Porcentaje del total","96.04988"
"GEO","Georgia","2021","Fondos de seguridad social","Porcentaje del total","0.00000"
"GEO","Georgia","2021","Gobierno municipal local","Porcentaje del total","3.76903"
"GEO","Georgia","2021","Gobierno nacional","Porcentaje del total","96.23097"
"GEO","Georgia","2022","Fondos de seguridad social","Porcentaje del total","0.00000"
"GEO","Georgia","2022","Gobierno municipal local","Porcentaje del total","3.49044"
"GEO","Georgia","2022","Gobierno nacional","Porcentaje del total","96.50956"
"GEO","Georgia","2023","Fondos de seguridad social","Porcentaje del total","0.00000"
"GEO","Georgia","2023","Gobierno municipal local","Porcentaje del total","3.28486"
"GEO","Georgia","2023","Gobierno nacional","Porcentaje del total","96.71514"
"GHA","Ghana","2000","Fondos de seguridad social","Porcentaje del total","9.41508"
"GHA","Ghana","2000","Gobierno nacional","Porcentaje del total","90.58492"
"GHA","Ghana","2001","Fondos de seguridad social","Porcentaje del total","9.96042"
"GHA","Ghana","2001","Gobierno nacional","Porcentaje del total","90.03958"
"GHA","Ghana","2002","Fondos de seguridad social","Porcentaje del total","10.43613"
"GHA","Ghana","2002","Gobierno nacional","Porcentaje del total","89.56387"
"GHA","Ghana","2003","Fondos de seguridad social","Porcentaje del total","9.09575"
"GHA","Ghana","2003","Gobierno nacional","Porcentaje del total","90.90425"
"GHA","Ghana","2004","Fondos de seguridad social","Porcentaje del total","8.60018"
"GHA","Ghana","2004","Gobierno nacional","Porcentaje del total","91.39982"
"GHA","Ghana","2005","Fondos de seguridad social","Porcentaje del total","8.09610"
"GHA","Ghana","2005","Gobierno nacional","Porcentaje del total","91.90390"
"GHA","Ghana","2006","Fondos de seguridad social","Porcentaje del total","10.91615"
"GHA","Ghana","2006","Gobierno nacional","Porcentaje del total","89.08385"
"GHA","Ghana","2007","Fondos de seguridad social","Porcentaje del total","11.02249"
"GHA","Ghana","2007","Gobierno nacional","Porcentaje del total","88.97751"
"GHA","Ghana","2008","Fondos de seguridad social","Porcentaje del total","12.06112"
"GHA","Ghana","2008","Gobierno nacional","Porcentaje del total","87.93888"
"GHA","Ghana","2009","Fondos de seguridad social","Porcentaje del total","13.99913"
"GHA","Ghana","2009","Gobierno nacional","Porcentaje del total","86.00087"
"GHA","Ghana","2010","Fondos de seguridad social","Porcentaje del total","9.63303"
"GHA","Ghana","2010","Gobierno nacional","Porcentaje del total","90.36697"
"GHA","Ghana","2011","Fondos de seguridad social","Porcentaje del total","9.33420"
"GHA","Ghana","2011","Gobierno nacional","Porcentaje del total","90.66580"
"GHA","Ghana","2012","Fondos de seguridad social","Porcentaje del total","8.65092"
"GHA","Ghana","2012","Gobierno nacional","Porcentaje del total","91.34908"
"GHA","Ghana","2013","Fondos de seguridad social","Porcentaje del total","9.27423"
"GHA","Ghana","2013","Gobierno nacional","Porcentaje del total","90.72577"
"GHA","Ghana","2014","Fondos de seguridad social","Porcentaje del total","10.48482"
"GHA","Ghana","2014","Gobierno nacional","Porcentaje del total","89.51518"
"GHA","Ghana","2015","Fondos de seguridad social","Porcentaje del total","9.95788"
"GHA","Ghana","2015","Gobierno nacional","Porcentaje del total","90.04212"
"GHA","Ghana","2016","Fondos de seguridad social","Porcentaje del total","7.05182"
"GHA","Ghana","2016","Gobierno nacional","Porcentaje del total","92.94818"
"GHA","Ghana","2017","Fondos de seguridad social","Porcentaje del total","7.57743"
"GHA","Ghana","2017","Gobierno nacional","Porcentaje del total","92.42257"
"GHA","Ghana","2018","Fondos de seguridad social","Porcentaje del total","5.84712"
"GHA","Ghana","2018","Gobierno nacional","Porcentaje del total","94.15288"
"GHA","Ghana","2019","Fondos de seguridad social","Porcentaje del total","5.26749"
"GHA","Ghana","2019","Gobierno nacional","Porcentaje del total","94.73251"
"GHA","Ghana","2020","Fondos de seguridad social","Porcentaje del total","7.78581"
"GHA","Ghana","2020","Gobierno nacional","Porcentaje del total","92.21419"
"GHA","Ghana","2021","Fondos de seguridad social","Porcentaje del total","5.62518"
"GHA","Ghana","2021","Gobierno nacional","Porcentaje del total","94.37482"
"GHA","Ghana","2022","Fondos de seguridad social","Porcentaje del total","5.26964"
"GHA","Ghana","2022","Gobierno nacional","Porcentaje del total","94.73036"
"GHA","Ghana","2023","Fondos de seguridad social","Porcentaje del total","5.16128"
"GHA","Ghana","2023","Gobierno nacional","Porcentaje del total","94.83872"
"GHA","Ghana","2024","Fondos de seguridad social","Porcentaje del total","4.27523"
"GHA","Ghana","2024","Gobierno nacional","Porcentaje del total","95.72477"
"GRD","Granada","2014","Gobierno nacional","Porcentaje del total","100.00000"
"GRD","Granada","2015","Gobierno nacional","Porcentaje del total","100.00000"
"GRD","Granada","2016","Gobierno nacional","Porcentaje del total","100.00000"
"GRD","Granada","2017","Gobierno nacional","Porcentaje del total","100.00000"
"GRD","Granada","2018","Gobierno nacional","Porcentaje del total","100.00000"
"GRD","Granada","2019","Gobierno nacional","Porcentaje del total","100.00000"
"GRD","Granada","2020","Gobierno nacional","Porcentaje del total","100.00000"
"GRD","Granada","2021","Gobierno nacional","Porcentaje del total","100.00000"
"GRD","Granada","2022","Gobierno nacional","Porcentaje del total","100.00000"
"GRD","Granada","2023","Gobierno nacional","Porcentaje del total","100.00000"
"GRD","Granada","2024","Gobierno nacional","Porcentaje del total","100.00000"
"GRC","Grecia","1990","European institutions and bodies (EU accounts)","Porcentaje del total","0.96457"
"GRC","Grecia","1990","Fondos de seguridad social","Porcentaje del total","29.86371"
"GRC","Grecia","1990","Gobierno municipal local","Porcentaje del total","1.14539"
"GRC","Grecia","1990","Gobierno nacional","Porcentaje del total","68.02632"
"GRC","Grecia","1991","European institutions and bodies (EU accounts)","Porcentaje del total","1.00476"
"GRC","Grecia","1991","Fondos de seguridad social","Porcentaje del total","28.85002"
"GRC","Grecia","1991","Gobierno municipal local","Porcentaje del total","0.95626"
"GRC","Grecia","1991","Gobierno nacional","Porcentaje del total","69.18896"
"GRC","Grecia","1992","European institutions and bodies (EU accounts)","Porcentaje del total","0.88818"
"GRC","Grecia","1992","Fondos de seguridad social","Porcentaje del total","27.69184"
"GRC","Grecia","1992","Gobierno municipal local","Porcentaje del total","1.19951"
"GRC","Grecia","1992","Gobierno nacional","Porcentaje del total","70.22047"
"GRC","Grecia","1993","European institutions and bodies (EU accounts)","Porcentaje del total","0.81711"
"GRC","Grecia","1993","Fondos de seguridad social","Porcentaje del total","30.07162"
"GRC","Grecia","1993","Gobierno municipal local","Porcentaje del total","1.26078"
"GRC","Grecia","1993","Gobierno nacional","Porcentaje del total","67.85050"
"GRC","Grecia","1994","European institutions and bodies (EU accounts)","Porcentaje del total","0.62290"
"GRC","Grecia","1994","Fondos de seguridad social","Porcentaje del total","29.58748"
"GRC","Grecia","1994","Gobierno municipal local","Porcentaje del total","1.40249"
"GRC","Grecia","1994","Gobierno nacional","Porcentaje del total","68.38713"
"GRC","Grecia","1995","European institutions and bodies (EU accounts)","Porcentaje del total","0.56928"
"GRC","Grecia","1995","Fondos de seguridad social","Porcentaje del total","31.04862"
"GRC","Grecia","1995","Gobierno municipal local","Porcentaje del total","2.03423"
"GRC","Grecia","1995","Gobierno nacional","Porcentaje del total","66.34787"
"GRC","Grecia","1996","European institutions and bodies (EU accounts)","Porcentaje del total","0.50820"
"GRC","Grecia","1996","Fondos de seguridad social","Porcentaje del total","31.19138"
"GRC","Grecia","1996","Gobierno municipal local","Porcentaje del total","2.16924"
"GRC","Grecia","1996","Gobierno nacional","Porcentaje del total","66.13118"
"GRC","Grecia","1997","European institutions and bodies (EU accounts)","Porcentaje del total","0.48658"
"GRC","Grecia","1997","Fondos de seguridad social","Porcentaje del total","30.00590"
"GRC","Grecia","1997","Gobierno municipal local","Porcentaje del total","2.11737"
"GRC","Grecia","1997","Gobierno nacional","Porcentaje del total","67.39015"
"GRC","Grecia","1998","European institutions and bodies (EU accounts)","Porcentaje del total","0.46463"
"GRC","Grecia","1998","Fondos de seguridad social","Porcentaje del total","29.39390"
"GRC","Grecia","1998","Gobierno municipal local","Porcentaje del total","1.97015"
"GRC","Grecia","1998","Gobierno nacional","Porcentaje del total","68.17132"
"GRC","Grecia","1999","European institutions and bodies (EU accounts)","Porcentaje del total","0.46749"
"GRC","Grecia","1999","Fondos de seguridad social","Porcentaje del total","29.48929"
"GRC","Grecia","1999","Gobierno municipal local","Porcentaje del total","2.00855"
"GRC","Grecia","1999","Gobierno nacional","Porcentaje del total","68.03467"
"GRC","Grecia","2000","European institutions and bodies (EU accounts)","Porcentaje del total","0.46811"
"GRC","Grecia","2000","Fondos de seguridad social","Porcentaje del total","29.85533"
"GRC","Grecia","2000","Gobierno municipal local","Porcentaje del total","2.04825"
"GRC","Grecia","2000","Gobierno nacional","Porcentaje del total","67.62831"
"GRC","Grecia","2001","European institutions and bodies (EU accounts)","Porcentaje del total","0.41559"
"GRC","Grecia","2001","Fondos de seguridad social","Porcentaje del total","31.66893"
"GRC","Grecia","2001","Gobierno municipal local","Porcentaje del total","2.10674"
"GRC","Grecia","2001","Gobierno nacional","Porcentaje del total","65.80875"
"GRC","Grecia","2002","European institutions and bodies (EU accounts)","Porcentaje del total","0.36358"
"GRC","Grecia","2002","Fondos de seguridad social","Porcentaje del total","33.22813"
"GRC","Grecia","2002","Gobierno municipal local","Porcentaje del total","2.02093"
"GRC","Grecia","2002","Gobierno nacional","Porcentaje del total","64.38735"
"GRC","Grecia","2003","European institutions and bodies (EU accounts)","Porcentaje del total","0.36740"
"GRC","Grecia","2003","Fondos de seguridad social","Porcentaje del total","34.52664"
"GRC","Grecia","2003","Gobierno municipal local","Porcentaje del total","2.11033"
"GRC","Grecia","2003","Gobierno nacional","Porcentaje del total","62.99563"
"GRC","Grecia","2004","European institutions and bodies (EU accounts)","Porcentaje del total","0.44394"
"GRC","Grecia","2004","Fondos de seguridad social","Porcentaje del total","33.96310"
"GRC","Grecia","2004","Gobierno municipal local","Porcentaje del total","2.23495"
"GRC","Grecia","2004","Gobierno nacional","Porcentaje del total","63.35802"
"GRC","Grecia","2005","European institutions and bodies (EU accounts)","Porcentaje del total","0.41886"
"GRC","Grecia","2005","Fondos de seguridad social","Porcentaje del total","32.90555"
"GRC","Grecia","2005","Gobierno municipal local","Porcentaje del total","2.21239"
"GRC","Grecia","2005","Gobierno nacional","Porcentaje del total","64.46320"
"GRC","Grecia","2006","European institutions and bodies (EU accounts)","Porcentaje del total","0.40358"
"GRC","Grecia","2006","Fondos de seguridad social","Porcentaje del total","33.79112"
"GRC","Grecia","2006","Gobierno municipal local","Porcentaje del total","2.21007"
"GRC","Grecia","2006","Gobierno nacional","Porcentaje del total","63.59524"
"GRC","Grecia","2007","European institutions and bodies (EU accounts)","Porcentaje del total","0.41492"
"GRC","Grecia","2007","Fondos de seguridad social","Porcentaje del total","34.30328"
"GRC","Grecia","2007","Gobierno municipal local","Porcentaje del total","2.21516"
"GRC","Grecia","2007","Gobierno nacional","Porcentaje del total","63.06663"
"GRC","Grecia","2008","European institutions and bodies (EU accounts)","Porcentaje del total","0.39891"
"GRC","Grecia","2008","Fondos de seguridad social","Porcentaje del total","34.49324"
"GRC","Grecia","2008","Gobierno municipal local","Porcentaje del total","2.27651"
"GRC","Grecia","2008","Gobierno nacional","Porcentaje del total","62.83134"
"GRC","Grecia","2009","European institutions and bodies (EU accounts)","Porcentaje del total","0.34773"
"GRC","Grecia","2009","Fondos de seguridad social","Porcentaje del total","33.62128"
"GRC","Grecia","2009","Gobierno municipal local","Porcentaje del total","2.28349"
"GRC","Grecia","2009","Gobierno nacional","Porcentaje del total","63.74750"
"GRC","Grecia","2010","European institutions and bodies (EU accounts)","Porcentaje del total","0.38667"
"GRC","Grecia","2010","Fondos de seguridad social","Porcentaje del total","33.12067"
"GRC","Grecia","2010","Gobierno municipal local","Porcentaje del total","2.34209"
"GRC","Grecia","2010","Gobierno nacional","Porcentaje del total","64.15058"
"GRC","Grecia","2011","European institutions and bodies (EU accounts)","Porcentaje del total","0.26992"
"GRC","Grecia","2011","Fondos de seguridad social","Porcentaje del total","30.77575"
"GRC","Grecia","2011","Gobierno municipal local","Porcentaje del total","2.33169"
"GRC","Grecia","2011","Gobierno nacional","Porcentaje del total","66.62264"
"GRC","Grecia","2012","European institutions and bodies (EU accounts)","Porcentaje del total","0.23720"
"GRC","Grecia","2012","Fondos de seguridad social","Porcentaje del total","29.72520"
"GRC","Grecia","2012","Gobierno municipal local","Porcentaje del total","2.39225"
"GRC","Grecia","2012","Gobierno nacional","Porcentaje del total","67.64536"
"GRC","Grecia","2013","European institutions and bodies (EU accounts)","Porcentaje del total","0.23001"
"GRC","Grecia","2013","Fondos de seguridad social","Porcentaje del total","29.18194"
"GRC","Grecia","2013","Gobierno municipal local","Porcentaje del total","2.54849"
"GRC","Grecia","2013","Gobierno nacional","Porcentaje del total","68.03956"
"GRC","Grecia","2014","European institutions and bodies (EU accounts)","Porcentaje del total","0.25222"
"GRC","Grecia","2014","Fondos de seguridad social","Porcentaje del total","28.10544"
"GRC","Grecia","2014","Gobierno municipal local","Porcentaje del total","2.40530"
"GRC","Grecia","2014","Gobierno nacional","Porcentaje del total","69.23704"
"GRC","Grecia","2015","European institutions and bodies (EU accounts)","Porcentaje del total","0.42203"
"GRC","Grecia","2015","Fondos de seguridad social","Porcentaje del total","28.15905"
"GRC","Grecia","2015","Gobierno municipal local","Porcentaje del total","2.37101"
"GRC","Grecia","2015","Gobierno nacional","Porcentaje del total","69.04791"
"GRC","Grecia","2016","European institutions and bodies (EU accounts)","Porcentaje del total","0.43407"
"GRC","Grecia","2016","Fondos de seguridad social","Porcentaje del total","27.39762"
"GRC","Grecia","2016","Gobierno municipal local","Porcentaje del total","2.41151"
"GRC","Grecia","2016","Gobierno nacional","Porcentaje del total","69.75680"
"GRC","Grecia","2017","European institutions and bodies (EU accounts)","Porcentaje del total","0.50805"
"GRC","Grecia","2017","Fondos de seguridad social","Porcentaje del total","29.62330"
"GRC","Grecia","2017","Gobierno municipal local","Porcentaje del total","2.41643"
"GRC","Grecia","2017","Gobierno nacional","Porcentaje del total","67.45222"
"GRC","Grecia","2018","European institutions and bodies (EU accounts)","Porcentaje del total","0.45139"
"GRC","Grecia","2018","Fondos de seguridad social","Porcentaje del total","29.68679"
"GRC","Grecia","2018","Gobierno municipal local","Porcentaje del total","2.35772"
"GRC","Grecia","2018","Gobierno nacional","Porcentaje del total","67.50411"
"GRC","Grecia","2019","European institutions and bodies (EU accounts)","Porcentaje del total","0.52895"
"GRC","Grecia","2019","Fondos de seguridad social","Porcentaje del total","30.83542"
"GRC","Grecia","2019","Gobierno municipal local","Porcentaje del total","2.40584"
"GRC","Grecia","2019","Gobierno nacional","Porcentaje del total","66.22978"
"GRC","Grecia","2020","European institutions and bodies (EU accounts)","Porcentaje del total","0.52457"
"GRC","Grecia","2020","Fondos de seguridad social","Porcentaje del total","32.84251"
"GRC","Grecia","2020","Gobierno municipal local","Porcentaje del total","2.50169"
"GRC","Grecia","2020","Gobierno nacional","Porcentaje del total","64.13124"
"GRC","Grecia","2021","European institutions and bodies (EU accounts)","Porcentaje del total","0.51600"
"GRC","Grecia","2021","Fondos de seguridad social","Porcentaje del total","32.37747"
"GRC","Grecia","2021","Gobierno municipal local","Porcentaje del total","2.30069"
"GRC","Grecia","2021","Gobierno nacional","Porcentaje del total","64.80585"
"GRC","Grecia","2022","European institutions and bodies (EU accounts)","Porcentaje del total","0.64548"
"GRC","Grecia","2022","Fondos de seguridad social","Porcentaje del total","29.81058"
"GRC","Grecia","2022","Gobierno municipal local","Porcentaje del total","2.30025"
"GRC","Grecia","2022","Gobierno nacional","Porcentaje del total","67.24369"
"GRC","Grecia","2023","European institutions and bodies (EU accounts)","Porcentaje del total","0.53050"
"GRC","Grecia","2023","Fondos de seguridad social","Porcentaje del total","29.03609"
"GRC","Grecia","2023","Gobierno municipal local","Porcentaje del total","2.24179"
"GRC","Grecia","2023","Gobierno nacional","Porcentaje del total","68.19162"
"GRC","Grecia","2024","European institutions and bodies (EU accounts)","Porcentaje del total","0.37836"
"GRC","Grecia","2024","Fondos de seguridad social","Porcentaje del total","29.42992"
"GRC","Grecia","2024","Gobierno municipal local","Porcentaje del total","2.14124"
"GRC","Grecia","2024","Gobierno nacional","Porcentaje del total","68.05048"
"GTM","Guatemala","1990","Fondos de seguridad social","Porcentaje del total","16.48812"
"GTM","Guatemala","1990","Gobierno nacional","Porcentaje del total","83.51188"
"GTM","Guatemala","1991","Fondos de seguridad social","Porcentaje del total","14.22867"
"GTM","Guatemala","1991","Gobierno nacional","Porcentaje del total","85.77133"
"GTM","Guatemala","1992","Fondos de seguridad social","Porcentaje del total","13.96779"
"GTM","Guatemala","1992","Gobierno nacional","Porcentaje del total","86.03221"
"GTM","Guatemala","1993","Fondos de seguridad social","Porcentaje del total","15.10523"
"GTM","Guatemala","1993","Gobierno nacional","Porcentaje del total","84.89477"
"GTM","Guatemala","1994","Fondos de seguridad social","Porcentaje del total","17.01218"
"GTM","Guatemala","1994","Gobierno nacional","Porcentaje del total","82.98782"
"GTM","Guatemala","1995","Fondos de seguridad social","Porcentaje del total","15.78712"
"GTM","Guatemala","1995","Gobierno municipal local","Porcentaje del total","0.64262"
"GTM","Guatemala","1995","Gobierno nacional","Porcentaje del total","83.57026"
"GTM","Guatemala","1996","Fondos de seguridad social","Porcentaje del total","14.71632"
"GTM","Guatemala","1996","Gobierno municipal local","Porcentaje del total","0.58195"
"GTM","Guatemala","1996","Gobierno nacional","Porcentaje del total","84.70173"
"GTM","Guatemala","1997","Fondos de seguridad social","Porcentaje del total","14.43433"
"GTM","Guatemala","1997","Gobierno municipal local","Porcentaje del total","0.69569"
"GTM","Guatemala","1997","Gobierno nacional","Porcentaje del total","84.86998"
"GTM","Guatemala","1998","Fondos de seguridad social","Porcentaje del total","15.04189"
"GTM","Guatemala","1998","Gobierno municipal local","Porcentaje del total","0.62345"
"GTM","Guatemala","1998","Gobierno nacional","Porcentaje del total","84.33467"
"GTM","Guatemala","1999","Fondos de seguridad social","Porcentaje del total","14.83915"
"GTM","Guatemala","1999","Gobierno municipal local","Porcentaje del total","0.63648"
"GTM","Guatemala","1999","Gobierno nacional","Porcentaje del total","84.52437"
"GTM","Guatemala","2000","Fondos de seguridad social","Porcentaje del total","15.53764"
"GTM","Guatemala","2000","Gobierno municipal local","Porcentaje del total","0.89035"
"GTM","Guatemala","2000","Gobierno nacional","Porcentaje del total","83.57201"
"GTM","Guatemala","2001","Fondos de seguridad social","Porcentaje del total","15.21297"
"GTM","Guatemala","2001","Gobierno municipal local","Porcentaje del total","1.03394"
"GTM","Guatemala","2001","Gobierno nacional","Porcentaje del total","83.75309"
"GTM","Guatemala","2002","Fondos de seguridad social","Porcentaje del total","13.74008"
"GTM","Guatemala","2002","Gobierno municipal local","Porcentaje del total","0.99674"
"GTM","Guatemala","2002","Gobierno nacional","Porcentaje del total","85.26318"
"GTM","Guatemala","2003","Fondos de seguridad social","Porcentaje del total","14.65851"
"GTM","Guatemala","2003","Gobierno municipal local","Porcentaje del total","1.12077"
"GTM","Guatemala","2003","Gobierno nacional","Porcentaje del total","84.22072"
"GTM","Guatemala","2004","Fondos de seguridad social","Porcentaje del total","14.62834"
"GTM","Guatemala","2004","Gobierno municipal local","Porcentaje del total","1.20189"
"GTM","Guatemala","2004","Gobierno nacional","Porcentaje del total","84.16977"
"GTM","Guatemala","2005","Fondos de seguridad social","Porcentaje del total","14.97610"
"GTM","Guatemala","2005","Gobierno municipal local","Porcentaje del total","1.25262"
"GTM","Guatemala","2005","Gobierno nacional","Porcentaje del total","83.77128"
"GTM","Guatemala","2006","Fondos de seguridad social","Porcentaje del total","14.58362"
"GTM","Guatemala","2006","Gobierno municipal local","Porcentaje del total","1.17187"
"GTM","Guatemala","2006","Gobierno nacional","Porcentaje del total","84.24451"
"GTM","Guatemala","2007","Fondos de seguridad social","Porcentaje del total","13.81205"
"GTM","Guatemala","2007","Gobierno municipal local","Porcentaje del total","1.15978"
"GTM","Guatemala","2007","Gobierno nacional","Porcentaje del total","85.02817"
"GTM","Guatemala","2008","Fondos de seguridad social","Porcentaje del total","14.08561"
"GTM","Guatemala","2008","Gobierno municipal local","Porcentaje del total","1.24634"
"GTM","Guatemala","2008","Gobierno nacional","Porcentaje del total","84.66805"
"GTM","Guatemala","2009","Fondos de seguridad social","Porcentaje del total","15.02360"
"GTM","Guatemala","2009","Gobierno municipal local","Porcentaje del total","1.49612"
"GTM","Guatemala","2009","Gobierno nacional","Porcentaje del total","83.48028"
"GTM","Guatemala","2010","Fondos de seguridad social","Porcentaje del total","15.19605"
"GTM","Guatemala","2010","Gobierno municipal local","Porcentaje del total","1.49306"
"GTM","Guatemala","2010","Gobierno nacional","Porcentaje del total","83.31089"
"GTM","Guatemala","2011","Fondos de seguridad social","Porcentaje del total","14.80666"
"GTM","Guatemala","2011","Gobierno municipal local","Porcentaje del total","1.33889"
"GTM","Guatemala","2011","Gobierno nacional","Porcentaje del total","83.85445"
"GTM","Guatemala","2012","Fondos de seguridad social","Porcentaje del total","15.22839"
"GTM","Guatemala","2012","Gobierno municipal local","Porcentaje del total","1.41558"
"GTM","Guatemala","2012","Gobierno nacional","Porcentaje del total","83.35603"
"GTM","Guatemala","2013","Fondos de seguridad social","Porcentaje del total","15.35116"
"GTM","Guatemala","2013","Gobierno municipal local","Porcentaje del total","1.12430"
"GTM","Guatemala","2013","Gobierno nacional","Porcentaje del total","83.52454"
"GTM","Guatemala","2014","Fondos de seguridad social","Porcentaje del total","15.65515"
"GTM","Guatemala","2014","Gobierno municipal local","Porcentaje del total","1.11576"
"GTM","Guatemala","2014","Gobierno nacional","Porcentaje del total","83.22909"
"GTM","Guatemala","2015","Fondos de seguridad social","Porcentaje del total","16.07804"
"GTM","Guatemala","2015","Gobierno municipal local","Porcentaje del total","1.13817"
"GTM","Guatemala","2015","Gobierno nacional","Porcentaje del total","82.78380"
"GTM","Guatemala","2016","Fondos de seguridad social","Porcentaje del total","16.42422"
"GTM","Guatemala","2016","Gobierno municipal local","Porcentaje del total","1.46567"
"GTM","Guatemala","2016","Gobierno nacional","Porcentaje del total","82.11012"
"GTM","Guatemala","2017","Fondos de seguridad social","Porcentaje del total","16.45298"
"GTM","Guatemala","2017","Gobierno municipal local","Porcentaje del total","1.50734"
"GTM","Guatemala","2017","Gobierno nacional","Porcentaje del total","82.03968"
"GTM","Guatemala","2018","Fondos de seguridad social","Porcentaje del total","16.63093"
"GTM","Guatemala","2018","Gobierno municipal local","Porcentaje del total","1.54328"
"GTM","Guatemala","2018","Gobierno nacional","Porcentaje del total","81.82580"
"GTM","Guatemala","2019","Fondos de seguridad social","Porcentaje del total","16.68603"
"GTM","Guatemala","2019","Gobierno municipal local","Porcentaje del total","1.56391"
"GTM","Guatemala","2019","Gobierno nacional","Porcentaje del total","81.75006"
"GTM","Guatemala","2020","Fondos de seguridad social","Porcentaje del total","16.97383"
"GTM","Guatemala","2020","Gobierno municipal local","Porcentaje del total","1.66228"
"GTM","Guatemala","2020","Gobierno nacional","Porcentaje del total","81.36389"
"GTM","Guatemala","2021","Fondos de seguridad social","Porcentaje del total","15.10944"
"GTM","Guatemala","2021","Gobierno municipal local","Porcentaje del total","1.54204"
"GTM","Guatemala","2021","Gobierno nacional","Porcentaje del total","83.34852"
"GTM","Guatemala","2022","Fondos de seguridad social","Porcentaje del total","14.56922"
"GTM","Guatemala","2022","Gobierno municipal local","Porcentaje del total","1.50193"
"GTM","Guatemala","2022","Gobierno nacional","Porcentaje del total","83.92885"
"GTM","Guatemala","2023","Fondos de seguridad social","Porcentaje del total","15.16971"
"GTM","Guatemala","2023","Gobierno municipal local","Porcentaje del total","1.40359"
"GTM","Guatemala","2023","Gobierno nacional","Porcentaje del total","83.42670"
"GTM","Guatemala","2024","Fondos de seguridad social","Porcentaje del total","15.27179"
"GTM","Guatemala","2024","Gobierno municipal local","Porcentaje del total","1.38822"
"GTM","Guatemala","2024","Gobierno nacional","Porcentaje del total","83.33999"
"GIN","Guinea","2000","Fondos de seguridad social","Porcentaje del total","0.00000"
"GIN","Guinea","2000","Gobierno municipal local","Porcentaje del total","0.00000"
"GIN","Guinea","2000","Gobierno nacional","Porcentaje del total","100.00000"
"GIN","Guinea","2000","Gobierno provincial o regional","Porcentaje del total","0.00000"
"GIN","Guinea","2001","Fondos de seguridad social","Porcentaje del total","0.00000"
"GIN","Guinea","2001","Gobierno municipal local","Porcentaje del total","0.00000"
"GIN","Guinea","2001","Gobierno nacional","Porcentaje del total","100.00000"
"GIN","Guinea","2001","Gobierno provincial o regional","Porcentaje del total","0.00000"
"GIN","Guinea","2002","Fondos de seguridad social","Porcentaje del total","0.00000"
"GIN","Guinea","2002","Gobierno municipal local","Porcentaje del total","0.00000"
"GIN","Guinea","2002","Gobierno nacional","Porcentaje del total","100.00000"
"GIN","Guinea","2002","Gobierno provincial o regional","Porcentaje del total","0.00000"
"GIN","Guinea","2003","Fondos de seguridad social","Porcentaje del total","0.00000"
"GIN","Guinea","2003","Gobierno municipal local","Porcentaje del total","0.00000"
"GIN","Guinea","2003","Gobierno nacional","Porcentaje del total","100.00000"
"GIN","Guinea","2003","Gobierno provincial o regional","Porcentaje del total","0.00000"
"GIN","Guinea","2004","Fondos de seguridad social","Porcentaje del total","0.00000"
"GIN","Guinea","2004","Gobierno municipal local","Porcentaje del total","0.00000"
"GIN","Guinea","2004","Gobierno nacional","Porcentaje del total","100.00000"
"GIN","Guinea","2004","Gobierno provincial o regional","Porcentaje del total","0.00000"
"GIN","Guinea","2005","Fondos de seguridad social","Porcentaje del total","0.00000"
"GIN","Guinea","2005","Gobierno municipal local","Porcentaje del total","0.00000"
"GIN","Guinea","2005","Gobierno nacional","Porcentaje del total","100.00000"
"GIN","Guinea","2005","Gobierno provincial o regional","Porcentaje del total","0.00000"
"GIN","Guinea","2006","Fondos de seguridad social","Porcentaje del total","0.00000"
"GIN","Guinea","2006","Gobierno municipal local","Porcentaje del total","0.00000"
"GIN","Guinea","2006","Gobierno nacional","Porcentaje del total","100.00000"
"GIN","Guinea","2006","Gobierno provincial o regional","Porcentaje del total","0.00000"
"GIN","Guinea","2007","Fondos de seguridad social","Porcentaje del total","0.00000"
"GIN","Guinea","2007","Gobierno municipal local","Porcentaje del total","0.00000"
"GIN","Guinea","2007","Gobierno nacional","Porcentaje del total","100.00000"
"GIN","Guinea","2007","Gobierno provincial o regional","Porcentaje del total","0.00000"
"GIN","Guinea","2008","Fondos de seguridad social","Porcentaje del total","0.00000"
"GIN","Guinea","2008","Gobierno municipal local","Porcentaje del total","0.00000"
"GIN","Guinea","2008","Gobierno nacional","Porcentaje del total","100.00000"
"GIN","Guinea","2008","Gobierno provincial o regional","Porcentaje del total","0.00000"
"GIN","Guinea","2009","Fondos de seguridad social","Porcentaje del total","0.00000"
"GIN","Guinea","2009","Gobierno municipal local","Porcentaje del total","0.00000"
"GIN","Guinea","2009","Gobierno nacional","Porcentaje del total","100.00000"
"GIN","Guinea","2009","Gobierno provincial o regional","Porcentaje del total","0.00000"
"GIN","Guinea","2010","Fondos de seguridad social","Porcentaje del total","0.00000"
"GIN","Guinea","2010","Gobierno municipal local","Porcentaje del total","0.00000"
"GIN","Guinea","2010","Gobierno nacional","Porcentaje del total","100.00000"
"GIN","Guinea","2010","Gobierno provincial o regional","Porcentaje del total","0.00000"
"GIN","Guinea","2011","Fondos de seguridad social","Porcentaje del total","0.00000"
"GIN","Guinea","2011","Gobierno municipal local","Porcentaje del total","0.00000"
"GIN","Guinea","2011","Gobierno nacional","Porcentaje del total","100.00000"
"GIN","Guinea","2011","Gobierno provincial o regional","Porcentaje del total","0.00000"
"GIN","Guinea","2012","Fondos de seguridad social","Porcentaje del total","0.00000"
"GIN","Guinea","2012","Gobierno municipal local","Porcentaje del total","0.00000"
"GIN","Guinea","2012","Gobierno nacional","Porcentaje del total","100.00000"
"GIN","Guinea","2012","Gobierno provincial o regional","Porcentaje del total","0.00000"
"GIN","Guinea","2013","Fondos de seguridad social","Porcentaje del total","0.00000"
"GIN","Guinea","2013","Gobierno municipal local","Porcentaje del total","0.00000"
"GIN","Guinea","2013","Gobierno nacional","Porcentaje del total","100.00000"
"GIN","Guinea","2013","Gobierno provincial o regional","Porcentaje del total","0.00000"
"GIN","Guinea","2014","Fondos de seguridad social","Porcentaje del total","0.00000"
"GIN","Guinea","2014","Gobierno municipal local","Porcentaje del total","0.00000"
"GIN","Guinea","2014","Gobierno nacional","Porcentaje del total","100.00000"
"GIN","Guinea","2014","Gobierno provincial o regional","Porcentaje del total","0.00000"
"GIN","Guinea","2015","Fondos de seguridad social","Porcentaje del total","0.00000"
"GIN","Guinea","2015","Gobierno municipal local","Porcentaje del total","0.00000"
"GIN","Guinea","2015","Gobierno nacional","Porcentaje del total","100.00000"
"GIN","Guinea","2015","Gobierno provincial o regional","Porcentaje del total","0.00000"
"GIN","Guinea","2016","Fondos de seguridad social","Porcentaje del total","0.00000"
"GIN","Guinea","2016","Gobierno municipal local","Porcentaje del total","0.00000"
"GIN","Guinea","2016","Gobierno nacional","Porcentaje del total","100.00000"
"GIN","Guinea","2016","Gobierno provincial o regional","Porcentaje del total","0.00000"
"GIN","Guinea","2017","Fondos de seguridad social","Porcentaje del total","0.00000"
"GIN","Guinea","2017","Gobierno municipal local","Porcentaje del total","0.00000"
"GIN","Guinea","2017","Gobierno nacional","Porcentaje del total","100.00000"
"GIN","Guinea","2017","Gobierno provincial o regional","Porcentaje del total","0.00000"
"GIN","Guinea","2018","Fondos de seguridad social","Porcentaje del total","0.00000"
"GIN","Guinea","2018","Gobierno municipal local","Porcentaje del total","0.00000"
"GIN","Guinea","2018","Gobierno nacional","Porcentaje del total","100.00000"
"GIN","Guinea","2018","Gobierno provincial o regional","Porcentaje del total","0.00000"
"GIN","Guinea","2019","Fondos de seguridad social","Porcentaje del total","0.00000"
"GIN","Guinea","2019","Gobierno municipal local","Porcentaje del total","0.00000"
"GIN","Guinea","2019","Gobierno nacional","Porcentaje del total","100.00000"
"GIN","Guinea","2019","Gobierno provincial o regional","Porcentaje del total","0.00000"
"GIN","Guinea","2020","Fondos de seguridad social","Porcentaje del total","0.00000"
"GIN","Guinea","2020","Gobierno municipal local","Porcentaje del total","0.00000"
"GIN","Guinea","2020","Gobierno nacional","Porcentaje del total","100.00000"
"GIN","Guinea","2020","Gobierno provincial o regional","Porcentaje del total","0.00000"
"GIN","Guinea","2021","Fondos de seguridad social","Porcentaje del total","0.00000"
"GIN","Guinea","2021","Gobierno municipal local","Porcentaje del total","0.00000"
"GIN","Guinea","2021","Gobierno nacional","Porcentaje del total","100.00000"
"GIN","Guinea","2021","Gobierno provincial o regional","Porcentaje del total","0.00000"
"GIN","Guinea","2022","Gobierno nacional","Porcentaje del total","100.00000"
"GIN","Guinea","2023","Gobierno nacional","Porcentaje del total","100.00000"
"GIN","Guinea","2024","Gobierno nacional","Porcentaje del total","100.00000"
"GNQ","Guinea Ecuatorial","2005","Gobierno nacional","Porcentaje del total","100.00000"
"GNQ","Guinea Ecuatorial","2006","Gobierno nacional","Porcentaje del total","100.00000"
"GNQ","Guinea Ecuatorial","2007","Gobierno nacional","Porcentaje del total","100.00000"
"GNQ","Guinea Ecuatorial","2008","Gobierno nacional","Porcentaje del total","100.00000"
"GNQ","Guinea Ecuatorial","2009","Gobierno nacional","Porcentaje del total","100.00000"
"GNQ","Guinea Ecuatorial","2010","Gobierno nacional","Porcentaje del total","100.00000"
"GNQ","Guinea Ecuatorial","2011","Gobierno nacional","Porcentaje del total","100.00000"
"GNQ","Guinea Ecuatorial","2012","Gobierno nacional","Porcentaje del total","100.00000"
"GNQ","Guinea Ecuatorial","2013","Fondos de seguridad social","Porcentaje del total","6.22123"
"GNQ","Guinea Ecuatorial","2013","Gobierno nacional","Porcentaje del total","93.77877"
"GNQ","Guinea Ecuatorial","2014","Fondos de seguridad social","Porcentaje del total","5.72599"
"GNQ","Guinea Ecuatorial","2014","Gobierno nacional","Porcentaje del total","94.27401"
"GNQ","Guinea Ecuatorial","2015","Fondos de seguridad social","Porcentaje del total","6.28999"
"GNQ","Guinea Ecuatorial","2015","Gobierno nacional","Porcentaje del total","93.71001"
"GNQ","Guinea Ecuatorial","2016","Fondos de seguridad social","Porcentaje del total","10.53877"
"GNQ","Guinea Ecuatorial","2016","Gobierno nacional","Porcentaje del total","89.46123"
"GNQ","Guinea Ecuatorial","2017","Fondos de seguridad social","Porcentaje del total","10.82772"
"GNQ","Guinea Ecuatorial","2017","Gobierno nacional","Porcentaje del total","89.17228"
"GNQ","Guinea Ecuatorial","2018","Fondos de seguridad social","Porcentaje del total","9.94055"
"GNQ","Guinea Ecuatorial","2018","Gobierno nacional","Porcentaje del total","90.05945"
"GNQ","Guinea Ecuatorial","2019","Fondos de seguridad social","Porcentaje del total","7.50381"
"GNQ","Guinea Ecuatorial","2019","Gobierno nacional","Porcentaje del total","92.49619"
"GNQ","Guinea Ecuatorial","2020","Fondos de seguridad social","Porcentaje del total","10.18069"
"GNQ","Guinea Ecuatorial","2020","Gobierno nacional","Porcentaje del total","89.81931"
"GNQ","Guinea Ecuatorial","2021","Fondos de seguridad social","Porcentaje del total","11.10491"
"GNQ","Guinea Ecuatorial","2021","Gobierno nacional","Porcentaje del total","88.89509"
"GNQ","Guinea Ecuatorial","2022","Fondos de seguridad social","Porcentaje del total","8.10731"
"GNQ","Guinea Ecuatorial","2022","Gobierno nacional","Porcentaje del total","91.89269"
"GNQ","Guinea Ecuatorial","2023","Fondos de seguridad social","Porcentaje del total","5.02225"
"GNQ","Guinea Ecuatorial","2023","Gobierno nacional","Porcentaje del total","94.97775"
"GNQ","Guinea Ecuatorial","2024","Fondos de seguridad social","Porcentaje del total","7.97363"
"GNQ","Guinea Ecuatorial","2024","Gobierno nacional","Porcentaje del total","92.02637"
"GUY","Guyana","1990","Fondos de seguridad social","Porcentaje del total","3.64975"
"GUY","Guyana","1990","Gobierno nacional","Porcentaje del total","96.35025"
"GUY","Guyana","1991","Fondos de seguridad social","Porcentaje del total","3.06362"
"GUY","Guyana","1991","Gobierno nacional","Porcentaje del total","96.93638"
"GUY","Guyana","1992","Fondos de seguridad social","Porcentaje del total","4.31978"
"GUY","Guyana","1992","Gobierno nacional","Porcentaje del total","95.68022"
"GUY","Guyana","1993","Fondos de seguridad social","Porcentaje del total","5.07220"
"GUY","Guyana","1993","Gobierno nacional","Porcentaje del total","94.92780"
"GUY","Guyana","1994","Fondos de seguridad social","Porcentaje del total","6.62818"
"GUY","Guyana","1994","Gobierno nacional","Porcentaje del total","93.37182"
"GUY","Guyana","1995","Fondos de seguridad social","Porcentaje del total","7.43449"
"GUY","Guyana","1995","Gobierno nacional","Porcentaje del total","92.56551"
"GUY","Guyana","1996","Fondos de seguridad social","Porcentaje del total","7.76025"
"GUY","Guyana","1996","Gobierno nacional","Porcentaje del total","92.23975"
"GUY","Guyana","1997","Fondos de seguridad social","Porcentaje del total","9.38255"
"GUY","Guyana","1997","Gobierno nacional","Porcentaje del total","90.61745"
"GUY","Guyana","1998","Fondos de seguridad social","Porcentaje del total","11.08922"
"GUY","Guyana","1998","Gobierno nacional","Porcentaje del total","88.91078"
"GUY","Guyana","1999","Fondos de seguridad social","Porcentaje del total","10.91131"
"GUY","Guyana","1999","Gobierno nacional","Porcentaje del total","89.08869"
"GUY","Guyana","2000","Fondos de seguridad social","Porcentaje del total","11.38796"
"GUY","Guyana","2000","Gobierno nacional","Porcentaje del total","88.61204"
"GUY","Guyana","2001","Fondos de seguridad social","Porcentaje del total","11.95841"
"GUY","Guyana","2001","Gobierno nacional","Porcentaje del total","88.04159"
"GUY","Guyana","2002","Fondos de seguridad social","Porcentaje del total","11.94889"
"GUY","Guyana","2002","Gobierno municipal local","Porcentaje del total","0.25776"
"GUY","Guyana","2002","Gobierno nacional","Porcentaje del total","87.79335"
"GUY","Guyana","2003","Fondos de seguridad social","Porcentaje del total","12.16885"
"GUY","Guyana","2003","Gobierno municipal local","Porcentaje del total","0.39029"
"GUY","Guyana","2003","Gobierno nacional","Porcentaje del total","87.44086"
"GUY","Guyana","2004","Fondos de seguridad social","Porcentaje del total","11.75563"
"GUY","Guyana","2004","Gobierno municipal local","Porcentaje del total","0.72040"
"GUY","Guyana","2004","Gobierno nacional","Porcentaje del total","87.52397"
"GUY","Guyana","2005","Fondos de seguridad social","Porcentaje del total","11.05763"
"GUY","Guyana","2005","Gobierno municipal local","Porcentaje del total","1.10778"
"GUY","Guyana","2005","Gobierno nacional","Porcentaje del total","87.83460"
"GUY","Guyana","2006","Fondos de seguridad social","Porcentaje del total","11.26221"
"GUY","Guyana","2006","Gobierno municipal local","Porcentaje del total","0.52388"
"GUY","Guyana","2006","Gobierno nacional","Porcentaje del total","88.21391"
"GUY","Guyana","2007","Fondos de seguridad social","Porcentaje del total","9.37395"
"GUY","Guyana","2007","Gobierno municipal local","Porcentaje del total","0.74194"
"GUY","Guyana","2007","Gobierno nacional","Porcentaje del total","89.88411"
"GUY","Guyana","2008","Fondos de seguridad social","Porcentaje del total","9.90812"
"GUY","Guyana","2008","Gobierno municipal local","Porcentaje del total","0.46566"
"GUY","Guyana","2008","Gobierno nacional","Porcentaje del total","89.62623"
"GUY","Guyana","2009","Fondos de seguridad social","Porcentaje del total","9.00320"
"GUY","Guyana","2009","Gobierno municipal local","Porcentaje del total","0.33379"
"GUY","Guyana","2009","Gobierno nacional","Porcentaje del total","90.66301"
"GUY","Guyana","2010","Fondos de seguridad social","Porcentaje del total","8.97810"
"GUY","Guyana","2010","Gobierno municipal local","Porcentaje del total","0.10080"
"GUY","Guyana","2010","Gobierno nacional","Porcentaje del total","90.92110"
"GUY","Guyana","2011","Fondos de seguridad social","Porcentaje del total","8.77747"
"GUY","Guyana","2011","Gobierno municipal local","Porcentaje del total","0.13977"
"GUY","Guyana","2011","Gobierno nacional","Porcentaje del total","91.08276"
"GUY","Guyana","2012","Fondos de seguridad social","Porcentaje del total","9.00374"
"GUY","Guyana","2012","Gobierno municipal local","Porcentaje del total","0.09808"
"GUY","Guyana","2012","Gobierno nacional","Porcentaje del total","90.89818"
"GUY","Guyana","2013","Fondos de seguridad social","Porcentaje del total","9.37967"
"GUY","Guyana","2013","Gobierno municipal local","Porcentaje del total","0.08104"
"GUY","Guyana","2013","Gobierno nacional","Porcentaje del total","90.53930"
"GUY","Guyana","2014","Fondos de seguridad social","Porcentaje del total","9.89861"
"GUY","Guyana","2014","Gobierno municipal local","Porcentaje del total","0.03779"
"GUY","Guyana","2014","Gobierno nacional","Porcentaje del total","90.06360"
"GUY","Guyana","2015","Fondos de seguridad social","Porcentaje del total","10.40962"
"GUY","Guyana","2015","Gobierno municipal local","Porcentaje del total","0.02558"
"GUY","Guyana","2015","Gobierno nacional","Porcentaje del total","89.56480"
"GUY","Guyana","2016","Fondos de seguridad social","Porcentaje del total","10.69342"
"GUY","Guyana","2016","Gobierno municipal local","Porcentaje del total","0.09624"
"GUY","Guyana","2016","Gobierno nacional","Porcentaje del total","89.21034"
"GUY","Guyana","2017","Fondos de seguridad social","Porcentaje del total","10.39667"
"GUY","Guyana","2017","Gobierno municipal local","Porcentaje del total","0.10349"
"GUY","Guyana","2017","Gobierno nacional","Porcentaje del total","89.49984"
"GUY","Guyana","2018","Fondos de seguridad social","Porcentaje del total","9.60793"
"GUY","Guyana","2018","Gobierno municipal local","Porcentaje del total","0.08089"
"GUY","Guyana","2018","Gobierno nacional","Porcentaje del total","90.31118"
"GUY","Guyana","2019","Fondos de seguridad social","Porcentaje del total","9.48196"
"GUY","Guyana","2019","Gobierno municipal local","Porcentaje del total","0.02713"
"GUY","Guyana","2019","Gobierno nacional","Porcentaje del total","90.49090"
"GUY","Guyana","2020","Fondos de seguridad social","Porcentaje del total","10.14577"
"GUY","Guyana","2020","Gobierno municipal local","Porcentaje del total","0.03088"
"GUY","Guyana","2020","Gobierno nacional","Porcentaje del total","89.82334"
"GUY","Guyana","2021","Fondos de seguridad social","Porcentaje del total","9.46354"
"GUY","Guyana","2021","Gobierno municipal local","Porcentaje del total","0.01508"
"GUY","Guyana","2021","Gobierno nacional","Porcentaje del total","90.52138"
"GUY","Guyana","2022","Fondos de seguridad social","Porcentaje del total","9.66572"
"GUY","Guyana","2022","Gobierno municipal local","Porcentaje del total","0.04911"
"GUY","Guyana","2022","Gobierno nacional","Porcentaje del total","90.28517"
"GUY","Guyana","2023","Fondos de seguridad social","Porcentaje del total","8.82177"
"GUY","Guyana","2023","Gobierno municipal local","Porcentaje del total","0.01291"
"GUY","Guyana","2023","Gobierno nacional","Porcentaje del total","91.16532"
"GUY","Guyana","2024","Fondos de seguridad social","Porcentaje del total","8.27573"
"GUY","Guyana","2024","Gobierno municipal local","Porcentaje del total","0.01345"
"GUY","Guyana","2024","Gobierno nacional","Porcentaje del total","91.71081"
"HND","Honduras","1990","Fondos de seguridad social","Porcentaje del total","8.47306"
"HND","Honduras","1990","Gobierno municipal local","Porcentaje del total","4.23653"
"HND","Honduras","1990","Gobierno nacional","Porcentaje del total","87.29041"
"HND","Honduras","1991","Fondos de seguridad social","Porcentaje del total","8.19928"
"HND","Honduras","1991","Gobierno municipal local","Porcentaje del total","3.41637"
"HND","Honduras","1991","Gobierno nacional","Porcentaje del total","88.38435"
"HND","Honduras","1992","Fondos de seguridad social","Porcentaje del total","8.49951"
"HND","Honduras","1992","Gobierno municipal local","Porcentaje del total","3.92285"
"HND","Honduras","1992","Gobierno nacional","Porcentaje del total","87.57764"
"HND","Honduras","1993","Fondos de seguridad social","Porcentaje del total","8.99699"
"HND","Honduras","1993","Gobierno municipal local","Porcentaje del total","3.99866"
"HND","Honduras","1993","Gobierno nacional","Porcentaje del total","87.00434"
"HND","Honduras","1994","Fondos de seguridad social","Porcentaje del total","9.31963"
"HND","Honduras","1994","Gobierno municipal local","Porcentaje del total","4.83240"
"HND","Honduras","1994","Gobierno nacional","Porcentaje del total","85.84797"
"HND","Honduras","1995","Fondos de seguridad social","Porcentaje del total","9.47549"
"HND","Honduras","1995","Gobierno municipal local","Porcentaje del total","4.42189"
"HND","Honduras","1995","Gobierno nacional","Porcentaje del total","86.10262"
"HND","Honduras","1996","Fondos de seguridad social","Porcentaje del total","10.89328"
"HND","Honduras","1996","Gobierno municipal local","Porcentaje del total","5.44664"
"HND","Honduras","1996","Gobierno nacional","Porcentaje del total","83.66009"
"HND","Honduras","1997","Fondos de seguridad social","Porcentaje del total","11.24587"
"HND","Honduras","1997","Gobierno municipal local","Porcentaje del total","5.62294"
"HND","Honduras","1997","Gobierno nacional","Porcentaje del total","83.13119"
"HND","Honduras","1998","Fondos de seguridad social","Porcentaje del total","8.21636"
"HND","Honduras","1998","Gobierno municipal local","Porcentaje del total","4.61407"
"HND","Honduras","1998","Gobierno nacional","Porcentaje del total","87.16957"
"HND","Honduras","1999","Fondos de seguridad social","Porcentaje del total","8.16573"
"HND","Honduras","1999","Gobierno municipal local","Porcentaje del total","4.96862"
"HND","Honduras","1999","Gobierno nacional","Porcentaje del total","86.86564"
"HND","Honduras","2000","Fondos de seguridad social","Porcentaje del total","9.43627"
"HND","Honduras","2000","Gobierno municipal local","Porcentaje del total","5.24570"
"HND","Honduras","2000","Gobierno nacional","Porcentaje del total","85.31803"
"HND","Honduras","2001","Fondos de seguridad social","Porcentaje del total","10.34374"
"HND","Honduras","2001","Gobierno municipal local","Porcentaje del total","5.16481"
"HND","Honduras","2001","Gobierno nacional","Porcentaje del total","84.49145"
"HND","Honduras","2002","Fondos de seguridad social","Porcentaje del total","13.08402"
"HND","Honduras","2002","Gobierno municipal local","Porcentaje del total","5.59240"
"HND","Honduras","2002","Gobierno nacional","Porcentaje del total","81.32358"
"HND","Honduras","2003","Fondos de seguridad social","Porcentaje del total","14.15071"
"HND","Honduras","2003","Gobierno municipal local","Porcentaje del total","6.07528"
"HND","Honduras","2003","Gobierno nacional","Porcentaje del total","79.77400"
"HND","Honduras","2004","Fondos de seguridad social","Porcentaje del total","13.77527"
"HND","Honduras","2004","Gobierno municipal local","Porcentaje del total","5.80585"
"HND","Honduras","2004","Gobierno nacional","Porcentaje del total","80.41887"
"HND","Honduras","2005","Fondos de seguridad social","Porcentaje del total","13.39114"
"HND","Honduras","2005","Gobierno municipal local","Porcentaje del total","5.61154"
"HND","Honduras","2005","Gobierno nacional","Porcentaje del total","80.99732"
"HND","Honduras","2006","Fondos de seguridad social","Porcentaje del total","13.19948"
"HND","Honduras","2006","Gobierno municipal local","Porcentaje del total","3.34946"
"HND","Honduras","2006","Gobierno nacional","Porcentaje del total","83.45106"
"HND","Honduras","2007","Fondos de seguridad social","Porcentaje del total","13.07706"
"HND","Honduras","2007","Gobierno municipal local","Porcentaje del total","3.15548"
"HND","Honduras","2007","Gobierno nacional","Porcentaje del total","83.76746"
"HND","Honduras","2008","Fondos de seguridad social","Porcentaje del total","14.24068"
"HND","Honduras","2008","Gobierno municipal local","Porcentaje del total","3.27077"
"HND","Honduras","2008","Gobierno nacional","Porcentaje del total","82.48855"
"HND","Honduras","2009","Fondos de seguridad social","Porcentaje del total","16.56168"
"HND","Honduras","2009","Gobierno municipal local","Porcentaje del total","3.84246"
"HND","Honduras","2009","Gobierno nacional","Porcentaje del total","79.59586"
"HND","Honduras","2010","Fondos de seguridad social","Porcentaje del total","15.89746"
"HND","Honduras","2010","Gobierno municipal local","Porcentaje del total","4.06329"
"HND","Honduras","2010","Gobierno nacional","Porcentaje del total","80.03925"
"HND","Honduras","2011","Fondos de seguridad social","Porcentaje del total","11.72626"
"HND","Honduras","2011","Gobierno municipal local","Porcentaje del total","3.81869"
"HND","Honduras","2011","Gobierno nacional","Porcentaje del total","84.45505"
"HND","Honduras","2012","Fondos de seguridad social","Porcentaje del total","16.40208"
"HND","Honduras","2012","Gobierno municipal local","Porcentaje del total","3.33065"
"HND","Honduras","2012","Gobierno nacional","Porcentaje del total","80.26727"
"HND","Honduras","2013","Fondos de seguridad social","Porcentaje del total","17.59807"
"HND","Honduras","2013","Gobierno municipal local","Porcentaje del total","3.36593"
"HND","Honduras","2013","Gobierno nacional","Porcentaje del total","79.03600"
"HND","Honduras","2014","Fondos de seguridad social","Porcentaje del total","15.09322"
"HND","Honduras","2014","Gobierno municipal local","Porcentaje del total","3.19172"
"HND","Honduras","2014","Gobierno nacional","Porcentaje del total","81.71506"
"HND","Honduras","2015","Fondos de seguridad social","Porcentaje del total","14.28127"
"HND","Honduras","2015","Gobierno municipal local","Porcentaje del total","2.63457"
"HND","Honduras","2015","Gobierno nacional","Porcentaje del total","83.08416"
"HND","Honduras","2016","Fondos de seguridad social","Porcentaje del total","14.10667"
"HND","Honduras","2016","Gobierno municipal local","Porcentaje del total","4.64338"
"HND","Honduras","2016","Gobierno nacional","Porcentaje del total","81.24996"
"HND","Honduras","2017","Fondos de seguridad social","Porcentaje del total","15.22241"
"HND","Honduras","2017","Gobierno municipal local","Porcentaje del total","1.80917"
"HND","Honduras","2017","Gobierno nacional","Porcentaje del total","82.96842"
"HND","Honduras","2018","Fondos de seguridad social","Porcentaje del total","15.31185"
"HND","Honduras","2018","Gobierno municipal local","Porcentaje del total","1.89366"
"HND","Honduras","2018","Gobierno nacional","Porcentaje del total","82.79449"
"HND","Honduras","2019","Fondos de seguridad social","Porcentaje del total","15.96106"
"HND","Honduras","2019","Gobierno municipal local","Porcentaje del total","3.94096"
"HND","Honduras","2019","Gobierno nacional","Porcentaje del total","80.09797"
"HND","Honduras","2020","Fondos de seguridad social","Porcentaje del total","20.57639"
"HND","Honduras","2020","Gobierno municipal local","Porcentaje del total","3.82901"
"HND","Honduras","2020","Gobierno nacional","Porcentaje del total","75.59460"
"HND","Honduras","2021","Fondos de seguridad social","Porcentaje del total","16.53983"
"HND","Honduras","2021","Gobierno municipal local","Porcentaje del total","3.33355"
"HND","Honduras","2021","Gobierno nacional","Porcentaje del total","80.12663"
"HND","Honduras","2022","Fondos de seguridad social","Porcentaje del total","15.22001"
"HND","Honduras","2022","Gobierno municipal local","Porcentaje del total","3.56225"
"HND","Honduras","2022","Gobierno nacional","Porcentaje del total","81.21774"
"HND","Honduras","2023","Fondos de seguridad social","Porcentaje del total","14.60380"
"HND","Honduras","2023","Gobierno municipal local","Porcentaje del total","3.24717"
"HND","Honduras","2023","Gobierno nacional","Porcentaje del total","82.14903"
"HND","Honduras","2024","Fondos de seguridad social","Porcentaje del total","15.08300"
"HND","Honduras","2024","Gobierno municipal local","Porcentaje del total","3.43363"
"HND","Honduras","2024","Gobierno nacional","Porcentaje del total","81.48338"
"HKG","Hong Kong","2010","Gobierno nacional","Porcentaje del total","100.00000"
"HKG","Hong Kong","2011","Gobierno nacional","Porcentaje del total","100.00000"
"HKG","Hong Kong","2012","Gobierno nacional","Porcentaje del total","100.00000"
"HKG","Hong Kong","2013","Gobierno nacional","Porcentaje del total","100.00000"
"HKG","Hong Kong","2014","Gobierno nacional","Porcentaje del total","100.00000"
"HKG","Hong Kong","2015","Gobierno nacional","Porcentaje del total","100.00000"
"HKG","Hong Kong","2016","Gobierno nacional","Porcentaje del total","100.00000"
"HKG","Hong Kong","2017","Gobierno nacional","Porcentaje del total","100.00000"
"HKG","Hong Kong","2018","Gobierno nacional","Porcentaje del total","100.00000"
"HKG","Hong Kong","2019","Gobierno nacional","Porcentaje del total","100.00000"
"HKG","Hong Kong","2020","Gobierno nacional","Porcentaje del total","100.00000"
"HKG","Hong Kong","2021","Gobierno nacional","Porcentaje del total","100.00000"
"HKG","Hong Kong","2022","Gobierno nacional","Porcentaje del total","100.00000"
"HKG","Hong Kong","2023","Gobierno nacional","Porcentaje del total","100.00000"
"HUN","Hungría","1991","Fondos de seguridad social","Porcentaje del total","36.27839"
"HUN","Hungría","1991","Gobierno municipal local","Porcentaje del total","1.59229"
"HUN","Hungría","1991","Gobierno nacional","Porcentaje del total","62.12932"
"HUN","Hungría","1992","Fondos de seguridad social","Porcentaje del total","36.95552"
"HUN","Hungría","1992","Gobierno municipal local","Porcentaje del total","2.08078"
"HUN","Hungría","1992","Gobierno nacional","Porcentaje del total","60.96370"
"HUN","Hungría","1993","Fondos de seguridad social","Porcentaje del total","35.64320"
"HUN","Hungría","1993","Gobierno municipal local","Porcentaje del total","2.38336"
"HUN","Hungría","1993","Gobierno nacional","Porcentaje del total","61.97343"
"HUN","Hungría","1994","Fondos de seguridad social","Porcentaje del total","35.95266"
"HUN","Hungría","1994","Gobierno municipal local","Porcentaje del total","2.28308"
"HUN","Hungría","1994","Gobierno nacional","Porcentaje del total","61.76426"
"HUN","Hungría","1995","Fondos de seguridad social","Porcentaje del total","33.62278"
"HUN","Hungría","1995","Gobierno municipal local","Porcentaje del total","2.54569"
"HUN","Hungría","1995","Gobierno nacional","Porcentaje del total","63.83153"
"HUN","Hungría","1996","Fondos de seguridad social","Porcentaje del total","32.06986"
"HUN","Hungría","1996","Gobierno municipal local","Porcentaje del total","3.69498"
"HUN","Hungría","1996","Gobierno nacional","Porcentaje del total","64.23516"
"HUN","Hungría","1997","Fondos de seguridad social","Porcentaje del total","32.96382"
"HUN","Hungría","1997","Gobierno municipal local","Porcentaje del total","4.10501"
"HUN","Hungría","1997","Gobierno nacional","Porcentaje del total","62.93117"
"HUN","Hungría","1998","Fondos de seguridad social","Porcentaje del total","33.00370"
"HUN","Hungría","1998","Gobierno municipal local","Porcentaje del total","4.49034"
"HUN","Hungría","1998","Gobierno nacional","Porcentaje del total","62.50597"
"HUN","Hungría","1999","Fondos de seguridad social","Porcentaje del total","31.08968"
"HUN","Hungría","1999","Gobierno municipal local","Porcentaje del total","5.30593"
"HUN","Hungría","1999","Gobierno nacional","Porcentaje del total","63.60438"
"HUN","Hungría","2000","Fondos de seguridad social","Porcentaje del total","30.36663"
"HUN","Hungría","2000","Gobierno municipal local","Porcentaje del total","5.18313"
"HUN","Hungría","2000","Gobierno nacional","Porcentaje del total","64.45023"
"HUN","Hungría","2001","Fondos de seguridad social","Porcentaje del total","30.44433"
"HUN","Hungría","2001","Gobierno municipal local","Porcentaje del total","5.50203"
"HUN","Hungría","2001","Gobierno nacional","Porcentaje del total","64.05365"
"HUN","Hungría","2002","Fondos de seguridad social","Porcentaje del total","30.90611"
"HUN","Hungría","2002","Gobierno municipal local","Porcentaje del total","5.43180"
"HUN","Hungría","2002","Gobierno nacional","Porcentaje del total","63.66209"
"HUN","Hungría","2003","Fondos de seguridad social","Porcentaje del total","30.69462"
"HUN","Hungría","2003","Gobierno municipal local","Porcentaje del total","5.74667"
"HUN","Hungría","2003","Gobierno nacional","Porcentaje del total","63.55870"
"HUN","Hungría","2004","European institutions and bodies (EU accounts)","Porcentaje del total","0.17273"
"HUN","Hungría","2004","Fondos de seguridad social","Porcentaje del total","30.05319"
"HUN","Hungría","2004","Gobierno municipal local","Porcentaje del total","6.12611"
"HUN","Hungría","2004","Gobierno nacional","Porcentaje del total","63.64796"
"HUN","Hungría","2005","European institutions and bodies (EU accounts)","Porcentaje del total","0.34819"
"HUN","Hungría","2005","Fondos de seguridad social","Porcentaje del total","30.80039"
"HUN","Hungría","2005","Gobierno municipal local","Porcentaje del total","6.24598"
"HUN","Hungría","2005","Gobierno nacional","Porcentaje del total","62.60544"
"HUN","Hungría","2006","European institutions and bodies (EU accounts)","Porcentaje del total","0.31320"
"HUN","Hungría","2006","Fondos de seguridad social","Porcentaje del total","30.73656"
"HUN","Hungría","2006","Gobierno municipal local","Porcentaje del total","6.44817"
"HUN","Hungría","2006","Gobierno nacional","Porcentaje del total","62.50207"
"HUN","Hungría","2007","European institutions and bodies (EU accounts)","Porcentaje del total","0.43212"
"HUN","Hungría","2007","Fondos de seguridad social","Porcentaje del total","31.48963"
"HUN","Hungría","2007","Gobierno municipal local","Porcentaje del total","6.19496"
"HUN","Hungría","2007","Gobierno nacional","Porcentaje del total","61.88329"
"HUN","Hungría","2008","European institutions and bodies (EU accounts)","Porcentaje del total","0.42382"
"HUN","Hungría","2008","Fondos de seguridad social","Porcentaje del total","31.42054"
"HUN","Hungría","2008","Gobierno municipal local","Porcentaje del total","6.39851"
"HUN","Hungría","2008","Gobierno nacional","Porcentaje del total","61.75714"
"HUN","Hungría","2009","European institutions and bodies (EU accounts)","Porcentaje del total","0.32418"
"HUN","Hungría","2009","Fondos de seguridad social","Porcentaje del total","30.84911"
"HUN","Hungría","2009","Gobierno municipal local","Porcentaje del total","6.69206"
"HUN","Hungría","2009","Gobierno nacional","Porcentaje del total","62.13465"
"HUN","Hungría","2010","European institutions and bodies (EU accounts)","Porcentaje del total","0.25346"
"HUN","Hungría","2010","Fondos de seguridad social","Porcentaje del total","30.27616"
"HUN","Hungría","2010","Gobierno municipal local","Porcentaje del total","6.44328"
"HUN","Hungría","2010","Gobierno nacional","Porcentaje del total","63.02710"
"HUN","Hungría","2011","European institutions and bodies (EU accounts)","Porcentaje del total","0.27462"
"HUN","Hungría","2011","Fondos de seguridad social","Porcentaje del total","33.98133"
"HUN","Hungría","2011","Gobierno municipal local","Porcentaje del total","6.48160"
"HUN","Hungría","2011","Gobierno nacional","Porcentaje del total","59.26245"
"HUN","Hungría","2012","European institutions and bodies (EU accounts)","Porcentaje del total","0.24832"
"HUN","Hungría","2012","Fondos de seguridad social","Porcentaje del total","34.00809"
"HUN","Hungría","2012","Gobierno municipal local","Porcentaje del total","6.11205"
"HUN","Hungría","2012","Gobierno nacional","Porcentaje del total","59.63154"
"HUN","Hungría","2013","European institutions and bodies (EU accounts)","Porcentaje del total","0.23326"
"HUN","Hungría","2013","Fondos de seguridad social","Porcentaje del total","34.13708"
"HUN","Hungría","2013","Gobierno municipal local","Porcentaje del total","5.78402"
"HUN","Hungría","2013","Gobierno nacional","Porcentaje del total","59.84564"
"HUN","Hungría","2014","European institutions and bodies (EU accounts)","Porcentaje del total","0.26041"
"HUN","Hungría","2014","Fondos de seguridad social","Porcentaje del total","33.61066"
"HUN","Hungría","2014","Gobierno municipal local","Porcentaje del total","5.55016"
"HUN","Hungría","2014","Gobierno nacional","Porcentaje del total","60.57877"
"HUN","Hungría","2015","European institutions and bodies (EU accounts)","Porcentaje del total","0.29381"
"HUN","Hungría","2015","Fondos de seguridad social","Porcentaje del total","33.57112"
"HUN","Hungría","2015","Gobierno municipal local","Porcentaje del total","5.69953"
"HUN","Hungría","2015","Gobierno nacional","Porcentaje del total","60.43554"
"HUN","Hungría","2016","European institutions and bodies (EU accounts)","Porcentaje del total","0.30058"
"HUN","Hungría","2016","Fondos de seguridad social","Porcentaje del total","33.93760"
"HUN","Hungría","2016","Gobierno municipal local","Porcentaje del total","5.69956"
"HUN","Hungría","2016","Gobierno nacional","Porcentaje del total","60.06227"
"HUN","Hungría","2017","European institutions and bodies (EU accounts)","Porcentaje del total","0.31140"
"HUN","Hungría","2017","Fondos de seguridad social","Porcentaje del total","31.95360"
"HUN","Hungría","2017","Gobierno municipal local","Porcentaje del total","5.69676"
"HUN","Hungría","2017","Gobierno nacional","Porcentaje del total","62.03824"
"HUN","Hungría","2018","European institutions and bodies (EU accounts)","Porcentaje del total","0.39734"
"HUN","Hungría","2018","Fondos de seguridad social","Porcentaje del total","32.19688"
"HUN","Hungría","2018","Gobierno municipal local","Porcentaje del total","5.78705"
"HUN","Hungría","2018","Gobierno nacional","Porcentaje del total","61.61873"
"HUN","Hungría","2019","European institutions and bodies (EU accounts)","Porcentaje del total","0.37137"
"HUN","Hungría","2019","Fondos de seguridad social","Porcentaje del total","31.19640"
"HUN","Hungría","2019","Gobierno municipal local","Porcentaje del total","5.81321"
"HUN","Hungría","2019","Gobierno nacional","Porcentaje del total","62.61901"
"HUN","Hungría","2020","European institutions and bodies (EU accounts)","Porcentaje del total","0.36439"
"HUN","Hungría","2020","Fondos de seguridad social","Porcentaje del total","30.20776"
"HUN","Hungría","2020","Gobierno municipal local","Porcentaje del total","5.20061"
"HUN","Hungría","2020","Gobierno nacional","Porcentaje del total","64.22725"
"HUN","Hungría","2021","European institutions and bodies (EU accounts)","Porcentaje del total","0.39050"
"HUN","Hungría","2021","Fondos de seguridad social","Porcentaje del total","30.36908"
"HUN","Hungría","2021","Gobierno municipal local","Porcentaje del total","5.06706"
"HUN","Hungría","2021","Gobierno nacional","Porcentaje del total","64.17336"
"HUN","Hungría","2022","European institutions and bodies (EU accounts)","Porcentaje del total","0.45232"
"HUN","Hungría","2022","Fondos de seguridad social","Porcentaje del total","27.35795"
"HUN","Hungría","2022","Gobierno municipal local","Porcentaje del total","4.71313"
"HUN","Hungría","2022","Gobierno nacional","Porcentaje del total","67.47660"
"HUN","Hungría","2023","European institutions and bodies (EU accounts)","Porcentaje del total","0.40164"
"HUN","Hungría","2023","Fondos de seguridad social","Porcentaje del total","27.80992"
"HUN","Hungría","2023","Gobierno municipal local","Porcentaje del total","5.66106"
"HUN","Hungría","2023","Gobierno nacional","Porcentaje del total","66.12738"
"HUN","Hungría","2024","European institutions and bodies (EU accounts)","Porcentaje del total","0.33190"
"HUN","Hungría","2024","Fondos de seguridad social","Porcentaje del total","28.62337"
"HUN","Hungría","2024","Gobierno municipal local","Porcentaje del total","5.72272"
"HUN","Hungría","2024","Gobierno nacional","Porcentaje del total","65.32201"
"IDN","Indonesia","1997","Gobierno nacional","Porcentaje del total","100.00000"
"IDN","Indonesia","1998","Gobierno nacional","Porcentaje del total","100.00000"
"IDN","Indonesia","1999","Gobierno nacional","Porcentaje del total","100.00000"
"IDN","Indonesia","2000","Gobierno municipal local","Porcentaje del total","3.16146"
"IDN","Indonesia","2000","Gobierno nacional","Porcentaje del total","96.83854"
"IDN","Indonesia","2001","Gobierno municipal local","Porcentaje del total","5.46583"
"IDN","Indonesia","2001","Gobierno nacional","Porcentaje del total","94.53417"
"IDN","Indonesia","2002","Gobierno municipal local","Porcentaje del total","6.47747"
"IDN","Indonesia","2002","Gobierno nacional","Porcentaje del total","93.52253"
"IDN","Indonesia","2003","Gobierno municipal local","Porcentaje del total","6.96216"
"IDN","Indonesia","2003","Gobierno nacional","Porcentaje del total","93.03784"
"IDN","Indonesia","2004","Gobierno municipal local","Porcentaje del total","7.66445"
"IDN","Indonesia","2004","Gobierno nacional","Porcentaje del total","92.33555"
"IDN","Indonesia","2005","Gobierno municipal local","Porcentaje del total","7.49185"
"IDN","Indonesia","2005","Gobierno nacional","Porcentaje del total","92.50815"
"IDN","Indonesia","2006","Gobierno municipal local","Porcentaje del total","6.00632"
"IDN","Indonesia","2006","Gobierno nacional","Porcentaje del total","93.99368"
"IDN","Indonesia","2007","Gobierno municipal local","Porcentaje del total","6.61942"
"IDN","Indonesia","2007","Gobierno nacional","Porcentaje del total","93.38058"
"IDN","Indonesia","2008","Gobierno municipal local","Porcentaje del total","6.35396"
"IDN","Indonesia","2008","Gobierno nacional","Porcentaje del total","93.64604"
"IDN","Indonesia","2009","Gobierno municipal local","Porcentaje del total","6.61360"
"IDN","Indonesia","2009","Gobierno nacional","Porcentaje del total","93.38640"
"IDN","Indonesia","2010","Gobierno municipal local","Porcentaje del total","7.20695"
"IDN","Indonesia","2010","Gobierno nacional","Porcentaje del total","92.79305"
"IDN","Indonesia","2011","Gobierno municipal local","Porcentaje del total","8.32262"
"IDN","Indonesia","2011","Gobierno nacional","Porcentaje del total","91.67738"
"IDN","Indonesia","2012","Gobierno municipal local","Porcentaje del total","8.83877"
"IDN","Indonesia","2012","Gobierno nacional","Porcentaje del total","91.16123"
"IDN","Indonesia","2013","Gobierno municipal local","Porcentaje del total","9.68022"
"IDN","Indonesia","2013","Gobierno nacional","Porcentaje del total","90.31978"
"IDN","Indonesia","2014","Gobierno municipal local","Porcentaje del total","10.79381"
"IDN","Indonesia","2014","Gobierno nacional","Porcentaje del total","89.20619"
"IDN","Indonesia","2015","Fondos de seguridad social","Porcentaje del total","0.55267"
"IDN","Indonesia","2015","Gobierno municipal local","Porcentaje del total","10.58973"
"IDN","Indonesia","2015","Gobierno nacional","Porcentaje del total","88.85761"
"IDN","Indonesia","2016","Fondos de seguridad social","Porcentaje del total","3.17053"
"IDN","Indonesia","2016","Gobierno municipal local","Porcentaje del total","10.55262"
"IDN","Indonesia","2016","Gobierno nacional","Porcentaje del total","86.27685"
"IDN","Indonesia","2017","Fondos de seguridad social","Porcentaje del total","3.44742"
"IDN","Indonesia","2017","Gobierno municipal local","Porcentaje del total","11.41303"
"IDN","Indonesia","2017","Gobierno nacional","Porcentaje del total","85.13955"
"IDN","Indonesia","2018","Fondos de seguridad social","Porcentaje del total","3.58223"
"IDN","Indonesia","2018","Gobierno municipal local","Porcentaje del total","10.93027"
"IDN","Indonesia","2018","Gobierno nacional","Porcentaje del total","85.48750"
"IDN","Indonesia","2019","Fondos de seguridad social","Porcentaje del total","4.34026"
"IDN","Indonesia","2019","Gobierno municipal local","Porcentaje del total","11.38807"
"IDN","Indonesia","2019","Gobierno nacional","Porcentaje del total","84.27167"
"IDN","Indonesia","2020","Fondos de seguridad social","Porcentaje del total","5.85240"
"IDN","Indonesia","2020","Gobierno municipal local","Porcentaje del total","11.51977"
"IDN","Indonesia","2020","Gobierno nacional","Porcentaje del total","82.62783"
"IDN","Indonesia","2021","Fondos de seguridad social","Porcentaje del total","5.29012"
"IDN","Indonesia","2021","Gobierno municipal local","Porcentaje del total","10.80198"
"IDN","Indonesia","2021","Gobierno nacional","Porcentaje del total","83.90790"
"IDN","Indonesia","2022","Fondos de seguridad social","Porcentaje del total","4.30338"
"IDN","Indonesia","2022","Gobierno municipal local","Porcentaje del total","9.62814"
"IDN","Indonesia","2022","Gobierno nacional","Porcentaje del total","86.06848"
"IDN","Indonesia","2023","Fondos de seguridad social","Porcentaje del total","4.32928"
"IDN","Indonesia","2023","Gobierno municipal local","Porcentaje del total","10.08644"
"IDN","Indonesia","2023","Gobierno nacional","Porcentaje del total","85.58427"
"IRL","Irlanda","1990","European institutions and bodies (EU accounts)","Porcentaje del total","1.50796"
"IRL","Irlanda","1990","Fondos de seguridad social","Porcentaje del total","13.26356"
"IRL","Irlanda","1990","Gobierno municipal local","Porcentaje del total","2.84670"
"IRL","Irlanda","1990","Gobierno nacional","Porcentaje del total","82.38178"
"IRL","Irlanda","1991","European institutions and bodies (EU accounts)","Porcentaje del total","1.48327"
"IRL","Irlanda","1991","Fondos de seguridad social","Porcentaje del total","13.57552"
"IRL","Irlanda","1991","Gobierno municipal local","Porcentaje del total","2.81977"
"IRL","Irlanda","1991","Gobierno nacional","Porcentaje del total","82.12144"
"IRL","Irlanda","1992","European institutions and bodies (EU accounts)","Porcentaje del total","1.31333"
"IRL","Irlanda","1992","Fondos de seguridad social","Porcentaje del total","13.56733"
"IRL","Irlanda","1992","Gobierno municipal local","Porcentaje del total","2.79228"
"IRL","Irlanda","1992","Gobierno nacional","Porcentaje del total","82.32705"
"IRL","Irlanda","1993","European institutions and bodies (EU accounts)","Porcentaje del total","1.49047"
"IRL","Irlanda","1993","Fondos de seguridad social","Porcentaje del total","13.61544"
"IRL","Irlanda","1993","Gobierno municipal local","Porcentaje del total","2.69860"
"IRL","Irlanda","1993","Gobierno nacional","Porcentaje del total","82.19549"
"IRL","Irlanda","1994","European institutions and bodies (EU accounts)","Porcentaje del total","1.47082"
"IRL","Irlanda","1994","Fondos de seguridad social","Porcentaje del total","12.83885"
"IRL","Irlanda","1994","Gobierno municipal local","Porcentaje del total","2.63303"
"IRL","Irlanda","1994","Gobierno nacional","Porcentaje del total","83.05731"
"IRL","Irlanda","1995","European institutions and bodies (EU accounts)","Porcentaje del total","1.54034"
"IRL","Irlanda","1995","Fondos de seguridad social","Porcentaje del total","12.73330"
"IRL","Irlanda","1995","Gobierno municipal local","Porcentaje del total","2.66591"
"IRL","Irlanda","1995","Gobierno nacional","Porcentaje del total","83.06046"
"IRL","Irlanda","1996","European institutions and bodies (EU accounts)","Porcentaje del total","2.42001"
"IRL","Irlanda","1996","Fondos de seguridad social","Porcentaje del total","11.79097"
"IRL","Irlanda","1996","Gobierno municipal local","Porcentaje del total","2.51898"
"IRL","Irlanda","1996","Gobierno nacional","Porcentaje del total","83.27004"
"IRL","Irlanda","1997","European institutions and bodies (EU accounts)","Porcentaje del total","1.13507"
"IRL","Irlanda","1997","Fondos de seguridad social","Porcentaje del total","11.45557"
"IRL","Irlanda","1997","Gobierno municipal local","Porcentaje del total","2.38962"
"IRL","Irlanda","1997","Gobierno nacional","Porcentaje del total","85.01975"
"IRL","Irlanda","1998","European institutions and bodies (EU accounts)","Porcentaje del total","0.83972"
"IRL","Irlanda","1998","Fondos de seguridad social","Porcentaje del total","10.96260"
"IRL","Irlanda","1998","Gobierno municipal local","Porcentaje del total","2.24867"
"IRL","Irlanda","1998","Gobierno nacional","Porcentaje del total","85.94901"
"IRL","Irlanda","1999","European institutions and bodies (EU accounts)","Porcentaje del total","0.64309"
"IRL","Irlanda","1999","Fondos de seguridad social","Porcentaje del total","11.02333"
"IRL","Irlanda","1999","Gobierno municipal local","Porcentaje del total","2.12498"
"IRL","Irlanda","1999","Gobierno nacional","Porcentaje del total","86.20861"
"IRL","Irlanda","2000","European institutions and bodies (EU accounts)","Porcentaje del total","0.62193"
"IRL","Irlanda","2000","Fondos de seguridad social","Porcentaje del total","11.29304"
"IRL","Irlanda","2000","Gobierno municipal local","Porcentaje del total","1.97209"
"IRL","Irlanda","2000","Gobierno nacional","Porcentaje del total","86.11294"
"IRL","Irlanda","2001","European institutions and bodies (EU accounts)","Porcentaje del total","0.47293"
"IRL","Irlanda","2001","Fondos de seguridad social","Porcentaje del total","12.50174"
"IRL","Irlanda","2001","Gobierno municipal local","Porcentaje del total","2.11665"
"IRL","Irlanda","2001","Gobierno nacional","Porcentaje del total","84.90867"
"IRL","Irlanda","2002","European institutions and bodies (EU accounts)","Porcentaje del total","0.35294"
"IRL","Irlanda","2002","Fondos de seguridad social","Porcentaje del total","12.64053"
"IRL","Irlanda","2002","Gobierno municipal local","Porcentaje del total","2.22106"
"IRL","Irlanda","2002","Gobierno nacional","Porcentaje del total","84.78547"
"IRL","Irlanda","2003","European institutions and bodies (EU accounts)","Porcentaje del total","0.32957"
"IRL","Irlanda","2003","Fondos de seguridad social","Porcentaje del total","12.30864"
"IRL","Irlanda","2003","Gobierno municipal local","Porcentaje del total","2.26614"
"IRL","Irlanda","2003","Gobierno nacional","Porcentaje del total","85.09565"
"IRL","Irlanda","2004","European institutions and bodies (EU accounts)","Porcentaje del total","0.37726"
"IRL","Irlanda","2004","Fondos de seguridad social","Porcentaje del total","12.28843"
"IRL","Irlanda","2004","Gobierno municipal local","Porcentaje del total","2.13701"
"IRL","Irlanda","2004","Gobierno nacional","Porcentaje del total","85.19731"
"IRL","Irlanda","2005","European institutions and bodies (EU accounts)","Porcentaje del total","0.44210"
"IRL","Irlanda","2005","Fondos de seguridad social","Porcentaje del total","12.17667"
"IRL","Irlanda","2005","Gobierno municipal local","Porcentaje del total","2.16962"
"IRL","Irlanda","2005","Gobierno nacional","Porcentaje del total","85.21161"
"IRL","Irlanda","2006","European institutions and bodies (EU accounts)","Porcentaje del total","0.43838"
"IRL","Irlanda","2006","Fondos de seguridad social","Porcentaje del total","11.75415"
"IRL","Irlanda","2006","Gobierno municipal local","Porcentaje del total","1.98161"
"IRL","Irlanda","2006","Gobierno nacional","Porcentaje del total","85.82586"
"IRL","Irlanda","2007","European institutions and bodies (EU accounts)","Porcentaje del total","0.44860"
"IRL","Irlanda","2007","Fondos de seguridad social","Porcentaje del total","12.78207"
"IRL","Irlanda","2007","Gobierno municipal local","Porcentaje del total","2.20779"
"IRL","Irlanda","2007","Gobierno nacional","Porcentaje del total","84.56154"
"IRL","Irlanda","2008","European institutions and bodies (EU accounts)","Porcentaje del total","0.44998"
"IRL","Irlanda","2008","Fondos de seguridad social","Porcentaje del total","14.60422"
"IRL","Irlanda","2008","Gobierno municipal local","Porcentaje del total","2.56060"
"IRL","Irlanda","2008","Gobierno nacional","Porcentaje del total","82.38520"
"IRL","Irlanda","2009","European institutions and bodies (EU accounts)","Porcentaje del total","0.43747"
"IRL","Irlanda","2009","Fondos de seguridad social","Porcentaje del total","15.11885"
"IRL","Irlanda","2009","Gobierno municipal local","Porcentaje del total","3.19302"
"IRL","Irlanda","2009","Gobierno nacional","Porcentaje del total","81.25067"
"IRL","Irlanda","2010","European institutions and bodies (EU accounts)","Porcentaje del total","0.49335"
"IRL","Irlanda","2010","Fondos de seguridad social","Porcentaje del total","14.49942"
"IRL","Irlanda","2010","Gobierno municipal local","Porcentaje del total","3.26811"
"IRL","Irlanda","2010","Gobierno nacional","Porcentaje del total","81.73912"
"IRL","Irlanda","2011","European institutions and bodies (EU accounts)","Porcentaje del total","0.50227"
"IRL","Irlanda","2011","Fondos de seguridad social","Porcentaje del total","15.26845"
"IRL","Irlanda","2011","Gobierno municipal local","Porcentaje del total","3.18043"
"IRL","Irlanda","2011","Gobierno nacional","Porcentaje del total","81.04886"
"IRL","Irlanda","2012","European institutions and bodies (EU accounts)","Porcentaje del total","0.49036"
"IRL","Irlanda","2012","Fondos de seguridad social","Porcentaje del total","13.82247"
"IRL","Irlanda","2012","Gobierno municipal local","Porcentaje del total","3.35778"
"IRL","Irlanda","2012","Gobierno nacional","Porcentaje del total","82.32938"
"IRL","Irlanda","2013","European institutions and bodies (EU accounts)","Porcentaje del total","0.47982"
"IRL","Irlanda","2013","Fondos de seguridad social","Porcentaje del total","14.31944"
"IRL","Irlanda","2013","Gobierno municipal local","Porcentaje del total","3.11874"
"IRL","Irlanda","2013","Gobierno nacional","Porcentaje del total","82.08199"
"IRL","Irlanda","2014","European institutions and bodies (EU accounts)","Porcentaje del total","0.49030"
"IRL","Irlanda","2014","Fondos de seguridad social","Porcentaje del total","14.21539"
"IRL","Irlanda","2014","Gobierno municipal local","Porcentaje del total","2.77131"
"IRL","Irlanda","2014","Gobierno nacional","Porcentaje del total","82.52299"
"IRL","Irlanda","2015","European institutions and bodies (EU accounts)","Porcentaje del total","0.53642"
"IRL","Irlanda","2015","Fondos de seguridad social","Porcentaje del total","14.00214"
"IRL","Irlanda","2015","Gobierno municipal local","Porcentaje del total","2.47888"
"IRL","Irlanda","2015","Gobierno nacional","Porcentaje del total","82.98256"
"IRL","Irlanda","2016","European institutions and bodies (EU accounts)","Porcentaje del total","0.76327"
"IRL","Irlanda","2016","Fondos de seguridad social","Porcentaje del total","14.53721"
"IRL","Irlanda","2016","Gobierno municipal local","Porcentaje del total","2.29103"
"IRL","Irlanda","2016","Gobierno nacional","Porcentaje del total","82.40850"
"IRL","Irlanda","2017","European institutions and bodies (EU accounts)","Porcentaje del total","0.64512"
"IRL","Irlanda","2017","Fondos de seguridad social","Porcentaje del total","14.66162"
"IRL","Irlanda","2017","Gobierno municipal local","Porcentaje del total","2.20302"
"IRL","Irlanda","2017","Gobierno nacional","Porcentaje del total","82.49024"
"IRL","Irlanda","2018","European institutions and bodies (EU accounts)","Porcentaje del total","0.59361"
"IRL","Irlanda","2018","Fondos de seguridad social","Porcentaje del total","14.61590"
"IRL","Irlanda","2018","Gobierno municipal local","Porcentaje del total","2.11930"
"IRL","Irlanda","2018","Gobierno nacional","Porcentaje del total","82.67119"
"IRL","Irlanda","2019","European institutions and bodies (EU accounts)","Porcentaje del total","0.58527"
"IRL","Irlanda","2019","Fondos de seguridad social","Porcentaje del total","14.96491"
"IRL","Irlanda","2019","Gobierno municipal local","Porcentaje del total","1.97684"
"IRL","Irlanda","2019","Gobierno nacional","Porcentaje del total","82.47297"
"IRL","Irlanda","2020","European institutions and bodies (EU accounts)","Porcentaje del total","0.55389"
"IRL","Irlanda","2020","Fondos de seguridad social","Porcentaje del total","14.55659"
"IRL","Irlanda","2020","Gobierno municipal local","Porcentaje del total","1.10203"
"IRL","Irlanda","2020","Gobierno nacional","Porcentaje del total","83.78749"
"IRL","Irlanda","2021","European institutions and bodies (EU accounts)","Porcentaje del total","0.81578"
"IRL","Irlanda","2021","Fondos de seguridad social","Porcentaje del total","13.56110"
"IRL","Irlanda","2021","Gobierno municipal local","Porcentaje del total","1.33747"
"IRL","Irlanda","2021","Gobierno nacional","Porcentaje del total","84.28565"
"IRL","Irlanda","2022","European institutions and bodies (EU accounts)","Porcentaje del total","0.82984"
"IRL","Irlanda","2022","Fondos de seguridad social","Porcentaje del total","13.48936"
"IRL","Irlanda","2022","Gobierno municipal local","Porcentaje del total","1.55939"
"IRL","Irlanda","2022","Gobierno nacional","Porcentaje del total","84.12141"
"IRL","Irlanda","2023","European institutions and bodies (EU accounts)","Porcentaje del total","0.79729"
"IRL","Irlanda","2023","Fondos de seguridad social","Porcentaje del total","13.85632"
"IRL","Irlanda","2023","Gobierno municipal local","Porcentaje del total","1.58966"
"IRL","Irlanda","2023","Gobierno nacional","Porcentaje del total","83.75673"
"IRL","Irlanda","2024","European institutions and bodies (EU accounts)","Porcentaje del total","0.48345"
"IRL","Irlanda","2024","Fondos de seguridad social","Porcentaje del total","13.82287"
"IRL","Irlanda","2024","Gobierno municipal local","Porcentaje del total","1.53335"
"IRL","Irlanda","2024","Gobierno nacional","Porcentaje del total","84.16033"
"ISL","Islandia","1990","Fondos de seguridad social","Porcentaje del total","0.00000"
"ISL","Islandia","1990","Gobierno municipal local","Porcentaje del total","20.26242"
"ISL","Islandia","1990","Gobierno nacional","Porcentaje del total","79.73758"
"ISL","Islandia","1991","Fondos de seguridad social","Porcentaje del total","0.00000"
"ISL","Islandia","1991","Gobierno municipal local","Porcentaje del total","20.91606"
"ISL","Islandia","1991","Gobierno nacional","Porcentaje del total","79.08394"
"ISL","Islandia","1992","Fondos de seguridad social","Porcentaje del total","0.00000"
"ISL","Islandia","1992","Gobierno municipal local","Porcentaje del total","21.18760"
"ISL","Islandia","1992","Gobierno nacional","Porcentaje del total","78.81240"
"ISL","Islandia","1993","Fondos de seguridad social","Porcentaje del total","0.00000"
"ISL","Islandia","1993","Gobierno municipal local","Porcentaje del total","20.77519"
"ISL","Islandia","1993","Gobierno nacional","Porcentaje del total","79.22481"
"ISL","Islandia","1994","Fondos de seguridad social","Porcentaje del total","0.00000"
"ISL","Islandia","1994","Gobierno municipal local","Porcentaje del total","20.11534"
"ISL","Islandia","1994","Gobierno nacional","Porcentaje del total","79.88466"
"ISL","Islandia","1995","Fondos de seguridad social","Porcentaje del total","0.00000"
"ISL","Islandia","1995","Gobierno municipal local","Porcentaje del total","20.78451"
"ISL","Islandia","1995","Gobierno nacional","Porcentaje del total","79.21549"
"ISL","Islandia","1996","Fondos de seguridad social","Porcentaje del total","0.00000"
"ISL","Islandia","1996","Gobierno municipal local","Porcentaje del total","20.16016"
"ISL","Islandia","1996","Gobierno nacional","Porcentaje del total","79.83984"
"ISL","Islandia","1997","Fondos de seguridad social","Porcentaje del total","0.00000"
"ISL","Islandia","1997","Gobierno municipal local","Porcentaje del total","23.86370"
"ISL","Islandia","1997","Gobierno nacional","Porcentaje del total","76.13630"
"ISL","Islandia","1998","Fondos de seguridad social","Porcentaje del total","0.00000"
"ISL","Islandia","1998","Gobierno municipal local","Porcentaje del total","23.33386"
"ISL","Islandia","1998","Gobierno nacional","Porcentaje del total","76.66614"
"ISL","Islandia","1999","Fondos de seguridad social","Porcentaje del total","0.00000"
"ISL","Islandia","1999","Gobierno municipal local","Porcentaje del total","22.52173"
"ISL","Islandia","1999","Gobierno nacional","Porcentaje del total","77.47827"
"ISL","Islandia","2000","Fondos de seguridad social","Porcentaje del total","0.00000"
"ISL","Islandia","2000","Gobierno municipal local","Porcentaje del total","23.39299"
"ISL","Islandia","2000","Gobierno nacional","Porcentaje del total","76.60701"
"ISL","Islandia","2001","Fondos de seguridad social","Porcentaje del total","0.00000"
"ISL","Islandia","2001","Gobierno municipal local","Porcentaje del total","24.98589"
"ISL","Islandia","2001","Gobierno nacional","Porcentaje del total","75.01411"
"ISL","Islandia","2002","Fondos de seguridad social","Porcentaje del total","0.00000"
"ISL","Islandia","2002","Gobierno municipal local","Porcentaje del total","24.79117"
"ISL","Islandia","2002","Gobierno nacional","Porcentaje del total","75.20883"
"ISL","Islandia","2003","Fondos de seguridad social","Porcentaje del total","0.00000"
"ISL","Islandia","2003","Gobierno municipal local","Porcentaje del total","24.31836"
"ISL","Islandia","2003","Gobierno nacional","Porcentaje del total","75.68164"
"ISL","Islandia","2004","Fondos de seguridad social","Porcentaje del total","0.00000"
"ISL","Islandia","2004","Gobierno municipal local","Porcentaje del total","23.66234"
"ISL","Islandia","2004","Gobierno nacional","Porcentaje del total","76.33766"
"ISL","Islandia","2005","Fondos de seguridad social","Porcentaje del total","0.00000"
"ISL","Islandia","2005","Gobierno municipal local","Porcentaje del total","22.99958"
"ISL","Islandia","2005","Gobierno nacional","Porcentaje del total","77.00042"
"ISL","Islandia","2006","Fondos de seguridad social","Porcentaje del total","0.00000"
"ISL","Islandia","2006","Gobierno municipal local","Porcentaje del total","24.37641"
"ISL","Islandia","2006","Gobierno nacional","Porcentaje del total","75.62359"
"ISL","Islandia","2007","Fondos de seguridad social","Porcentaje del total","0.00000"
"ISL","Islandia","2007","Gobierno municipal local","Porcentaje del total","25.21632"
"ISL","Islandia","2007","Gobierno nacional","Porcentaje del total","74.78368"
"ISL","Islandia","2008","Fondos de seguridad social","Porcentaje del total","0.00000"
"ISL","Islandia","2008","Gobierno municipal local","Porcentaje del total","26.13148"
"ISL","Islandia","2008","Gobierno nacional","Porcentaje del total","73.86852"
"ISL","Islandia","2009","Fondos de seguridad social","Porcentaje del total","0.00000"
"ISL","Islandia","2009","Gobierno municipal local","Porcentaje del total","27.48945"
"ISL","Islandia","2009","Gobierno nacional","Porcentaje del total","72.51055"
"ISL","Islandia","2010","Fondos de seguridad social","Porcentaje del total","0.00000"
"ISL","Islandia","2010","Gobierno municipal local","Porcentaje del total","25.62154"
"ISL","Islandia","2010","Gobierno nacional","Porcentaje del total","74.37846"
"ISL","Islandia","2011","Fondos de seguridad social","Porcentaje del total","0.00000"
"ISL","Islandia","2011","Gobierno municipal local","Porcentaje del total","26.75382"
"ISL","Islandia","2011","Gobierno nacional","Porcentaje del total","73.24618"
"ISL","Islandia","2012","Fondos de seguridad social","Porcentaje del total","0.00000"
"ISL","Islandia","2012","Gobierno municipal local","Porcentaje del total","26.49503"
"ISL","Islandia","2012","Gobierno nacional","Porcentaje del total","73.50497"
"ISL","Islandia","2013","Fondos de seguridad social","Porcentaje del total","0.00000"
"ISL","Islandia","2013","Gobierno municipal local","Porcentaje del total","26.99319"
"ISL","Islandia","2013","Gobierno nacional","Porcentaje del total","73.00681"
"ISL","Islandia","2014","Fondos de seguridad social","Porcentaje del total","0.00000"
"ISL","Islandia","2014","Gobierno municipal local","Porcentaje del total","24.87380"
"ISL","Islandia","2014","Gobierno nacional","Porcentaje del total","75.12620"
"ISL","Islandia","2015","Fondos de seguridad social","Porcentaje del total","0.00000"
"ISL","Islandia","2015","Gobierno municipal local","Porcentaje del total","26.00147"
"ISL","Islandia","2015","Gobierno nacional","Porcentaje del total","73.99853"
"ISL","Islandia","2016","Fondos de seguridad social","Porcentaje del total","0.00000"
"ISL","Islandia","2016","Gobierno municipal local","Porcentaje del total","18.85607"
"ISL","Islandia","2016","Gobierno nacional","Porcentaje del total","81.14393"
"ISL","Islandia","2017","Fondos de seguridad social","Porcentaje del total","0.00000"
"ISL","Islandia","2017","Gobierno municipal local","Porcentaje del total","27.07265"
"ISL","Islandia","2017","Gobierno nacional","Porcentaje del total","72.92735"
"ISL","Islandia","2018","Fondos de seguridad social","Porcentaje del total","0.00000"
"ISL","Islandia","2018","Gobierno municipal local","Porcentaje del total","27.87235"
"ISL","Islandia","2018","Gobierno nacional","Porcentaje del total","72.12765"
"ISL","Islandia","2019","Fondos de seguridad social","Porcentaje del total","0.00000"
"ISL","Islandia","2019","Gobierno municipal local","Porcentaje del total","28.43551"
"ISL","Islandia","2019","Gobierno nacional","Porcentaje del total","71.56449"
"ISL","Islandia","2020","Fondos de seguridad social","Porcentaje del total","0.00000"
"ISL","Islandia","2020","Gobierno municipal local","Porcentaje del total","30.00641"
"ISL","Islandia","2020","Gobierno nacional","Porcentaje del total","69.99359"
"ISL","Islandia","2021","Fondos de seguridad social","Porcentaje del total","0.00000"
"ISL","Islandia","2021","Gobierno municipal local","Porcentaje del total","30.40806"
"ISL","Islandia","2021","Gobierno nacional","Porcentaje del total","69.59194"
"ISL","Islandia","2022","Fondos de seguridad social","Porcentaje del total","0.00000"
"ISL","Islandia","2022","Gobierno municipal local","Porcentaje del total","28.23081"
"ISL","Islandia","2022","Gobierno nacional","Porcentaje del total","71.76919"
"ISL","Islandia","2023","Fondos de seguridad social","Porcentaje del total","0.00000"
"ISL","Islandia","2023","Gobierno municipal local","Porcentaje del total","27.89899"
"ISL","Islandia","2023","Gobierno nacional","Porcentaje del total","72.10101"
"ISL","Islandia","2024","Fondos de seguridad social","Porcentaje del total","0.00000"
"ISL","Islandia","2024","Gobierno municipal local","Porcentaje del total","27.67666"
"ISL","Islandia","2024","Gobierno nacional","Porcentaje del total","72.32334"
"COK","Islas Cook","2005","Gobierno nacional","Porcentaje del total","100.00000"
"COK","Islas Cook","2006","Gobierno nacional","Porcentaje del total","100.00000"
"COK","Islas Cook","2007","Gobierno nacional","Porcentaje del total","100.00000"
"COK","Islas Cook","2008","Gobierno nacional","Porcentaje del total","100.00000"
"COK","Islas Cook","2009","Gobierno nacional","Porcentaje del total","100.00000"
"COK","Islas Cook","2010","Gobierno nacional","Porcentaje del total","100.00000"
"COK","Islas Cook","2011","Gobierno nacional","Porcentaje del total","100.00000"
"COK","Islas Cook","2012","Gobierno nacional","Porcentaje del total","100.00000"
"COK","Islas Cook","2013","Gobierno nacional","Porcentaje del total","100.00000"
"COK","Islas Cook","2014","Gobierno nacional","Porcentaje del total","100.00000"
"COK","Islas Cook","2015","Gobierno nacional","Porcentaje del total","100.00000"
"COK","Islas Cook","2016","Gobierno nacional","Porcentaje del total","100.00000"
"COK","Islas Cook","2017","Gobierno nacional","Porcentaje del total","100.00000"
"COK","Islas Cook","2018","Gobierno nacional","Porcentaje del total","100.00000"
"COK","Islas Cook","2019","Gobierno nacional","Porcentaje del total","100.00000"
"COK","Islas Cook","2020","Gobierno nacional","Porcentaje del total","100.00000"
"COK","Islas Cook","2021","Gobierno nacional","Porcentaje del total","100.00000"
"COK","Islas Cook","2022","Gobierno nacional","Porcentaje del total","100.00000"
"COK","Islas Cook","2023","Gobierno nacional","Porcentaje del total","100.00000"
"MHL","Islas Marshall","2004","Gobierno nacional","Porcentaje del total","100.00000"
"MHL","Islas Marshall","2005","Gobierno nacional","Porcentaje del total","100.00000"
"MHL","Islas Marshall","2006","Gobierno nacional","Porcentaje del total","100.00000"
"MHL","Islas Marshall","2007","Gobierno nacional","Porcentaje del total","100.00000"
"MHL","Islas Marshall","2008","Fondos de seguridad social","Porcentaje del total","42.46669"
"MHL","Islas Marshall","2008","Gobierno nacional","Porcentaje del total","57.53331"
"MHL","Islas Marshall","2009","Fondos de seguridad social","Porcentaje del total","43.00532"
"MHL","Islas Marshall","2009","Gobierno nacional","Porcentaje del total","56.99468"
"MHL","Islas Marshall","2010","Fondos de seguridad social","Porcentaje del total","43.70656"
"MHL","Islas Marshall","2010","Gobierno nacional","Porcentaje del total","56.29344"
"MHL","Islas Marshall","2011","Fondos de seguridad social","Porcentaje del total","44.64359"
"MHL","Islas Marshall","2011","Gobierno nacional","Porcentaje del total","55.35641"
"MHL","Islas Marshall","2012","Fondos de seguridad social","Porcentaje del total","43.11825"
"MHL","Islas Marshall","2012","Gobierno nacional","Porcentaje del total","56.88175"
"MHL","Islas Marshall","2013","Fondos de seguridad social","Porcentaje del total","43.27622"
"MHL","Islas Marshall","2013","Gobierno nacional","Porcentaje del total","56.72378"
"MHL","Islas Marshall","2014","Fondos de seguridad social","Porcentaje del total","44.52177"
"MHL","Islas Marshall","2014","Gobierno nacional","Porcentaje del total","55.47823"
"MHL","Islas Marshall","2015","Fondos de seguridad social","Porcentaje del total","45.57798"
"MHL","Islas Marshall","2015","Gobierno nacional","Porcentaje del total","54.42202"
"MHL","Islas Marshall","2016","Fondos de seguridad social","Porcentaje del total","42.99219"
"MHL","Islas Marshall","2016","Gobierno nacional","Porcentaje del total","57.00781"
"MHL","Islas Marshall","2017","Fondos de seguridad social","Porcentaje del total","46.05020"
"MHL","Islas Marshall","2017","Gobierno nacional","Porcentaje del total","53.94980"
"MHL","Islas Marshall","2018","Fondos de seguridad social","Porcentaje del total","46.14188"
"MHL","Islas Marshall","2018","Gobierno nacional","Porcentaje del total","53.85812"
"MHL","Islas Marshall","2019","Fondos de seguridad social","Porcentaje del total","45.26540"
"MHL","Islas Marshall","2019","Gobierno nacional","Porcentaje del total","54.73460"
"MHL","Islas Marshall","2020","Fondos de seguridad social","Porcentaje del total","48.03631"
"MHL","Islas Marshall","2020","Gobierno nacional","Porcentaje del total","51.96369"
"MHL","Islas Marshall","2021","Fondos de seguridad social","Porcentaje del total","46.17514"
"MHL","Islas Marshall","2021","Gobierno nacional","Porcentaje del total","53.82486"
"MHL","Islas Marshall","2022","Fondos de seguridad social","Porcentaje del total","47.31927"
"MHL","Islas Marshall","2022","Gobierno nacional","Porcentaje del total","52.68073"
"MHL","Islas Marshall","2023","Fondos de seguridad social","Porcentaje del total","47.57981"
"MHL","Islas Marshall","2023","Gobierno nacional","Porcentaje del total","52.42019"
"SLB","Islas Salomón","2007","Gobierno nacional","Porcentaje del total","100.00000"
"SLB","Islas Salomón","2008","Gobierno nacional","Porcentaje del total","100.00000"
"SLB","Islas Salomón","2009","Gobierno nacional","Porcentaje del total","100.00000"
"SLB","Islas Salomón","2010","Gobierno nacional","Porcentaje del total","100.00000"
"SLB","Islas Salomón","2011","Gobierno nacional","Porcentaje del total","100.00000"
"SLB","Islas Salomón","2012","Gobierno nacional","Porcentaje del total","100.00000"
"SLB","Islas Salomón","2013","Gobierno nacional","Porcentaje del total","100.00000"
"SLB","Islas Salomón","2014","Gobierno nacional","Porcentaje del total","100.00000"
"SLB","Islas Salomón","2015","Gobierno nacional","Porcentaje del total","100.00000"
"SLB","Islas Salomón","2016","Gobierno nacional","Porcentaje del total","100.00000"
"SLB","Islas Salomón","2017","Gobierno nacional","Porcentaje del total","100.00000"
"SLB","Islas Salomón","2018","Gobierno nacional","Porcentaje del total","100.00000"
"SLB","Islas Salomón","2019","Gobierno nacional","Porcentaje del total","100.00000"
"SLB","Islas Salomón","2020","Gobierno nacional","Porcentaje del total","100.00000"
"SLB","Islas Salomón","2021","Gobierno nacional","Porcentaje del total","100.00000"
"SLB","Islas Salomón","2022","Gobierno nacional","Porcentaje del total","100.00000"
"SLB","Islas Salomón","2023","Gobierno nacional","Porcentaje del total","100.00000"
"ISR","Israel","1995","Fondos de seguridad social","Porcentaje del total","13.87057"
"ISR","Israel","1995","Gobierno municipal local","Porcentaje del total","7.10375"
"ISR","Israel","1995","Gobierno nacional","Porcentaje del total","79.02568"
"ISR","Israel","1996","Fondos de seguridad social","Porcentaje del total","14.13457"
"ISR","Israel","1996","Gobierno municipal local","Porcentaje del total","7.21581"
"ISR","Israel","1996","Gobierno nacional","Porcentaje del total","78.64962"
"ISR","Israel","1997","Fondos de seguridad social","Porcentaje del total","14.55068"
"ISR","Israel","1997","Gobierno municipal local","Porcentaje del total","7.24467"
"ISR","Israel","1997","Gobierno nacional","Porcentaje del total","78.20464"
"ISR","Israel","1998","Fondos de seguridad social","Porcentaje del total","14.83870"
"ISR","Israel","1998","Gobierno municipal local","Porcentaje del total","7.49569"
"ISR","Israel","1998","Gobierno nacional","Porcentaje del total","77.66561"
"ISR","Israel","1999","Fondos de seguridad social","Porcentaje del total","14.84569"
"ISR","Israel","1999","Gobierno municipal local","Porcentaje del total","7.40697"
"ISR","Israel","1999","Gobierno nacional","Porcentaje del total","77.74734"
"ISR","Israel","2000","Fondos de seguridad social","Porcentaje del total","14.56146"
"ISR","Israel","2000","Gobierno municipal local","Porcentaje del total","7.24176"
"ISR","Israel","2000","Gobierno nacional","Porcentaje del total","78.19679"
"ISR","Israel","2001","Fondos de seguridad social","Porcentaje del total","15.49830"
"ISR","Israel","2001","Gobierno municipal local","Porcentaje del total","7.04940"
"ISR","Israel","2001","Gobierno nacional","Porcentaje del total","77.45230"
"ISR","Israel","2002","Fondos de seguridad social","Porcentaje del total","16.04006"
"ISR","Israel","2002","Gobierno municipal local","Porcentaje del total","7.35705"
"ISR","Israel","2002","Gobierno nacional","Porcentaje del total","76.60289"
"ISR","Israel","2003","Fondos de seguridad social","Porcentaje del total","16.71551"
"ISR","Israel","2003","Gobierno municipal local","Porcentaje del total","7.54274"
"ISR","Israel","2003","Gobierno nacional","Porcentaje del total","75.74175"
"ISR","Israel","2004","Fondos de seguridad social","Porcentaje del total","16.25015"
"ISR","Israel","2004","Gobierno municipal local","Porcentaje del total","7.91623"
"ISR","Israel","2004","Gobierno nacional","Porcentaje del total","75.83362"
"ISR","Israel","2005","Fondos de seguridad social","Porcentaje del total","15.99781"
"ISR","Israel","2005","Gobierno municipal local","Porcentaje del total","7.94523"
"ISR","Israel","2005","Gobierno nacional","Porcentaje del total","76.05696"
"ISR","Israel","2006","Fondos de seguridad social","Porcentaje del total","15.31096"
"ISR","Israel","2006","Gobierno municipal local","Porcentaje del total","7.77012"
"ISR","Israel","2006","Gobierno nacional","Porcentaje del total","76.91892"
"ISR","Israel","2007","Fondos de seguridad social","Porcentaje del total","15.04106"
"ISR","Israel","2007","Gobierno municipal local","Porcentaje del total","7.97253"
"ISR","Israel","2007","Gobierno nacional","Porcentaje del total","76.98641"
"ISR","Israel","2008","Fondos de seguridad social","Porcentaje del total","16.26692"
"ISR","Israel","2008","Gobierno municipal local","Porcentaje del total","8.53734"
"ISR","Israel","2008","Gobierno nacional","Porcentaje del total","75.19574"
"ISR","Israel","2009","Fondos de seguridad social","Porcentaje del total","16.86847"
"ISR","Israel","2009","Gobierno municipal local","Porcentaje del total","9.19554"
"ISR","Israel","2009","Gobierno nacional","Porcentaje del total","73.93599"
"ISR","Israel","2010","Fondos de seguridad social","Porcentaje del total","16.81390"
"ISR","Israel","2010","Gobierno municipal local","Porcentaje del total","9.07546"
"ISR","Israel","2010","Gobierno nacional","Porcentaje del total","74.11064"
"ISR","Israel","2011","Fondos de seguridad social","Porcentaje del total","16.77009"
"ISR","Israel","2011","Gobierno municipal local","Porcentaje del total","9.04175"
"ISR","Israel","2011","Gobierno nacional","Porcentaje del total","74.18816"
"ISR","Israel","2012","Fondos de seguridad social","Porcentaje del total","16.79239"
"ISR","Israel","2012","Gobierno municipal local","Porcentaje del total","8.95930"
"ISR","Israel","2012","Gobierno nacional","Porcentaje del total","74.24831"
"ISR","Israel","2013","Fondos de seguridad social","Porcentaje del total","16.32647"
"ISR","Israel","2013","Gobierno municipal local","Porcentaje del total","8.64138"
"ISR","Israel","2013","Gobierno nacional","Porcentaje del total","75.03214"
"ISR","Israel","2014","Fondos de seguridad social","Porcentaje del total","16.25203"
"ISR","Israel","2014","Gobierno municipal local","Porcentaje del total","8.57936"
"ISR","Israel","2014","Gobierno nacional","Porcentaje del total","75.16861"
"ISR","Israel","2015","Fondos de seguridad social","Porcentaje del total","16.27076"
"ISR","Israel","2015","Gobierno municipal local","Porcentaje del total","8.55721"
"ISR","Israel","2015","Gobierno nacional","Porcentaje del total","75.17202"
"ISR","Israel","2016","Fondos de seguridad social","Porcentaje del total","16.55523"
"ISR","Israel","2016","Gobierno municipal local","Porcentaje del total","8.31452"
"ISR","Israel","2016","Gobierno nacional","Porcentaje del total","75.13024"
"ISR","Israel","2017","Fondos de seguridad social","Porcentaje del total","16.08966"
"ISR","Israel","2017","Gobierno municipal local","Porcentaje del total","8.03987"
"ISR","Israel","2017","Gobierno nacional","Porcentaje del total","75.87047"
"ISR","Israel","2018","Fondos de seguridad social","Porcentaje del total","16.99489"
"ISR","Israel","2018","Gobierno municipal local","Porcentaje del total","8.39988"
"ISR","Israel","2018","Gobierno nacional","Porcentaje del total","74.60523"
"ISR","Israel","2019","Fondos de seguridad social","Porcentaje del total","17.28486"
"ISR","Israel","2019","Gobierno municipal local","Porcentaje del total","8.33266"
"ISR","Israel","2019","Gobierno nacional","Porcentaje del total","74.38248"
"ISR","Israel","2020","Fondos de seguridad social","Porcentaje del total","17.35720"
"ISR","Israel","2020","Gobierno municipal local","Porcentaje del total","7.96094"
"ISR","Israel","2020","Gobierno nacional","Porcentaje del total","74.68186"
"ISR","Israel","2021","Fondos de seguridad social","Porcentaje del total","15.47829"
"ISR","Israel","2021","Gobierno municipal local","Porcentaje del total","8.32331"
"ISR","Israel","2021","Gobierno nacional","Porcentaje del total","76.19840"
"ISR","Israel","2022","Fondos de seguridad social","Porcentaje del total","15.30150"
"ISR","Israel","2022","Gobierno municipal local","Porcentaje del total","8.12753"
"ISR","Israel","2022","Gobierno nacional","Porcentaje del total","76.57097"
"ISR","Israel","2023","Fondos de seguridad social","Porcentaje del total","16.74165"
"ISR","Israel","2023","Gobierno municipal local","Porcentaje del total","8.42302"
"ISR","Israel","2023","Gobierno nacional","Porcentaje del total","74.83534"
"ISR","Israel","2024","Fondos de seguridad social","Porcentaje del total","16.06257"
"ISR","Israel","2024","Gobierno municipal local","Porcentaje del total","7.58684"
"ISR","Israel","2024","Gobierno nacional","Porcentaje del total","76.35059"
"ITA","Italia","1990","European institutions and bodies (EU accounts)","Porcentaje del total","0.48565"
"ITA","Italia","1990","Fondos de seguridad social","Porcentaje del total","32.91230"
"ITA","Italia","1990","Gobierno municipal local","Porcentaje del total","2.90238"
"ITA","Italia","1990","Gobierno nacional","Porcentaje del total","63.69967"
"ITA","Italia","1991","European institutions and bodies (EU accounts)","Porcentaje del total","0.48602"
"ITA","Italia","1991","Fondos de seguridad social","Porcentaje del total","33.02297"
"ITA","Italia","1991","Gobierno municipal local","Porcentaje del total","2.70616"
"ITA","Italia","1991","Gobierno nacional","Porcentaje del total","63.78485"
"ITA","Italia","1992","European institutions and bodies (EU accounts)","Porcentaje del total","0.39179"
"ITA","Italia","1992","Fondos de seguridad social","Porcentaje del total","31.55647"
"ITA","Italia","1992","Gobierno municipal local","Porcentaje del total","2.81974"
"ITA","Italia","1992","Gobierno nacional","Porcentaje del total","65.23200"
"ITA","Italia","1993","European institutions and bodies (EU accounts)","Porcentaje del total","0.34046"
"ITA","Italia","1993","Fondos de seguridad social","Porcentaje del total","31.43399"
"ITA","Italia","1993","Gobierno municipal local","Porcentaje del total","4.04127"
"ITA","Italia","1993","Gobierno nacional","Porcentaje del total","64.18428"
"ITA","Italia","1994","European institutions and bodies (EU accounts)","Porcentaje del total","0.36089"
"ITA","Italia","1994","Fondos de seguridad social","Porcentaje del total","31.24592"
"ITA","Italia","1994","Gobierno municipal local","Porcentaje del total","4.82232"
"ITA","Italia","1994","Gobierno nacional","Porcentaje del total","63.57087"
"ITA","Italia","1995","European institutions and bodies (EU accounts)","Porcentaje del total","0.37997"
"ITA","Italia","1995","Fondos de seguridad social","Porcentaje del total","31.47421"
"ITA","Italia","1995","Gobierno municipal local","Porcentaje del total","5.39788"
"ITA","Italia","1995","Gobierno nacional","Porcentaje del total","62.74794"
"ITA","Italia","1996","European institutions and bodies (EU accounts)","Porcentaje del total","0.28592"
"ITA","Italia","1996","Fondos de seguridad social","Porcentaje del total","34.07422"
"ITA","Italia","1996","Gobierno municipal local","Porcentaje del total","5.57028"
"ITA","Italia","1996","Gobierno nacional","Porcentaje del total","60.06958"
"ITA","Italia","1997","European institutions and bodies (EU accounts)","Porcentaje del total","0.27806"
"ITA","Italia","1997","Fondos de seguridad social","Porcentaje del total","33.62506"
"ITA","Italia","1997","Gobierno municipal local","Porcentaje del total","5.82188"
"ITA","Italia","1997","Gobierno nacional","Porcentaje del total","60.27501"
"ITA","Italia","1998","European institutions and bodies (EU accounts)","Porcentaje del total","0.28888"
"ITA","Italia","1998","Fondos de seguridad social","Porcentaje del total","29.26119"
"ITA","Italia","1998","Gobierno municipal local","Porcentaje del total","11.76950"
"ITA","Italia","1998","Gobierno nacional","Porcentaje del total","58.68042"
"ITA","Italia","1999","European institutions and bodies (EU accounts)","Porcentaje del total","0.25576"
"ITA","Italia","1999","Fondos de seguridad social","Porcentaje del total","28.52286"
"ITA","Italia","1999","Gobierno municipal local","Porcentaje del total","9.42470"
"ITA","Italia","1999","Gobierno nacional","Porcentaje del total","61.79668"
"ITA","Italia","2000","European institutions and bodies (EU accounts)","Porcentaje del total","0.30808"
"ITA","Italia","2000","Fondos de seguridad social","Porcentaje del total","28.36094"
"ITA","Italia","2000","Gobierno municipal local","Porcentaje del total","12.01770"
"ITA","Italia","2000","Gobierno nacional","Porcentaje del total","59.31328"
"ITA","Italia","2001","European institutions and bodies (EU accounts)","Porcentaje del total","0.27540"
"ITA","Italia","2001","Fondos de seguridad social","Porcentaje del total","28.57331"
"ITA","Italia","2001","Gobierno municipal local","Porcentaje del total","12.75159"
"ITA","Italia","2001","Gobierno nacional","Porcentaje del total","58.39970"
"ITA","Italia","2002","European institutions and bodies (EU accounts)","Porcentaje del total","0.25614"
"ITA","Italia","2002","Fondos de seguridad social","Porcentaje del total","29.26444"
"ITA","Italia","2002","Gobierno municipal local","Porcentaje del total","12.97455"
"ITA","Italia","2002","Gobierno nacional","Porcentaje del total","57.50487"
"ITA","Italia","2003","European institutions and bodies (EU accounts)","Porcentaje del total","0.25997"
"ITA","Italia","2003","Fondos de seguridad social","Porcentaje del total","29.43670"
"ITA","Italia","2003","Gobierno municipal local","Porcentaje del total","13.41407"
"ITA","Italia","2003","Gobierno nacional","Porcentaje del total","56.88926"
"ITA","Italia","2004","European institutions and bodies (EU accounts)","Porcentaje del total","0.28063"
"ITA","Italia","2004","Fondos de seguridad social","Porcentaje del total","30.14050"
"ITA","Italia","2004","Gobierno municipal local","Porcentaje del total","13.19333"
"ITA","Italia","2004","Gobierno nacional","Porcentaje del total","56.38554"
"ITA","Italia","2005","European institutions and bodies (EU accounts)","Porcentaje del total","0.30459"
"ITA","Italia","2005","Fondos de seguridad social","Porcentaje del total","30.37432"
"ITA","Italia","2005","Gobierno municipal local","Porcentaje del total","13.35218"
"ITA","Italia","2005","Gobierno nacional","Porcentaje del total","55.96891"
"ITA","Italia","2006","European institutions and bodies (EU accounts)","Porcentaje del total","0.33439"
"ITA","Italia","2006","Fondos de seguridad social","Porcentaje del total","28.79975"
"ITA","Italia","2006","Gobierno municipal local","Porcentaje del total","12.93790"
"ITA","Italia","2006","Gobierno nacional","Porcentaje del total","57.92795"
"ITA","Italia","2007","European institutions and bodies (EU accounts)","Porcentaje del total","0.33734"
"ITA","Italia","2007","Fondos de seguridad social","Porcentaje del total","29.53453"
"ITA","Italia","2007","Gobierno municipal local","Porcentaje del total","13.03262"
"ITA","Italia","2007","Gobierno nacional","Porcentaje del total","57.09551"
"ITA","Italia","2008","European institutions and bodies (EU accounts)","Porcentaje del total","0.32361"
"ITA","Italia","2008","Fondos de seguridad social","Porcentaje del total","30.68681"
"ITA","Italia","2008","Gobierno municipal local","Porcentaje del total","12.25792"
"ITA","Italia","2008","Gobierno nacional","Porcentaje del total","56.73166"
"ITA","Italia","2009","European institutions and bodies (EU accounts)","Porcentaje del total","0.30185"
"ITA","Italia","2009","Fondos de seguridad social","Porcentaje del total","31.20826"
"ITA","Italia","2009","Gobierno municipal local","Porcentaje del total","11.66097"
"ITA","Italia","2009","Gobierno nacional","Porcentaje del total","56.82893"
"ITA","Italia","2010","European institutions and bodies (EU accounts)","Porcentaje del total","0.32899"
"ITA","Italia","2010","Fondos de seguridad social","Porcentaje del total","31.00036"
"ITA","Italia","2010","Gobierno municipal local","Porcentaje del total","11.71231"
"ITA","Italia","2010","Gobierno nacional","Porcentaje del total","56.95835"
"ITA","Italia","2011","European institutions and bodies (EU accounts)","Porcentaje del total","0.33634"
"ITA","Italia","2011","Fondos de seguridad social","Porcentaje del total","30.69578"
"ITA","Italia","2011","Gobierno municipal local","Porcentaje del total","12.00273"
"ITA","Italia","2011","Gobierno nacional","Porcentaje del total","56.96515"
"ITA","Italia","2012","European institutions and bodies (EU accounts)","Porcentaje del total","0.29225"
"ITA","Italia","2012","Fondos de seguridad social","Porcentaje del total","29.67289"
"ITA","Italia","2012","Gobierno municipal local","Porcentaje del total","12.77956"
"ITA","Italia","2012","Gobierno nacional","Porcentaje del total","57.25530"
"ITA","Italia","2013","European institutions and bodies (EU accounts)","Porcentaje del total","0.26638"
"ITA","Italia","2013","Fondos de seguridad social","Porcentaje del total","29.65924"
"ITA","Italia","2013","Gobierno municipal local","Porcentaje del total","12.55800"
"ITA","Italia","2013","Gobierno nacional","Porcentaje del total","57.51638"
"ITA","Italia","2014","European institutions and bodies (EU accounts)","Porcentaje del total","0.28564"
"ITA","Italia","2014","Fondos de seguridad social","Porcentaje del total","29.61412"
"ITA","Italia","2014","Gobierno municipal local","Porcentaje del total","13.10744"
"ITA","Italia","2014","Gobierno nacional","Porcentaje del total","56.99279"
"ITA","Italia","2015","European institutions and bodies (EU accounts)","Porcentaje del total","0.64261"
"ITA","Italia","2015","Fondos de seguridad social","Porcentaje del total","29.99305"
"ITA","Italia","2015","Gobierno municipal local","Porcentaje del total","12.75337"
"ITA","Italia","2015","Gobierno nacional","Porcentaje del total","56.61097"
"ITA","Italia","2016","European institutions and bodies (EU accounts)","Porcentaje del total","0.41720"
"ITA","Italia","2016","Fondos de seguridad social","Porcentaje del total","30.03893"
"ITA","Italia","2016","Gobierno municipal local","Porcentaje del total","11.31514"
"ITA","Italia","2016","Gobierno nacional","Porcentaje del total","58.22873"
"ITA","Italia","2017","European institutions and bodies (EU accounts)","Porcentaje del total","0.62513"
"ITA","Italia","2017","Fondos de seguridad social","Porcentaje del total","30.24841"
"ITA","Italia","2017","Gobierno municipal local","Porcentaje del total","11.40716"
"ITA","Italia","2017","Gobierno nacional","Porcentaje del total","57.71930"
"ITA","Italia","2018","European institutions and bodies (EU accounts)","Porcentaje del total","0.46315"
"ITA","Italia","2018","Fondos de seguridad social","Porcentaje del total","30.95118"
"ITA","Italia","2018","Gobierno municipal local","Porcentaje del total","11.65849"
"ITA","Italia","2018","Gobierno nacional","Porcentaje del total","56.92718"
"ITA","Italia","2019","European institutions and bodies (EU accounts)","Porcentaje del total","0.41394"
"ITA","Italia","2019","Fondos de seguridad social","Porcentaje del total","31.04799"
"ITA","Italia","2019","Gobierno municipal local","Porcentaje del total","11.42553"
"ITA","Italia","2019","Gobierno nacional","Porcentaje del total","57.11254"
"ITA","Italia","2020","European institutions and bodies (EU accounts)","Porcentaje del total","0.41445"
"ITA","Italia","2020","Fondos de seguridad social","Porcentaje del total","31.62481"
"ITA","Italia","2020","Gobierno municipal local","Porcentaje del total","11.14448"
"ITA","Italia","2020","Gobierno nacional","Porcentaje del total","56.81625"
"ITA","Italia","2021","European institutions and bodies (EU accounts)","Porcentaje del total","0.45140"
"ITA","Italia","2021","Fondos de seguridad social","Porcentaje del total","31.17231"
"ITA","Italia","2021","Gobierno municipal local","Porcentaje del total","10.92235"
"ITA","Italia","2021","Gobierno nacional","Porcentaje del total","57.45393"
"ITA","Italia","2022","European institutions and bodies (EU accounts)","Porcentaje del total","0.60638"
"ITA","Italia","2022","Fondos de seguridad social","Porcentaje del total","30.40160"
"ITA","Italia","2022","Gobierno municipal local","Porcentaje del total","10.92074"
"ITA","Italia","2022","Gobierno nacional","Porcentaje del total","58.07127"
"ITA","Italia","2023","European institutions and bodies (EU accounts)","Porcentaje del total","0.47118"
"ITA","Italia","2023","Fondos de seguridad social","Porcentaje del total","29.56608"
"ITA","Italia","2023","Gobierno municipal local","Porcentaje del total","10.82098"
"ITA","Italia","2023","Gobierno nacional","Porcentaje del total","59.14176"
"ITA","Italia","2024","European institutions and bodies (EU accounts)","Porcentaje del total","0.31795"
"ITA","Italia","2024","Fondos de seguridad social","Porcentaje del total","29.17452"
"ITA","Italia","2024","Gobierno municipal local","Porcentaje del total","10.90266"
"ITA","Italia","2024","Gobierno nacional","Porcentaje del total","59.60486"
"JAM","Jamaica","1990","Gobierno nacional","Porcentaje del total","100.00000"
"JAM","Jamaica","1991","Gobierno nacional","Porcentaje del total","100.00000"
"JAM","Jamaica","1992","Gobierno nacional","Porcentaje del total","100.00000"
"JAM","Jamaica","1993","Gobierno nacional","Porcentaje del total","100.00000"
"JAM","Jamaica","1994","Gobierno nacional","Porcentaje del total","100.00000"
"JAM","Jamaica","1995","Gobierno nacional","Porcentaje del total","100.00000"
"JAM","Jamaica","1996","Gobierno nacional","Porcentaje del total","100.00000"
"JAM","Jamaica","1997","Gobierno nacional","Porcentaje del total","100.00000"
"JAM","Jamaica","1998","Gobierno municipal local","Porcentaje del total","0.75999"
"JAM","Jamaica","1998","Gobierno nacional","Porcentaje del total","99.24001"
"JAM","Jamaica","1999","Gobierno municipal local","Porcentaje del total","0.75425"
"JAM","Jamaica","1999","Gobierno nacional","Porcentaje del total","99.24575"
"JAM","Jamaica","2000","Gobierno municipal local","Porcentaje del total","0.72850"
"JAM","Jamaica","2000","Gobierno nacional","Porcentaje del total","99.27150"
"JAM","Jamaica","2001","Gobierno municipal local","Porcentaje del total","0.74293"
"JAM","Jamaica","2001","Gobierno nacional","Porcentaje del total","99.25707"
"JAM","Jamaica","2002","Gobierno municipal local","Porcentaje del total","0.89037"
"JAM","Jamaica","2002","Gobierno nacional","Porcentaje del total","99.10963"
"JAM","Jamaica","2003","Fondos de seguridad social","Porcentaje del total","2.56422"
"JAM","Jamaica","2003","Gobierno municipal local","Porcentaje del total","1.10327"
"JAM","Jamaica","2003","Gobierno nacional","Porcentaje del total","96.33251"
"JAM","Jamaica","2004","Fondos de seguridad social","Porcentaje del total","2.95530"
"JAM","Jamaica","2004","Gobierno municipal local","Porcentaje del total","0.97084"
"JAM","Jamaica","2004","Gobierno nacional","Porcentaje del total","96.07386"
"JAM","Jamaica","2005","Fondos de seguridad social","Porcentaje del total","3.01782"
"JAM","Jamaica","2005","Gobierno municipal local","Porcentaje del total","0.89203"
"JAM","Jamaica","2005","Gobierno nacional","Porcentaje del total","96.09015"
"JAM","Jamaica","2006","Fondos de seguridad social","Porcentaje del total","3.09243"
"JAM","Jamaica","2006","Gobierno municipal local","Porcentaje del total","0.92115"
"JAM","Jamaica","2006","Gobierno nacional","Porcentaje del total","95.98642"
"JAM","Jamaica","2007","Fondos de seguridad social","Porcentaje del total","2.89340"
"JAM","Jamaica","2007","Gobierno municipal local","Porcentaje del total","0.81476"
"JAM","Jamaica","2007","Gobierno nacional","Porcentaje del total","96.29184"
"JAM","Jamaica","2008","Fondos de seguridad social","Porcentaje del total","2.96040"
"JAM","Jamaica","2008","Gobierno municipal local","Porcentaje del total","0.96678"
"JAM","Jamaica","2008","Gobierno nacional","Porcentaje del total","96.07281"
"JAM","Jamaica","2009","Fondos de seguridad social","Porcentaje del total","2.91566"
"JAM","Jamaica","2009","Gobierno municipal local","Porcentaje del total","0.67365"
"JAM","Jamaica","2009","Gobierno nacional","Porcentaje del total","96.41069"
"JAM","Jamaica","2010","Fondos de seguridad social","Porcentaje del total","2.85541"
"JAM","Jamaica","2010","Gobierno municipal local","Porcentaje del total","0.90547"
"JAM","Jamaica","2010","Gobierno nacional","Porcentaje del total","96.23912"
"JAM","Jamaica","2011","Fondos de seguridad social","Porcentaje del total","3.80360"
"JAM","Jamaica","2011","Gobierno municipal local","Porcentaje del total","0.86616"
"JAM","Jamaica","2011","Gobierno nacional","Porcentaje del total","95.33024"
"JAM","Jamaica","2012","Fondos de seguridad social","Porcentaje del total","3.54262"
"JAM","Jamaica","2012","Gobierno municipal local","Porcentaje del total","0.75318"
"JAM","Jamaica","2012","Gobierno nacional","Porcentaje del total","95.70421"
"JAM","Jamaica","2013","Fondos de seguridad social","Porcentaje del total","3.88616"
"JAM","Jamaica","2013","Gobierno municipal local","Porcentaje del total","1.56692"
"JAM","Jamaica","2013","Gobierno nacional","Porcentaje del total","94.54693"
"JAM","Jamaica","2014","Fondos de seguridad social","Porcentaje del total","4.15527"
"JAM","Jamaica","2014","Gobierno municipal local","Porcentaje del total","1.60768"
"JAM","Jamaica","2014","Gobierno nacional","Porcentaje del total","94.23705"
"JAM","Jamaica","2015","Fondos de seguridad social","Porcentaje del total","3.84658"
"JAM","Jamaica","2015","Gobierno municipal local","Porcentaje del total","1.70029"
"JAM","Jamaica","2015","Gobierno nacional","Porcentaje del total","94.45313"
"JAM","Jamaica","2016","Fondos de seguridad social","Porcentaje del total","3.84688"
"JAM","Jamaica","2016","Gobierno municipal local","Porcentaje del total","1.51940"
"JAM","Jamaica","2016","Gobierno nacional","Porcentaje del total","94.63372"
"JAM","Jamaica","2017","Fondos de seguridad social","Porcentaje del total","3.72256"
"JAM","Jamaica","2017","Gobierno municipal local","Porcentaje del total","1.64824"
"JAM","Jamaica","2017","Gobierno nacional","Porcentaje del total","94.62920"
"JAM","Jamaica","2018","Fondos de seguridad social","Porcentaje del total","3.74255"
"JAM","Jamaica","2018","Gobierno municipal local","Porcentaje del total","1.50854"
"JAM","Jamaica","2018","Gobierno nacional","Porcentaje del total","94.74891"
"JAM","Jamaica","2019","Fondos de seguridad social","Porcentaje del total","4.07726"
"JAM","Jamaica","2019","Gobierno municipal local","Porcentaje del total","1.49685"
"JAM","Jamaica","2019","Gobierno nacional","Porcentaje del total","94.42590"
"JAM","Jamaica","2020","Fondos de seguridad social","Porcentaje del total","4.60782"
"JAM","Jamaica","2020","Gobierno municipal local","Porcentaje del total","1.46935"
"JAM","Jamaica","2020","Gobierno nacional","Porcentaje del total","93.92283"
"JAM","Jamaica","2021","Fondos de seguridad social","Porcentaje del total","5.13745"
"JAM","Jamaica","2021","Gobierno municipal local","Porcentaje del total","1.54850"
"JAM","Jamaica","2021","Gobierno nacional","Porcentaje del total","93.31405"
"JAM","Jamaica","2022","Fondos de seguridad social","Porcentaje del total","5.53374"
"JAM","Jamaica","2022","Gobierno municipal local","Porcentaje del total","1.26418"
"JAM","Jamaica","2022","Gobierno nacional","Porcentaje del total","93.20208"
"JAM","Jamaica","2023","Fondos de seguridad social","Porcentaje del total","6.19324"
"JAM","Jamaica","2023","Gobierno municipal local","Porcentaje del total","1.07481"
"JAM","Jamaica","2023","Gobierno nacional","Porcentaje del total","92.73195"
"JAM","Jamaica","2024","Fondos de seguridad social","Porcentaje del total","6.60086"
"JAM","Jamaica","2024","Gobierno municipal local","Porcentaje del total","1.06443"
"JAM","Jamaica","2024","Gobierno nacional","Porcentaje del total","92.33472"
"JPN","Japón","1990","Fondos de seguridad social","Porcentaje del total","26.45360"
"JPN","Japón","1990","Gobierno municipal local","Porcentaje del total","25.56535"
"JPN","Japón","1990","Gobierno nacional","Porcentaje del total","47.98105"
"JPN","Japón","1991","Fondos de seguridad social","Porcentaje del total","27.48594"
"JPN","Japón","1991","Gobierno municipal local","Porcentaje del total","25.87688"
"JPN","Japón","1991","Gobierno nacional","Porcentaje del total","46.63718"
"JPN","Japón","1992","Fondos de seguridad social","Porcentaje del total","29.65028"
"JPN","Japón","1992","Gobierno municipal local","Porcentaje del total","26.44365"
"JPN","Japón","1992","Gobierno nacional","Porcentaje del total","43.90607"
"JPN","Japón","1993","Fondos de seguridad social","Porcentaje del total","30.48274"
"JPN","Japón","1993","Gobierno municipal local","Porcentaje del total","25.74458"
"JPN","Japón","1993","Gobierno nacional","Porcentaje del total","43.77268"
"JPN","Japón","1994","Fondos de seguridad social","Porcentaje del total","32.38890"
"JPN","Japón","1994","Gobierno municipal local","Porcentaje del total","25.42198"
"JPN","Japón","1994","Gobierno nacional","Porcentaje del total","42.18911"
"JPN","Japón","1995","Fondos de seguridad social","Porcentaje del total","33.57058"
"JPN","Japón","1995","Gobierno municipal local","Porcentaje del total","25.23759"
"JPN","Japón","1995","Gobierno nacional","Porcentaje del total","41.19183"
"JPN","Japón","1996","Fondos de seguridad social","Porcentaje del total","33.83637"
"JPN","Japón","1996","Gobierno municipal local","Porcentaje del total","25.70795"
"JPN","Japón","1996","Gobierno nacional","Porcentaje del total","40.45567"
"JPN","Japón","1997","Fondos de seguridad social","Porcentaje del total","34.27995"
"JPN","Japón","1997","Gobierno municipal local","Porcentaje del total","25.89631"
"JPN","Japón","1997","Gobierno nacional","Porcentaje del total","39.82375"
"JPN","Japón","1998","Fondos de seguridad social","Porcentaje del total","35.47830"
"JPN","Japón","1998","Gobierno municipal local","Porcentaje del total","26.60430"
"JPN","Japón","1998","Gobierno nacional","Porcentaje del total","37.91740"
"JPN","Japón","1999","Fondos de seguridad social","Porcentaje del total","35.95223"
"JPN","Japón","1999","Gobierno municipal local","Porcentaje del total","26.63044"
"JPN","Japón","1999","Gobierno nacional","Porcentaje del total","37.41733"
"JPN","Japón","2000","Fondos de seguridad social","Porcentaje del total","35.22395"
"JPN","Japón","2000","Gobierno municipal local","Porcentaje del total","26.06226"
"JPN","Japón","2000","Gobierno nacional","Porcentaje del total","38.71379"
"JPN","Japón","2001","Fondos de seguridad social","Porcentaje del total","36.50711"
"JPN","Japón","2001","Gobierno municipal local","Porcentaje del total","26.37744"
"JPN","Japón","2001","Gobierno nacional","Porcentaje del total","37.11545"
"JPN","Japón","2002","Fondos de seguridad social","Porcentaje del total","38.24651"
"JPN","Japón","2002","Gobierno municipal local","Porcentaje del total","26.00473"
"JPN","Japón","2002","Gobierno nacional","Porcentaje del total","35.74876"
"JPN","Japón","2003","Fondos de seguridad social","Porcentaje del total","38.56535"
"JPN","Japón","2003","Gobierno municipal local","Porcentaje del total","25.70643"
"JPN","Japón","2003","Gobierno nacional","Porcentaje del total","35.72822"
"JPN","Japón","2004","Fondos de seguridad social","Porcentaje del total","37.74816"
"JPN","Japón","2004","Gobierno municipal local","Porcentaje del total","25.56508"
"JPN","Japón","2004","Gobierno nacional","Porcentaje del total","36.68676"
"JPN","Japón","2005","Fondos de seguridad social","Porcentaje del total","36.86525"
"JPN","Japón","2005","Gobierno municipal local","Porcentaje del total","25.22389"
"JPN","Japón","2005","Gobierno nacional","Porcentaje del total","37.91085"
"JPN","Japón","2006","Fondos de seguridad social","Porcentaje del total","36.63352"
"JPN","Japón","2006","Gobierno municipal local","Porcentaje del total","25.51979"
"JPN","Japón","2006","Gobierno nacional","Porcentaje del total","37.84669"
"JPN","Japón","2007","Fondos de seguridad social","Porcentaje del total","36.46799"
"JPN","Japón","2007","Gobierno municipal local","Porcentaje del total","27.52195"
"JPN","Japón","2007","Gobierno nacional","Porcentaje del total","36.01006"
"JPN","Japón","2008","Fondos de seguridad social","Porcentaje del total","38.85091"
"JPN","Japón","2008","Gobierno municipal local","Porcentaje del total","28.31615"
"JPN","Japón","2008","Gobierno nacional","Porcentaje del total","32.83294"
"JPN","Japón","2009","Fondos de seguridad social","Porcentaje del total","40.96877"
"JPN","Japón","2009","Gobierno municipal local","Porcentaje del total","27.52371"
"JPN","Japón","2009","Gobierno nacional","Porcentaje del total","31.50752"
"JPN","Japón","2010","Fondos de seguridad social","Porcentaje del total","41.11321"
"JPN","Japón","2010","Gobierno municipal local","Porcentaje del total","25.89129"
"JPN","Japón","2010","Gobierno nacional","Porcentaje del total","32.99550"
"JPN","Japón","2011","Fondos de seguridad social","Porcentaje del total","41.51993"
"JPN","Japón","2011","Gobierno municipal local","Porcentaje del total","25.17878"
"JPN","Japón","2011","Gobierno nacional","Porcentaje del total","33.30129"
"JPN","Japón","2012","Fondos de seguridad social","Porcentaje del total","41.61527"
"JPN","Japón","2012","Gobierno municipal local","Porcentaje del total","24.67813"
"JPN","Japón","2012","Gobierno nacional","Porcentaje del total","33.70660"
"JPN","Japón","2013","Fondos de seguridad social","Porcentaje del total","40.77351"
"JPN","Japón","2013","Gobierno municipal local","Porcentaje del total","24.29997"
"JPN","Japón","2013","Gobierno nacional","Porcentaje del total","34.92652"
"JPN","Japón","2014","Fondos de seguridad social","Porcentaje del total","39.67958"
"JPN","Japón","2014","Gobierno municipal local","Porcentaje del total","23.44714"
"JPN","Japón","2014","Gobierno nacional","Porcentaje del total","36.87328"
"JPN","Japón","2015","Fondos de seguridad social","Porcentaje del total","39.44854"
"JPN","Japón","2015","Gobierno municipal local","Porcentaje del total","23.85346"
"JPN","Japón","2015","Gobierno nacional","Porcentaje del total","36.69800"
"JPN","Japón","2016","Fondos de seguridad social","Porcentaje del total","40.41715"
"JPN","Japón","2016","Gobierno municipal local","Porcentaje del total","23.81598"
"JPN","Japón","2016","Gobierno nacional","Porcentaje del total","35.76687"
"JPN","Japón","2017","Fondos de seguridad social","Porcentaje del total","39.93807"
"JPN","Japón","2017","Gobierno municipal local","Porcentaje del total","22.64514"
"JPN","Japón","2017","Gobierno nacional","Porcentaje del total","37.41679"
"JPN","Japón","2018","Fondos de seguridad social","Porcentaje del total","40.21537"
"JPN","Japón","2018","Gobierno municipal local","Porcentaje del total","23.20830"
"JPN","Japón","2018","Gobierno nacional","Porcentaje del total","36.57633"
"JPN","Japón","2019","Fondos de seguridad social","Porcentaje del total","41.06763"
"JPN","Japón","2019","Gobierno municipal local","Porcentaje del total","23.49125"
"JPN","Japón","2019","Gobierno nacional","Porcentaje del total","35.44112"
"JPN","Japón","2020","Fondos de seguridad social","Porcentaje del total","40.35753"
"JPN","Japón","2020","Gobierno municipal local","Porcentaje del total","23.02357"
"JPN","Japón","2020","Gobierno nacional","Porcentaje del total","36.61889"
"JPN","Japón","2021","Fondos de seguridad social","Porcentaje del total","39.20482"
"JPN","Japón","2021","Gobierno municipal local","Porcentaje del total","22.55891"
"JPN","Japón","2021","Gobierno nacional","Porcentaje del total","38.23627"
"JPN","Japón","2022","Fondos de seguridad social","Porcentaje del total","38.55085"
"JPN","Japón","2022","Gobierno municipal local","Porcentaje del total","22.48502"
"JPN","Japón","2022","Gobierno nacional","Porcentaje del total","38.96413"
"JPN","Japón","2023","Fondos de seguridad social","Porcentaje del total","39.10045"
"JPN","Japón","2023","Gobierno municipal local","Porcentaje del total","22.27224"
"JPN","Japón","2023","Gobierno nacional","Porcentaje del total","38.62731"
"JPN","Japón","2024","Gobierno municipal local","Porcentaje del total","36.50667"
"JPN","Japón","2024","Gobierno nacional","Porcentaje del total","63.49333"
"KAZ","Kazajstán","1998","Gobierno municipal local","Porcentaje del total","45.37842"
"KAZ","Kazajstán","1998","Gobierno nacional","Porcentaje del total","54.62158"
"KAZ","Kazajstán","1999","Gobierno municipal local","Porcentaje del total","52.84502"
"KAZ","Kazajstán","1999","Gobierno nacional","Porcentaje del total","47.15498"
"KAZ","Kazajstán","2000","Gobierno municipal local","Porcentaje del total","49.71724"
"KAZ","Kazajstán","2000","Gobierno nacional","Porcentaje del total","50.28276"
"KAZ","Kazajstán","2001","Gobierno municipal local","Porcentaje del total","44.66447"
"KAZ","Kazajstán","2001","Gobierno nacional","Porcentaje del total","55.33553"
"KAZ","Kazajstán","2002","Gobierno municipal local","Porcentaje del total","37.16015"
"KAZ","Kazajstán","2002","Gobierno nacional","Porcentaje del total","62.83985"
"KAZ","Kazajstán","2003","Gobierno municipal local","Porcentaje del total","32.03152"
"KAZ","Kazajstán","2003","Gobierno nacional","Porcentaje del total","67.96848"
"KAZ","Kazajstán","2004","Gobierno municipal local","Porcentaje del total","28.38850"
"KAZ","Kazajstán","2004","Gobierno nacional","Porcentaje del total","71.61150"
"KAZ","Kazajstán","2005","Fondos de seguridad social","Porcentaje del total","0.70966"
"KAZ","Kazajstán","2005","Gobierno municipal local","Porcentaje del total","22.18259"
"KAZ","Kazajstán","2005","Gobierno nacional","Porcentaje del total","77.10775"
"KAZ","Kazajstán","2006","Fondos de seguridad social","Porcentaje del total","0.95394"
"KAZ","Kazajstán","2006","Gobierno municipal local","Porcentaje del total","20.03940"
"KAZ","Kazajstán","2006","Gobierno nacional","Porcentaje del total","79.00666"
"KAZ","Kazajstán","2007","Fondos de seguridad social","Porcentaje del total","1.48997"
"KAZ","Kazajstán","2007","Gobierno municipal local","Porcentaje del total","21.55748"
"KAZ","Kazajstán","2007","Gobierno nacional","Porcentaje del total","76.95255"
"KAZ","Kazajstán","2008","Fondos de seguridad social","Porcentaje del total","1.36280"
"KAZ","Kazajstán","2008","Gobierno municipal local","Porcentaje del total","16.70085"
"KAZ","Kazajstán","2008","Gobierno nacional","Porcentaje del total","81.93634"
"KAZ","Kazajstán","2009","Fondos de seguridad social","Porcentaje del total","2.48072"
"KAZ","Kazajstán","2009","Gobierno municipal local","Porcentaje del total","21.32082"
"KAZ","Kazajstán","2009","Gobierno nacional","Porcentaje del total","76.19846"
"KAZ","Kazajstán","2010","Fondos de seguridad social","Porcentaje del total","2.52858"
"KAZ","Kazajstán","2010","Gobierno municipal local","Porcentaje del total","16.21013"
"KAZ","Kazajstán","2010","Gobierno nacional","Porcentaje del total","81.26129"
"KAZ","Kazajstán","2011","Fondos de seguridad social","Porcentaje del total","2.17832"
"KAZ","Kazajstán","2011","Gobierno municipal local","Porcentaje del total","13.45175"
"KAZ","Kazajstán","2011","Gobierno nacional","Porcentaje del total","84.36993"
"KAZ","Kazajstán","2012","Fondos de seguridad social","Porcentaje del total","2.47663"
"KAZ","Kazajstán","2012","Gobierno municipal local","Porcentaje del total","14.99145"
"KAZ","Kazajstán","2012","Gobierno nacional","Porcentaje del total","82.53191"
"KAZ","Kazajstán","2013","Fondos de seguridad social","Porcentaje del total","2.50117"
"KAZ","Kazajstán","2013","Gobierno municipal local","Porcentaje del total","15.45432"
"KAZ","Kazajstán","2013","Gobierno nacional","Porcentaje del total","82.04451"
"KAZ","Kazajstán","2014","Fondos de seguridad social","Porcentaje del total","2.70109"
"KAZ","Kazajstán","2014","Gobierno municipal local","Porcentaje del total","17.15904"
"KAZ","Kazajstán","2014","Gobierno nacional","Porcentaje del total","80.13986"
"KAZ","Kazajstán","2015","Fondos de seguridad social","Porcentaje del total","3.78706"
"KAZ","Kazajstán","2015","Gobierno municipal local","Porcentaje del total","23.98615"
"KAZ","Kazajstán","2015","Gobierno nacional","Porcentaje del total","72.22679"
"KAZ","Kazajstán","2016","Fondos de seguridad social","Porcentaje del total","3.77831"
"KAZ","Kazajstán","2016","Gobierno municipal local","Porcentaje del total","24.47621"
"KAZ","Kazajstán","2016","Gobierno nacional","Porcentaje del total","71.74548"
"KAZ","Kazajstán","2017","Fondos de seguridad social","Porcentaje del total","3.41781"
"KAZ","Kazajstán","2017","Gobierno municipal local","Porcentaje del total","22.08685"
"KAZ","Kazajstán","2017","Gobierno nacional","Porcentaje del total","74.49534"
"KAZ","Kazajstán","2018","Fondos de seguridad social","Porcentaje del total","3.15565"
"KAZ","Kazajstán","2018","Gobierno municipal local","Porcentaje del total","20.56906"
"KAZ","Kazajstán","2018","Gobierno nacional","Porcentaje del total","76.27528"
"KAZ","Kazajstán","2019","Fondos de seguridad social","Porcentaje del total","3.18962"
"KAZ","Kazajstán","2019","Gobierno municipal local","Porcentaje del total","20.15494"
"KAZ","Kazajstán","2019","Gobierno nacional","Porcentaje del total","76.65544"
"KAZ","Kazajstán","2020","Fondos de seguridad social","Porcentaje del total","5.30140"
"KAZ","Kazajstán","2020","Gobierno municipal local","Porcentaje del total","29.65700"
"KAZ","Kazajstán","2020","Gobierno nacional","Porcentaje del total","65.04160"
"KAZ","Kazajstán","2021","Fondos de seguridad social","Porcentaje del total","5.54572"
"KAZ","Kazajstán","2021","Gobierno municipal local","Porcentaje del total","27.69603"
"KAZ","Kazajstán","2021","Gobierno nacional","Porcentaje del total","66.75826"
"KAZ","Kazajstán","2022","Fondos de seguridad social","Porcentaje del total","5.31366"
"KAZ","Kazajstán","2022","Gobierno municipal local","Porcentaje del total","23.26942"
"KAZ","Kazajstán","2022","Gobierno nacional","Porcentaje del total","71.41692"
"KAZ","Kazajstán","2023","Fondos de seguridad social","Porcentaje del total","5.83774"
"KAZ","Kazajstán","2023","Gobierno municipal local","Porcentaje del total","25.17974"
"KAZ","Kazajstán","2023","Gobierno nacional","Porcentaje del total","68.98252"
"KEN","Kenia","2001","Fondos de seguridad social","Porcentaje del total","1.19890"
"KEN","Kenia","2001","Gobierno nacional","Porcentaje del total","98.80110"
"KEN","Kenia","2002","Fondos de seguridad social","Porcentaje del total","1.15400"
"KEN","Kenia","2002","Gobierno nacional","Porcentaje del total","98.84600"
"KEN","Kenia","2003","Fondos de seguridad social","Porcentaje del total","1.23444"
"KEN","Kenia","2003","Gobierno nacional","Porcentaje del total","98.76556"
"KEN","Kenia","2004","Fondos de seguridad social","Porcentaje del total","1.13556"
"KEN","Kenia","2004","Gobierno nacional","Porcentaje del total","98.86444"
"KEN","Kenia","2005","Fondos de seguridad social","Porcentaje del total","1.11842"
"KEN","Kenia","2005","Gobierno nacional","Porcentaje del total","98.88158"
"KEN","Kenia","2006","Fondos de seguridad social","Porcentaje del total","1.13864"
"KEN","Kenia","2006","Gobierno nacional","Porcentaje del total","98.86136"
"KEN","Kenia","2007","Fondos de seguridad social","Porcentaje del total","1.07466"
"KEN","Kenia","2007","Gobierno nacional","Porcentaje del total","98.92534"
"KEN","Kenia","2008","Fondos de seguridad social","Porcentaje del total","1.02449"
"KEN","Kenia","2008","Gobierno nacional","Porcentaje del total","98.97551"
"KEN","Kenia","2009","Fondos de seguridad social","Porcentaje del total","1.03629"
"KEN","Kenia","2009","Gobierno nacional","Porcentaje del total","98.96371"
"KEN","Kenia","2010","Fondos de seguridad social","Porcentaje del total","1.10458"
"KEN","Kenia","2010","Gobierno nacional","Porcentaje del total","98.89542"
"KEN","Kenia","2011","Fondos de seguridad social","Porcentaje del total","1.04367"
"KEN","Kenia","2011","Gobierno nacional","Porcentaje del total","98.95633"
"KEN","Kenia","2012","Fondos de seguridad social","Porcentaje del total","1.32423"
"KEN","Kenia","2012","Gobierno nacional","Porcentaje del total","98.67577"
"KEN","Kenia","2013","Fondos de seguridad social","Porcentaje del total","1.46932"
"KEN","Kenia","2013","Gobierno nacional","Porcentaje del total","98.53068"
"KEN","Kenia","2014","Fondos de seguridad social","Porcentaje del total","1.38100"
"KEN","Kenia","2014","Gobierno municipal local","Porcentaje del total","0.00000"
"KEN","Kenia","2014","Gobierno nacional","Porcentaje del total","98.61900"
"KEN","Kenia","2015","Fondos de seguridad social","Porcentaje del total","1.44317"
"KEN","Kenia","2015","Gobierno municipal local","Porcentaje del total","0.00000"
"KEN","Kenia","2015","Gobierno nacional","Porcentaje del total","98.55683"
"KEN","Kenia","2016","Fondos de seguridad social","Porcentaje del total","2.57624"
"KEN","Kenia","2016","Gobierno municipal local","Porcentaje del total","0.00000"
"KEN","Kenia","2016","Gobierno nacional","Porcentaje del total","97.42376"
"KEN","Kenia","2017","Fondos de seguridad social","Porcentaje del total","2.48392"
"KEN","Kenia","2017","Gobierno municipal local","Porcentaje del total","0.00000"
"KEN","Kenia","2017","Gobierno nacional","Porcentaje del total","97.51608"
"KEN","Kenia","2018","Fondos de seguridad social","Porcentaje del total","3.18531"
"KEN","Kenia","2018","Gobierno municipal local","Porcentaje del total","0.00000"
"KEN","Kenia","2018","Gobierno nacional","Porcentaje del total","96.81469"
"KEN","Kenia","2019","Fondos de seguridad social","Porcentaje del total","3.42170"
"KEN","Kenia","2019","Gobierno municipal local","Porcentaje del total","0.00000"
"KEN","Kenia","2019","Gobierno nacional","Porcentaje del total","96.57830"
"KEN","Kenia","2020","Fondos de seguridad social","Porcentaje del total","3.62843"
"KEN","Kenia","2020","Gobierno municipal local","Porcentaje del total","0.00000"
"KEN","Kenia","2020","Gobierno nacional","Porcentaje del total","96.37157"
"KEN","Kenia","2021","Fondos de seguridad social","Porcentaje del total","3.48931"
"KEN","Kenia","2021","Gobierno municipal local","Porcentaje del total","0.00000"
"KEN","Kenia","2021","Gobierno nacional","Porcentaje del total","96.51069"
"KEN","Kenia","2022","Fondos de seguridad social","Porcentaje del total","3.73945"
"KEN","Kenia","2022","Gobierno municipal local","Porcentaje del total","0.00000"
"KEN","Kenia","2022","Gobierno nacional","Porcentaje del total","96.26055"
"KEN","Kenia","2023","Fondos de seguridad social","Porcentaje del total","3.61264"
"KEN","Kenia","2023","Gobierno municipal local","Porcentaje del total","0.00000"
"KEN","Kenia","2023","Gobierno nacional","Porcentaje del total","96.38736"
"KEN","Kenia","2024","Fondos de seguridad social","Porcentaje del total","3.19566"
"KEN","Kenia","2024","Gobierno municipal local","Porcentaje del total","0.00000"
"KEN","Kenia","2024","Gobierno nacional","Porcentaje del total","96.80434"
"KGZ","Kirguistán","1990","Gobierno nacional","Porcentaje del total","100.00000"
"KGZ","Kirguistán","1991","Gobierno nacional","Porcentaje del total","100.00000"
"KGZ","Kirguistán","1992","Gobierno nacional","Porcentaje del total","100.00000"
"KGZ","Kirguistán","1993","Gobierno nacional","Porcentaje del total","100.00000"
"KGZ","Kirguistán","1994","Gobierno nacional","Porcentaje del total","100.00000"
"KGZ","Kirguistán","1995","Gobierno nacional","Porcentaje del total","100.00000"
"KGZ","Kirguistán","1996","Gobierno nacional","Porcentaje del total","100.00000"
"KGZ","Kirguistán","1997","Gobierno nacional","Porcentaje del total","100.00000"
"KGZ","Kirguistán","1998","Gobierno nacional","Porcentaje del total","100.00000"
"KGZ","Kirguistán","1999","Gobierno nacional","Porcentaje del total","100.00000"
"KGZ","Kirguistán","2000","Gobierno nacional","Porcentaje del total","100.00000"
"KGZ","Kirguistán","2001","Gobierno nacional","Porcentaje del total","100.00000"
"KGZ","Kirguistán","2002","Gobierno nacional","Porcentaje del total","100.00000"
"KGZ","Kirguistán","2003","Gobierno nacional","Porcentaje del total","100.00000"
"KGZ","Kirguistán","2004","Gobierno nacional","Porcentaje del total","100.00000"
"KGZ","Kirguistán","2005","Gobierno nacional","Porcentaje del total","100.00000"
"KGZ","Kirguistán","2006","Gobierno nacional","Porcentaje del total","100.00000"
"KGZ","Kirguistán","2007","Gobierno nacional","Porcentaje del total","100.00000"
"KGZ","Kirguistán","2008","Gobierno nacional","Porcentaje del total","100.00000"
"KGZ","Kirguistán","2009","Gobierno nacional","Porcentaje del total","100.00000"
"KGZ","Kirguistán","2010","Gobierno nacional","Porcentaje del total","100.00000"
"KGZ","Kirguistán","2011","Gobierno nacional","Porcentaje del total","100.00000"
"KGZ","Kirguistán","2012","Gobierno nacional","Porcentaje del total","100.00000"
"KGZ","Kirguistán","2013","Gobierno nacional","Porcentaje del total","100.00000"
"KGZ","Kirguistán","2014","Gobierno nacional","Porcentaje del total","100.00000"
"KGZ","Kirguistán","2015","Gobierno nacional","Porcentaje del total","100.00000"
"KGZ","Kirguistán","2016","Gobierno nacional","Porcentaje del total","100.00000"
"KGZ","Kirguistán","2017","Gobierno nacional","Porcentaje del total","100.00000"
"KGZ","Kirguistán","2018","Gobierno nacional","Porcentaje del total","100.00000"
"KGZ","Kirguistán","2019","Gobierno nacional","Porcentaje del total","100.00000"
"KGZ","Kirguistán","2020","Gobierno nacional","Porcentaje del total","100.00000"
"KGZ","Kirguistán","2021","Gobierno nacional","Porcentaje del total","100.00000"
"KGZ","Kirguistán","2022","Gobierno nacional","Porcentaje del total","100.00000"
"KGZ","Kirguistán","2023","Gobierno nacional","Porcentaje del total","100.00000"
"KIR","Kiribati","2010","Gobierno nacional","Porcentaje del total","100.00000"
"KIR","Kiribati","2011","Gobierno nacional","Porcentaje del total","100.00000"
"KIR","Kiribati","2012","Gobierno nacional","Porcentaje del total","100.00000"
"KIR","Kiribati","2013","Gobierno nacional","Porcentaje del total","100.00000"
"KIR","Kiribati","2014","Gobierno nacional","Porcentaje del total","100.00000"
"KIR","Kiribati","2015","Gobierno nacional","Porcentaje del total","100.00000"
"KIR","Kiribati","2016","Gobierno nacional","Porcentaje del total","100.00000"
"KIR","Kiribati","2017","Gobierno nacional","Porcentaje del total","100.00000"
"KIR","Kiribati","2018","Gobierno nacional","Porcentaje del total","100.00000"
"KIR","Kiribati","2019","Gobierno nacional","Porcentaje del total","100.00000"
"KIR","Kiribati","2020","Gobierno nacional","Porcentaje del total","100.00000"
"KIR","Kiribati","2021","Gobierno nacional","Porcentaje del total","100.00000"
"KIR","Kiribati","2022","Gobierno nacional","Porcentaje del total","100.00000"
"KIR","Kiribati","2023","Gobierno nacional","Porcentaje del total","100.00000"
"LAO","Laos","2010","Gobierno nacional","Porcentaje del total","100.00000"
"LAO","Laos","2011","Gobierno nacional","Porcentaje del total","100.00000"
"LAO","Laos","2012","Gobierno nacional","Porcentaje del total","100.00000"
"LAO","Laos","2013","Gobierno nacional","Porcentaje del total","100.00000"
"LAO","Laos","2014","Gobierno nacional","Porcentaje del total","100.00000"
"LAO","Laos","2015","Gobierno nacional","Porcentaje del total","100.00000"
"LAO","Laos","2016","Gobierno nacional","Porcentaje del total","100.00000"
"LAO","Laos","2017","Gobierno nacional","Porcentaje del total","100.00000"
"LAO","Laos","2018","Gobierno nacional","Porcentaje del total","100.00000"
"LAO","Laos","2019","Gobierno nacional","Porcentaje del total","100.00000"
"LAO","Laos","2020","Gobierno nacional","Porcentaje del total","100.00000"
"LAO","Laos","2021","Gobierno nacional","Porcentaje del total","100.00000"
"LAO","Laos","2022","Gobierno nacional","Porcentaje del total","100.00000"
"LAO","Laos","2023","Gobierno nacional","Porcentaje del total","100.00000"
"LSO","Lesotho","2004","Gobierno nacional","Porcentaje del total","100.00000"
"LSO","Lesotho","2005","Gobierno nacional","Porcentaje del total","100.00000"
"LSO","Lesotho","2006","Gobierno nacional","Porcentaje del total","100.00000"
"LSO","Lesotho","2007","Gobierno nacional","Porcentaje del total","100.00000"
"LSO","Lesotho","2008","Gobierno nacional","Porcentaje del total","100.00000"
"LSO","Lesotho","2009","Gobierno nacional","Porcentaje del total","100.00000"
"LSO","Lesotho","2010","Gobierno nacional","Porcentaje del total","100.00000"
"LSO","Lesotho","2011","Gobierno nacional","Porcentaje del total","100.00000"
"LSO","Lesotho","2012","Gobierno nacional","Porcentaje del total","100.00000"
"LSO","Lesotho","2013","Gobierno nacional","Porcentaje del total","100.00000"
"LSO","Lesotho","2014","Gobierno nacional","Porcentaje del total","100.00000"
"LSO","Lesotho","2015","Gobierno nacional","Porcentaje del total","100.00000"
"LSO","Lesotho","2016","Gobierno nacional","Porcentaje del total","100.00000"
"LSO","Lesotho","2017","Gobierno nacional","Porcentaje del total","100.00000"
"LSO","Lesotho","2018","Gobierno nacional","Porcentaje del total","100.00000"
"LSO","Lesotho","2019","Gobierno nacional","Porcentaje del total","100.00000"
"LSO","Lesotho","2020","Gobierno nacional","Porcentaje del total","100.00000"
"LSO","Lesotho","2021","Gobierno nacional","Porcentaje del total","100.00000"
"LSO","Lesotho","2022","Gobierno nacional","Porcentaje del total","100.00000"
"LSO","Lesotho","2023","Gobierno nacional","Porcentaje del total","100.00000"
"LVA","Letonia","1995","Fondos de seguridad social","Porcentaje del total","36.12194"
"LVA","Letonia","1995","Gobierno municipal local","Porcentaje del total","19.11701"
"LVA","Letonia","1995","Gobierno nacional","Porcentaje del total","44.76104"
"LVA","Letonia","1996","Fondos de seguridad social","Porcentaje del total","35.13733"
"LVA","Letonia","1996","Gobierno municipal local","Porcentaje del total","20.14865"
"LVA","Letonia","1996","Gobierno nacional","Porcentaje del total","44.71402"
"LVA","Letonia","1997","Fondos de seguridad social","Porcentaje del total","33.16297"
"LVA","Letonia","1997","Gobierno municipal local","Porcentaje del total","15.90752"
"LVA","Letonia","1997","Gobierno nacional","Porcentaje del total","50.92951"
"LVA","Letonia","1998","Fondos de seguridad social","Porcentaje del total","31.77480"
"LVA","Letonia","1998","Gobierno municipal local","Porcentaje del total","15.97628"
"LVA","Letonia","1998","Gobierno nacional","Porcentaje del total","52.24892"
"LVA","Letonia","1999","Fondos de seguridad social","Porcentaje del total","33.16939"
"LVA","Letonia","1999","Gobierno municipal local","Porcentaje del total","15.58977"
"LVA","Letonia","1999","Gobierno nacional","Porcentaje del total","51.24085"
"LVA","Letonia","2000","Fondos de seguridad social","Porcentaje del total","33.33700"
"LVA","Letonia","2000","Gobierno municipal local","Porcentaje del total","16.84241"
"LVA","Letonia","2000","Gobierno nacional","Porcentaje del total","49.82059"
"LVA","Letonia","2001","Fondos de seguridad social","Porcentaje del total","31.94860"
"LVA","Letonia","2001","Gobierno municipal local","Porcentaje del total","17.16811"
"LVA","Letonia","2001","Gobierno nacional","Porcentaje del total","50.88329"
"LVA","Letonia","2002","Fondos de seguridad social","Porcentaje del total","32.44226"
"LVA","Letonia","2002","Gobierno municipal local","Porcentaje del total","17.12609"
"LVA","Letonia","2002","Gobierno nacional","Porcentaje del total","50.43164"
"LVA","Letonia","2003","Fondos de seguridad social","Porcentaje del total","30.66060"
"LVA","Letonia","2003","Gobierno municipal local","Porcentaje del total","17.58437"
"LVA","Letonia","2003","Gobierno nacional","Porcentaje del total","51.75503"
"LVA","Letonia","2004","European institutions and bodies (EU accounts)","Porcentaje del total","0.47861"
"LVA","Letonia","2004","Fondos de seguridad social","Porcentaje del total","29.98469"
"LVA","Letonia","2004","Gobierno municipal local","Porcentaje del total","17.67877"
"LVA","Letonia","2004","Gobierno nacional","Porcentaje del total","51.85793"
"LVA","Letonia","2005","European institutions and bodies (EU accounts)","Porcentaje del total","0.74891"
"LVA","Letonia","2005","Fondos de seguridad social","Porcentaje del total","28.39353"
"LVA","Letonia","2005","Gobierno municipal local","Porcentaje del total","16.67769"
"LVA","Letonia","2005","Gobierno nacional","Porcentaje del total","54.17987"
"LVA","Letonia","2006","European institutions and bodies (EU accounts)","Porcentaje del total","0.70397"
"LVA","Letonia","2006","Fondos de seguridad social","Porcentaje del total","28.01306"
"LVA","Letonia","2006","Gobierno municipal local","Porcentaje del total","16.88519"
"LVA","Letonia","2006","Gobierno nacional","Porcentaje del total","54.39779"
"LVA","Letonia","2007","European institutions and bodies (EU accounts)","Porcentaje del total","0.60720"
"LVA","Letonia","2007","Fondos de seguridad social","Porcentaje del total","27.72489"
"LVA","Letonia","2007","Gobierno municipal local","Porcentaje del total","17.83676"
"LVA","Letonia","2007","Gobierno nacional","Porcentaje del total","53.83115"
"LVA","Letonia","2008","European institutions and bodies (EU accounts)","Porcentaje del total","0.53858"
"LVA","Letonia","2008","Fondos de seguridad social","Porcentaje del total","28.37048"
"LVA","Letonia","2008","Gobierno municipal local","Porcentaje del total","18.76830"
"LVA","Letonia","2008","Gobierno nacional","Porcentaje del total","52.32264"
"LVA","Letonia","2009","European institutions and bodies (EU accounts)","Porcentaje del total","0.39846"
"LVA","Letonia","2009","Fondos de seguridad social","Porcentaje del total","32.60895"
"LVA","Letonia","2009","Gobierno municipal local","Porcentaje del total","17.71197"
"LVA","Letonia","2009","Gobierno nacional","Porcentaje del total","49.28062"
"LVA","Letonia","2010","European institutions and bodies (EU accounts)","Porcentaje del total","0.47859"
"LVA","Letonia","2010","Fondos de seguridad social","Porcentaje del total","30.05607"
"LVA","Letonia","2010","Gobierno municipal local","Porcentaje del total","19.96406"
"LVA","Letonia","2010","Gobierno nacional","Porcentaje del total","49.50128"
"LVA","Letonia","2011","European institutions and bodies (EU accounts)","Porcentaje del total","0.53013"
"LVA","Letonia","2011","Fondos de seguridad social","Porcentaje del total","30.59635"
"LVA","Letonia","2011","Gobierno municipal local","Porcentaje del total","19.10508"
"LVA","Letonia","2011","Gobierno nacional","Porcentaje del total","49.76844"
"LVA","Letonia","2012","European institutions and bodies (EU accounts)","Porcentaje del total","0.49835"
"LVA","Letonia","2012","Fondos de seguridad social","Porcentaje del total","29.78374"
"LVA","Letonia","2012","Gobierno municipal local","Porcentaje del total","18.64983"
"LVA","Letonia","2012","Gobierno nacional","Porcentaje del total","51.06807"
"LVA","Letonia","2013","European institutions and bodies (EU accounts)","Porcentaje del total","0.41106"
"LVA","Letonia","2013","Fondos de seguridad social","Porcentaje del total","28.85079"
"LVA","Letonia","2013","Gobierno municipal local","Porcentaje del total","18.53128"
"LVA","Letonia","2013","Gobierno nacional","Porcentaje del total","52.20687"
"LVA","Letonia","2014","European institutions and bodies (EU accounts)","Porcentaje del total","0.50813"
"LVA","Letonia","2014","Fondos de seguridad social","Porcentaje del total","28.23505"
"LVA","Letonia","2014","Gobierno municipal local","Porcentaje del total","18.89513"
"LVA","Letonia","2014","Gobierno nacional","Porcentaje del total","52.36169"
"LVA","Letonia","2015","European institutions and bodies (EU accounts)","Porcentaje del total","0.65300"
"LVA","Letonia","2015","Fondos de seguridad social","Porcentaje del total","27.72906"
"LVA","Letonia","2015","Gobierno municipal local","Porcentaje del total","18.68428"
"LVA","Letonia","2015","Gobierno nacional","Porcentaje del total","52.93365"
"LVA","Letonia","2016","European institutions and bodies (EU accounts)","Porcentaje del total","0.63429"
"LVA","Letonia","2016","Fondos de seguridad social","Porcentaje del total","26.52842"
"LVA","Letonia","2016","Gobierno municipal local","Porcentaje del total","18.85923"
"LVA","Letonia","2016","Gobierno nacional","Porcentaje del total","53.97806"
"LVA","Letonia","2017","European institutions and bodies (EU accounts)","Porcentaje del total","0.63202"
"LVA","Letonia","2017","Fondos de seguridad social","Porcentaje del total","26.94963"
"LVA","Letonia","2017","Gobierno municipal local","Porcentaje del total","19.24074"
"LVA","Letonia","2017","Gobierno nacional","Porcentaje del total","53.17761"
"LVA","Letonia","2018","European institutions and bodies (EU accounts)","Porcentaje del total","0.67112"
"LVA","Letonia","2018","Fondos de seguridad social","Porcentaje del total","28.92054"
"LVA","Letonia","2018","Gobierno municipal local","Porcentaje del total","18.42097"
"LVA","Letonia","2018","Gobierno nacional","Porcentaje del total","51.98737"
"LVA","Letonia","2019","European institutions and bodies (EU accounts)","Porcentaje del total","0.57959"
"LVA","Letonia","2019","Fondos de seguridad social","Porcentaje del total","29.38729"
"LVA","Letonia","2019","Gobierno municipal local","Porcentaje del total","19.15437"
"LVA","Letonia","2019","Gobierno nacional","Porcentaje del total","50.87875"
"LVA","Letonia","2020","European institutions and bodies (EU accounts)","Porcentaje del total","0.55521"
"LVA","Letonia","2020","Fondos de seguridad social","Porcentaje del total","30.70311"
"LVA","Letonia","2020","Gobierno municipal local","Porcentaje del total","17.63953"
"LVA","Letonia","2020","Gobierno nacional","Porcentaje del total","51.10215"
"LVA","Letonia","2021","European institutions and bodies (EU accounts)","Porcentaje del total","0.73594"
"LVA","Letonia","2021","Fondos de seguridad social","Porcentaje del total","29.97526"
"LVA","Letonia","2021","Gobierno municipal local","Porcentaje del total","17.07692"
"LVA","Letonia","2021","Gobierno nacional","Porcentaje del total","52.21188"
"LVA","Letonia","2022","European institutions and bodies (EU accounts)","Porcentaje del total","0.78336"
"LVA","Letonia","2022","Fondos de seguridad social","Porcentaje del total","29.50197"
"LVA","Letonia","2022","Gobierno municipal local","Porcentaje del total","16.44463"
"LVA","Letonia","2022","Gobierno nacional","Porcentaje del total","53.27004"
"LVA","Letonia","2023","European institutions and bodies (EU accounts)","Porcentaje del total","0.47162"
"LVA","Letonia","2023","Fondos de seguridad social","Porcentaje del total","30.63516"
"LVA","Letonia","2023","Gobierno municipal local","Porcentaje del total","16.72658"
"LVA","Letonia","2023","Gobierno nacional","Porcentaje del total","52.16664"
"LVA","Letonia","2024","European institutions and bodies (EU accounts)","Porcentaje del total","0.44478"
"LVA","Letonia","2024","Fondos de seguridad social","Porcentaje del total","30.40517"
"LVA","Letonia","2024","Gobierno municipal local","Porcentaje del total","17.20772"
"LVA","Letonia","2024","Gobierno nacional","Porcentaje del total","51.94233"
"LBR","Liberia","2012","Gobierno nacional","Porcentaje del total","100.00000"
"LBR","Liberia","2013","Gobierno nacional","Porcentaje del total","100.00000"
"LBR","Liberia","2014","Gobierno nacional","Porcentaje del total","100.00000"
"LBR","Liberia","2015","Gobierno nacional","Porcentaje del total","100.00000"
"LBR","Liberia","2016","Gobierno nacional","Porcentaje del total","100.00000"
"LBR","Liberia","2017","Gobierno nacional","Porcentaje del total","100.00000"
"LBR","Liberia","2018","Gobierno nacional","Porcentaje del total","100.00000"
"LBR","Liberia","2019","Gobierno nacional","Porcentaje del total","100.00000"
"LBR","Liberia","2020","Gobierno nacional","Porcentaje del total","100.00000"
"LBR","Liberia","2021","Gobierno nacional","Porcentaje del total","100.00000"
"LBR","Liberia","2022","Gobierno nacional","Porcentaje del total","100.00000"
"LBR","Liberia","2023","Gobierno nacional","Porcentaje del total","100.00000"
"LBR","Liberia","2024","Gobierno nacional","Porcentaje del total","100.00000"
"LIE","Liechtenstein","1998","Fondos de seguridad social","Porcentaje del total","24.71409"
"LIE","Liechtenstein","1998","Gobierno municipal local","Porcentaje del total","23.75876"
"LIE","Liechtenstein","1998","Gobierno nacional","Porcentaje del total","51.52716"
"LIE","Liechtenstein","1999","Fondos de seguridad social","Porcentaje del total","25.87459"
"LIE","Liechtenstein","1999","Gobierno municipal local","Porcentaje del total","24.52611"
"LIE","Liechtenstein","1999","Gobierno nacional","Porcentaje del total","49.59930"
"LIE","Liechtenstein","2000","Fondos de seguridad social","Porcentaje del total","22.89851"
"LIE","Liechtenstein","2000","Gobierno municipal local","Porcentaje del total","24.37879"
"LIE","Liechtenstein","2000","Gobierno nacional","Porcentaje del total","52.72270"
"LIE","Liechtenstein","2001","Fondos de seguridad social","Porcentaje del total","23.54523"
"LIE","Liechtenstein","2001","Gobierno municipal local","Porcentaje del total","23.84321"
"LIE","Liechtenstein","2001","Gobierno nacional","Porcentaje del total","52.61156"
"LIE","Liechtenstein","2002","Fondos de seguridad social","Porcentaje del total","25.32661"
"LIE","Liechtenstein","2002","Gobierno municipal local","Porcentaje del total","23.88896"
"LIE","Liechtenstein","2002","Gobierno nacional","Porcentaje del total","50.78443"
"LIE","Liechtenstein","2003","Fondos de seguridad social","Porcentaje del total","26.05637"
"LIE","Liechtenstein","2003","Gobierno municipal local","Porcentaje del total","21.81529"
"LIE","Liechtenstein","2003","Gobierno nacional","Porcentaje del total","52.12833"
"LIE","Liechtenstein","2004","Fondos de seguridad social","Porcentaje del total","26.91257"
"LIE","Liechtenstein","2004","Gobierno municipal local","Porcentaje del total","23.99914"
"LIE","Liechtenstein","2004","Gobierno nacional","Porcentaje del total","49.08829"
"LIE","Liechtenstein","2005","Fondos de seguridad social","Porcentaje del total","26.54956"
"LIE","Liechtenstein","2005","Gobierno municipal local","Porcentaje del total","23.82898"
"LIE","Liechtenstein","2005","Gobierno nacional","Porcentaje del total","49.62147"
"LIE","Liechtenstein","2006","Fondos de seguridad social","Porcentaje del total","26.67050"
"LIE","Liechtenstein","2006","Gobierno municipal local","Porcentaje del total","23.95230"
"LIE","Liechtenstein","2006","Gobierno nacional","Porcentaje del total","49.37719"
"LIE","Liechtenstein","2007","Fondos de seguridad social","Porcentaje del total","25.71506"
"LIE","Liechtenstein","2007","Gobierno municipal local","Porcentaje del total","24.71239"
"LIE","Liechtenstein","2007","Gobierno nacional","Porcentaje del total","49.57255"
"LIE","Liechtenstein","2008","Fondos de seguridad social","Porcentaje del total","25.55534"
"LIE","Liechtenstein","2008","Gobierno municipal local","Porcentaje del total","15.91937"
"LIE","Liechtenstein","2008","Gobierno nacional","Porcentaje del total","58.52529"
"LIE","Liechtenstein","2009","Fondos de seguridad social","Porcentaje del total","28.62734"
"LIE","Liechtenstein","2009","Gobierno municipal local","Porcentaje del total","15.39439"
"LIE","Liechtenstein","2009","Gobierno nacional","Porcentaje del total","55.97827"
"LIE","Liechtenstein","2010","Fondos de seguridad social","Porcentaje del total","27.83956"
"LIE","Liechtenstein","2010","Gobierno municipal local","Porcentaje del total","14.73845"
"LIE","Liechtenstein","2010","Gobierno nacional","Porcentaje del total","57.42199"
"LIE","Liechtenstein","2011","Fondos de seguridad social","Porcentaje del total","28.85933"
"LIE","Liechtenstein","2011","Gobierno municipal local","Porcentaje del total","15.26417"
"LIE","Liechtenstein","2011","Gobierno nacional","Porcentaje del total","55.87650"
"LIE","Liechtenstein","2012","Fondos de seguridad social","Porcentaje del total","27.61315"
"LIE","Liechtenstein","2012","Gobierno municipal local","Porcentaje del total","11.62485"
"LIE","Liechtenstein","2012","Gobierno nacional","Porcentaje del total","60.76200"
"LIE","Liechtenstein","2013","Fondos de seguridad social","Porcentaje del total","34.66952"
"LIE","Liechtenstein","2013","Gobierno municipal local","Porcentaje del total","12.82146"
"LIE","Liechtenstein","2013","Gobierno nacional","Porcentaje del total","52.50901"
"LIE","Liechtenstein","2014","Fondos de seguridad social","Porcentaje del total","31.74812"
"LIE","Liechtenstein","2014","Gobierno municipal local","Porcentaje del total","17.17176"
"LIE","Liechtenstein","2014","Gobierno nacional","Porcentaje del total","51.08013"
"LIE","Liechtenstein","2015","Fondos de seguridad social","Porcentaje del total","29.61019"
"LIE","Liechtenstein","2015","Gobierno municipal local","Porcentaje del total","15.26843"
"LIE","Liechtenstein","2015","Gobierno nacional","Porcentaje del total","55.12139"
"LIE","Liechtenstein","2016","Fondos de seguridad social","Porcentaje del total","30.52038"
"LIE","Liechtenstein","2016","Gobierno municipal local","Porcentaje del total","15.99710"
"LIE","Liechtenstein","2016","Gobierno nacional","Porcentaje del total","53.48252"
"LIE","Liechtenstein","2017","Fondos de seguridad social","Porcentaje del total","30.15534"
"LIE","Liechtenstein","2017","Gobierno municipal local","Porcentaje del total","16.29368"
"LIE","Liechtenstein","2017","Gobierno nacional","Porcentaje del total","53.55098"
"LIE","Liechtenstein","2018","Fondos de seguridad social","Porcentaje del total","30.07221"
"LIE","Liechtenstein","2018","Gobierno municipal local","Porcentaje del total","15.91514"
"LIE","Liechtenstein","2018","Gobierno nacional","Porcentaje del total","54.01265"
"LIE","Liechtenstein","2019","Fondos de seguridad social","Porcentaje del total","30.32437"
"LIE","Liechtenstein","2019","Gobierno municipal local","Porcentaje del total","16.12375"
"LIE","Liechtenstein","2019","Gobierno nacional","Porcentaje del total","53.55188"
"LIE","Liechtenstein","2020","Fondos de seguridad social","Porcentaje del total","24.88250"
"LIE","Liechtenstein","2020","Gobierno municipal local","Porcentaje del total","15.01351"
"LIE","Liechtenstein","2020","Gobierno nacional","Porcentaje del total","60.10398"
"LIE","Liechtenstein","2021","Fondos de seguridad social","Porcentaje del total","30.63621"
"LIE","Liechtenstein","2021","Gobierno municipal local","Porcentaje del total","15.84117"
"LIE","Liechtenstein","2021","Gobierno nacional","Porcentaje del total","53.52262"
"LIE","Liechtenstein","2022","Fondos de seguridad social","Porcentaje del total","29.14517"
"LIE","Liechtenstein","2022","Gobierno municipal local","Porcentaje del total","15.74977"
"LIE","Liechtenstein","2022","Gobierno nacional","Porcentaje del total","55.10506"
"LIE","Liechtenstein","2023","Fondos de seguridad social","Porcentaje del total","29.52519"
"LIE","Liechtenstein","2023","Gobierno municipal local","Porcentaje del total","16.44138"
"LIE","Liechtenstein","2023","Gobierno nacional","Porcentaje del total","54.03342"
"LIE","Liechtenstein","2024","Fondos de seguridad social","Porcentaje del total","31.10317"
"LIE","Liechtenstein","2024","Gobierno municipal local","Porcentaje del total","16.19982"
"LIE","Liechtenstein","2024","Gobierno nacional","Porcentaje del total","52.69701"
"LTU","Lituania","1995","Fondos de seguridad social","Porcentaje del total","26.05269"
"LTU","Lituania","1995","Gobierno municipal local","Porcentaje del total","2.25514"
"LTU","Lituania","1995","Gobierno nacional","Porcentaje del total","71.69218"
"LTU","Lituania","1996","Fondos de seguridad social","Porcentaje del total","28.19510"
"LTU","Lituania","1996","Gobierno municipal local","Porcentaje del total","2.44881"
"LTU","Lituania","1996","Gobierno nacional","Porcentaje del total","69.35609"
"LTU","Lituania","1997","Fondos de seguridad social","Porcentaje del total","28.72503"
"LTU","Lituania","1997","Gobierno municipal local","Porcentaje del total","2.00392"
"LTU","Lituania","1997","Gobierno nacional","Porcentaje del total","69.27105"
"LTU","Lituania","1998","Fondos de seguridad social","Porcentaje del total","30.47876"
"LTU","Lituania","1998","Gobierno municipal local","Porcentaje del total","1.79775"
"LTU","Lituania","1998","Gobierno nacional","Porcentaje del total","67.72349"
"LTU","Lituania","1999","Fondos de seguridad social","Porcentaje del total","30.05525"
"LTU","Lituania","1999","Gobierno municipal local","Porcentaje del total","1.93395"
"LTU","Lituania","1999","Gobierno nacional","Porcentaje del total","68.01080"
"LTU","Lituania","2000","Fondos de seguridad social","Porcentaje del total","32.16229"
"LTU","Lituania","2000","Gobierno municipal local","Porcentaje del total","1.97435"
"LTU","Lituania","2000","Gobierno nacional","Porcentaje del total","65.86336"
"LTU","Lituania","2001","Fondos de seguridad social","Porcentaje del total","31.96866"
"LTU","Lituania","2001","Gobierno municipal local","Porcentaje del total","1.93316"
"LTU","Lituania","2001","Gobierno nacional","Porcentaje del total","66.09818"
"LTU","Lituania","2002","Fondos de seguridad social","Porcentaje del total","31.65165"
"LTU","Lituania","2002","Gobierno municipal local","Porcentaje del total","2.19941"
"LTU","Lituania","2002","Gobierno nacional","Porcentaje del total","66.14893"
"LTU","Lituania","2003","Fondos de seguridad social","Porcentaje del total","31.79916"
"LTU","Lituania","2003","Gobierno municipal local","Porcentaje del total","1.68980"
"LTU","Lituania","2003","Gobierno nacional","Porcentaje del total","66.51104"
"LTU","Lituania","2004","European institutions and bodies (EU accounts)","Porcentaje del total","0.36178"
"LTU","Lituania","2004","Fondos de seguridad social","Porcentaje del total","31.21937"
"LTU","Lituania","2004","Gobierno municipal local","Porcentaje del total","1.71164"
"LTU","Lituania","2004","Gobierno nacional","Porcentaje del total","66.70721"
"LTU","Lituania","2005","European institutions and bodies (EU accounts)","Porcentaje del total","0.74210"
"LTU","Lituania","2005","Fondos de seguridad social","Porcentaje del total","30.22916"
"LTU","Lituania","2005","Gobierno municipal local","Porcentaje del total","1.45451"
"LTU","Lituania","2005","Gobierno nacional","Porcentaje del total","67.57423"
"LTU","Lituania","2006","European institutions and bodies (EU accounts)","Porcentaje del total","0.69881"
"LTU","Lituania","2006","Fondos de seguridad social","Porcentaje del total","30.05682"
"LTU","Lituania","2006","Gobierno municipal local","Porcentaje del total","1.33715"
"LTU","Lituania","2006","Gobierno nacional","Porcentaje del total","67.90723"
"LTU","Lituania","2007","European institutions and bodies (EU accounts)","Porcentaje del total","0.84405"
"LTU","Lituania","2007","Fondos de seguridad social","Porcentaje del total","30.20921"
"LTU","Lituania","2007","Gobierno municipal local","Porcentaje del total","1.18630"
"LTU","Lituania","2007","Gobierno nacional","Porcentaje del total","67.76044"
"LTU","Lituania","2008","European institutions and bodies (EU accounts)","Porcentaje del total","0.95343"
"LTU","Lituania","2008","Fondos de seguridad social","Porcentaje del total","30.93917"
"LTU","Lituania","2008","Gobierno municipal local","Porcentaje del total","1.19684"
"LTU","Lituania","2008","Gobierno nacional","Porcentaje del total","66.91056"
"LTU","Lituania","2009","European institutions and bodies (EU accounts)","Porcentaje del total","0.73115"
"LTU","Lituania","2009","Fondos de seguridad social","Porcentaje del total","41.32855"
"LTU","Lituania","2009","Gobierno municipal local","Porcentaje del total","1.61294"
"LTU","Lituania","2009","Gobierno nacional","Porcentaje del total","56.32736"
"LTU","Lituania","2010","European institutions and bodies (EU accounts)","Porcentaje del total","0.67674"
"LTU","Lituania","2010","Fondos de seguridad social","Porcentaje del total","41.11771"
"LTU","Lituania","2010","Gobierno municipal local","Porcentaje del total","1.74453"
"LTU","Lituania","2010","Gobierno nacional","Porcentaje del total","56.46101"
"LTU","Lituania","2011","European institutions and bodies (EU accounts)","Porcentaje del total","0.72076"
"LTU","Lituania","2011","Fondos de seguridad social","Porcentaje del total","40.64004"
"LTU","Lituania","2011","Gobierno municipal local","Porcentaje del total","1.64006"
"LTU","Lituania","2011","Gobierno nacional","Porcentaje del total","56.99914"
"LTU","Lituania","2012","European institutions and bodies (EU accounts)","Porcentaje del total","0.71933"
"LTU","Lituania","2012","Fondos de seguridad social","Porcentaje del total","39.96310"
"LTU","Lituania","2012","Gobierno municipal local","Porcentaje del total","1.59683"
"LTU","Lituania","2012","Gobierno nacional","Porcentaje del total","57.72073"
"LTU","Lituania","2013","European institutions and bodies (EU accounts)","Porcentaje del total","0.78938"
"LTU","Lituania","2013","Fondos de seguridad social","Porcentaje del total","39.97098"
"LTU","Lituania","2013","Gobierno municipal local","Porcentaje del total","1.18376"
"LTU","Lituania","2013","Gobierno nacional","Porcentaje del total","58.05588"
"LTU","Lituania","2014","European institutions and bodies (EU accounts)","Porcentaje del total","0.86074"
"LTU","Lituania","2014","Fondos de seguridad social","Porcentaje del total","40.18104"
"LTU","Lituania","2014","Gobierno municipal local","Porcentaje del total","1.23073"
"LTU","Lituania","2014","Gobierno nacional","Porcentaje del total","57.72749"
"LTU","Lituania","2015","European institutions and bodies (EU accounts)","Porcentaje del total","1.01340"
"LTU","Lituania","2015","Fondos de seguridad social","Porcentaje del total","39.91683"
"LTU","Lituania","2015","Gobierno municipal local","Porcentaje del total","1.31815"
"LTU","Lituania","2015","Gobierno nacional","Porcentaje del total","57.75161"
"LTU","Lituania","2016","European institutions and bodies (EU accounts)","Porcentaje del total","0.89887"
"LTU","Lituania","2016","Fondos de seguridad social","Porcentaje del total","40.52279"
"LTU","Lituania","2016","Gobierno municipal local","Porcentaje del total","1.25169"
"LTU","Lituania","2016","Gobierno nacional","Porcentaje del total","57.32664"
"LTU","Lituania","2017","European institutions and bodies (EU accounts)","Porcentaje del total","0.87383"
"LTU","Lituania","2017","Fondos de seguridad social","Porcentaje del total","41.21637"
"LTU","Lituania","2017","Gobierno municipal local","Porcentaje del total","1.18131"
"LTU","Lituania","2017","Gobierno nacional","Porcentaje del total","56.72849"
"LTU","Lituania","2018","European institutions and bodies (EU accounts)","Porcentaje del total","0.89539"
"LTU","Lituania","2018","Fondos de seguridad social","Porcentaje del total","41.87900"
"LTU","Lituania","2018","Gobierno municipal local","Porcentaje del total","1.15700"
"LTU","Lituania","2018","Gobierno nacional","Porcentaje del total","56.06860"
"LTU","Lituania","2019","European institutions and bodies (EU accounts)","Porcentaje del total","0.87173"
"LTU","Lituania","2019","Fondos de seguridad social","Porcentaje del total","31.61956"
"LTU","Lituania","2019","Gobierno municipal local","Porcentaje del total","1.13658"
"LTU","Lituania","2019","Gobierno nacional","Porcentaje del total","66.37213"
"LTU","Lituania","2020","European institutions and bodies (EU accounts)","Porcentaje del total","0.85061"
"LTU","Lituania","2020","Fondos de seguridad social","Porcentaje del total","32.43344"
"LTU","Lituania","2020","Gobierno municipal local","Porcentaje del total","1.08221"
"LTU","Lituania","2020","Gobierno nacional","Porcentaje del total","65.63374"
"LTU","Lituania","2021","European institutions and bodies (EU accounts)","Porcentaje del total","0.95748"
"LTU","Lituania","2021","Fondos de seguridad social","Porcentaje del total","31.55718"
"LTU","Lituania","2021","Gobierno municipal local","Porcentaje del total","1.03423"
"LTU","Lituania","2021","Gobierno nacional","Porcentaje del total","66.45111"
"LTU","Lituania","2022","European institutions and bodies (EU accounts)","Porcentaje del total","0.96495"
"LTU","Lituania","2022","Fondos de seguridad social","Porcentaje del total","30.96023"
"LTU","Lituania","2022","Gobierno municipal local","Porcentaje del total","1.02924"
"LTU","Lituania","2022","Gobierno nacional","Porcentaje del total","67.04558"
"LTU","Lituania","2023","European institutions and bodies (EU accounts)","Porcentaje del total","0.53602"
"LTU","Lituania","2023","Fondos de seguridad social","Porcentaje del total","31.67608"
"LTU","Lituania","2023","Gobierno municipal local","Porcentaje del total","1.05648"
"LTU","Lituania","2023","Gobierno nacional","Porcentaje del total","66.73143"
"LTU","Lituania","2024","European institutions and bodies (EU accounts)","Porcentaje del total","0.46166"
"LTU","Lituania","2024","Fondos de seguridad social","Porcentaje del total","32.21624"
"LTU","Lituania","2024","Gobierno municipal local","Porcentaje del total","1.05749"
"LTU","Lituania","2024","Gobierno nacional","Porcentaje del total","66.26461"
"LUX","Luxemburgo","1990","European institutions and bodies (EU accounts)","Porcentaje del total","0.47348"
"LUX","Luxemburgo","1990","Fondos de seguridad social","Porcentaje del total","27.10100"
"LUX","Luxemburgo","1990","Gobierno municipal local","Porcentaje del total","6.34924"
"LUX","Luxemburgo","1990","Gobierno nacional","Porcentaje del total","66.07628"
"LUX","Luxemburgo","1991","European institutions and bodies (EU accounts)","Porcentaje del total","0.71188"
"LUX","Luxemburgo","1991","Fondos de seguridad social","Porcentaje del total","28.80876"
"LUX","Luxemburgo","1991","Gobierno municipal local","Porcentaje del total","6.67576"
"LUX","Luxemburgo","1991","Gobierno nacional","Porcentaje del total","63.80360"
"LUX","Luxemburgo","1992","European institutions and bodies (EU accounts)","Porcentaje del total","0.53143"
"LUX","Luxemburgo","1992","Fondos de seguridad social","Porcentaje del total","29.60644"
"LUX","Luxemburgo","1992","Gobierno municipal local","Porcentaje del total","5.44766"
"LUX","Luxemburgo","1992","Gobierno nacional","Porcentaje del total","64.41447"
"LUX","Luxemburgo","1993","European institutions and bodies (EU accounts)","Porcentaje del total","0.43041"
"LUX","Luxemburgo","1993","Fondos de seguridad social","Porcentaje del total","27.61729"
"LUX","Luxemburgo","1993","Gobierno municipal local","Porcentaje del total","6.01160"
"LUX","Luxemburgo","1993","Gobierno nacional","Porcentaje del total","65.94071"
"LUX","Luxemburgo","1994","European institutions and bodies (EU accounts)","Porcentaje del total","0.41296"
"LUX","Luxemburgo","1994","Fondos de seguridad social","Porcentaje del total","26.20618"
"LUX","Luxemburgo","1994","Gobierno municipal local","Porcentaje del total","5.80445"
"LUX","Luxemburgo","1994","Gobierno nacional","Porcentaje del total","67.57642"
"LUX","Luxemburgo","1995","European institutions and bodies (EU accounts)","Porcentaje del total","0.43372"
"LUX","Luxemburgo","1995","Fondos de seguridad social","Porcentaje del total","26.62688"
"LUX","Luxemburgo","1995","Gobierno municipal local","Porcentaje del total","6.50036"
"LUX","Luxemburgo","1995","Gobierno nacional","Porcentaje del total","66.43904"
"LUX","Luxemburgo","1996","European institutions and bodies (EU accounts)","Porcentaje del total","0.36913"
"LUX","Luxemburgo","1996","Fondos de seguridad social","Porcentaje del total","25.98240"
"LUX","Luxemburgo","1996","Gobierno municipal local","Porcentaje del total","6.61921"
"LUX","Luxemburgo","1996","Gobierno nacional","Porcentaje del total","67.02925"
"LUX","Luxemburgo","1997","European institutions and bodies (EU accounts)","Porcentaje del total","0.43958"
"LUX","Luxemburgo","1997","Fondos de seguridad social","Porcentaje del total","25.22176"
"LUX","Luxemburgo","1997","Gobierno municipal local","Porcentaje del total","6.20349"
"LUX","Luxemburgo","1997","Gobierno nacional","Porcentaje del total","68.13517"
"LUX","Luxemburgo","1998","European institutions and bodies (EU accounts)","Porcentaje del total","0.37249"
"LUX","Luxemburgo","1998","Fondos de seguridad social","Porcentaje del total","25.46045"
"LUX","Luxemburgo","1998","Gobierno municipal local","Porcentaje del total","6.20748"
"LUX","Luxemburgo","1998","Gobierno nacional","Porcentaje del total","67.95958"
"LUX","Luxemburgo","1999","European institutions and bodies (EU accounts)","Porcentaje del total","0.32026"
"LUX","Luxemburgo","1999","Fondos de seguridad social","Porcentaje del total","25.88252"
"LUX","Luxemburgo","1999","Gobierno municipal local","Porcentaje del total","5.73792"
"LUX","Luxemburgo","1999","Gobierno nacional","Porcentaje del total","68.05930"
"LUX","Luxemburgo","2000","European institutions and bodies (EU accounts)","Porcentaje del total","0.33180"
"LUX","Luxemburgo","2000","Fondos de seguridad social","Porcentaje del total","25.35935"
"LUX","Luxemburgo","2000","Gobierno municipal local","Porcentaje del total","5.81815"
"LUX","Luxemburgo","2000","Gobierno nacional","Porcentaje del total","68.49070"
"LUX","Luxemburgo","2001","European institutions and bodies (EU accounts)","Porcentaje del total","0.23190"
"LUX","Luxemburgo","2001","Fondos de seguridad social","Porcentaje del total","26.95842"
"LUX","Luxemburgo","2001","Gobierno municipal local","Porcentaje del total","5.70379"
"LUX","Luxemburgo","2001","Gobierno nacional","Porcentaje del total","67.10588"
"LUX","Luxemburgo","2002","European institutions and bodies (EU accounts)","Porcentaje del total","0.19035"
"LUX","Luxemburgo","2002","Fondos de seguridad social","Porcentaje del total","27.23293"
"LUX","Luxemburgo","2002","Gobierno municipal local","Porcentaje del total","6.12343"
"LUX","Luxemburgo","2002","Gobierno nacional","Porcentaje del total","66.45329"
"LUX","Luxemburgo","2003","European institutions and bodies (EU accounts)","Porcentaje del total","0.18221"
"LUX","Luxemburgo","2003","Fondos de seguridad social","Porcentaje del total","27.67648"
"LUX","Luxemburgo","2003","Gobierno municipal local","Porcentaje del total","5.97269"
"LUX","Luxemburgo","2003","Gobierno nacional","Porcentaje del total","66.16862"
"LUX","Luxemburgo","2004","European institutions and bodies (EU accounts)","Porcentaje del total","0.18813"
"LUX","Luxemburgo","2004","Fondos de seguridad social","Porcentaje del total","28.05382"
"LUX","Luxemburgo","2004","Gobierno municipal local","Porcentaje del total","4.92371"
"LUX","Luxemburgo","2004","Gobierno nacional","Porcentaje del total","66.83435"
"LUX","Luxemburgo","2005","European institutions and bodies (EU accounts)","Porcentaje del total","0.19693"
"LUX","Luxemburgo","2005","Fondos de seguridad social","Porcentaje del total","27.22249"
"LUX","Luxemburgo","2005","Gobierno municipal local","Porcentaje del total","4.45805"
"LUX","Luxemburgo","2005","Gobierno nacional","Porcentaje del total","68.12253"
"LUX","Luxemburgo","2006","European institutions and bodies (EU accounts)","Porcentaje del total","0.21786"
"LUX","Luxemburgo","2006","Fondos de seguridad social","Porcentaje del total","27.15415"
"LUX","Luxemburgo","2006","Gobierno municipal local","Porcentaje del total","4.42264"
"LUX","Luxemburgo","2006","Gobierno nacional","Porcentaje del total","68.20535"
"LUX","Luxemburgo","2007","European institutions and bodies (EU accounts)","Porcentaje del total","0.17890"
"LUX","Luxemburgo","2007","Fondos de seguridad social","Porcentaje del total","26.82878"
"LUX","Luxemburgo","2007","Gobierno municipal local","Porcentaje del total","4.43262"
"LUX","Luxemburgo","2007","Gobierno nacional","Porcentaje del total","68.55971"
"LUX","Luxemburgo","2008","European institutions and bodies (EU accounts)","Porcentaje del total","0.14088"
"LUX","Luxemburgo","2008","Fondos de seguridad social","Porcentaje del total","27.69085"
"LUX","Luxemburgo","2008","Gobierno municipal local","Porcentaje del total","4.50502"
"LUX","Luxemburgo","2008","Gobierno nacional","Porcentaje del total","67.66325"
"LUX","Luxemburgo","2009","European institutions and bodies (EU accounts)","Porcentaje del total","0.09743"
"LUX","Luxemburgo","2009","Fondos de seguridad social","Porcentaje del total","29.14097"
"LUX","Luxemburgo","2009","Gobierno municipal local","Porcentaje del total","4.50414"
"LUX","Luxemburgo","2009","Gobierno nacional","Porcentaje del total","66.25746"
"LUX","Luxemburgo","2010","European institutions and bodies (EU accounts)","Porcentaje del total","0.12533"
"LUX","Luxemburgo","2010","Fondos de seguridad social","Porcentaje del total","28.23195"
"LUX","Luxemburgo","2010","Gobierno municipal local","Porcentaje del total","4.32797"
"LUX","Luxemburgo","2010","Gobierno nacional","Porcentaje del total","67.31475"
"LUX","Luxemburgo","2011","European institutions and bodies (EU accounts)","Porcentaje del total","0.11541"
"LUX","Luxemburgo","2011","Fondos de seguridad social","Porcentaje del total","28.34162"
"LUX","Luxemburgo","2011","Gobierno municipal local","Porcentaje del total","4.64237"
"LUX","Luxemburgo","2011","Gobierno nacional","Porcentaje del total","66.90060"
"LUX","Luxemburgo","2012","European institutions and bodies (EU accounts)","Porcentaje del total","0.09276"
"LUX","Luxemburgo","2012","Fondos de seguridad social","Porcentaje del total","28.31378"
"LUX","Luxemburgo","2012","Gobierno municipal local","Porcentaje del total","3.98839"
"LUX","Luxemburgo","2012","Gobierno nacional","Porcentaje del total","67.60508"
"LUX","Luxemburgo","2013","European institutions and bodies (EU accounts)","Porcentaje del total","0.09131"
"LUX","Luxemburgo","2013","Fondos de seguridad social","Porcentaje del total","28.04045"
"LUX","Luxemburgo","2013","Gobierno municipal local","Porcentaje del total","3.51808"
"LUX","Luxemburgo","2013","Gobierno nacional","Porcentaje del total","68.35016"
"LUX","Luxemburgo","2014","European institutions and bodies (EU accounts)","Porcentaje del total","0.12608"
"LUX","Luxemburgo","2014","Fondos de seguridad social","Porcentaje del total","27.47403"
"LUX","Luxemburgo","2014","Gobierno municipal local","Porcentaje del total","3.27757"
"LUX","Luxemburgo","2014","Gobierno nacional","Porcentaje del total","69.12232"
"LUX","Luxemburgo","2015","European institutions and bodies (EU accounts)","Porcentaje del total","0.27942"
"LUX","Luxemburgo","2015","Fondos de seguridad social","Porcentaje del total","28.66720"
"LUX","Luxemburgo","2015","Gobierno municipal local","Porcentaje del total","3.56336"
"LUX","Luxemburgo","2015","Gobierno nacional","Porcentaje del total","67.49002"
"LUX","Luxemburgo","2016","European institutions and bodies (EU accounts)","Porcentaje del total","0.51025"
"LUX","Luxemburgo","2016","Fondos de seguridad social","Porcentaje del total","28.02133"
"LUX","Luxemburgo","2016","Gobierno municipal local","Porcentaje del total","3.93736"
"LUX","Luxemburgo","2016","Gobierno nacional","Porcentaje del total","67.53107"
"LUX","Luxemburgo","2017","European institutions and bodies (EU accounts)","Porcentaje del total","0.59473"
"LUX","Luxemburgo","2017","Fondos de seguridad social","Porcentaje del total","27.98459"
"LUX","Luxemburgo","2017","Gobierno municipal local","Porcentaje del total","4.08487"
"LUX","Luxemburgo","2017","Gobierno nacional","Porcentaje del total","67.33581"
"LUX","Luxemburgo","2018","European institutions and bodies (EU accounts)","Porcentaje del total","0.64275"
"LUX","Luxemburgo","2018","Fondos de seguridad social","Porcentaje del total","26.47236"
"LUX","Luxemburgo","2018","Gobierno municipal local","Porcentaje del total","4.53789"
"LUX","Luxemburgo","2018","Gobierno nacional","Porcentaje del total","68.34700"
"LUX","Luxemburgo","2019","European institutions and bodies (EU accounts)","Porcentaje del total","0.66243"
"LUX","Luxemburgo","2019","Fondos de seguridad social","Porcentaje del total","26.77631"
"LUX","Luxemburgo","2019","Gobierno municipal local","Porcentaje del total","4.76010"
"LUX","Luxemburgo","2019","Gobierno nacional","Porcentaje del total","67.80116"
"LUX","Luxemburgo","2020","European institutions and bodies (EU accounts)","Porcentaje del total","0.83881"
"LUX","Luxemburgo","2020","Fondos de seguridad social","Porcentaje del total","28.01752"
"LUX","Luxemburgo","2020","Gobierno municipal local","Porcentaje del total","4.16511"
"LUX","Luxemburgo","2020","Gobierno nacional","Porcentaje del total","66.97857"
"LUX","Luxemburgo","2021","European institutions and bodies (EU accounts)","Porcentaje del total","0.95355"
"LUX","Luxemburgo","2021","Fondos de seguridad social","Porcentaje del total","26.64460"
"LUX","Luxemburgo","2021","Gobierno municipal local","Porcentaje del total","3.95003"
"LUX","Luxemburgo","2021","Gobierno nacional","Porcentaje del total","68.45182"
"LUX","Luxemburgo","2022","European institutions and bodies (EU accounts)","Porcentaje del total","1.14609"
"LUX","Luxemburgo","2022","Fondos de seguridad social","Porcentaje del total","26.71923"
"LUX","Luxemburgo","2022","Gobierno municipal local","Porcentaje del total","3.59193"
"LUX","Luxemburgo","2022","Gobierno nacional","Porcentaje del total","68.54275"
"LUX","Luxemburgo","2023","European institutions and bodies (EU accounts)","Porcentaje del total","0.80554"
"LUX","Luxemburgo","2023","Fondos de seguridad social","Porcentaje del total","27.11639"
"LUX","Luxemburgo","2023","Gobierno municipal local","Porcentaje del total","4.20351"
"LUX","Luxemburgo","2023","Gobierno nacional","Porcentaje del total","67.87457"
"LUX","Luxemburgo","2024","European institutions and bodies (EU accounts)","Porcentaje del total","0.05293"
"LUX","Luxemburgo","2024","Fondos de seguridad social","Porcentaje del total","25.11116"
"LUX","Luxemburgo","2024","Gobierno municipal local","Porcentaje del total","4.76962"
"LUX","Luxemburgo","2024","Gobierno nacional","Porcentaje del total","70.06629"
"MDG","Madagascar","1993","Gobierno nacional","Porcentaje del total","100.00000"
"MDG","Madagascar","1994","Gobierno nacional","Porcentaje del total","100.00000"
"MDG","Madagascar","1995","Gobierno nacional","Porcentaje del total","100.00000"
"MDG","Madagascar","1996","Gobierno nacional","Porcentaje del total","100.00000"
"MDG","Madagascar","1997","Gobierno nacional","Porcentaje del total","100.00000"
"MDG","Madagascar","1998","Gobierno nacional","Porcentaje del total","100.00000"
"MDG","Madagascar","1999","Gobierno nacional","Porcentaje del total","100.00000"
"MDG","Madagascar","2000","Gobierno nacional","Porcentaje del total","100.00000"
"MDG","Madagascar","2001","Gobierno nacional","Porcentaje del total","100.00000"
"MDG","Madagascar","2002","Gobierno nacional","Porcentaje del total","100.00000"
"MDG","Madagascar","2003","Gobierno nacional","Porcentaje del total","100.00000"
"MDG","Madagascar","2004","Gobierno nacional","Porcentaje del total","100.00000"
"MDG","Madagascar","2005","Gobierno nacional","Porcentaje del total","100.00000"
"MDG","Madagascar","2006","Gobierno nacional","Porcentaje del total","100.00000"
"MDG","Madagascar","2007","Gobierno nacional","Porcentaje del total","100.00000"
"MDG","Madagascar","2008","Gobierno nacional","Porcentaje del total","100.00000"
"MDG","Madagascar","2009","Gobierno nacional","Porcentaje del total","100.00000"
"MDG","Madagascar","2010","Gobierno nacional","Porcentaje del total","100.00000"
"MDG","Madagascar","2011","Fondos de seguridad social","Porcentaje del total","3.48339"
"MDG","Madagascar","2011","Gobierno nacional","Porcentaje del total","96.51661"
"MDG","Madagascar","2012","Fondos de seguridad social","Porcentaje del total","3.63818"
"MDG","Madagascar","2012","Gobierno nacional","Porcentaje del total","96.36182"
"MDG","Madagascar","2013","Fondos de seguridad social","Porcentaje del total","3.87618"
"MDG","Madagascar","2013","Gobierno nacional","Porcentaje del total","96.12382"
"MDG","Madagascar","2014","Fondos de seguridad social","Porcentaje del total","4.23432"
"MDG","Madagascar","2014","Gobierno nacional","Porcentaje del total","95.76568"
"MDG","Madagascar","2015","Fondos de seguridad social","Porcentaje del total","4.28536"
"MDG","Madagascar","2015","Gobierno nacional","Porcentaje del total","95.71464"
"MDG","Madagascar","2016","Fondos de seguridad social","Porcentaje del total","3.65581"
"MDG","Madagascar","2016","Gobierno nacional","Porcentaje del total","96.34419"
"MDG","Madagascar","2017","Fondos de seguridad social","Porcentaje del total","3.72505"
"MDG","Madagascar","2017","Gobierno nacional","Porcentaje del total","96.27495"
"MDG","Madagascar","2018","Fondos de seguridad social","Porcentaje del total","5.90829"
"MDG","Madagascar","2018","Gobierno nacional","Porcentaje del total","94.09171"
"MDG","Madagascar","2019","Fondos de seguridad social","Porcentaje del total","4.62283"
"MDG","Madagascar","2019","Gobierno nacional","Porcentaje del total","95.37717"
"MDG","Madagascar","2020","Fondos de seguridad social","Porcentaje del total","6.07939"
"MDG","Madagascar","2020","Gobierno nacional","Porcentaje del total","93.92061"
"MDG","Madagascar","2021","Fondos de seguridad social","Porcentaje del total","4.15282"
"MDG","Madagascar","2021","Gobierno nacional","Porcentaje del total","95.84718"
"MDG","Madagascar","2022","Fondos de seguridad social","Porcentaje del total","4.98657"
"MDG","Madagascar","2022","Gobierno nacional","Porcentaje del total","95.01343"
"MDG","Madagascar","2023","Fondos de seguridad social","Porcentaje del total","5.89744"
"MDG","Madagascar","2023","Gobierno nacional","Porcentaje del total","94.10256"
"MDG","Madagascar","2024","Fondos de seguridad social","Porcentaje del total","7.66087"
"MDG","Madagascar","2024","Gobierno nacional","Porcentaje del total","92.33913"
"MYS","Malasia","1990","Gobierno nacional","Porcentaje del total","100.00000"
"MYS","Malasia","1991","Gobierno nacional","Porcentaje del total","100.00000"
"MYS","Malasia","1992","Gobierno nacional","Porcentaje del total","100.00000"
"MYS","Malasia","1993","Gobierno nacional","Porcentaje del total","100.00000"
"MYS","Malasia","1994","Gobierno nacional","Porcentaje del total","100.00000"
"MYS","Malasia","1995","Gobierno nacional","Porcentaje del total","100.00000"
"MYS","Malasia","1996","Gobierno nacional","Porcentaje del total","100.00000"
"MYS","Malasia","1997","Gobierno nacional","Porcentaje del total","100.00000"
"MYS","Malasia","1998","Gobierno nacional","Porcentaje del total","100.00000"
"MYS","Malasia","1999","Gobierno nacional","Porcentaje del total","100.00000"
"MYS","Malasia","2000","Fondos de seguridad social","Porcentaje del total","1.97681"
"MYS","Malasia","2000","Gobierno nacional","Porcentaje del total","98.02319"
"MYS","Malasia","2001","Fondos de seguridad social","Porcentaje del total","1.62182"
"MYS","Malasia","2001","Gobierno nacional","Porcentaje del total","98.37818"
"MYS","Malasia","2002","Fondos de seguridad social","Porcentaje del total","1.56200"
"MYS","Malasia","2002","Gobierno nacional","Porcentaje del total","98.43800"
"MYS","Malasia","2003","Fondos de seguridad social","Porcentaje del total","1.67569"
"MYS","Malasia","2003","Gobierno nacional","Porcentaje del total","98.32431"
"MYS","Malasia","2004","Fondos de seguridad social","Porcentaje del total","1.60720"
"MYS","Malasia","2004","Gobierno nacional","Porcentaje del total","98.39280"
"MYS","Malasia","2005","Fondos de seguridad social","Porcentaje del total","1.64267"
"MYS","Malasia","2005","Gobierno nacional","Porcentaje del total","98.35733"
"MYS","Malasia","2006","Fondos de seguridad social","Porcentaje del total","1.76227"
"MYS","Malasia","2006","Gobierno nacional","Porcentaje del total","98.23773"
"MYS","Malasia","2007","Fondos de seguridad social","Porcentaje del total","1.71409"
"MYS","Malasia","2007","Gobierno nacional","Porcentaje del total","98.28591"
"MYS","Malasia","2008","Fondos de seguridad social","Porcentaje del total","1.57349"
"MYS","Malasia","2008","Gobierno nacional","Porcentaje del total","98.42651"
"MYS","Malasia","2009","Fondos de seguridad social","Porcentaje del total","1.69306"
"MYS","Malasia","2009","Gobierno nacional","Porcentaje del total","98.30694"
"MYS","Malasia","2010","Fondos de seguridad social","Porcentaje del total","1.76791"
"MYS","Malasia","2010","Gobierno nacional","Porcentaje del total","98.23209"
"MYS","Malasia","2011","Fondos de seguridad social","Porcentaje del total","1.55939"
"MYS","Malasia","2011","Gobierno nacional","Porcentaje del total","98.44061"
"MYS","Malasia","2012","Fondos de seguridad social","Porcentaje del total","1.48786"
"MYS","Malasia","2012","Gobierno nacional","Porcentaje del total","98.51214"
"MYS","Malasia","2013","Fondos de seguridad social","Porcentaje del total","1.56475"
"MYS","Malasia","2013","Gobierno nacional","Porcentaje del total","98.43525"
"MYS","Malasia","2014","Fondos de seguridad social","Porcentaje del total","1.58631"
"MYS","Malasia","2014","Gobierno nacional","Porcentaje del total","98.41369"
"MYS","Malasia","2015","Fondos de seguridad social","Porcentaje del total","1.66021"
"MYS","Malasia","2015","Gobierno nacional","Porcentaje del total","98.33979"
"MYS","Malasia","2016","Fondos de seguridad social","Porcentaje del total","1.83404"
"MYS","Malasia","2016","Gobierno nacional","Porcentaje del total","98.16596"
"MYS","Malasia","2017","Fondos de seguridad social","Porcentaje del total","1.94019"
"MYS","Malasia","2017","Gobierno nacional","Porcentaje del total","98.05981"
"MYS","Malasia","2018","Fondos de seguridad social","Porcentaje del total","2.37548"
"MYS","Malasia","2018","Gobierno nacional","Porcentaje del total","97.62452"
"MYS","Malasia","2019","Fondos de seguridad social","Porcentaje del total","2.53966"
"MYS","Malasia","2019","Gobierno nacional","Porcentaje del total","97.46034"
"MYS","Malasia","2020","Fondos de seguridad social","Porcentaje del total","3.08741"
"MYS","Malasia","2020","Gobierno nacional","Porcentaje del total","96.91259"
"MYS","Malasia","2021","Fondos de seguridad social","Porcentaje del total","2.85510"
"MYS","Malasia","2021","Gobierno nacional","Porcentaje del total","97.14490"
"MYS","Malasia","2022","Fondos de seguridad social","Porcentaje del total","2.70343"
"MYS","Malasia","2022","Gobierno nacional","Porcentaje del total","97.29657"
"MYS","Malasia","2023","Fondos de seguridad social","Porcentaje del total","2.82946"
"MYS","Malasia","2023","Gobierno nacional","Porcentaje del total","97.17054"
"MWI","Malawi","2005","Gobierno nacional","Porcentaje del total","100.00000"
"MWI","Malawi","2006","Gobierno nacional","Porcentaje del total","100.00000"
"MWI","Malawi","2007","Gobierno nacional","Porcentaje del total","100.00000"
"MWI","Malawi","2008","Gobierno nacional","Porcentaje del total","100.00000"
"MWI","Malawi","2009","Gobierno nacional","Porcentaje del total","100.00000"
"MWI","Malawi","2010","Gobierno nacional","Porcentaje del total","100.00000"
"MWI","Malawi","2011","Gobierno nacional","Porcentaje del total","100.00000"
"MWI","Malawi","2012","Gobierno nacional","Porcentaje del total","100.00000"
"MWI","Malawi","2013","Gobierno nacional","Porcentaje del total","100.00000"
"MWI","Malawi","2014","Gobierno nacional","Porcentaje del total","100.00000"
"MWI","Malawi","2015","Gobierno nacional","Porcentaje del total","100.00000"
"MWI","Malawi","2016","Gobierno nacional","Porcentaje del total","100.00000"
"MWI","Malawi","2017","Gobierno nacional","Porcentaje del total","100.00000"
"MWI","Malawi","2018","Gobierno nacional","Porcentaje del total","100.00000"
"MWI","Malawi","2019","Gobierno nacional","Porcentaje del total","100.00000"
"MWI","Malawi","2020","Gobierno nacional","Porcentaje del total","100.00000"
"MWI","Malawi","2021","Gobierno nacional","Porcentaje del total","100.00000"
"MWI","Malawi","2022","Gobierno nacional","Porcentaje del total","100.00000"
"MWI","Malawi","2023","Gobierno nacional","Porcentaje del total","100.00000"
"MDV","Maldivas","2005","Gobierno nacional","Porcentaje del total","100.00000"
"MDV","Maldivas","2006","Gobierno nacional","Porcentaje del total","100.00000"
"MDV","Maldivas","2007","Gobierno nacional","Porcentaje del total","100.00000"
"MDV","Maldivas","2008","Gobierno nacional","Porcentaje del total","100.00000"
"MDV","Maldivas","2009","Gobierno nacional","Porcentaje del total","100.00000"
"MDV","Maldivas","2010","Gobierno nacional","Porcentaje del total","100.00000"
"MDV","Maldivas","2011","Gobierno nacional","Porcentaje del total","100.00000"
"MDV","Maldivas","2012","Gobierno nacional","Porcentaje del total","100.00000"
"MDV","Maldivas","2013","Gobierno nacional","Porcentaje del total","100.00000"
"MDV","Maldivas","2014","Gobierno nacional","Porcentaje del total","100.00000"
"MDV","Maldivas","2015","Gobierno nacional","Porcentaje del total","100.00000"
"MDV","Maldivas","2016","Gobierno nacional","Porcentaje del total","100.00000"
"MDV","Maldivas","2017","Gobierno nacional","Porcentaje del total","100.00000"
"MDV","Maldivas","2018","Gobierno nacional","Porcentaje del total","100.00000"
"MDV","Maldivas","2019","Gobierno nacional","Porcentaje del total","100.00000"
"MDV","Maldivas","2020","Gobierno nacional","Porcentaje del total","100.00000"
"MDV","Maldivas","2021","Gobierno nacional","Porcentaje del total","100.00000"
"MDV","Maldivas","2022","Gobierno nacional","Porcentaje del total","100.00000"
"MDV","Maldivas","2023","Gobierno nacional","Porcentaje del total","100.00000"
"MLT","Malta","1995","European institutions and bodies (EU accounts)","Porcentaje del total","0.00000"
"MLT","Malta","1995","Fondos de seguridad social","Porcentaje del total","22.74744"
"MLT","Malta","1995","Gobierno nacional","Porcentaje del total","77.25256"
"MLT","Malta","1996","European institutions and bodies (EU accounts)","Porcentaje del total","0.00000"
"MLT","Malta","1996","Fondos de seguridad social","Porcentaje del total","24.61528"
"MLT","Malta","1996","Gobierno nacional","Porcentaje del total","75.38472"
"MLT","Malta","1997","European institutions and bodies (EU accounts)","Porcentaje del total","0.00000"
"MLT","Malta","1997","Fondos de seguridad social","Porcentaje del total","23.97087"
"MLT","Malta","1997","Gobierno nacional","Porcentaje del total","76.02913"
"MLT","Malta","1998","European institutions and bodies (EU accounts)","Porcentaje del total","0.00000"
"MLT","Malta","1998","Fondos de seguridad social","Porcentaje del total","24.40218"
"MLT","Malta","1998","Gobierno nacional","Porcentaje del total","75.59782"
"MLT","Malta","1999","European institutions and bodies (EU accounts)","Porcentaje del total","0.00000"
"MLT","Malta","1999","Fondos de seguridad social","Porcentaje del total","22.67539"
"MLT","Malta","1999","Gobierno nacional","Porcentaje del total","77.32461"
"MLT","Malta","2000","European institutions and bodies (EU accounts)","Porcentaje del total","0.00000"
"MLT","Malta","2000","Fondos de seguridad social","Porcentaje del total","22.99302"
"MLT","Malta","2000","Gobierno nacional","Porcentaje del total","77.00698"
"MLT","Malta","2001","European institutions and bodies (EU accounts)","Porcentaje del total","0.00000"
"MLT","Malta","2001","Fondos de seguridad social","Porcentaje del total","22.45841"
"MLT","Malta","2001","Gobierno nacional","Porcentaje del total","77.54159"
"MLT","Malta","2002","European institutions and bodies (EU accounts)","Porcentaje del total","0.00000"
"MLT","Malta","2002","Fondos de seguridad social","Porcentaje del total","21.40246"
"MLT","Malta","2002","Gobierno nacional","Porcentaje del total","78.59754"
"MLT","Malta","2003","European institutions and bodies (EU accounts)","Porcentaje del total","0.00000"
"MLT","Malta","2003","Fondos de seguridad social","Porcentaje del total","20.62373"
"MLT","Malta","2003","Gobierno nacional","Porcentaje del total","79.37627"
"MLT","Malta","2004","European institutions and bodies (EU accounts)","Porcentaje del total","0.65022"
"MLT","Malta","2004","Fondos de seguridad social","Porcentaje del total","20.19415"
"MLT","Malta","2004","Gobierno nacional","Porcentaje del total","79.15563"
"MLT","Malta","2005","European institutions and bodies (EU accounts)","Porcentaje del total","0.96998"
"MLT","Malta","2005","Fondos de seguridad social","Porcentaje del total","18.89751"
"MLT","Malta","2005","Gobierno nacional","Porcentaje del total","80.13251"
"MLT","Malta","2006","European institutions and bodies (EU accounts)","Porcentaje del total","0.80914"
"MLT","Malta","2006","Fondos de seguridad social","Porcentaje del total","18.33730"
"MLT","Malta","2006","Gobierno nacional","Porcentaje del total","80.85356"
"MLT","Malta","2007","European institutions and bodies (EU accounts)","Porcentaje del total","0.79006"
"MLT","Malta","2007","Fondos de seguridad social","Porcentaje del total","17.06214"
"MLT","Malta","2007","Gobierno nacional","Porcentaje del total","82.14780"
"MLT","Malta","2008","European institutions and bodies (EU accounts)","Porcentaje del total","0.72293"
"MLT","Malta","2008","Fondos de seguridad social","Porcentaje del total","17.90372"
"MLT","Malta","2008","Gobierno nacional","Porcentaje del total","81.37335"
"MLT","Malta","2009","European institutions and bodies (EU accounts)","Porcentaje del total","0.58365"
"MLT","Malta","2009","Fondos de seguridad social","Porcentaje del total","17.67580"
"MLT","Malta","2009","Gobierno nacional","Porcentaje del total","81.74055"
"MLT","Malta","2010","European institutions and bodies (EU accounts)","Porcentaje del total","0.54961"
"MLT","Malta","2010","Fondos de seguridad social","Porcentaje del total","17.59224"
"MLT","Malta","2010","Gobierno nacional","Porcentaje del total","81.85815"
"MLT","Malta","2011","European institutions and bodies (EU accounts)","Porcentaje del total","0.52222"
"MLT","Malta","2011","Fondos de seguridad social","Porcentaje del total","18.16659"
"MLT","Malta","2011","Gobierno nacional","Porcentaje del total","81.31119"
"MLT","Malta","2012","European institutions and bodies (EU accounts)","Porcentaje del total","0.70464"
"MLT","Malta","2012","Fondos de seguridad social","Porcentaje del total","17.77965"
"MLT","Malta","2012","Gobierno nacional","Porcentaje del total","81.51571"
"MLT","Malta","2013","European institutions and bodies (EU accounts)","Porcentaje del total","0.49697"
"MLT","Malta","2013","Fondos de seguridad social","Porcentaje del total","17.43977"
"MLT","Malta","2013","Gobierno nacional","Porcentaje del total","82.06326"
"MLT","Malta","2014","European institutions and bodies (EU accounts)","Porcentaje del total","0.51253"
"MLT","Malta","2014","Fondos de seguridad social","Porcentaje del total","16.79149"
"MLT","Malta","2014","Gobierno nacional","Porcentaje del total","82.69598"
"MLT","Malta","2015","European institutions and bodies (EU accounts)","Porcentaje del total","0.78130"
"MLT","Malta","2015","Fondos de seguridad social","Porcentaje del total","16.61942"
"MLT","Malta","2015","Gobierno nacional","Porcentaje del total","82.59928"
"MLT","Malta","2016","European institutions and bodies (EU accounts)","Porcentaje del total","0.73101"
"MLT","Malta","2016","Fondos de seguridad social","Porcentaje del total","15.82527"
"MLT","Malta","2016","Gobierno nacional","Porcentaje del total","83.44372"
"MLT","Malta","2017","European institutions and bodies (EU accounts)","Porcentaje del total","0.57926"
"MLT","Malta","2017","Fondos de seguridad social","Porcentaje del total","15.32400"
"MLT","Malta","2017","Gobierno nacional","Porcentaje del total","84.09674"
"MLT","Malta","2018","European institutions and bodies (EU accounts)","Porcentaje del total","0.51735"
"MLT","Malta","2018","Fondos de seguridad social","Porcentaje del total","15.83110"
"MLT","Malta","2018","Gobierno nacional","Porcentaje del total","83.65156"
"MLT","Malta","2019","European institutions and bodies (EU accounts)","Porcentaje del total","0.58267"
"MLT","Malta","2019","Fondos de seguridad social","Porcentaje del total","15.89758"
"MLT","Malta","2019","Gobierno nacional","Porcentaje del total","83.51975"
"MLT","Malta","2020","European institutions and bodies (EU accounts)","Porcentaje del total","0.57306"
"MLT","Malta","2020","Fondos de seguridad social","Porcentaje del total","18.41879"
"MLT","Malta","2020","Gobierno nacional","Porcentaje del total","81.00816"
"MLT","Malta","2021","European institutions and bodies (EU accounts)","Porcentaje del total","0.65582"
"MLT","Malta","2021","Fondos de seguridad social","Porcentaje del total","17.65415"
"MLT","Malta","2021","Gobierno nacional","Porcentaje del total","81.69003"
"MLT","Malta","2022","European institutions and bodies (EU accounts)","Porcentaje del total","0.71099"
"MLT","Malta","2022","Fondos de seguridad social","Porcentaje del total","17.50222"
"MLT","Malta","2022","Gobierno nacional","Porcentaje del total","81.78679"
"MLT","Malta","2023","European institutions and bodies (EU accounts)","Porcentaje del total","0.63657"
"MLT","Malta","2023","Fondos de seguridad social","Porcentaje del total","17.57037"
"MLT","Malta","2023","Gobierno nacional","Porcentaje del total","81.79305"
"MLT","Malta","2024","European institutions and bodies (EU accounts)","Porcentaje del total","0.39926"
"MLT","Malta","2024","Fondos de seguridad social","Porcentaje del total","15.95730"
"MLT","Malta","2024","Gobierno nacional","Porcentaje del total","83.64344"
"MLI","Malí","1992","Fondos de seguridad social","Porcentaje del total","8.43803"
"MLI","Malí","1992","Gobierno nacional","Porcentaje del total","91.56197"
"MLI","Malí","1993","Fondos de seguridad social","Porcentaje del total","8.87490"
"MLI","Malí","1993","Gobierno nacional","Porcentaje del total","91.12510"
"MLI","Malí","1994","Fondos de seguridad social","Porcentaje del total","8.16635"
"MLI","Malí","1994","Gobierno nacional","Porcentaje del total","91.83365"
"MLI","Malí","1995","Fondos de seguridad social","Porcentaje del total","10.60280"
"MLI","Malí","1995","Gobierno nacional","Porcentaje del total","89.39720"
"MLI","Malí","1996","Fondos de seguridad social","Porcentaje del total","6.94268"
"MLI","Malí","1996","Gobierno nacional","Porcentaje del total","93.05732"
"MLI","Malí","1997","Fondos de seguridad social","Porcentaje del total","6.51299"
"MLI","Malí","1997","Gobierno nacional","Porcentaje del total","93.48701"
"MLI","Malí","1998","Fondos de seguridad social","Porcentaje del total","6.11772"
"MLI","Malí","1998","Gobierno nacional","Porcentaje del total","93.88228"
"MLI","Malí","1999","Fondos de seguridad social","Porcentaje del total","7.04237"
"MLI","Malí","1999","Gobierno nacional","Porcentaje del total","92.95763"
"MLI","Malí","2000","Fondos de seguridad social","Porcentaje del total","7.70465"
"MLI","Malí","2000","Gobierno nacional","Porcentaje del total","92.29535"
"MLI","Malí","2001","Fondos de seguridad social","Porcentaje del total","7.65586"
"MLI","Malí","2001","Gobierno nacional","Porcentaje del total","92.34414"
"MLI","Malí","2002","Fondos de seguridad social","Porcentaje del total","7.54252"
"MLI","Malí","2002","Gobierno nacional","Porcentaje del total","92.45748"
"MLI","Malí","2003","Fondos de seguridad social","Porcentaje del total","7.48707"
"MLI","Malí","2003","Gobierno nacional","Porcentaje del total","92.51293"
"MLI","Malí","2004","Fondos de seguridad social","Porcentaje del total","9.22840"
"MLI","Malí","2004","Gobierno nacional","Porcentaje del total","90.77160"
"MLI","Malí","2005","Fondos de seguridad social","Porcentaje del total","9.54271"
"MLI","Malí","2005","Gobierno nacional","Porcentaje del total","90.45729"
"MLI","Malí","2006","Fondos de seguridad social","Porcentaje del total","10.02036"
"MLI","Malí","2006","Gobierno nacional","Porcentaje del total","89.97964"
"MLI","Malí","2007","Fondos de seguridad social","Porcentaje del total","10.35959"
"MLI","Malí","2007","Gobierno nacional","Porcentaje del total","89.64041"
"MLI","Malí","2008","Fondos de seguridad social","Porcentaje del total","11.13047"
"MLI","Malí","2008","Gobierno nacional","Porcentaje del total","88.86953"
"MLI","Malí","2009","Fondos de seguridad social","Porcentaje del total","10.66568"
"MLI","Malí","2009","Gobierno nacional","Porcentaje del total","89.33432"
"MLI","Malí","2010","Fondos de seguridad social","Porcentaje del total","9.83635"
"MLI","Malí","2010","Gobierno nacional","Porcentaje del total","90.16365"
"MLI","Malí","2011","Fondos de seguridad social","Porcentaje del total","12.04356"
"MLI","Malí","2011","Gobierno nacional","Porcentaje del total","87.95644"
"MLI","Malí","2012","Fondos de seguridad social","Porcentaje del total","11.83164"
"MLI","Malí","2012","Gobierno nacional","Porcentaje del total","88.16836"
"MLI","Malí","2013","Fondos de seguridad social","Porcentaje del total","11.64310"
"MLI","Malí","2013","Gobierno nacional","Porcentaje del total","88.35690"
"MLI","Malí","2014","Fondos de seguridad social","Porcentaje del total","12.67718"
"MLI","Malí","2014","Gobierno nacional","Porcentaje del total","87.32282"
"MLI","Malí","2015","Fondos de seguridad social","Porcentaje del total","12.34909"
"MLI","Malí","2015","Gobierno nacional","Porcentaje del total","87.65091"
"MLI","Malí","2016","Fondos de seguridad social","Porcentaje del total","13.55344"
"MLI","Malí","2016","Gobierno nacional","Porcentaje del total","86.44656"
"MLI","Malí","2017","Fondos de seguridad social","Porcentaje del total","13.26922"
"MLI","Malí","2017","Gobierno nacional","Porcentaje del total","86.73078"
"MLI","Malí","2018","Fondos de seguridad social","Porcentaje del total","15.66673"
"MLI","Malí","2018","Gobierno nacional","Porcentaje del total","84.33327"
"MLI","Malí","2019","Fondos de seguridad social","Porcentaje del total","15.93441"
"MLI","Malí","2019","Gobierno nacional","Porcentaje del total","84.06559"
"MLI","Malí","2020","Fondos de seguridad social","Porcentaje del total","17.44371"
"MLI","Malí","2020","Gobierno nacional","Porcentaje del total","82.55629"
"MLI","Malí","2021","Fondos de seguridad social","Porcentaje del total","18.48022"
"MLI","Malí","2021","Gobierno nacional","Porcentaje del total","81.51978"
"MLI","Malí","2022","Fondos de seguridad social","Porcentaje del total","21.35894"
"MLI","Malí","2022","Gobierno nacional","Porcentaje del total","78.64106"
"MLI","Malí","2023","Fondos de seguridad social","Porcentaje del total","21.75342"
"MLI","Malí","2023","Gobierno nacional","Porcentaje del total","78.24658"
"MLI","Malí","2024","Fondos de seguridad social","Porcentaje del total","21.01772"
"MLI","Malí","2024","Gobierno nacional","Porcentaje del total","78.98228"
"MAR","Marruecos","2000","Fondos de seguridad social","Porcentaje del total","10.98162"
"MAR","Marruecos","2000","Gobierno municipal local","Porcentaje del total","4.00080"
"MAR","Marruecos","2000","Gobierno nacional","Porcentaje del total","85.01759"
"MAR","Marruecos","2001","Fondos de seguridad social","Porcentaje del total","14.16244"
"MAR","Marruecos","2001","Gobierno municipal local","Porcentaje del total","3.85855"
"MAR","Marruecos","2001","Gobierno nacional","Porcentaje del total","81.97901"
"MAR","Marruecos","2002","Fondos de seguridad social","Porcentaje del total","14.32016"
"MAR","Marruecos","2002","Gobierno municipal local","Porcentaje del total","4.12687"
"MAR","Marruecos","2002","Gobierno nacional","Porcentaje del total","81.55297"
"MAR","Marruecos","2003","Fondos de seguridad social","Porcentaje del total","15.03557"
"MAR","Marruecos","2003","Gobierno municipal local","Porcentaje del total","3.87696"
"MAR","Marruecos","2003","Gobierno nacional","Porcentaje del total","81.08747"
"MAR","Marruecos","2004","Fondos de seguridad social","Porcentaje del total","15.55602"
"MAR","Marruecos","2004","Gobierno municipal local","Porcentaje del total","3.83237"
"MAR","Marruecos","2004","Gobierno nacional","Porcentaje del total","80.61161"
"MAR","Marruecos","2005","Fondos de seguridad social","Porcentaje del total","16.72222"
"MAR","Marruecos","2005","Gobierno municipal local","Porcentaje del total","3.59586"
"MAR","Marruecos","2005","Gobierno nacional","Porcentaje del total","79.68191"
"MAR","Marruecos","2006","Fondos de seguridad social","Porcentaje del total","17.94931"
"MAR","Marruecos","2006","Gobierno municipal local","Porcentaje del total","3.57605"
"MAR","Marruecos","2006","Gobierno nacional","Porcentaje del total","78.47464"
"MAR","Marruecos","2007","Fondos de seguridad social","Porcentaje del total","16.56471"
"MAR","Marruecos","2007","Gobierno municipal local","Porcentaje del total","3.25972"
"MAR","Marruecos","2007","Gobierno nacional","Porcentaje del total","80.17557"
"MAR","Marruecos","2008","Fondos de seguridad social","Porcentaje del total","14.70405"
"MAR","Marruecos","2008","Gobierno municipal local","Porcentaje del total","2.65619"
"MAR","Marruecos","2008","Gobierno nacional","Porcentaje del total","82.63977"
"MAR","Marruecos","2009","Fondos de seguridad social","Porcentaje del total","17.07926"
"MAR","Marruecos","2009","Gobierno municipal local","Porcentaje del total","3.16258"
"MAR","Marruecos","2009","Gobierno nacional","Porcentaje del total","79.75816"
"MAR","Marruecos","2010","Fondos de seguridad social","Porcentaje del total","17.49529"
"MAR","Marruecos","2010","Gobierno municipal local","Porcentaje del total","3.49921"
"MAR","Marruecos","2010","Gobierno nacional","Porcentaje del total","79.00550"
"MAR","Marruecos","2011","Fondos de seguridad social","Porcentaje del total","18.22983"
"MAR","Marruecos","2011","Gobierno municipal local","Porcentaje del total","3.07122"
"MAR","Marruecos","2011","Gobierno nacional","Porcentaje del total","78.69895"
"MAR","Marruecos","2012","Fondos de seguridad social","Porcentaje del total","18.26814"
"MAR","Marruecos","2012","Gobierno municipal local","Porcentaje del total","3.02645"
"MAR","Marruecos","2012","Gobierno nacional","Porcentaje del total","78.70541"
"MAR","Marruecos","2013","Fondos de seguridad social","Porcentaje del total","18.93300"
"MAR","Marruecos","2013","Gobierno municipal local","Porcentaje del total","3.76659"
"MAR","Marruecos","2013","Gobierno nacional","Porcentaje del total","77.30041"
"MAR","Marruecos","2014","Fondos de seguridad social","Porcentaje del total","19.45182"
"MAR","Marruecos","2014","Gobierno municipal local","Porcentaje del total","3.21300"
"MAR","Marruecos","2014","Gobierno nacional","Porcentaje del total","77.33518"
"MAR","Marruecos","2015","Fondos de seguridad social","Porcentaje del total","19.77501"
"MAR","Marruecos","2015","Gobierno municipal local","Porcentaje del total","3.27159"
"MAR","Marruecos","2015","Gobierno nacional","Porcentaje del total","76.95341"
"MAR","Marruecos","2016","Fondos de seguridad social","Porcentaje del total","20.11260"
"MAR","Marruecos","2016","Gobierno municipal local","Porcentaje del total","3.33341"
"MAR","Marruecos","2016","Gobierno nacional","Porcentaje del total","76.55398"
"MAR","Marruecos","2017","Fondos de seguridad social","Porcentaje del total","20.22734"
"MAR","Marruecos","2017","Gobierno municipal local","Porcentaje del total","3.21735"
"MAR","Marruecos","2017","Gobierno nacional","Porcentaje del total","76.55531"
"MAR","Marruecos","2018","Fondos de seguridad social","Porcentaje del total","20.79810"
"MAR","Marruecos","2018","Gobierno municipal local","Porcentaje del total","3.14215"
"MAR","Marruecos","2018","Gobierno nacional","Porcentaje del total","76.05975"
"MAR","Marruecos","2019","Fondos de seguridad social","Porcentaje del total","22.48939"
"MAR","Marruecos","2019","Gobierno municipal local","Porcentaje del total","3.09225"
"MAR","Marruecos","2019","Gobierno nacional","Porcentaje del total","74.41836"
"MAR","Marruecos","2020","Fondos de seguridad social","Porcentaje del total","24.80735"
"MAR","Marruecos","2020","Gobierno municipal local","Porcentaje del total","2.85270"
"MAR","Marruecos","2020","Gobierno nacional","Porcentaje del total","72.33995"
"MAR","Marruecos","2021","Fondos de seguridad social","Porcentaje del total","23.65801"
"MAR","Marruecos","2021","Gobierno municipal local","Porcentaje del total","3.30972"
"MAR","Marruecos","2021","Gobierno nacional","Porcentaje del total","73.03227"
"MAR","Marruecos","2022","Fondos de seguridad social","Porcentaje del total","22.50871"
"MAR","Marruecos","2022","Gobierno municipal local","Porcentaje del total","2.83207"
"MAR","Marruecos","2022","Gobierno nacional","Porcentaje del total","74.65921"
"MAR","Marruecos","2023","Fondos de seguridad social","Porcentaje del total","22.72440"
"MAR","Marruecos","2023","Gobierno municipal local","Porcentaje del total","3.01703"
"MAR","Marruecos","2023","Gobierno nacional","Porcentaje del total","74.25857"
"MAR","Marruecos","2024","Fondos de seguridad social","Porcentaje del total","21.55022"
"MAR","Marruecos","2024","Gobierno municipal local","Porcentaje del total","3.23970"
"MAR","Marruecos","2024","Gobierno nacional","Porcentaje del total","75.21008"
"MUS","Mauricio","1990","Fondos de seguridad social","Porcentaje del total","4.24346"
"MUS","Mauricio","1990","Gobierno municipal local","Porcentaje del total","1.49218"
"MUS","Mauricio","1990","Gobierno nacional","Porcentaje del total","94.26436"
"MUS","Mauricio","1991","Fondos de seguridad social","Porcentaje del total","4.34544"
"MUS","Mauricio","1991","Gobierno municipal local","Porcentaje del total","1.56461"
"MUS","Mauricio","1991","Gobierno nacional","Porcentaje del total","94.08996"
"MUS","Mauricio","1992","Fondos de seguridad social","Porcentaje del total","4.85456"
"MUS","Mauricio","1992","Gobierno municipal local","Porcentaje del total","1.56592"
"MUS","Mauricio","1992","Gobierno nacional","Porcentaje del total","93.57952"
"MUS","Mauricio","1993","Fondos de seguridad social","Porcentaje del total","4.87374"
"MUS","Mauricio","1993","Gobierno municipal local","Porcentaje del total","1.58210"
"MUS","Mauricio","1993","Gobierno nacional","Porcentaje del total","93.54416"
"MUS","Mauricio","1994","Fondos de seguridad social","Porcentaje del total","4.82711"
"MUS","Mauricio","1994","Gobierno municipal local","Porcentaje del total","1.72448"
"MUS","Mauricio","1994","Gobierno nacional","Porcentaje del total","93.44841"
"MUS","Mauricio","1995","Fondos de seguridad social","Porcentaje del total","5.61894"
"MUS","Mauricio","1995","Gobierno municipal local","Porcentaje del total","2.06816"
"MUS","Mauricio","1995","Gobierno nacional","Porcentaje del total","92.31290"
"MUS","Mauricio","1996","Fondos de seguridad social","Porcentaje del total","5.67760"
"MUS","Mauricio","1996","Gobierno municipal local","Porcentaje del total","2.21871"
"MUS","Mauricio","1996","Gobierno nacional","Porcentaje del total","92.10370"
"MUS","Mauricio","1997","Fondos de seguridad social","Porcentaje del total","5.06436"
"MUS","Mauricio","1997","Gobierno municipal local","Porcentaje del total","2.08842"
"MUS","Mauricio","1997","Gobierno nacional","Porcentaje del total","92.84722"
"MUS","Mauricio","1998","Fondos de seguridad social","Porcentaje del total","4.89643"
"MUS","Mauricio","1998","Gobierno municipal local","Porcentaje del total","1.99772"
"MUS","Mauricio","1998","Gobierno nacional","Porcentaje del total","93.10586"
"MUS","Mauricio","1999","Fondos de seguridad social","Porcentaje del total","4.58300"
"MUS","Mauricio","1999","Gobierno municipal local","Porcentaje del total","1.88414"
"MUS","Mauricio","1999","Gobierno nacional","Porcentaje del total","93.53286"
"MUS","Mauricio","2000","Fondos de seguridad social","Porcentaje del total","4.45178"
"MUS","Mauricio","2000","Gobierno municipal local","Porcentaje del total","1.84004"
"MUS","Mauricio","2000","Gobierno nacional","Porcentaje del total","93.70818"
"MUS","Mauricio","2001","Fondos de seguridad social","Porcentaje del total","4.81550"
"MUS","Mauricio","2001","Gobierno municipal local","Porcentaje del total","1.90025"
"MUS","Mauricio","2001","Gobierno nacional","Porcentaje del total","93.28425"
"MUS","Mauricio","2002","Fondos de seguridad social","Porcentaje del total","4.81556"
"MUS","Mauricio","2002","Gobierno municipal local","Porcentaje del total","1.78325"
"MUS","Mauricio","2002","Gobierno nacional","Porcentaje del total","93.40119"
"MUS","Mauricio","2003","Fondos de seguridad social","Porcentaje del total","4.15433"
"MUS","Mauricio","2003","Gobierno municipal local","Porcentaje del total","1.63807"
"MUS","Mauricio","2003","Gobierno nacional","Porcentaje del total","94.20615"
"MUS","Mauricio","2003","Gobierno provincial o regional","Porcentaje del total","0.00144"
"MUS","Mauricio","2004","Fondos de seguridad social","Porcentaje del total","4.06907"
"MUS","Mauricio","2004","Gobierno municipal local","Porcentaje del total","1.48986"
"MUS","Mauricio","2004","Gobierno nacional","Porcentaje del total","94.43818"
"MUS","Mauricio","2004","Gobierno provincial o regional","Porcentaje del total","0.00289"
"MUS","Mauricio","2005","Fondos de seguridad social","Porcentaje del total","3.77257"
"MUS","Mauricio","2005","Gobierno municipal local","Porcentaje del total","1.39027"
"MUS","Mauricio","2005","Gobierno nacional","Porcentaje del total","94.83141"
"MUS","Mauricio","2005","Gobierno provincial o regional","Porcentaje del total","0.00574"
"MUS","Mauricio","2006","Fondos de seguridad social","Porcentaje del total","3.83829"
"MUS","Mauricio","2006","Gobierno municipal local","Porcentaje del total","1.42457"
"MUS","Mauricio","2006","Gobierno nacional","Porcentaje del total","94.73236"
"MUS","Mauricio","2006","Gobierno provincial o regional","Porcentaje del total","0.00477"
"MUS","Mauricio","2007","Fondos de seguridad social","Porcentaje del total","3.86017"
"MUS","Mauricio","2007","Gobierno municipal local","Porcentaje del total","1.53008"
"MUS","Mauricio","2007","Gobierno nacional","Porcentaje del total","94.60435"
"MUS","Mauricio","2007","Gobierno provincial o regional","Porcentaje del total","0.00540"
"MUS","Mauricio","2008","Fondos de seguridad social","Porcentaje del total","3.39694"
"MUS","Mauricio","2008","Gobierno municipal local","Porcentaje del total","1.29105"
"MUS","Mauricio","2008","Gobierno nacional","Porcentaje del total","95.30685"
"MUS","Mauricio","2008","Gobierno provincial o regional","Porcentaje del total","0.00515"
"MUS","Mauricio","2009","Fondos de seguridad social","Porcentaje del total","3.33703"
"MUS","Mauricio","2009","Gobierno municipal local","Porcentaje del total","1.18337"
"MUS","Mauricio","2009","Gobierno nacional","Porcentaje del total","95.47670"
"MUS","Mauricio","2009","Gobierno provincial o regional","Porcentaje del total","0.00289"
"MUS","Mauricio","2010","Fondos de seguridad social","Porcentaje del total","3.61705"
"MUS","Mauricio","2010","Gobierno municipal local","Porcentaje del total","1.26378"
"MUS","Mauricio","2010","Gobierno nacional","Porcentaje del total","95.11540"
"MUS","Mauricio","2010","Gobierno provincial o regional","Porcentaje del total","0.00377"
"MUS","Mauricio","2011","Fondos de seguridad social","Porcentaje del total","3.70607"
"MUS","Mauricio","2011","Gobierno municipal local","Porcentaje del total","1.21193"
"MUS","Mauricio","2011","Gobierno nacional","Porcentaje del total","95.07792"
"MUS","Mauricio","2011","Gobierno provincial o regional","Porcentaje del total","0.00407"
"MUS","Mauricio","2012","Fondos de seguridad social","Porcentaje del total","3.62499"
"MUS","Mauricio","2012","Gobierno municipal local","Porcentaje del total","0.88770"
"MUS","Mauricio","2012","Gobierno nacional","Porcentaje del total","95.48395"
"MUS","Mauricio","2012","Gobierno provincial o regional","Porcentaje del total","0.00336"
"MUS","Mauricio","2013","Fondos de seguridad social","Porcentaje del total","3.77951"
"MUS","Mauricio","2013","Gobierno municipal local","Porcentaje del total","0.36536"
"MUS","Mauricio","2013","Gobierno nacional","Porcentaje del total","95.85205"
"MUS","Mauricio","2013","Gobierno provincial o regional","Porcentaje del total","0.00308"
"MUS","Mauricio","2014","Fondos de seguridad social","Porcentaje del total","3.98346"
"MUS","Mauricio","2014","Gobierno municipal local","Porcentaje del total","0.36304"
"MUS","Mauricio","2014","Gobierno nacional","Porcentaje del total","95.64968"
"MUS","Mauricio","2014","Gobierno provincial o regional","Porcentaje del total","0.00383"
"MUS","Mauricio","2015","Fondos de seguridad social","Porcentaje del total","4.10532"
"MUS","Mauricio","2015","Gobierno municipal local","Porcentaje del total","0.18100"
"MUS","Mauricio","2015","Gobierno nacional","Porcentaje del total","95.71153"
"MUS","Mauricio","2015","Gobierno provincial o regional","Porcentaje del total","0.00215"
"MUS","Mauricio","2016","Fondos de seguridad social","Porcentaje del total","4.10441"
"MUS","Mauricio","2016","Gobierno municipal local","Porcentaje del total","0.35500"
"MUS","Mauricio","2016","Gobierno nacional","Porcentaje del total","95.53828"
"MUS","Mauricio","2016","Gobierno provincial o regional","Porcentaje del total","0.00231"
"MUS","Mauricio","2017","Fondos de seguridad social","Porcentaje del total","4.11856"
"MUS","Mauricio","2017","Gobierno municipal local","Porcentaje del total","0.35407"
"MUS","Mauricio","2017","Gobierno nacional","Porcentaje del total","95.52454"
"MUS","Mauricio","2017","Gobierno provincial o regional","Porcentaje del total","0.00282"
"MUS","Mauricio","2018","Fondos de seguridad social","Porcentaje del total","3.79115"
"MUS","Mauricio","2018","Gobierno municipal local","Porcentaje del total","0.33462"
"MUS","Mauricio","2018","Gobierno nacional","Porcentaje del total","95.87121"
"MUS","Mauricio","2018","Gobierno provincial o regional","Porcentaje del total","0.00302"
"MUS","Mauricio","2019","Fondos de seguridad social","Porcentaje del total","4.09991"
"MUS","Mauricio","2019","Gobierno municipal local","Porcentaje del total","0.29933"
"MUS","Mauricio","2019","Gobierno nacional","Porcentaje del total","95.60076"
"MUS","Mauricio","2019","Gobierno provincial o regional","Porcentaje del total","0.00000"
"MUS","Mauricio","2020","Fondos de seguridad social","Porcentaje del total","4.68744"
"MUS","Mauricio","2020","Gobierno municipal local","Porcentaje del total","0.34049"
"MUS","Mauricio","2020","Gobierno nacional","Porcentaje del total","94.96890"
"MUS","Mauricio","2020","Gobierno provincial o regional","Porcentaje del total","0.00318"
"MUS","Mauricio","2021","Fondos de seguridad social","Porcentaje del total","0.84079"
"MUS","Mauricio","2021","Gobierno municipal local","Porcentaje del total","0.34896"
"MUS","Mauricio","2021","Gobierno nacional","Porcentaje del total","98.80712"
"MUS","Mauricio","2021","Gobierno provincial o regional","Porcentaje del total","0.00313"
"MUS","Mauricio","2022","Fondos de seguridad social","Porcentaje del total","0.00000"
"MUS","Mauricio","2022","Gobierno municipal local","Porcentaje del total","0.28164"
"MUS","Mauricio","2022","Gobierno nacional","Porcentaje del total","99.71622"
"MUS","Mauricio","2022","Gobierno provincial o regional","Porcentaje del total","0.00214"
"MUS","Mauricio","2023","Fondos de seguridad social","Porcentaje del total","0.00000"
"MUS","Mauricio","2023","Gobierno municipal local","Porcentaje del total","0.18309"
"MUS","Mauricio","2023","Gobierno nacional","Porcentaje del total","99.81441"
"MUS","Mauricio","2023","Gobierno provincial o regional","Porcentaje del total","0.00250"
"MUS","Mauricio","2024","Fondos de seguridad social","Porcentaje del total","0.00000"
"MUS","Mauricio","2024","Gobierno municipal local","Porcentaje del total","0.15808"
"MUS","Mauricio","2024","Gobierno nacional","Porcentaje del total","99.83922"
"MUS","Mauricio","2024","Gobierno provincial o regional","Porcentaje del total","0.00270"
"MRT","Mauritania","2007","Fondos de seguridad social","Porcentaje del total","5.79435"
"MRT","Mauritania","2007","Gobierno nacional","Porcentaje del total","94.20565"
"MRT","Mauritania","2008","Fondos de seguridad social","Porcentaje del total","6.61749"
"MRT","Mauritania","2008","Gobierno nacional","Porcentaje del total","93.38251"
"MRT","Mauritania","2009","Fondos de seguridad social","Porcentaje del total","5.97187"
"MRT","Mauritania","2009","Gobierno municipal local","Porcentaje del total","4.89794"
"MRT","Mauritania","2009","Gobierno nacional","Porcentaje del total","89.13019"
"MRT","Mauritania","2010","Fondos de seguridad social","Porcentaje del total","6.76432"
"MRT","Mauritania","2010","Gobierno municipal local","Porcentaje del total","4.10024"
"MRT","Mauritania","2010","Gobierno nacional","Porcentaje del total","89.13544"
"MRT","Mauritania","2011","Fondos de seguridad social","Porcentaje del total","5.79186"
"MRT","Mauritania","2011","Gobierno municipal local","Porcentaje del total","3.75065"
"MRT","Mauritania","2011","Gobierno nacional","Porcentaje del total","90.45750"
"MRT","Mauritania","2012","Fondos de seguridad social","Porcentaje del total","5.10054"
"MRT","Mauritania","2012","Gobierno municipal local","Porcentaje del total","2.85271"
"MRT","Mauritania","2012","Gobierno nacional","Porcentaje del total","92.04675"
"MRT","Mauritania","2013","Fondos de seguridad social","Porcentaje del total","5.04950"
"MRT","Mauritania","2013","Gobierno municipal local","Porcentaje del total","2.56541"
"MRT","Mauritania","2013","Gobierno nacional","Porcentaje del total","92.38509"
"MRT","Mauritania","2014","Fondos de seguridad social","Porcentaje del total","5.98232"
"MRT","Mauritania","2014","Gobierno municipal local","Porcentaje del total","3.04416"
"MRT","Mauritania","2014","Gobierno nacional","Porcentaje del total","90.97351"
"MRT","Mauritania","2015","Fondos de seguridad social","Porcentaje del total","6.31434"
"MRT","Mauritania","2015","Gobierno municipal local","Porcentaje del total","4.67512"
"MRT","Mauritania","2015","Gobierno nacional","Porcentaje del total","89.01054"
"MRT","Mauritania","2016","Fondos de seguridad social","Porcentaje del total","5.70398"
"MRT","Mauritania","2016","Gobierno municipal local","Porcentaje del total","4.06351"
"MRT","Mauritania","2016","Gobierno nacional","Porcentaje del total","90.23251"
"MRT","Mauritania","2017","Fondos de seguridad social","Porcentaje del total","5.47588"
"MRT","Mauritania","2017","Gobierno municipal local","Porcentaje del total","3.17693"
"MRT","Mauritania","2017","Gobierno nacional","Porcentaje del total","91.34719"
"MRT","Mauritania","2018","Fondos de seguridad social","Porcentaje del total","5.27257"
"MRT","Mauritania","2018","Gobierno municipal local","Porcentaje del total","2.84717"
"MRT","Mauritania","2018","Gobierno nacional","Porcentaje del total","91.88025"
"MRT","Mauritania","2019","Fondos de seguridad social","Porcentaje del total","5.18326"
"MRT","Mauritania","2019","Gobierno municipal local","Porcentaje del total","0.00000"
"MRT","Mauritania","2019","Gobierno nacional","Porcentaje del total","94.81674"
"MRT","Mauritania","2020","Fondos de seguridad social","Porcentaje del total","5.49893"
"MRT","Mauritania","2020","Gobierno municipal local","Porcentaje del total","0.00000"
"MRT","Mauritania","2020","Gobierno nacional","Porcentaje del total","94.50107"
"MRT","Mauritania","2021","Fondos de seguridad social","Porcentaje del total","4.55957"
"MRT","Mauritania","2021","Gobierno municipal local","Porcentaje del total","0.00000"
"MRT","Mauritania","2021","Gobierno nacional","Porcentaje del total","95.44043"
"MRT","Mauritania","2022","Fondos de seguridad social","Porcentaje del total","4.29324"
"MRT","Mauritania","2022","Gobierno municipal local","Porcentaje del total","0.00000"
"MRT","Mauritania","2022","Gobierno nacional","Porcentaje del total","95.70676"
"MRT","Mauritania","2023","Fondos de seguridad social","Porcentaje del total","4.33830"
"MRT","Mauritania","2023","Gobierno municipal local","Porcentaje del total","0.00000"
"MRT","Mauritania","2023","Gobierno nacional","Porcentaje del total","95.66170"
"MRT","Mauritania","2024","Fondos de seguridad social","Porcentaje del total","3.73159"
"MRT","Mauritania","2024","Gobierno municipal local","Porcentaje del total","0.00000"
"MRT","Mauritania","2024","Gobierno nacional","Porcentaje del total","96.26841"
"MDA","Moldavia","2000","Fondos de seguridad social","Porcentaje del total","24.64987"
"MDA","Moldavia","2000","Gobierno nacional","Porcentaje del total","75.35013"
"MDA","Moldavia","2001","Fondos de seguridad social","Porcentaje del total","27.35849"
"MDA","Moldavia","2001","Gobierno nacional","Porcentaje del total","72.64151"
"MDA","Moldavia","2002","Fondos de seguridad social","Porcentaje del total","27.59963"
"MDA","Moldavia","2002","Gobierno nacional","Porcentaje del total","72.40037"
"MDA","Moldavia","2003","Fondos de seguridad social","Porcentaje del total","25.69829"
"MDA","Moldavia","2003","Gobierno nacional","Porcentaje del total","74.30171"
"MDA","Moldavia","2004","Fondos de seguridad social","Porcentaje del total","28.87145"
"MDA","Moldavia","2004","Gobierno nacional","Porcentaje del total","71.12855"
"MDA","Moldavia","2005","Fondos de seguridad social","Porcentaje del total","28.21370"
"MDA","Moldavia","2005","Gobierno nacional","Porcentaje del total","71.78630"
"MDA","Moldavia","2006","Fondos de seguridad social","Porcentaje del total","27.91025"
"MDA","Moldavia","2006","Gobierno nacional","Porcentaje del total","72.08975"
"MDA","Moldavia","2007","Fondos de seguridad social","Porcentaje del total","27.71779"
"MDA","Moldavia","2007","Gobierno nacional","Porcentaje del total","72.28221"
"MDA","Moldavia","2008","Fondos de seguridad social","Porcentaje del total","30.52216"
"MDA","Moldavia","2008","Gobierno nacional","Porcentaje del total","69.47784"
"MDA","Moldavia","2009","Fondos de seguridad social","Porcentaje del total","35.42772"
"MDA","Moldavia","2009","Gobierno nacional","Porcentaje del total","64.57228"
"MDA","Moldavia","2010","Fondos de seguridad social","Porcentaje del total","32.82376"
"MDA","Moldavia","2010","Gobierno nacional","Porcentaje del total","67.17624"
"MDA","Moldavia","2011","Fondos de seguridad social","Porcentaje del total","31.72832"
"MDA","Moldavia","2011","Gobierno nacional","Porcentaje del total","68.27168"
"MDA","Moldavia","2012","Fondos de seguridad social","Porcentaje del total","30.72261"
"MDA","Moldavia","2012","Gobierno nacional","Porcentaje del total","69.27739"
"MDA","Moldavia","2013","Fondos de seguridad social","Porcentaje del total","29.96062"
"MDA","Moldavia","2013","Gobierno nacional","Porcentaje del total","70.03938"
"MDA","Moldavia","2014","Fondos de seguridad social","Porcentaje del total","30.00699"
"MDA","Moldavia","2014","Gobierno nacional","Porcentaje del total","69.99301"
"MDA","Moldavia","2015","Fondos de seguridad social","Porcentaje del total","31.58403"
"MDA","Moldavia","2015","Gobierno nacional","Porcentaje del total","68.41597"
"MDA","Moldavia","2016","Fondos de seguridad social","Porcentaje del total","31.23356"
"MDA","Moldavia","2016","Gobierno nacional","Porcentaje del total","68.76644"
"MDA","Moldavia","2017","Fondos de seguridad social","Porcentaje del total","31.03226"
"MDA","Moldavia","2017","Gobierno nacional","Porcentaje del total","68.96774"
"MDA","Moldavia","2018","Fondos de seguridad social","Porcentaje del total","31.29680"
"MDA","Moldavia","2018","Gobierno nacional","Porcentaje del total","68.70320"
"MDA","Moldavia","2019","Fondos de seguridad social","Porcentaje del total","31.48221"
"MDA","Moldavia","2019","Gobierno nacional","Porcentaje del total","68.51779"
"MDA","Moldavia","2020","Fondos de seguridad social","Porcentaje del total","32.61143"
"MDA","Moldavia","2020","Gobierno nacional","Porcentaje del total","67.38857"
"MDA","Moldavia","2021","Fondos de seguridad social","Porcentaje del total","30.66078"
"MDA","Moldavia","2021","Gobierno nacional","Porcentaje del total","69.33922"
"MDA","Moldavia","2022","Fondos de seguridad social","Porcentaje del total","30.22921"
"MDA","Moldavia","2022","Gobierno nacional","Porcentaje del total","69.77079"
"MDA","Moldavia","2023","Fondos de seguridad social","Porcentaje del total","31.53632"
"MDA","Moldavia","2023","Gobierno nacional","Porcentaje del total","68.46368"
"MDA","Moldavia","2024","Fondos de seguridad social","Porcentaje del total","32.89141"
"MDA","Moldavia","2024","Gobierno nacional","Porcentaje del total","67.10859"
"MNG","Mongolia","2006","Fondos de seguridad social","Porcentaje del total","10.13292"
"MNG","Mongolia","2006","Gobierno municipal local","Porcentaje del total","10.21441"
"MNG","Mongolia","2006","Gobierno nacional","Porcentaje del total","75.95202"
"MNG","Mongolia","2006","Gobierno provincial o regional","Porcentaje del total","3.70065"
"MNG","Mongolia","2007","Fondos de seguridad social","Porcentaje del total","11.42012"
"MNG","Mongolia","2007","Gobierno municipal local","Porcentaje del total","8.21995"
"MNG","Mongolia","2007","Gobierno nacional","Porcentaje del total","77.01271"
"MNG","Mongolia","2007","Gobierno provincial o regional","Porcentaje del total","3.34722"
"MNG","Mongolia","2008","Fondos de seguridad social","Porcentaje del total","13.12756"
"MNG","Mongolia","2008","Gobierno municipal local","Porcentaje del total","9.48126"
"MNG","Mongolia","2008","Gobierno nacional","Porcentaje del total","76.37699"
"MNG","Mongolia","2008","Gobierno provincial o regional","Porcentaje del total","1.01419"
"MNG","Mongolia","2009","Fondos de seguridad social","Porcentaje del total","17.50735"
"MNG","Mongolia","2009","Gobierno municipal local","Porcentaje del total","12.66712"
"MNG","Mongolia","2009","Gobierno nacional","Porcentaje del total","68.69735"
"MNG","Mongolia","2009","Gobierno provincial o regional","Porcentaje del total","1.12818"
"MNG","Mongolia","2010","Fondos de seguridad social","Porcentaje del total","13.08023"
"MNG","Mongolia","2010","Gobierno municipal local","Porcentaje del total","9.10779"
"MNG","Mongolia","2010","Gobierno nacional","Porcentaje del total","75.53011"
"MNG","Mongolia","2010","Gobierno provincial o regional","Porcentaje del total","2.28188"
"MNG","Mongolia","2011","Fondos de seguridad social","Porcentaje del total","14.28542"
"MNG","Mongolia","2011","Gobierno municipal local","Porcentaje del total","9.49179"
"MNG","Mongolia","2011","Gobierno nacional","Porcentaje del total","73.83666"
"MNG","Mongolia","2011","Gobierno provincial o regional","Porcentaje del total","2.38613"
"MNG","Mongolia","2012","Fondos de seguridad social","Porcentaje del total","17.77630"
"MNG","Mongolia","2012","Gobierno municipal local","Porcentaje del total","11.89764"
"MNG","Mongolia","2012","Gobierno nacional","Porcentaje del total","68.00637"
"MNG","Mongolia","2012","Gobierno provincial o regional","Porcentaje del total","2.31969"
"MNG","Mongolia","2013","Fondos de seguridad social","Porcentaje del total","18.17913"
"MNG","Mongolia","2013","Gobierno municipal local","Porcentaje del total","14.12145"
"MNG","Mongolia","2013","Gobierno nacional","Porcentaje del total","66.65407"
"MNG","Mongolia","2013","Gobierno provincial o regional","Porcentaje del total","1.04536"
"MNG","Mongolia","2014","Fondos de seguridad social","Porcentaje del total","19.44243"
"MNG","Mongolia","2014","Gobierno municipal local","Porcentaje del total","15.01615"
"MNG","Mongolia","2014","Gobierno nacional","Porcentaje del total","64.55595"
"MNG","Mongolia","2014","Gobierno provincial o regional","Porcentaje del total","0.98546"
"MNG","Mongolia","2015","Fondos de seguridad social","Porcentaje del total","21.97769"
"MNG","Mongolia","2015","Gobierno municipal local","Porcentaje del total","15.50488"
"MNG","Mongolia","2015","Gobierno nacional","Porcentaje del total","61.51167"
"MNG","Mongolia","2015","Gobierno provincial o regional","Porcentaje del total","1.00575"
"MNG","Mongolia","2016","Fondos de seguridad social","Porcentaje del total","23.15538"
"MNG","Mongolia","2016","Gobierno municipal local","Porcentaje del total","16.41797"
"MNG","Mongolia","2016","Gobierno nacional","Porcentaje del total","59.10627"
"MNG","Mongolia","2016","Gobierno provincial o regional","Porcentaje del total","1.32037"
"MNG","Mongolia","2017","Fondos de seguridad social","Porcentaje del total","20.96666"
"MNG","Mongolia","2017","Gobierno municipal local","Porcentaje del total","15.40248"
"MNG","Mongolia","2017","Gobierno nacional","Porcentaje del total","62.09061"
"MNG","Mongolia","2017","Gobierno provincial o regional","Porcentaje del total","1.54025"
"MNG","Mongolia","2018","Fondos de seguridad social","Porcentaje del total","20.14725"
"MNG","Mongolia","2018","Gobierno municipal local","Porcentaje del total","14.12881"
"MNG","Mongolia","2018","Gobierno nacional","Porcentaje del total","64.79051"
"MNG","Mongolia","2018","Gobierno provincial o regional","Porcentaje del total","0.93344"
"MNG","Mongolia","2019","Fondos de seguridad social","Porcentaje del total","19.77914"
"MNG","Mongolia","2019","Gobierno municipal local","Porcentaje del total","13.74103"
"MNG","Mongolia","2019","Gobierno nacional","Porcentaje del total","65.74697"
"MNG","Mongolia","2019","Gobierno provincial o regional","Porcentaje del total","0.73286"
"MNG","Mongolia","2020","Fondos de seguridad social","Porcentaje del total","18.85020"
"MNG","Mongolia","2020","Gobierno municipal local","Porcentaje del total","14.93748"
"MNG","Mongolia","2020","Gobierno nacional","Porcentaje del total","65.59383"
"MNG","Mongolia","2020","Gobierno provincial o regional","Porcentaje del total","0.61849"
"MNG","Mongolia","2021","Fondos de seguridad social","Porcentaje del total","20.55780"
"MNG","Mongolia","2021","Gobierno municipal local","Porcentaje del total","14.45979"
"MNG","Mongolia","2021","Gobierno nacional","Porcentaje del total","64.15489"
"MNG","Mongolia","2021","Gobierno provincial o regional","Porcentaje del total","0.82752"
"MNG","Mongolia","2022","Fondos de seguridad social","Porcentaje del total","21.77587"
"MNG","Mongolia","2022","Gobierno municipal local","Porcentaje del total","13.71487"
"MNG","Mongolia","2022","Gobierno nacional","Porcentaje del total","63.92956"
"MNG","Mongolia","2022","Gobierno provincial o regional","Porcentaje del total","0.57970"
"MNG","Mongolia","2023","Fondos de seguridad social","Porcentaje del total","21.76052"
"MNG","Mongolia","2023","Gobierno municipal local","Porcentaje del total","14.89262"
"MNG","Mongolia","2023","Gobierno nacional","Porcentaje del total","62.64156"
"MNG","Mongolia","2023","Gobierno provincial o regional","Porcentaje del total","0.70531"
"MOZ","Mozambique","2006","Fondos de seguridad social","Porcentaje del total","0.92999"
"MOZ","Mozambique","2006","Gobierno nacional","Porcentaje del total","99.07001"
"MOZ","Mozambique","2007","Fondos de seguridad social","Porcentaje del total","0.78580"
"MOZ","Mozambique","2007","Gobierno nacional","Porcentaje del total","99.21420"
"MOZ","Mozambique","2008","Fondos de seguridad social","Porcentaje del total","1.19014"
"MOZ","Mozambique","2008","Gobierno nacional","Porcentaje del total","98.80986"
"MOZ","Mozambique","2009","Fondos de seguridad social","Porcentaje del total","0.91346"
"MOZ","Mozambique","2009","Gobierno nacional","Porcentaje del total","99.08654"
"MOZ","Mozambique","2010","Fondos de seguridad social","Porcentaje del total","1.14771"
"MOZ","Mozambique","2010","Gobierno nacional","Porcentaje del total","98.85229"
"MOZ","Mozambique","2011","Fondos de seguridad social","Porcentaje del total","1.13834"
"MOZ","Mozambique","2011","Gobierno nacional","Porcentaje del total","98.86166"
"MOZ","Mozambique","2012","Fondos de seguridad social","Porcentaje del total","1.66825"
"MOZ","Mozambique","2012","Gobierno nacional","Porcentaje del total","98.33175"
"MOZ","Mozambique","2013","Fondos de seguridad social","Porcentaje del total","1.58089"
"MOZ","Mozambique","2013","Gobierno nacional","Porcentaje del total","98.41911"
"MOZ","Mozambique","2014","Fondos de seguridad social","Porcentaje del total","1.45478"
"MOZ","Mozambique","2014","Gobierno nacional","Porcentaje del total","98.54522"
"MOZ","Mozambique","2015","Fondos de seguridad social","Porcentaje del total","1.67814"
"MOZ","Mozambique","2015","Gobierno nacional","Porcentaje del total","98.32186"
"MOZ","Mozambique","2016","Fondos de seguridad social","Porcentaje del total","1.19516"
"MOZ","Mozambique","2016","Gobierno nacional","Porcentaje del total","98.80484"
"MOZ","Mozambique","2017","Fondos de seguridad social","Porcentaje del total","0.36104"
"MOZ","Mozambique","2017","Gobierno nacional","Porcentaje del total","99.63896"
"MOZ","Mozambique","2018","Fondos de seguridad social","Porcentaje del total","0.28069"
"MOZ","Mozambique","2018","Gobierno nacional","Porcentaje del total","99.71931"
"MOZ","Mozambique","2019","Fondos de seguridad social","Porcentaje del total","0.25398"
"MOZ","Mozambique","2019","Gobierno nacional","Porcentaje del total","99.74602"
"MOZ","Mozambique","2020","Fondos de seguridad social","Porcentaje del total","0.75751"
"MOZ","Mozambique","2020","Gobierno nacional","Porcentaje del total","99.24249"
"MOZ","Mozambique","2021","Fondos de seguridad social","Porcentaje del total","0.39220"
"MOZ","Mozambique","2021","Gobierno nacional","Porcentaje del total","99.60780"
"MOZ","Mozambique","2022","Fondos de seguridad social","Porcentaje del total","0.69208"
"MOZ","Mozambique","2022","Gobierno nacional","Porcentaje del total","99.30792"
"MOZ","Mozambique","2023","Fondos de seguridad social","Porcentaje del total","0.93590"
"MOZ","Mozambique","2023","Gobierno nacional","Porcentaje del total","99.06410"
"MOZ","Mozambique","2024","Fondos de seguridad social","Porcentaje del total","1.24484"
"MOZ","Mozambique","2024","Gobierno nacional","Porcentaje del total","98.75516"
"MEX","México","1990","Fondos de seguridad social","Porcentaje del total","16.82764"
"MEX","México","1990","Gobierno municipal local","Porcentaje del total","1.22935"
"MEX","México","1990","Gobierno nacional","Porcentaje del total","79.83330"
"MEX","México","1990","Gobierno provincial o regional","Porcentaje del total","2.10971"
"MEX","México","1991","Fondos de seguridad social","Porcentaje del total","17.25829"
"MEX","México","1991","Gobierno municipal local","Porcentaje del total","1.36266"
"MEX","México","1991","Gobierno nacional","Porcentaje del total","78.77043"
"MEX","México","1991","Gobierno provincial o regional","Porcentaje del total","2.60862"
"MEX","México","1992","Fondos de seguridad social","Porcentaje del total","17.71981"
"MEX","México","1992","Gobierno municipal local","Porcentaje del total","1.58071"
"MEX","México","1992","Gobierno nacional","Porcentaje del total","77.88276"
"MEX","México","1992","Gobierno provincial o regional","Porcentaje del total","2.81671"
"MEX","México","1993","Fondos de seguridad social","Porcentaje del total","19.04815"
"MEX","México","1993","Gobierno municipal local","Porcentaje del total","1.64552"
"MEX","México","1993","Gobierno nacional","Porcentaje del total","76.45698"
"MEX","México","1993","Gobierno provincial o regional","Porcentaje del total","2.84935"
"MEX","México","1994","Fondos de seguridad social","Porcentaje del total","20.03190"
"MEX","México","1994","Gobierno municipal local","Porcentaje del total","1.52149"
"MEX","México","1994","Gobierno nacional","Porcentaje del total","75.62581"
"MEX","México","1994","Gobierno provincial o regional","Porcentaje del total","2.82081"
"MEX","México","1995","Fondos de seguridad social","Porcentaje del total","21.76967"
"MEX","México","1995","Gobierno municipal local","Porcentaje del total","1.49137"
"MEX","México","1995","Gobierno nacional","Porcentaje del total","73.92612"
"MEX","México","1995","Gobierno provincial o regional","Porcentaje del total","2.81285"
"MEX","México","1996","Fondos de seguridad social","Porcentaje del total","21.27425"
"MEX","México","1996","Gobierno municipal local","Porcentaje del total","1.26756"
"MEX","México","1996","Gobierno nacional","Porcentaje del total","74.64042"
"MEX","México","1996","Gobierno provincial o regional","Porcentaje del total","2.81777"
"MEX","México","1997","Fondos de seguridad social","Porcentaje del total","18.52068"
"MEX","México","1997","Gobierno municipal local","Porcentaje del total","1.12869"
"MEX","México","1997","Gobierno nacional","Porcentaje del total","77.30009"
"MEX","México","1997","Gobierno provincial o regional","Porcentaje del total","3.05054"
"MEX","México","1998","Fondos de seguridad social","Porcentaje del total","17.36731"
"MEX","México","1998","Gobierno municipal local","Porcentaje del total","1.07045"
"MEX","México","1998","Gobierno nacional","Porcentaje del total","78.97974"
"MEX","México","1998","Gobierno provincial o regional","Porcentaje del total","2.58250"
"MEX","México","1999","Fondos de seguridad social","Porcentaje del total","16.77948"
"MEX","México","1999","Gobierno municipal local","Porcentaje del total","0.97827"
"MEX","México","1999","Gobierno nacional","Porcentaje del total","79.79740"
"MEX","México","1999","Gobierno provincial o regional","Porcentaje del total","2.44486"
"MEX","México","2000","Fondos de seguridad social","Porcentaje del total","18.01618"
"MEX","México","2000","Gobierno municipal local","Porcentaje del total","1.04482"
"MEX","México","2000","Gobierno nacional","Porcentaje del total","78.26890"
"MEX","México","2000","Gobierno provincial o regional","Porcentaje del total","2.67010"
"MEX","México","2001","Fondos de seguridad social","Porcentaje del total","17.74472"
"MEX","México","2001","Gobierno municipal local","Porcentaje del total","1.10831"
"MEX","México","2001","Gobierno nacional","Porcentaje del total","78.34171"
"MEX","México","2001","Gobierno provincial o regional","Porcentaje del total","2.80526"
"MEX","México","2002","Fondos de seguridad social","Porcentaje del total","17.35632"
"MEX","México","2002","Gobierno municipal local","Porcentaje del total","1.24487"
"MEX","México","2002","Gobierno nacional","Porcentaje del total","78.56148"
"MEX","México","2002","Gobierno provincial o regional","Porcentaje del total","2.83732"
"MEX","México","2003","Fondos de seguridad social","Porcentaje del total","17.76190"
"MEX","México","2003","Gobierno municipal local","Porcentaje del total","1.33228"
"MEX","México","2003","Gobierno nacional","Porcentaje del total","78.04854"
"MEX","México","2003","Gobierno provincial o regional","Porcentaje del total","2.85728"
"MEX","México","2004","Fondos de seguridad social","Porcentaje del total","18.87958"
"MEX","México","2004","Gobierno municipal local","Porcentaje del total","1.52314"
"MEX","México","2004","Gobierno nacional","Porcentaje del total","76.68401"
"MEX","México","2004","Gobierno provincial o regional","Porcentaje del total","2.91327"
"MEX","México","2005","Fondos de seguridad social","Porcentaje del total","19.01103"
"MEX","México","2005","Gobierno municipal local","Porcentaje del total","1.63372"
"MEX","México","2005","Gobierno nacional","Porcentaje del total","76.13432"
"MEX","México","2005","Gobierno provincial o regional","Porcentaje del total","3.22093"
"MEX","México","2006","Fondos de seguridad social","Porcentaje del total","17.45935"
"MEX","México","2006","Gobierno municipal local","Porcentaje del total","1.71101"
"MEX","México","2006","Gobierno nacional","Porcentaje del total","77.63179"
"MEX","México","2006","Gobierno provincial o regional","Porcentaje del total","3.19785"
"MEX","México","2007","Fondos de seguridad social","Porcentaje del total","17.12801"
"MEX","México","2007","Gobierno municipal local","Porcentaje del total","1.76087"
"MEX","México","2007","Gobierno nacional","Porcentaje del total","77.86065"
"MEX","México","2007","Gobierno provincial o regional","Porcentaje del total","3.25047"
"MEX","México","2008","Fondos de seguridad social","Porcentaje del total","15.57228"
"MEX","México","2008","Gobierno municipal local","Porcentaje del total","1.71975"
"MEX","México","2008","Gobierno nacional","Porcentaje del total","79.55522"
"MEX","México","2008","Gobierno provincial o regional","Porcentaje del total","3.15276"
"MEX","México","2009","Fondos de seguridad social","Porcentaje del total","17.26252"
"MEX","México","2009","Gobierno municipal local","Porcentaje del total","1.80320"
"MEX","México","2009","Gobierno nacional","Porcentaje del total","77.64149"
"MEX","México","2009","Gobierno provincial o regional","Porcentaje del total","3.29279"
"MEX","México","2010","Fondos de seguridad social","Porcentaje del total","16.16665"
"MEX","México","2010","Gobierno municipal local","Porcentaje del total","1.69057"
"MEX","México","2010","Gobierno nacional","Porcentaje del total","78.74543"
"MEX","México","2010","Gobierno provincial o regional","Porcentaje del total","3.39735"
"MEX","México","2011","Fondos de seguridad social","Porcentaje del total","16.15423"
"MEX","México","2011","Gobierno municipal local","Porcentaje del total","1.65310"
"MEX","México","2011","Gobierno nacional","Porcentaje del total","78.42452"
"MEX","México","2011","Gobierno provincial o regional","Porcentaje del total","3.76815"
"MEX","México","2012","Fondos de seguridad social","Porcentaje del total","16.50955"
"MEX","México","2012","Gobierno municipal local","Porcentaje del total","1.77663"
"MEX","México","2012","Gobierno nacional","Porcentaje del total","77.24320"
"MEX","México","2012","Gobierno provincial o regional","Porcentaje del total","4.47062"
"MEX","México","2013","Fondos de seguridad social","Porcentaje del total","16.25457"
"MEX","México","2013","Gobierno municipal local","Porcentaje del total","1.81605"
"MEX","México","2013","Gobierno nacional","Porcentaje del total","77.38016"
"MEX","México","2013","Gobierno provincial o regional","Porcentaje del total","4.54922"
"MEX","México","2014","Fondos de seguridad social","Porcentaje del total","15.80323"
"MEX","México","2014","Gobierno municipal local","Porcentaje del total","1.78137"
"MEX","México","2014","Gobierno nacional","Porcentaje del total","77.61417"
"MEX","México","2014","Gobierno provincial o regional","Porcentaje del total","4.80123"
"MEX","México","2015","Fondos de seguridad social","Porcentaje del total","13.85650"
"MEX","México","2015","Gobierno municipal local","Porcentaje del total","1.58206"
"MEX","México","2015","Gobierno nacional","Porcentaje del total","80.37840"
"MEX","México","2015","Gobierno provincial o regional","Porcentaje del total","4.18304"
"MEX","México","2016","Fondos de seguridad social","Porcentaje del total","13.01099"
"MEX","México","2016","Gobierno municipal local","Porcentaje del total","1.52375"
"MEX","México","2016","Gobierno nacional","Porcentaje del total","81.48620"
"MEX","México","2016","Gobierno provincial o regional","Porcentaje del total","3.97905"
"MEX","México","2017","Fondos de seguridad social","Porcentaje del total","13.25815"
"MEX","México","2017","Gobierno municipal local","Porcentaje del total","1.58732"
"MEX","México","2017","Gobierno nacional","Porcentaje del total","81.06720"
"MEX","México","2017","Gobierno provincial o regional","Porcentaje del total","4.08734"
"MEX","México","2018","Fondos de seguridad social","Porcentaje del total","13.40447"
"MEX","México","2018","Gobierno municipal local","Porcentaje del total","1.62471"
"MEX","México","2018","Gobierno nacional","Porcentaje del total","80.92332"
"MEX","México","2018","Gobierno provincial o regional","Porcentaje del total","4.04750"
"MEX","México","2019","Fondos de seguridad social","Porcentaje del total","13.81647"
"MEX","México","2019","Gobierno municipal local","Porcentaje del total","1.66896"
"MEX","México","2019","Gobierno nacional","Porcentaje del total","80.41639"
"MEX","México","2019","Gobierno provincial o regional","Porcentaje del total","4.09819"
"MEX","México","2020","Fondos de seguridad social","Porcentaje del total","13.88432"
"MEX","México","2020","Gobierno municipal local","Porcentaje del total","1.54423"
"MEX","México","2020","Gobierno nacional","Porcentaje del total","80.68699"
"MEX","México","2020","Gobierno provincial o regional","Porcentaje del total","3.88446"
"MEX","México","2021","Fondos de seguridad social","Porcentaje del total","13.74946"
"MEX","México","2021","Gobierno municipal local","Porcentaje del total","1.75407"
"MEX","México","2021","Gobierno nacional","Porcentaje del total","80.39491"
"MEX","México","2021","Gobierno provincial o regional","Porcentaje del total","4.10156"
"MEX","México","2022","Fondos de seguridad social","Porcentaje del total","13.77582"
"MEX","México","2022","Gobierno municipal local","Porcentaje del total","1.82557"
"MEX","México","2022","Gobierno nacional","Porcentaje del total","79.97927"
"MEX","México","2022","Gobierno provincial o regional","Porcentaje del total","4.41934"
"MEX","México","2023","Fondos de seguridad social","Porcentaje del total","13.48245"
"MEX","México","2023","Gobierno municipal local","Porcentaje del total","1.72534"
"MEX","México","2023","Gobierno nacional","Porcentaje del total","80.25335"
"MEX","México","2023","Gobierno provincial o regional","Porcentaje del total","4.53886"
"MEX","México","2024","Fondos de seguridad social","Porcentaje del total","13.74892"
"MEX","México","2024","Gobierno municipal local","Porcentaje del total","1.59800"
"MEX","México","2024","Gobierno nacional","Porcentaje del total","80.12104"
"MEX","México","2024","Gobierno provincial o regional","Porcentaje del total","4.53204"
"NAM","Namibia","2006","Gobierno nacional","Porcentaje del total","100.00000"
"NAM","Namibia","2007","Gobierno nacional","Porcentaje del total","100.00000"
"NAM","Namibia","2008","Gobierno nacional","Porcentaje del total","100.00000"
"NAM","Namibia","2009","Fondos de seguridad social","Porcentaje del total","1.63827"
"NAM","Namibia","2009","Gobierno nacional","Porcentaje del total","98.36173"
"NAM","Namibia","2010","Fondos de seguridad social","Porcentaje del total","1.93813"
"NAM","Namibia","2010","Gobierno nacional","Porcentaje del total","98.06187"
"NAM","Namibia","2011","Fondos de seguridad social","Porcentaje del total","1.57983"
"NAM","Namibia","2011","Gobierno nacional","Porcentaje del total","98.42017"
"NAM","Namibia","2012","Fondos de seguridad social","Porcentaje del total","1.53961"
"NAM","Namibia","2012","Gobierno nacional","Porcentaje del total","98.46039"
"NAM","Namibia","2013","Fondos de seguridad social","Porcentaje del total","1.51909"
"NAM","Namibia","2013","Gobierno nacional","Porcentaje del total","98.48091"
"NAM","Namibia","2014","Fondos de seguridad social","Porcentaje del total","1.58785"
"NAM","Namibia","2014","Gobierno nacional","Porcentaje del total","98.41215"
"NAM","Namibia","2015","Fondos de seguridad social","Porcentaje del total","1.67805"
"NAM","Namibia","2015","Gobierno nacional","Porcentaje del total","98.32195"
"NAM","Namibia","2016","Fondos de seguridad social","Porcentaje del total","1.60714"
"NAM","Namibia","2016","Gobierno nacional","Porcentaje del total","98.39286"
"NAM","Namibia","2017","Fondos de seguridad social","Porcentaje del total","1.82937"
"NAM","Namibia","2017","Gobierno nacional","Porcentaje del total","98.17063"
"NAM","Namibia","2018","Fondos de seguridad social","Porcentaje del total","1.75108"
"NAM","Namibia","2018","Gobierno nacional","Porcentaje del total","98.24892"
"NAM","Namibia","2019","Fondos de seguridad social","Porcentaje del total","1.69917"
"NAM","Namibia","2019","Gobierno nacional","Porcentaje del total","98.30083"
"NAM","Namibia","2020","Fondos de seguridad social","Porcentaje del total","1.96569"
"NAM","Namibia","2020","Gobierno nacional","Porcentaje del total","98.03431"
"NAM","Namibia","2021","Fondos de seguridad social","Porcentaje del total","1.62101"
"NAM","Namibia","2021","Gobierno nacional","Porcentaje del total","98.37899"
"NAM","Namibia","2022","Fondos de seguridad social","Porcentaje del total","1.41257"
"NAM","Namibia","2022","Gobierno nacional","Porcentaje del total","98.58743"
"NAM","Namibia","2023","Fondos de seguridad social","Porcentaje del total","1.17384"
"NAM","Namibia","2023","Gobierno nacional","Porcentaje del total","98.82616"
"NAM","Namibia","2024","Fondos de seguridad social","Porcentaje del total","1.16922"
"NAM","Namibia","2024","Gobierno nacional","Porcentaje del total","98.83078"
"NRU","Nauru","2014","Gobierno nacional","Porcentaje del total","100.00000"
"NRU","Nauru","2015","Gobierno nacional","Porcentaje del total","100.00000"
"NRU","Nauru","2016","Gobierno nacional","Porcentaje del total","100.00000"
"NRU","Nauru","2017","Gobierno nacional","Porcentaje del total","100.00000"
"NRU","Nauru","2018","Gobierno nacional","Porcentaje del total","100.00000"
"NRU","Nauru","2019","Gobierno nacional","Porcentaje del total","100.00000"
"NRU","Nauru","2020","Gobierno nacional","Porcentaje del total","100.00000"
"NRU","Nauru","2021","Gobierno nacional","Porcentaje del total","100.00000"
"NRU","Nauru","2022","Gobierno nacional","Porcentaje del total","100.00000"
"NRU","Nauru","2023","Gobierno nacional","Porcentaje del total","100.00000"
"NIC","Nicaragua","1991","Fondos de seguridad social","Porcentaje del total","13.28570"
"NIC","Nicaragua","1991","Gobierno municipal local","Porcentaje del total","5.51508"
"NIC","Nicaragua","1991","Gobierno nacional","Porcentaje del total","81.19921"
"NIC","Nicaragua","1992","Fondos de seguridad social","Porcentaje del total","14.64087"
"NIC","Nicaragua","1992","Gobierno municipal local","Porcentaje del total","3.96628"
"NIC","Nicaragua","1992","Gobierno nacional","Porcentaje del total","81.39285"
"NIC","Nicaragua","1993","Fondos de seguridad social","Porcentaje del total","12.79932"
"NIC","Nicaragua","1993","Gobierno municipal local","Porcentaje del total","6.48607"
"NIC","Nicaragua","1993","Gobierno nacional","Porcentaje del total","80.71461"
"NIC","Nicaragua","1994","Fondos de seguridad social","Porcentaje del total","14.64593"
"NIC","Nicaragua","1994","Gobierno municipal local","Porcentaje del total","6.19168"
"NIC","Nicaragua","1994","Gobierno nacional","Porcentaje del total","79.16238"
"NIC","Nicaragua","1995","Fondos de seguridad social","Porcentaje del total","14.98160"
"NIC","Nicaragua","1995","Gobierno municipal local","Porcentaje del total","4.57647"
"NIC","Nicaragua","1995","Gobierno nacional","Porcentaje del total","80.44193"
"NIC","Nicaragua","1996","Fondos de seguridad social","Porcentaje del total","14.24393"
"NIC","Nicaragua","1996","Gobierno municipal local","Porcentaje del total","4.92121"
"NIC","Nicaragua","1996","Gobierno nacional","Porcentaje del total","80.83486"
"NIC","Nicaragua","1997","Fondos de seguridad social","Porcentaje del total","13.29961"
"NIC","Nicaragua","1997","Gobierno municipal local","Porcentaje del total","5.80560"
"NIC","Nicaragua","1997","Gobierno nacional","Porcentaje del total","80.89479"
"NIC","Nicaragua","1998","Fondos de seguridad social","Porcentaje del total","14.35675"
"NIC","Nicaragua","1998","Gobierno municipal local","Porcentaje del total","7.43570"
"NIC","Nicaragua","1998","Gobierno nacional","Porcentaje del total","78.20755"
"NIC","Nicaragua","1999","Fondos de seguridad social","Porcentaje del total","15.24285"
"NIC","Nicaragua","1999","Gobierno municipal local","Porcentaje del total","7.75244"
"NIC","Nicaragua","1999","Gobierno nacional","Porcentaje del total","77.00470"
"NIC","Nicaragua","2000","Fondos de seguridad social","Porcentaje del total","18.04815"
"NIC","Nicaragua","2000","Gobierno municipal local","Porcentaje del total","9.48507"
"NIC","Nicaragua","2000","Gobierno nacional","Porcentaje del total","72.46678"
"NIC","Nicaragua","2001","Fondos de seguridad social","Porcentaje del total","20.69895"
"NIC","Nicaragua","2001","Gobierno municipal local","Porcentaje del total","10.92819"
"NIC","Nicaragua","2001","Gobierno nacional","Porcentaje del total","68.37286"
"NIC","Nicaragua","2002","Fondos de seguridad social","Porcentaje del total","20.14576"
"NIC","Nicaragua","2002","Gobierno municipal local","Porcentaje del total","9.70722"
"NIC","Nicaragua","2002","Gobierno nacional","Porcentaje del total","70.14702"
"NIC","Nicaragua","2003","Fondos de seguridad social","Porcentaje del total","18.92328"
"NIC","Nicaragua","2003","Gobierno municipal local","Porcentaje del total","9.18745"
"NIC","Nicaragua","2003","Gobierno nacional","Porcentaje del total","71.88927"
"NIC","Nicaragua","2004","Fondos de seguridad social","Porcentaje del total","19.17431"
"NIC","Nicaragua","2004","Gobierno municipal local","Porcentaje del total","6.05772"
"NIC","Nicaragua","2004","Gobierno nacional","Porcentaje del total","74.76797"
"NIC","Nicaragua","2005","Fondos de seguridad social","Porcentaje del total","18.32278"
"NIC","Nicaragua","2005","Gobierno municipal local","Porcentaje del total","7.33724"
"NIC","Nicaragua","2005","Gobierno nacional","Porcentaje del total","74.33999"
"NIC","Nicaragua","2006","Fondos de seguridad social","Porcentaje del total","18.86288"
"NIC","Nicaragua","2006","Gobierno municipal local","Porcentaje del total","7.47656"
"NIC","Nicaragua","2006","Gobierno nacional","Porcentaje del total","73.66055"
"NIC","Nicaragua","2007","Fondos de seguridad social","Porcentaje del total","19.06506"
"NIC","Nicaragua","2007","Gobierno municipal local","Porcentaje del total","7.63348"
"NIC","Nicaragua","2007","Gobierno nacional","Porcentaje del total","73.30146"
"NIC","Nicaragua","2008","Fondos de seguridad social","Porcentaje del total","20.18086"
"NIC","Nicaragua","2008","Gobierno municipal local","Porcentaje del total","7.21531"
"NIC","Nicaragua","2008","Gobierno nacional","Porcentaje del total","72.60383"
"NIC","Nicaragua","2009","Fondos de seguridad social","Porcentaje del total","21.80606"
"NIC","Nicaragua","2009","Gobierno municipal local","Porcentaje del total","7.47751"
"NIC","Nicaragua","2009","Gobierno nacional","Porcentaje del total","70.71643"
"NIC","Nicaragua","2010","Fondos de seguridad social","Porcentaje del total","22.37185"
"NIC","Nicaragua","2010","Gobierno municipal local","Porcentaje del total","7.38983"
"NIC","Nicaragua","2010","Gobierno nacional","Porcentaje del total","70.23832"
"NIC","Nicaragua","2011","Fondos de seguridad social","Porcentaje del total","21.31291"
"NIC","Nicaragua","2011","Gobierno municipal local","Porcentaje del total","7.37839"
"NIC","Nicaragua","2011","Gobierno nacional","Porcentaje del total","71.30869"
"NIC","Nicaragua","2012","Fondos de seguridad social","Porcentaje del total","21.32020"
"NIC","Nicaragua","2012","Gobierno municipal local","Porcentaje del total","7.23334"
"NIC","Nicaragua","2012","Gobierno nacional","Porcentaje del total","71.44646"
"NIC","Nicaragua","2013","Fondos de seguridad social","Porcentaje del total","22.21074"
"NIC","Nicaragua","2013","Gobierno municipal local","Porcentaje del total","7.22929"
"NIC","Nicaragua","2013","Gobierno nacional","Porcentaje del total","70.55997"
"NIC","Nicaragua","2014","Fondos de seguridad social","Porcentaje del total","22.58850"
"NIC","Nicaragua","2014","Gobierno municipal local","Porcentaje del total","7.14428"
"NIC","Nicaragua","2014","Gobierno nacional","Porcentaje del total","70.26723"
"NIC","Nicaragua","2015","Fondos de seguridad social","Porcentaje del total","23.45528"
"NIC","Nicaragua","2015","Gobierno municipal local","Porcentaje del total","6.76254"
"NIC","Nicaragua","2015","Gobierno nacional","Porcentaje del total","69.78218"
"NIC","Nicaragua","2016","Fondos de seguridad social","Porcentaje del total","24.06829"
"NIC","Nicaragua","2016","Gobierno municipal local","Porcentaje del total","6.53620"
"NIC","Nicaragua","2016","Gobierno nacional","Porcentaje del total","69.39551"
"NIC","Nicaragua","2017","Fondos de seguridad social","Porcentaje del total","24.15696"
"NIC","Nicaragua","2017","Gobierno municipal local","Porcentaje del total","6.39710"
"NIC","Nicaragua","2017","Gobierno nacional","Porcentaje del total","69.44594"
"NIC","Nicaragua","2018","Fondos de seguridad social","Porcentaje del total","25.79574"
"NIC","Nicaragua","2018","Gobierno municipal local","Porcentaje del total","6.61202"
"NIC","Nicaragua","2018","Gobierno nacional","Porcentaje del total","67.59223"
"NIC","Nicaragua","2019","Fondos de seguridad social","Porcentaje del total","25.70127"
"NIC","Nicaragua","2019","Gobierno municipal local","Porcentaje del total","6.02646"
"NIC","Nicaragua","2019","Gobierno nacional","Porcentaje del total","68.27227"
"NIC","Nicaragua","2020","Fondos de seguridad social","Porcentaje del total","26.22217"
"NIC","Nicaragua","2020","Gobierno municipal local","Porcentaje del total","6.60906"
"NIC","Nicaragua","2020","Gobierno nacional","Porcentaje del total","67.16877"
"NIC","Nicaragua","2021","Fondos de seguridad social","Porcentaje del total","23.82906"
"NIC","Nicaragua","2021","Gobierno municipal local","Porcentaje del total","6.27453"
"NIC","Nicaragua","2021","Gobierno nacional","Porcentaje del total","69.89642"
"NIC","Nicaragua","2022","Fondos de seguridad social","Porcentaje del total","22.78339"
"NIC","Nicaragua","2022","Gobierno municipal local","Porcentaje del total","5.86768"
"NIC","Nicaragua","2022","Gobierno nacional","Porcentaje del total","71.34892"
"NIC","Nicaragua","2023","Fondos de seguridad social","Porcentaje del total","21.52072"
"NIC","Nicaragua","2023","Gobierno municipal local","Porcentaje del total","5.94103"
"NIC","Nicaragua","2023","Gobierno nacional","Porcentaje del total","72.53825"
"NIC","Nicaragua","2024","Fondos de seguridad social","Porcentaje del total","21.14280"
"NIC","Nicaragua","2024","Gobierno municipal local","Porcentaje del total","6.08834"
"NIC","Nicaragua","2024","Gobierno nacional","Porcentaje del total","72.76886"
"NGA","Nigeria","2010","Fondos de seguridad social","Porcentaje del total","7.54172"
"NGA","Nigeria","2010","Gobierno municipal local","Porcentaje del total","0.00000"
"NGA","Nigeria","2010","Gobierno nacional","Porcentaje del total","82.53732"
"NGA","Nigeria","2010","Gobierno provincial o regional","Porcentaje del total","9.92096"
"NGA","Nigeria","2011","Fondos de seguridad social","Porcentaje del total","6.51043"
"NGA","Nigeria","2011","Gobierno municipal local","Porcentaje del total","0.00000"
"NGA","Nigeria","2011","Gobierno nacional","Porcentaje del total","85.59807"
"NGA","Nigeria","2011","Gobierno provincial o regional","Porcentaje del total","7.89149"
"NGA","Nigeria","2012","Fondos de seguridad social","Porcentaje del total","7.51669"
"NGA","Nigeria","2012","Gobierno municipal local","Porcentaje del total","0.00000"
"NGA","Nigeria","2012","Gobierno nacional","Porcentaje del total","83.93964"
"NGA","Nigeria","2012","Gobierno provincial o regional","Porcentaje del total","8.54367"
"NGA","Nigeria","2013","Fondos de seguridad social","Porcentaje del total","8.50395"
"NGA","Nigeria","2013","Gobierno municipal local","Porcentaje del total","0.00000"
"NGA","Nigeria","2013","Gobierno nacional","Porcentaje del total","81.68877"
"NGA","Nigeria","2013","Gobierno provincial o regional","Porcentaje del total","9.80728"
"NGA","Nigeria","2014","Fondos de seguridad social","Porcentaje del total","9.31333"
"NGA","Nigeria","2014","Gobierno municipal local","Porcentaje del total","0.00000"
"NGA","Nigeria","2014","Gobierno nacional","Porcentaje del total","80.44104"
"NGA","Nigeria","2014","Gobierno provincial o regional","Porcentaje del total","10.24563"
"NGA","Nigeria","2015","Fondos de seguridad social","Porcentaje del total","9.85313"
"NGA","Nigeria","2015","Gobierno municipal local","Porcentaje del total","0.00000"
"NGA","Nigeria","2015","Gobierno nacional","Porcentaje del total","78.34405"
"NGA","Nigeria","2015","Gobierno provincial o regional","Porcentaje del total","11.80281"
"NGA","Nigeria","2016","Fondos de seguridad social","Porcentaje del total","10.11286"
"NGA","Nigeria","2016","Gobierno municipal local","Porcentaje del total","0.00000"
"NGA","Nigeria","2016","Gobierno nacional","Porcentaje del total","75.10626"
"NGA","Nigeria","2016","Gobierno provincial o regional","Porcentaje del total","14.78089"
"NGA","Nigeria","2017","Fondos de seguridad social","Porcentaje del total","10.85872"
"NGA","Nigeria","2017","Gobierno municipal local","Porcentaje del total","0.00000"
"NGA","Nigeria","2017","Gobierno nacional","Porcentaje del total","74.90349"
"NGA","Nigeria","2017","Gobierno provincial o regional","Porcentaje del total","14.23779"
"NGA","Nigeria","2018","Fondos de seguridad social","Porcentaje del total","8.37995"
"NGA","Nigeria","2018","Gobierno municipal local","Porcentaje del total","0.00000"
"NGA","Nigeria","2018","Gobierno nacional","Porcentaje del total","77.36318"
"NGA","Nigeria","2018","Gobierno provincial o regional","Porcentaje del total","14.25687"
"NGA","Nigeria","2019","Fondos de seguridad social","Porcentaje del total","10.68987"
"NGA","Nigeria","2019","Gobierno municipal local","Porcentaje del total","0.00000"
"NGA","Nigeria","2019","Gobierno nacional","Porcentaje del total","74.00031"
"NGA","Nigeria","2019","Gobierno provincial o regional","Porcentaje del total","15.30982"
"NGA","Nigeria","2020","Fondos de seguridad social","Porcentaje del total","11.48125"
"NGA","Nigeria","2020","Gobierno municipal local","Porcentaje del total","0.00000"
"NGA","Nigeria","2020","Gobierno nacional","Porcentaje del total","73.26264"
"NGA","Nigeria","2020","Gobierno provincial o regional","Porcentaje del total","15.25611"
"NGA","Nigeria","2021","Fondos de seguridad social","Porcentaje del total","8.20504"
"NGA","Nigeria","2021","Gobierno municipal local","Porcentaje del total","0.00000"
"NGA","Nigeria","2021","Gobierno nacional","Porcentaje del total","75.69581"
"NGA","Nigeria","2021","Gobierno provincial o regional","Porcentaje del total","16.09915"
"NGA","Nigeria","2022","Fondos de seguridad social","Porcentaje del total","7.02439"
"NGA","Nigeria","2022","Gobierno municipal local","Porcentaje del total","0.00000"
"NGA","Nigeria","2022","Gobierno nacional","Porcentaje del total","80.94439"
"NGA","Nigeria","2022","Gobierno provincial o regional","Porcentaje del total","12.03122"
"NGA","Nigeria","2023","Fondos de seguridad social","Porcentaje del total","6.38657"
"NGA","Nigeria","2023","Gobierno municipal local","Porcentaje del total","0.00000"
"NGA","Nigeria","2023","Gobierno nacional","Porcentaje del total","81.39793"
"NGA","Nigeria","2023","Gobierno provincial o regional","Porcentaje del total","12.21550"
"NIU","Niue","2010","Gobierno nacional","Porcentaje del total","100.00000"
"NIU","Niue","2011","Gobierno nacional","Porcentaje del total","100.00000"
"NIU","Niue","2012","Gobierno nacional","Porcentaje del total","100.00000"
"NIU","Niue","2013","Gobierno nacional","Porcentaje del total","100.00000"
"NIU","Niue","2014","Gobierno nacional","Porcentaje del total","100.00000"
"NIU","Niue","2015","Gobierno nacional","Porcentaje del total","100.00000"
"NIU","Niue","2016","Gobierno nacional","Porcentaje del total","100.00000"
"NIU","Niue","2017","Gobierno nacional","Porcentaje del total","100.00000"
"NIU","Niue","2018","Gobierno nacional","Porcentaje del total","100.00000"
"NIU","Niue","2019","Gobierno nacional","Porcentaje del total","100.00000"
"NIU","Niue","2020","Gobierno nacional","Porcentaje del total","100.00000"
"NIU","Niue","2021","Gobierno nacional","Porcentaje del total","100.00000"
"NIU","Niue","2022","Gobierno nacional","Porcentaje del total","100.00000"
"NIU","Niue","2023","Gobierno nacional","Porcentaje del total","100.00000"
"NOR","Noruega","1990","Fondos de seguridad social","Porcentaje del total","24.67285"
"NOR","Noruega","1990","Gobierno municipal local","Porcentaje del total","20.29430"
"NOR","Noruega","1990","Gobierno nacional","Porcentaje del total","55.03286"
"NOR","Noruega","1991","Fondos de seguridad social","Porcentaje del total","24.62981"
"NOR","Noruega","1991","Gobierno municipal local","Porcentaje del total","19.96575"
"NOR","Noruega","1991","Gobierno nacional","Porcentaje del total","55.40444"
"NOR","Noruega","1992","Fondos de seguridad social","Porcentaje del total","25.37088"
"NOR","Noruega","1992","Gobierno municipal local","Porcentaje del total","20.21006"
"NOR","Noruega","1992","Gobierno nacional","Porcentaje del total","54.41906"
"NOR","Noruega","1993","Fondos de seguridad social","Porcentaje del total","23.56561"
"NOR","Noruega","1993","Gobierno municipal local","Porcentaje del total","20.53817"
"NOR","Noruega","1993","Gobierno nacional","Porcentaje del total","55.89622"
"NOR","Noruega","1994","Fondos de seguridad social","Porcentaje del total","22.44853"
"NOR","Noruega","1994","Gobierno municipal local","Porcentaje del total","20.85434"
"NOR","Noruega","1994","Gobierno nacional","Porcentaje del total","56.69713"
"NOR","Noruega","1995","Fondos de seguridad social","Porcentaje del total","22.25084"
"NOR","Noruega","1995","Gobierno municipal local","Porcentaje del total","19.87205"
"NOR","Noruega","1995","Gobierno nacional","Porcentaje del total","57.87711"
"NOR","Noruega","1996","Fondos de seguridad social","Porcentaje del total","22.03380"
"NOR","Noruega","1996","Gobierno municipal local","Porcentaje del total","19.38108"
"NOR","Noruega","1996","Gobierno nacional","Porcentaje del total","58.58512"
"NOR","Noruega","1997","Fondos de seguridad social","Porcentaje del total","21.40945"
"NOR","Noruega","1997","Gobierno municipal local","Porcentaje del total","18.52101"
"NOR","Noruega","1997","Gobierno nacional","Porcentaje del total","60.06953"
"NOR","Noruega","1998","Fondos de seguridad social","Porcentaje del total","22.31568"
"NOR","Noruega","1998","Gobierno municipal local","Porcentaje del total","18.39438"
"NOR","Noruega","1998","Gobierno nacional","Porcentaje del total","59.28995"
"NOR","Noruega","1999","Fondos de seguridad social","Porcentaje del total","22.06379"
"NOR","Noruega","1999","Gobierno municipal local","Porcentaje del total","17.27300"
"NOR","Noruega","1999","Gobierno nacional","Porcentaje del total","60.66321"
"NOR","Noruega","2000","Fondos de seguridad social","Porcentaje del total","0.00000"
"NOR","Noruega","2000","Gobierno municipal local","Porcentaje del total","15.13360"
"NOR","Noruega","2000","Gobierno nacional","Porcentaje del total","84.86640"
"NOR","Noruega","2001","Fondos de seguridad social","Porcentaje del total","0.00000"
"NOR","Noruega","2001","Gobierno municipal local","Porcentaje del total","16.42529"
"NOR","Noruega","2001","Gobierno nacional","Porcentaje del total","83.57471"
"NOR","Noruega","2002","Fondos de seguridad social","Porcentaje del total","0.00000"
"NOR","Noruega","2002","Gobierno municipal local","Porcentaje del total","12.97934"
"NOR","Noruega","2002","Gobierno nacional","Porcentaje del total","87.02066"
"NOR","Noruega","2003","Fondos de seguridad social","Porcentaje del total","0.00000"
"NOR","Noruega","2003","Gobierno municipal local","Porcentaje del total","14.69902"
"NOR","Noruega","2003","Gobierno nacional","Porcentaje del total","85.30098"
"NOR","Noruega","2004","Fondos de seguridad social","Porcentaje del total","0.00000"
"NOR","Noruega","2004","Gobierno municipal local","Porcentaje del total","13.66070"
"NOR","Noruega","2004","Gobierno nacional","Porcentaje del total","86.33930"
"NOR","Noruega","2005","Fondos de seguridad social","Porcentaje del total","0.00000"
"NOR","Noruega","2005","Gobierno municipal local","Porcentaje del total","13.30642"
"NOR","Noruega","2005","Gobierno nacional","Porcentaje del total","86.69358"
"NOR","Noruega","2006","Fondos de seguridad social","Porcentaje del total","0.00000"
"NOR","Noruega","2006","Gobierno municipal local","Porcentaje del total","12.63720"
"NOR","Noruega","2006","Gobierno nacional","Porcentaje del total","87.36280"
"NOR","Noruega","2007","Fondos de seguridad social","Porcentaje del total","0.00000"
"NOR","Noruega","2007","Gobierno municipal local","Porcentaje del total","12.48780"
"NOR","Noruega","2007","Gobierno nacional","Porcentaje del total","87.51220"
"NOR","Noruega","2008","Fondos de seguridad social","Porcentaje del total","0.00000"
"NOR","Noruega","2008","Gobierno municipal local","Porcentaje del total","11.81796"
"NOR","Noruega","2008","Gobierno nacional","Porcentaje del total","88.18204"
"NOR","Noruega","2009","Fondos de seguridad social","Porcentaje del total","0.00000"
"NOR","Noruega","2009","Gobierno municipal local","Porcentaje del total","13.86350"
"NOR","Noruega","2009","Gobierno nacional","Porcentaje del total","86.13650"
"NOR","Noruega","2010","Fondos de seguridad social","Porcentaje del total","0.00000"
"NOR","Noruega","2010","Gobierno municipal local","Porcentaje del total","13.57977"
"NOR","Noruega","2010","Gobierno nacional","Porcentaje del total","86.42023"
"NOR","Noruega","2011","Fondos de seguridad social","Porcentaje del total","0.00000"
"NOR","Noruega","2011","Gobierno municipal local","Porcentaje del total","12.09825"
"NOR","Noruega","2011","Gobierno nacional","Porcentaje del total","87.90175"
"NOR","Noruega","2012","Fondos de seguridad social","Porcentaje del total","0.00000"
"NOR","Noruega","2012","Gobierno municipal local","Porcentaje del total","12.45350"
"NOR","Noruega","2012","Gobierno nacional","Porcentaje del total","87.54650"
"NOR","Noruega","2013","Fondos de seguridad social","Porcentaje del total","0.00000"
"NOR","Noruega","2013","Gobierno municipal local","Porcentaje del total","13.23060"
"NOR","Noruega","2013","Gobierno nacional","Porcentaje del total","86.76940"
"NOR","Noruega","2014","Fondos de seguridad social","Porcentaje del total","0.00000"
"NOR","Noruega","2014","Gobierno municipal local","Porcentaje del total","13.85590"
"NOR","Noruega","2014","Gobierno nacional","Porcentaje del total","86.14410"
"NOR","Noruega","2015","Fondos de seguridad social","Porcentaje del total","0.00000"
"NOR","Noruega","2015","Gobierno municipal local","Porcentaje del total","15.33031"
"NOR","Noruega","2015","Gobierno nacional","Porcentaje del total","84.66969"
"NOR","Noruega","2016","Fondos de seguridad social","Porcentaje del total","0.00000"
"NOR","Noruega","2016","Gobierno municipal local","Porcentaje del total","16.10406"
"NOR","Noruega","2016","Gobierno nacional","Porcentaje del total","83.89594"
"NOR","Noruega","2017","Fondos de seguridad social","Porcentaje del total","0.00000"
"NOR","Noruega","2017","Gobierno municipal local","Porcentaje del total","15.82099"
"NOR","Noruega","2017","Gobierno nacional","Porcentaje del total","84.17901"
"NOR","Noruega","2018","Fondos de seguridad social","Porcentaje del total","0.00000"
"NOR","Noruega","2018","Gobierno municipal local","Porcentaje del total","15.21303"
"NOR","Noruega","2018","Gobierno nacional","Porcentaje del total","84.78697"
"NOR","Noruega","2019","Fondos de seguridad social","Porcentaje del total","0.00000"
"NOR","Noruega","2019","Gobierno municipal local","Porcentaje del total","15.33513"
"NOR","Noruega","2019","Gobierno nacional","Porcentaje del total","84.66487"
"NOR","Noruega","2020","Fondos de seguridad social","Porcentaje del total","0.00000"
"NOR","Noruega","2020","Gobierno municipal local","Porcentaje del total","16.71613"
"NOR","Noruega","2020","Gobierno nacional","Porcentaje del total","83.28387"
"NOR","Noruega","2021","Fondos de seguridad social","Porcentaje del total","0.00000"
"NOR","Noruega","2021","Gobierno municipal local","Porcentaje del total","15.86430"
"NOR","Noruega","2021","Gobierno nacional","Porcentaje del total","84.13570"
"NOR","Noruega","2022","Fondos de seguridad social","Porcentaje del total","0.00000"
"NOR","Noruega","2022","Gobierno municipal local","Porcentaje del total","10.28922"
"NOR","Noruega","2022","Gobierno nacional","Porcentaje del total","89.71078"
"NOR","Noruega","2023","Fondos de seguridad social","Porcentaje del total","0.00000"
"NOR","Noruega","2023","Gobierno municipal local","Porcentaje del total","12.62342"
"NOR","Noruega","2023","Gobierno nacional","Porcentaje del total","87.37658"
"NOR","Noruega","2024","Fondos de seguridad social","Porcentaje del total","0.00000"
"NOR","Noruega","2024","Gobierno municipal local","Porcentaje del total","13.34685"
"NOR","Noruega","2024","Gobierno nacional","Porcentaje del total","86.65315"
"NZL","Nueva Zelanda","1990","Fondos de seguridad social","Porcentaje del total","0.00000"
"NZL","Nueva Zelanda","1990","Gobierno municipal local","Porcentaje del total","6.08539"
"NZL","Nueva Zelanda","1990","Gobierno nacional","Porcentaje del total","93.91461"
"NZL","Nueva Zelanda","1991","Fondos de seguridad social","Porcentaje del total","0.00000"
"NZL","Nueva Zelanda","1991","Gobierno municipal local","Porcentaje del total","6.12788"
"NZL","Nueva Zelanda","1991","Gobierno nacional","Porcentaje del total","93.87212"
"NZL","Nueva Zelanda","1992","Fondos de seguridad social","Porcentaje del total","0.00000"
"NZL","Nueva Zelanda","1992","Gobierno municipal local","Porcentaje del total","5.78990"
"NZL","Nueva Zelanda","1992","Gobierno nacional","Porcentaje del total","94.21010"
"NZL","Nueva Zelanda","1993","Fondos de seguridad social","Porcentaje del total","0.00000"
"NZL","Nueva Zelanda","1993","Gobierno municipal local","Porcentaje del total","5.54370"
"NZL","Nueva Zelanda","1993","Gobierno nacional","Porcentaje del total","94.45630"
"NZL","Nueva Zelanda","1994","Fondos de seguridad social","Porcentaje del total","0.00000"
"NZL","Nueva Zelanda","1994","Gobierno municipal local","Porcentaje del total","5.37677"
"NZL","Nueva Zelanda","1994","Gobierno nacional","Porcentaje del total","94.62323"
"NZL","Nueva Zelanda","1995","Fondos de seguridad social","Porcentaje del total","0.00000"
"NZL","Nueva Zelanda","1995","Gobierno municipal local","Porcentaje del total","5.27438"
"NZL","Nueva Zelanda","1995","Gobierno nacional","Porcentaje del total","94.72562"
"NZL","Nueva Zelanda","1996","Fondos de seguridad social","Porcentaje del total","0.00000"
"NZL","Nueva Zelanda","1996","Gobierno municipal local","Porcentaje del total","5.55733"
"NZL","Nueva Zelanda","1996","Gobierno nacional","Porcentaje del total","94.44267"
"NZL","Nueva Zelanda","1997","Fondos de seguridad social","Porcentaje del total","0.00000"
"NZL","Nueva Zelanda","1997","Gobierno municipal local","Porcentaje del total","5.37683"
"NZL","Nueva Zelanda","1997","Gobierno nacional","Porcentaje del total","94.62317"
"NZL","Nueva Zelanda","1998","Fondos de seguridad social","Porcentaje del total","0.00000"
"NZL","Nueva Zelanda","1998","Gobierno municipal local","Porcentaje del total","5.88252"
"NZL","Nueva Zelanda","1998","Gobierno nacional","Porcentaje del total","94.11748"
"NZL","Nueva Zelanda","1999","Fondos de seguridad social","Porcentaje del total","0.00000"
"NZL","Nueva Zelanda","1999","Gobierno municipal local","Porcentaje del total","6.24056"
"NZL","Nueva Zelanda","1999","Gobierno nacional","Porcentaje del total","93.75944"
"NZL","Nueva Zelanda","2000","Fondos de seguridad social","Porcentaje del total","0.00000"
"NZL","Nueva Zelanda","2000","Gobierno municipal local","Porcentaje del total","5.70351"
"NZL","Nueva Zelanda","2000","Gobierno nacional","Porcentaje del total","94.29649"
"NZL","Nueva Zelanda","2001","Fondos de seguridad social","Porcentaje del total","0.00000"
"NZL","Nueva Zelanda","2001","Gobierno municipal local","Porcentaje del total","5.62553"
"NZL","Nueva Zelanda","2001","Gobierno nacional","Porcentaje del total","94.37447"
"NZL","Nueva Zelanda","2002","Fondos de seguridad social","Porcentaje del total","0.00000"
"NZL","Nueva Zelanda","2002","Gobierno municipal local","Porcentaje del total","5.54362"
"NZL","Nueva Zelanda","2002","Gobierno nacional","Porcentaje del total","94.45638"
"NZL","Nueva Zelanda","2003","Fondos de seguridad social","Porcentaje del total","0.00000"
"NZL","Nueva Zelanda","2003","Gobierno municipal local","Porcentaje del total","5.56577"
"NZL","Nueva Zelanda","2003","Gobierno nacional","Porcentaje del total","94.43423"
"NZL","Nueva Zelanda","2004","Fondos de seguridad social","Porcentaje del total","0.00000"
"NZL","Nueva Zelanda","2004","Gobierno municipal local","Porcentaje del total","5.46160"
"NZL","Nueva Zelanda","2004","Gobierno nacional","Porcentaje del total","94.53840"
"NZL","Nueva Zelanda","2005","Fondos de seguridad social","Porcentaje del total","0.00000"
"NZL","Nueva Zelanda","2005","Gobierno municipal local","Porcentaje del total","5.28151"
"NZL","Nueva Zelanda","2005","Gobierno nacional","Porcentaje del total","94.71849"
"NZL","Nueva Zelanda","2006","Fondos de seguridad social","Porcentaje del total","0.00000"
"NZL","Nueva Zelanda","2006","Gobierno municipal local","Porcentaje del total","5.57771"
"NZL","Nueva Zelanda","2006","Gobierno nacional","Porcentaje del total","94.42229"
"NZL","Nueva Zelanda","2007","Fondos de seguridad social","Porcentaje del total","0.00000"
"NZL","Nueva Zelanda","2007","Gobierno municipal local","Porcentaje del total","5.82862"
"NZL","Nueva Zelanda","2007","Gobierno nacional","Porcentaje del total","94.17138"
"NZL","Nueva Zelanda","2008","Fondos de seguridad social","Porcentaje del total","0.00000"
"NZL","Nueva Zelanda","2008","Gobierno municipal local","Porcentaje del total","6.44375"
"NZL","Nueva Zelanda","2008","Gobierno nacional","Porcentaje del total","93.55625"
"NZL","Nueva Zelanda","2009","Fondos de seguridad social","Porcentaje del total","0.00000"
"NZL","Nueva Zelanda","2009","Gobierno municipal local","Porcentaje del total","7.10157"
"NZL","Nueva Zelanda","2009","Gobierno nacional","Porcentaje del total","92.89843"
"NZL","Nueva Zelanda","2010","Fondos de seguridad social","Porcentaje del total","0.00000"
"NZL","Nueva Zelanda","2010","Gobierno municipal local","Porcentaje del total","7.15776"
"NZL","Nueva Zelanda","2010","Gobierno nacional","Porcentaje del total","92.84224"
"NZL","Nueva Zelanda","2011","Fondos de seguridad social","Porcentaje del total","0.00000"
"NZL","Nueva Zelanda","2011","Gobierno municipal local","Porcentaje del total","7.18451"
"NZL","Nueva Zelanda","2011","Gobierno nacional","Porcentaje del total","92.81549"
"NZL","Nueva Zelanda","2012","Fondos de seguridad social","Porcentaje del total","0.00000"
"NZL","Nueva Zelanda","2012","Gobierno municipal local","Porcentaje del total","6.87179"
"NZL","Nueva Zelanda","2012","Gobierno nacional","Porcentaje del total","93.12821"
"NZL","Nueva Zelanda","2013","Fondos de seguridad social","Porcentaje del total","0.00000"
"NZL","Nueva Zelanda","2013","Gobierno municipal local","Porcentaje del total","6.88628"
"NZL","Nueva Zelanda","2013","Gobierno nacional","Porcentaje del total","93.11372"
"NZL","Nueva Zelanda","2014","Fondos de seguridad social","Porcentaje del total","0.00000"
"NZL","Nueva Zelanda","2014","Gobierno municipal local","Porcentaje del total","6.85168"
"NZL","Nueva Zelanda","2014","Gobierno nacional","Porcentaje del total","93.14832"
"NZL","Nueva Zelanda","2015","Fondos de seguridad social","Porcentaje del total","0.00000"
"NZL","Nueva Zelanda","2015","Gobierno municipal local","Porcentaje del total","6.80262"
"NZL","Nueva Zelanda","2015","Gobierno nacional","Porcentaje del total","93.19738"
"NZL","Nueva Zelanda","2016","Fondos de seguridad social","Porcentaje del total","0.00000"
"NZL","Nueva Zelanda","2016","Gobierno municipal local","Porcentaje del total","6.65280"
"NZL","Nueva Zelanda","2016","Gobierno nacional","Porcentaje del total","93.34720"
"NZL","Nueva Zelanda","2017","Fondos de seguridad social","Porcentaje del total","0.00000"
"NZL","Nueva Zelanda","2017","Gobierno municipal local","Porcentaje del total","6.51345"
"NZL","Nueva Zelanda","2017","Gobierno nacional","Porcentaje del total","93.48655"
"NZL","Nueva Zelanda","2018","Fondos de seguridad social","Porcentaje del total","0.00000"
"NZL","Nueva Zelanda","2018","Gobierno municipal local","Porcentaje del total","6.55089"
"NZL","Nueva Zelanda","2018","Gobierno nacional","Porcentaje del total","93.44911"
"NZL","Nueva Zelanda","2019","Fondos de seguridad social","Porcentaje del total","0.00000"
"NZL","Nueva Zelanda","2019","Gobierno municipal local","Porcentaje del total","6.85813"
"NZL","Nueva Zelanda","2019","Gobierno nacional","Porcentaje del total","93.14187"
"NZL","Nueva Zelanda","2020","Fondos de seguridad social","Porcentaje del total","0.00000"
"NZL","Nueva Zelanda","2020","Gobierno municipal local","Porcentaje del total","6.14641"
"NZL","Nueva Zelanda","2020","Gobierno nacional","Porcentaje del total","93.85359"
"NZL","Nueva Zelanda","2021","Fondos de seguridad social","Porcentaje del total","0.00000"
"NZL","Nueva Zelanda","2021","Gobierno municipal local","Porcentaje del total","6.17177"
"NZL","Nueva Zelanda","2021","Gobierno nacional","Porcentaje del total","93.82823"
"NZL","Nueva Zelanda","2022","Fondos de seguridad social","Porcentaje del total","0.00000"
"NZL","Nueva Zelanda","2022","Gobierno municipal local","Porcentaje del total","6.38083"
"NZL","Nueva Zelanda","2022","Gobierno nacional","Porcentaje del total","93.61917"
"NZL","Nueva Zelanda","2023","Fondos de seguridad social","Porcentaje del total","0.00000"
"NZL","Nueva Zelanda","2023","Gobierno municipal local","Porcentaje del total","6.49352"
"NZL","Nueva Zelanda","2023","Gobierno nacional","Porcentaje del total","93.50648"
"NZL","Nueva Zelanda","2024","Fondos de seguridad social","Porcentaje del total","0.00000"
"NZL","Nueva Zelanda","2024","Gobierno municipal local","Porcentaje del total","7.16178"
"NZL","Nueva Zelanda","2024","Gobierno nacional","Porcentaje del total","92.83822"
"NER","Níger","2000","Fondos de seguridad social","Porcentaje del total","5.58105"
"NER","Níger","2000","Gobierno nacional","Porcentaje del total","94.41895"
"NER","Níger","2001","Fondos de seguridad social","Porcentaje del total","4.70545"
"NER","Níger","2001","Gobierno nacional","Porcentaje del total","95.29455"
"NER","Níger","2002","Fondos de seguridad social","Porcentaje del total","4.67509"
"NER","Níger","2002","Gobierno nacional","Porcentaje del total","95.32491"
"NER","Níger","2003","Fondos de seguridad social","Porcentaje del total","4.17165"
"NER","Níger","2003","Gobierno nacional","Porcentaje del total","95.82835"
"NER","Níger","2004","Fondos de seguridad social","Porcentaje del total","4.15150"
"NER","Níger","2004","Gobierno nacional","Porcentaje del total","95.84850"
"NER","Níger","2005","Fondos de seguridad social","Porcentaje del total","3.94873"
"NER","Níger","2005","Gobierno nacional","Porcentaje del total","96.05127"
"NER","Níger","2006","Fondos de seguridad social","Porcentaje del total","4.14643"
"NER","Níger","2006","Gobierno nacional","Porcentaje del total","95.85357"
"NER","Níger","2007","Fondos de seguridad social","Porcentaje del total","4.19321"
"NER","Níger","2007","Gobierno nacional","Porcentaje del total","95.80679"
"NER","Níger","2008","Fondos de seguridad social","Porcentaje del total","5.20325"
"NER","Níger","2008","Gobierno nacional","Porcentaje del total","94.79675"
"NER","Níger","2009","Fondos de seguridad social","Porcentaje del total","4.53438"
"NER","Níger","2009","Gobierno nacional","Porcentaje del total","95.46562"
"NER","Níger","2010","Fondos de seguridad social","Porcentaje del total","5.45922"
"NER","Níger","2010","Gobierno nacional","Porcentaje del total","94.54078"
"NER","Níger","2011","Fondos de seguridad social","Porcentaje del total","4.11881"
"NER","Níger","2011","Gobierno nacional","Porcentaje del total","95.88119"
"NER","Níger","2012","Fondos de seguridad social","Porcentaje del total","4.96599"
"NER","Níger","2012","Gobierno nacional","Porcentaje del total","95.03401"
"NER","Níger","2013","Fondos de seguridad social","Porcentaje del total","4.77618"
"NER","Níger","2013","Gobierno nacional","Porcentaje del total","95.22382"
"NER","Níger","2014","Fondos de seguridad social","Porcentaje del total","5.17589"
"NER","Níger","2014","Gobierno nacional","Porcentaje del total","94.82411"
"NER","Níger","2015","Fondos de seguridad social","Porcentaje del total","4.84326"
"NER","Níger","2015","Gobierno nacional","Porcentaje del total","95.15674"
"NER","Níger","2016","Fondos de seguridad social","Porcentaje del total","5.63841"
"NER","Níger","2016","Gobierno nacional","Porcentaje del total","94.36159"
"NER","Níger","2017","Fondos de seguridad social","Porcentaje del total","6.05427"
"NER","Níger","2017","Gobierno nacional","Porcentaje del total","93.94573"
"NER","Níger","2018","Fondos de seguridad social","Porcentaje del total","4.74972"
"NER","Níger","2018","Gobierno nacional","Porcentaje del total","95.25028"
"NER","Níger","2019","Fondos de seguridad social","Porcentaje del total","5.37577"
"NER","Níger","2019","Gobierno nacional","Porcentaje del total","94.62423"
"NER","Níger","2020","Fondos de seguridad social","Porcentaje del total","5.60352"
"NER","Níger","2020","Gobierno nacional","Porcentaje del total","94.39648"
"NER","Níger","2021","Fondos de seguridad social","Porcentaje del total","5.32143"
"NER","Níger","2021","Gobierno nacional","Porcentaje del total","94.67857"
"NER","Níger","2022","Fondos de seguridad social","Porcentaje del total","5.43788"
"NER","Níger","2022","Gobierno nacional","Porcentaje del total","94.56212"
"NER","Níger","2023","Fondos de seguridad social","Porcentaje del total","6.16245"
"NER","Níger","2023","Gobierno nacional","Porcentaje del total","93.83755"
"NER","Níger","2024","Fondos de seguridad social","Porcentaje del total","6.32674"
"NER","Níger","2024","Gobierno nacional","Porcentaje del total","93.67326"
"PAK","Pakistán","2011","Gobierno municipal local","Porcentaje del total","5.16363"
"PAK","Pakistán","2011","Gobierno nacional","Porcentaje del total","94.83637"
"PAK","Pakistán","2012","Gobierno municipal local","Porcentaje del total","6.65453"
"PAK","Pakistán","2012","Gobierno nacional","Porcentaje del total","93.34547"
"PAK","Pakistán","2013","Gobierno municipal local","Porcentaje del total","7.20984"
"PAK","Pakistán","2013","Gobierno nacional","Porcentaje del total","92.79016"
"PAK","Pakistán","2014","Gobierno municipal local","Porcentaje del total","6.82076"
"PAK","Pakistán","2014","Gobierno nacional","Porcentaje del total","93.17924"
"PAK","Pakistán","2015","Gobierno municipal local","Porcentaje del total","7.73882"
"PAK","Pakistán","2015","Gobierno nacional","Porcentaje del total","92.26118"
"PAK","Pakistán","2016","Gobierno municipal local","Porcentaje del total","8.10662"
"PAK","Pakistán","2016","Gobierno nacional","Porcentaje del total","91.89338"
"PAK","Pakistán","2017","Gobierno municipal local","Porcentaje del total","8.98068"
"PAK","Pakistán","2017","Gobierno nacional","Porcentaje del total","91.01932"
"PAK","Pakistán","2018","Gobierno municipal local","Porcentaje del total","8.97455"
"PAK","Pakistán","2018","Gobierno nacional","Porcentaje del total","91.02545"
"PAK","Pakistán","2019","Gobierno municipal local","Porcentaje del total","8.70580"
"PAK","Pakistán","2019","Gobierno nacional","Porcentaje del total","91.29420"
"PAK","Pakistán","2020","Gobierno municipal local","Porcentaje del total","8.85274"
"PAK","Pakistán","2020","Gobierno nacional","Porcentaje del total","91.14726"
"PAK","Pakistán","2021","Gobierno municipal local","Porcentaje del total","8.84239"
"PAK","Pakistán","2021","Gobierno nacional","Porcentaje del total","91.15761"
"PAK","Pakistán","2022","Gobierno municipal local","Porcentaje del total","7.71114"
"PAK","Pakistán","2022","Gobierno nacional","Porcentaje del total","92.28886"
"PAK","Pakistán","2023","Gobierno municipal local","Porcentaje del total","6.94887"
"PAK","Pakistán","2023","Gobierno nacional","Porcentaje del total","93.05113"
"PAN","Panamá","1990","Fondos de seguridad social","Porcentaje del total","34.22219"
"PAN","Panamá","1990","Gobierno nacional","Porcentaje del total","65.77781"
"PAN","Panamá","1991","Fondos de seguridad social","Porcentaje del total","32.79329"
"PAN","Panamá","1991","Gobierno nacional","Porcentaje del total","67.20671"
"PAN","Panamá","1992","Fondos de seguridad social","Porcentaje del total","32.89953"
"PAN","Panamá","1992","Gobierno nacional","Porcentaje del total","67.10047"
"PAN","Panamá","1993","Fondos de seguridad social","Porcentaje del total","33.97473"
"PAN","Panamá","1993","Gobierno nacional","Porcentaje del total","66.02527"
"PAN","Panamá","1994","Fondos de seguridad social","Porcentaje del total","34.07711"
"PAN","Panamá","1994","Gobierno nacional","Porcentaje del total","65.92289"
"PAN","Panamá","1995","Fondos de seguridad social","Porcentaje del total","32.80724"
"PAN","Panamá","1995","Gobierno nacional","Porcentaje del total","67.19276"
"PAN","Panamá","1996","Fondos de seguridad social","Porcentaje del total","36.08472"
"PAN","Panamá","1996","Gobierno nacional","Porcentaje del total","63.91528"
"PAN","Panamá","1997","Fondos de seguridad social","Porcentaje del total","35.67534"
"PAN","Panamá","1997","Gobierno nacional","Porcentaje del total","64.32466"
"PAN","Panamá","1998","Fondos de seguridad social","Porcentaje del total","37.06017"
"PAN","Panamá","1998","Gobierno nacional","Porcentaje del total","62.93983"
"PAN","Panamá","1999","Fondos de seguridad social","Porcentaje del total","34.92640"
"PAN","Panamá","1999","Gobierno municipal local","Porcentaje del total","2.12718"
"PAN","Panamá","1999","Gobierno nacional","Porcentaje del total","62.94642"
"PAN","Panamá","2000","Fondos de seguridad social","Porcentaje del total","38.21545"
"PAN","Panamá","2000","Gobierno municipal local","Porcentaje del total","2.22025"
"PAN","Panamá","2000","Gobierno nacional","Porcentaje del total","59.56429"
"PAN","Panamá","2001","Fondos de seguridad social","Porcentaje del total","39.80598"
"PAN","Panamá","2001","Gobierno municipal local","Porcentaje del total","2.30382"
"PAN","Panamá","2001","Gobierno nacional","Porcentaje del total","57.89020"
"PAN","Panamá","2002","Fondos de seguridad social","Porcentaje del total","39.02492"
"PAN","Panamá","2002","Gobierno municipal local","Porcentaje del total","2.39414"
"PAN","Panamá","2002","Gobierno nacional","Porcentaje del total","58.58093"
"PAN","Panamá","2003","Fondos de seguridad social","Porcentaje del total","37.49131"
"PAN","Panamá","2003","Gobierno municipal local","Porcentaje del total","2.36204"
"PAN","Panamá","2003","Gobierno nacional","Porcentaje del total","60.14665"
"PAN","Panamá","2004","Fondos de seguridad social","Porcentaje del total","38.14497"
"PAN","Panamá","2004","Gobierno municipal local","Porcentaje del total","2.17773"
"PAN","Panamá","2004","Gobierno nacional","Porcentaje del total","59.67730"
"PAN","Panamá","2005","Fondos de seguridad social","Porcentaje del total","36.66129"
"PAN","Panamá","2005","Gobierno municipal local","Porcentaje del total","2.24368"
"PAN","Panamá","2005","Gobierno nacional","Porcentaje del total","61.09504"
"PAN","Panamá","2006","Fondos de seguridad social","Porcentaje del total","33.72198"
"PAN","Panamá","2006","Gobierno municipal local","Porcentaje del total","2.08087"
"PAN","Panamá","2006","Gobierno nacional","Porcentaje del total","64.19715"
"PAN","Panamá","2007","Fondos de seguridad social","Porcentaje del total","33.09740"
"PAN","Panamá","2007","Gobierno municipal local","Porcentaje del total","1.86347"
"PAN","Panamá","2007","Gobierno nacional","Porcentaje del total","65.03913"
"PAN","Panamá","2008","Fondos de seguridad social","Porcentaje del total","34.35986"
"PAN","Panamá","2008","Gobierno municipal local","Porcentaje del total","1.77571"
"PAN","Panamá","2008","Gobierno nacional","Porcentaje del total","63.86442"
"PAN","Panamá","2009","Fondos de seguridad social","Porcentaje del total","34.58518"
"PAN","Panamá","2009","Gobierno municipal local","Porcentaje del total","1.63749"
"PAN","Panamá","2009","Gobierno nacional","Porcentaje del total","63.77733"
"PAN","Panamá","2010","Fondos de seguridad social","Porcentaje del total","33.69568"
"PAN","Panamá","2010","Gobierno municipal local","Porcentaje del total","1.58743"
"PAN","Panamá","2010","Gobierno nacional","Porcentaje del total","64.71690"
"PAN","Panamá","2011","Fondos de seguridad social","Porcentaje del total","34.64056"
"PAN","Panamá","2011","Gobierno municipal local","Porcentaje del total","1.57874"
"PAN","Panamá","2011","Gobierno nacional","Porcentaje del total","63.78069"
"PAN","Panamá","2012","Fondos de seguridad social","Porcentaje del total","31.25855"
"PAN","Panamá","2012","Gobierno municipal local","Porcentaje del total","1.60471"
"PAN","Panamá","2012","Gobierno nacional","Porcentaje del total","67.13673"
"PAN","Panamá","2013","Fondos de seguridad social","Porcentaje del total","33.24426"
"PAN","Panamá","2013","Gobierno municipal local","Porcentaje del total","1.53524"
"PAN","Panamá","2013","Gobierno nacional","Porcentaje del total","65.22050"
"PAN","Panamá","2014","Fondos de seguridad social","Porcentaje del total","34.07746"
"PAN","Panamá","2014","Gobierno municipal local","Porcentaje del total","1.56634"
"PAN","Panamá","2014","Gobierno nacional","Porcentaje del total","64.35619"
"PAN","Panamá","2015","Fondos de seguridad social","Porcentaje del total","35.46046"
"PAN","Panamá","2015","Gobierno municipal local","Porcentaje del total","1.67905"
"PAN","Panamá","2015","Gobierno nacional","Porcentaje del total","62.86049"
"PAN","Panamá","2016","Fondos de seguridad social","Porcentaje del total","34.78010"
"PAN","Panamá","2016","Gobierno municipal local","Porcentaje del total","1.69987"
"PAN","Panamá","2016","Gobierno nacional","Porcentaje del total","63.52003"
"PAN","Panamá","2017","Fondos de seguridad social","Porcentaje del total","35.49516"
"PAN","Panamá","2017","Gobierno municipal local","Porcentaje del total","1.78291"
"PAN","Panamá","2017","Gobierno nacional","Porcentaje del total","62.72193"
"PAN","Panamá","2018","Fondos de seguridad social","Porcentaje del total","35.93580"
"PAN","Panamá","2018","Gobierno municipal local","Porcentaje del total","1.71396"
"PAN","Panamá","2018","Gobierno nacional","Porcentaje del total","62.35024"
"PAN","Panamá","2019","Fondos de seguridad social","Porcentaje del total","37.51448"
"PAN","Panamá","2019","Gobierno municipal local","Porcentaje del total","1.75286"
"PAN","Panamá","2019","Gobierno nacional","Porcentaje del total","60.73266"
"PAN","Panamá","2020","Fondos de seguridad social","Porcentaje del total","41.52267"
"PAN","Panamá","2020","Gobierno municipal local","Porcentaje del total","1.73517"
"PAN","Panamá","2020","Gobierno nacional","Porcentaje del total","56.74216"
"PAN","Panamá","2021","Fondos de seguridad social","Porcentaje del total","42.29356"
"PAN","Panamá","2021","Gobierno municipal local","Porcentaje del total","1.63116"
"PAN","Panamá","2021","Gobierno nacional","Porcentaje del total","56.07528"
"PAN","Panamá","2022","Fondos de seguridad social","Porcentaje del total","36.24546"
"PAN","Panamá","2022","Gobierno municipal local","Porcentaje del total","1.61741"
"PAN","Panamá","2022","Gobierno nacional","Porcentaje del total","62.13713"
"PAN","Panamá","2023","Fondos de seguridad social","Porcentaje del total","35.04362"
"PAN","Panamá","2023","Gobierno municipal local","Porcentaje del total","1.65273"
"PAN","Panamá","2023","Gobierno nacional","Porcentaje del total","63.30366"
"PAN","Panamá","2024","Fondos de seguridad social","Porcentaje del total","42.25128"
"PAN","Panamá","2024","Gobierno municipal local","Porcentaje del total","1.63311"
"PAN","Panamá","2024","Gobierno nacional","Porcentaje del total","56.11561"
"PNG","Papúa Nueva Guinea","2000","Gobierno nacional","Porcentaje del total","100.00000"
"PNG","Papúa Nueva Guinea","2001","Gobierno nacional","Porcentaje del total","100.00000"
"PNG","Papúa Nueva Guinea","2002","Gobierno nacional","Porcentaje del total","100.00000"
"PNG","Papúa Nueva Guinea","2003","Gobierno nacional","Porcentaje del total","100.00000"
"PNG","Papúa Nueva Guinea","2004","Gobierno nacional","Porcentaje del total","100.00000"
"PNG","Papúa Nueva Guinea","2005","Gobierno nacional","Porcentaje del total","100.00000"
"PNG","Papúa Nueva Guinea","2006","Gobierno nacional","Porcentaje del total","100.00000"
"PNG","Papúa Nueva Guinea","2007","Gobierno nacional","Porcentaje del total","100.00000"
"PNG","Papúa Nueva Guinea","2008","Gobierno nacional","Porcentaje del total","100.00000"
"PNG","Papúa Nueva Guinea","2009","Gobierno nacional","Porcentaje del total","100.00000"
"PNG","Papúa Nueva Guinea","2010","Gobierno nacional","Porcentaje del total","100.00000"
"PNG","Papúa Nueva Guinea","2011","Gobierno nacional","Porcentaje del total","100.00000"
"PNG","Papúa Nueva Guinea","2012","Gobierno nacional","Porcentaje del total","100.00000"
"PNG","Papúa Nueva Guinea","2013","Gobierno nacional","Porcentaje del total","100.00000"
"PNG","Papúa Nueva Guinea","2014","Gobierno nacional","Porcentaje del total","100.00000"
"PNG","Papúa Nueva Guinea","2015","Gobierno nacional","Porcentaje del total","100.00000"
"PNG","Papúa Nueva Guinea","2016","Gobierno nacional","Porcentaje del total","100.00000"
"PNG","Papúa Nueva Guinea","2017","Gobierno nacional","Porcentaje del total","100.00000"
"PNG","Papúa Nueva Guinea","2018","Gobierno nacional","Porcentaje del total","100.00000"
"PNG","Papúa Nueva Guinea","2019","Gobierno nacional","Porcentaje del total","100.00000"
"PNG","Papúa Nueva Guinea","2020","Gobierno nacional","Porcentaje del total","100.00000"
"PNG","Papúa Nueva Guinea","2021","Gobierno nacional","Porcentaje del total","100.00000"
"PNG","Papúa Nueva Guinea","2022","Gobierno nacional","Porcentaje del total","100.00000"
"PNG","Papúa Nueva Guinea","2023","Gobierno nacional","Porcentaje del total","100.00000"
"PRY","Paraguay","1990","Fondos de seguridad social","Porcentaje del total","4.75016"
"PRY","Paraguay","1990","Gobierno nacional","Porcentaje del total","95.24984"
"PRY","Paraguay","1991","Fondos de seguridad social","Porcentaje del total","6.26000"
"PRY","Paraguay","1991","Gobierno nacional","Porcentaje del total","93.74000"
"PRY","Paraguay","1992","Fondos de seguridad social","Porcentaje del total","7.81903"
"PRY","Paraguay","1992","Gobierno nacional","Porcentaje del total","92.18097"
"PRY","Paraguay","1993","Fondos de seguridad social","Porcentaje del total","9.26233"
"PRY","Paraguay","1993","Gobierno nacional","Porcentaje del total","90.73767"
"PRY","Paraguay","1994","Fondos de seguridad social","Porcentaje del total","8.40070"
"PRY","Paraguay","1994","Gobierno nacional","Porcentaje del total","91.59930"
"PRY","Paraguay","1995","Fondos de seguridad social","Porcentaje del total","7.96524"
"PRY","Paraguay","1995","Gobierno nacional","Porcentaje del total","92.03476"
"PRY","Paraguay","1996","Fondos de seguridad social","Porcentaje del total","9.22278"
"PRY","Paraguay","1996","Gobierno nacional","Porcentaje del total","90.77722"
"PRY","Paraguay","1997","Fondos de seguridad social","Porcentaje del total","9.22661"
"PRY","Paraguay","1997","Gobierno nacional","Porcentaje del total","90.77339"
"PRY","Paraguay","1998","Fondos de seguridad social","Porcentaje del total","8.96193"
"PRY","Paraguay","1998","Gobierno nacional","Porcentaje del total","91.03807"
"PRY","Paraguay","1999","Fondos de seguridad social","Porcentaje del total","26.87312"
"PRY","Paraguay","1999","Gobierno nacional","Porcentaje del total","73.12688"
"PRY","Paraguay","2000","Fondos de seguridad social","Porcentaje del total","25.63193"
"PRY","Paraguay","2000","Gobierno nacional","Porcentaje del total","74.36807"
"PRY","Paraguay","2001","Fondos de seguridad social","Porcentaje del total","24.29814"
"PRY","Paraguay","2001","Gobierno nacional","Porcentaje del total","75.70186"
"PRY","Paraguay","2002","Fondos de seguridad social","Porcentaje del total","25.78679"
"PRY","Paraguay","2002","Gobierno nacional","Porcentaje del total","74.21321"
"PRY","Paraguay","2003","Fondos de seguridad social","Porcentaje del total","24.44283"
"PRY","Paraguay","2003","Gobierno nacional","Porcentaje del total","75.55717"
"PRY","Paraguay","2004","Fondos de seguridad social","Porcentaje del total","21.91350"
"PRY","Paraguay","2004","Gobierno nacional","Porcentaje del total","78.08650"
"PRY","Paraguay","2005","Fondos de seguridad social","Porcentaje del total","22.48930"
"PRY","Paraguay","2005","Gobierno nacional","Porcentaje del total","77.51070"
"PRY","Paraguay","2006","Fondos de seguridad social","Porcentaje del total","22.51936"
"PRY","Paraguay","2006","Gobierno municipal local","Porcentaje del total","3.44622"
"PRY","Paraguay","2006","Gobierno nacional","Porcentaje del total","74.03442"
"PRY","Paraguay","2007","Fondos de seguridad social","Porcentaje del total","23.42590"
"PRY","Paraguay","2007","Gobierno municipal local","Porcentaje del total","3.78224"
"PRY","Paraguay","2007","Gobierno nacional","Porcentaje del total","72.79186"
"PRY","Paraguay","2008","Fondos de seguridad social","Porcentaje del total","23.70148"
"PRY","Paraguay","2008","Gobierno municipal local","Porcentaje del total","3.79123"
"PRY","Paraguay","2008","Gobierno nacional","Porcentaje del total","72.50729"
"PRY","Paraguay","2009","Fondos de seguridad social","Porcentaje del total","24.50268"
"PRY","Paraguay","2009","Gobierno municipal local","Porcentaje del total","3.38082"
"PRY","Paraguay","2009","Gobierno nacional","Porcentaje del total","72.11649"
"PRY","Paraguay","2010","Fondos de seguridad social","Porcentaje del total","22.71722"
"PRY","Paraguay","2010","Gobierno municipal local","Porcentaje del total","4.17863"
"PRY","Paraguay","2010","Gobierno nacional","Porcentaje del total","73.10415"
"PRY","Paraguay","2011","Fondos de seguridad social","Porcentaje del total","23.27722"
"PRY","Paraguay","2011","Gobierno municipal local","Porcentaje del total","4.17458"
"PRY","Paraguay","2011","Gobierno nacional","Porcentaje del total","72.54819"
"PRY","Paraguay","2012","Fondos de seguridad social","Porcentaje del total","26.17901"
"PRY","Paraguay","2012","Gobierno municipal local","Porcentaje del total","3.66981"
"PRY","Paraguay","2012","Gobierno nacional","Porcentaje del total","70.15118"
"PRY","Paraguay","2013","Fondos de seguridad social","Porcentaje del total","26.26833"
"PRY","Paraguay","2013","Gobierno municipal local","Porcentaje del total","3.85164"
"PRY","Paraguay","2013","Gobierno nacional","Porcentaje del total","69.88003"
"PRY","Paraguay","2014","Fondos de seguridad social","Porcentaje del total","26.93333"
"PRY","Paraguay","2014","Gobierno municipal local","Porcentaje del total","3.36422"
"PRY","Paraguay","2014","Gobierno nacional","Porcentaje del total","69.70245"
"PRY","Paraguay","2015","Fondos de seguridad social","Porcentaje del total","27.24527"
"PRY","Paraguay","2015","Gobierno municipal local","Porcentaje del total","3.56794"
"PRY","Paraguay","2015","Gobierno nacional","Porcentaje del total","69.18679"
"PRY","Paraguay","2016","Fondos de seguridad social","Porcentaje del total","25.66365"
"PRY","Paraguay","2016","Gobierno municipal local","Porcentaje del total","4.08222"
"PRY","Paraguay","2016","Gobierno nacional","Porcentaje del total","70.25413"
"PRY","Paraguay","2017","Fondos de seguridad social","Porcentaje del total","26.20268"
"PRY","Paraguay","2017","Gobierno municipal local","Porcentaje del total","3.58444"
"PRY","Paraguay","2017","Gobierno nacional","Porcentaje del total","70.21288"
"PRY","Paraguay","2018","Fondos de seguridad social","Porcentaje del total","25.68977"
"PRY","Paraguay","2018","Gobierno municipal local","Porcentaje del total","2.47385"
"PRY","Paraguay","2018","Gobierno nacional","Porcentaje del total","71.83638"
"PRY","Paraguay","2019","Fondos de seguridad social","Porcentaje del total","26.44601"
"PRY","Paraguay","2019","Gobierno municipal local","Porcentaje del total","2.70249"
"PRY","Paraguay","2019","Gobierno nacional","Porcentaje del total","70.85151"
"PRY","Paraguay","2020","Fondos de seguridad social","Porcentaje del total","27.60325"
"PRY","Paraguay","2020","Gobierno municipal local","Porcentaje del total","2.56084"
"PRY","Paraguay","2020","Gobierno nacional","Porcentaje del total","69.83591"
"PRY","Paraguay","2021","Fondos de seguridad social","Porcentaje del total","27.39990"
"PRY","Paraguay","2021","Gobierno municipal local","Porcentaje del total","2.61734"
"PRY","Paraguay","2021","Gobierno nacional","Porcentaje del total","69.98275"
"PRY","Paraguay","2022","Fondos de seguridad social","Porcentaje del total","27.66363"
"PRY","Paraguay","2022","Gobierno municipal local","Porcentaje del total","2.49605"
"PRY","Paraguay","2022","Gobierno nacional","Porcentaje del total","69.84032"
"PRY","Paraguay","2023","Fondos de seguridad social","Porcentaje del total","28.39296"
"PRY","Paraguay","2023","Gobierno municipal local","Porcentaje del total","2.52296"
"PRY","Paraguay","2023","Gobierno nacional","Porcentaje del total","69.08408"
"PRY","Paraguay","2024","Fondos de seguridad social","Porcentaje del total","24.97117"
"PRY","Paraguay","2024","Gobierno municipal local","Porcentaje del total","2.33830"
"PRY","Paraguay","2024","Gobierno nacional","Porcentaje del total","72.69053"
"NLD","Países Bajos","1990","European institutions and bodies (EU accounts)","Porcentaje del total","1.42975"
"NLD","Países Bajos","1990","Fondos de seguridad social","Porcentaje del total","37.42123"
"NLD","Países Bajos","1990","Gobierno municipal local","Porcentaje del total","2.37712"
"NLD","Países Bajos","1990","Gobierno nacional","Porcentaje del total","58.77189"
"NLD","Países Bajos","1991","European institutions and bodies (EU accounts)","Porcentaje del total","1.59687"
"NLD","Países Bajos","1991","Fondos de seguridad social","Porcentaje del total","37.37378"
"NLD","Países Bajos","1991","Gobierno municipal local","Porcentaje del total","2.28571"
"NLD","Países Bajos","1991","Gobierno nacional","Porcentaje del total","58.74364"
"NLD","Países Bajos","1992","European institutions and bodies (EU accounts)","Porcentaje del total","1.48384"
"NLD","Países Bajos","1992","Fondos de seguridad social","Porcentaje del total","38.94315"
"NLD","Países Bajos","1992","Gobierno municipal local","Porcentaje del total","2.35446"
"NLD","Países Bajos","1992","Gobierno nacional","Porcentaje del total","57.21856"
"NLD","Países Bajos","1993","European institutions and bodies (EU accounts)","Porcentaje del total","0.78011"
"NLD","Países Bajos","1993","Fondos de seguridad social","Porcentaje del total","38.64269"
"NLD","Países Bajos","1993","Gobierno municipal local","Porcentaje del total","2.06197"
"NLD","Países Bajos","1993","Gobierno nacional","Porcentaje del total","58.51524"
"NLD","Países Bajos","1994","European institutions and bodies (EU accounts)","Porcentaje del total","1.35682"
"NLD","Países Bajos","1994","Fondos de seguridad social","Porcentaje del total","41.16789"
"NLD","Países Bajos","1994","Gobierno municipal local","Porcentaje del total","2.56046"
"NLD","Países Bajos","1994","Gobierno nacional","Porcentaje del total","54.91483"
"NLD","Países Bajos","1995","European institutions and bodies (EU accounts)","Porcentaje del total","1.31487"
"NLD","Países Bajos","1995","Fondos de seguridad social","Porcentaje del total","39.53748"
"NLD","Países Bajos","1995","Gobierno municipal local","Porcentaje del total","3.11227"
"NLD","Países Bajos","1995","Gobierno nacional","Porcentaje del total","56.03538"
"NLD","Países Bajos","1996","European institutions and bodies (EU accounts)","Porcentaje del total","1.20123"
"NLD","Países Bajos","1996","Fondos de seguridad social","Porcentaje del total","37.93429"
"NLD","Países Bajos","1996","Gobierno municipal local","Porcentaje del total","3.36197"
"NLD","Países Bajos","1996","Gobierno nacional","Porcentaje del total","57.50251"
"NLD","Países Bajos","1997","European institutions and bodies (EU accounts)","Porcentaje del total","1.25624"
"NLD","Países Bajos","1997","Fondos de seguridad social","Porcentaje del total","38.10690"
"NLD","Países Bajos","1997","Gobierno municipal local","Porcentaje del total","3.41429"
"NLD","Países Bajos","1997","Gobierno nacional","Porcentaje del total","57.22257"
"NLD","Países Bajos","1998","European institutions and bodies (EU accounts)","Porcentaje del total","1.13958"
"NLD","Países Bajos","1998","Fondos de seguridad social","Porcentaje del total","38.03018"
"NLD","Países Bajos","1998","Gobierno municipal local","Porcentaje del total","3.46702"
"NLD","Países Bajos","1998","Gobierno nacional","Porcentaje del total","57.36322"
"NLD","Países Bajos","1999","European institutions and bodies (EU accounts)","Porcentaje del total","1.05607"
"NLD","Países Bajos","1999","Fondos de seguridad social","Porcentaje del total","38.52471"
"NLD","Países Bajos","1999","Gobierno municipal local","Porcentaje del total","3.29781"
"NLD","Países Bajos","1999","Gobierno nacional","Porcentaje del total","57.12141"
"NLD","Países Bajos","2000","European institutions and bodies (EU accounts)","Porcentaje del total","0.95730"
"NLD","Países Bajos","2000","Fondos de seguridad social","Porcentaje del total","38.67669"
"NLD","Países Bajos","2000","Gobierno municipal local","Porcentaje del total","3.34604"
"NLD","Países Bajos","2000","Gobierno nacional","Porcentaje del total","57.01997"
"NLD","Países Bajos","2001","European institutions and bodies (EU accounts)","Porcentaje del total","0.87816"
"NLD","Países Bajos","2001","Fondos de seguridad social","Porcentaje del total","35.73414"
"NLD","Países Bajos","2001","Gobierno municipal local","Porcentaje del total","3.48525"
"NLD","Países Bajos","2001","Gobierno nacional","Porcentaje del total","59.90245"
"NLD","Países Bajos","2002","European institutions and bodies (EU accounts)","Porcentaje del total","0.77792"
"NLD","Países Bajos","2002","Fondos de seguridad social","Porcentaje del total","35.20377"
"NLD","Países Bajos","2002","Gobierno municipal local","Porcentaje del total","3.61549"
"NLD","Países Bajos","2002","Gobierno nacional","Porcentaje del total","60.40281"
"NLD","Países Bajos","2003","European institutions and bodies (EU accounts)","Porcentaje del total","0.78888"
"NLD","Países Bajos","2003","Fondos de seguridad social","Porcentaje del total","36.91618"
"NLD","Países Bajos","2003","Gobierno municipal local","Porcentaje del total","3.82452"
"NLD","Países Bajos","2003","Gobierno nacional","Porcentaje del total","58.47042"
"NLD","Países Bajos","2004","European institutions and bodies (EU accounts)","Porcentaje del total","0.85704"
"NLD","Países Bajos","2004","Fondos de seguridad social","Porcentaje del total","37.12515"
"NLD","Países Bajos","2004","Gobierno municipal local","Porcentaje del total","3.95356"
"NLD","Países Bajos","2004","Gobierno nacional","Porcentaje del total","58.06425"
"NLD","Países Bajos","2005","European institutions and bodies (EU accounts)","Porcentaje del total","0.87256"
"NLD","Países Bajos","2005","Fondos de seguridad social","Porcentaje del total","34.50158"
"NLD","Países Bajos","2005","Gobierno municipal local","Porcentaje del total","3.97706"
"NLD","Países Bajos","2005","Gobierno nacional","Porcentaje del total","60.64879"
"NLD","Países Bajos","2006","European institutions and bodies (EU accounts)","Porcentaje del total","0.84714"
"NLD","Países Bajos","2006","Fondos de seguridad social","Porcentaje del total","35.96334"
"NLD","Países Bajos","2006","Gobierno municipal local","Porcentaje del total","3.34822"
"NLD","Países Bajos","2006","Gobierno nacional","Porcentaje del total","59.84130"
"NLD","Países Bajos","2007","European institutions and bodies (EU accounts)","Porcentaje del total","0.91604"
"NLD","Países Bajos","2007","Fondos de seguridad social","Porcentaje del total","34.88210"
"NLD","Países Bajos","2007","Gobierno municipal local","Porcentaje del total","3.34963"
"NLD","Países Bajos","2007","Gobierno nacional","Porcentaje del total","60.85223"
"NLD","Países Bajos","2008","European institutions and bodies (EU accounts)","Porcentaje del total","0.93576"
"NLD","Países Bajos","2008","Fondos de seguridad social","Porcentaje del total","37.01949"
"NLD","Países Bajos","2008","Gobierno municipal local","Porcentaje del total","3.25060"
"NLD","Países Bajos","2008","Gobierno nacional","Porcentaje del total","58.79414"
"NLD","Países Bajos","2009","European institutions and bodies (EU accounts)","Porcentaje del total","0.83367"
"NLD","Países Bajos","2009","Fondos de seguridad social","Porcentaje del total","36.11316"
"NLD","Países Bajos","2009","Gobierno municipal local","Porcentaje del total","3.61253"
"NLD","Países Bajos","2009","Gobierno nacional","Porcentaje del total","59.44063"
"NLD","Países Bajos","2010","European institutions and bodies (EU accounts)","Porcentaje del total","0.86349"
"NLD","Países Bajos","2010","Fondos de seguridad social","Porcentaje del total","36.30013"
"NLD","Países Bajos","2010","Gobierno municipal local","Porcentaje del total","3.55818"
"NLD","Países Bajos","2010","Gobierno nacional","Porcentaje del total","59.27819"
"NLD","Países Bajos","2011","European institutions and bodies (EU accounts)","Porcentaje del total","0.94834"
"NLD","Países Bajos","2011","Fondos de seguridad social","Porcentaje del total","38.38061"
"NLD","Países Bajos","2011","Gobierno municipal local","Porcentaje del total","3.77733"
"NLD","Países Bajos","2011","Gobierno nacional","Porcentaje del total","56.89372"
"NLD","Países Bajos","2012","European institutions and bodies (EU accounts)","Porcentaje del total","0.88092"
"NLD","Países Bajos","2012","Fondos de seguridad social","Porcentaje del total","40.81559"
"NLD","Países Bajos","2012","Gobierno municipal local","Porcentaje del total","3.86406"
"NLD","Países Bajos","2012","Gobierno nacional","Porcentaje del total","54.43943"
"NLD","Países Bajos","2013","European institutions and bodies (EU accounts)","Porcentaje del total","0.84239"
"NLD","Países Bajos","2013","Fondos de seguridad social","Porcentaje del total","40.82889"
"NLD","Países Bajos","2013","Gobierno municipal local","Porcentaje del total","3.79348"
"NLD","Países Bajos","2013","Gobierno nacional","Porcentaje del total","54.53524"
"NLD","Países Bajos","2014","European institutions and bodies (EU accounts)","Porcentaje del total","0.97110"
"NLD","Países Bajos","2014","Fondos de seguridad social","Porcentaje del total","39.63825"
"NLD","Países Bajos","2014","Gobierno municipal local","Porcentaje del total","3.76703"
"NLD","Países Bajos","2014","Gobierno nacional","Porcentaje del total","55.62362"
"NLD","Países Bajos","2015","European institutions and bodies (EU accounts)","Porcentaje del total","1.20463"
"NLD","Países Bajos","2015","Fondos de seguridad social","Porcentaje del total","37.76258"
"NLD","Países Bajos","2015","Gobierno municipal local","Porcentaje del total","3.79443"
"NLD","Países Bajos","2015","Gobierno nacional","Porcentaje del total","57.23836"
"NLD","Países Bajos","2016","European institutions and bodies (EU accounts)","Porcentaje del total","1.13881"
"NLD","Países Bajos","2016","Fondos de seguridad social","Porcentaje del total","38.19393"
"NLD","Países Bajos","2016","Gobierno municipal local","Porcentaje del total","3.62817"
"NLD","Países Bajos","2016","Gobierno nacional","Porcentaje del total","57.03909"
"NLD","Países Bajos","2017","European institutions and bodies (EU accounts)","Porcentaje del total","1.12297"
"NLD","Países Bajos","2017","Fondos de seguridad social","Porcentaje del total","35.67495"
"NLD","Países Bajos","2017","Gobierno municipal local","Porcentaje del total","3.55304"
"NLD","Países Bajos","2017","Gobierno nacional","Porcentaje del total","59.64904"
"NLD","Países Bajos","2018","European institutions and bodies (EU accounts)","Porcentaje del total","1.12122"
"NLD","Países Bajos","2018","Fondos de seguridad social","Porcentaje del total","35.98059"
"NLD","Países Bajos","2018","Gobierno municipal local","Porcentaje del total","3.48054"
"NLD","Países Bajos","2018","Gobierno nacional","Porcentaje del total","59.41765"
"NLD","Países Bajos","2019","European institutions and bodies (EU accounts)","Porcentaje del total","1.12268"
"NLD","Países Bajos","2019","Fondos de seguridad social","Porcentaje del total","34.23737"
"NLD","Países Bajos","2019","Gobierno municipal local","Porcentaje del total","3.40438"
"NLD","Países Bajos","2019","Gobierno nacional","Porcentaje del total","61.23557"
"NLD","Países Bajos","2020","European institutions and bodies (EU accounts)","Porcentaje del total","1.10609"
"NLD","Países Bajos","2020","Fondos de seguridad social","Porcentaje del total","34.11320"
"NLD","Países Bajos","2020","Gobierno municipal local","Porcentaje del total","3.49120"
"NLD","Países Bajos","2020","Gobierno nacional","Porcentaje del total","61.28951"
"NLD","Países Bajos","2021","European institutions and bodies (EU accounts)","Porcentaje del total","1.19100"
"NLD","Países Bajos","2021","Fondos de seguridad social","Porcentaje del total","33.02603"
"NLD","Países Bajos","2021","Gobierno municipal local","Porcentaje del total","3.39887"
"NLD","Países Bajos","2021","Gobierno nacional","Porcentaje del total","62.38410"
"NLD","Países Bajos","2022","European institutions and bodies (EU accounts)","Porcentaje del total","1.34415"
"NLD","Países Bajos","2022","Fondos de seguridad social","Porcentaje del total","32.90017"
"NLD","Países Bajos","2022","Gobierno municipal local","Porcentaje del total","3.20535"
"NLD","Países Bajos","2022","Gobierno nacional","Porcentaje del total","62.55032"
"NLD","Países Bajos","2023","European institutions and bodies (EU accounts)","Porcentaje del total","1.03874"
"NLD","Países Bajos","2023","Fondos de seguridad social","Porcentaje del total","31.33491"
"NLD","Países Bajos","2023","Gobierno municipal local","Porcentaje del total","3.15551"
"NLD","Países Bajos","2023","Gobierno nacional","Porcentaje del total","64.47083"
"NLD","Países Bajos","2024","European institutions and bodies (EU accounts)","Porcentaje del total","0.88347"
"NLD","Países Bajos","2024","Fondos de seguridad social","Porcentaje del total","31.68142"
"NLD","Países Bajos","2024","Gobierno municipal local","Porcentaje del total","2.05358"
"NLD","Países Bajos","2024","Gobierno nacional","Porcentaje del total","65.38152"
"PER","Perú","1990","Fondos de seguridad social","Porcentaje del total","8.29617"
"PER","Perú","1990","Gobierno nacional","Porcentaje del total","91.70383"
"PER","Perú","1991","Fondos de seguridad social","Porcentaje del total","15.24145"
"PER","Perú","1991","Gobierno nacional","Porcentaje del total","84.75855"
"PER","Perú","1992","Fondos de seguridad social","Porcentaje del total","15.03794"
"PER","Perú","1992","Gobierno nacional","Porcentaje del total","84.96206"
"PER","Perú","1993","Fondos de seguridad social","Porcentaje del total","14.07924"
"PER","Perú","1993","Gobierno nacional","Porcentaje del total","85.92076"
"PER","Perú","1994","Fondos de seguridad social","Porcentaje del total","12.14946"
"PER","Perú","1994","Gobierno nacional","Porcentaje del total","87.85054"
"PER","Perú","1995","Fondos de seguridad social","Porcentaje del total","12.04140"
"PER","Perú","1995","Gobierno nacional","Porcentaje del total","87.95860"
"PER","Perú","1996","Fondos de seguridad social","Porcentaje del total","11.26050"
"PER","Perú","1996","Gobierno nacional","Porcentaje del total","88.73950"
"PER","Perú","1997","Fondos de seguridad social","Porcentaje del total","11.81250"
"PER","Perú","1997","Gobierno nacional","Porcentaje del total","88.18750"
"PER","Perú","1998","Fondos de seguridad social","Porcentaje del total","11.75019"
"PER","Perú","1998","Gobierno nacional","Porcentaje del total","88.24981"
"PER","Perú","1999","Fondos de seguridad social","Porcentaje del total","11.87311"
"PER","Perú","1999","Gobierno nacional","Porcentaje del total","88.12689"
"PER","Perú","2000","Fondos de seguridad social","Porcentaje del total","12.00648"
"PER","Perú","2000","Gobierno municipal local","Porcentaje del total","1.61929"
"PER","Perú","2000","Gobierno nacional","Porcentaje del total","86.37423"
"PER","Perú","2001","Fondos de seguridad social","Porcentaje del total","12.10780"
"PER","Perú","2001","Gobierno municipal local","Porcentaje del total","1.65342"
"PER","Perú","2001","Gobierno nacional","Porcentaje del total","86.23878"
"PER","Perú","2002","Fondos de seguridad social","Porcentaje del total","11.86076"
"PER","Perú","2002","Gobierno municipal local","Porcentaje del total","1.86101"
"PER","Perú","2002","Gobierno nacional","Porcentaje del total","86.27823"
"PER","Perú","2003","Fondos de seguridad social","Porcentaje del total","11.10476"
"PER","Perú","2003","Gobierno municipal local","Porcentaje del total","1.79264"
"PER","Perú","2003","Gobierno nacional","Porcentaje del total","87.10260"
"PER","Perú","2004","Fondos de seguridad social","Porcentaje del total","10.57515"
"PER","Perú","2004","Gobierno municipal local","Porcentaje del total","1.92154"
"PER","Perú","2004","Gobierno nacional","Porcentaje del total","87.50331"
"PER","Perú","2005","Fondos de seguridad social","Porcentaje del total","10.02331"
"PER","Perú","2005","Gobierno municipal local","Porcentaje del total","1.87274"
"PER","Perú","2005","Gobierno nacional","Porcentaje del total","88.10395"
"PER","Perú","2006","Fondos de seguridad social","Porcentaje del total","9.52896"
"PER","Perú","2006","Gobierno municipal local","Porcentaje del total","1.51708"
"PER","Perú","2006","Gobierno nacional","Porcentaje del total","88.95396"
"PER","Perú","2007","Fondos de seguridad social","Porcentaje del total","8.95755"
"PER","Perú","2007","Gobierno municipal local","Porcentaje del total","1.99677"
"PER","Perú","2007","Gobierno nacional","Porcentaje del total","89.04568"
"PER","Perú","2008","Fondos de seguridad social","Porcentaje del total","10.22484"
"PER","Perú","2008","Gobierno municipal local","Porcentaje del total","2.09163"
"PER","Perú","2008","Gobierno nacional","Porcentaje del total","87.68353"
"PER","Perú","2009","Fondos de seguridad social","Porcentaje del total","11.85045"
"PER","Perú","2009","Gobierno municipal local","Porcentaje del total","2.25701"
"PER","Perú","2009","Gobierno nacional","Porcentaje del total","85.89254"
"PER","Perú","2010","Fondos de seguridad social","Porcentaje del total","10.74753"
"PER","Perú","2010","Gobierno municipal local","Porcentaje del total","2.17254"
"PER","Perú","2010","Gobierno nacional","Porcentaje del total","87.07993"
"PER","Perú","2011","Fondos de seguridad social","Porcentaje del total","10.40221"
"PER","Perú","2011","Gobierno municipal local","Porcentaje del total","2.14101"
"PER","Perú","2011","Gobierno nacional","Porcentaje del total","87.45678"
"PER","Perú","2012","Fondos de seguridad social","Porcentaje del total","10.60706"
"PER","Perú","2012","Gobierno municipal local","Porcentaje del total","2.26055"
"PER","Perú","2012","Gobierno nacional","Porcentaje del total","87.13239"
"PER","Perú","2013","Fondos de seguridad social","Porcentaje del total","11.01700"
"PER","Perú","2013","Gobierno municipal local","Porcentaje del total","2.40225"
"PER","Perú","2013","Gobierno nacional","Porcentaje del total","86.58074"
"PER","Perú","2014","Fondos de seguridad social","Porcentaje del total","10.86419"
"PER","Perú","2014","Gobierno municipal local","Porcentaje del total","2.29113"
"PER","Perú","2014","Gobierno nacional","Porcentaje del total","86.84469"
"PER","Perú","2015","Fondos de seguridad social","Porcentaje del total","12.04483"
"PER","Perú","2015","Gobierno municipal local","Porcentaje del total","2.64433"
"PER","Perú","2015","Gobierno nacional","Porcentaje del total","85.31084"
"PER","Perú","2016","Fondos de seguridad social","Porcentaje del total","12.53164"
"PER","Perú","2016","Gobierno municipal local","Porcentaje del total","2.87561"
"PER","Perú","2016","Gobierno nacional","Porcentaje del total","84.59275"
"PER","Perú","2017","Fondos de seguridad social","Porcentaje del total","12.78297"
"PER","Perú","2017","Gobierno municipal local","Porcentaje del total","2.75061"
"PER","Perú","2017","Gobierno nacional","Porcentaje del total","84.46641"
"PER","Perú","2018","Fondos de seguridad social","Porcentaje del total","12.20793"
"PER","Perú","2018","Gobierno municipal local","Porcentaje del total","2.48908"
"PER","Perú","2018","Gobierno nacional","Porcentaje del total","85.30299"
"PER","Perú","2019","Fondos de seguridad social","Porcentaje del total","12.03159"
"PER","Perú","2019","Gobierno municipal local","Porcentaje del total","2.65047"
"PER","Perú","2019","Gobierno nacional","Porcentaje del total","85.31794"
"PER","Perú","2020","Fondos de seguridad social","Porcentaje del total","13.36975"
"PER","Perú","2020","Gobierno municipal local","Porcentaje del total","2.32187"
"PER","Perú","2020","Gobierno nacional","Porcentaje del total","84.30838"
"PER","Perú","2021","Fondos de seguridad social","Porcentaje del total","10.38210"
"PER","Perú","2021","Gobierno municipal local","Porcentaje del total","2.13825"
"PER","Perú","2021","Gobierno nacional","Porcentaje del total","87.47964"
"PER","Perú","2022","Fondos de seguridad social","Porcentaje del total","10.00316"
"PER","Perú","2022","Gobierno municipal local","Porcentaje del total","2.10114"
"PER","Perú","2022","Gobierno nacional","Porcentaje del total","87.89571"
"PER","Perú","2023","Fondos de seguridad social","Porcentaje del total","11.13612"
"PER","Perú","2023","Gobierno municipal local","Porcentaje del total","2.39652"
"PER","Perú","2023","Gobierno nacional","Porcentaje del total","86.46736"
"PER","Perú","2024","Fondos de seguridad social","Porcentaje del total","11.23975"
"PER","Perú","2024","Gobierno municipal local","Porcentaje del total","2.48822"
"PER","Perú","2024","Gobierno nacional","Porcentaje del total","86.27204"
"POL","Polonia","1991","Fondos de seguridad social","Porcentaje del total","31.87399"
"POL","Polonia","1991","Gobierno municipal local","Porcentaje del total","9.31796"
"POL","Polonia","1991","Gobierno nacional","Porcentaje del total","58.80805"
"POL","Polonia","1992","Fondos de seguridad social","Porcentaje del total","32.99944"
"POL","Polonia","1992","Gobierno municipal local","Porcentaje del total","7.63080"
"POL","Polonia","1992","Gobierno nacional","Porcentaje del total","59.36976"
"POL","Polonia","1993","Fondos de seguridad social","Porcentaje del total","30.89720"
"POL","Polonia","1993","Gobierno municipal local","Porcentaje del total","8.04436"
"POL","Polonia","1993","Gobierno nacional","Porcentaje del total","61.05844"
"POL","Polonia","1994","Fondos de seguridad social","Porcentaje del total","29.68178"
"POL","Polonia","1994","Gobierno municipal local","Porcentaje del total","7.93592"
"POL","Polonia","1994","Gobierno nacional","Porcentaje del total","62.38230"
"POL","Polonia","1995","Fondos de seguridad social","Porcentaje del total","30.31431"
"POL","Polonia","1995","Gobierno municipal local","Porcentaje del total","8.52858"
"POL","Polonia","1995","Gobierno nacional","Porcentaje del total","61.15711"
"POL","Polonia","1996","Fondos de seguridad social","Porcentaje del total","31.08076"
"POL","Polonia","1996","Gobierno municipal local","Porcentaje del total","9.67703"
"POL","Polonia","1996","Gobierno nacional","Porcentaje del total","59.24220"
"POL","Polonia","1997","Fondos de seguridad social","Porcentaje del total","31.92121"
"POL","Polonia","1997","Gobierno municipal local","Porcentaje del total","10.10513"
"POL","Polonia","1997","Gobierno nacional","Porcentaje del total","57.97367"
"POL","Polonia","1998","Fondos de seguridad social","Porcentaje del total","32.59571"
"POL","Polonia","1998","Gobierno municipal local","Porcentaje del total","10.26197"
"POL","Polonia","1998","Gobierno nacional","Porcentaje del total","57.14232"
"POL","Polonia","1999","Fondos de seguridad social","Porcentaje del total","39.02090"
"POL","Polonia","1999","Gobierno municipal local","Porcentaje del total","9.30196"
"POL","Polonia","1999","Gobierno nacional","Porcentaje del total","51.67714"
"POL","Polonia","2000","Fondos de seguridad social","Porcentaje del total","39.17509"
"POL","Polonia","2000","Gobierno municipal local","Porcentaje del total","9.22781"
"POL","Polonia","2000","Gobierno nacional","Porcentaje del total","51.59710"
"POL","Polonia","2001","Fondos de seguridad social","Porcentaje del total","40.85371"
"POL","Polonia","2001","Gobierno municipal local","Porcentaje del total","10.23837"
"POL","Polonia","2001","Gobierno nacional","Porcentaje del total","48.90792"
"POL","Polonia","2002","Fondos de seguridad social","Porcentaje del total","38.84943"
"POL","Polonia","2002","Gobierno municipal local","Porcentaje del total","10.07021"
"POL","Polonia","2002","Gobierno nacional","Porcentaje del total","51.08036"
"POL","Polonia","2003","Fondos de seguridad social","Porcentaje del total","38.82273"
"POL","Polonia","2003","Gobierno municipal local","Porcentaje del total","9.63619"
"POL","Polonia","2003","Gobierno nacional","Porcentaje del total","51.54108"
"POL","Polonia","2004","European institutions and bodies (EU accounts)","Porcentaje del total","0.22115"
"POL","Polonia","2004","Fondos de seguridad social","Porcentaje del total","37.84759"
"POL","Polonia","2004","Gobierno municipal local","Porcentaje del total","12.80111"
"POL","Polonia","2004","Gobierno nacional","Porcentaje del total","49.13015"
"POL","Polonia","2005","European institutions and bodies (EU accounts)","Porcentaje del total","0.44836"
"POL","Polonia","2005","Fondos de seguridad social","Porcentaje del total","36.84140"
"POL","Polonia","2005","Gobierno municipal local","Porcentaje del total","12.73597"
"POL","Polonia","2005","Gobierno nacional","Porcentaje del total","49.97427"
"POL","Polonia","2006","European institutions and bodies (EU accounts)","Porcentaje del total","0.39314"
"POL","Polonia","2006","Fondos de seguridad social","Porcentaje del total","35.68847"
"POL","Polonia","2006","Gobierno municipal local","Porcentaje del total","12.90968"
"POL","Polonia","2006","Gobierno nacional","Porcentaje del total","51.00871"
"POL","Polonia","2007","European institutions and bodies (EU accounts)","Porcentaje del total","0.41601"
"POL","Polonia","2007","Fondos de seguridad social","Porcentaje del total","34.06057"
"POL","Polonia","2007","Gobierno municipal local","Porcentaje del total","13.30197"
"POL","Polonia","2007","Gobierno nacional","Porcentaje del total","52.22145"
"POL","Polonia","2008","European institutions and bodies (EU accounts)","Porcentaje del total","0.47561"
"POL","Polonia","2008","Fondos de seguridad social","Porcentaje del total","32.71288"
"POL","Polonia","2008","Gobierno municipal local","Porcentaje del total","13.52368"
"POL","Polonia","2008","Gobierno nacional","Porcentaje del total","53.28783"
"POL","Polonia","2009","European institutions and bodies (EU accounts)","Porcentaje del total","0.40499"
"POL","Polonia","2009","Fondos de seguridad social","Porcentaje del total","35.32506"
"POL","Polonia","2009","Gobierno municipal local","Porcentaje del total","13.09750"
"POL","Polonia","2009","Gobierno nacional","Porcentaje del total","51.17245"
"POL","Polonia","2010","European institutions and bodies (EU accounts)","Porcentaje del total","0.37485"
"POL","Polonia","2010","Fondos de seguridad social","Porcentaje del total","34.42352"
"POL","Polonia","2010","Gobierno municipal local","Porcentaje del total","12.60287"
"POL","Polonia","2010","Gobierno nacional","Porcentaje del total","52.59876"
"POL","Polonia","2011","European institutions and bodies (EU accounts)","Porcentaje del total","0.38719"
"POL","Polonia","2011","Fondos de seguridad social","Porcentaje del total","34.96793"
"POL","Polonia","2011","Gobierno municipal local","Porcentaje del total","12.31642"
"POL","Polonia","2011","Gobierno nacional","Porcentaje del total","52.32846"
"POL","Polonia","2012","European institutions and bodies (EU accounts)","Porcentaje del total","0.41135"
"POL","Polonia","2012","Fondos de seguridad social","Porcentaje del total","37.28997"
"POL","Polonia","2012","Gobierno municipal local","Porcentaje del total","12.57541"
"POL","Polonia","2012","Gobierno nacional","Porcentaje del total","49.72327"
"POL","Polonia","2013","European institutions and bodies (EU accounts)","Porcentaje del total","0.40732"
"POL","Polonia","2013","Fondos de seguridad social","Porcentaje del total","38.36438"
"POL","Polonia","2013","Gobierno municipal local","Porcentaje del total","12.61681"
"POL","Polonia","2013","Gobierno nacional","Porcentaje del total","48.61148"
"POL","Polonia","2014","European institutions and bodies (EU accounts)","Porcentaje del total","0.43514"
"POL","Polonia","2014","Fondos de seguridad social","Porcentaje del total","37.90566"
"POL","Polonia","2014","Gobierno municipal local","Porcentaje del total","12.96078"
"POL","Polonia","2014","Gobierno nacional","Porcentaje del total","48.69842"
"POL","Polonia","2015","European institutions and bodies (EU accounts)","Porcentaje del total","0.49552"
"POL","Polonia","2015","Fondos de seguridad social","Porcentaje del total","38.26524"
"POL","Polonia","2015","Gobierno municipal local","Porcentaje del total","12.86226"
"POL","Polonia","2015","Gobierno nacional","Porcentaje del total","48.37698"
"POL","Polonia","2016","European institutions and bodies (EU accounts)","Porcentaje del total","0.54176"
"POL","Polonia","2016","Fondos de seguridad social","Porcentaje del total","37.98962"
"POL","Polonia","2016","Gobierno municipal local","Porcentaje del total","12.83179"
"POL","Polonia","2016","Gobierno nacional","Porcentaje del total","48.63684"
"POL","Polonia","2017","European institutions and bodies (EU accounts)","Porcentaje del total","0.52409"
"POL","Polonia","2017","Fondos de seguridad social","Porcentaje del total","37.54916"
"POL","Polonia","2017","Gobierno municipal local","Porcentaje del total","12.70228"
"POL","Polonia","2017","Gobierno nacional","Porcentaje del total","49.22447"
"POL","Polonia","2018","European institutions and bodies (EU accounts)","Porcentaje del total","0.52456"
"POL","Polonia","2018","Fondos de seguridad social","Porcentaje del total","37.24200"
"POL","Polonia","2018","Gobierno municipal local","Porcentaje del total","12.73406"
"POL","Polonia","2018","Gobierno nacional","Porcentaje del total","49.49939"
"POL","Polonia","2019","European institutions and bodies (EU accounts)","Porcentaje del total","0.55446"
"POL","Polonia","2019","Fondos de seguridad social","Porcentaje del total","37.55853"
"POL","Polonia","2019","Gobierno municipal local","Porcentaje del total","12.61223"
"POL","Polonia","2019","Gobierno nacional","Porcentaje del total","49.27478"
"POL","Polonia","2020","European institutions and bodies (EU accounts)","Porcentaje del total","0.52859"
"POL","Polonia","2020","Fondos de seguridad social","Porcentaje del total","37.94597"
"POL","Polonia","2020","Gobierno municipal local","Porcentaje del total","12.37510"
"POL","Polonia","2020","Gobierno nacional","Porcentaje del total","49.15034"
"POL","Polonia","2021","European institutions and bodies (EU accounts)","Porcentaje del total","0.61171"
"POL","Polonia","2021","Fondos de seguridad social","Porcentaje del total","35.47017"
"POL","Polonia","2021","Gobierno municipal local","Porcentaje del total","11.85650"
"POL","Polonia","2021","Gobierno nacional","Porcentaje del total","52.06162"
"POL","Polonia","2022","European institutions and bodies (EU accounts)","Porcentaje del total","0.79842"
"POL","Polonia","2022","Fondos de seguridad social","Porcentaje del total","37.31965"
"POL","Polonia","2022","Gobierno municipal local","Porcentaje del total","11.84154"
"POL","Polonia","2022","Gobierno nacional","Porcentaje del total","50.04039"
"POL","Polonia","2023","European institutions and bodies (EU accounts)","Porcentaje del total","0.49952"
"POL","Polonia","2023","Fondos de seguridad social","Porcentaje del total","37.97165"
"POL","Polonia","2023","Gobierno municipal local","Porcentaje del total","10.17190"
"POL","Polonia","2023","Gobierno nacional","Porcentaje del total","51.35693"
"POL","Polonia","2024","European institutions and bodies (EU accounts)","Porcentaje del total","0.49887"
"POL","Polonia","2024","Fondos de seguridad social","Porcentaje del total","38.63105"
"POL","Polonia","2024","Gobierno municipal local","Porcentaje del total","13.32612"
"POL","Polonia","2024","Gobierno nacional","Porcentaje del total","47.54396"
"PRT","Portugal","1990","European institutions and bodies (EU accounts)","Porcentaje del total","1.01438"
"PRT","Portugal","1990","Fondos de seguridad social","Porcentaje del total","27.15528"
"PRT","Portugal","1990","Gobierno municipal local","Porcentaje del total","5.55168"
"PRT","Portugal","1990","Gobierno nacional","Porcentaje del total","66.27867"
"PRT","Portugal","1991","European institutions and bodies (EU accounts)","Porcentaje del total","1.23651"
"PRT","Portugal","1991","Fondos de seguridad social","Porcentaje del total","27.12287"
"PRT","Portugal","1991","Gobierno municipal local","Porcentaje del total","5.38672"
"PRT","Portugal","1991","Gobierno nacional","Porcentaje del total","66.25389"
"PRT","Portugal","1992","European institutions and bodies (EU accounts)","Porcentaje del total","1.03691"
"PRT","Portugal","1992","Fondos de seguridad social","Porcentaje del total","25.44863"
"PRT","Portugal","1992","Gobierno municipal local","Porcentaje del total","5.56542"
"PRT","Portugal","1992","Gobierno nacional","Porcentaje del total","67.94904"
"PRT","Portugal","1993","European institutions and bodies (EU accounts)","Porcentaje del total","0.93302"
"PRT","Portugal","1993","Fondos de seguridad social","Porcentaje del total","26.81349"
"PRT","Portugal","1993","Gobierno municipal local","Porcentaje del total","5.81407"
"PRT","Portugal","1993","Gobierno nacional","Porcentaje del total","66.43942"
"PRT","Portugal","1994","European institutions and bodies (EU accounts)","Porcentaje del total","0.95653"
"PRT","Portugal","1994","Fondos de seguridad social","Porcentaje del total","26.27770"
"PRT","Portugal","1994","Gobierno municipal local","Porcentaje del total","5.40370"
"PRT","Portugal","1994","Gobierno nacional","Porcentaje del total","67.36208"
"PRT","Portugal","1995","European institutions and bodies (EU accounts)","Porcentaje del total","0.81085"
"PRT","Portugal","1995","Fondos de seguridad social","Porcentaje del total","20.50117"
"PRT","Portugal","1995","Gobierno municipal local","Porcentaje del total","5.42766"
"PRT","Portugal","1995","Gobierno nacional","Porcentaje del total","73.26032"
"PRT","Portugal","1996","European institutions and bodies (EU accounts)","Porcentaje del total","0.51980"
"PRT","Portugal","1996","Fondos de seguridad social","Porcentaje del total","20.68301"
"PRT","Portugal","1996","Gobierno municipal local","Porcentaje del total","5.52726"
"PRT","Portugal","1996","Gobierno nacional","Porcentaje del total","73.26993"
"PRT","Portugal","1997","European institutions and bodies (EU accounts)","Porcentaje del total","0.56494"
"PRT","Portugal","1997","Fondos de seguridad social","Porcentaje del total","21.31122"
"PRT","Portugal","1997","Gobierno municipal local","Porcentaje del total","5.53435"
"PRT","Portugal","1997","Gobierno nacional","Porcentaje del total","72.58949"
"PRT","Portugal","1998","European institutions and bodies (EU accounts)","Porcentaje del total","0.60168"
"PRT","Portugal","1998","Fondos de seguridad social","Porcentaje del total","22.59792"
"PRT","Portugal","1998","Gobierno municipal local","Porcentaje del total","5.87866"
"PRT","Portugal","1998","Gobierno nacional","Porcentaje del total","70.92174"
"PRT","Portugal","1999","European institutions and bodies (EU accounts)","Porcentaje del total","0.55594"
"PRT","Portugal","1999","Fondos de seguridad social","Porcentaje del total","22.10500"
"PRT","Portugal","1999","Gobierno municipal local","Porcentaje del total","6.36573"
"PRT","Portugal","1999","Gobierno nacional","Porcentaje del total","70.97333"
"PRT","Portugal","2000","European institutions and bodies (EU accounts)","Porcentaje del total","0.51418"
"PRT","Portugal","2000","Fondos de seguridad social","Porcentaje del total","22.46862"
"PRT","Portugal","2000","Gobierno municipal local","Porcentaje del total","6.36409"
"PRT","Portugal","2000","Gobierno nacional","Porcentaje del total","70.65310"
"PRT","Portugal","2001","European institutions and bodies (EU accounts)","Porcentaje del total","0.43389"
"PRT","Portugal","2001","Fondos de seguridad social","Porcentaje del total","23.26009"
"PRT","Portugal","2001","Gobierno municipal local","Porcentaje del total","6.13239"
"PRT","Portugal","2001","Gobierno nacional","Porcentaje del total","70.17363"
"PRT","Portugal","2002","European institutions and bodies (EU accounts)","Porcentaje del total","0.31677"
"PRT","Portugal","2002","Fondos de seguridad social","Porcentaje del total","23.01607"
"PRT","Portugal","2002","Gobierno municipal local","Porcentaje del total","6.35463"
"PRT","Portugal","2002","Gobierno nacional","Porcentaje del total","70.31253"
"PRT","Portugal","2003","European institutions and bodies (EU accounts)","Porcentaje del total","0.30951"
"PRT","Portugal","2003","Fondos de seguridad social","Porcentaje del total","23.39948"
"PRT","Portugal","2003","Gobierno municipal local","Porcentaje del total","6.24947"
"PRT","Portugal","2003","Gobierno nacional","Porcentaje del total","70.04154"
"PRT","Portugal","2004","European institutions and bodies (EU accounts)","Porcentaje del total","0.34580"
"PRT","Portugal","2004","Fondos de seguridad social","Porcentaje del total","23.07141"
"PRT","Portugal","2004","Gobierno municipal local","Porcentaje del total","6.66740"
"PRT","Portugal","2004","Gobierno nacional","Porcentaje del total","69.91539"
"PRT","Portugal","2005","European institutions and bodies (EU accounts)","Porcentaje del total","0.29511"
"PRT","Portugal","2005","Fondos de seguridad social","Porcentaje del total","23.15096"
"PRT","Portugal","2005","Gobierno municipal local","Porcentaje del total","6.64605"
"PRT","Portugal","2005","Gobierno nacional","Porcentaje del total","69.90788"
"PRT","Portugal","2006","European institutions and bodies (EU accounts)","Porcentaje del total","0.30448"
"PRT","Portugal","2006","Fondos de seguridad social","Porcentaje del total","22.75470"
"PRT","Portugal","2006","Gobierno municipal local","Porcentaje del total","6.62924"
"PRT","Portugal","2006","Gobierno nacional","Porcentaje del total","70.31158"
"PRT","Portugal","2007","European institutions and bodies (EU accounts)","Porcentaje del total","0.33998"
"PRT","Portugal","2007","Fondos de seguridad social","Porcentaje del total","22.62135"
"PRT","Portugal","2007","Gobierno municipal local","Porcentaje del total","7.04411"
"PRT","Portugal","2007","Gobierno nacional","Porcentaje del total","69.99456"
"PRT","Portugal","2008","European institutions and bodies (EU accounts)","Porcentaje del total","0.31745"
"PRT","Portugal","2008","Fondos de seguridad social","Porcentaje del total","23.30220"
"PRT","Portugal","2008","Gobierno municipal local","Porcentaje del total","7.00093"
"PRT","Portugal","2008","Gobierno nacional","Porcentaje del total","69.37942"
"PRT","Portugal","2009","European institutions and bodies (EU accounts)","Porcentaje del total","0.29542"
"PRT","Portugal","2009","Fondos de seguridad social","Porcentaje del total","25.49032"
"PRT","Portugal","2009","Gobierno municipal local","Porcentaje del total","7.03528"
"PRT","Portugal","2009","Gobierno nacional","Porcentaje del total","67.17898"
"PRT","Portugal","2010","European institutions and bodies (EU accounts)","Porcentaje del total","0.32446"
"PRT","Portugal","2010","Fondos de seguridad social","Porcentaje del total","25.02417"
"PRT","Portugal","2010","Gobierno municipal local","Porcentaje del total","5.38294"
"PRT","Portugal","2010","Gobierno nacional","Porcentaje del total","69.26842"
"PRT","Portugal","2011","European institutions and bodies (EU accounts)","Porcentaje del total","0.29477"
"PRT","Portugal","2011","Fondos de seguridad social","Porcentaje del total","24.46741"
"PRT","Portugal","2011","Gobierno municipal local","Porcentaje del total","5.37367"
"PRT","Portugal","2011","Gobierno nacional","Porcentaje del total","69.86415"
"PRT","Portugal","2012","European institutions and bodies (EU accounts)","Porcentaje del total","0.29134"
"PRT","Portugal","2012","Fondos de seguridad social","Porcentaje del total","24.78076"
"PRT","Portugal","2012","Gobierno municipal local","Porcentaje del total","5.38544"
"PRT","Portugal","2012","Gobierno nacional","Porcentaje del total","69.54246"
"PRT","Portugal","2013","European institutions and bodies (EU accounts)","Porcentaje del total","0.24819"
"PRT","Portugal","2013","Fondos de seguridad social","Porcentaje del total","23.17989"
"PRT","Portugal","2013","Gobierno municipal local","Porcentaje del total","5.52196"
"PRT","Portugal","2013","Gobierno nacional","Porcentaje del total","71.04996"
"PRT","Portugal","2014","European institutions and bodies (EU accounts)","Porcentaje del total","0.25090"
"PRT","Portugal","2014","Fondos de seguridad social","Porcentaje del total","23.08587"
"PRT","Portugal","2014","Gobierno municipal local","Porcentaje del total","5.85156"
"PRT","Portugal","2014","Gobierno nacional","Porcentaje del total","70.81168"
"PRT","Portugal","2015","European institutions and bodies (EU accounts)","Porcentaje del total","0.25592"
"PRT","Portugal","2015","Fondos de seguridad social","Porcentaje del total","23.10410"
"PRT","Portugal","2015","Gobierno municipal local","Porcentaje del total","5.95270"
"PRT","Portugal","2015","Gobierno nacional","Porcentaje del total","70.68728"
"PRT","Portugal","2016","European institutions and bodies (EU accounts)","Porcentaje del total","0.50081"
"PRT","Portugal","2016","Fondos de seguridad social","Porcentaje del total","23.62511"
"PRT","Portugal","2016","Gobierno municipal local","Porcentaje del total","6.05704"
"PRT","Portugal","2016","Gobierno nacional","Porcentaje del total","69.81704"
"PRT","Portugal","2017","European institutions and bodies (EU accounts)","Porcentaje del total","0.47392"
"PRT","Portugal","2017","Fondos de seguridad social","Porcentaje del total","24.05024"
"PRT","Portugal","2017","Gobierno municipal local","Porcentaje del total","5.98573"
"PRT","Portugal","2017","Gobierno nacional","Porcentaje del total","69.49010"
"PRT","Portugal","2018","European institutions and bodies (EU accounts)","Porcentaje del total","0.50134"
"PRT","Portugal","2018","Fondos de seguridad social","Porcentaje del total","24.29249"
"PRT","Portugal","2018","Gobierno municipal local","Porcentaje del total","6.09061"
"PRT","Portugal","2018","Gobierno nacional","Porcentaje del total","69.11556"
"PRT","Portugal","2019","European institutions and bodies (EU accounts)","Porcentaje del total","0.47668"
"PRT","Portugal","2019","Fondos de seguridad social","Porcentaje del total","25.30951"
"PRT","Portugal","2019","Gobierno municipal local","Porcentaje del total","6.16673"
"PRT","Portugal","2019","Gobierno nacional","Porcentaje del total","68.04708"
"PRT","Portugal","2020","European institutions and bodies (EU accounts)","Porcentaje del total","0.46939"
"PRT","Portugal","2020","Fondos de seguridad social","Porcentaje del total","26.91436"
"PRT","Portugal","2020","Gobierno municipal local","Porcentaje del total","5.95888"
"PRT","Portugal","2020","Gobierno nacional","Porcentaje del total","66.65737"
"PRT","Portugal","2021","European institutions and bodies (EU accounts)","Porcentaje del total","0.48810"
"PRT","Portugal","2021","Fondos de seguridad social","Porcentaje del total","26.87800"
"PRT","Portugal","2021","Gobierno municipal local","Porcentaje del total","6.02233"
"PRT","Portugal","2021","Gobierno nacional","Porcentaje del total","66.61156"
"PRT","Portugal","2022","European institutions and bodies (EU accounts)","Porcentaje del total","0.59770"
"PRT","Portugal","2022","Fondos de seguridad social","Porcentaje del total","26.00763"
"PRT","Portugal","2022","Gobierno municipal local","Porcentaje del total","5.96435"
"PRT","Portugal","2022","Gobierno nacional","Porcentaje del total","67.43033"
"PRT","Portugal","2023","European institutions and bodies (EU accounts)","Porcentaje del total","0.44369"
"PRT","Portugal","2023","Fondos de seguridad social","Porcentaje del total","26.82407"
"PRT","Portugal","2023","Gobierno municipal local","Porcentaje del total","5.79397"
"PRT","Portugal","2023","Gobierno nacional","Porcentaje del total","66.93828"
"PRT","Portugal","2024","European institutions and bodies (EU accounts)","Porcentaje del total","0.32353"
"PRT","Portugal","2024","Fondos de seguridad social","Porcentaje del total","27.65194"
"PRT","Portugal","2024","Gobierno municipal local","Porcentaje del total","5.69941"
"PRT","Portugal","2024","Gobierno nacional","Porcentaje del total","66.32512"
"GBR","Reino Unido","1990","European institutions and bodies (EU accounts)","Porcentaje del total","0.91319"
"GBR","Reino Unido","1990","Fondos de seguridad social","Porcentaje del total","17.02690"
"GBR","Reino Unido","1990","Gobierno municipal local","Porcentaje del total","6.99024"
"GBR","Reino Unido","1990","Gobierno nacional","Porcentaje del total","75.06968"
"GBR","Reino Unido","1991","European institutions and bodies (EU accounts)","Porcentaje del total","0.93325"
"GBR","Reino Unido","1991","Fondos de seguridad social","Porcentaje del total","17.62898"
"GBR","Reino Unido","1991","Gobierno municipal local","Porcentaje del total","4.18842"
"GBR","Reino Unido","1991","Gobierno nacional","Porcentaje del total","77.24935"
"GBR","Reino Unido","1992","European institutions and bodies (EU accounts)","Porcentaje del total","0.93906"
"GBR","Reino Unido","1992","Fondos de seguridad social","Porcentaje del total","17.82099"
"GBR","Reino Unido","1992","Gobierno municipal local","Porcentaje del total","4.01630"
"GBR","Reino Unido","1992","Gobierno nacional","Porcentaje del total","77.22365"
"GBR","Reino Unido","1993","European institutions and bodies (EU accounts)","Porcentaje del total","1.02772"
"GBR","Reino Unido","1993","Fondos de seguridad social","Porcentaje del total","18.56714"
"GBR","Reino Unido","1993","Gobierno municipal local","Porcentaje del total","3.90469"
"GBR","Reino Unido","1993","Gobierno nacional","Porcentaje del total","76.50044"
"GBR","Reino Unido","1994","European institutions and bodies (EU accounts)","Porcentaje del total","0.93580"
"GBR","Reino Unido","1994","Fondos de seguridad social","Porcentaje del total","18.44668"
"GBR","Reino Unido","1994","Gobierno municipal local","Porcentaje del total","3.77257"
"GBR","Reino Unido","1994","Gobierno nacional","Porcentaje del total","76.84495"
"GBR","Reino Unido","1995","European institutions and bodies (EU accounts)","Porcentaje del total","1.00682"
"GBR","Reino Unido","1995","Fondos de seguridad social","Porcentaje del total","17.78747"
"GBR","Reino Unido","1995","Gobierno municipal local","Porcentaje del total","3.72721"
"GBR","Reino Unido","1995","Gobierno nacional","Porcentaje del total","77.47850"
"GBR","Reino Unido","1996","European institutions and bodies (EU accounts)","Porcentaje del total","0.87545"
"GBR","Reino Unido","1996","Fondos de seguridad social","Porcentaje del total","17.56150"
"GBR","Reino Unido","1996","Gobierno municipal local","Porcentaje del total","3.79714"
"GBR","Reino Unido","1996","Gobierno nacional","Porcentaje del total","77.76590"
"GBR","Reino Unido","1997","European institutions and bodies (EU accounts)","Porcentaje del total","0.83792"
"GBR","Reino Unido","1997","Fondos de seguridad social","Porcentaje del total","17.80165"
"GBR","Reino Unido","1997","Gobierno municipal local","Porcentaje del total","3.83851"
"GBR","Reino Unido","1997","Gobierno nacional","Porcentaje del total","77.52192"
"GBR","Reino Unido","1998","European institutions and bodies (EU accounts)","Porcentaje del total","0.67874"
"GBR","Reino Unido","1998","Fondos de seguridad social","Porcentaje del total","16.98056"
"GBR","Reino Unido","1998","Gobierno municipal local","Porcentaje del total","3.85802"
"GBR","Reino Unido","1998","Gobierno nacional","Porcentaje del total","78.48268"
"GBR","Reino Unido","1999","European institutions and bodies (EU accounts)","Porcentaje del total","0.62270"
"GBR","Reino Unido","1999","Fondos de seguridad social","Porcentaje del total","17.06922"
"GBR","Reino Unido","1999","Gobierno municipal local","Porcentaje del total","3.91640"
"GBR","Reino Unido","1999","Gobierno nacional","Porcentaje del total","78.39169"
"GBR","Reino Unido","2000","European institutions and bodies (EU accounts)","Porcentaje del total","0.59251"
"GBR","Reino Unido","2000","Fondos de seguridad social","Porcentaje del total","16.76046"
"GBR","Reino Unido","2000","Gobierno municipal local","Porcentaje del total","3.95367"
"GBR","Reino Unido","2000","Gobierno nacional","Porcentaje del total","78.69337"
"GBR","Reino Unido","2001","European institutions and bodies (EU accounts)","Porcentaje del total","0.56944"
"GBR","Reino Unido","2001","Fondos de seguridad social","Porcentaje del total","17.11721"
"GBR","Reino Unido","2001","Gobierno municipal local","Porcentaje del total","4.16534"
"GBR","Reino Unido","2001","Gobierno nacional","Porcentaje del total","78.14801"
"GBR","Reino Unido","2002","European institutions and bodies (EU accounts)","Porcentaje del total","0.51956"
"GBR","Reino Unido","2002","Fondos de seguridad social","Porcentaje del total","16.94725"
"GBR","Reino Unido","2002","Gobierno municipal local","Porcentaje del total","4.46359"
"GBR","Reino Unido","2002","Gobierno nacional","Porcentaje del total","78.06960"
"GBR","Reino Unido","2003","European institutions and bodies (EU accounts)","Porcentaje del total","0.49846"
"GBR","Reino Unido","2003","Fondos de seguridad social","Porcentaje del total","18.24040"
"GBR","Reino Unido","2003","Gobierno municipal local","Porcentaje del total","4.75540"
"GBR","Reino Unido","2003","Gobierno nacional","Porcentaje del total","76.50573"
"GBR","Reino Unido","2004","European institutions and bodies (EU accounts)","Porcentaje del total","0.51117"
"GBR","Reino Unido","2004","Fondos de seguridad social","Porcentaje del total","18.66236"
"GBR","Reino Unido","2004","Gobierno municipal local","Porcentaje del total","4.72613"
"GBR","Reino Unido","2004","Gobierno nacional","Porcentaje del total","76.10034"
"GBR","Reino Unido","2005","European institutions and bodies (EU accounts)","Porcentaje del total","0.49890"
"GBR","Reino Unido","2005","Fondos de seguridad social","Porcentaje del total","18.57893"
"GBR","Reino Unido","2005","Gobierno municipal local","Porcentaje del total","4.67558"
"GBR","Reino Unido","2005","Gobierno nacional","Porcentaje del total","76.24659"
"GBR","Reino Unido","2006","European institutions and bodies (EU accounts)","Porcentaje del total","0.49764"
"GBR","Reino Unido","2006","Fondos de seguridad social","Porcentaje del total","18.52977"
"GBR","Reino Unido","2006","Gobierno municipal local","Porcentaje del total","4.63793"
"GBR","Reino Unido","2006","Gobierno nacional","Porcentaje del total","76.33466"
"GBR","Reino Unido","2007","European institutions and bodies (EU accounts)","Porcentaje del total","0.47423"
"GBR","Reino Unido","2007","Fondos de seguridad social","Porcentaje del total","18.30365"
"GBR","Reino Unido","2007","Gobierno municipal local","Porcentaje del total","4.63649"
"GBR","Reino Unido","2007","Gobierno nacional","Porcentaje del total","76.58562"
"GBR","Reino Unido","2008","European institutions and bodies (EU accounts)","Porcentaje del total","0.52491"
"GBR","Reino Unido","2008","Fondos de seguridad social","Porcentaje del total","19.19265"
"GBR","Reino Unido","2008","Gobierno municipal local","Porcentaje del total","4.81871"
"GBR","Reino Unido","2008","Gobierno nacional","Porcentaje del total","75.46373"
"GBR","Reino Unido","2009","European institutions and bodies (EU accounts)","Porcentaje del total","0.55162"
"GBR","Reino Unido","2009","Fondos de seguridad social","Porcentaje del total","19.62249"
"GBR","Reino Unido","2009","Gobierno municipal local","Porcentaje del total","5.27186"
"GBR","Reino Unido","2009","Gobierno nacional","Porcentaje del total","74.55403"
"GBR","Reino Unido","2010","European institutions and bodies (EU accounts)","Porcentaje del total","0.57133"
"GBR","Reino Unido","2010","Fondos de seguridad social","Porcentaje del total","18.88518"
"GBR","Reino Unido","2010","Gobierno municipal local","Porcentaje del total","5.09232"
"GBR","Reino Unido","2010","Gobierno nacional","Porcentaje del total","75.45117"
"GBR","Reino Unido","2011","European institutions and bodies (EU accounts)","Porcentaje del total","0.53754"
"GBR","Reino Unido","2011","Fondos de seguridad social","Porcentaje del total","18.56615"
"GBR","Reino Unido","2011","Gobierno municipal local","Porcentaje del total","4.88180"
"GBR","Reino Unido","2011","Gobierno nacional","Porcentaje del total","76.01450"
"GBR","Reino Unido","2012","European institutions and bodies (EU accounts)","Porcentaje del total","0.52619"
"GBR","Reino Unido","2012","Fondos de seguridad social","Porcentaje del total","18.94130"
"GBR","Reino Unido","2012","Gobierno municipal local","Porcentaje del total","4.90841"
"GBR","Reino Unido","2012","Gobierno nacional","Porcentaje del total","75.62410"
"GBR","Reino Unido","2013","European institutions and bodies (EU accounts)","Porcentaje del total","0.51292"
"GBR","Reino Unido","2013","Fondos de seguridad social","Porcentaje del total","18.59636"
"GBR","Reino Unido","2013","Gobierno municipal local","Porcentaje del total","4.91830"
"GBR","Reino Unido","2013","Gobierno nacional","Porcentaje del total","75.97242"
"GBR","Reino Unido","2014","European institutions and bodies (EU accounts)","Porcentaje del total","0.50119"
"GBR","Reino Unido","2014","Fondos de seguridad social","Porcentaje del total","18.47631"
"GBR","Reino Unido","2014","Gobierno municipal local","Porcentaje del total","4.91471"
"GBR","Reino Unido","2014","Gobierno nacional","Porcentaje del total","76.10778"
"GBR","Reino Unido","2015","European institutions and bodies (EU accounts)","Porcentaje del total","0.50456"
"GBR","Reino Unido","2015","Fondos de seguridad social","Porcentaje del total","18.66125"
"GBR","Reino Unido","2015","Gobierno municipal local","Porcentaje del total","4.88723"
"GBR","Reino Unido","2015","Gobierno nacional","Porcentaje del total","75.94695"
"GBR","Reino Unido","2016","European institutions and bodies (EU accounts)","Porcentaje del total","0.51452"
"GBR","Reino Unido","2016","Fondos de seguridad social","Porcentaje del total","18.86172"
"GBR","Reino Unido","2016","Gobierno municipal local","Porcentaje del total","4.84213"
"GBR","Reino Unido","2016","Gobierno nacional","Porcentaje del total","75.78162"
"GBR","Reino Unido","2017","European institutions and bodies (EU accounts)","Porcentaje del total","0.50250"
"GBR","Reino Unido","2017","Fondos de seguridad social","Porcentaje del total","19.12788"
"GBR","Reino Unido","2017","Gobierno municipal local","Porcentaje del total","4.85378"
"GBR","Reino Unido","2017","Gobierno nacional","Porcentaje del total","75.51583"
"GBR","Reino Unido","2018","European institutions and bodies (EU accounts)","Porcentaje del total","0.47297"
"GBR","Reino Unido","2018","Fondos de seguridad social","Porcentaje del total","19.19938"
"GBR","Reino Unido","2018","Gobierno municipal local","Porcentaje del total","4.98556"
"GBR","Reino Unido","2018","Gobierno nacional","Porcentaje del total","75.34209"
"GBR","Reino Unido","2019","European institutions and bodies (EU accounts)","Porcentaje del total","0.46027"
"GBR","Reino Unido","2019","Fondos de seguridad social","Porcentaje del total","19.81943"
"GBR","Reino Unido","2019","Gobierno municipal local","Porcentaje del total","5.15339"
"GBR","Reino Unido","2019","Gobierno nacional","Porcentaje del total","74.56691"
"GBR","Reino Unido","2020","European institutions and bodies (EU accounts)","Porcentaje del total","0.41921"
"GBR","Reino Unido","2020","Fondos de seguridad social","Porcentaje del total","20.78810"
"GBR","Reino Unido","2020","Gobierno municipal local","Porcentaje del total","5.60089"
"GBR","Reino Unido","2020","Gobierno nacional","Porcentaje del total","73.19180"
"GBR","Reino Unido","2021","Fondos de seguridad social","Porcentaje del total","19.96914"
"GBR","Reino Unido","2021","Gobierno municipal local","Porcentaje del total","5.24489"
"GBR","Reino Unido","2021","Gobierno nacional","Porcentaje del total","74.78597"
"GBR","Reino Unido","2022","Fondos de seguridad social","Porcentaje del total","20.08713"
"GBR","Reino Unido","2022","Gobierno municipal local","Porcentaje del total","4.86210"
"GBR","Reino Unido","2022","Gobierno nacional","Porcentaje del total","75.05077"
"GBR","Reino Unido","2023","Fondos de seguridad social","Porcentaje del total","19.08512"
"GBR","Reino Unido","2023","Gobierno municipal local","Porcentaje del total","4.80498"
"GBR","Reino Unido","2023","Gobierno nacional","Porcentaje del total","76.10990"
"GBR","Reino Unido","2024","Fondos de seguridad social","Porcentaje del total","17.66351"
"GBR","Reino Unido","2024","Gobierno municipal local","Porcentaje del total","4.92104"
"GBR","Reino Unido","2024","Gobierno nacional","Porcentaje del total","77.41545"
"COD","Rep. Dem. Congo","2000","Gobierno nacional","Porcentaje del total","100.00000"
"COD","Rep. Dem. Congo","2001","Gobierno nacional","Porcentaje del total","100.00000"
"COD","Rep. Dem. Congo","2002","Gobierno nacional","Porcentaje del total","100.00000"
"COD","Rep. Dem. Congo","2003","Gobierno nacional","Porcentaje del total","100.00000"
"COD","Rep. Dem. Congo","2004","Gobierno nacional","Porcentaje del total","100.00000"
"COD","Rep. Dem. Congo","2005","Gobierno nacional","Porcentaje del total","100.00000"
"COD","Rep. Dem. Congo","2006","Gobierno nacional","Porcentaje del total","100.00000"
"COD","Rep. Dem. Congo","2007","Gobierno nacional","Porcentaje del total","100.00000"
"COD","Rep. Dem. Congo","2008","Gobierno nacional","Porcentaje del total","100.00000"
"COD","Rep. Dem. Congo","2009","Gobierno nacional","Porcentaje del total","100.00000"
"COD","Rep. Dem. Congo","2010","Gobierno nacional","Porcentaje del total","100.00000"
"COD","Rep. Dem. Congo","2011","Gobierno nacional","Porcentaje del total","100.00000"
"COD","Rep. Dem. Congo","2012","Fondos de seguridad social","Porcentaje del total","4.42386"
"COD","Rep. Dem. Congo","2012","Gobierno nacional","Porcentaje del total","95.57614"
"COD","Rep. Dem. Congo","2013","Fondos de seguridad social","Porcentaje del total","5.53361"
"COD","Rep. Dem. Congo","2013","Gobierno nacional","Porcentaje del total","94.46639"
"COD","Rep. Dem. Congo","2014","Fondos de seguridad social","Porcentaje del total","6.20216"
"COD","Rep. Dem. Congo","2014","Gobierno nacional","Porcentaje del total","93.79784"
"COD","Rep. Dem. Congo","2015","Fondos de seguridad social","Porcentaje del total","5.78515"
"COD","Rep. Dem. Congo","2015","Gobierno nacional","Porcentaje del total","94.21485"
"COD","Rep. Dem. Congo","2016","Fondos de seguridad social","Porcentaje del total","5.93722"
"COD","Rep. Dem. Congo","2016","Gobierno nacional","Porcentaje del total","94.06278"
"COD","Rep. Dem. Congo","2017","Fondos de seguridad social","Porcentaje del total","7.40102"
"COD","Rep. Dem. Congo","2017","Gobierno nacional","Porcentaje del total","92.59898"
"COD","Rep. Dem. Congo","2018","Fondos de seguridad social","Porcentaje del total","6.27068"
"COD","Rep. Dem. Congo","2018","Gobierno nacional","Porcentaje del total","93.72932"
"COD","Rep. Dem. Congo","2019","Fondos de seguridad social","Porcentaje del total","10.24639"
"COD","Rep. Dem. Congo","2019","Gobierno nacional","Porcentaje del total","89.75361"
"COD","Rep. Dem. Congo","2020","Fondos de seguridad social","Porcentaje del total","11.53929"
"COD","Rep. Dem. Congo","2020","Gobierno nacional","Porcentaje del total","88.46071"
"COD","Rep. Dem. Congo","2021","Fondos de seguridad social","Porcentaje del total","8.68809"
"COD","Rep. Dem. Congo","2021","Gobierno nacional","Porcentaje del total","91.31191"
"COD","Rep. Dem. Congo","2022","Fondos de seguridad social","Porcentaje del total","6.67485"
"COD","Rep. Dem. Congo","2022","Gobierno nacional","Porcentaje del total","93.32515"
"COD","Rep. Dem. Congo","2023","Fondos de seguridad social","Porcentaje del total","9.55021"
"COD","Rep. Dem. Congo","2023","Gobierno nacional","Porcentaje del total","90.44979"
"DOM","Rep. Dominicana","1990","Fondos de seguridad social","Porcentaje del total","0.82867"
"DOM","Rep. Dominicana","1990","Gobierno nacional","Porcentaje del total","99.17133"
"DOM","Rep. Dominicana","1991","Fondos de seguridad social","Porcentaje del total","0.67663"
"DOM","Rep. Dominicana","1991","Gobierno nacional","Porcentaje del total","99.32337"
"DOM","Rep. Dominicana","1992","Fondos de seguridad social","Porcentaje del total","0.51092"
"DOM","Rep. Dominicana","1992","Gobierno nacional","Porcentaje del total","99.48908"
"DOM","Rep. Dominicana","1993","Fondos de seguridad social","Porcentaje del total","0.53323"
"DOM","Rep. Dominicana","1993","Gobierno nacional","Porcentaje del total","99.46677"
"DOM","Rep. Dominicana","1994","Fondos de seguridad social","Porcentaje del total","0.64819"
"DOM","Rep. Dominicana","1994","Gobierno nacional","Porcentaje del total","99.35181"
"DOM","Rep. Dominicana","1995","Fondos de seguridad social","Porcentaje del total","0.72185"
"DOM","Rep. Dominicana","1995","Gobierno nacional","Porcentaje del total","99.27815"
"DOM","Rep. Dominicana","1996","Fondos de seguridad social","Porcentaje del total","0.67519"
"DOM","Rep. Dominicana","1996","Gobierno nacional","Porcentaje del total","99.32481"
"DOM","Rep. Dominicana","1997","Fondos de seguridad social","Porcentaje del total","0.94874"
"DOM","Rep. Dominicana","1997","Gobierno nacional","Porcentaje del total","99.05126"
"DOM","Rep. Dominicana","1998","Fondos de seguridad social","Porcentaje del total","0.98211"
"DOM","Rep. Dominicana","1998","Gobierno nacional","Porcentaje del total","99.01789"
"DOM","Rep. Dominicana","1999","Fondos de seguridad social","Porcentaje del total","1.04208"
"DOM","Rep. Dominicana","1999","Gobierno nacional","Porcentaje del total","98.95792"
"DOM","Rep. Dominicana","2000","Fondos de seguridad social","Porcentaje del total","1.02674"
"DOM","Rep. Dominicana","2000","Gobierno nacional","Porcentaje del total","98.97326"
"DOM","Rep. Dominicana","2001","Fondos de seguridad social","Porcentaje del total","1.01095"
"DOM","Rep. Dominicana","2001","Gobierno nacional","Porcentaje del total","98.98905"
"DOM","Rep. Dominicana","2002","Fondos de seguridad social","Porcentaje del total","1.02252"
"DOM","Rep. Dominicana","2002","Gobierno nacional","Porcentaje del total","98.97748"
"DOM","Rep. Dominicana","2003","Fondos de seguridad social","Porcentaje del total","0.56780"
"DOM","Rep. Dominicana","2003","Gobierno nacional","Porcentaje del total","99.43220"
"DOM","Rep. Dominicana","2004","Fondos de seguridad social","Porcentaje del total","0.08139"
"DOM","Rep. Dominicana","2004","Gobierno nacional","Porcentaje del total","99.91861"
"DOM","Rep. Dominicana","2005","Fondos de seguridad social","Porcentaje del total","0.02355"
"DOM","Rep. Dominicana","2005","Gobierno nacional","Porcentaje del total","99.97645"
"DOM","Rep. Dominicana","2006","Fondos de seguridad social","Porcentaje del total","0.68814"
"DOM","Rep. Dominicana","2006","Gobierno nacional","Porcentaje del total","99.31186"
"DOM","Rep. Dominicana","2007","Fondos de seguridad social","Porcentaje del total","0.39548"
"DOM","Rep. Dominicana","2007","Gobierno nacional","Porcentaje del total","99.60452"
"DOM","Rep. Dominicana","2008","Fondos de seguridad social","Porcentaje del total","0.36396"
"DOM","Rep. Dominicana","2008","Gobierno nacional","Porcentaje del total","99.63604"
"DOM","Rep. Dominicana","2009","Fondos de seguridad social","Porcentaje del total","0.45923"
"DOM","Rep. Dominicana","2009","Gobierno nacional","Porcentaje del total","99.54077"
"DOM","Rep. Dominicana","2010","Fondos de seguridad social","Porcentaje del total","0.76017"
"DOM","Rep. Dominicana","2010","Gobierno nacional","Porcentaje del total","99.23983"
"DOM","Rep. Dominicana","2011","Fondos de seguridad social","Porcentaje del total","0.48870"
"DOM","Rep. Dominicana","2011","Gobierno nacional","Porcentaje del total","99.51130"
"DOM","Rep. Dominicana","2012","Fondos de seguridad social","Porcentaje del total","0.40206"
"DOM","Rep. Dominicana","2012","Gobierno nacional","Porcentaje del total","99.59794"
"DOM","Rep. Dominicana","2013","Fondos de seguridad social","Porcentaje del total","0.43812"
"DOM","Rep. Dominicana","2013","Gobierno nacional","Porcentaje del total","99.56188"
"DOM","Rep. Dominicana","2014","Fondos de seguridad social","Porcentaje del total","0.38582"
"DOM","Rep. Dominicana","2014","Gobierno nacional","Porcentaje del total","99.61418"
"DOM","Rep. Dominicana","2015","Fondos de seguridad social","Porcentaje del total","0.35836"
"DOM","Rep. Dominicana","2015","Gobierno nacional","Porcentaje del total","99.64164"
"DOM","Rep. Dominicana","2016","Fondos de seguridad social","Porcentaje del total","0.34218"
"DOM","Rep. Dominicana","2016","Gobierno nacional","Porcentaje del total","99.65782"
"DOM","Rep. Dominicana","2017","Fondos de seguridad social","Porcentaje del total","0.52801"
"DOM","Rep. Dominicana","2017","Gobierno nacional","Porcentaje del total","99.47199"
"DOM","Rep. Dominicana","2018","Fondos de seguridad social","Porcentaje del total","0.45231"
"DOM","Rep. Dominicana","2018","Gobierno nacional","Porcentaje del total","99.54769"
"DOM","Rep. Dominicana","2019","Fondos de seguridad social","Porcentaje del total","0.41748"
"DOM","Rep. Dominicana","2019","Gobierno nacional","Porcentaje del total","99.58252"
"DOM","Rep. Dominicana","2020","Fondos de seguridad social","Porcentaje del total","0.47818"
"DOM","Rep. Dominicana","2020","Gobierno nacional","Porcentaje del total","99.52182"
"DOM","Rep. Dominicana","2021","Fondos de seguridad social","Porcentaje del total","0.43784"
"DOM","Rep. Dominicana","2021","Gobierno nacional","Porcentaje del total","99.56216"
"DOM","Rep. Dominicana","2022","Fondos de seguridad social","Porcentaje del total","0.56396"
"DOM","Rep. Dominicana","2022","Gobierno nacional","Porcentaje del total","99.43604"
"DOM","Rep. Dominicana","2023","Fondos de seguridad social","Porcentaje del total","0.43311"
"DOM","Rep. Dominicana","2023","Gobierno nacional","Porcentaje del total","99.56689"
"DOM","Rep. Dominicana","2024","Fondos de seguridad social","Porcentaje del total","0.67800"
"DOM","Rep. Dominicana","2024","Gobierno nacional","Porcentaje del total","99.32200"
"RWA","Ruanda","1996","Fondos de seguridad social","Porcentaje del total","3.02050"
"RWA","Ruanda","1996","Gobierno nacional","Porcentaje del total","96.97950"
"RWA","Ruanda","1997","Fondos de seguridad social","Porcentaje del total","3.40427"
"RWA","Ruanda","1997","Gobierno nacional","Porcentaje del total","96.59573"
"RWA","Ruanda","1998","Fondos de seguridad social","Porcentaje del total","3.78986"
"RWA","Ruanda","1998","Gobierno nacional","Porcentaje del total","96.21014"
"RWA","Ruanda","1999","Fondos de seguridad social","Porcentaje del total","4.47321"
"RWA","Ruanda","1999","Gobierno nacional","Porcentaje del total","95.52679"
"RWA","Ruanda","2000","Fondos de seguridad social","Porcentaje del total","4.96788"
"RWA","Ruanda","2000","Gobierno nacional","Porcentaje del total","95.03212"
"RWA","Ruanda","2001","Fondos de seguridad social","Porcentaje del total","4.55585"
"RWA","Ruanda","2001","Gobierno nacional","Porcentaje del total","95.44415"
"RWA","Ruanda","2002","Fondos de seguridad social","Porcentaje del total","4.33851"
"RWA","Ruanda","2002","Gobierno nacional","Porcentaje del total","95.66149"
"RWA","Ruanda","2003","Fondos de seguridad social","Porcentaje del total","4.83056"
"RWA","Ruanda","2003","Gobierno nacional","Porcentaje del total","95.16944"
"RWA","Ruanda","2004","Fondos de seguridad social","Porcentaje del total","7.42139"
"RWA","Ruanda","2004","Gobierno nacional","Porcentaje del total","92.57861"
"RWA","Ruanda","2005","Fondos de seguridad social","Porcentaje del total","6.86549"
"RWA","Ruanda","2005","Gobierno nacional","Porcentaje del total","93.13451"
"RWA","Ruanda","2006","Fondos de seguridad social","Porcentaje del total","5.52875"
"RWA","Ruanda","2006","Gobierno nacional","Porcentaje del total","94.47125"
"RWA","Ruanda","2007","Fondos de seguridad social","Porcentaje del total","6.49302"
"RWA","Ruanda","2007","Gobierno nacional","Porcentaje del total","93.50698"
"RWA","Ruanda","2008","Fondos de seguridad social","Porcentaje del total","6.58595"
"RWA","Ruanda","2008","Gobierno nacional","Porcentaje del total","93.41405"
"RWA","Ruanda","2009","Fondos de seguridad social","Porcentaje del total","6.60137"
"RWA","Ruanda","2009","Gobierno nacional","Porcentaje del total","93.39863"
"RWA","Ruanda","2010","Fondos de seguridad social","Porcentaje del total","6.40640"
"RWA","Ruanda","2010","Gobierno nacional","Porcentaje del total","93.59360"
"RWA","Ruanda","2011","Fondos de seguridad social","Porcentaje del total","6.63062"
"RWA","Ruanda","2011","Gobierno nacional","Porcentaje del total","93.36938"
"RWA","Ruanda","2012","Fondos de seguridad social","Porcentaje del total","6.64506"
"RWA","Ruanda","2012","Gobierno nacional","Porcentaje del total","93.35494"
"RWA","Ruanda","2013","Fondos de seguridad social","Porcentaje del total","6.98846"
"RWA","Ruanda","2013","Gobierno nacional","Porcentaje del total","93.01154"
"RWA","Ruanda","2014","Fondos de seguridad social","Porcentaje del total","6.41553"
"RWA","Ruanda","2014","Gobierno nacional","Porcentaje del total","93.58447"
"RWA","Ruanda","2015","Fondos de seguridad social","Porcentaje del total","5.98525"
"RWA","Ruanda","2015","Gobierno nacional","Porcentaje del total","94.01475"
"RWA","Ruanda","2016","Fondos de seguridad social","Porcentaje del total","6.69722"
"RWA","Ruanda","2016","Gobierno nacional","Porcentaje del total","93.30278"
"RWA","Ruanda","2017","Fondos de seguridad social","Porcentaje del total","6.00128"
"RWA","Ruanda","2017","Gobierno nacional","Porcentaje del total","93.99872"
"RWA","Ruanda","2018","Fondos de seguridad social","Porcentaje del total","5.94676"
"RWA","Ruanda","2018","Gobierno nacional","Porcentaje del total","94.05324"
"RWA","Ruanda","2019","Fondos de seguridad social","Porcentaje del total","5.85526"
"RWA","Ruanda","2019","Gobierno nacional","Porcentaje del total","94.14474"
"RWA","Ruanda","2020","Fondos de seguridad social","Porcentaje del total","6.21906"
"RWA","Ruanda","2020","Gobierno nacional","Porcentaje del total","93.78094"
"RWA","Ruanda","2021","Fondos de seguridad social","Porcentaje del total","5.74256"
"RWA","Ruanda","2021","Gobierno nacional","Porcentaje del total","94.25744"
"RWA","Ruanda","2022","Fondos de seguridad social","Porcentaje del total","5.54946"
"RWA","Ruanda","2022","Gobierno nacional","Porcentaje del total","94.45054"
"RWA","Ruanda","2023","Fondos de seguridad social","Porcentaje del total","5.87815"
"RWA","Ruanda","2023","Gobierno nacional","Porcentaje del total","94.12185"
"RWA","Ruanda","2024","Fondos de seguridad social","Porcentaje del total","6.04783"
"RWA","Ruanda","2024","Gobierno nacional","Porcentaje del total","93.95217"
"ROU","Rumania","1995","European institutions and bodies (EU accounts)","Porcentaje del total","0.00000"
"ROU","Rumania","1995","Fondos de seguridad social","Porcentaje del total","27.64348"
"ROU","Rumania","1995","Gobierno municipal local","Porcentaje del total","9.22242"
"ROU","Rumania","1995","Gobierno nacional","Porcentaje del total","63.13410"
"ROU","Rumania","1996","European institutions and bodies (EU accounts)","Porcentaje del total","0.00000"
"ROU","Rumania","1996","Fondos de seguridad social","Porcentaje del total","27.90303"
"ROU","Rumania","1996","Gobierno municipal local","Porcentaje del total","9.66997"
"ROU","Rumania","1996","Gobierno nacional","Porcentaje del total","62.42700"
"ROU","Rumania","1997","European institutions and bodies (EU accounts)","Porcentaje del total","0.00000"
"ROU","Rumania","1997","Fondos de seguridad social","Porcentaje del total","26.39786"
"ROU","Rumania","1997","Gobierno municipal local","Porcentaje del total","9.10076"
"ROU","Rumania","1997","Gobierno nacional","Porcentaje del total","64.50137"
"ROU","Rumania","1998","European institutions and bodies (EU accounts)","Porcentaje del total","0.00000"
"ROU","Rumania","1998","Fondos de seguridad social","Porcentaje del total","31.32911"
"ROU","Rumania","1998","Gobierno municipal local","Porcentaje del total","6.97443"
"ROU","Rumania","1998","Gobierno nacional","Porcentaje del total","61.69646"
"ROU","Rumania","1999","European institutions and bodies (EU accounts)","Porcentaje del total","0.00000"
"ROU","Rumania","1999","Fondos de seguridad social","Porcentaje del total","35.56784"
"ROU","Rumania","1999","Gobierno municipal local","Porcentaje del total","9.48201"
"ROU","Rumania","1999","Gobierno nacional","Porcentaje del total","54.95014"
"ROU","Rumania","2000","European institutions and bodies (EU accounts)","Porcentaje del total","0.00000"
"ROU","Rumania","2000","Fondos de seguridad social","Porcentaje del total","36.82425"
"ROU","Rumania","2000","Gobierno municipal local","Porcentaje del total","3.89351"
"ROU","Rumania","2000","Gobierno nacional","Porcentaje del total","59.28224"
"ROU","Rumania","2001","European institutions and bodies (EU accounts)","Porcentaje del total","0.00000"
"ROU","Rumania","2001","Fondos de seguridad social","Porcentaje del total","36.67986"
"ROU","Rumania","2001","Gobierno municipal local","Porcentaje del total","3.77255"
"ROU","Rumania","2001","Gobierno nacional","Porcentaje del total","59.54759"
"ROU","Rumania","2002","European institutions and bodies (EU accounts)","Porcentaje del total","0.00000"
"ROU","Rumania","2002","Fondos de seguridad social","Porcentaje del total","37.00502"
"ROU","Rumania","2002","Gobierno municipal local","Porcentaje del total","3.03209"
"ROU","Rumania","2002","Gobierno nacional","Porcentaje del total","59.96289"
"ROU","Rumania","2003","European institutions and bodies (EU accounts)","Porcentaje del total","0.00000"
"ROU","Rumania","2003","Fondos de seguridad social","Porcentaje del total","34.03974"
"ROU","Rumania","2003","Gobierno municipal local","Porcentaje del total","2.82059"
"ROU","Rumania","2003","Gobierno nacional","Porcentaje del total","63.13967"
"ROU","Rumania","2004","European institutions and bodies (EU accounts)","Porcentaje del total","0.00000"
"ROU","Rumania","2004","Fondos de seguridad social","Porcentaje del total","33.55453"
"ROU","Rumania","2004","Gobierno municipal local","Porcentaje del total","2.67360"
"ROU","Rumania","2004","Gobierno nacional","Porcentaje del total","63.77187"
"ROU","Rumania","2005","European institutions and bodies (EU accounts)","Porcentaje del total","0.00000"
"ROU","Rumania","2005","Fondos de seguridad social","Porcentaje del total","34.28546"
"ROU","Rumania","2005","Gobierno municipal local","Porcentaje del total","2.61543"
"ROU","Rumania","2005","Gobierno nacional","Porcentaje del total","63.09911"
"ROU","Rumania","2006","European institutions and bodies (EU accounts)","Porcentaje del total","0.00000"
"ROU","Rumania","2006","Fondos de seguridad social","Porcentaje del total","33.88462"
"ROU","Rumania","2006","Gobierno municipal local","Porcentaje del total","2.86164"
"ROU","Rumania","2006","Gobierno nacional","Porcentaje del total","63.25374"
"ROU","Rumania","2007","European institutions and bodies (EU accounts)","Porcentaje del total","0.43759"
"ROU","Rumania","2007","Fondos de seguridad social","Porcentaje del total","33.40349"
"ROU","Rumania","2007","Gobierno municipal local","Porcentaje del total","3.75851"
"ROU","Rumania","2007","Gobierno nacional","Porcentaje del total","62.40042"
"ROU","Rumania","2008","European institutions and bodies (EU accounts)","Porcentaje del total","0.50805"
"ROU","Rumania","2008","Fondos de seguridad social","Porcentaje del total","33.30126"
"ROU","Rumania","2008","Gobierno municipal local","Porcentaje del total","3.11436"
"ROU","Rumania","2008","Gobierno nacional","Porcentaje del total","63.07633"
"ROU","Rumania","2009","European institutions and bodies (EU accounts)","Porcentaje del total","0.39184"
"ROU","Rumania","2009","Fondos de seguridad social","Porcentaje del total","35.25887"
"ROU","Rumania","2009","Gobierno municipal local","Porcentaje del total","3.39956"
"ROU","Rumania","2009","Gobierno nacional","Porcentaje del total","60.94973"
"ROU","Rumania","2010","European institutions and bodies (EU accounts)","Porcentaje del total","0.30573"
"ROU","Rumania","2010","Fondos de seguridad social","Porcentaje del total","32.56421"
"ROU","Rumania","2010","Gobierno municipal local","Porcentaje del total","3.79201"
"ROU","Rumania","2010","Gobierno nacional","Porcentaje del total","63.33805"
"ROU","Rumania","2011","European institutions and bodies (EU accounts)","Porcentaje del total","0.29426"
"ROU","Rumania","2011","Fondos de seguridad social","Porcentaje del total","32.01034"
"ROU","Rumania","2011","Gobierno municipal local","Porcentaje del total","3.58809"
"ROU","Rumania","2011","Gobierno nacional","Porcentaje del total","64.10731"
"ROU","Rumania","2012","European institutions and bodies (EU accounts)","Porcentaje del total","0.35291"
"ROU","Rumania","2012","Fondos de seguridad social","Porcentaje del total","32.54094"
"ROU","Rumania","2012","Gobierno municipal local","Porcentaje del total","3.42521"
"ROU","Rumania","2012","Gobierno nacional","Porcentaje del total","63.68094"
"ROU","Rumania","2013","European institutions and bodies (EU accounts)","Porcentaje del total","0.26762"
"ROU","Rumania","2013","Fondos de seguridad social","Porcentaje del total","32.11207"
"ROU","Rumania","2013","Gobierno municipal local","Porcentaje del total","3.48477"
"ROU","Rumania","2013","Gobierno nacional","Porcentaje del total","64.13554"
"ROU","Rumania","2014","European institutions and bodies (EU accounts)","Porcentaje del total","0.25532"
"ROU","Rumania","2014","Fondos de seguridad social","Porcentaje del total","31.74666"
"ROU","Rumania","2014","Gobierno municipal local","Porcentaje del total","3.47244"
"ROU","Rumania","2014","Gobierno nacional","Porcentaje del total","64.52559"
"ROU","Rumania","2015","European institutions and bodies (EU accounts)","Porcentaje del total","0.28334"
"ROU","Rumania","2015","Fondos de seguridad social","Porcentaje del total","29.59253"
"ROU","Rumania","2015","Gobierno municipal local","Porcentaje del total","3.32622"
"ROU","Rumania","2015","Gobierno nacional","Porcentaje del total","66.79791"
"ROU","Rumania","2016","European institutions and bodies (EU accounts)","Porcentaje del total","0.35275"
"ROU","Rumania","2016","Fondos de seguridad social","Porcentaje del total","31.15601"
"ROU","Rumania","2016","Gobierno municipal local","Porcentaje del total","3.49899"
"ROU","Rumania","2016","Gobierno nacional","Porcentaje del total","64.99225"
"ROU","Rumania","2017","European institutions and bodies (EU accounts)","Porcentaje del total","0.34721"
"ROU","Rumania","2017","Fondos de seguridad social","Porcentaje del total","34.14625"
"ROU","Rumania","2017","Gobierno municipal local","Porcentaje del total","3.51670"
"ROU","Rumania","2017","Gobierno nacional","Porcentaje del total","61.98985"
"ROU","Rumania","2018","European institutions and bodies (EU accounts)","Porcentaje del total","0.33303"
"ROU","Rumania","2018","Fondos de seguridad social","Porcentaje del total","39.18659"
"ROU","Rumania","2018","Gobierno municipal local","Porcentaje del total","3.09605"
"ROU","Rumania","2018","Gobierno nacional","Porcentaje del total","57.38433"
"ROU","Rumania","2019","European institutions and bodies (EU accounts)","Porcentaje del total","0.34046"
"ROU","Rumania","2019","Fondos de seguridad social","Porcentaje del total","38.59518"
"ROU","Rumania","2019","Gobierno municipal local","Porcentaje del total","3.00857"
"ROU","Rumania","2019","Gobierno nacional","Porcentaje del total","58.05579"
"ROU","Rumania","2020","European institutions and bodies (EU accounts)","Porcentaje del total","0.31948"
"ROU","Rumania","2020","Fondos de seguridad social","Porcentaje del total","39.97485"
"ROU","Rumania","2020","Gobierno municipal local","Porcentaje del total","2.93236"
"ROU","Rumania","2020","Gobierno nacional","Porcentaje del total","56.77331"
"ROU","Rumania","2021","European institutions and bodies (EU accounts)","Porcentaje del total","0.34685"
"ROU","Rumania","2021","Fondos de seguridad social","Porcentaje del total","37.61002"
"ROU","Rumania","2021","Gobierno municipal local","Porcentaje del total","3.08259"
"ROU","Rumania","2021","Gobierno nacional","Porcentaje del total","58.96054"
"ROU","Rumania","2022","European institutions and bodies (EU accounts)","Porcentaje del total","0.38615"
"ROU","Rumania","2022","Fondos de seguridad social","Porcentaje del total","34.88155"
"ROU","Rumania","2022","Gobierno municipal local","Porcentaje del total","2.72178"
"ROU","Rumania","2022","Gobierno nacional","Porcentaje del total","62.01052"
"ROU","Rumania","2023","European institutions and bodies (EU accounts)","Porcentaje del total","0.31669"
"ROU","Rumania","2023","Fondos de seguridad social","Porcentaje del total","36.30868"
"ROU","Rumania","2023","Gobierno municipal local","Porcentaje del total","2.68532"
"ROU","Rumania","2023","Gobierno nacional","Porcentaje del total","60.68931"
"WSM","Samoa","2005","Gobierno nacional","Porcentaje del total","100.00000"
"WSM","Samoa","2006","Gobierno nacional","Porcentaje del total","100.00000"
"WSM","Samoa","2007","Gobierno nacional","Porcentaje del total","100.00000"
"WSM","Samoa","2008","Gobierno nacional","Porcentaje del total","100.00000"
"WSM","Samoa","2009","Gobierno nacional","Porcentaje del total","100.00000"
"WSM","Samoa","2010","Gobierno nacional","Porcentaje del total","100.00000"
"WSM","Samoa","2011","Gobierno nacional","Porcentaje del total","100.00000"
"WSM","Samoa","2012","Gobierno nacional","Porcentaje del total","100.00000"
"WSM","Samoa","2013","Gobierno nacional","Porcentaje del total","100.00000"
"WSM","Samoa","2014","Gobierno nacional","Porcentaje del total","100.00000"
"WSM","Samoa","2015","Gobierno nacional","Porcentaje del total","100.00000"
"WSM","Samoa","2016","Gobierno nacional","Porcentaje del total","100.00000"
"WSM","Samoa","2017","Gobierno nacional","Porcentaje del total","100.00000"
"WSM","Samoa","2018","Gobierno nacional","Porcentaje del total","100.00000"
"WSM","Samoa","2019","Gobierno nacional","Porcentaje del total","100.00000"
"WSM","Samoa","2020","Gobierno nacional","Porcentaje del total","100.00000"
"WSM","Samoa","2021","Gobierno nacional","Porcentaje del total","100.00000"
"WSM","Samoa","2022","Gobierno nacional","Porcentaje del total","100.00000"
"WSM","Samoa","2023","Gobierno nacional","Porcentaje del total","100.00000"
"LCA","Santa Lucía","1992","Gobierno nacional","Porcentaje del total","100.00000"
"LCA","Santa Lucía","1993","Gobierno nacional","Porcentaje del total","100.00000"
"LCA","Santa Lucía","1994","Gobierno nacional","Porcentaje del total","100.00000"
"LCA","Santa Lucía","1995","Gobierno nacional","Porcentaje del total","100.00000"
"LCA","Santa Lucía","1996","Fondos de seguridad social","Porcentaje del total","10.51280"
"LCA","Santa Lucía","1996","Gobierno nacional","Porcentaje del total","89.48720"
"LCA","Santa Lucía","1997","Fondos de seguridad social","Porcentaje del total","10.15167"
"LCA","Santa Lucía","1997","Gobierno nacional","Porcentaje del total","89.84833"
"LCA","Santa Lucía","1998","Fondos de seguridad social","Porcentaje del total","8.68046"
"LCA","Santa Lucía","1998","Gobierno nacional","Porcentaje del total","91.31954"
"LCA","Santa Lucía","1999","Fondos de seguridad social","Porcentaje del total","9.06886"
"LCA","Santa Lucía","1999","Gobierno nacional","Porcentaje del total","90.93114"
"LCA","Santa Lucía","2000","Fondos de seguridad social","Porcentaje del total","10.03712"
"LCA","Santa Lucía","2000","Gobierno nacional","Porcentaje del total","89.96288"
"LCA","Santa Lucía","2001","Fondos de seguridad social","Porcentaje del total","11.80047"
"LCA","Santa Lucía","2001","Gobierno nacional","Porcentaje del total","88.19953"
"LCA","Santa Lucía","2002","Fondos de seguridad social","Porcentaje del total","11.09830"
"LCA","Santa Lucía","2002","Gobierno nacional","Porcentaje del total","88.90170"
"LCA","Santa Lucía","2003","Fondos de seguridad social","Porcentaje del total","10.27340"
"LCA","Santa Lucía","2003","Gobierno nacional","Porcentaje del total","89.72660"
"LCA","Santa Lucía","2004","Fondos de seguridad social","Porcentaje del total","10.21973"
"LCA","Santa Lucía","2004","Gobierno nacional","Porcentaje del total","89.78027"
"LCA","Santa Lucía","2005","Fondos de seguridad social","Porcentaje del total","10.29779"
"LCA","Santa Lucía","2005","Gobierno nacional","Porcentaje del total","89.70221"
"LCA","Santa Lucía","2006","Fondos de seguridad social","Porcentaje del total","10.24364"
"LCA","Santa Lucía","2006","Gobierno nacional","Porcentaje del total","89.75636"
"LCA","Santa Lucía","2007","Fondos de seguridad social","Porcentaje del total","10.05770"
"LCA","Santa Lucía","2007","Gobierno nacional","Porcentaje del total","89.94230"
"LCA","Santa Lucía","2008","Fondos de seguridad social","Porcentaje del total","10.14008"
"LCA","Santa Lucía","2008","Gobierno nacional","Porcentaje del total","89.85992"
"LCA","Santa Lucía","2009","Fondos de seguridad social","Porcentaje del total","11.05936"
"LCA","Santa Lucía","2009","Gobierno nacional","Porcentaje del total","88.94064"
"LCA","Santa Lucía","2010","Fondos de seguridad social","Porcentaje del total","11.08030"
"LCA","Santa Lucía","2010","Gobierno nacional","Porcentaje del total","88.91970"
"LCA","Santa Lucía","2011","Fondos de seguridad social","Porcentaje del total","10.74010"
"LCA","Santa Lucía","2011","Gobierno nacional","Porcentaje del total","89.25990"
"LCA","Santa Lucía","2012","Fondos de seguridad social","Porcentaje del total","11.94261"
"LCA","Santa Lucía","2012","Gobierno nacional","Porcentaje del total","88.05739"
"LCA","Santa Lucía","2013","Fondos de seguridad social","Porcentaje del total","11.11508"
"LCA","Santa Lucía","2013","Gobierno nacional","Porcentaje del total","88.88492"
"LCA","Santa Lucía","2014","Fondos de seguridad social","Porcentaje del total","11.00555"
"LCA","Santa Lucía","2014","Gobierno nacional","Porcentaje del total","88.99445"
"LCA","Santa Lucía","2015","Fondos de seguridad social","Porcentaje del total","10.58447"
"LCA","Santa Lucía","2015","Gobierno nacional","Porcentaje del total","89.41553"
"LCA","Santa Lucía","2016","Fondos de seguridad social","Porcentaje del total","10.31603"
"LCA","Santa Lucía","2016","Gobierno nacional","Porcentaje del total","89.68397"
"LCA","Santa Lucía","2017","Fondos de seguridad social","Porcentaje del total","10.32323"
"LCA","Santa Lucía","2017","Gobierno nacional","Porcentaje del total","89.67677"
"LCA","Santa Lucía","2018","Fondos de seguridad social","Porcentaje del total","10.34451"
"LCA","Santa Lucía","2018","Gobierno nacional","Porcentaje del total","89.65549"
"LCA","Santa Lucía","2019","Fondos de seguridad social","Porcentaje del total","10.74292"
"LCA","Santa Lucía","2019","Gobierno nacional","Porcentaje del total","89.25708"
"LCA","Santa Lucía","2020","Fondos de seguridad social","Porcentaje del total","12.83541"
"LCA","Santa Lucía","2020","Gobierno nacional","Porcentaje del total","87.16459"
"LCA","Santa Lucía","2021","Fondos de seguridad social","Porcentaje del total","12.20087"
"LCA","Santa Lucía","2021","Gobierno nacional","Porcentaje del total","87.79913"
"LCA","Santa Lucía","2022","Fondos de seguridad social","Porcentaje del total","11.92602"
"LCA","Santa Lucía","2022","Gobierno nacional","Porcentaje del total","88.07398"
"LCA","Santa Lucía","2023","Fondos de seguridad social","Porcentaje del total","11.39004"
"LCA","Santa Lucía","2023","Gobierno nacional","Porcentaje del total","88.60996"
"LCA","Santa Lucía","2024","Fondos de seguridad social","Porcentaje del total","11.07743"
"LCA","Santa Lucía","2024","Gobierno nacional","Porcentaje del total","88.92257"
"SEN","Senegal","1997","Fondos de seguridad social","Porcentaje del total","3.94536"
"SEN","Senegal","1997","Gobierno nacional","Porcentaje del total","96.05464"
"SEN","Senegal","1998","Fondos de seguridad social","Porcentaje del total","3.98184"
"SEN","Senegal","1998","Gobierno nacional","Porcentaje del total","96.01816"
"SEN","Senegal","1999","Fondos de seguridad social","Porcentaje del total","3.93309"
"SEN","Senegal","1999","Gobierno nacional","Porcentaje del total","96.06691"
"SEN","Senegal","2000","Fondos de seguridad social","Porcentaje del total","3.97204"
"SEN","Senegal","2000","Gobierno nacional","Porcentaje del total","96.02796"
"SEN","Senegal","2001","Fondos de seguridad social","Porcentaje del total","4.08143"
"SEN","Senegal","2001","Gobierno nacional","Porcentaje del total","95.91857"
"SEN","Senegal","2002","Fondos de seguridad social","Porcentaje del total","4.13249"
"SEN","Senegal","2002","Gobierno nacional","Porcentaje del total","95.86751"
"SEN","Senegal","2003","Fondos de seguridad social","Porcentaje del total","4.23800"
"SEN","Senegal","2003","Gobierno nacional","Porcentaje del total","95.76200"
"SEN","Senegal","2004","Fondos de seguridad social","Porcentaje del total","4.28972"
"SEN","Senegal","2004","Gobierno nacional","Porcentaje del total","95.71028"
"SEN","Senegal","2005","Fondos de seguridad social","Porcentaje del total","4.12147"
"SEN","Senegal","2005","Gobierno nacional","Porcentaje del total","95.87853"
"SEN","Senegal","2006","Fondos de seguridad social","Porcentaje del total","4.19832"
"SEN","Senegal","2006","Gobierno nacional","Porcentaje del total","95.80168"
"SEN","Senegal","2007","Fondos de seguridad social","Porcentaje del total","4.07430"
"SEN","Senegal","2007","Gobierno nacional","Porcentaje del total","95.92570"
"SEN","Senegal","2008","Fondos de seguridad social","Porcentaje del total","4.55987"
"SEN","Senegal","2008","Gobierno nacional","Porcentaje del total","95.44013"
"SEN","Senegal","2009","Fondos de seguridad social","Porcentaje del total","4.73334"
"SEN","Senegal","2009","Gobierno nacional","Porcentaje del total","95.26666"
"SEN","Senegal","2010","Fondos de seguridad social","Porcentaje del total","5.75793"
"SEN","Senegal","2010","Gobierno nacional","Porcentaje del total","94.24207"
"SEN","Senegal","2011","Fondos de seguridad social","Porcentaje del total","4.42744"
"SEN","Senegal","2011","Gobierno nacional","Porcentaje del total","95.57256"
"SEN","Senegal","2012","Fondos de seguridad social","Porcentaje del total","6.55840"
"SEN","Senegal","2012","Gobierno nacional","Porcentaje del total","93.44160"
"SEN","Senegal","2013","Fondos de seguridad social","Porcentaje del total","6.71727"
"SEN","Senegal","2013","Gobierno nacional","Porcentaje del total","93.28273"
"SEN","Senegal","2014","Fondos de seguridad social","Porcentaje del total","6.57781"
"SEN","Senegal","2014","Gobierno nacional","Porcentaje del total","93.42219"
"SEN","Senegal","2015","Fondos de seguridad social","Porcentaje del total","6.74702"
"SEN","Senegal","2015","Gobierno nacional","Porcentaje del total","93.25298"
"SEN","Senegal","2016","Fondos de seguridad social","Porcentaje del total","6.67641"
"SEN","Senegal","2016","Gobierno nacional","Porcentaje del total","93.32359"
"SEN","Senegal","2017","Fondos de seguridad social","Porcentaje del total","6.96548"
"SEN","Senegal","2017","Gobierno nacional","Porcentaje del total","93.03452"
"SEN","Senegal","2018","Fondos de seguridad social","Porcentaje del total","6.75732"
"SEN","Senegal","2018","Gobierno nacional","Porcentaje del total","93.24268"
"SEN","Senegal","2019","Fondos de seguridad social","Porcentaje del total","6.33863"
"SEN","Senegal","2019","Gobierno nacional","Porcentaje del total","93.66137"
"SEN","Senegal","2020","Fondos de seguridad social","Porcentaje del total","6.16151"
"SEN","Senegal","2020","Gobierno nacional","Porcentaje del total","93.83849"
"SEN","Senegal","2021","Fondos de seguridad social","Porcentaje del total","5.30661"
"SEN","Senegal","2021","Gobierno nacional","Porcentaje del total","94.69339"
"SEN","Senegal","2022","Fondos de seguridad social","Porcentaje del total","4.95395"
"SEN","Senegal","2022","Gobierno nacional","Porcentaje del total","95.04605"
"SEN","Senegal","2023","Fondos de seguridad social","Porcentaje del total","4.37672"
"SEN","Senegal","2023","Gobierno nacional","Porcentaje del total","95.62328"
"SEN","Senegal","2024","Fondos de seguridad social","Porcentaje del total","4.09079"
"SEN","Senegal","2024","Gobierno nacional","Porcentaje del total","95.90921"
"SYC","Seychelles","2008","Fondos de seguridad social","Porcentaje del total","18.99229"
"SYC","Seychelles","2008","Gobierno nacional","Porcentaje del total","81.00771"
"SYC","Seychelles","2009","Fondos de seguridad social","Porcentaje del total","16.82789"
"SYC","Seychelles","2009","Gobierno nacional","Porcentaje del total","83.17211"
"SYC","Seychelles","2010","Fondos de seguridad social","Porcentaje del total","9.14486"
"SYC","Seychelles","2010","Gobierno nacional","Porcentaje del total","90.85514"
"SYC","Seychelles","2011","Fondos de seguridad social","Porcentaje del total","1.83201"
"SYC","Seychelles","2011","Gobierno nacional","Porcentaje del total","98.16799"
"SYC","Seychelles","2012","Fondos de seguridad social","Porcentaje del total","2.03565"
"SYC","Seychelles","2012","Gobierno nacional","Porcentaje del total","97.96435"
"SYC","Seychelles","2013","Fondos de seguridad social","Porcentaje del total","2.75539"
"SYC","Seychelles","2013","Gobierno nacional","Porcentaje del total","97.24461"
"SYC","Seychelles","2014","Fondos de seguridad social","Porcentaje del total","3.51650"
"SYC","Seychelles","2014","Gobierno nacional","Porcentaje del total","96.48350"
"SYC","Seychelles","2015","Fondos de seguridad social","Porcentaje del total","3.92999"
"SYC","Seychelles","2015","Gobierno nacional","Porcentaje del total","96.07001"
"SYC","Seychelles","2016","Fondos de seguridad social","Porcentaje del total","3.46507"
"SYC","Seychelles","2016","Gobierno nacional","Porcentaje del total","96.53493"
"SYC","Seychelles","2017","Fondos de seguridad social","Porcentaje del total","3.79565"
"SYC","Seychelles","2017","Gobierno nacional","Porcentaje del total","96.20435"
"SYC","Seychelles","2018","Fondos de seguridad social","Porcentaje del total","7.22221"
"SYC","Seychelles","2018","Gobierno nacional","Porcentaje del total","92.77779"
"SYC","Seychelles","2019","Fondos de seguridad social","Porcentaje del total","5.22694"
"SYC","Seychelles","2019","Gobierno nacional","Porcentaje del total","94.77306"
"SYC","Seychelles","2020","Fondos de seguridad social","Porcentaje del total","6.43199"
"SYC","Seychelles","2020","Gobierno nacional","Porcentaje del total","93.56801"
"SYC","Seychelles","2021","Fondos de seguridad social","Porcentaje del total","6.14462"
"SYC","Seychelles","2021","Gobierno nacional","Porcentaje del total","93.85538"
"SYC","Seychelles","2022","Fondos de seguridad social","Porcentaje del total","7.78115"
"SYC","Seychelles","2022","Gobierno nacional","Porcentaje del total","92.21885"
"SYC","Seychelles","2023","Fondos de seguridad social","Porcentaje del total","8.52874"
"SYC","Seychelles","2023","Gobierno nacional","Porcentaje del total","91.47126"
"SYC","Seychelles","2024","Fondos de seguridad social","Porcentaje del total","8.29269"
"SYC","Seychelles","2024","Gobierno nacional","Porcentaje del total","91.70731"
"SLE","Sierra Leona","2001","Gobierno nacional","Porcentaje del total","100.00000"
"SLE","Sierra Leona","2002","Gobierno nacional","Porcentaje del total","100.00000"
"SLE","Sierra Leona","2003","Gobierno nacional","Porcentaje del total","100.00000"
"SLE","Sierra Leona","2004","Gobierno nacional","Porcentaje del total","100.00000"
"SLE","Sierra Leona","2005","Gobierno nacional","Porcentaje del total","100.00000"
"SLE","Sierra Leona","2006","Gobierno nacional","Porcentaje del total","100.00000"
"SLE","Sierra Leona","2007","Gobierno nacional","Porcentaje del total","100.00000"
"SLE","Sierra Leona","2008","Gobierno nacional","Porcentaje del total","100.00000"
"SLE","Sierra Leona","2009","Gobierno nacional","Porcentaje del total","100.00000"
"SLE","Sierra Leona","2010","Gobierno nacional","Porcentaje del total","100.00000"
"SLE","Sierra Leona","2011","Gobierno nacional","Porcentaje del total","100.00000"
"SLE","Sierra Leona","2012","Gobierno nacional","Porcentaje del total","100.00000"
"SLE","Sierra Leona","2013","Gobierno nacional","Porcentaje del total","100.00000"
"SLE","Sierra Leona","2014","Gobierno nacional","Porcentaje del total","100.00000"
"SLE","Sierra Leona","2015","Gobierno nacional","Porcentaje del total","100.00000"
"SLE","Sierra Leona","2016","Gobierno nacional","Porcentaje del total","100.00000"
"SLE","Sierra Leona","2017","Gobierno nacional","Porcentaje del total","100.00000"
"SLE","Sierra Leona","2018","Fondos de seguridad social","Porcentaje del total","12.20440"
"SLE","Sierra Leona","2018","Gobierno nacional","Porcentaje del total","87.79560"
"SLE","Sierra Leona","2019","Fondos de seguridad social","Porcentaje del total","11.22764"
"SLE","Sierra Leona","2019","Gobierno nacional","Porcentaje del total","88.77236"
"SLE","Sierra Leona","2020","Fondos de seguridad social","Porcentaje del total","12.29477"
"SLE","Sierra Leona","2020","Gobierno nacional","Porcentaje del total","87.70523"
"SLE","Sierra Leona","2021","Fondos de seguridad social","Porcentaje del total","11.90923"
"SLE","Sierra Leona","2021","Gobierno nacional","Porcentaje del total","88.09077"
"SLE","Sierra Leona","2022","Fondos de seguridad social","Porcentaje del total","12.69562"
"SLE","Sierra Leona","2022","Gobierno nacional","Porcentaje del total","87.30438"
"SLE","Sierra Leona","2023","Fondos de seguridad social","Porcentaje del total","11.20138"
"SLE","Sierra Leona","2023","Gobierno nacional","Porcentaje del total","88.79862"
"SLE","Sierra Leona","2024","Fondos de seguridad social","Porcentaje del total","9.49926"
"SLE","Sierra Leona","2024","Gobierno nacional","Porcentaje del total","90.50074"
"SGP","Singapur","2000","Gobierno nacional","Porcentaje del total","100.00000"
"SGP","Singapur","2001","Gobierno nacional","Porcentaje del total","100.00000"
"SGP","Singapur","2002","Gobierno nacional","Porcentaje del total","100.00000"
"SGP","Singapur","2003","Gobierno nacional","Porcentaje del total","100.00000"
"SGP","Singapur","2004","Gobierno nacional","Porcentaje del total","100.00000"
"SGP","Singapur","2005","Gobierno nacional","Porcentaje del total","100.00000"
"SGP","Singapur","2006","Gobierno nacional","Porcentaje del total","100.00000"
"SGP","Singapur","2007","Gobierno nacional","Porcentaje del total","100.00000"
"SGP","Singapur","2008","Gobierno nacional","Porcentaje del total","100.00000"
"SGP","Singapur","2009","Gobierno nacional","Porcentaje del total","100.00000"
"SGP","Singapur","2010","Gobierno nacional","Porcentaje del total","100.00000"
"SGP","Singapur","2011","Gobierno nacional","Porcentaje del total","100.00000"
"SGP","Singapur","2012","Gobierno nacional","Porcentaje del total","100.00000"
"SGP","Singapur","2013","Gobierno nacional","Porcentaje del total","100.00000"
"SGP","Singapur","2014","Gobierno nacional","Porcentaje del total","100.00000"
"SGP","Singapur","2015","Gobierno nacional","Porcentaje del total","100.00000"
"SGP","Singapur","2016","Gobierno nacional","Porcentaje del total","100.00000"
"SGP","Singapur","2017","Gobierno nacional","Porcentaje del total","100.00000"
"SGP","Singapur","2018","Gobierno nacional","Porcentaje del total","100.00000"
"SGP","Singapur","2019","Gobierno nacional","Porcentaje del total","100.00000"
"SGP","Singapur","2020","Gobierno nacional","Porcentaje del total","100.00000"
"SGP","Singapur","2021","Gobierno nacional","Porcentaje del total","100.00000"
"SGP","Singapur","2022","Gobierno nacional","Porcentaje del total","100.00000"
"SGP","Singapur","2023","Gobierno nacional","Porcentaje del total","100.00000"
"SOM","Somalia","2013","Gobierno nacional","Porcentaje del total","100.00000"
"SOM","Somalia","2014","Gobierno nacional","Porcentaje del total","100.00000"
"SOM","Somalia","2015","Gobierno nacional","Porcentaje del total","100.00000"
"SOM","Somalia","2016","Gobierno nacional","Porcentaje del total","100.00000"
"SOM","Somalia","2017","Gobierno nacional","Porcentaje del total","100.00000"
"SOM","Somalia","2018","Gobierno nacional","Porcentaje del total","100.00000"
"SOM","Somalia","2019","Gobierno nacional","Porcentaje del total","79.77674"
"SOM","Somalia","2019","Gobierno provincial o regional","Porcentaje del total","20.22326"
"SOM","Somalia","2020","Gobierno nacional","Porcentaje del total","63.98890"
"SOM","Somalia","2020","Gobierno provincial o regional","Porcentaje del total","36.01110"
"SOM","Somalia","2021","Gobierno nacional","Porcentaje del total","64.71206"
"SOM","Somalia","2021","Gobierno provincial o regional","Porcentaje del total","35.28794"
"SOM","Somalia","2022","Gobierno nacional","Porcentaje del total","63.70692"
"SOM","Somalia","2022","Gobierno provincial o regional","Porcentaje del total","36.29308"
"SOM","Somalia","2023","Gobierno nacional","Porcentaje del total","66.97943"
"SOM","Somalia","2023","Gobierno provincial o regional","Porcentaje del total","33.02057"
"SOM","Somalia","2024","Gobierno nacional","Porcentaje del total","68.34487"
"SOM","Somalia","2024","Gobierno provincial o regional","Porcentaje del total","31.65513"
"LKA","Sri Lanka","2006","Fondos de seguridad social","Porcentaje del total","1.48787"
"LKA","Sri Lanka","2006","Gobierno nacional","Porcentaje del total","98.51213"
"LKA","Sri Lanka","2007","Fondos de seguridad social","Porcentaje del total","1.69531"
"LKA","Sri Lanka","2007","Gobierno nacional","Porcentaje del total","98.30469"
"LKA","Sri Lanka","2008","Fondos de seguridad social","Porcentaje del total","1.64441"
"LKA","Sri Lanka","2008","Gobierno nacional","Porcentaje del total","98.35559"
"LKA","Sri Lanka","2009","Fondos de seguridad social","Porcentaje del total","1.77195"
"LKA","Sri Lanka","2009","Gobierno nacional","Porcentaje del total","98.22805"
"LKA","Sri Lanka","2010","Fondos de seguridad social","Porcentaje del total","1.51114"
"LKA","Sri Lanka","2010","Gobierno nacional","Porcentaje del total","98.48886"
"LKA","Sri Lanka","2011","Fondos de seguridad social","Porcentaje del total","1.47124"
"LKA","Sri Lanka","2011","Gobierno nacional","Porcentaje del total","98.52876"
"LKA","Sri Lanka","2012","Fondos de seguridad social","Porcentaje del total","1.27497"
"LKA","Sri Lanka","2012","Gobierno nacional","Porcentaje del total","98.72503"
"LKA","Sri Lanka","2013","Fondos de seguridad social","Porcentaje del total","1.48329"
"LKA","Sri Lanka","2013","Gobierno nacional","Porcentaje del total","98.51671"
"LKA","Sri Lanka","2014","Fondos de seguridad social","Porcentaje del total","1.40048"
"LKA","Sri Lanka","2014","Gobierno nacional","Porcentaje del total","98.59952"
"LKA","Sri Lanka","2015","Fondos de seguridad social","Porcentaje del total","1.10963"
"LKA","Sri Lanka","2015","Gobierno nacional","Porcentaje del total","98.89037"
"LKA","Sri Lanka","2016","Fondos de seguridad social","Porcentaje del total","1.21790"
"LKA","Sri Lanka","2016","Gobierno nacional","Porcentaje del total","98.78210"
"LKA","Sri Lanka","2017","Fondos de seguridad social","Porcentaje del total","1.35490"
"LKA","Sri Lanka","2017","Gobierno nacional","Porcentaje del total","98.64510"
"LKA","Sri Lanka","2018","Fondos de seguridad social","Porcentaje del total","1.45114"
"LKA","Sri Lanka","2018","Gobierno nacional","Porcentaje del total","98.54886"
"LKA","Sri Lanka","2019","Fondos de seguridad social","Porcentaje del total","1.64322"
"LKA","Sri Lanka","2019","Gobierno nacional","Porcentaje del total","98.35678"
"LKA","Sri Lanka","2020","Fondos de seguridad social","Porcentaje del total","2.59552"
"LKA","Sri Lanka","2020","Gobierno nacional","Porcentaje del total","97.40448"
"LKA","Sri Lanka","2021","Fondos de seguridad social","Porcentaje del total","2.59776"
"LKA","Sri Lanka","2021","Gobierno nacional","Porcentaje del total","97.40224"
"LKA","Sri Lanka","2022","Fondos de seguridad social","Porcentaje del total","1.95973"
"LKA","Sri Lanka","2022","Gobierno nacional","Porcentaje del total","98.04027"
"LKA","Sri Lanka","2023","Fondos de seguridad social","Porcentaje del total","1.31521"
"LKA","Sri Lanka","2023","Gobierno nacional","Porcentaje del total","98.68479"
"ZAF","Sudáfrica","1990","Fondos de seguridad social","Porcentaje del total","0.00000"
"ZAF","Sudáfrica","1990","Gobierno nacional","Porcentaje del total","100.00000"
"ZAF","Sudáfrica","1991","Fondos de seguridad social","Porcentaje del total","0.00000"
"ZAF","Sudáfrica","1991","Gobierno nacional","Porcentaje del total","100.00000"
"ZAF","Sudáfrica","1992","Fondos de seguridad social","Porcentaje del total","0.00000"
"ZAF","Sudáfrica","1992","Gobierno nacional","Porcentaje del total","100.00000"
"ZAF","Sudáfrica","1993","Fondos de seguridad social","Porcentaje del total","0.00000"
"ZAF","Sudáfrica","1993","Gobierno nacional","Porcentaje del total","100.00000"
"ZAF","Sudáfrica","1994","Fondos de seguridad social","Porcentaje del total","0.00000"
"ZAF","Sudáfrica","1994","Gobierno nacional","Porcentaje del total","100.00000"
"ZAF","Sudáfrica","1995","Fondos de seguridad social","Porcentaje del total","0.00000"
"ZAF","Sudáfrica","1995","Gobierno nacional","Porcentaje del total","100.00000"
"ZAF","Sudáfrica","1996","Fondos de seguridad social","Porcentaje del total","0.00000"
"ZAF","Sudáfrica","1996","Gobierno nacional","Porcentaje del total","100.00000"
"ZAF","Sudáfrica","1997","Fondos de seguridad social","Porcentaje del total","0.00000"
"ZAF","Sudáfrica","1997","Gobierno nacional","Porcentaje del total","100.00000"
"ZAF","Sudáfrica","1998","Fondos de seguridad social","Porcentaje del total","0.00000"
"ZAF","Sudáfrica","1998","Gobierno nacional","Porcentaje del total","100.00000"
"ZAF","Sudáfrica","1999","Fondos de seguridad social","Porcentaje del total","0.00000"
"ZAF","Sudáfrica","1999","Gobierno nacional","Porcentaje del total","100.00000"
"ZAF","Sudáfrica","2000","Fondos de seguridad social","Porcentaje del total","0.00000"
"ZAF","Sudáfrica","2000","Gobierno nacional","Porcentaje del total","100.00000"
"ZAF","Sudáfrica","2001","Fondos de seguridad social","Porcentaje del total","0.01164"
"ZAF","Sudáfrica","2001","Gobierno nacional","Porcentaje del total","99.98836"
"ZAF","Sudáfrica","2002","Fondos de seguridad social","Porcentaje del total","1.03638"
"ZAF","Sudáfrica","2002","Gobierno nacional","Porcentaje del total","98.96362"
"ZAF","Sudáfrica","2003","Fondos de seguridad social","Porcentaje del total","1.69571"
"ZAF","Sudáfrica","2003","Gobierno municipal local","Porcentaje del total","0.88617"
"ZAF","Sudáfrica","2003","Gobierno nacional","Porcentaje del total","96.32078"
"ZAF","Sudáfrica","2003","Gobierno provincial o regional","Porcentaje del total","1.09733"
"ZAF","Sudáfrica","2004","Fondos de seguridad social","Porcentaje del total","1.66561"
"ZAF","Sudáfrica","2004","Gobierno municipal local","Porcentaje del total","2.27112"
"ZAF","Sudáfrica","2004","Gobierno nacional","Porcentaje del total","95.05662"
"ZAF","Sudáfrica","2004","Gobierno provincial o regional","Porcentaje del total","1.00665"
"ZAF","Sudáfrica","2005","Fondos de seguridad social","Porcentaje del total","1.54876"
"ZAF","Sudáfrica","2005","Gobierno municipal local","Porcentaje del total","2.93124"
"ZAF","Sudáfrica","2005","Gobierno nacional","Porcentaje del total","94.48285"
"ZAF","Sudáfrica","2005","Gobierno provincial o regional","Porcentaje del total","1.03715"
"ZAF","Sudáfrica","2006","Fondos de seguridad social","Porcentaje del total","1.55589"
"ZAF","Sudáfrica","2006","Gobierno municipal local","Porcentaje del total","1.29582"
"ZAF","Sudáfrica","2006","Gobierno nacional","Porcentaje del total","96.16950"
"ZAF","Sudáfrica","2006","Gobierno provincial o regional","Porcentaje del total","0.97879"
"ZAF","Sudáfrica","2007","Fondos de seguridad social","Porcentaje del total","1.48384"
"ZAF","Sudáfrica","2007","Gobierno municipal local","Porcentaje del total","3.10983"
"ZAF","Sudáfrica","2007","Gobierno nacional","Porcentaje del total","94.49730"
"ZAF","Sudáfrica","2007","Gobierno provincial o regional","Porcentaje del total","0.90902"
"ZAF","Sudáfrica","2008","Fondos de seguridad social","Porcentaje del total","1.51769"
"ZAF","Sudáfrica","2008","Gobierno municipal local","Porcentaje del total","3.42327"
"ZAF","Sudáfrica","2008","Gobierno nacional","Porcentaje del total","94.20595"
"ZAF","Sudáfrica","2008","Gobierno provincial o regional","Porcentaje del total","0.85309"
"ZAF","Sudáfrica","2009","Fondos de seguridad social","Porcentaje del total","1.63531"
"ZAF","Sudáfrica","2009","Gobierno municipal local","Porcentaje del total","4.12059"
"ZAF","Sudáfrica","2009","Gobierno nacional","Porcentaje del total","93.38367"
"ZAF","Sudáfrica","2009","Gobierno provincial o regional","Porcentaje del total","0.86043"
"ZAF","Sudáfrica","2010","Fondos de seguridad social","Porcentaje del total","1.57465"
"ZAF","Sudáfrica","2010","Gobierno municipal local","Porcentaje del total","4.32459"
"ZAF","Sudáfrica","2010","Gobierno nacional","Porcentaje del total","93.15670"
"ZAF","Sudáfrica","2010","Gobierno provincial o regional","Porcentaje del total","0.94406"
"ZAF","Sudáfrica","2011","Fondos de seguridad social","Porcentaje del total","1.57468"
"ZAF","Sudáfrica","2011","Gobierno municipal local","Porcentaje del total","4.20132"
"ZAF","Sudáfrica","2011","Gobierno nacional","Porcentaje del total","93.25817"
"ZAF","Sudáfrica","2011","Gobierno provincial o regional","Porcentaje del total","0.96583"
"ZAF","Sudáfrica","2012","Fondos de seguridad social","Porcentaje del total","1.61816"
"ZAF","Sudáfrica","2012","Gobierno municipal local","Porcentaje del total","4.32853"
"ZAF","Sudáfrica","2012","Gobierno nacional","Porcentaje del total","93.07569"
"ZAF","Sudáfrica","2012","Gobierno provincial o regional","Porcentaje del total","0.97762"
"ZAF","Sudáfrica","2013","Fondos de seguridad social","Porcentaje del total","1.48102"
"ZAF","Sudáfrica","2013","Gobierno municipal local","Porcentaje del total","4.27120"
"ZAF","Sudáfrica","2013","Gobierno nacional","Porcentaje del total","93.27422"
"ZAF","Sudáfrica","2013","Gobierno provincial o regional","Porcentaje del total","0.97356"
"ZAF","Sudáfrica","2014","Fondos de seguridad social","Porcentaje del total","1.48558"
"ZAF","Sudáfrica","2014","Gobierno municipal local","Porcentaje del total","4.36122"
"ZAF","Sudáfrica","2014","Gobierno nacional","Porcentaje del total","93.24891"
"ZAF","Sudáfrica","2014","Gobierno provincial o regional","Porcentaje del total","0.90428"
"ZAF","Sudáfrica","2015","Fondos de seguridad social","Porcentaje del total","1.46845"
"ZAF","Sudáfrica","2015","Gobierno municipal local","Porcentaje del total","3.78457"
"ZAF","Sudáfrica","2015","Gobierno nacional","Porcentaje del total","93.88083"
"ZAF","Sudáfrica","2015","Gobierno provincial o regional","Porcentaje del total","0.86615"
"ZAF","Sudáfrica","2016","Fondos de seguridad social","Porcentaje del total","1.43766"
"ZAF","Sudáfrica","2016","Gobierno municipal local","Porcentaje del total","4.13251"
"ZAF","Sudáfrica","2016","Gobierno nacional","Porcentaje del total","93.56635"
"ZAF","Sudáfrica","2016","Gobierno provincial o regional","Porcentaje del total","0.86348"
"ZAF","Sudáfrica","2017","Fondos de seguridad social","Porcentaje del total","1.41161"
"ZAF","Sudáfrica","2017","Gobierno municipal local","Porcentaje del total","4.82873"
"ZAF","Sudáfrica","2017","Gobierno nacional","Porcentaje del total","92.77874"
"ZAF","Sudáfrica","2017","Gobierno provincial o regional","Porcentaje del total","0.98092"
"ZAF","Sudáfrica","2018","Fondos de seguridad social","Porcentaje del total","1.34136"
"ZAF","Sudáfrica","2018","Gobierno municipal local","Porcentaje del total","4.71077"
"ZAF","Sudáfrica","2018","Gobierno nacional","Porcentaje del total","92.97277"
"ZAF","Sudáfrica","2018","Gobierno provincial o regional","Porcentaje del total","0.97510"
"ZAF","Sudáfrica","2019","Fondos de seguridad social","Porcentaje del total","1.35321"
"ZAF","Sudáfrica","2019","Gobierno municipal local","Porcentaje del total","4.79141"
"ZAF","Sudáfrica","2019","Gobierno nacional","Porcentaje del total","93.60464"
"ZAF","Sudáfrica","2019","Gobierno provincial o regional","Porcentaje del total","0.25075"
"ZAF","Sudáfrica","2020","Fondos de seguridad social","Porcentaje del total","1.35954"
"ZAF","Sudáfrica","2020","Gobierno municipal local","Porcentaje del total","5.27174"
"ZAF","Sudáfrica","2020","Gobierno nacional","Porcentaje del total","92.38082"
"ZAF","Sudáfrica","2020","Gobierno provincial o regional","Porcentaje del total","0.98790"
"ZAF","Sudáfrica","2021","Fondos de seguridad social","Porcentaje del total","1.26200"
"ZAF","Sudáfrica","2021","Gobierno municipal local","Porcentaje del total","3.85046"
"ZAF","Sudáfrica","2021","Gobierno nacional","Porcentaje del total","93.99098"
"ZAF","Sudáfrica","2021","Gobierno provincial o regional","Porcentaje del total","0.89655"
"ZAF","Sudáfrica","2022","Fondos de seguridad social","Porcentaje del total","1.26978"
"ZAF","Sudáfrica","2022","Gobierno municipal local","Porcentaje del total","4.28546"
"ZAF","Sudáfrica","2022","Gobierno nacional","Porcentaje del total","93.55815"
"ZAF","Sudáfrica","2022","Gobierno provincial o regional","Porcentaje del total","0.88661"
"ZAF","Sudáfrica","2023","Fondos de seguridad social","Porcentaje del total","1.30243"
"ZAF","Sudáfrica","2023","Gobierno municipal local","Porcentaje del total","3.40798"
"ZAF","Sudáfrica","2023","Gobierno nacional","Porcentaje del total","94.36443"
"ZAF","Sudáfrica","2023","Gobierno provincial o regional","Porcentaje del total","0.92516"
"SWE","Suecia","1990","Fondos de seguridad social","Porcentaje del total","19.98325"
"SWE","Suecia","1990","Gobierno municipal local","Porcentaje del total","29.23687"
"SWE","Suecia","1990","Gobierno nacional","Porcentaje del total","50.77988"
"SWE","Suecia","1991","Fondos de seguridad social","Porcentaje del total","21.64797"
"SWE","Suecia","1991","Gobierno municipal local","Porcentaje del total","30.90065"
"SWE","Suecia","1991","Gobierno nacional","Porcentaje del total","47.45138"
"SWE","Suecia","1992","Fondos de seguridad social","Porcentaje del total","21.59349"
"SWE","Suecia","1992","Gobierno municipal local","Porcentaje del total","33.47418"
"SWE","Suecia","1992","Gobierno nacional","Porcentaje del total","44.93234"
"SWE","Suecia","1993","Fondos de seguridad social","Porcentaje del total","21.13477"
"SWE","Suecia","1993","Gobierno municipal local","Porcentaje del total","34.57970"
"SWE","Suecia","1993","Gobierno nacional","Porcentaje del total","44.28553"
"SWE","Suecia","1994","Fondos de seguridad social","Porcentaje del total","20.90535"
"SWE","Suecia","1994","Gobierno municipal local","Porcentaje del total","33.79630"
"SWE","Suecia","1994","Gobierno nacional","Porcentaje del total","45.29835"
"SWE","Suecia","1995","European institutions and bodies (EU accounts)","Porcentaje del total","0.38266"
"SWE","Suecia","1995","Fondos de seguridad social","Porcentaje del total","21.76213"
"SWE","Suecia","1995","Gobierno municipal local","Porcentaje del total","30.94009"
"SWE","Suecia","1995","Gobierno nacional","Porcentaje del total","46.91511"
"SWE","Suecia","1996","European institutions and bodies (EU accounts)","Porcentaje del total","0.35706"
"SWE","Suecia","1996","Fondos de seguridad social","Porcentaje del total","22.10276"
"SWE","Suecia","1996","Gobierno municipal local","Porcentaje del total","30.35773"
"SWE","Suecia","1996","Gobierno nacional","Porcentaje del total","47.18244"
"SWE","Suecia","1997","European institutions and bodies (EU accounts)","Porcentaje del total","0.32253"
"SWE","Suecia","1997","Fondos de seguridad social","Porcentaje del total","21.05689"
"SWE","Suecia","1997","Gobierno municipal local","Porcentaje del total","29.41050"
"SWE","Suecia","1997","Gobierno nacional","Porcentaje del total","49.21008"
"SWE","Suecia","1998","European institutions and bodies (EU accounts)","Porcentaje del total","0.32236"
"SWE","Suecia","1998","Fondos de seguridad social","Porcentaje del total","10.56831"
"SWE","Suecia","1998","Gobierno municipal local","Porcentaje del total","29.09903"
"SWE","Suecia","1998","Gobierno nacional","Porcentaje del total","60.01030"
"SWE","Suecia","1999","European institutions and bodies (EU accounts)","Porcentaje del total","0.29190"
"SWE","Suecia","1999","Fondos de seguridad social","Porcentaje del total","8.18894"
"SWE","Suecia","1999","Gobierno municipal local","Porcentaje del total","29.58863"
"SWE","Suecia","1999","Gobierno nacional","Porcentaje del total","61.93053"
"SWE","Suecia","2000","European institutions and bodies (EU accounts)","Porcentaje del total","0.31494"
"SWE","Suecia","2000","Fondos de seguridad social","Porcentaje del total","10.52660"
"SWE","Suecia","2000","Gobierno municipal local","Porcentaje del total","27.91382"
"SWE","Suecia","2000","Gobierno nacional","Porcentaje del total","61.24465"
"SWE","Suecia","2001","European institutions and bodies (EU accounts)","Porcentaje del total","0.30682"
"SWE","Suecia","2001","Fondos de seguridad social","Porcentaje del total","11.60539"
"SWE","Suecia","2001","Gobierno municipal local","Porcentaje del total","30.46102"
"SWE","Suecia","2001","Gobierno nacional","Porcentaje del total","57.62678"
"SWE","Suecia","2002","European institutions and bodies (EU accounts)","Porcentaje del total","0.28973"
"SWE","Suecia","2002","Fondos de seguridad social","Porcentaje del total","11.92520"
"SWE","Suecia","2002","Gobierno municipal local","Porcentaje del total","32.27947"
"SWE","Suecia","2002","Gobierno nacional","Porcentaje del total","55.50560"
"SWE","Suecia","2003","European institutions and bodies (EU accounts)","Porcentaje del total","0.28260"
"SWE","Suecia","2003","Fondos de seguridad social","Porcentaje del total","11.60889"
"SWE","Suecia","2003","Gobierno municipal local","Porcentaje del total","32.74892"
"SWE","Suecia","2003","Gobierno nacional","Porcentaje del total","55.35958"
"SWE","Suecia","2004","European institutions and bodies (EU accounts)","Porcentaje del total","0.29705"
"SWE","Suecia","2004","Fondos de seguridad social","Porcentaje del total","11.32200"
"SWE","Suecia","2004","Gobierno municipal local","Porcentaje del total","32.28806"
"SWE","Suecia","2004","Gobierno nacional","Porcentaje del total","56.09289"
"SWE","Suecia","2005","European institutions and bodies (EU accounts)","Porcentaje del total","0.33653"
"SWE","Suecia","2005","Fondos de seguridad social","Porcentaje del total","10.89173"
"SWE","Suecia","2005","Gobierno municipal local","Porcentaje del total","31.41462"
"SWE","Suecia","2005","Gobierno nacional","Porcentaje del total","57.35712"
"SWE","Suecia","2006","European institutions and bodies (EU accounts)","Porcentaje del total","0.36008"
"SWE","Suecia","2006","Fondos de seguridad social","Porcentaje del total","11.13640"
"SWE","Suecia","2006","Gobierno municipal local","Porcentaje del total","31.68769"
"SWE","Suecia","2006","Gobierno nacional","Porcentaje del total","56.81583"
"SWE","Suecia","2007","European institutions and bodies (EU accounts)","Porcentaje del total","0.39458"
"SWE","Suecia","2007","Fondos de seguridad social","Porcentaje del total","11.32944"
"SWE","Suecia","2007","Gobierno municipal local","Porcentaje del total","32.12657"
"SWE","Suecia","2007","Gobierno nacional","Porcentaje del total","56.14940"
"SWE","Suecia","2008","European institutions and bodies (EU accounts)","Porcentaje del total","0.39149"
"SWE","Suecia","2008","Fondos de seguridad social","Porcentaje del total","11.87085"
"SWE","Suecia","2008","Gobierno municipal local","Porcentaje del total","34.36539"
"SWE","Suecia","2008","Gobierno nacional","Porcentaje del total","53.37227"
"SWE","Suecia","2009","European institutions and bodies (EU accounts)","Porcentaje del total","0.35281"
"SWE","Suecia","2009","Fondos de seguridad social","Porcentaje del total","12.24557"
"SWE","Suecia","2009","Gobierno municipal local","Porcentaje del total","35.94762"
"SWE","Suecia","2009","Gobierno nacional","Porcentaje del total","51.45400"
"SWE","Suecia","2010","European institutions and bodies (EU accounts)","Porcentaje del total","0.37028"
"SWE","Suecia","2010","Fondos de seguridad social","Porcentaje del total","11.97561"
"SWE","Suecia","2010","Gobierno municipal local","Porcentaje del total","35.03894"
"SWE","Suecia","2010","Gobierno nacional","Porcentaje del total","52.61518"
"SWE","Suecia","2011","European institutions and bodies (EU accounts)","Porcentaje del total","0.36183"
"SWE","Suecia","2011","Fondos de seguridad social","Porcentaje del total","12.47902"
"SWE","Suecia","2011","Gobierno municipal local","Porcentaje del total","35.32317"
"SWE","Suecia","2011","Gobierno nacional","Porcentaje del total","51.83598"
"SWE","Suecia","2012","European institutions and bodies (EU accounts)","Porcentaje del total","0.33325"
"SWE","Suecia","2012","Fondos de seguridad social","Porcentaje del total","12.78513"
"SWE","Suecia","2012","Gobierno municipal local","Porcentaje del total","36.54259"
"SWE","Suecia","2012","Gobierno nacional","Porcentaje del total","50.33903"
"SWE","Suecia","2013","European institutions and bodies (EU accounts)","Porcentaje del total","0.32135"
"SWE","Suecia","2013","Fondos de seguridad social","Porcentaje del total","12.77323"
"SWE","Suecia","2013","Gobierno municipal local","Porcentaje del total","36.76769"
"SWE","Suecia","2013","Gobierno nacional","Porcentaje del total","50.13774"
"SWE","Suecia","2014","European institutions and bodies (EU accounts)","Porcentaje del total","0.34479"
"SWE","Suecia","2014","Fondos de seguridad social","Porcentaje del total","12.68618"
"SWE","Suecia","2014","Gobierno municipal local","Porcentaje del total","36.70779"
"SWE","Suecia","2014","Gobierno nacional","Porcentaje del total","50.26125"
"SWE","Suecia","2015","European institutions and bodies (EU accounts)","Porcentaje del total","0.34552"
"SWE","Suecia","2015","Fondos de seguridad social","Porcentaje del total","12.34075"
"SWE","Suecia","2015","Gobierno municipal local","Porcentaje del total","35.88075"
"SWE","Suecia","2015","Gobierno nacional","Porcentaje del total","51.43298"
"SWE","Suecia","2016","European institutions and bodies (EU accounts)","Porcentaje del total","0.31214"
"SWE","Suecia","2016","Fondos de seguridad social","Porcentaje del total","12.01464"
"SWE","Suecia","2016","Gobierno municipal local","Porcentaje del total","35.23243"
"SWE","Suecia","2016","Gobierno nacional","Porcentaje del total","52.44079"
"SWE","Suecia","2017","European institutions and bodies (EU accounts)","Porcentaje del total","0.30694"
"SWE","Suecia","2017","Fondos de seguridad social","Porcentaje del total","12.01636"
"SWE","Suecia","2017","Gobierno municipal local","Porcentaje del total","35.16250"
"SWE","Suecia","2017","Gobierno nacional","Porcentaje del total","52.51420"
"SWE","Suecia","2018","European institutions and bodies (EU accounts)","Porcentaje del total","0.30739"
"SWE","Suecia","2018","Fondos de seguridad social","Porcentaje del total","12.14579"
"SWE","Suecia","2018","Gobierno municipal local","Porcentaje del total","35.20916"
"SWE","Suecia","2018","Gobierno nacional","Porcentaje del total","52.33766"
"SWE","Suecia","2019","European institutions and bodies (EU accounts)","Porcentaje del total","0.31737"
"SWE","Suecia","2019","Fondos de seguridad social","Porcentaje del total","12.32202"
"SWE","Suecia","2019","Gobierno municipal local","Porcentaje del total","35.45333"
"SWE","Suecia","2019","Gobierno nacional","Porcentaje del total","51.90729"
"SWE","Suecia","2020","European institutions and bodies (EU accounts)","Porcentaje del total","0.29054"
"SWE","Suecia","2020","Fondos de seguridad social","Porcentaje del total","12.58646"
"SWE","Suecia","2020","Gobierno municipal local","Porcentaje del total","36.73650"
"SWE","Suecia","2020","Gobierno nacional","Porcentaje del total","50.38650"
"SWE","Suecia","2021","European institutions and bodies (EU accounts)","Porcentaje del total","0.31404"
"SWE","Suecia","2021","Fondos de seguridad social","Porcentaje del total","12.13066"
"SWE","Suecia","2021","Gobierno municipal local","Porcentaje del total","35.39317"
"SWE","Suecia","2021","Gobierno nacional","Porcentaje del total","52.16213"
"SWE","Suecia","2022","European institutions and bodies (EU accounts)","Porcentaje del total","0.37413"
"SWE","Suecia","2022","Fondos de seguridad social","Porcentaje del total","12.05368"
"SWE","Suecia","2022","Gobierno municipal local","Porcentaje del total","35.05001"
"SWE","Suecia","2022","Gobierno nacional","Porcentaje del total","52.52218"
"SWE","Suecia","2023","European institutions and bodies (EU accounts)","Porcentaje del total","0.30973"
"SWE","Suecia","2023","Fondos de seguridad social","Porcentaje del total","12.31016"
"SWE","Suecia","2023","Gobierno municipal local","Porcentaje del total","35.74253"
"SWE","Suecia","2023","Gobierno nacional","Porcentaje del total","51.63758"
"SWE","Suecia","2024","European institutions and bodies (EU accounts)","Porcentaje del total","0.32077"
"SWE","Suecia","2024","Fondos de seguridad social","Porcentaje del total","12.35926"
"SWE","Suecia","2024","Gobierno municipal local","Porcentaje del total","35.98532"
"SWE","Suecia","2024","Gobierno nacional","Porcentaje del total","51.33465"
"CHE","Suiza","1990","Fondos de seguridad social","Porcentaje del total","23.29098"
"CHE","Suiza","1990","Gobierno municipal local","Porcentaje del total","17.43747"
"CHE","Suiza","1990","Gobierno nacional","Porcentaje del total","34.33193"
"CHE","Suiza","1990","Gobierno provincial o regional","Porcentaje del total","24.93962"
"CHE","Suiza","1991","Fondos de seguridad social","Porcentaje del total","24.21149"
"CHE","Suiza","1991","Gobierno municipal local","Porcentaje del total","17.48194"
"CHE","Suiza","1991","Gobierno nacional","Porcentaje del total","33.70470"
"CHE","Suiza","1991","Gobierno provincial o regional","Porcentaje del total","24.60187"
"CHE","Suiza","1992","Fondos de seguridad social","Porcentaje del total","24.25108"
"CHE","Suiza","1992","Gobierno municipal local","Porcentaje del total","17.41350"
"CHE","Suiza","1992","Gobierno nacional","Porcentaje del total","33.76018"
"CHE","Suiza","1992","Gobierno provincial o regional","Porcentaje del total","24.57523"
"CHE","Suiza","1993","Fondos de seguridad social","Porcentaje del total","26.69490"
"CHE","Suiza","1993","Gobierno municipal local","Porcentaje del total","17.82206"
"CHE","Suiza","1993","Gobierno nacional","Porcentaje del total","30.58398"
"CHE","Suiza","1993","Gobierno provincial o regional","Porcentaje del total","24.89905"
"CHE","Suiza","1994","Fondos de seguridad social","Porcentaje del total","25.58476"
"CHE","Suiza","1994","Gobierno municipal local","Porcentaje del total","17.78653"
"CHE","Suiza","1994","Gobierno nacional","Porcentaje del total","32.18241"
"CHE","Suiza","1994","Gobierno provincial o regional","Porcentaje del total","24.44629"
"CHE","Suiza","1995","Fondos de seguridad social","Porcentaje del total","26.81179"
"CHE","Suiza","1995","Gobierno municipal local","Porcentaje del total","17.51202"
"CHE","Suiza","1995","Gobierno nacional","Porcentaje del total","31.70234"
"CHE","Suiza","1995","Gobierno provincial o regional","Porcentaje del total","23.97385"
"CHE","Suiza","1996","Fondos de seguridad social","Porcentaje del total","26.47451"
"CHE","Suiza","1996","Gobierno municipal local","Porcentaje del total","17.16151"
"CHE","Suiza","1996","Gobierno nacional","Porcentaje del total","32.79460"
"CHE","Suiza","1996","Gobierno provincial o regional","Porcentaje del total","23.56938"
"CHE","Suiza","1997","Fondos de seguridad social","Porcentaje del total","26.68785"
"CHE","Suiza","1997","Gobierno municipal local","Porcentaje del total","16.92595"
"CHE","Suiza","1997","Gobierno nacional","Porcentaje del total","33.15897"
"CHE","Suiza","1997","Gobierno provincial o regional","Porcentaje del total","23.22722"
"CHE","Suiza","1998","Fondos de seguridad social","Porcentaje del total","24.88208"
"CHE","Suiza","1998","Gobierno municipal local","Porcentaje del total","16.40849"
"CHE","Suiza","1998","Gobierno nacional","Porcentaje del total","35.85939"
"CHE","Suiza","1998","Gobierno provincial o regional","Porcentaje del total","22.85004"
"CHE","Suiza","1999","Fondos de seguridad social","Porcentaje del total","25.23197"
"CHE","Suiza","1999","Gobierno municipal local","Porcentaje del total","16.83972"
"CHE","Suiza","1999","Gobierno nacional","Porcentaje del total","34.24077"
"CHE","Suiza","1999","Gobierno provincial o regional","Porcentaje del total","23.68754"
"CHE","Suiza","2000","Fondos de seguridad social","Porcentaje del total","24.19310"
"CHE","Suiza","2000","Gobierno municipal local","Porcentaje del total","16.05386"
"CHE","Suiza","2000","Gobierno nacional","Porcentaje del total","37.11128"
"CHE","Suiza","2000","Gobierno provincial o regional","Porcentaje del total","22.64176"
"CHE","Suiza","2001","Fondos de seguridad social","Porcentaje del total","25.53848"
"CHE","Suiza","2001","Gobierno municipal local","Porcentaje del total","16.71208"
"CHE","Suiza","2001","Gobierno nacional","Porcentaje del total","34.04840"
"CHE","Suiza","2001","Gobierno provincial o regional","Porcentaje del total","23.70104"
"CHE","Suiza","2002","Fondos de seguridad social","Porcentaje del total","25.58370"
"CHE","Suiza","2002","Gobierno municipal local","Porcentaje del total","16.54307"
"CHE","Suiza","2002","Gobierno nacional","Porcentaje del total","33.22938"
"CHE","Suiza","2002","Gobierno provincial o regional","Porcentaje del total","24.64384"
"CHE","Suiza","2003","Fondos de seguridad social","Porcentaje del total","25.30875"
"CHE","Suiza","2003","Gobierno municipal local","Porcentaje del total","16.36125"
"CHE","Suiza","2003","Gobierno nacional","Porcentaje del total","34.16278"
"CHE","Suiza","2003","Gobierno provincial o regional","Porcentaje del total","24.16722"
"CHE","Suiza","2004","Fondos de seguridad social","Porcentaje del total","24.23617"
"CHE","Suiza","2004","Gobierno municipal local","Porcentaje del total","16.19294"
"CHE","Suiza","2004","Gobierno nacional","Porcentaje del total","34.70902"
"CHE","Suiza","2004","Gobierno provincial o regional","Porcentaje del total","24.86187"
"CHE","Suiza","2005","Fondos de seguridad social","Porcentaje del total","23.82830"
"CHE","Suiza","2005","Gobierno municipal local","Porcentaje del total","15.78895"
"CHE","Suiza","2005","Gobierno nacional","Porcentaje del total","35.16691"
"CHE","Suiza","2005","Gobierno provincial o regional","Porcentaje del total","25.21583"
"CHE","Suiza","2006","Fondos de seguridad social","Porcentaje del total","23.36419"
"CHE","Suiza","2006","Gobierno municipal local","Porcentaje del total","15.72974"
"CHE","Suiza","2006","Gobierno nacional","Porcentaje del total","35.75943"
"CHE","Suiza","2006","Gobierno provincial o regional","Porcentaje del total","25.14665"
"CHE","Suiza","2007","Fondos de seguridad social","Porcentaje del total","23.17182"
"CHE","Suiza","2007","Gobierno municipal local","Porcentaje del total","15.81331"
"CHE","Suiza","2007","Gobierno nacional","Porcentaje del total","35.49204"
"CHE","Suiza","2007","Gobierno provincial o regional","Porcentaje del total","25.52282"
"CHE","Suiza","2008","Fondos de seguridad social","Porcentaje del total","23.11466"
"CHE","Suiza","2008","Gobierno municipal local","Porcentaje del total","15.29533"
"CHE","Suiza","2008","Gobierno nacional","Porcentaje del total","36.98425"
"CHE","Suiza","2008","Gobierno provincial o regional","Porcentaje del total","24.60576"
"CHE","Suiza","2009","Fondos de seguridad social","Porcentaje del total","24.05579"
"CHE","Suiza","2009","Gobierno municipal local","Porcentaje del total","15.55598"
"CHE","Suiza","2009","Gobierno nacional","Porcentaje del total","35.58926"
"CHE","Suiza","2009","Gobierno provincial o regional","Porcentaje del total","24.79896"
"CHE","Suiza","2010","Fondos de seguridad social","Porcentaje del total","23.73749"
"CHE","Suiza","2010","Gobierno municipal local","Porcentaje del total","15.27121"
"CHE","Suiza","2010","Gobierno nacional","Porcentaje del total","36.27156"
"CHE","Suiza","2010","Gobierno provincial o regional","Porcentaje del total","24.71974"
"CHE","Suiza","2011","Fondos de seguridad social","Porcentaje del total","24.57512"
"CHE","Suiza","2011","Gobierno municipal local","Porcentaje del total","15.19056"
"CHE","Suiza","2011","Gobierno nacional","Porcentaje del total","35.60660"
"CHE","Suiza","2011","Gobierno provincial o regional","Porcentaje del total","24.62771"
"CHE","Suiza","2012","Fondos de seguridad social","Porcentaje del total","24.89002"
"CHE","Suiza","2012","Gobierno municipal local","Porcentaje del total","15.11707"
"CHE","Suiza","2012","Gobierno nacional","Porcentaje del total","35.13996"
"CHE","Suiza","2012","Gobierno provincial o regional","Porcentaje del total","24.85295"
"CHE","Suiza","2013","Fondos de seguridad social","Porcentaje del total","24.86204"
"CHE","Suiza","2013","Gobierno municipal local","Porcentaje del total","15.16157"
"CHE","Suiza","2013","Gobierno nacional","Porcentaje del total","35.26660"
"CHE","Suiza","2013","Gobierno provincial o regional","Porcentaje del total","24.70979"
"CHE","Suiza","2014","Fondos de seguridad social","Porcentaje del total","24.88958"
"CHE","Suiza","2014","Gobierno municipal local","Porcentaje del total","15.38050"
"CHE","Suiza","2014","Gobierno nacional","Porcentaje del total","34.69968"
"CHE","Suiza","2014","Gobierno provincial o regional","Porcentaje del total","25.03024"
"CHE","Suiza","2015","Fondos de seguridad social","Porcentaje del total","24.50609"
"CHE","Suiza","2015","Gobierno municipal local","Porcentaje del total","15.30926"
"CHE","Suiza","2015","Gobierno nacional","Porcentaje del total","35.45064"
"CHE","Suiza","2015","Gobierno provincial o regional","Porcentaje del total","24.73400"
"CHE","Suiza","2016","Fondos de seguridad social","Porcentaje del total","24.43934"
"CHE","Suiza","2016","Gobierno municipal local","Porcentaje del total","15.60917"
"CHE","Suiza","2016","Gobierno nacional","Porcentaje del total","34.91192"
"CHE","Suiza","2016","Gobierno provincial o regional","Porcentaje del total","25.03957"
"CHE","Suiza","2017","Fondos de seguridad social","Porcentaje del total","23.77622"
"CHE","Suiza","2017","Gobierno municipal local","Porcentaje del total","15.36748"
"CHE","Suiza","2017","Gobierno nacional","Porcentaje del total","36.30250"
"CHE","Suiza","2017","Gobierno provincial o regional","Porcentaje del total","24.55380"
"CHE","Suiza","2018","Fondos de seguridad social","Porcentaje del total","23.82080"
"CHE","Suiza","2018","Gobierno municipal local","Porcentaje del total","15.56051"
"CHE","Suiza","2018","Gobierno nacional","Porcentaje del total","35.65175"
"CHE","Suiza","2018","Gobierno provincial o regional","Porcentaje del total","24.96695"
"CHE","Suiza","2019","Fondos de seguridad social","Porcentaje del total","23.74152"
"CHE","Suiza","2019","Gobierno municipal local","Porcentaje del total","15.40827"
"CHE","Suiza","2019","Gobierno nacional","Porcentaje del total","35.81720"
"CHE","Suiza","2019","Gobierno provincial o regional","Porcentaje del total","25.03301"
"CHE","Suiza","2020","Fondos de seguridad social","Porcentaje del total","25.15703"
"CHE","Suiza","2020","Gobierno municipal local","Porcentaje del total","15.74255"
"CHE","Suiza","2020","Gobierno nacional","Porcentaje del total","33.47949"
"CHE","Suiza","2020","Gobierno provincial o regional","Porcentaje del total","25.62093"
"CHE","Suiza","2021","Fondos de seguridad social","Porcentaje del total","24.23089"
"CHE","Suiza","2021","Gobierno municipal local","Porcentaje del total","15.27574"
"CHE","Suiza","2021","Gobierno nacional","Porcentaje del total","36.00438"
"CHE","Suiza","2021","Gobierno provincial o regional","Porcentaje del total","24.48899"
"CHE","Suiza","2022","Fondos de seguridad social","Porcentaje del total","24.76036"
"CHE","Suiza","2022","Gobierno municipal local","Porcentaje del total","15.95230"
"CHE","Suiza","2022","Gobierno nacional","Porcentaje del total","33.75626"
"CHE","Suiza","2022","Gobierno provincial o regional","Porcentaje del total","25.53107"
"CHE","Suiza","2023","Fondos de seguridad social","Porcentaje del total","24.75043"
"CHE","Suiza","2023","Gobierno municipal local","Porcentaje del total","16.00973"
"CHE","Suiza","2023","Gobierno nacional","Porcentaje del total","33.47250"
"CHE","Suiza","2023","Gobierno provincial o regional","Porcentaje del total","25.76735"
"CHE","Suiza","2024","Fondos de seguridad social","Porcentaje del total","24.56945"
"CHE","Suiza","2024","Gobierno municipal local","Porcentaje del total","15.82307"
"CHE","Suiza","2024","Gobierno nacional","Porcentaje del total","33.87258"
"CHE","Suiza","2024","Gobierno provincial o regional","Porcentaje del total","25.73489"
"SUR","Suriname","2012","Gobierno nacional","Porcentaje del total","100.00000"
"SUR","Suriname","2013","Gobierno nacional","Porcentaje del total","100.00000"
"SUR","Suriname","2014","Gobierno nacional","Porcentaje del total","100.00000"
"SUR","Suriname","2015","Gobierno nacional","Porcentaje del total","100.00000"
"SUR","Suriname","2016","Gobierno nacional","Porcentaje del total","100.00000"
"SUR","Suriname","2017","Gobierno nacional","Porcentaje del total","100.00000"
"SUR","Suriname","2018","Gobierno nacional","Porcentaje del total","100.00000"
"SUR","Suriname","2019","Gobierno nacional","Porcentaje del total","100.00000"
"SUR","Suriname","2020","Gobierno nacional","Porcentaje del total","100.00000"
"SUR","Suriname","2021","Gobierno nacional","Porcentaje del total","100.00000"
"SUR","Suriname","2022","Gobierno nacional","Porcentaje del total","100.00000"
"SUR","Suriname","2023","Fondos de seguridad social","Porcentaje del total","2.99416"
"SUR","Suriname","2023","Gobierno nacional","Porcentaje del total","97.00584"
"SUR","Suriname","2024","Fondos de seguridad social","Porcentaje del total","3.22839"
"SUR","Suriname","2024","Gobierno nacional","Porcentaje del total","96.77161"
"THA","Tailandia","2000","Fondos de seguridad social","Porcentaje del total","3.65779"
"THA","Tailandia","2000","Gobierno municipal local","Porcentaje del total","7.45485"
"THA","Tailandia","2000","Gobierno nacional","Porcentaje del total","88.88736"
"THA","Tailandia","2001","Fondos de seguridad social","Porcentaje del total","3.41969"
"THA","Tailandia","2001","Gobierno municipal local","Porcentaje del total","8.29416"
"THA","Tailandia","2001","Gobierno nacional","Porcentaje del total","88.28615"
"THA","Tailandia","2002","Fondos de seguridad social","Porcentaje del total","3.44376"
"THA","Tailandia","2002","Gobierno municipal local","Porcentaje del total","7.96280"
"THA","Tailandia","2002","Gobierno nacional","Porcentaje del total","88.59344"
"THA","Tailandia","2003","Fondos de seguridad social","Porcentaje del total","4.05250"
"THA","Tailandia","2003","Gobierno municipal local","Porcentaje del total","7.97944"
"THA","Tailandia","2003","Gobierno nacional","Porcentaje del total","87.96806"
"THA","Tailandia","2004","Fondos de seguridad social","Porcentaje del total","4.86469"
"THA","Tailandia","2004","Gobierno municipal local","Porcentaje del total","8.22409"
"THA","Tailandia","2004","Gobierno nacional","Porcentaje del total","86.91121"
"THA","Tailandia","2005","Fondos de seguridad social","Porcentaje del total","4.90282"
"THA","Tailandia","2005","Gobierno municipal local","Porcentaje del total","7.93413"
"THA","Tailandia","2005","Gobierno nacional","Porcentaje del total","87.16304"
"THA","Tailandia","2006","Fondos de seguridad social","Porcentaje del total","4.99697"
"THA","Tailandia","2006","Gobierno municipal local","Porcentaje del total","6.31027"
"THA","Tailandia","2006","Gobierno nacional","Porcentaje del total","88.69276"
"THA","Tailandia","2007","Fondos de seguridad social","Porcentaje del total","5.13860"
"THA","Tailandia","2007","Gobierno municipal local","Porcentaje del total","6.36681"
"THA","Tailandia","2007","Gobierno nacional","Porcentaje del total","88.49459"
"THA","Tailandia","2008","Fondos de seguridad social","Porcentaje del total","5.07897"
"THA","Tailandia","2008","Gobierno municipal local","Porcentaje del total","5.58148"
"THA","Tailandia","2008","Gobierno nacional","Porcentaje del total","89.33955"
"THA","Tailandia","2009","Fondos de seguridad social","Porcentaje del total","5.28894"
"THA","Tailandia","2009","Gobierno municipal local","Porcentaje del total","7.08623"
"THA","Tailandia","2009","Gobierno nacional","Porcentaje del total","87.62483"
"THA","Tailandia","2010","Fondos de seguridad social","Porcentaje del total","7.07816"
"THA","Tailandia","2010","Gobierno municipal local","Porcentaje del total","6.63565"
"THA","Tailandia","2010","Gobierno nacional","Porcentaje del total","86.28619"
"THA","Tailandia","2011","Fondos de seguridad social","Porcentaje del total","4.67353"
"THA","Tailandia","2011","Gobierno municipal local","Porcentaje del total","7.40781"
"THA","Tailandia","2011","Gobierno nacional","Porcentaje del total","87.91866"
"THA","Tailandia","2012","Fondos de seguridad social","Porcentaje del total","4.74602"
"THA","Tailandia","2012","Gobierno municipal local","Porcentaje del total","7.50795"
"THA","Tailandia","2012","Gobierno nacional","Porcentaje del total","87.74603"
"THA","Tailandia","2013","Fondos de seguridad social","Porcentaje del total","4.15005"
"THA","Tailandia","2013","Gobierno municipal local","Porcentaje del total","3.65641"
"THA","Tailandia","2013","Gobierno nacional","Porcentaje del total","92.19354"
"THA","Tailandia","2014","Fondos de seguridad social","Porcentaje del total","5.31709"
"THA","Tailandia","2014","Gobierno municipal local","Porcentaje del total","4.13110"
"THA","Tailandia","2014","Gobierno nacional","Porcentaje del total","90.55180"
"THA","Tailandia","2015","Fondos de seguridad social","Porcentaje del total","5.63828"
"THA","Tailandia","2015","Gobierno municipal local","Porcentaje del total","4.18673"
"THA","Tailandia","2015","Gobierno nacional","Porcentaje del total","90.17499"
"THA","Tailandia","2016","Fondos de seguridad social","Porcentaje del total","5.61276"
"THA","Tailandia","2016","Gobierno municipal local","Porcentaje del total","3.89103"
"THA","Tailandia","2016","Gobierno nacional","Porcentaje del total","90.49621"
"THA","Tailandia","2017","Fondos de seguridad social","Porcentaje del total","5.74082"
"THA","Tailandia","2017","Gobierno municipal local","Porcentaje del total","4.35718"
"THA","Tailandia","2017","Gobierno nacional","Porcentaje del total","89.90199"
"THA","Tailandia","2018","Fondos de seguridad social","Porcentaje del total","5.67380"
"THA","Tailandia","2018","Gobierno municipal local","Porcentaje del total","4.37529"
"THA","Tailandia","2018","Gobierno nacional","Porcentaje del total","89.95092"
"THA","Tailandia","2019","Fondos de seguridad social","Porcentaje del total","5.94021"
"THA","Tailandia","2019","Gobierno municipal local","Porcentaje del total","4.31579"
"THA","Tailandia","2019","Gobierno nacional","Porcentaje del total","89.74400"
"THA","Tailandia","2020","Fondos de seguridad social","Porcentaje del total","5.79030"
"THA","Tailandia","2020","Gobierno municipal local","Porcentaje del total","3.11322"
"THA","Tailandia","2020","Gobierno nacional","Porcentaje del total","91.09648"
"THA","Tailandia","2021","Fondos de seguridad social","Porcentaje del total","4.08615"
"THA","Tailandia","2021","Gobierno municipal local","Porcentaje del total","3.00626"
"THA","Tailandia","2021","Gobierno nacional","Porcentaje del total","92.90759"
"THA","Tailandia","2022","Fondos de seguridad social","Porcentaje del total","4.18888"
"THA","Tailandia","2022","Gobierno municipal local","Porcentaje del total","4.00697"
"THA","Tailandia","2022","Gobierno nacional","Porcentaje del total","91.80415"
"THA","Tailandia","2023","Fondos de seguridad social","Porcentaje del total","5.34908"
"THA","Tailandia","2023","Gobierno municipal local","Porcentaje del total","3.98718"
"THA","Tailandia","2023","Gobierno nacional","Porcentaje del total","90.66374"
"TLS","Timor-Leste","2012","Gobierno nacional","Porcentaje del total","100.00000"
"TLS","Timor-Leste","2013","Gobierno nacional","Porcentaje del total","100.00000"
"TLS","Timor-Leste","2014","Gobierno nacional","Porcentaje del total","100.00000"
"TLS","Timor-Leste","2015","Gobierno nacional","Porcentaje del total","100.00000"
"TLS","Timor-Leste","2016","Gobierno nacional","Porcentaje del total","100.00000"
"TLS","Timor-Leste","2017","Gobierno nacional","Porcentaje del total","100.00000"
"TLS","Timor-Leste","2018","Gobierno nacional","Porcentaje del total","100.00000"
"TLS","Timor-Leste","2019","Gobierno nacional","Porcentaje del total","100.00000"
"TLS","Timor-Leste","2020","Gobierno nacional","Porcentaje del total","100.00000"
"TLS","Timor-Leste","2021","Gobierno nacional","Porcentaje del total","100.00000"
"TLS","Timor-Leste","2022","Gobierno nacional","Porcentaje del total","100.00000"
"TLS","Timor-Leste","2023","Gobierno nacional","Porcentaje del total","100.00000"
"TGO","Togo","2000","Gobierno nacional","Porcentaje del total","100.00000"
"TGO","Togo","2001","Gobierno nacional","Porcentaje del total","100.00000"
"TGO","Togo","2002","Gobierno nacional","Porcentaje del total","100.00000"
"TGO","Togo","2003","Gobierno nacional","Porcentaje del total","100.00000"
"TGO","Togo","2004","Gobierno nacional","Porcentaje del total","100.00000"
"TGO","Togo","2005","Gobierno nacional","Porcentaje del total","100.00000"
"TGO","Togo","2006","Gobierno nacional","Porcentaje del total","100.00000"
"TGO","Togo","2007","Gobierno nacional","Porcentaje del total","100.00000"
"TGO","Togo","2008","Gobierno nacional","Porcentaje del total","100.00000"
"TGO","Togo","2009","Gobierno nacional","Porcentaje del total","100.00000"
"TGO","Togo","2010","Gobierno nacional","Porcentaje del total","100.00000"
"TGO","Togo","2011","Gobierno nacional","Porcentaje del total","100.00000"
"TGO","Togo","2012","Gobierno nacional","Porcentaje del total","100.00000"
"TGO","Togo","2013","Gobierno nacional","Porcentaje del total","100.00000"
"TGO","Togo","2014","Gobierno nacional","Porcentaje del total","100.00000"
"TGO","Togo","2015","Gobierno nacional","Porcentaje del total","100.00000"
"TGO","Togo","2016","Gobierno nacional","Porcentaje del total","100.00000"
"TGO","Togo","2017","Gobierno nacional","Porcentaje del total","100.00000"
"TGO","Togo","2018","Gobierno nacional","Porcentaje del total","100.00000"
"TGO","Togo","2019","Gobierno nacional","Porcentaje del total","100.00000"
"TGO","Togo","2020","Gobierno nacional","Porcentaje del total","100.00000"
"TGO","Togo","2021","Gobierno nacional","Porcentaje del total","100.00000"
"TGO","Togo","2022","Gobierno nacional","Porcentaje del total","100.00000"
"TGO","Togo","2023","Gobierno nacional","Porcentaje del total","100.00000"
"TGO","Togo","2024","Gobierno nacional","Porcentaje del total","100.00000"
"TKL","Tokelau","2006","Gobierno nacional","Porcentaje del total","100.00000"
"TKL","Tokelau","2007","Gobierno nacional","Porcentaje del total","100.00000"
"TKL","Tokelau","2008","Gobierno nacional","Porcentaje del total","100.00000"
"TKL","Tokelau","2009","Gobierno nacional","Porcentaje del total","100.00000"
"TKL","Tokelau","2010","Gobierno nacional","Porcentaje del total","100.00000"
"TKL","Tokelau","2011","Gobierno nacional","Porcentaje del total","100.00000"
"TKL","Tokelau","2012","Gobierno nacional","Porcentaje del total","100.00000"
"TKL","Tokelau","2013","Gobierno nacional","Porcentaje del total","100.00000"
"TKL","Tokelau","2014","Gobierno nacional","Porcentaje del total","100.00000"
"TKL","Tokelau","2015","Gobierno nacional","Porcentaje del total","100.00000"
"TKL","Tokelau","2016","Gobierno nacional","Porcentaje del total","100.00000"
"TKL","Tokelau","2017","Gobierno nacional","Porcentaje del total","100.00000"
"TKL","Tokelau","2018","Gobierno nacional","Porcentaje del total","100.00000"
"TKL","Tokelau","2019","Gobierno nacional","Porcentaje del total","100.00000"
"TKL","Tokelau","2020","Gobierno nacional","Porcentaje del total","100.00000"
"TKL","Tokelau","2021","Gobierno nacional","Porcentaje del total","100.00000"
"TKL","Tokelau","2022","Gobierno nacional","Porcentaje del total","100.00000"
"TKL","Tokelau","2023","Gobierno nacional","Porcentaje del total","100.00000"
"TTO","Trinidad y Tobago","1990","Fondos de seguridad social","Porcentaje del total","3.71962"
"TTO","Trinidad y Tobago","1990","Gobierno nacional","Porcentaje del total","96.28038"
"TTO","Trinidad y Tobago","1991","Fondos de seguridad social","Porcentaje del total","3.38240"
"TTO","Trinidad y Tobago","1991","Gobierno nacional","Porcentaje del total","96.61760"
"TTO","Trinidad y Tobago","1992","Fondos de seguridad social","Porcentaje del total","3.33510"
"TTO","Trinidad y Tobago","1992","Gobierno nacional","Porcentaje del total","96.66490"
"TTO","Trinidad y Tobago","1993","Fondos de seguridad social","Porcentaje del total","3.96304"
"TTO","Trinidad y Tobago","1993","Gobierno nacional","Porcentaje del total","96.03696"
"TTO","Trinidad y Tobago","1994","Fondos de seguridad social","Porcentaje del total","3.59193"
"TTO","Trinidad y Tobago","1994","Gobierno nacional","Porcentaje del total","96.40807"
"TTO","Trinidad y Tobago","1995","Fondos de seguridad social","Porcentaje del total","3.17801"
"TTO","Trinidad y Tobago","1995","Gobierno nacional","Porcentaje del total","96.82199"
"TTO","Trinidad y Tobago","1996","Fondos de seguridad social","Porcentaje del total","2.97014"
"TTO","Trinidad y Tobago","1996","Gobierno nacional","Porcentaje del total","97.02986"
"TTO","Trinidad y Tobago","1997","Fondos de seguridad social","Porcentaje del total","3.41858"
"TTO","Trinidad y Tobago","1997","Gobierno nacional","Porcentaje del total","96.58142"
"TTO","Trinidad y Tobago","1998","Fondos de seguridad social","Porcentaje del total","4.18237"
"TTO","Trinidad y Tobago","1998","Gobierno nacional","Porcentaje del total","95.81763"
"TTO","Trinidad y Tobago","1999","Fondos de seguridad social","Porcentaje del total","3.90913"
"TTO","Trinidad y Tobago","1999","Gobierno nacional","Porcentaje del total","96.09087"
"TTO","Trinidad y Tobago","2000","Fondos de seguridad social","Porcentaje del total","6.41271"
"TTO","Trinidad y Tobago","2000","Gobierno nacional","Porcentaje del total","93.58729"
"TTO","Trinidad y Tobago","2001","Fondos de seguridad social","Porcentaje del total","5.91659"
"TTO","Trinidad y Tobago","2001","Gobierno nacional","Porcentaje del total","94.08341"
"TTO","Trinidad y Tobago","2002","Fondos de seguridad social","Porcentaje del total","6.51219"
"TTO","Trinidad y Tobago","2002","Gobierno nacional","Porcentaje del total","93.48781"
"TTO","Trinidad y Tobago","2003","Fondos de seguridad social","Porcentaje del total","5.44814"
"TTO","Trinidad y Tobago","2003","Gobierno nacional","Porcentaje del total","94.55186"
"TTO","Trinidad y Tobago","2004","Fondos de seguridad social","Porcentaje del total","4.84350"
"TTO","Trinidad y Tobago","2004","Gobierno nacional","Porcentaje del total","95.15650"
"TTO","Trinidad y Tobago","2005","Fondos de seguridad social","Porcentaje del total","4.23894"
"TTO","Trinidad y Tobago","2005","Gobierno nacional","Porcentaje del total","95.76106"
"TTO","Trinidad y Tobago","2006","Fondos de seguridad social","Porcentaje del total","3.76781"
"TTO","Trinidad y Tobago","2006","Gobierno nacional","Porcentaje del total","96.23219"
"TTO","Trinidad y Tobago","2007","Fondos de seguridad social","Porcentaje del total","4.04979"
"TTO","Trinidad y Tobago","2007","Gobierno nacional","Porcentaje del total","95.95021"
"TTO","Trinidad y Tobago","2008","Fondos de seguridad social","Porcentaje del total","3.79997"
"TTO","Trinidad y Tobago","2008","Gobierno nacional","Porcentaje del total","96.20003"
"TTO","Trinidad y Tobago","2009","Fondos de seguridad social","Porcentaje del total","7.26502"
"TTO","Trinidad y Tobago","2009","Gobierno nacional","Porcentaje del total","92.73498"
"TTO","Trinidad y Tobago","2010","Fondos de seguridad social","Porcentaje del total","6.65982"
"TTO","Trinidad y Tobago","2010","Gobierno nacional","Porcentaje del total","93.34018"
"TTO","Trinidad y Tobago","2011","Fondos de seguridad social","Porcentaje del total","6.08644"
"TTO","Trinidad y Tobago","2011","Gobierno nacional","Porcentaje del total","93.91356"
"TTO","Trinidad y Tobago","2012","Fondos de seguridad social","Porcentaje del total","6.08236"
"TTO","Trinidad y Tobago","2012","Gobierno nacional","Porcentaje del total","93.91764"
"TTO","Trinidad y Tobago","2013","Fondos de seguridad social","Porcentaje del total","6.89175"
"TTO","Trinidad y Tobago","2013","Gobierno nacional","Porcentaje del total","93.10825"
"TTO","Trinidad y Tobago","2014","Fondos de seguridad social","Porcentaje del total","7.11825"
"TTO","Trinidad y Tobago","2014","Gobierno nacional","Porcentaje del total","92.88175"
"TTO","Trinidad y Tobago","2015","Fondos de seguridad social","Porcentaje del total","9.15243"
"TTO","Trinidad y Tobago","2015","Gobierno nacional","Porcentaje del total","90.84757"
"TTO","Trinidad y Tobago","2016","Fondos de seguridad social","Porcentaje del total","12.51032"
"TTO","Trinidad y Tobago","2016","Gobierno nacional","Porcentaje del total","87.48968"
"TTO","Trinidad y Tobago","2017","Fondos de seguridad social","Porcentaje del total","14.78669"
"TTO","Trinidad y Tobago","2017","Gobierno nacional","Porcentaje del total","85.21331"
"TTO","Trinidad y Tobago","2018","Fondos de seguridad social","Porcentaje del total","12.68434"
"TTO","Trinidad y Tobago","2018","Gobierno nacional","Porcentaje del total","87.31566"
"TTO","Trinidad y Tobago","2019","Fondos de seguridad social","Porcentaje del total","12.25029"
"TTO","Trinidad y Tobago","2019","Gobierno nacional","Porcentaje del total","87.74971"
"TTO","Trinidad y Tobago","2020","Fondos de seguridad social","Porcentaje del total","14.99038"
"TTO","Trinidad y Tobago","2020","Gobierno nacional","Porcentaje del total","85.00962"
"TTO","Trinidad y Tobago","2021","Fondos de seguridad social","Porcentaje del total","12.98055"
"TTO","Trinidad y Tobago","2021","Gobierno nacional","Porcentaje del total","87.01945"
"TTO","Trinidad y Tobago","2022","Fondos de seguridad social","Porcentaje del total","9.44621"
"TTO","Trinidad y Tobago","2022","Gobierno nacional","Porcentaje del total","90.55379"
"TTO","Trinidad y Tobago","2023","Fondos de seguridad social","Porcentaje del total","10.29357"
"TTO","Trinidad y Tobago","2023","Gobierno nacional","Porcentaje del total","89.70643"
"TTO","Trinidad y Tobago","2024","Fondos de seguridad social","Porcentaje del total","11.16074"
"TTO","Trinidad y Tobago","2024","Gobierno nacional","Porcentaje del total","88.83926"
"TUR","Turquía","1990","Fondos de seguridad social","Porcentaje del total","19.65445"
"TUR","Turquía","1990","Gobierno municipal local","Porcentaje del total","8.77723"
"TUR","Turquía","1990","Gobierno nacional","Porcentaje del total","71.56832"
"TUR","Turquía","1991","Fondos de seguridad social","Porcentaje del total","19.62813"
"TUR","Turquía","1991","Gobierno municipal local","Porcentaje del total","8.92256"
"TUR","Turquía","1991","Gobierno nacional","Porcentaje del total","71.44931"
"TUR","Turquía","1992","Fondos de seguridad social","Porcentaje del total","20.37236"
"TUR","Turquía","1992","Gobierno municipal local","Porcentaje del total","8.32093"
"TUR","Turquía","1992","Gobierno nacional","Porcentaje del total","71.30671"
"TUR","Turquía","1993","Fondos de seguridad social","Porcentaje del total","19.69490"
"TUR","Turquía","1993","Gobierno municipal local","Porcentaje del total","8.54086"
"TUR","Turquía","1993","Gobierno nacional","Porcentaje del total","71.76424"
"TUR","Turquía","1994","Fondos de seguridad social","Porcentaje del total","15.81650"
"TUR","Turquía","1994","Gobierno municipal local","Porcentaje del total","9.10664"
"TUR","Turquía","1994","Gobierno nacional","Porcentaje del total","75.07686"
"TUR","Turquía","1995","Fondos de seguridad social","Porcentaje del total","12.07779"
"TUR","Turquía","1995","Gobierno municipal local","Porcentaje del total","12.80366"
"TUR","Turquía","1995","Gobierno nacional","Porcentaje del total","75.11855"
"TUR","Turquía","1996","Fondos de seguridad social","Porcentaje del total","15.75622"
"TUR","Turquía","1996","Gobierno municipal local","Porcentaje del total","12.50764"
"TUR","Turquía","1996","Gobierno nacional","Porcentaje del total","71.73614"
"TUR","Turquía","1997","Fondos de seguridad social","Porcentaje del total","14.49306"
"TUR","Turquía","1997","Gobierno municipal local","Porcentaje del total","12.44897"
"TUR","Turquía","1997","Gobierno nacional","Porcentaje del total","73.05797"
"TUR","Turquía","1998","Fondos de seguridad social","Porcentaje del total","14.47622"
"TUR","Turquía","1998","Gobierno municipal local","Porcentaje del total","15.65436"
"TUR","Turquía","1998","Gobierno nacional","Porcentaje del total","69.86942"
"TUR","Turquía","1999","Fondos de seguridad social","Porcentaje del total","18.51905"
"TUR","Turquía","1999","Gobierno municipal local","Porcentaje del total","14.09266"
"TUR","Turquía","1999","Gobierno nacional","Porcentaje del total","67.38829"
"TUR","Turquía","2000","Fondos de seguridad social","Porcentaje del total","18.73329"
"TUR","Turquía","2000","Gobierno municipal local","Porcentaje del total","8.88892"
"TUR","Turquía","2000","Gobierno nacional","Porcentaje del total","72.37779"
"TUR","Turquía","2001","Fondos de seguridad social","Porcentaje del total","21.53397"
"TUR","Turquía","2001","Gobierno municipal local","Porcentaje del total","8.75208"
"TUR","Turquía","2001","Gobierno nacional","Porcentaje del total","69.71395"
"TUR","Turquía","2002","Fondos de seguridad social","Porcentaje del total","19.78114"
"TUR","Turquía","2002","Gobierno municipal local","Porcentaje del total","6.51969"
"TUR","Turquía","2002","Gobierno nacional","Porcentaje del total","73.69917"
"TUR","Turquía","2003","Fondos de seguridad social","Porcentaje del total","20.80464"
"TUR","Turquía","2003","Gobierno municipal local","Porcentaje del total","5.86297"
"TUR","Turquía","2003","Gobierno nacional","Porcentaje del total","73.33239"
"TUR","Turquía","2004","Fondos de seguridad social","Porcentaje del total","23.88626"
"TUR","Turquía","2004","Gobierno municipal local","Porcentaje del total","7.02231"
"TUR","Turquía","2004","Gobierno nacional","Porcentaje del total","69.09143"
"TUR","Turquía","2005","Fondos de seguridad social","Porcentaje del total","22.43788"
"TUR","Turquía","2005","Gobierno municipal local","Porcentaje del total","7.62817"
"TUR","Turquía","2005","Gobierno nacional","Porcentaje del total","69.93396"
"TUR","Turquía","2006","Fondos de seguridad social","Porcentaje del total","22.37869"
"TUR","Turquía","2006","Gobierno municipal local","Porcentaje del total","8.29006"
"TUR","Turquía","2006","Gobierno nacional","Porcentaje del total","69.33125"
"TUR","Turquía","2007","Fondos de seguridad social","Porcentaje del total","21.69463"
"TUR","Turquía","2007","Gobierno municipal local","Porcentaje del total","8.43523"
"TUR","Turquía","2007","Gobierno nacional","Porcentaje del total","69.87014"
"TUR","Turquía","2008","Fondos de seguridad social","Porcentaje del total","25.03271"
"TUR","Turquía","2008","Gobierno municipal local","Porcentaje del total","8.69489"
"TUR","Turquía","2008","Gobierno nacional","Porcentaje del total","66.27240"
"TUR","Turquía","2009","Fondos de seguridad social","Porcentaje del total","24.54312"
"TUR","Turquía","2009","Gobierno municipal local","Porcentaje del total","8.78286"
"TUR","Turquía","2009","Gobierno nacional","Porcentaje del total","66.67402"
"TUR","Turquía","2010","Fondos de seguridad social","Porcentaje del total","24.90533"
"TUR","Turquía","2010","Gobierno municipal local","Porcentaje del total","9.31474"
"TUR","Turquía","2010","Gobierno nacional","Porcentaje del total","65.77993"
"TUR","Turquía","2011","Fondos de seguridad social","Porcentaje del total","27.87942"
"TUR","Turquía","2011","Gobierno municipal local","Porcentaje del total","8.80569"
"TUR","Turquía","2011","Gobierno nacional","Porcentaje del total","63.31489"
"TUR","Turquía","2012","Fondos de seguridad social","Porcentaje del total","27.17374"
"TUR","Turquía","2012","Gobierno municipal local","Porcentaje del total","8.92894"
"TUR","Turquía","2012","Gobierno nacional","Porcentaje del total","63.89731"
"TUR","Turquía","2013","Fondos de seguridad social","Porcentaje del total","27.44085"
"TUR","Turquía","2013","Gobierno municipal local","Porcentaje del total","8.75185"
"TUR","Turquía","2013","Gobierno nacional","Porcentaje del total","63.80730"
"TUR","Turquía","2014","Fondos de seguridad social","Porcentaje del total","28.53331"
"TUR","Turquía","2014","Gobierno municipal local","Porcentaje del total","9.44150"
"TUR","Turquía","2014","Gobierno nacional","Porcentaje del total","62.02518"
"TUR","Turquía","2015","Fondos de seguridad social","Porcentaje del total","29.02263"
"TUR","Turquía","2015","Gobierno municipal local","Porcentaje del total","9.63395"
"TUR","Turquía","2015","Gobierno nacional","Porcentaje del total","61.34342"
"TUR","Turquía","2016","Fondos de seguridad social","Porcentaje del total","28.82498"
"TUR","Turquía","2016","Gobierno municipal local","Porcentaje del total","9.69067"
"TUR","Turquía","2016","Gobierno nacional","Porcentaje del total","61.48435"
"TUR","Turquía","2017","Fondos de seguridad social","Porcentaje del total","29.31443"
"TUR","Turquía","2017","Gobierno municipal local","Porcentaje del total","9.50210"
"TUR","Turquía","2017","Gobierno nacional","Porcentaje del total","61.18347"
"TUR","Turquía","2018","Fondos de seguridad social","Porcentaje del total","29.94309"
"TUR","Turquía","2018","Gobierno municipal local","Porcentaje del total","9.59746"
"TUR","Turquía","2018","Gobierno nacional","Porcentaje del total","60.45945"
"TUR","Turquía","2019","Fondos de seguridad social","Porcentaje del total","31.35761"
"TUR","Turquía","2019","Gobierno municipal local","Porcentaje del total","9.18954"
"TUR","Turquía","2019","Gobierno nacional","Porcentaje del total","59.45284"
"TUR","Turquía","2020","Fondos de seguridad social","Porcentaje del total","29.69188"
"TUR","Turquía","2020","Gobierno municipal local","Porcentaje del total","9.40641"
"TUR","Turquía","2020","Gobierno nacional","Porcentaje del total","60.90170"
"TUR","Turquía","2021","Fondos de seguridad social","Porcentaje del total","28.93921"
"TUR","Turquía","2021","Gobierno municipal local","Porcentaje del total","9.47318"
"TUR","Turquía","2021","Gobierno nacional","Porcentaje del total","61.58761"
"TUR","Turquía","2022","Fondos de seguridad social","Porcentaje del total","24.41091"
"TUR","Turquía","2022","Gobierno municipal local","Porcentaje del total","9.73917"
"TUR","Turquía","2022","Gobierno nacional","Porcentaje del total","65.84991"
"TUR","Turquía","2023","Fondos de seguridad social","Porcentaje del total","26.47095"
"TUR","Turquía","2023","Gobierno municipal local","Porcentaje del total","9.03362"
"TUR","Turquía","2023","Gobierno nacional","Porcentaje del total","64.49542"
"TUR","Turquía","2024","Fondos de seguridad social","Porcentaje del total","29.10515"
"TUR","Turquía","2024","Gobierno municipal local","Porcentaje del total","8.72568"
"TUR","Turquía","2024","Gobierno nacional","Porcentaje del total","62.16917"
"TUN","Túnez","2000","Fondos de seguridad social","Porcentaje del total","21.55305"
"TUN","Túnez","2000","Gobierno nacional","Porcentaje del total","78.44695"
"TUN","Túnez","2001","Fondos de seguridad social","Porcentaje del total","21.55324"
"TUN","Túnez","2001","Gobierno nacional","Porcentaje del total","78.44676"
"TUN","Túnez","2002","Fondos de seguridad social","Porcentaje del total","22.30156"
"TUN","Túnez","2002","Gobierno nacional","Porcentaje del total","77.69844"
"TUN","Túnez","2003","Fondos de seguridad social","Porcentaje del total","23.10910"
"TUN","Túnez","2003","Gobierno nacional","Porcentaje del total","76.89090"
"TUN","Túnez","2004","Fondos de seguridad social","Porcentaje del total","23.08007"
"TUN","Túnez","2004","Gobierno nacional","Porcentaje del total","76.91993"
"TUN","Túnez","2005","Fondos de seguridad social","Porcentaje del total","22.73912"
"TUN","Túnez","2005","Gobierno nacional","Porcentaje del total","77.26088"
"TUN","Túnez","2006","Fondos de seguridad social","Porcentaje del total","24.62778"
"TUN","Túnez","2006","Gobierno nacional","Porcentaje del total","75.37222"
"TUN","Túnez","2007","Fondos de seguridad social","Porcentaje del total","24.78844"
"TUN","Túnez","2007","Gobierno nacional","Porcentaje del total","75.21156"
"TUN","Túnez","2008","Fondos de seguridad social","Porcentaje del total","24.05499"
"TUN","Túnez","2008","Gobierno nacional","Porcentaje del total","75.94501"
"TUN","Túnez","2009","Fondos de seguridad social","Porcentaje del total","26.10184"
"TUN","Túnez","2009","Gobierno nacional","Porcentaje del total","73.89816"
"TUN","Túnez","2010","Fondos de seguridad social","Porcentaje del total","27.00267"
"TUN","Túnez","2010","Gobierno nacional","Porcentaje del total","72.99733"
"TUN","Túnez","2011","Fondos de seguridad social","Porcentaje del total","27.72201"
"TUN","Túnez","2011","Gobierno nacional","Porcentaje del total","72.27799"
"TUN","Túnez","2012","Fondos de seguridad social","Porcentaje del total","28.51411"
"TUN","Túnez","2012","Gobierno nacional","Porcentaje del total","71.48589"
"TUN","Túnez","2013","Fondos de seguridad social","Porcentaje del total","29.02610"
"TUN","Túnez","2013","Gobierno nacional","Porcentaje del total","70.97390"
"TUN","Túnez","2014","Fondos de seguridad social","Porcentaje del total","27.53134"
"TUN","Túnez","2014","Gobierno nacional","Porcentaje del total","72.46866"
"TUN","Túnez","2015","Fondos de seguridad social","Porcentaje del total","29.47230"
"TUN","Túnez","2015","Gobierno nacional","Porcentaje del total","70.52770"
"TUN","Túnez","2016","Fondos de seguridad social","Porcentaje del total","31.64084"
"TUN","Túnez","2016","Gobierno nacional","Porcentaje del total","68.35916"
"TUN","Túnez","2017","Fondos de seguridad social","Porcentaje del total","31.05827"
"TUN","Túnez","2017","Gobierno nacional","Porcentaje del total","68.94173"
"TUN","Túnez","2018","Fondos de seguridad social","Porcentaje del total","29.05063"
"TUN","Túnez","2018","Gobierno nacional","Porcentaje del total","70.94937"
"TUN","Túnez","2019","Fondos de seguridad social","Porcentaje del total","28.31931"
"TUN","Túnez","2019","Gobierno nacional","Porcentaje del total","71.68069"
"TUN","Túnez","2020","Fondos de seguridad social","Porcentaje del total","30.85768"
"TUN","Túnez","2020","Gobierno nacional","Porcentaje del total","69.14232"
"TUN","Túnez","2021","Fondos de seguridad social","Porcentaje del total","29.67881"
"TUN","Túnez","2021","Gobierno nacional","Porcentaje del total","70.32119"
"TUN","Túnez","2022","Fondos de seguridad social","Porcentaje del total","27.53397"
"TUN","Túnez","2022","Gobierno nacional","Porcentaje del total","72.46603"
"TUN","Túnez","2023","Fondos de seguridad social","Porcentaje del total","27.12434"
"TUN","Túnez","2023","Gobierno nacional","Porcentaje del total","72.87566"
"UKR","Ucrania","2012","Fondos de seguridad social","Porcentaje del total","34.32265"
"UKR","Ucrania","2012","Gobierno municipal local","Porcentaje del total","13.48177"
"UKR","Ucrania","2012","Gobierno nacional","Porcentaje del total","52.19557"
"UKR","Ucrania","2012","Gobierno provincial o regional","Porcentaje del total","0.00000"
"UKR","Ucrania","2013","Fondos de seguridad social","Porcentaje del total","36.79176"
"UKR","Ucrania","2013","Gobierno municipal local","Porcentaje del total","14.80056"
"UKR","Ucrania","2013","Gobierno nacional","Porcentaje del total","48.40768"
"UKR","Ucrania","2013","Gobierno provincial o regional","Porcentaje del total","0.00000"
"UKR","Ucrania","2014","Fondos de seguridad social","Porcentaje del total","35.25646"
"UKR","Ucrania","2014","Gobierno municipal local","Porcentaje del total","14.12382"
"UKR","Ucrania","2014","Gobierno nacional","Porcentaje del total","50.61972"
"UKR","Ucrania","2014","Gobierno provincial o regional","Porcentaje del total","0.00000"
"UKR","Ucrania","2015","Fondos de seguridad social","Porcentaje del total","28.07348"
"UKR","Ucrania","2015","Gobierno municipal local","Porcentaje del total","14.56970"
"UKR","Ucrania","2015","Gobierno nacional","Porcentaje del total","57.35682"
"UKR","Ucrania","2015","Gobierno provincial o regional","Porcentaje del total","0.00000"
"UKR","Ucrania","2016","Fondos de seguridad social","Porcentaje del total","17.88469"
"UKR","Ucrania","2016","Gobierno municipal local","Porcentaje del total","19.40675"
"UKR","Ucrania","2016","Gobierno nacional","Porcentaje del total","62.70856"
"UKR","Ucrania","2016","Gobierno provincial o regional","Porcentaje del total","0.00000"
"UKR","Ucrania","2017","Fondos de seguridad social","Porcentaje del total","18.85318"
"UKR","Ucrania","2017","Gobierno municipal local","Porcentaje del total","19.51564"
"UKR","Ucrania","2017","Gobierno nacional","Porcentaje del total","61.63119"
"UKR","Ucrania","2017","Gobierno provincial o regional","Porcentaje del total","0.00000"
"UKR","Ucrania","2018","Fondos de seguridad social","Porcentaje del total","19.43328"
"UKR","Ucrania","2018","Gobierno municipal local","Porcentaje del total","19.20600"
"UKR","Ucrania","2018","Gobierno nacional","Porcentaje del total","61.36073"
"UKR","Ucrania","2018","Gobierno provincial o regional","Porcentaje del total","0.00000"
"UKR","Ucrania","2019","Fondos de seguridad social","Porcentaje del total","21.14138"
"UKR","Ucrania","2019","Gobierno municipal local","Porcentaje del total","20.59378"
"UKR","Ucrania","2019","Gobierno nacional","Porcentaje del total","58.26484"
"UKR","Ucrania","2019","Gobierno provincial o regional","Porcentaje del total","0.00000"
"UKR","Ucrania","2020","Fondos de seguridad social","Porcentaje del total","21.38784"
"UKR","Ucrania","2020","Gobierno municipal local","Porcentaje del total","20.49525"
"UKR","Ucrania","2020","Gobierno nacional","Porcentaje del total","58.11692"
"UKR","Ucrania","2020","Gobierno provincial o regional","Porcentaje del total","0.00000"
"UKR","Ucrania","2021","Fondos de seguridad social","Porcentaje del total","20.32818"
"UKR","Ucrania","2021","Gobierno municipal local","Porcentaje del total","19.76510"
"UKR","Ucrania","2021","Gobierno nacional","Porcentaje del total","59.90672"
"UKR","Ucrania","2021","Gobierno provincial o regional","Porcentaje del total","0.00000"
"UKR","Ucrania","2022","Fondos de seguridad social","Porcentaje del total","30.65917"
"UKR","Ucrania","2022","Gobierno municipal local","Porcentaje del total","21.39018"
"UKR","Ucrania","2022","Gobierno nacional","Porcentaje del total","47.95064"
"UKR","Ucrania","2022","Gobierno provincial o regional","Porcentaje del total","0.00000"
"UKR","Ucrania","2023","Fondos de seguridad social","Porcentaje del total","28.98207"
"UKR","Ucrania","2023","Gobierno municipal local","Porcentaje del total","19.39304"
"UKR","Ucrania","2023","Gobierno nacional","Porcentaje del total","51.62489"
"UKR","Ucrania","2023","Gobierno provincial o regional","Porcentaje del total","0.00000"
"UKR","Ucrania","2024","Fondos de seguridad social","Porcentaje del total","26.21725"
"UKR","Ucrania","2024","Gobierno municipal local","Porcentaje del total","15.82844"
"UKR","Ucrania","2024","Gobierno nacional","Porcentaje del total","57.95432"
"UKR","Ucrania","2024","Gobierno provincial o regional","Porcentaje del total","0.00000"
"UGA","Uganda","1992","Gobierno nacional","Porcentaje del total","100.00000"
"UGA","Uganda","1993","Gobierno nacional","Porcentaje del total","100.00000"
"UGA","Uganda","1994","Gobierno nacional","Porcentaje del total","100.00000"
"UGA","Uganda","1995","Gobierno nacional","Porcentaje del total","100.00000"
"UGA","Uganda","1996","Gobierno nacional","Porcentaje del total","100.00000"
"UGA","Uganda","1997","Gobierno nacional","Porcentaje del total","100.00000"
"UGA","Uganda","1998","Gobierno nacional","Porcentaje del total","100.00000"
"UGA","Uganda","1999","Gobierno nacional","Porcentaje del total","100.00000"
"UGA","Uganda","2000","Gobierno nacional","Porcentaje del total","100.00000"
"UGA","Uganda","2001","Gobierno nacional","Porcentaje del total","100.00000"
"UGA","Uganda","2002","Gobierno nacional","Porcentaje del total","100.00000"
"UGA","Uganda","2003","Gobierno nacional","Porcentaje del total","100.00000"
"UGA","Uganda","2004","Gobierno nacional","Porcentaje del total","100.00000"
"UGA","Uganda","2005","Gobierno nacional","Porcentaje del total","100.00000"
"UGA","Uganda","2006","Gobierno nacional","Porcentaje del total","100.00000"
"UGA","Uganda","2007","Gobierno nacional","Porcentaje del total","100.00000"
"UGA","Uganda","2008","Gobierno nacional","Porcentaje del total","100.00000"
"UGA","Uganda","2009","Gobierno nacional","Porcentaje del total","100.00000"
"UGA","Uganda","2010","Gobierno nacional","Porcentaje del total","100.00000"
"UGA","Uganda","2011","Gobierno nacional","Porcentaje del total","100.00000"
"UGA","Uganda","2012","Gobierno nacional","Porcentaje del total","100.00000"
"UGA","Uganda","2013","Gobierno nacional","Porcentaje del total","100.00000"
"UGA","Uganda","2014","Gobierno nacional","Porcentaje del total","100.00000"
"UGA","Uganda","2015","Gobierno nacional","Porcentaje del total","100.00000"
"UGA","Uganda","2016","Gobierno nacional","Porcentaje del total","100.00000"
"UGA","Uganda","2017","Gobierno nacional","Porcentaje del total","100.00000"
"UGA","Uganda","2018","Gobierno nacional","Porcentaje del total","100.00000"
"UGA","Uganda","2019","Gobierno nacional","Porcentaje del total","100.00000"
"UGA","Uganda","2020","Gobierno nacional","Porcentaje del total","100.00000"
"UGA","Uganda","2021","Gobierno nacional","Porcentaje del total","100.00000"
"UGA","Uganda","2022","Gobierno nacional","Porcentaje del total","100.00000"
"UGA","Uganda","2023","Gobierno nacional","Porcentaje del total","100.00000"
"UGA","Uganda","2024","Gobierno nacional","Porcentaje del total","100.00000"
"URY","Uruguay","1990","Fondos de seguridad social","Porcentaje del total","29.88578"
"URY","Uruguay","1990","Gobierno municipal local","Porcentaje del total","7.14148"
"URY","Uruguay","1990","Gobierno nacional","Porcentaje del total","62.97273"
"URY","Uruguay","1991","Fondos de seguridad social","Porcentaje del total","31.35558"
"URY","Uruguay","1991","Gobierno municipal local","Porcentaje del total","7.50878"
"URY","Uruguay","1991","Gobierno nacional","Porcentaje del total","61.13564"
"URY","Uruguay","1992","Fondos de seguridad social","Porcentaje del total","30.68016"
"URY","Uruguay","1992","Gobierno municipal local","Porcentaje del total","7.60309"
"URY","Uruguay","1992","Gobierno nacional","Porcentaje del total","61.71675"
"URY","Uruguay","1993","Fondos de seguridad social","Porcentaje del total","30.13880"
"URY","Uruguay","1993","Gobierno municipal local","Porcentaje del total","8.01854"
"URY","Uruguay","1993","Gobierno nacional","Porcentaje del total","61.84266"
"URY","Uruguay","1994","Fondos de seguridad social","Porcentaje del total","29.97838"
"URY","Uruguay","1994","Gobierno municipal local","Porcentaje del total","7.95428"
"URY","Uruguay","1994","Gobierno nacional","Porcentaje del total","62.06734"
"URY","Uruguay","1995","Fondos de seguridad social","Porcentaje del total","29.53250"
"URY","Uruguay","1995","Gobierno municipal local","Porcentaje del total","8.76488"
"URY","Uruguay","1995","Gobierno nacional","Porcentaje del total","61.70262"
"URY","Uruguay","1996","Fondos de seguridad social","Porcentaje del total","28.25925"
"URY","Uruguay","1996","Gobierno municipal local","Porcentaje del total","9.32848"
"URY","Uruguay","1996","Gobierno nacional","Porcentaje del total","62.41228"
"URY","Uruguay","1997","Fondos de seguridad social","Porcentaje del total","27.31208"
"URY","Uruguay","1997","Gobierno municipal local","Porcentaje del total","8.84592"
"URY","Uruguay","1997","Gobierno nacional","Porcentaje del total","63.84201"
"URY","Uruguay","1998","Fondos de seguridad social","Porcentaje del total","27.56516"
"URY","Uruguay","1998","Gobierno municipal local","Porcentaje del total","8.69801"
"URY","Uruguay","1998","Gobierno nacional","Porcentaje del total","63.73684"
"URY","Uruguay","1999","Fondos de seguridad social","Porcentaje del total","27.62016"
"URY","Uruguay","1999","Gobierno municipal local","Porcentaje del total","8.51832"
"URY","Uruguay","1999","Gobierno nacional","Porcentaje del total","63.86152"
"URY","Uruguay","2000","Fondos de seguridad social","Porcentaje del total","27.54420"
"URY","Uruguay","2000","Gobierno municipal local","Porcentaje del total","8.88887"
"URY","Uruguay","2000","Gobierno nacional","Porcentaje del total","63.56693"
"URY","Uruguay","2001","Fondos de seguridad social","Porcentaje del total","25.90900"
"URY","Uruguay","2001","Gobierno municipal local","Porcentaje del total","9.10105"
"URY","Uruguay","2001","Gobierno nacional","Porcentaje del total","64.98995"
"URY","Uruguay","2002","Fondos de seguridad social","Porcentaje del total","22.82721"
"URY","Uruguay","2002","Gobierno municipal local","Porcentaje del total","8.47367"
"URY","Uruguay","2002","Gobierno nacional","Porcentaje del total","68.69911"
"URY","Uruguay","2003","Fondos de seguridad social","Porcentaje del total","18.69218"
"URY","Uruguay","2003","Gobierno municipal local","Porcentaje del total","8.58332"
"URY","Uruguay","2003","Gobierno nacional","Porcentaje del total","72.72450"
"URY","Uruguay","2004","Fondos de seguridad social","Porcentaje del total","18.20103"
"URY","Uruguay","2004","Gobierno municipal local","Porcentaje del total","8.19065"
"URY","Uruguay","2004","Gobierno nacional","Porcentaje del total","73.60832"
"URY","Uruguay","2005","Fondos de seguridad social","Porcentaje del total","20.16417"
"URY","Uruguay","2005","Gobierno municipal local","Porcentaje del total","8.09988"
"URY","Uruguay","2005","Gobierno nacional","Porcentaje del total","71.73595"
"URY","Uruguay","2006","Fondos de seguridad social","Porcentaje del total","20.29272"
"URY","Uruguay","2006","Gobierno municipal local","Porcentaje del total","6.90270"
"URY","Uruguay","2006","Gobierno nacional","Porcentaje del total","72.80457"
"URY","Uruguay","2007","Fondos de seguridad social","Porcentaje del total","20.18321"
"URY","Uruguay","2007","Gobierno municipal local","Porcentaje del total","6.57557"
"URY","Uruguay","2007","Gobierno nacional","Porcentaje del total","73.24122"
"URY","Uruguay","2008","Fondos de seguridad social","Porcentaje del total","20.84167"
"URY","Uruguay","2008","Gobierno municipal local","Porcentaje del total","6.17039"
"URY","Uruguay","2008","Gobierno nacional","Porcentaje del total","72.98794"
"URY","Uruguay","2009","Fondos de seguridad social","Porcentaje del total","23.08863"
"URY","Uruguay","2009","Gobierno municipal local","Porcentaje del total","5.80705"
"URY","Uruguay","2009","Gobierno nacional","Porcentaje del total","71.10432"
"URY","Uruguay","2010","Fondos de seguridad social","Porcentaje del total","23.36309"
"URY","Uruguay","2010","Gobierno municipal local","Porcentaje del total","5.57822"
"URY","Uruguay","2010","Gobierno nacional","Porcentaje del total","71.05870"
"URY","Uruguay","2011","Fondos de seguridad social","Porcentaje del total","24.21416"
"URY","Uruguay","2011","Gobierno municipal local","Porcentaje del total","5.27711"
"URY","Uruguay","2011","Gobierno nacional","Porcentaje del total","70.50873"
"URY","Uruguay","2012","Fondos de seguridad social","Porcentaje del total","25.81861"
"URY","Uruguay","2012","Gobierno municipal local","Porcentaje del total","4.98439"
"URY","Uruguay","2012","Gobierno nacional","Porcentaje del total","69.19700"
"URY","Uruguay","2013","Fondos de seguridad social","Porcentaje del total","26.50284"
"URY","Uruguay","2013","Gobierno municipal local","Porcentaje del total","5.04736"
"URY","Uruguay","2013","Gobierno nacional","Porcentaje del total","68.44980"
"URY","Uruguay","2014","Fondos de seguridad social","Porcentaje del total","27.66611"
"URY","Uruguay","2014","Gobierno municipal local","Porcentaje del total","5.03746"
"URY","Uruguay","2014","Gobierno nacional","Porcentaje del total","67.29643"
"URY","Uruguay","2015","Fondos de seguridad social","Porcentaje del total","27.43885"
"URY","Uruguay","2015","Gobierno municipal local","Porcentaje del total","5.21545"
"URY","Uruguay","2015","Gobierno nacional","Porcentaje del total","67.34570"
"URY","Uruguay","2016","Fondos de seguridad social","Porcentaje del total","26.95361"
"URY","Uruguay","2016","Gobierno municipal local","Porcentaje del total","5.60275"
"URY","Uruguay","2016","Gobierno nacional","Porcentaje del total","67.44364"
"URY","Uruguay","2017","Fondos de seguridad social","Porcentaje del total","26.58009"
"URY","Uruguay","2017","Gobierno municipal local","Porcentaje del total","5.51586"
"URY","Uruguay","2017","Gobierno nacional","Porcentaje del total","67.90405"
"URY","Uruguay","2018","Fondos de seguridad social","Porcentaje del total","26.10968"
"URY","Uruguay","2018","Gobierno municipal local","Porcentaje del total","5.62869"
"URY","Uruguay","2018","Gobierno nacional","Porcentaje del total","68.26163"
"URY","Uruguay","2019","Fondos de seguridad social","Porcentaje del total","26.45443"
"URY","Uruguay","2019","Gobierno municipal local","Porcentaje del total","5.65443"
"URY","Uruguay","2019","Gobierno nacional","Porcentaje del total","67.89114"
"URY","Uruguay","2020","Fondos de seguridad social","Porcentaje del total","25.09315"
"URY","Uruguay","2020","Gobierno municipal local","Porcentaje del total","5.68041"
"URY","Uruguay","2020","Gobierno nacional","Porcentaje del total","69.22644"
"URY","Uruguay","2021","Fondos de seguridad social","Porcentaje del total","24.27943"
"URY","Uruguay","2021","Gobierno municipal local","Porcentaje del total","5.68644"
"URY","Uruguay","2021","Gobierno nacional","Porcentaje del total","70.03413"
"URY","Uruguay","2022","Fondos de seguridad social","Porcentaje del total","25.17693"
"URY","Uruguay","2022","Gobierno municipal local","Porcentaje del total","5.78813"
"URY","Uruguay","2022","Gobierno nacional","Porcentaje del total","69.03495"
"URY","Uruguay","2023","Fondos de seguridad social","Porcentaje del total","26.52031"
"URY","Uruguay","2023","Gobierno municipal local","Porcentaje del total","6.01406"
"URY","Uruguay","2023","Gobierno nacional","Porcentaje del total","67.46563"
"URY","Uruguay","2024","Fondos de seguridad social","Porcentaje del total","27.13691"
"URY","Uruguay","2024","Gobierno municipal local","Porcentaje del total","5.87330"
"URY","Uruguay","2024","Gobierno nacional","Porcentaje del total","66.98979"
"VUT","Vanuatu","2000","Gobierno nacional","Porcentaje del total","100.00000"
"VUT","Vanuatu","2001","Gobierno nacional","Porcentaje del total","100.00000"
"VUT","Vanuatu","2002","Gobierno nacional","Porcentaje del total","100.00000"
"VUT","Vanuatu","2003","Gobierno nacional","Porcentaje del total","100.00000"
"VUT","Vanuatu","2004","Gobierno nacional","Porcentaje del total","100.00000"
"VUT","Vanuatu","2005","Gobierno nacional","Porcentaje del total","100.00000"
"VUT","Vanuatu","2006","Gobierno nacional","Porcentaje del total","100.00000"
"VUT","Vanuatu","2007","Gobierno nacional","Porcentaje del total","100.00000"
"VUT","Vanuatu","2008","Gobierno nacional","Porcentaje del total","100.00000"
"VUT","Vanuatu","2009","Gobierno nacional","Porcentaje del total","100.00000"
"VUT","Vanuatu","2010","Gobierno nacional","Porcentaje del total","100.00000"
"VUT","Vanuatu","2011","Gobierno nacional","Porcentaje del total","100.00000"
"VUT","Vanuatu","2012","Gobierno nacional","Porcentaje del total","100.00000"
"VUT","Vanuatu","2013","Gobierno nacional","Porcentaje del total","100.00000"
"VUT","Vanuatu","2014","Gobierno nacional","Porcentaje del total","100.00000"
"VUT","Vanuatu","2015","Gobierno nacional","Porcentaje del total","100.00000"
"VUT","Vanuatu","2016","Gobierno nacional","Porcentaje del total","100.00000"
"VUT","Vanuatu","2017","Gobierno nacional","Porcentaje del total","100.00000"
"VUT","Vanuatu","2018","Gobierno nacional","Porcentaje del total","100.00000"
"VUT","Vanuatu","2019","Gobierno nacional","Porcentaje del total","100.00000"
"VUT","Vanuatu","2020","Gobierno nacional","Porcentaje del total","100.00000"
"VUT","Vanuatu","2021","Gobierno nacional","Porcentaje del total","100.00000"
"VUT","Vanuatu","2022","Gobierno nacional","Porcentaje del total","100.00000"
"VUT","Vanuatu","2023","Gobierno nacional","Porcentaje del total","100.00000"
"VEN","Venezuela","1990","Fondos de seguridad social","Porcentaje del total","4.91245"
"VEN","Venezuela","1990","Gobierno nacional","Porcentaje del total","95.08755"
"VEN","Venezuela","1991","Fondos de seguridad social","Porcentaje del total","4.29161"
"VEN","Venezuela","1991","Gobierno nacional","Porcentaje del total","95.70839"
"VEN","Venezuela","1992","Fondos de seguridad social","Porcentaje del total","6.47232"
"VEN","Venezuela","1992","Gobierno nacional","Porcentaje del total","93.52768"
"VEN","Venezuela","1993","Fondos de seguridad social","Porcentaje del total","5.64006"
"VEN","Venezuela","1993","Gobierno nacional","Porcentaje del total","94.35994"
"VEN","Venezuela","1994","Fondos de seguridad social","Porcentaje del total","7.04383"
"VEN","Venezuela","1994","Gobierno nacional","Porcentaje del total","92.95617"
"VEN","Venezuela","1995","Fondos de seguridad social","Porcentaje del total","5.39154"
"VEN","Venezuela","1995","Gobierno nacional","Porcentaje del total","94.60846"
"VEN","Venezuela","1996","Fondos de seguridad social","Porcentaje del total","2.34230"
"VEN","Venezuela","1996","Gobierno nacional","Porcentaje del total","97.65770"
"VEN","Venezuela","1997","Fondos de seguridad social","Porcentaje del total","2.16216"
"VEN","Venezuela","1997","Gobierno nacional","Porcentaje del total","97.83784"
"VEN","Venezuela","1998","Fondos de seguridad social","Porcentaje del total","5.74784"
"VEN","Venezuela","1998","Gobierno nacional","Porcentaje del total","94.25216"
"VEN","Venezuela","1999","Fondos de seguridad social","Porcentaje del total","5.84931"
"VEN","Venezuela","1999","Gobierno nacional","Porcentaje del total","94.15069"
"VEN","Venezuela","2000","Fondos de seguridad social","Porcentaje del total","5.44746"
"VEN","Venezuela","2000","Gobierno nacional","Porcentaje del total","94.55254"
"VEN","Venezuela","2001","Fondos de seguridad social","Porcentaje del total","6.23456"
"VEN","Venezuela","2001","Gobierno nacional","Porcentaje del total","93.76544"
"VEN","Venezuela","2002","Fondos de seguridad social","Porcentaje del total","5.37292"
"VEN","Venezuela","2002","Gobierno nacional","Porcentaje del total","94.62708"
"VEN","Venezuela","2003","Fondos de seguridad social","Porcentaje del total","4.99925"
"VEN","Venezuela","2003","Gobierno nacional","Porcentaje del total","95.00075"
"VEN","Venezuela","2004","Fondos de seguridad social","Porcentaje del total","4.70152"
"VEN","Venezuela","2004","Gobierno nacional","Porcentaje del total","95.29848"
"VEN","Venezuela","2005","Fondos de seguridad social","Porcentaje del total","3.91426"
"VEN","Venezuela","2005","Gobierno nacional","Porcentaje del total","96.08574"
"VEN","Venezuela","2006","Fondos de seguridad social","Porcentaje del total","4.25760"
"VEN","Venezuela","2006","Gobierno nacional","Porcentaje del total","95.74240"
"VEN","Venezuela","2007","Fondos de seguridad social","Porcentaje del total","5.03197"
"VEN","Venezuela","2007","Gobierno nacional","Porcentaje del total","94.96803"
"VEN","Venezuela","2008","Fondos de seguridad social","Porcentaje del total","5.27407"
"VEN","Venezuela","2008","Gobierno nacional","Porcentaje del total","94.72593"
"VEN","Venezuela","2009","Fondos de seguridad social","Porcentaje del total","6.70537"
"VEN","Venezuela","2009","Gobierno nacional","Porcentaje del total","93.29463"
"VEN","Venezuela","2010","Fondos de seguridad social","Porcentaje del total","8.06932"
"VEN","Venezuela","2010","Gobierno nacional","Porcentaje del total","91.93068"
"VEN","Venezuela","2011","Fondos de seguridad social","Porcentaje del total","7.08661"
"VEN","Venezuela","2011","Gobierno nacional","Porcentaje del total","92.91339"
"VEN","Venezuela","2012","Fondos de seguridad social","Porcentaje del total","6.75228"
"VEN","Venezuela","2012","Gobierno nacional","Porcentaje del total","93.24772"
"VEN","Venezuela","2013","Fondos de seguridad social","Porcentaje del total","6.61289"
"VEN","Venezuela","2013","Gobierno nacional","Porcentaje del total","93.38711"
"VEN","Venezuela","2014","Gobierno nacional","Porcentaje del total","100.00000"
"VEN","Venezuela","2015","Gobierno nacional","Porcentaje del total","100.00000"
"VNM","Vietnam","2003","Gobierno nacional","Porcentaje del total","100.00000"
"VNM","Vietnam","2004","Gobierno nacional","Porcentaje del total","100.00000"
"VNM","Vietnam","2005","Gobierno nacional","Porcentaje del total","100.00000"
"VNM","Vietnam","2006","Gobierno nacional","Porcentaje del total","100.00000"
"VNM","Vietnam","2007","Gobierno nacional","Porcentaje del total","100.00000"
"VNM","Vietnam","2008","Gobierno nacional","Porcentaje del total","100.00000"
"VNM","Vietnam","2009","Gobierno nacional","Porcentaje del total","100.00000"
"VNM","Vietnam","2010","Fondos de seguridad social","Porcentaje del total","14.78777"
"VNM","Vietnam","2010","Gobierno nacional","Porcentaje del total","85.21223"
"VNM","Vietnam","2011","Fondos de seguridad social","Porcentaje del total","14.84283"
"VNM","Vietnam","2011","Gobierno nacional","Porcentaje del total","85.15717"
"VNM","Vietnam","2012","Fondos de seguridad social","Porcentaje del total","21.22589"
"VNM","Vietnam","2012","Gobierno nacional","Porcentaje del total","78.77411"
"VNM","Vietnam","2013","Fondos de seguridad social","Porcentaje del total","22.26102"
"VNM","Vietnam","2013","Gobierno nacional","Porcentaje del total","77.73898"
"VNM","Vietnam","2014","Fondos de seguridad social","Porcentaje del total","22.58831"
"VNM","Vietnam","2014","Gobierno nacional","Porcentaje del total","77.41169"
"VNM","Vietnam","2015","Fondos de seguridad social","Porcentaje del total","23.08693"
"VNM","Vietnam","2015","Gobierno nacional","Porcentaje del total","76.91307"
"VNM","Vietnam","2016","Fondos de seguridad social","Porcentaje del total","24.76118"
"VNM","Vietnam","2016","Gobierno nacional","Porcentaje del total","75.23882"
"VNM","Vietnam","2017","Fondos de seguridad social","Porcentaje del total","25.09672"
"VNM","Vietnam","2017","Gobierno nacional","Porcentaje del total","74.90328"
"VNM","Vietnam","2018","Fondos de seguridad social","Porcentaje del total","25.79362"
"VNM","Vietnam","2018","Gobierno nacional","Porcentaje del total","74.20638"
"VNM","Vietnam","2019","Fondos de seguridad social","Porcentaje del total","27.89841"
"VNM","Vietnam","2019","Gobierno nacional","Porcentaje del total","72.10159"
"VNM","Vietnam","2020","Fondos de seguridad social","Porcentaje del total","30.46913"
"VNM","Vietnam","2020","Gobierno nacional","Porcentaje del total","69.53087"
"VNM","Vietnam","2021","Fondos de seguridad social","Porcentaje del total","27.95918"
"VNM","Vietnam","2021","Gobierno nacional","Porcentaje del total","72.04082"
"VNM","Vietnam","2022","Fondos de seguridad social","Porcentaje del total","28.69379"
"VNM","Vietnam","2022","Gobierno nacional","Porcentaje del total","71.30621"
"VNM","Vietnam","2023","Fondos de seguridad social","Porcentaje del total","29.91659"
"VNM","Vietnam","2023","Gobierno nacional","Porcentaje del total","70.08341"
"ZMB","Zambia","2012","Fondos de seguridad social","Porcentaje del total","0.00000"
"ZMB","Zambia","2012","Gobierno nacional","Porcentaje del total","100.00000"
"ZMB","Zambia","2013","Fondos de seguridad social","Porcentaje del total","0.00000"
"ZMB","Zambia","2013","Gobierno nacional","Porcentaje del total","100.00000"
"ZMB","Zambia","2014","Fondos de seguridad social","Porcentaje del total","0.00000"
"ZMB","Zambia","2014","Gobierno nacional","Porcentaje del total","100.00000"
"ZMB","Zambia","2015","Fondos de seguridad social","Porcentaje del total","0.00000"
"ZMB","Zambia","2015","Gobierno nacional","Porcentaje del total","100.00000"
"ZMB","Zambia","2016","Fondos de seguridad social","Porcentaje del total","0.00000"
"ZMB","Zambia","2016","Gobierno nacional","Porcentaje del total","100.00000"
"ZMB","Zambia","2017","Fondos de seguridad social","Porcentaje del total","0.00000"
"ZMB","Zambia","2017","Gobierno nacional","Porcentaje del total","100.00000"
"ZMB","Zambia","2018","Fondos de seguridad social","Porcentaje del total","0.00000"
"ZMB","Zambia","2018","Gobierno nacional","Porcentaje del total","100.00000"
"ZMB","Zambia","2019","Fondos de seguridad social","Porcentaje del total","0.00000"
"ZMB","Zambia","2019","Gobierno nacional","Porcentaje del total","100.00000"
"ZMB","Zambia","2020","Fondos de seguridad social","Porcentaje del total","0.00000"
"ZMB","Zambia","2020","Gobierno nacional","Porcentaje del total","100.00000"
"ZMB","Zambia","2021","Fondos de seguridad social","Porcentaje del total","0.00000"
"ZMB","Zambia","2021","Gobierno nacional","Porcentaje del total","100.00000"
"ZMB","Zambia","2022","Fondos de seguridad social","Porcentaje del total","0.00000"
"ZMB","Zambia","2022","Gobierno nacional","Porcentaje del total","100.00000"
"ZMB","Zambia","2023","Gobierno nacional","Porcentaje del total","100.00000"
"ZMB","Zambia","2024","Gobierno nacional","Porcentaje del total","100.00000"
