decil,variable,valor
1,EPH,1.904
1,ajustados,1.719
2,EPH,3.4230001
2,ajustados,2.7880001
3,EPH,4.4840002
3,ajustados,3.5710001
4,EPH,5.5890002
4,ajustados,4.3540001
5,EPH,6.7839999
5,ajustados,5.191
6,EPH,8.1669998
6,ajustados,6.388
7,EPH,9.9720001
7,ajustados,7.9879999
8,EPH,12.353
8,ajustados,10.282
9,EPH,16.330999
9,ajustados,14.5
10,EPH,30.983
10,ajustados,42.882999
