"cohorte","indicadormovilidad"
"1940-1949","0.49800"
"1950-1959","0.53200"
"1960-1969","0.57900"
"1970-1979","0.59800"
"1980-1989","0.67100"
